[    0.002s] run_start    run_id=t3_baseline_20260929-235720 utc=2026-09-30T06:57:20.868800+00:00 git_commit=unknown python=3.12.10 argv=task3_gan\zoheb_waghu\src\train.py --config task3_gan\zoheb_waghu\configs\cyclegan_baseline.yaml hardware={'device': 'cuda', 'torch': '2.5.1+cu124', 'platform': 'Windows-11-10.0.26200-SP0', 'processor': 'AMD64 Family 25 Model 97 Stepping 2, AuthenticAMD', 'gpu_name': 'NVIDIA GeForce RTX 4090', 'gpu_mem_gb': '25.8'}
[   14.012s] setup        n_a=300 n_b=7038 steps_per_epoch=7038 total_epochs=40 param_count=28285832 g_params=22756358
[   19.058s] step         step=50 epoch=0 lr=0.0002 g_loss=10.26771 d_loss=0.83398 cycle_loss=0.60242 identity_loss=0.60944 grad_norm=51.78558
[   22.921s] step         step=100 epoch=0 lr=0.0002 g_loss=7.01801 d_loss=0.99485 cycle_loss=0.43139 identity_loss=0.40723 grad_norm=30.20508
[   26.808s] step         step=150 epoch=0 lr=0.0002 g_loss=9.23861 d_loss=0.43145 cycle_loss=0.57711 identity_loss=0.5303 grad_norm=53.22527
[   30.914s] step         step=200 epoch=0 lr=0.0002 g_loss=9.05352 d_loss=0.60822 cycle_loss=0.56765 identity_loss=0.53428 grad_norm=45.63155
[   34.840s] step         step=250 epoch=0 lr=0.0002 g_loss=8.40031 d_loss=0.66104 cycle_loss=0.50482 identity_loss=0.4588 grad_norm=97.38918
[   38.789s] step         step=300 epoch=0 lr=0.0002 g_loss=7.66662 d_loss=0.42799 cycle_loss=0.47508 identity_loss=0.42538 grad_norm=47.64595
[   42.783s] step         step=350 epoch=0 lr=0.0002 g_loss=8.56337 d_loss=0.43343 cycle_loss=0.52281 identity_loss=0.50696 grad_norm=49.31937
[   46.681s] step         step=400 epoch=0 lr=0.0002 g_loss=6.69374 d_loss=0.57725 cycle_loss=0.38269 identity_loss=0.38416 grad_norm=40.20792
[   50.524s] step         step=450 epoch=0 lr=0.0002 g_loss=9.67333 d_loss=0.57642 cycle_loss=0.60697 identity_loss=0.59017 grad_norm=41.42568
[   54.399s] step         step=500 epoch=0 lr=0.0002 g_loss=6.08379 d_loss=0.50123 cycle_loss=0.37865 identity_loss=0.3305 grad_norm=36.78589
[   58.269s] step         step=550 epoch=0 lr=0.0002 g_loss=7.22496 d_loss=0.45685 cycle_loss=0.45721 identity_loss=0.3902 grad_norm=38.64605
[   62.110s] step         step=600 epoch=0 lr=0.0002 g_loss=8.04437 d_loss=0.50406 cycle_loss=0.48392 identity_loss=0.41468 grad_norm=106.50486
[   65.966s] step         step=650 epoch=0 lr=0.0002 g_loss=9.25324 d_loss=0.71059 cycle_loss=0.56951 identity_loss=0.57345 grad_norm=41.41338
[   69.758s] step         step=700 epoch=0 lr=0.0002 g_loss=7.5699 d_loss=0.79617 cycle_loss=0.45103 identity_loss=0.41247 grad_norm=32.06641
[   73.520s] step         step=750 epoch=0 lr=0.0002 g_loss=8.88035 d_loss=0.46468 cycle_loss=0.51905 identity_loss=0.5895 grad_norm=42.85413
[   77.290s] step         step=800 epoch=0 lr=0.0002 g_loss=7.35179 d_loss=0.56362 cycle_loss=0.4627 identity_loss=0.43262 grad_norm=39.68358
[   81.075s] step         step=850 epoch=0 lr=0.0002 g_loss=11.12703 d_loss=0.4461 cycle_loss=0.6983 identity_loss=0.62392 grad_norm=70.87566
[   84.938s] step         step=900 epoch=0 lr=0.0002 g_loss=7.36383 d_loss=0.5215 cycle_loss=0.45787 identity_loss=0.38835 grad_norm=43.66043
[   88.724s] step         step=950 epoch=0 lr=0.0002 g_loss=7.77617 d_loss=0.49648 cycle_loss=0.47245 identity_loss=0.42381 grad_norm=49.29155
[   92.517s] step         step=1000 epoch=0 lr=0.0002 g_loss=9.13647 d_loss=0.32732 cycle_loss=0.55177 identity_loss=0.50441 grad_norm=40.82896
[   96.312s] step         step=1050 epoch=0 lr=0.0002 g_loss=6.22447 d_loss=0.82319 cycle_loss=0.32205 identity_loss=0.2975 grad_norm=33.54707
[  100.088s] step         step=1100 epoch=0 lr=0.0002 g_loss=7.18697 d_loss=0.70158 cycle_loss=0.44208 identity_loss=0.37032 grad_norm=32.72758
[  103.866s] step         step=1150 epoch=0 lr=0.0002 g_loss=9.1537 d_loss=0.41697 cycle_loss=0.5905 identity_loss=0.49074 grad_norm=52.24755
[  107.814s] step         step=1200 epoch=0 lr=0.0002 g_loss=6.70294 d_loss=0.43025 cycle_loss=0.43879 identity_loss=0.35284 grad_norm=46.49453
[  111.669s] step         step=1250 epoch=0 lr=0.0002 g_loss=9.14946 d_loss=0.31492 cycle_loss=0.55804 identity_loss=0.57416 grad_norm=62.33543
[  115.487s] step         step=1300 epoch=0 lr=0.0002 g_loss=6.78635 d_loss=0.48646 cycle_loss=0.43781 identity_loss=0.3659 grad_norm=36.86569
[  119.291s] step         step=1350 epoch=0 lr=0.0002 g_loss=8.79332 d_loss=0.37742 cycle_loss=0.54071 identity_loss=0.46312 grad_norm=42.4191
[  123.066s] step         step=1400 epoch=0 lr=0.0002 g_loss=8.55375 d_loss=0.38613 cycle_loss=0.56055 identity_loss=0.53577 grad_norm=43.49031
[  126.846s] step         step=1450 epoch=0 lr=0.0002 g_loss=7.42259 d_loss=0.72434 cycle_loss=0.44154 identity_loss=0.4126 grad_norm=31.86843
[  130.616s] step         step=1500 epoch=0 lr=0.0002 g_loss=7.04741 d_loss=0.48678 cycle_loss=0.42986 identity_loss=0.43958 grad_norm=42.56751
[  134.414s] step         step=1550 epoch=0 lr=0.0002 g_loss=6.41511 d_loss=0.44619 cycle_loss=0.41494 identity_loss=0.3153 grad_norm=25.60428
[  138.193s] step         step=1600 epoch=0 lr=0.0002 g_loss=8.51105 d_loss=0.28168 cycle_loss=0.52558 identity_loss=0.48188 grad_norm=46.33842
[  141.983s] step         step=1650 epoch=0 lr=0.0002 g_loss=12.90171 d_loss=0.25156 cycle_loss=0.85748 identity_loss=0.68185 grad_norm=54.424
[  145.761s] step         step=1700 epoch=0 lr=0.0002 g_loss=7.51951 d_loss=0.35907 cycle_loss=0.45942 identity_loss=0.47138 grad_norm=31.53476
[  149.553s] step         step=1750 epoch=0 lr=0.0002 g_loss=6.65922 d_loss=0.47986 cycle_loss=0.37595 identity_loss=0.43581 grad_norm=38.09549
[  153.355s] step         step=1800 epoch=0 lr=0.0002 g_loss=16.68681 d_loss=0.64272 cycle_loss=1.00885 identity_loss=0.81281 grad_norm=42.22683
[  157.136s] step         step=1850 epoch=0 lr=0.0002 g_loss=9.00313 d_loss=0.31797 cycle_loss=0.5214 identity_loss=0.53311 grad_norm=53.05062
[  161.018s] step         step=1900 epoch=0 lr=0.0002 g_loss=5.28983 d_loss=0.61704 cycle_loss=0.30606 identity_loss=0.24476 grad_norm=28.8839
[  164.938s] step         step=1950 epoch=0 lr=0.0002 g_loss=11.43009 d_loss=0.24695 cycle_loss=0.73354 identity_loss=0.63988 grad_norm=51.38749
[  168.858s] step         step=2000 epoch=0 lr=0.0002 g_loss=6.61629 d_loss=0.25737 cycle_loss=0.38635 identity_loss=0.37301 grad_norm=32.32802
[  172.716s] step         step=2050 epoch=0 lr=0.0002 g_loss=8.45727 d_loss=0.30175 cycle_loss=0.4886 identity_loss=0.50127 grad_norm=39.25754
[  176.549s] step         step=2100 epoch=0 lr=0.0002 g_loss=5.94774 d_loss=0.5025 cycle_loss=0.36595 identity_loss=0.33276 grad_norm=39.01217
[  180.393s] step         step=2150 epoch=0 lr=0.0002 g_loss=7.0152 d_loss=0.33768 cycle_loss=0.40679 identity_loss=0.3964 grad_norm=27.97837
[  184.216s] step         step=2200 epoch=0 lr=0.0002 g_loss=6.74625 d_loss=0.35485 cycle_loss=0.39759 identity_loss=0.35135 grad_norm=45.54078
[  188.066s] step         step=2250 epoch=0 lr=0.0002 g_loss=5.98017 d_loss=0.44507 cycle_loss=0.36402 identity_loss=0.34528 grad_norm=40.96252
[  191.977s] step         step=2300 epoch=0 lr=0.0002 g_loss=7.34881 d_loss=0.46591 cycle_loss=0.43356 identity_loss=0.43938 grad_norm=36.93892
[  195.869s] step         step=2350 epoch=0 lr=0.0002 g_loss=7.74398 d_loss=0.3041 cycle_loss=0.45529 identity_loss=0.42709 grad_norm=41.73488
[  199.759s] step         step=2400 epoch=0 lr=0.0002 g_loss=7.78481 d_loss=0.38285 cycle_loss=0.42575 identity_loss=0.39757 grad_norm=48.63779
[  203.650s] step         step=2450 epoch=0 lr=0.0002 g_loss=6.7588 d_loss=0.51414 cycle_loss=0.41029 identity_loss=0.4094 grad_norm=35.77363
[  207.525s] step         step=2500 epoch=0 lr=0.0002 g_loss=9.33382 d_loss=0.13753 cycle_loss=0.56095 identity_loss=0.57294 grad_norm=38.21185
[  211.353s] step         step=2550 epoch=0 lr=0.0002 g_loss=6.15604 d_loss=0.32177 cycle_loss=0.36994 identity_loss=0.35072 grad_norm=30.85751
[  215.146s] step         step=2600 epoch=0 lr=0.0002 g_loss=6.66884 d_loss=0.7267 cycle_loss=0.37509 identity_loss=0.29509 grad_norm=42.19431
[  218.911s] step         step=2650 epoch=0 lr=0.0002 g_loss=5.84155 d_loss=0.33264 cycle_loss=0.30925 identity_loss=0.29603 grad_norm=23.72334
[  222.719s] step         step=2700 epoch=0 lr=0.0002 g_loss=7.37502 d_loss=0.39627 cycle_loss=0.47383 identity_loss=0.46125 grad_norm=33.31807
[  226.549s] step         step=2750 epoch=0 lr=0.0002 g_loss=7.34873 d_loss=0.61172 cycle_loss=0.49816 identity_loss=0.38077 grad_norm=53.8612
[  230.648s] step         step=2800 epoch=0 lr=0.0002 g_loss=5.91279 d_loss=0.66109 cycle_loss=0.35703 identity_loss=0.34199 grad_norm=30.14817
[  234.695s] step         step=2850 epoch=0 lr=0.0002 g_loss=5.53745 d_loss=0.46864 cycle_loss=0.3101 identity_loss=0.29728 grad_norm=37.04688
[  238.732s] step         step=2900 epoch=0 lr=0.0002 g_loss=9.99219 d_loss=0.38672 cycle_loss=0.62177 identity_loss=0.53487 grad_norm=46.02219
[  243.428s] step         step=2950 epoch=0 lr=0.0002 g_loss=8.27092 d_loss=0.4243 cycle_loss=0.45698 identity_loss=0.47705 grad_norm=41.91541
[  247.613s] step         step=3000 epoch=0 lr=0.0002 g_loss=6.5605 d_loss=0.32454 cycle_loss=0.44104 identity_loss=0.31569 grad_norm=37.77584
[  252.135s] step         step=3050 epoch=0 lr=0.0002 g_loss=5.90852 d_loss=0.51063 cycle_loss=0.38497 identity_loss=0.34232 grad_norm=26.69007
[  256.784s] step         step=3100 epoch=0 lr=0.0002 g_loss=6.11591 d_loss=0.2955 cycle_loss=0.32094 identity_loss=0.33397 grad_norm=33.83687
[  261.232s] step         step=3150 epoch=0 lr=0.0002 g_loss=9.44379 d_loss=0.57261 cycle_loss=0.67289 identity_loss=0.47217 grad_norm=74.7872
[  265.827s] step         step=3200 epoch=0 lr=0.0002 g_loss=10.99951 d_loss=0.5377 cycle_loss=0.6799 identity_loss=0.6241 grad_norm=67.13492
[  270.749s] step         step=3250 epoch=0 lr=0.0002 g_loss=6.06153 d_loss=0.34309 cycle_loss=0.32094 identity_loss=0.28705 grad_norm=28.21489
[  275.182s] step         step=3300 epoch=0 lr=0.0002 g_loss=6.72731 d_loss=0.31002 cycle_loss=0.36161 identity_loss=0.39786 grad_norm=35.71829
[  279.153s] step         step=3350 epoch=0 lr=0.0002 g_loss=6.35525 d_loss=0.51223 cycle_loss=0.36382 identity_loss=0.37084 grad_norm=32.83792
[  283.394s] step         step=3400 epoch=0 lr=0.0002 g_loss=5.81471 d_loss=0.31065 cycle_loss=0.31588 identity_loss=0.27923 grad_norm=25.04513
[  287.357s] step         step=3450 epoch=0 lr=0.0002 g_loss=8.88375 d_loss=0.28659 cycle_loss=0.53719 identity_loss=0.47231 grad_norm=44.77536
[  291.335s] step         step=3500 epoch=0 lr=0.0002 g_loss=7.0146 d_loss=0.60407 cycle_loss=0.38831 identity_loss=0.45037 grad_norm=42.88335
[  295.374s] step         step=3550 epoch=0 lr=0.0002 g_loss=6.66237 d_loss=0.42125 cycle_loss=0.40728 identity_loss=0.41182 grad_norm=32.27643
[  299.384s] step         step=3600 epoch=0 lr=0.0002 g_loss=5.80121 d_loss=0.42151 cycle_loss=0.32884 identity_loss=0.35668 grad_norm=28.89612
[  303.408s] step         step=3650 epoch=0 lr=0.0002 g_loss=6.85653 d_loss=0.20626 cycle_loss=0.41108 identity_loss=0.37549 grad_norm=29.38292
[  307.456s] step         step=3700 epoch=0 lr=0.0002 g_loss=6.85042 d_loss=0.36243 cycle_loss=0.395 identity_loss=0.35535 grad_norm=22.32247
[  311.495s] step         step=3750 epoch=0 lr=0.0002 g_loss=8.98271 d_loss=0.91293 cycle_loss=0.60301 identity_loss=0.48452 grad_norm=47.70011
[  315.555s] step         step=3800 epoch=0 lr=0.0002 g_loss=10.38288 d_loss=0.42737 cycle_loss=0.69275 identity_loss=0.48967 grad_norm=40.42826
[  319.589s] step         step=3850 epoch=0 lr=0.0002 g_loss=6.85564 d_loss=0.24973 cycle_loss=0.44948 identity_loss=0.39835 grad_norm=39.89424
[  323.703s] step         step=3900 epoch=0 lr=0.0002 g_loss=8.90533 d_loss=0.56262 cycle_loss=0.55243 identity_loss=0.45505 grad_norm=49.55034
[  327.651s] step         step=3950 epoch=0 lr=0.0002 g_loss=8.37501 d_loss=0.15424 cycle_loss=0.50004 identity_loss=0.49031 grad_norm=39.22266
[  331.581s] step         step=4000 epoch=0 lr=0.0002 g_loss=6.28321 d_loss=0.36396 cycle_loss=0.37038 identity_loss=0.29364 grad_norm=45.63732
[  335.574s] step         step=4050 epoch=0 lr=0.0002 g_loss=7.38848 d_loss=0.58494 cycle_loss=0.40529 identity_loss=0.44469 grad_norm=30.61165
[  339.509s] step         step=4100 epoch=0 lr=0.0002 g_loss=7.7131 d_loss=0.46473 cycle_loss=0.48069 identity_loss=0.43507 grad_norm=30.1407
[  343.733s] step         step=4150 epoch=0 lr=0.0002 g_loss=6.98515 d_loss=0.80706 cycle_loss=0.40603 identity_loss=0.4306 grad_norm=28.9593
[  347.706s] step         step=4200 epoch=0 lr=0.0002 g_loss=6.25016 d_loss=0.53118 cycle_loss=0.39998 identity_loss=0.33366 grad_norm=38.14518
[  351.803s] step         step=4250 epoch=0 lr=0.0002 g_loss=5.53352 d_loss=0.53521 cycle_loss=0.31211 identity_loss=0.25527 grad_norm=24.75917
[  355.724s] step         step=4300 epoch=0 lr=0.0002 g_loss=5.53762 d_loss=0.18892 cycle_loss=0.31482 identity_loss=0.29233 grad_norm=18.83135
[  359.621s] step         step=4350 epoch=0 lr=0.0002 g_loss=6.68649 d_loss=0.32282 cycle_loss=0.40744 identity_loss=0.38056 grad_norm=40.83657
[  363.601s] step         step=4400 epoch=0 lr=0.0002 g_loss=6.29596 d_loss=0.26871 cycle_loss=0.3448 identity_loss=0.38964 grad_norm=26.70381
[  367.510s] step         step=4450 epoch=0 lr=0.0002 g_loss=5.37133 d_loss=0.81712 cycle_loss=0.34814 identity_loss=0.31213 grad_norm=21.88416
[  371.477s] step         step=4500 epoch=0 lr=0.0002 g_loss=8.52502 d_loss=0.25126 cycle_loss=0.51365 identity_loss=0.37896 grad_norm=40.88929
[  375.473s] step         step=4550 epoch=0 lr=0.0002 g_loss=6.18017 d_loss=0.627 cycle_loss=0.37743 identity_loss=0.34211 grad_norm=19.80068
[  379.400s] step         step=4600 epoch=0 lr=0.0002 g_loss=7.44261 d_loss=0.32391 cycle_loss=0.43381 identity_loss=0.41712 grad_norm=30.4158
[  383.328s] step         step=4650 epoch=0 lr=0.0002 g_loss=7.72227 d_loss=0.14898 cycle_loss=0.48534 identity_loss=0.37313 grad_norm=39.11747
[  387.237s] step         step=4700 epoch=0 lr=0.0002 g_loss=6.29783 d_loss=0.73255 cycle_loss=0.39391 identity_loss=0.32853 grad_norm=54.66577
[  391.628s] step         step=4750 epoch=0 lr=0.0002 g_loss=6.18631 d_loss=0.51953 cycle_loss=0.39318 identity_loss=0.26949 grad_norm=37.67676
[  395.685s] step         step=4800 epoch=0 lr=0.0002 g_loss=6.70157 d_loss=0.27298 cycle_loss=0.36461 identity_loss=0.33656 grad_norm=32.27237
[  400.482s] step         step=4850 epoch=0 lr=0.0002 g_loss=6.53125 d_loss=0.48818 cycle_loss=0.4075 identity_loss=0.38832 grad_norm=22.00511
[  404.552s] step         step=4900 epoch=0 lr=0.0002 g_loss=5.96262 d_loss=0.39463 cycle_loss=0.34761 identity_loss=0.35676 grad_norm=31.32381
[  408.530s] step         step=4950 epoch=0 lr=0.0002 g_loss=7.48471 d_loss=0.34634 cycle_loss=0.48511 identity_loss=0.3874 grad_norm=59.87838
[  412.459s] step         step=5000 epoch=0 lr=0.0002 g_loss=5.96393 d_loss=0.65969 cycle_loss=0.34295 identity_loss=0.29545 grad_norm=29.84307
[  416.468s] step         step=5050 epoch=0 lr=0.0002 g_loss=5.79547 d_loss=0.2159 cycle_loss=0.35307 identity_loss=0.38237 grad_norm=30.00985
[  420.447s] step         step=5100 epoch=0 lr=0.0002 g_loss=7.01785 d_loss=0.31024 cycle_loss=0.44791 identity_loss=0.28472 grad_norm=49.05815
[  424.450s] step         step=5150 epoch=0 lr=0.0002 g_loss=6.10096 d_loss=0.57971 cycle_loss=0.36734 identity_loss=0.34989 grad_norm=21.73588
[  428.519s] step         step=5200 epoch=0 lr=0.0002 g_loss=6.10535 d_loss=0.40085 cycle_loss=0.33868 identity_loss=0.27546 grad_norm=33.78945
[  432.737s] step         step=5250 epoch=0 lr=0.0002 g_loss=5.62941 d_loss=0.52159 cycle_loss=0.2973 identity_loss=0.27006 grad_norm=21.68079
[  436.743s] step         step=5300 epoch=0 lr=0.0002 g_loss=5.59106 d_loss=0.38534 cycle_loss=0.28198 identity_loss=0.25106 grad_norm=19.95433
[  440.680s] step         step=5350 epoch=0 lr=0.0002 g_loss=6.06146 d_loss=0.19832 cycle_loss=0.30968 identity_loss=0.29388 grad_norm=24.62474
[  444.604s] step         step=5400 epoch=0 lr=0.0002 g_loss=5.90787 d_loss=0.41342 cycle_loss=0.3551 identity_loss=0.27534 grad_norm=27.69302
[  448.533s] step         step=5450 epoch=0 lr=0.0002 g_loss=7.34709 d_loss=0.182 cycle_loss=0.40581 identity_loss=0.29925 grad_norm=35.28876
[  452.520s] step         step=5500 epoch=0 lr=0.0002 g_loss=4.74747 d_loss=0.18932 cycle_loss=0.26704 identity_loss=0.24586 grad_norm=26.19074
[  456.551s] step         step=5550 epoch=0 lr=0.0002 g_loss=8.65195 d_loss=0.16362 cycle_loss=0.53961 identity_loss=0.50632 grad_norm=43.09418
[  460.476s] step         step=5600 epoch=0 lr=0.0002 g_loss=7.64656 d_loss=0.42228 cycle_loss=0.40732 identity_loss=0.44243 grad_norm=44.53769
[  464.402s] step         step=5650 epoch=0 lr=0.0002 g_loss=6.66291 d_loss=0.70615 cycle_loss=0.41615 identity_loss=0.4081 grad_norm=24.75383
[  468.335s] step         step=5700 epoch=0 lr=0.0002 g_loss=5.42622 d_loss=0.51946 cycle_loss=0.30577 identity_loss=0.33116 grad_norm=29.0497
[  472.450s] step         step=5750 epoch=0 lr=0.0002 g_loss=6.17371 d_loss=0.71031 cycle_loss=0.31396 identity_loss=0.30675 grad_norm=27.0013
[  476.668s] step         step=5800 epoch=0 lr=0.0002 g_loss=12.83953 d_loss=0.79822 cycle_loss=0.7423 identity_loss=0.66505 grad_norm=36.16294
[  480.717s] step         step=5850 epoch=0 lr=0.0002 g_loss=4.60428 d_loss=0.44384 cycle_loss=0.25106 identity_loss=0.23229 grad_norm=16.35579
[  484.716s] step         step=5900 epoch=0 lr=0.0002 g_loss=5.6999 d_loss=0.61041 cycle_loss=0.34065 identity_loss=0.30919 grad_norm=30.72406
[  488.672s] step         step=5950 epoch=0 lr=0.0002 g_loss=5.16231 d_loss=1.26677 cycle_loss=0.32991 identity_loss=0.28262 grad_norm=26.27774
[  492.832s] step         step=6000 epoch=0 lr=0.0002 g_loss=5.48043 d_loss=0.48036 cycle_loss=0.32035 identity_loss=0.32441 grad_norm=33.42728
[  496.930s] step         step=6050 epoch=0 lr=0.0002 g_loss=5.71157 d_loss=0.37841 cycle_loss=0.32999 identity_loss=0.32673 grad_norm=39.86126
[  500.837s] step         step=6100 epoch=0 lr=0.0002 g_loss=6.12665 d_loss=0.47775 cycle_loss=0.33163 identity_loss=0.31293 grad_norm=27.27946
[  504.601s] step         step=6150 epoch=0 lr=0.0002 g_loss=5.41083 d_loss=0.35701 cycle_loss=0.35663 identity_loss=0.24165 grad_norm=32.83947
[  508.360s] step         step=6200 epoch=0 lr=0.0002 g_loss=6.76049 d_loss=0.31932 cycle_loss=0.35135 identity_loss=0.34954 grad_norm=23.50104
[  512.115s] step         step=6250 epoch=0 lr=0.0002 g_loss=3.7311 d_loss=0.48667 cycle_loss=0.21773 identity_loss=0.20523 grad_norm=19.45712
[  516.019s] step         step=6300 epoch=0 lr=0.0002 g_loss=5.20611 d_loss=0.49043 cycle_loss=0.27986 identity_loss=0.23829 grad_norm=32.01144
[  520.116s] step         step=6350 epoch=0 lr=0.0002 g_loss=6.20886 d_loss=0.43309 cycle_loss=0.35143 identity_loss=0.37023 grad_norm=19.76551
[  524.070s] step         step=6400 epoch=0 lr=0.0002 g_loss=5.28553 d_loss=0.50627 cycle_loss=0.33052 identity_loss=0.32025 grad_norm=17.96591
[  527.946s] step         step=6450 epoch=0 lr=0.0002 g_loss=6.5369 d_loss=0.28077 cycle_loss=0.32549 identity_loss=0.31954 grad_norm=24.89924
[  531.823s] step         step=6500 epoch=0 lr=0.0002 g_loss=6.47978 d_loss=0.40084 cycle_loss=0.40695 identity_loss=0.3362 grad_norm=30.26547
[  535.706s] step         step=6550 epoch=0 lr=0.0002 g_loss=7.12212 d_loss=0.40379 cycle_loss=0.42984 identity_loss=0.39542 grad_norm=26.70565
[  539.535s] step         step=6600 epoch=0 lr=0.0002 g_loss=7.3919 d_loss=0.27156 cycle_loss=0.44959 identity_loss=0.40864 grad_norm=35.98626
[  543.319s] step         step=6650 epoch=0 lr=0.0002 g_loss=7.18191 d_loss=0.44962 cycle_loss=0.47315 identity_loss=0.44093 grad_norm=39.3881
[  547.107s] step         step=6700 epoch=0 lr=0.0002 g_loss=9.81483 d_loss=0.16945 cycle_loss=0.6193 identity_loss=0.45142 grad_norm=33.92576
[  550.858s] step         step=6750 epoch=0 lr=0.0002 g_loss=5.04968 d_loss=0.26045 cycle_loss=0.31447 identity_loss=0.25063 grad_norm=24.39167
[  554.681s] step         step=6800 epoch=0 lr=0.0002 g_loss=7.54198 d_loss=0.21146 cycle_loss=0.47391 identity_loss=0.43141 grad_norm=36.08622
[  558.531s] step         step=6850 epoch=0 lr=0.0002 g_loss=4.95899 d_loss=0.52137 cycle_loss=0.25896 identity_loss=0.23316 grad_norm=24.42541
[  562.391s] step         step=6900 epoch=0 lr=0.0002 g_loss=10.36682 d_loss=0.4982 cycle_loss=0.67037 identity_loss=0.59422 grad_norm=48.54367
[  566.275s] step         step=6950 epoch=0 lr=0.0002 g_loss=5.5492 d_loss=0.1828 cycle_loss=0.29608 identity_loss=0.26586 grad_norm=25.74628
[  570.112s] step         step=7000 epoch=0 lr=0.0002 g_loss=5.18736 d_loss=0.50966 cycle_loss=0.30063 identity_loss=0.32458 grad_norm=23.41106
[  573.037s] epoch        epoch=0 step=7038 seconds=559.0
[  573.311s] checkpoint   epoch=1 step=7038
[  574.246s] step         step=7050 epoch=1 lr=0.0002 g_loss=7.09863 d_loss=0.33432 cycle_loss=0.45626 identity_loss=0.41841 grad_norm=32.14101
[  578.075s] step         step=7100 epoch=1 lr=0.0002 g_loss=8.26047 d_loss=0.58621 cycle_loss=0.54156 identity_loss=0.43801 grad_norm=42.16214
[  581.873s] step         step=7150 epoch=1 lr=0.0002 g_loss=7.1875 d_loss=0.22799 cycle_loss=0.4144 identity_loss=0.40597 grad_norm=25.31036
[  585.665s] step         step=7200 epoch=1 lr=0.0002 g_loss=4.97054 d_loss=0.51119 cycle_loss=0.29462 identity_loss=0.28741 grad_norm=18.10203
[  589.440s] step         step=7250 epoch=1 lr=0.0002 g_loss=7.2679 d_loss=0.36398 cycle_loss=0.40197 identity_loss=0.30286 grad_norm=35.6662
[  593.231s] step         step=7300 epoch=1 lr=0.0002 g_loss=5.50383 d_loss=0.3794 cycle_loss=0.29265 identity_loss=0.36429 grad_norm=28.63159
[  597.020s] step         step=7350 epoch=1 lr=0.0002 g_loss=6.40007 d_loss=0.60467 cycle_loss=0.35889 identity_loss=0.35999 grad_norm=29.2711
[  600.803s] step         step=7400 epoch=1 lr=0.0002 g_loss=6.95776 d_loss=0.5818 cycle_loss=0.42576 identity_loss=0.41048 grad_norm=34.18843
[  604.598s] step         step=7450 epoch=1 lr=0.0002 g_loss=8.61374 d_loss=0.53528 cycle_loss=0.50017 identity_loss=0.47803 grad_norm=40.13579
[  608.392s] step         step=7500 epoch=1 lr=0.0002 g_loss=6.52289 d_loss=0.41332 cycle_loss=0.4135 identity_loss=0.32904 grad_norm=44.92402
[  612.237s] step         step=7550 epoch=1 lr=0.0002 g_loss=8.32759 d_loss=0.29832 cycle_loss=0.47733 identity_loss=0.50111 grad_norm=24.88629
[  616.041s] step         step=7600 epoch=1 lr=0.0002 g_loss=7.45657 d_loss=0.1672 cycle_loss=0.40619 identity_loss=0.38829 grad_norm=37.0924
[  619.828s] step         step=7650 epoch=1 lr=0.0002 g_loss=4.88484 d_loss=0.43941 cycle_loss=0.23985 identity_loss=0.29629 grad_norm=23.57085
[  623.604s] step         step=7700 epoch=1 lr=0.0002 g_loss=5.43994 d_loss=0.33677 cycle_loss=0.27923 identity_loss=0.3222 grad_norm=26.03573
[  627.397s] step         step=7750 epoch=1 lr=0.0002 g_loss=7.62914 d_loss=0.24306 cycle_loss=0.45642 identity_loss=0.46685 grad_norm=31.43872
[  631.184s] step         step=7800 epoch=1 lr=0.0002 g_loss=6.84192 d_loss=0.53427 cycle_loss=0.35329 identity_loss=0.39241 grad_norm=34.10172
[  634.968s] step         step=7850 epoch=1 lr=0.0002 g_loss=5.77989 d_loss=0.41469 cycle_loss=0.39227 identity_loss=0.24537 grad_norm=24.46311
[  638.762s] step         step=7900 epoch=1 lr=0.0002 g_loss=4.56748 d_loss=0.36097 cycle_loss=0.29231 identity_loss=0.25404 grad_norm=39.3759
[  642.596s] step         step=7950 epoch=1 lr=0.0002 g_loss=6.65005 d_loss=0.23848 cycle_loss=0.41054 identity_loss=0.35001 grad_norm=39.41679
[  646.627s] step         step=8000 epoch=1 lr=0.0002 g_loss=6.08403 d_loss=0.32702 cycle_loss=0.31573 identity_loss=0.32664 grad_norm=25.03405
[  650.625s] step         step=8050 epoch=1 lr=0.0002 g_loss=4.14516 d_loss=0.81276 cycle_loss=0.25497 identity_loss=0.23027 grad_norm=14.69279
[  654.849s] step         step=8100 epoch=1 lr=0.0002 g_loss=4.50407 d_loss=0.80824 cycle_loss=0.2716 identity_loss=0.24589 grad_norm=22.66413
[  659.020s] step         step=8150 epoch=1 lr=0.0002 g_loss=5.69381 d_loss=0.70887 cycle_loss=0.32798 identity_loss=0.28737 grad_norm=26.37496
[  662.946s] step         step=8200 epoch=1 lr=0.0002 g_loss=7.00994 d_loss=0.3496 cycle_loss=0.42221 identity_loss=0.43307 grad_norm=29.16517
[  666.865s] step         step=8250 epoch=1 lr=0.0002 g_loss=5.45925 d_loss=0.56331 cycle_loss=0.2939 identity_loss=0.32778 grad_norm=28.31628
[  670.784s] step         step=8300 epoch=1 lr=0.0002 g_loss=6.48176 d_loss=0.51543 cycle_loss=0.39222 identity_loss=0.32435 grad_norm=30.61714
[  674.845s] step         step=8350 epoch=1 lr=0.0002 g_loss=5.2876 d_loss=0.50124 cycle_loss=0.28425 identity_loss=0.27498 grad_norm=27.86509
[  678.765s] step         step=8400 epoch=1 lr=0.0002 g_loss=8.66416 d_loss=0.18319 cycle_loss=0.50638 identity_loss=0.41397 grad_norm=27.26584
[  682.722s] step         step=8450 epoch=1 lr=0.0002 g_loss=5.55073 d_loss=0.3312 cycle_loss=0.35353 identity_loss=0.28664 grad_norm=32.54281
[  686.652s] step         step=8500 epoch=1 lr=0.0002 g_loss=10.6739 d_loss=0.32964 cycle_loss=0.68781 identity_loss=0.69672 grad_norm=40.59491
[  691.101s] step         step=8550 epoch=1 lr=0.0002 g_loss=5.91982 d_loss=0.30897 cycle_loss=0.36306 identity_loss=0.33312 grad_norm=25.80037
[  695.053s] step         step=8600 epoch=1 lr=0.0002 g_loss=4.47703 d_loss=0.40391 cycle_loss=0.23079 identity_loss=0.23702 grad_norm=20.16273
[  698.986s] step         step=8650 epoch=1 lr=0.0002 g_loss=6.16415 d_loss=0.41484 cycle_loss=0.3324 identity_loss=0.33644 grad_norm=35.51278
[  702.892s] step         step=8700 epoch=1 lr=0.0002 g_loss=4.54492 d_loss=1.00412 cycle_loss=0.23798 identity_loss=0.24677 grad_norm=29.91772
[  706.885s] step         step=8750 epoch=1 lr=0.0002 g_loss=5.45728 d_loss=0.45626 cycle_loss=0.33784 identity_loss=0.32035 grad_norm=18.38899
[  710.840s] step         step=8800 epoch=1 lr=0.0002 g_loss=5.83273 d_loss=0.77499 cycle_loss=0.37143 identity_loss=0.30264 grad_norm=25.08768
[  714.816s] step         step=8850 epoch=1 lr=0.0002 g_loss=6.98279 d_loss=0.34503 cycle_loss=0.45238 identity_loss=0.3752 grad_norm=36.8661
[  718.741s] step         step=8900 epoch=1 lr=0.0002 g_loss=5.11171 d_loss=0.62115 cycle_loss=0.27987 identity_loss=0.31576 grad_norm=20.39375
[  722.671s] step         step=8950 epoch=1 lr=0.0002 g_loss=4.37393 d_loss=0.29962 cycle_loss=0.26449 identity_loss=0.24164 grad_norm=25.40655
[  726.584s] step         step=9000 epoch=1 lr=0.0002 g_loss=7.48579 d_loss=0.4653 cycle_loss=0.48564 identity_loss=0.41915 grad_norm=38.57428
[  731.075s] step         step=9050 epoch=1 lr=0.0002 g_loss=6.07982 d_loss=0.32378 cycle_loss=0.32089 identity_loss=0.30994 grad_norm=24.83047
[  735.304s] step         step=9100 epoch=1 lr=0.0002 g_loss=5.43891 d_loss=0.51972 cycle_loss=0.2848 identity_loss=0.24828 grad_norm=24.49433
[  739.204s] step         step=9150 epoch=1 lr=0.0002 g_loss=7.05667 d_loss=0.79872 cycle_loss=0.47576 identity_loss=0.42251 grad_norm=35.48139
[  743.128s] step         step=9200 epoch=1 lr=0.0002 g_loss=5.88862 d_loss=0.32727 cycle_loss=0.33446 identity_loss=0.38103 grad_norm=34.97458
[  747.058s] step         step=9250 epoch=1 lr=0.0002 g_loss=5.35701 d_loss=0.38332 cycle_loss=0.36814 identity_loss=0.25919 grad_norm=35.7809
[  751.010s] step         step=9300 epoch=1 lr=0.0002 g_loss=4.74447 d_loss=0.60842 cycle_loss=0.295 identity_loss=0.27175 grad_norm=26.19395
[  754.938s] step         step=9350 epoch=1 lr=0.0002 g_loss=6.03646 d_loss=0.43497 cycle_loss=0.27025 identity_loss=0.30252 grad_norm=17.33331
[  758.869s] step         step=9400 epoch=1 lr=0.0002 g_loss=5.81536 d_loss=0.23545 cycle_loss=0.32882 identity_loss=0.28503 grad_norm=30.88934
[  762.795s] step         step=9450 epoch=1 lr=0.0002 g_loss=6.2872 d_loss=0.5183 cycle_loss=0.39616 identity_loss=0.39181 grad_norm=30.5571
[  766.772s] step         step=9500 epoch=1 lr=0.0002 g_loss=5.64681 d_loss=0.41753 cycle_loss=0.29701 identity_loss=0.3112 grad_norm=20.62217
[  770.960s] step         step=9550 epoch=1 lr=0.0002 g_loss=5.72814 d_loss=0.40743 cycle_loss=0.28098 identity_loss=0.26438 grad_norm=23.10198
[  774.885s] step         step=9600 epoch=1 lr=0.0002 g_loss=6.09792 d_loss=0.24793 cycle_loss=0.33751 identity_loss=0.39732 grad_norm=44.75235
[  778.802s] step         step=9650 epoch=1 lr=0.0002 g_loss=5.82633 d_loss=0.23679 cycle_loss=0.33093 identity_loss=0.27018 grad_norm=27.70864
[  782.729s] step         step=9700 epoch=1 lr=0.0002 g_loss=5.65912 d_loss=0.19487 cycle_loss=0.28755 identity_loss=0.33099 grad_norm=26.19888
[  786.664s] step         step=9750 epoch=1 lr=0.0002 g_loss=4.6941 d_loss=0.47489 cycle_loss=0.27217 identity_loss=0.26515 grad_norm=14.97995
[  790.602s] step         step=9800 epoch=1 lr=0.0002 g_loss=6.23965 d_loss=0.36253 cycle_loss=0.33911 identity_loss=0.29595 grad_norm=25.74121
[  794.563s] step         step=9850 epoch=1 lr=0.0002 g_loss=4.42869 d_loss=0.32842 cycle_loss=0.25112 identity_loss=0.19948 grad_norm=32.4534
[  798.570s] step         step=9900 epoch=1 lr=0.0002 g_loss=5.55559 d_loss=0.3633 cycle_loss=0.30375 identity_loss=0.30716 grad_norm=22.2146
[  802.493s] step         step=9950 epoch=1 lr=0.0002 g_loss=6.42869 d_loss=0.37586 cycle_loss=0.40759 identity_loss=0.36214 grad_norm=34.51458
[  806.499s] step         step=10000 epoch=1 lr=0.0002 g_loss=5.68358 d_loss=0.48867 cycle_loss=0.35145 identity_loss=0.28744 grad_norm=31.3724
[  810.509s] step         step=10050 epoch=1 lr=0.0002 g_loss=5.15585 d_loss=0.58735 cycle_loss=0.28196 identity_loss=0.26861 grad_norm=25.77789
[  814.446s] step         step=10100 epoch=1 lr=0.0002 g_loss=4.10987 d_loss=0.35143 cycle_loss=0.23798 identity_loss=0.20163 grad_norm=23.32283
[  818.382s] step         step=10150 epoch=1 lr=0.0002 g_loss=5.00623 d_loss=0.4899 cycle_loss=0.28687 identity_loss=0.26893 grad_norm=19.84524
[  822.290s] step         step=10200 epoch=1 lr=0.0002 g_loss=5.72527 d_loss=0.51043 cycle_loss=0.33703 identity_loss=0.31083 grad_norm=22.50512
[  826.245s] step         step=10250 epoch=1 lr=0.0002 g_loss=4.02996 d_loss=0.34888 cycle_loss=0.23807 identity_loss=0.27678 grad_norm=23.13565
[  830.333s] step         step=10300 epoch=1 lr=0.0002 g_loss=4.96434 d_loss=0.28674 cycle_loss=0.28446 identity_loss=0.25697 grad_norm=31.22929
[  834.228s] step         step=10350 epoch=1 lr=0.0002 g_loss=7.65083 d_loss=0.39118 cycle_loss=0.4151 identity_loss=0.25841 grad_norm=24.90594
[  838.158s] step         step=10400 epoch=1 lr=0.0002 g_loss=5.43345 d_loss=0.51017 cycle_loss=0.28703 identity_loss=0.28149 grad_norm=21.91554
[  842.550s] step         step=10450 epoch=1 lr=0.0002 g_loss=5.10128 d_loss=0.4158 cycle_loss=0.30668 identity_loss=0.27154 grad_norm=33.69161
[  846.456s] step         step=10500 epoch=1 lr=0.0002 g_loss=7.46416 d_loss=0.36047 cycle_loss=0.45405 identity_loss=0.37096 grad_norm=33.7729
[  850.450s] step         step=10550 epoch=1 lr=0.0002 g_loss=5.49981 d_loss=0.63954 cycle_loss=0.34973 identity_loss=0.28137 grad_norm=35.12745
[  854.468s] step         step=10600 epoch=1 lr=0.0002 g_loss=9.0746 d_loss=0.3431 cycle_loss=0.56828 identity_loss=0.59198 grad_norm=30.18527
[  858.392s] step         step=10650 epoch=1 lr=0.0002 g_loss=6.22245 d_loss=0.26064 cycle_loss=0.36376 identity_loss=0.35386 grad_norm=33.83176
[  862.318s] step         step=10700 epoch=1 lr=0.0002 g_loss=5.48257 d_loss=0.48708 cycle_loss=0.32598 identity_loss=0.26616 grad_norm=31.21096
[  866.246s] step         step=10750 epoch=1 lr=0.0002 g_loss=4.51635 d_loss=0.48734 cycle_loss=0.2678 identity_loss=0.22094 grad_norm=27.06023
[  870.167s] step         step=10800 epoch=1 lr=0.0002 g_loss=6.19184 d_loss=0.41963 cycle_loss=0.38972 identity_loss=0.37495 grad_norm=32.41516
[  874.075s] step         step=10850 epoch=1 lr=0.0002 g_loss=5.26987 d_loss=0.41697 cycle_loss=0.3278 identity_loss=0.25899 grad_norm=31.66565
[  878.245s] step         step=10900 epoch=1 lr=0.0002 g_loss=4.8879 d_loss=0.24049 cycle_loss=0.26425 identity_loss=0.22612 grad_norm=20.14568
[  882.159s] step         step=10950 epoch=1 lr=0.0002 g_loss=5.62309 d_loss=0.27558 cycle_loss=0.31494 identity_loss=0.24706 grad_norm=30.54051
[  886.389s] step         step=11000 epoch=1 lr=0.0002 g_loss=7.1526 d_loss=0.18474 cycle_loss=0.43554 identity_loss=0.39036 grad_norm=26.21748
[  891.257s] step         step=11050 epoch=1 lr=0.0002 g_loss=5.14114 d_loss=0.25601 cycle_loss=0.29264 identity_loss=0.25587 grad_norm=30.41159
[  896.189s] step         step=11100 epoch=1 lr=0.0002 g_loss=7.70085 d_loss=0.33334 cycle_loss=0.4884 identity_loss=0.42023 grad_norm=45.00835
[  901.134s] step         step=11150 epoch=1 lr=0.0002 g_loss=5.0593 d_loss=0.38869 cycle_loss=0.27522 identity_loss=0.3059 grad_norm=20.3756
[  905.329s] step         step=11200 epoch=1 lr=0.0002 g_loss=4.48422 d_loss=0.69179 cycle_loss=0.26354 identity_loss=0.26548 grad_norm=24.78432
[  909.246s] step         step=11250 epoch=1 lr=0.0002 g_loss=7.18277 d_loss=0.30408 cycle_loss=0.41491 identity_loss=0.37567 grad_norm=29.65643
[  913.242s] step         step=11300 epoch=1 lr=0.0002 g_loss=6.49773 d_loss=0.32524 cycle_loss=0.34648 identity_loss=0.33065 grad_norm=32.68161
[  917.261s] step         step=11350 epoch=1 lr=0.0002 g_loss=5.45088 d_loss=0.33895 cycle_loss=0.3347 identity_loss=0.2893 grad_norm=24.70114
[  921.173s] step         step=11400 epoch=1 lr=0.0002 g_loss=8.37037 d_loss=0.20734 cycle_loss=0.50808 identity_loss=0.45332 grad_norm=39.92705
[  925.281s] step         step=11450 epoch=1 lr=0.0002 g_loss=6.09052 d_loss=0.26217 cycle_loss=0.35623 identity_loss=0.34434 grad_norm=26.53549
[  929.294s] step         step=11500 epoch=1 lr=0.0002 g_loss=4.59076 d_loss=0.60377 cycle_loss=0.27824 identity_loss=0.25408 grad_norm=16.93869
[  933.297s] step         step=11550 epoch=1 lr=0.0002 g_loss=6.11606 d_loss=0.76561 cycle_loss=0.38572 identity_loss=0.36767 grad_norm=33.21072
[  937.214s] step         step=11600 epoch=1 lr=0.0002 g_loss=6.34487 d_loss=0.28989 cycle_loss=0.36973 identity_loss=0.36223 grad_norm=30.33513
[  941.128s] step         step=11650 epoch=1 lr=0.0002 g_loss=7.44978 d_loss=0.44973 cycle_loss=0.4621 identity_loss=0.34614 grad_norm=34.7205
[  945.054s] step         step=11700 epoch=1 lr=0.0002 g_loss=6.01904 d_loss=0.68747 cycle_loss=0.38347 identity_loss=0.2884 grad_norm=41.43214
[  949.059s] step         step=11750 epoch=1 lr=0.0002 g_loss=6.00162 d_loss=0.51035 cycle_loss=0.34987 identity_loss=0.36291 grad_norm=50.71832
[  952.992s] step         step=11800 epoch=1 lr=0.0002 g_loss=6.69153 d_loss=0.36062 cycle_loss=0.39492 identity_loss=0.38515 grad_norm=35.75606
[  956.953s] step         step=11850 epoch=1 lr=0.0002 g_loss=6.96806 d_loss=0.39415 cycle_loss=0.40938 identity_loss=0.39649 grad_norm=30.23956
[  960.883s] step         step=11900 epoch=1 lr=0.0002 g_loss=5.469 d_loss=0.24378 cycle_loss=0.33745 identity_loss=0.26072 grad_norm=29.12063
[  964.794s] step         step=11950 epoch=1 lr=0.0002 g_loss=8.13879 d_loss=0.09327 cycle_loss=0.51149 identity_loss=0.41881 grad_norm=30.95814
[  968.720s] step         step=12000 epoch=1 lr=0.0002 g_loss=5.65174 d_loss=0.8292 cycle_loss=0.35534 identity_loss=0.34387 grad_norm=32.87533
[  972.698s] step         step=12050 epoch=1 lr=0.0002 g_loss=6.41073 d_loss=0.40372 cycle_loss=0.32105 identity_loss=0.37344 grad_norm=32.40876
[  977.000s] step         step=12100 epoch=1 lr=0.0002 g_loss=4.26603 d_loss=0.51882 cycle_loss=0.22385 identity_loss=0.21094 grad_norm=16.96036
[  980.939s] step         step=12150 epoch=1 lr=0.0002 g_loss=4.44663 d_loss=0.4477 cycle_loss=0.26489 identity_loss=0.21836 grad_norm=21.22332
[  984.862s] step         step=12200 epoch=1 lr=0.0002 g_loss=6.24576 d_loss=0.36797 cycle_loss=0.37071 identity_loss=0.33122 grad_norm=30.33702
[  988.820s] step         step=12250 epoch=1 lr=0.0002 g_loss=5.20508 d_loss=0.39646 cycle_loss=0.28858 identity_loss=0.25517 grad_norm=30.07352
[  992.741s] step         step=12300 epoch=1 lr=0.0002 g_loss=6.81314 d_loss=0.15318 cycle_loss=0.32482 identity_loss=0.29263 grad_norm=32.05345
[  996.632s] step         step=12350 epoch=1 lr=0.0002 g_loss=5.04374 d_loss=0.58614 cycle_loss=0.30663 identity_loss=0.32643 grad_norm=38.32895
[ 1000.545s] step         step=12400 epoch=1 lr=0.0002 g_loss=5.22162 d_loss=0.46353 cycle_loss=0.33504 identity_loss=0.31014 grad_norm=26.60715
[ 1004.452s] step         step=12450 epoch=1 lr=0.0002 g_loss=6.25851 d_loss=0.13715 cycle_loss=0.35399 identity_loss=0.32106 grad_norm=36.84144
[ 1008.502s] step         step=12500 epoch=1 lr=0.0002 g_loss=6.64992 d_loss=0.44 cycle_loss=0.37293 identity_loss=0.4097 grad_norm=29.76845
[ 1012.442s] step         step=12550 epoch=1 lr=0.0002 g_loss=6.81971 d_loss=0.4791 cycle_loss=0.37271 identity_loss=0.41521 grad_norm=27.65961
[ 1016.356s] step         step=12600 epoch=1 lr=0.0002 g_loss=11.14397 d_loss=0.46703 cycle_loss=0.72734 identity_loss=0.70044 grad_norm=32.87643
[ 1020.256s] step         step=12650 epoch=1 lr=0.0002 g_loss=5.69705 d_loss=0.39952 cycle_loss=0.29234 identity_loss=0.29454 grad_norm=44.44014
[ 1024.154s] step         step=12700 epoch=1 lr=0.0002 g_loss=6.92371 d_loss=0.11624 cycle_loss=0.3569 identity_loss=0.36299 grad_norm=33.42049
[ 1028.069s] step         step=12750 epoch=1 lr=0.0002 g_loss=5.20027 d_loss=0.23079 cycle_loss=0.22152 identity_loss=0.23883 grad_norm=17.42206
[ 1031.969s] step         step=12800 epoch=1 lr=0.0002 g_loss=5.97 d_loss=0.16265 cycle_loss=0.32162 identity_loss=0.36959 grad_norm=29.77325
[ 1035.888s] step         step=12850 epoch=1 lr=0.0002 g_loss=4.99464 d_loss=0.53328 cycle_loss=0.33885 identity_loss=0.25818 grad_norm=25.73797
[ 1039.786s] step         step=12900 epoch=1 lr=0.0002 g_loss=7.48933 d_loss=0.2811 cycle_loss=0.42602 identity_loss=0.42317 grad_norm=31.89596
[ 1043.682s] step         step=12950 epoch=1 lr=0.0002 g_loss=7.06247 d_loss=0.63561 cycle_loss=0.45587 identity_loss=0.40218 grad_norm=31.02223
[ 1047.574s] step         step=13000 epoch=1 lr=0.0002 g_loss=5.35071 d_loss=0.13245 cycle_loss=0.26694 identity_loss=0.25856 grad_norm=17.42515
[ 1051.526s] step         step=13050 epoch=1 lr=0.0002 g_loss=9.21672 d_loss=0.5529 cycle_loss=0.52336 identity_loss=0.52479 grad_norm=39.85516
[ 1055.421s] step         step=13100 epoch=1 lr=0.0002 g_loss=6.7908 d_loss=0.38463 cycle_loss=0.41713 identity_loss=0.34628 grad_norm=30.12562
[ 1059.344s] step         step=13150 epoch=1 lr=0.0002 g_loss=6.27741 d_loss=0.30259 cycle_loss=0.34648 identity_loss=0.30978 grad_norm=33.28676
[ 1063.257s] step         step=13200 epoch=1 lr=0.0002 g_loss=6.68928 d_loss=0.41624 cycle_loss=0.45353 identity_loss=0.29557 grad_norm=44.996
[ 1067.206s] step         step=13250 epoch=1 lr=0.0002 g_loss=5.99975 d_loss=0.69565 cycle_loss=0.35177 identity_loss=0.32436 grad_norm=31.17212
[ 1071.200s] step         step=13300 epoch=1 lr=0.0002 g_loss=8.06791 d_loss=0.16196 cycle_loss=0.50458 identity_loss=0.44394 grad_norm=46.45811
[ 1075.105s] step         step=13350 epoch=1 lr=0.0002 g_loss=5.33294 d_loss=0.34143 cycle_loss=0.33259 identity_loss=0.23334 grad_norm=40.53934
[ 1079.036s] step         step=13400 epoch=1 lr=0.0002 g_loss=6.27057 d_loss=0.23065 cycle_loss=0.3548 identity_loss=0.37231 grad_norm=38.26318
[ 1082.944s] step         step=13450 epoch=1 lr=0.0002 g_loss=9.39621 d_loss=0.34141 cycle_loss=0.53775 identity_loss=0.56224 grad_norm=38.28194
[ 1086.862s] step         step=13500 epoch=1 lr=0.0002 g_loss=6.72518 d_loss=0.33616 cycle_loss=0.40335 identity_loss=0.39272 grad_norm=32.66377
[ 1090.851s] step         step=13550 epoch=1 lr=0.0002 g_loss=5.98212 d_loss=0.3722 cycle_loss=0.3024 identity_loss=0.31472 grad_norm=29.7626
[ 1094.764s] step         step=13600 epoch=1 lr=0.0002 g_loss=5.80959 d_loss=0.38029 cycle_loss=0.35631 identity_loss=0.36757 grad_norm=26.50505
[ 1098.726s] step         step=13650 epoch=1 lr=0.0002 g_loss=6.07161 d_loss=0.46898 cycle_loss=0.37696 identity_loss=0.34172 grad_norm=26.54631
[ 1102.620s] step         step=13700 epoch=1 lr=0.0002 g_loss=5.89671 d_loss=0.44678 cycle_loss=0.36502 identity_loss=0.34512 grad_norm=26.20835
[ 1106.537s] step         step=13750 epoch=1 lr=0.0002 g_loss=5.21361 d_loss=0.3773 cycle_loss=0.33792 identity_loss=0.31855 grad_norm=26.51313
[ 1110.446s] step         step=13800 epoch=1 lr=0.0002 g_loss=6.10558 d_loss=0.52489 cycle_loss=0.35958 identity_loss=0.32463 grad_norm=20.56069
[ 1114.357s] step         step=13850 epoch=1 lr=0.0002 g_loss=5.3579 d_loss=0.34365 cycle_loss=0.31986 identity_loss=0.26466 grad_norm=23.10589
[ 1118.373s] step         step=13900 epoch=1 lr=0.0002 g_loss=6.12665 d_loss=0.37005 cycle_loss=0.36417 identity_loss=0.34984 grad_norm=26.81876
[ 1122.700s] step         step=13950 epoch=1 lr=0.0002 g_loss=6.80701 d_loss=0.35981 cycle_loss=0.37575 identity_loss=0.40267 grad_norm=21.87955
[ 1126.937s] step         step=14000 epoch=1 lr=0.0002 g_loss=8.8103 d_loss=0.31055 cycle_loss=0.56177 identity_loss=0.43419 grad_norm=31.55361
[ 1130.970s] step         step=14050 epoch=1 lr=0.0002 g_loss=5.83433 d_loss=0.18402 cycle_loss=0.28775 identity_loss=0.27412 grad_norm=33.05854
[ 1133.012s] epoch        epoch=1 step=14076 seconds=1119.0
[ 1133.291s] checkpoint   epoch=2 step=14076
[ 1135.200s] step         step=14100 epoch=2 lr=0.0002 g_loss=5.72048 d_loss=0.51242 cycle_loss=0.35688 identity_loss=0.31205 grad_norm=32.3387
[ 1139.110s] step         step=14150 epoch=2 lr=0.0002 g_loss=5.28744 d_loss=0.57484 cycle_loss=0.27384 identity_loss=0.25122 grad_norm=25.4432
[ 1143.021s] step         step=14200 epoch=2 lr=0.0002 g_loss=7.80119 d_loss=0.22508 cycle_loss=0.4557 identity_loss=0.45236 grad_norm=28.87791
[ 1146.917s] step         step=14250 epoch=2 lr=0.0002 g_loss=7.81421 d_loss=0.09088 cycle_loss=0.43187 identity_loss=0.48534 grad_norm=33.59614
[ 1150.839s] step         step=14300 epoch=2 lr=0.0002 g_loss=5.55639 d_loss=0.57433 cycle_loss=0.35355 identity_loss=0.32884 grad_norm=34.37532
[ 1154.904s] step         step=14350 epoch=2 lr=0.0002 g_loss=4.73061 d_loss=0.41277 cycle_loss=0.25406 identity_loss=0.25891 grad_norm=20.45525
[ 1158.852s] step         step=14400 epoch=2 lr=0.0002 g_loss=6.15289 d_loss=0.26624 cycle_loss=0.34672 identity_loss=0.34681 grad_norm=36.29623
[ 1162.798s] step         step=14450 epoch=2 lr=0.0002 g_loss=4.99883 d_loss=0.22864 cycle_loss=0.28715 identity_loss=0.18615 grad_norm=29.64545
[ 1166.723s] step         step=14500 epoch=2 lr=0.0002 g_loss=6.49309 d_loss=0.14794 cycle_loss=0.37465 identity_loss=0.42577 grad_norm=42.25421
[ 1170.668s] step         step=14550 epoch=2 lr=0.0002 g_loss=6.59633 d_loss=0.57677 cycle_loss=0.38353 identity_loss=0.38325 grad_norm=41.11172
[ 1174.675s] step         step=14600 epoch=2 lr=0.0002 g_loss=4.51662 d_loss=0.32812 cycle_loss=0.24508 identity_loss=0.19034 grad_norm=14.27088
[ 1178.609s] step         step=14650 epoch=2 lr=0.0002 g_loss=6.73867 d_loss=0.62586 cycle_loss=0.40527 identity_loss=0.35994 grad_norm=37.47875
[ 1182.739s] step         step=14700 epoch=2 lr=0.0002 g_loss=6.2008 d_loss=0.18909 cycle_loss=0.35399 identity_loss=0.34688 grad_norm=36.17524
[ 1186.704s] step         step=14750 epoch=2 lr=0.0002 g_loss=5.86276 d_loss=0.24905 cycle_loss=0.33326 identity_loss=0.21985 grad_norm=29.83925
[ 1190.623s] step         step=14800 epoch=2 lr=0.0002 g_loss=3.8003 d_loss=0.50499 cycle_loss=0.21562 identity_loss=0.19327 grad_norm=25.2709
[ 1194.643s] step         step=14850 epoch=2 lr=0.0002 g_loss=6.05173 d_loss=0.34124 cycle_loss=0.36152 identity_loss=0.29436 grad_norm=36.06071
[ 1198.561s] step         step=14900 epoch=2 lr=0.0002 g_loss=5.49364 d_loss=0.3059 cycle_loss=0.34505 identity_loss=0.29763 grad_norm=41.15279
[ 1202.470s] step         step=14950 epoch=2 lr=0.0002 g_loss=5.98736 d_loss=0.549 cycle_loss=0.35694 identity_loss=0.30896 grad_norm=40.30323
[ 1206.388s] step         step=15000 epoch=2 lr=0.0002 g_loss=4.55082 d_loss=0.71639 cycle_loss=0.27059 identity_loss=0.24283 grad_norm=18.01214
[ 1210.366s] step         step=15050 epoch=2 lr=0.0002 g_loss=6.43094 d_loss=0.2911 cycle_loss=0.29515 identity_loss=0.30509 grad_norm=23.38187
[ 1214.276s] step         step=15100 epoch=2 lr=0.0002 g_loss=5.62037 d_loss=0.51561 cycle_loss=0.35431 identity_loss=0.26812 grad_norm=42.73394
[ 1218.197s] step         step=15150 epoch=2 lr=0.0002 g_loss=5.77336 d_loss=0.68763 cycle_loss=0.33877 identity_loss=0.32351 grad_norm=29.49216
[ 1222.134s] step         step=15200 epoch=2 lr=0.0002 g_loss=5.54632 d_loss=0.50254 cycle_loss=0.3379 identity_loss=0.23379 grad_norm=27.66521
[ 1226.058s] step         step=15250 epoch=2 lr=0.0002 g_loss=4.34856 d_loss=0.32595 cycle_loss=0.22892 identity_loss=0.23127 grad_norm=22.31302
[ 1229.971s] step         step=15300 epoch=2 lr=0.0002 g_loss=4.64683 d_loss=0.26262 cycle_loss=0.23634 identity_loss=0.25996 grad_norm=22.06499
[ 1233.900s] step         step=15350 epoch=2 lr=0.0002 g_loss=8.83563 d_loss=0.44441 cycle_loss=0.55252 identity_loss=0.41912 grad_norm=33.47753
[ 1237.781s] step         step=15400 epoch=2 lr=0.0002 g_loss=4.77877 d_loss=0.20265 cycle_loss=0.24201 identity_loss=0.23993 grad_norm=32.75977
[ 1241.728s] step         step=15450 epoch=2 lr=0.0002 g_loss=5.46166 d_loss=0.73233 cycle_loss=0.33226 identity_loss=0.2904 grad_norm=19.72886
[ 1245.612s] step         step=15500 epoch=2 lr=0.0002 g_loss=5.74328 d_loss=0.33844 cycle_loss=0.26978 identity_loss=0.28543 grad_norm=25.04865
[ 1249.628s] step         step=15550 epoch=2 lr=0.0002 g_loss=5.29464 d_loss=0.41557 cycle_loss=0.32237 identity_loss=0.30788 grad_norm=22.83011
[ 1253.738s] step         step=15600 epoch=2 lr=0.0002 g_loss=5.1402 d_loss=0.24434 cycle_loss=0.29325 identity_loss=0.25501 grad_norm=18.63775
[ 1257.693s] step         step=15650 epoch=2 lr=0.0002 g_loss=5.03301 d_loss=0.34972 cycle_loss=0.25082 identity_loss=0.31251 grad_norm=22.80246
[ 1261.632s] step         step=15700 epoch=2 lr=0.0002 g_loss=6.16698 d_loss=0.25701 cycle_loss=0.36101 identity_loss=0.32406 grad_norm=22.24097
[ 1265.570s] step         step=15750 epoch=2 lr=0.0002 g_loss=4.94379 d_loss=0.61785 cycle_loss=0.31135 identity_loss=0.29669 grad_norm=26.11734
[ 1269.507s] step         step=15800 epoch=2 lr=0.0002 g_loss=4.26963 d_loss=0.65375 cycle_loss=0.26709 identity_loss=0.24965 grad_norm=22.8203
[ 1273.451s] step         step=15850 epoch=2 lr=0.0002 g_loss=6.81905 d_loss=0.18301 cycle_loss=0.35354 identity_loss=0.33373 grad_norm=30.75425
[ 1277.382s] step         step=15900 epoch=2 lr=0.0002 g_loss=5.70531 d_loss=0.2123 cycle_loss=0.33431 identity_loss=0.2584 grad_norm=27.25269
[ 1281.340s] step         step=15950 epoch=2 lr=0.0002 g_loss=5.06922 d_loss=0.54004 cycle_loss=0.28792 identity_loss=0.28123 grad_norm=28.51544
[ 1285.266s] step         step=16000 epoch=2 lr=0.0002 g_loss=5.97237 d_loss=0.6106 cycle_loss=0.38751 identity_loss=0.28008 grad_norm=32.61766
[ 1289.256s] step         step=16050 epoch=2 lr=0.0002 g_loss=6.42913 d_loss=0.22218 cycle_loss=0.34589 identity_loss=0.39589 grad_norm=25.63449
[ 1293.254s] step         step=16100 epoch=2 lr=0.0002 g_loss=7.33307 d_loss=0.28121 cycle_loss=0.46667 identity_loss=0.39588 grad_norm=36.98054
[ 1297.175s] step         step=16150 epoch=2 lr=0.0002 g_loss=4.75192 d_loss=0.40807 cycle_loss=0.2452 identity_loss=0.2316 grad_norm=20.64079
[ 1301.137s] step         step=16200 epoch=2 lr=0.0002 g_loss=5.23507 d_loss=0.16599 cycle_loss=0.24024 identity_loss=0.23512 grad_norm=22.78882
[ 1305.075s] step         step=16250 epoch=2 lr=0.0002 g_loss=4.89777 d_loss=0.31222 cycle_loss=0.23986 identity_loss=0.23164 grad_norm=19.83997
[ 1309.001s] step         step=16300 epoch=2 lr=0.0002 g_loss=3.72516 d_loss=0.2446 cycle_loss=0.20504 identity_loss=0.1975 grad_norm=19.56641
[ 1312.924s] step         step=16350 epoch=2 lr=0.0002 g_loss=4.76382 d_loss=0.40733 cycle_loss=0.30958 identity_loss=0.24858 grad_norm=21.55326
[ 1316.865s] step         step=16400 epoch=2 lr=0.0002 g_loss=4.05722 d_loss=0.31303 cycle_loss=0.22588 identity_loss=0.18868 grad_norm=20.82709
[ 1320.809s] step         step=16450 epoch=2 lr=0.0002 g_loss=5.79363 d_loss=0.46091 cycle_loss=0.31135 identity_loss=0.32043 grad_norm=23.86874
[ 1324.752s] step         step=16500 epoch=2 lr=0.0002 g_loss=5.72592 d_loss=0.52633 cycle_loss=0.31775 identity_loss=0.35546 grad_norm=23.78362
[ 1328.740s] step         step=16550 epoch=2 lr=0.0002 g_loss=5.11997 d_loss=0.60553 cycle_loss=0.32112 identity_loss=0.25265 grad_norm=55.01291
[ 1332.685s] step         step=16600 epoch=2 lr=0.0002 g_loss=5.24632 d_loss=0.26752 cycle_loss=0.28832 identity_loss=0.29359 grad_norm=19.99673
[ 1336.613s] step         step=16650 epoch=2 lr=0.0002 g_loss=5.52436 d_loss=0.13455 cycle_loss=0.32897 identity_loss=0.32255 grad_norm=23.16251
[ 1340.526s] step         step=16700 epoch=2 lr=0.0002 g_loss=6.52859 d_loss=0.42436 cycle_loss=0.36516 identity_loss=0.34037 grad_norm=35.38642
[ 1344.469s] step         step=16750 epoch=2 lr=0.0002 g_loss=4.79899 d_loss=0.35455 cycle_loss=0.32454 identity_loss=0.21373 grad_norm=25.05755
[ 1348.396s] step         step=16800 epoch=2 lr=0.0002 g_loss=4.90002 d_loss=0.21774 cycle_loss=0.2963 identity_loss=0.26391 grad_norm=30.64071
[ 1352.420s] step         step=16850 epoch=2 lr=0.0002 g_loss=5.60737 d_loss=0.1724 cycle_loss=0.31673 identity_loss=0.28209 grad_norm=23.50753
[ 1356.345s] step         step=16900 epoch=2 lr=0.0002 g_loss=5.85535 d_loss=0.34572 cycle_loss=0.28681 identity_loss=0.34753 grad_norm=25.83935
[ 1360.273s] step         step=16950 epoch=2 lr=0.0002 g_loss=4.47188 d_loss=0.29076 cycle_loss=0.25262 identity_loss=0.25901 grad_norm=19.45565
[ 1364.210s] step         step=17000 epoch=2 lr=0.0002 g_loss=4.62392 d_loss=0.58472 cycle_loss=0.2452 identity_loss=0.32656 grad_norm=23.52247
[ 1368.180s] step         step=17050 epoch=2 lr=0.0002 g_loss=5.42246 d_loss=0.3351 cycle_loss=0.33526 identity_loss=0.29665 grad_norm=30.24239
[ 1372.271s] step         step=17100 epoch=2 lr=0.0002 g_loss=5.82684 d_loss=0.37699 cycle_loss=0.26685 identity_loss=0.30755 grad_norm=29.45192
[ 1376.182s] step         step=17150 epoch=2 lr=0.0002 g_loss=6.4035 d_loss=0.69809 cycle_loss=0.3872 identity_loss=0.37363 grad_norm=31.50086
[ 1380.093s] step         step=17200 epoch=2 lr=0.0002 g_loss=7.53318 d_loss=0.28693 cycle_loss=0.40783 identity_loss=0.37396 grad_norm=28.32922
[ 1384.023s] step         step=17250 epoch=2 lr=0.0002 g_loss=6.60922 d_loss=0.48661 cycle_loss=0.38982 identity_loss=0.31557 grad_norm=31.14846
[ 1388.348s] step         step=17300 epoch=2 lr=0.0002 g_loss=8.31352 d_loss=0.45753 cycle_loss=0.51623 identity_loss=0.50323 grad_norm=38.58194
[ 1392.257s] step         step=17350 epoch=2 lr=0.0002 g_loss=5.78562 d_loss=0.37374 cycle_loss=0.3257 identity_loss=0.32683 grad_norm=32.87937
[ 1396.243s] step         step=17400 epoch=2 lr=0.0002 g_loss=6.05129 d_loss=0.20723 cycle_loss=0.32459 identity_loss=0.30459 grad_norm=20.37599
[ 1400.160s] step         step=17450 epoch=2 lr=0.0002 g_loss=6.369 d_loss=0.34069 cycle_loss=0.37757 identity_loss=0.33378 grad_norm=41.65319
[ 1404.155s] step         step=17500 epoch=2 lr=0.0002 g_loss=9.82423 d_loss=0.60735 cycle_loss=0.5892 identity_loss=0.5761 grad_norm=37.13651
[ 1408.133s] step         step=17550 epoch=2 lr=0.0002 g_loss=9.20829 d_loss=0.32466 cycle_loss=0.55025 identity_loss=0.55288 grad_norm=72.40275
[ 1412.075s] step         step=17600 epoch=2 lr=0.0002 g_loss=4.80224 d_loss=0.23622 cycle_loss=0.27026 identity_loss=0.32644 grad_norm=18.67437
[ 1416.132s] step         step=17650 epoch=2 lr=0.0002 g_loss=6.25807 d_loss=0.49247 cycle_loss=0.39821 identity_loss=0.26959 grad_norm=33.01686
[ 1420.074s] step         step=17700 epoch=2 lr=0.0002 g_loss=5.6195 d_loss=0.39775 cycle_loss=0.33872 identity_loss=0.30913 grad_norm=37.42037
[ 1423.986s] step         step=17750 epoch=2 lr=0.0002 g_loss=5.33564 d_loss=0.38589 cycle_loss=0.3333 identity_loss=0.26905 grad_norm=19.47313
[ 1427.980s] step         step=17800 epoch=2 lr=0.0002 g_loss=7.5704 d_loss=0.36197 cycle_loss=0.41604 identity_loss=0.42144 grad_norm=54.19791
[ 1431.941s] step         step=17850 epoch=2 lr=0.0002 g_loss=4.35446 d_loss=0.59241 cycle_loss=0.26477 identity_loss=0.23249 grad_norm=19.44191
[ 1435.923s] step         step=17900 epoch=2 lr=0.0002 g_loss=5.07564 d_loss=0.15588 cycle_loss=0.23512 identity_loss=0.20609 grad_norm=22.04909
[ 1439.966s] step         step=17950 epoch=2 lr=0.0002 g_loss=4.98491 d_loss=0.21983 cycle_loss=0.30722 identity_loss=0.301 grad_norm=25.0487
[ 1443.877s] step         step=18000 epoch=2 lr=0.0002 g_loss=4.58646 d_loss=0.2573 cycle_loss=0.25631 identity_loss=0.23272 grad_norm=19.54497
[ 1447.859s] step         step=18050 epoch=2 lr=0.0002 g_loss=9.77125 d_loss=0.43956 cycle_loss=0.61003 identity_loss=0.5673 grad_norm=37.54944
[ 1451.785s] step         step=18100 epoch=2 lr=0.0002 g_loss=4.84153 d_loss=0.26374 cycle_loss=0.24727 identity_loss=0.20533 grad_norm=14.80929
[ 1455.757s] step         step=18150 epoch=2 lr=0.0002 g_loss=5.24086 d_loss=1.33098 cycle_loss=0.31487 identity_loss=0.37913 grad_norm=21.79342
[ 1459.879s] step         step=18200 epoch=2 lr=0.0002 g_loss=4.26104 d_loss=0.15784 cycle_loss=0.26096 identity_loss=0.27985 grad_norm=20.47577
[ 1464.166s] step         step=18250 epoch=2 lr=0.0002 g_loss=5.43183 d_loss=0.15466 cycle_loss=0.31937 identity_loss=0.2415 grad_norm=27.23473
[ 1468.069s] step         step=18300 epoch=2 lr=0.0002 g_loss=4.5752 d_loss=0.21683 cycle_loss=0.25779 identity_loss=0.25326 grad_norm=26.19061
[ 1471.990s] step         step=18350 epoch=2 lr=0.0002 g_loss=6.91245 d_loss=0.3195 cycle_loss=0.36137 identity_loss=0.35015 grad_norm=33.74089
[ 1475.905s] step         step=18400 epoch=2 lr=0.0002 g_loss=6.26136 d_loss=0.41376 cycle_loss=0.40281 identity_loss=0.36804 grad_norm=39.42233
[ 1479.818s] step         step=18450 epoch=2 lr=0.0002 g_loss=5.52171 d_loss=0.14571 cycle_loss=0.33726 identity_loss=0.25921 grad_norm=24.32758
[ 1483.740s] step         step=18500 epoch=2 lr=0.0002 g_loss=5.19373 d_loss=0.10817 cycle_loss=0.31393 identity_loss=0.2454 grad_norm=37.27016
[ 1487.703s] step         step=18550 epoch=2 lr=0.0002 g_loss=4.86009 d_loss=0.19143 cycle_loss=0.22113 identity_loss=0.18051 grad_norm=29.27922
[ 1491.604s] step         step=18600 epoch=2 lr=0.0002 g_loss=8.88397 d_loss=0.14709 cycle_loss=0.48491 identity_loss=0.51774 grad_norm=50.05124
[ 1495.539s] step         step=18650 epoch=2 lr=0.0002 g_loss=5.65307 d_loss=0.404 cycle_loss=0.32569 identity_loss=0.40407 grad_norm=20.15199
[ 1499.439s] step         step=18700 epoch=2 lr=0.0002 g_loss=5.22419 d_loss=0.48684 cycle_loss=0.31941 identity_loss=0.2897 grad_norm=25.86098
[ 1503.370s] step         step=18750 epoch=2 lr=0.0002 g_loss=4.73975 d_loss=0.20812 cycle_loss=0.22587 identity_loss=0.27703 grad_norm=18.69733
[ 1507.286s] step         step=18800 epoch=2 lr=0.0002 g_loss=4.38311 d_loss=0.28546 cycle_loss=0.24605 identity_loss=0.22113 grad_norm=21.50103
[ 1511.208s] step         step=18850 epoch=2 lr=0.0002 g_loss=5.99359 d_loss=0.41127 cycle_loss=0.37841 identity_loss=0.34251 grad_norm=32.21492
[ 1515.154s] step         step=18900 epoch=2 lr=0.0002 g_loss=4.17733 d_loss=0.42282 cycle_loss=0.24399 identity_loss=0.20018 grad_norm=19.05182
[ 1519.053s] step         step=18950 epoch=2 lr=0.0002 g_loss=6.98083 d_loss=0.19842 cycle_loss=0.41499 identity_loss=0.41109 grad_norm=29.80351
[ 1523.042s] step         step=19000 epoch=2 lr=0.0002 g_loss=3.44866 d_loss=0.42076 cycle_loss=0.22394 identity_loss=0.19846 grad_norm=22.26888
[ 1527.054s] step         step=19050 epoch=2 lr=0.0002 g_loss=5.78956 d_loss=0.24053 cycle_loss=0.32492 identity_loss=0.24793 grad_norm=33.23554
[ 1530.969s] step         step=19100 epoch=2 lr=0.0002 g_loss=5.29423 d_loss=0.31062 cycle_loss=0.27636 identity_loss=0.22818 grad_norm=30.52824
[ 1534.899s] step         step=19150 epoch=2 lr=0.0002 g_loss=4.79836 d_loss=0.46023 cycle_loss=0.25352 identity_loss=0.24345 grad_norm=25.03374
[ 1538.844s] step         step=19200 epoch=2 lr=0.0002 g_loss=4.25603 d_loss=0.19188 cycle_loss=0.22957 identity_loss=0.21244 grad_norm=17.95872
[ 1542.774s] step         step=19250 epoch=2 lr=0.0002 g_loss=3.95625 d_loss=0.50711 cycle_loss=0.21399 identity_loss=0.20899 grad_norm=22.94882
[ 1546.831s] step         step=19300 epoch=2 lr=0.0002 g_loss=4.95927 d_loss=0.44244 cycle_loss=0.31717 identity_loss=0.23153 grad_norm=28.66025
[ 1551.136s] step         step=19350 epoch=2 lr=0.0002 g_loss=5.72162 d_loss=0.15911 cycle_loss=0.32998 identity_loss=0.2346 grad_norm=33.24564
[ 1555.062s] step         step=19400 epoch=2 lr=0.0002 g_loss=4.44885 d_loss=0.43256 cycle_loss=0.249 identity_loss=0.24277 grad_norm=30.04638
[ 1559.007s] step         step=19450 epoch=2 lr=0.0002 g_loss=5.13922 d_loss=0.26814 cycle_loss=0.35055 identity_loss=0.17209 grad_norm=39.11061
[ 1562.949s] step         step=19500 epoch=2 lr=0.0002 g_loss=6.12333 d_loss=0.26451 cycle_loss=0.2744 identity_loss=0.25924 grad_norm=33.51632
[ 1566.945s] step         step=19550 epoch=2 lr=0.0002 g_loss=4.91475 d_loss=0.44291 cycle_loss=0.26561 identity_loss=0.26034 grad_norm=25.33018
[ 1570.895s] step         step=19600 epoch=2 lr=0.0002 g_loss=7.81192 d_loss=0.36371 cycle_loss=0.52148 identity_loss=0.39316 grad_norm=56.02605
[ 1574.851s] step         step=19650 epoch=2 lr=0.0002 g_loss=4.24753 d_loss=0.73826 cycle_loss=0.24844 identity_loss=0.27295 grad_norm=24.07961
[ 1578.920s] step         step=19700 epoch=2 lr=0.0002 g_loss=4.48196 d_loss=0.29534 cycle_loss=0.22555 identity_loss=0.21759 grad_norm=24.91381
[ 1583.174s] step         step=19750 epoch=2 lr=0.0002 g_loss=5.55907 d_loss=0.45735 cycle_loss=0.35589 identity_loss=0.31816 grad_norm=24.30987
[ 1587.136s] step         step=19800 epoch=2 lr=0.0002 g_loss=5.3845 d_loss=0.74607 cycle_loss=0.30363 identity_loss=0.26122 grad_norm=25.84107
[ 1591.057s] step         step=19850 epoch=2 lr=0.0002 g_loss=5.92172 d_loss=0.18633 cycle_loss=0.2864 identity_loss=0.25333 grad_norm=36.65485
[ 1594.985s] step         step=19900 epoch=2 lr=0.0002 g_loss=6.12695 d_loss=0.29769 cycle_loss=0.31425 identity_loss=0.38328 grad_norm=46.5445
[ 1598.956s] step         step=19950 epoch=2 lr=0.0002 g_loss=3.96059 d_loss=0.37611 cycle_loss=0.2212 identity_loss=0.21106 grad_norm=22.91227
[ 1603.223s] step         step=20000 epoch=2 lr=0.0002 g_loss=7.24575 d_loss=0.2439 cycle_loss=0.46779 identity_loss=0.33905 grad_norm=31.85936
[ 1607.829s] step         step=20050 epoch=2 lr=0.0002 g_loss=4.78482 d_loss=0.32322 cycle_loss=0.20186 identity_loss=0.21824 grad_norm=20.93422
[ 1612.809s] step         step=20100 epoch=2 lr=0.0002 g_loss=4.17611 d_loss=0.76216 cycle_loss=0.28319 identity_loss=0.22114 grad_norm=25.63363
[ 1617.840s] step         step=20150 epoch=2 lr=0.0002 g_loss=5.69145 d_loss=0.54839 cycle_loss=0.32202 identity_loss=0.36399 grad_norm=27.67668
[ 1621.854s] step         step=20200 epoch=2 lr=0.0002 g_loss=4.21524 d_loss=0.4832 cycle_loss=0.23055 identity_loss=0.27445 grad_norm=20.05784
[ 1625.782s] step         step=20250 epoch=2 lr=0.0002 g_loss=4.6154 d_loss=0.25379 cycle_loss=0.28664 identity_loss=0.22398 grad_norm=18.18244
[ 1629.715s] step         step=20300 epoch=2 lr=0.0002 g_loss=4.3768 d_loss=0.42663 cycle_loss=0.25564 identity_loss=0.23243 grad_norm=25.01717
[ 1633.675s] step         step=20350 epoch=2 lr=0.0002 g_loss=3.94685 d_loss=0.76626 cycle_loss=0.23545 identity_loss=0.23189 grad_norm=20.13299
[ 1637.634s] step         step=20400 epoch=2 lr=0.0002 g_loss=5.76357 d_loss=0.26205 cycle_loss=0.33378 identity_loss=0.32765 grad_norm=29.39467
[ 1641.580s] step         step=20450 epoch=2 lr=0.0002 g_loss=3.80504 d_loss=0.26789 cycle_loss=0.19246 identity_loss=0.18908 grad_norm=18.25539
[ 1645.525s] step         step=20500 epoch=2 lr=0.0002 g_loss=5.87888 d_loss=0.46685 cycle_loss=0.33834 identity_loss=0.32931 grad_norm=18.44774
[ 1649.528s] step         step=20550 epoch=2 lr=0.0002 g_loss=5.11806 d_loss=0.48518 cycle_loss=0.26266 identity_loss=0.28659 grad_norm=26.58039
[ 1653.459s] step         step=20600 epoch=2 lr=0.0002 g_loss=6.36439 d_loss=0.30581 cycle_loss=0.38578 identity_loss=0.33858 grad_norm=43.2424
[ 1657.388s] step         step=20650 epoch=2 lr=0.0002 g_loss=4.22568 d_loss=0.26712 cycle_loss=0.25166 identity_loss=0.24841 grad_norm=16.65825
[ 1661.303s] step         step=20700 epoch=2 lr=0.0002 g_loss=5.09812 d_loss=0.29326 cycle_loss=0.26577 identity_loss=0.27876 grad_norm=34.88125
[ 1665.247s] step         step=20750 epoch=2 lr=0.0002 g_loss=4.63834 d_loss=0.25684 cycle_loss=0.2657 identity_loss=0.28337 grad_norm=12.91076
[ 1669.485s] step         step=20800 epoch=2 lr=0.0002 g_loss=5.89222 d_loss=0.27554 cycle_loss=0.36568 identity_loss=0.27864 grad_norm=27.51988
[ 1673.615s] step         step=20850 epoch=2 lr=0.0002 g_loss=4.63259 d_loss=0.46885 cycle_loss=0.24945 identity_loss=0.21569 grad_norm=24.66504
[ 1677.558s] step         step=20900 epoch=2 lr=0.0002 g_loss=5.24897 d_loss=0.26777 cycle_loss=0.2927 identity_loss=0.29344 grad_norm=23.50065
[ 1681.488s] step         step=20950 epoch=2 lr=0.0002 g_loss=4.50237 d_loss=0.60302 cycle_loss=0.28057 identity_loss=0.23865 grad_norm=27.89946
[ 1685.429s] step         step=21000 epoch=2 lr=0.0002 g_loss=4.96896 d_loss=0.65559 cycle_loss=0.29685 identity_loss=0.26815 grad_norm=29.30046
[ 1689.457s] step         step=21050 epoch=2 lr=0.0002 g_loss=3.79551 d_loss=0.36567 cycle_loss=0.23004 identity_loss=0.22497 grad_norm=17.86559
[ 1693.708s] step         step=21100 epoch=2 lr=0.0002 g_loss=6.02093 d_loss=0.70521 cycle_loss=0.35162 identity_loss=0.34147 grad_norm=31.25771
[ 1694.965s] epoch        epoch=2 step=21114 seconds=1681.0
[ 1695.271s] checkpoint   epoch=3 step=21114
[ 1698.365s] step         step=21150 epoch=3 lr=0.0002 g_loss=5.14888 d_loss=0.14471 cycle_loss=0.27467 identity_loss=0.2495 grad_norm=25.04152
[ 1702.435s] step         step=21200 epoch=3 lr=0.0002 g_loss=6.50403 d_loss=0.27466 cycle_loss=0.43423 identity_loss=0.26832 grad_norm=34.67277
[ 1706.691s] step         step=21250 epoch=3 lr=0.0002 g_loss=5.28341 d_loss=0.23486 cycle_loss=0.27185 identity_loss=0.25573 grad_norm=19.94049
[ 1710.633s] step         step=21300 epoch=3 lr=0.0002 g_loss=4.46052 d_loss=0.23183 cycle_loss=0.23674 identity_loss=0.23716 grad_norm=22.26509
[ 1714.525s] step         step=21350 epoch=3 lr=0.0002 g_loss=4.67431 d_loss=0.31593 cycle_loss=0.29832 identity_loss=0.23278 grad_norm=16.66669
[ 1718.430s] step         step=21400 epoch=3 lr=0.0002 g_loss=4.73383 d_loss=0.24765 cycle_loss=0.23552 identity_loss=0.24383 grad_norm=21.85924
[ 1722.364s] step         step=21450 epoch=3 lr=0.0002 g_loss=4.65969 d_loss=0.14454 cycle_loss=0.26578 identity_loss=0.24874 grad_norm=25.63345
[ 1726.550s] step         step=21500 epoch=3 lr=0.0002 g_loss=4.44707 d_loss=0.35717 cycle_loss=0.23579 identity_loss=0.22654 grad_norm=21.30286
[ 1730.697s] step         step=21550 epoch=3 lr=0.0002 g_loss=5.12509 d_loss=0.33065 cycle_loss=0.29821 identity_loss=0.30188 grad_norm=26.5468
[ 1735.172s] step         step=21600 epoch=3 lr=0.0002 g_loss=7.05303 d_loss=0.31962 cycle_loss=0.39365 identity_loss=0.35905 grad_norm=30.63776
[ 1739.178s] step         step=21650 epoch=3 lr=0.0002 g_loss=4.38113 d_loss=0.43264 cycle_loss=0.26076 identity_loss=0.23496 grad_norm=25.53328
[ 1743.625s] step         step=21700 epoch=3 lr=0.0002 g_loss=6.06768 d_loss=0.77449 cycle_loss=0.36378 identity_loss=0.32862 grad_norm=27.80532
[ 1747.591s] step         step=21750 epoch=3 lr=0.0002 g_loss=5.00936 d_loss=0.27578 cycle_loss=0.27856 identity_loss=0.21875 grad_norm=23.69332
[ 1751.571s] step         step=21800 epoch=3 lr=0.0002 g_loss=5.4568 d_loss=0.24019 cycle_loss=0.31798 identity_loss=0.33095 grad_norm=20.23351
[ 1755.516s] step         step=21850 epoch=3 lr=0.0002 g_loss=3.47315 d_loss=0.20572 cycle_loss=0.20638 identity_loss=0.16918 grad_norm=13.86796
[ 1759.494s] step         step=21900 epoch=3 lr=0.0002 g_loss=4.04574 d_loss=0.34386 cycle_loss=0.26202 identity_loss=0.21453 grad_norm=20.93291
[ 1763.438s] step         step=21950 epoch=3 lr=0.0002 g_loss=5.30717 d_loss=0.13114 cycle_loss=0.254 identity_loss=0.18846 grad_norm=24.75757
[ 1767.350s] step         step=22000 epoch=3 lr=0.0002 g_loss=6.20282 d_loss=0.2382 cycle_loss=0.31337 identity_loss=0.3825 grad_norm=25.24723
[ 1771.318s] step         step=22050 epoch=3 lr=0.0002 g_loss=4.39173 d_loss=0.48109 cycle_loss=0.22235 identity_loss=0.22223 grad_norm=13.61977
[ 1775.243s] step         step=22100 epoch=3 lr=0.0002 g_loss=6.61482 d_loss=0.28827 cycle_loss=0.37073 identity_loss=0.31558 grad_norm=25.78421
[ 1779.155s] step         step=22150 epoch=3 lr=0.0002 g_loss=4.96778 d_loss=0.40738 cycle_loss=0.27104 identity_loss=0.24199 grad_norm=24.97378
[ 1783.066s] step         step=22200 epoch=3 lr=0.0002 g_loss=4.83488 d_loss=0.29611 cycle_loss=0.28892 identity_loss=0.2581 grad_norm=24.54582
[ 1786.979s] step         step=22250 epoch=3 lr=0.0002 g_loss=4.35377 d_loss=0.11047 cycle_loss=0.21252 identity_loss=0.18641 grad_norm=15.39653
[ 1790.916s] step         step=22300 epoch=3 lr=0.0002 g_loss=5.31214 d_loss=0.47089 cycle_loss=0.27493 identity_loss=0.25929 grad_norm=18.64264
[ 1794.938s] step         step=22350 epoch=3 lr=0.0002 g_loss=3.77362 d_loss=0.45143 cycle_loss=0.20585 identity_loss=0.20089 grad_norm=19.19073
[ 1798.834s] step         step=22400 epoch=3 lr=0.0002 g_loss=5.41582 d_loss=0.15942 cycle_loss=0.28335 identity_loss=0.28324 grad_norm=30.8754
[ 1802.757s] step         step=22450 epoch=3 lr=0.0002 g_loss=4.13312 d_loss=0.23348 cycle_loss=0.20031 identity_loss=0.1615 grad_norm=19.50517
[ 1806.673s] step         step=22500 epoch=3 lr=0.0002 g_loss=4.60867 d_loss=0.56223 cycle_loss=0.23661 identity_loss=0.23143 grad_norm=24.376
[ 1810.622s] step         step=22550 epoch=3 lr=0.0002 g_loss=4.1738 d_loss=0.27787 cycle_loss=0.21815 identity_loss=0.2348 grad_norm=22.68308
[ 1814.525s] step         step=22600 epoch=3 lr=0.0002 g_loss=5.20139 d_loss=0.41882 cycle_loss=0.27164 identity_loss=0.25247 grad_norm=23.39228
[ 1818.444s] step         step=22650 epoch=3 lr=0.0002 g_loss=4.16366 d_loss=0.53418 cycle_loss=0.22777 identity_loss=0.18835 grad_norm=17.05437
[ 1822.453s] step         step=22700 epoch=3 lr=0.0002 g_loss=4.72887 d_loss=0.24361 cycle_loss=0.25893 identity_loss=0.25936 grad_norm=23.51674
[ 1826.361s] step         step=22750 epoch=3 lr=0.0002 g_loss=4.36799 d_loss=0.46629 cycle_loss=0.2625 identity_loss=0.25007 grad_norm=25.51004
[ 1830.273s] step         step=22800 epoch=3 lr=0.0002 g_loss=4.51673 d_loss=0.24377 cycle_loss=0.20494 identity_loss=0.21789 grad_norm=15.78819
[ 1834.175s] step         step=22850 epoch=3 lr=0.0002 g_loss=4.57863 d_loss=0.37467 cycle_loss=0.26076 identity_loss=0.25137 grad_norm=21.5657
[ 1838.057s] step         step=22900 epoch=3 lr=0.0002 g_loss=5.03905 d_loss=0.25665 cycle_loss=0.2641 identity_loss=0.22203 grad_norm=64.49141
[ 1841.948s] step         step=22950 epoch=3 lr=0.0002 g_loss=5.83373 d_loss=0.35686 cycle_loss=0.32689 identity_loss=0.2786 grad_norm=38.57741
[ 1845.839s] step         step=23000 epoch=3 lr=0.0002 g_loss=5.50921 d_loss=0.1575 cycle_loss=0.30494 identity_loss=0.34317 grad_norm=32.97305
[ 1849.846s] step         step=23050 epoch=3 lr=0.0002 g_loss=4.93312 d_loss=0.31281 cycle_loss=0.31245 identity_loss=0.23425 grad_norm=33.51888
[ 1853.750s] step         step=23100 epoch=3 lr=0.0002 g_loss=3.84862 d_loss=0.31549 cycle_loss=0.24692 identity_loss=0.2175 grad_norm=18.57242
[ 1857.648s] step         step=23150 epoch=3 lr=0.0002 g_loss=5.78495 d_loss=0.08469 cycle_loss=0.32102 identity_loss=0.2275 grad_norm=27.5071
[ 1861.556s] step         step=23200 epoch=3 lr=0.0002 g_loss=5.17328 d_loss=0.36055 cycle_loss=0.29166 identity_loss=0.26767 grad_norm=25.94258
[ 1865.461s] step         step=23250 epoch=3 lr=0.0002 g_loss=5.48047 d_loss=0.49675 cycle_loss=0.31301 identity_loss=0.33334 grad_norm=28.71692
[ 1869.440s] step         step=23300 epoch=3 lr=0.0002 g_loss=4.99701 d_loss=0.10498 cycle_loss=0.25299 identity_loss=0.18871 grad_norm=22.3271
[ 1873.352s] step         step=23350 epoch=3 lr=0.0002 g_loss=5.35391 d_loss=0.21168 cycle_loss=0.29085 identity_loss=0.24273 grad_norm=33.71235
[ 1877.282s] step         step=23400 epoch=3 lr=0.0002 g_loss=4.06831 d_loss=0.30672 cycle_loss=0.20447 identity_loss=0.21662 grad_norm=21.08741
[ 1881.288s] step         step=23450 epoch=3 lr=0.0002 g_loss=4.58737 d_loss=0.38209 cycle_loss=0.23345 identity_loss=0.22151 grad_norm=21.99429
[ 1885.216s] step         step=23500 epoch=3 lr=0.0002 g_loss=4.17853 d_loss=0.24776 cycle_loss=0.24061 identity_loss=0.18008 grad_norm=33.80644
[ 1889.185s] step         step=23550 epoch=3 lr=0.0002 g_loss=7.96301 d_loss=0.51008 cycle_loss=0.43941 identity_loss=0.43115 grad_norm=42.57778
[ 1893.189s] step         step=23600 epoch=3 lr=0.0002 g_loss=4.59498 d_loss=0.263 cycle_loss=0.24496 identity_loss=0.25449 grad_norm=23.14575
[ 1897.103s] step         step=23650 epoch=3 lr=0.0002 g_loss=5.50632 d_loss=0.25917 cycle_loss=0.3345 identity_loss=0.28199 grad_norm=32.67852
[ 1901.020s] step         step=23700 epoch=3 lr=0.0002 g_loss=4.19696 d_loss=0.11229 cycle_loss=0.21893 identity_loss=0.19542 grad_norm=18.91241
[ 1904.952s] step         step=23750 epoch=3 lr=0.0002 g_loss=5.94339 d_loss=0.37352 cycle_loss=0.3489 identity_loss=0.3656 grad_norm=32.14921
[ 1908.932s] step         step=23800 epoch=3 lr=0.0002 g_loss=4.64684 d_loss=0.24211 cycle_loss=0.24947 identity_loss=0.25938 grad_norm=22.84191
[ 1912.860s] step         step=23850 epoch=3 lr=0.0002 g_loss=4.71532 d_loss=0.1742 cycle_loss=0.25777 identity_loss=0.27488 grad_norm=23.92882
[ 1916.758s] step         step=23900 epoch=3 lr=0.0002 g_loss=7.43762 d_loss=0.16241 cycle_loss=0.39461 identity_loss=0.40394 grad_norm=39.36041
[ 1920.694s] step         step=23950 epoch=3 lr=0.0002 g_loss=4.71424 d_loss=0.2638 cycle_loss=0.22831 identity_loss=0.28015 grad_norm=24.82577
[ 1924.628s] step         step=24000 epoch=3 lr=0.0002 g_loss=5.37589 d_loss=0.24704 cycle_loss=0.31159 identity_loss=0.21915 grad_norm=30.19269
[ 1928.624s] step         step=24050 epoch=3 lr=0.0002 g_loss=4.15915 d_loss=0.20525 cycle_loss=0.23726 identity_loss=0.19539 grad_norm=17.98868
[ 1932.564s] step         step=24100 epoch=3 lr=0.0002 g_loss=5.19033 d_loss=0.33283 cycle_loss=0.30503 identity_loss=0.27779 grad_norm=23.90844
[ 1936.500s] step         step=24150 epoch=3 lr=0.0002 g_loss=5.23157 d_loss=0.16414 cycle_loss=0.24032 identity_loss=0.33625 grad_norm=23.14026
[ 1940.644s] step         step=24200 epoch=3 lr=0.0002 g_loss=3.7598 d_loss=0.12449 cycle_loss=0.17396 identity_loss=0.16412 grad_norm=12.98338
[ 1944.588s] step         step=24250 epoch=3 lr=0.0002 g_loss=5.24815 d_loss=0.33483 cycle_loss=0.23214 identity_loss=0.27356 grad_norm=19.55138
[ 1948.526s] step         step=24300 epoch=3 lr=0.0002 g_loss=5.01305 d_loss=0.21732 cycle_loss=0.25939 identity_loss=0.25295 grad_norm=24.2247
[ 1952.474s] step         step=24350 epoch=3 lr=0.0002 g_loss=4.99025 d_loss=0.46432 cycle_loss=0.31201 identity_loss=0.23549 grad_norm=25.18162
[ 1956.389s] step         step=24400 epoch=3 lr=0.0002 g_loss=4.46986 d_loss=0.45639 cycle_loss=0.20655 identity_loss=0.19161 grad_norm=23.46566
[ 1960.317s] step         step=24450 epoch=3 lr=0.0002 g_loss=5.34446 d_loss=0.51246 cycle_loss=0.29761 identity_loss=0.24821 grad_norm=29.38702
[ 1964.256s] step         step=24500 epoch=3 lr=0.0002 g_loss=5.07218 d_loss=0.3271 cycle_loss=0.28689 identity_loss=0.28464 grad_norm=22.29753
[ 1968.236s] step         step=24550 epoch=3 lr=0.0002 g_loss=3.98582 d_loss=0.30841 cycle_loss=0.2063 identity_loss=0.20718 grad_norm=21.02879
[ 1972.271s] step         step=24600 epoch=3 lr=0.0002 g_loss=4.44442 d_loss=0.25938 cycle_loss=0.21842 identity_loss=0.20753 grad_norm=12.02514
[ 1976.200s] step         step=24650 epoch=3 lr=0.0002 g_loss=4.19547 d_loss=0.38524 cycle_loss=0.2243 identity_loss=0.24922 grad_norm=26.95832
[ 1980.114s] step         step=24700 epoch=3 lr=0.0002 g_loss=4.74798 d_loss=0.30739 cycle_loss=0.23354 identity_loss=0.20358 grad_norm=22.52618
[ 1984.055s] step         step=24750 epoch=3 lr=0.0002 g_loss=4.05809 d_loss=0.39524 cycle_loss=0.21682 identity_loss=0.22614 grad_norm=13.52659
[ 1987.973s] step         step=24800 epoch=3 lr=0.0002 g_loss=3.96134 d_loss=0.29784 cycle_loss=0.21394 identity_loss=0.22138 grad_norm=19.31497
[ 1991.880s] step         step=24850 epoch=3 lr=0.0002 g_loss=5.18326 d_loss=0.54786 cycle_loss=0.3307 identity_loss=0.31485 grad_norm=28.39334
[ 1995.792s] step         step=24900 epoch=3 lr=0.0002 g_loss=4.60645 d_loss=0.34921 cycle_loss=0.31026 identity_loss=0.21576 grad_norm=34.03536
[ 1999.687s] step         step=24950 epoch=3 lr=0.0002 g_loss=7.57647 d_loss=0.25386 cycle_loss=0.41726 identity_loss=0.30214 grad_norm=50.96466
[ 2003.626s] step         step=25000 epoch=3 lr=0.0002 g_loss=4.28571 d_loss=0.22965 cycle_loss=0.22825 identity_loss=0.17373 grad_norm=20.91011
[ 2007.591s] step         step=25050 epoch=3 lr=0.0002 g_loss=5.88329 d_loss=0.14463 cycle_loss=0.32967 identity_loss=0.22542 grad_norm=32.1059
[ 2011.506s] step         step=25100 epoch=3 lr=0.0002 g_loss=5.90839 d_loss=0.53949 cycle_loss=0.35438 identity_loss=0.25287 grad_norm=37.58253
[ 2015.416s] step         step=25150 epoch=3 lr=0.0002 g_loss=4.11187 d_loss=0.32917 cycle_loss=0.21359 identity_loss=0.2194 grad_norm=27.99988
[ 2019.315s] step         step=25200 epoch=3 lr=0.0002 g_loss=4.91448 d_loss=0.45599 cycle_loss=0.28964 identity_loss=0.29737 grad_norm=25.31228
[ 2023.777s] step         step=25250 epoch=3 lr=0.0002 g_loss=3.99175 d_loss=0.29372 cycle_loss=0.2092 identity_loss=0.22424 grad_norm=22.69148
[ 2027.793s] step         step=25300 epoch=3 lr=0.0002 g_loss=8.94493 d_loss=0.23321 cycle_loss=0.57965 identity_loss=0.40789 grad_norm=42.85189
[ 2031.710s] step         step=25350 epoch=3 lr=0.0002 g_loss=6.98584 d_loss=0.232 cycle_loss=0.41052 identity_loss=0.38016 grad_norm=33.00296
[ 2035.624s] step         step=25400 epoch=3 lr=0.0002 g_loss=4.90415 d_loss=0.19563 cycle_loss=0.25359 identity_loss=0.25186 grad_norm=27.81571
[ 2039.535s] step         step=25450 epoch=3 lr=0.0002 g_loss=5.61774 d_loss=0.21931 cycle_loss=0.26702 identity_loss=0.32932 grad_norm=25.83981
[ 2043.445s] step         step=25500 epoch=3 lr=0.0002 g_loss=4.93976 d_loss=0.42508 cycle_loss=0.28633 identity_loss=0.22745 grad_norm=25.04468
[ 2047.441s] step         step=25550 epoch=3 lr=0.0002 g_loss=4.02297 d_loss=0.50028 cycle_loss=0.20587 identity_loss=0.19641 grad_norm=26.79364
[ 2051.405s] step         step=25600 epoch=3 lr=0.0002 g_loss=4.11686 d_loss=0.11134 cycle_loss=0.1873 identity_loss=0.15841 grad_norm=20.55794
[ 2055.384s] step         step=25650 epoch=3 lr=0.0002 g_loss=5.06467 d_loss=0.46989 cycle_loss=0.29303 identity_loss=0.27574 grad_norm=24.17404
[ 2059.362s] step         step=25700 epoch=3 lr=0.0002 g_loss=6.57322 d_loss=0.28907 cycle_loss=0.37027 identity_loss=0.31179 grad_norm=43.79398
[ 2063.287s] step         step=25750 epoch=3 lr=0.0002 g_loss=5.87927 d_loss=0.55157 cycle_loss=0.37096 identity_loss=0.34315 grad_norm=19.63424
[ 2067.207s] step         step=25800 epoch=3 lr=0.0002 g_loss=5.48901 d_loss=0.19706 cycle_loss=0.24571 identity_loss=0.21815 grad_norm=33.50598
[ 2071.204s] step         step=25850 epoch=3 lr=0.0002 g_loss=4.45913 d_loss=0.44267 cycle_loss=0.25518 identity_loss=0.21852 grad_norm=15.96083
[ 2075.126s] step         step=25900 epoch=3 lr=0.0002 g_loss=5.5563 d_loss=0.28608 cycle_loss=0.27316 identity_loss=0.32547 grad_norm=18.04173
[ 2079.045s] step         step=25950 epoch=3 lr=0.0002 g_loss=3.84461 d_loss=0.32328 cycle_loss=0.19931 identity_loss=0.15774 grad_norm=19.40746
[ 2083.117s] step         step=26000 epoch=3 lr=0.0002 g_loss=4.49795 d_loss=0.62514 cycle_loss=0.24273 identity_loss=0.28341 grad_norm=32.67884
[ 2087.084s] step         step=26050 epoch=3 lr=0.0002 g_loss=4.54549 d_loss=0.09419 cycle_loss=0.2235 identity_loss=0.24107 grad_norm=31.29147
[ 2091.014s] step         step=26100 epoch=3 lr=0.0002 g_loss=4.7799 d_loss=0.63486 cycle_loss=0.21967 identity_loss=0.23496 grad_norm=16.516
[ 2094.943s] step         step=26150 epoch=3 lr=0.0002 g_loss=3.8736 d_loss=0.87517 cycle_loss=0.21895 identity_loss=0.25449 grad_norm=26.29765
[ 2098.854s] step         step=26200 epoch=3 lr=0.0002 g_loss=4.56248 d_loss=0.32301 cycle_loss=0.25458 identity_loss=0.27842 grad_norm=17.30248
[ 2102.799s] step         step=26250 epoch=3 lr=0.0002 g_loss=4.59746 d_loss=0.24751 cycle_loss=0.23244 identity_loss=0.20678 grad_norm=22.65448
[ 2106.713s] step         step=26300 epoch=3 lr=0.0002 g_loss=6.09347 d_loss=0.13832 cycle_loss=0.33013 identity_loss=0.33114 grad_norm=41.14251
[ 2110.657s] step         step=26350 epoch=3 lr=0.0002 g_loss=5.3132 d_loss=0.68474 cycle_loss=0.30217 identity_loss=0.30543 grad_norm=22.046
[ 2114.572s] step         step=26400 epoch=3 lr=0.0002 g_loss=6.18997 d_loss=0.08222 cycle_loss=0.32953 identity_loss=0.29445 grad_norm=35.26031
[ 2118.487s] step         step=26450 epoch=3 lr=0.0002 g_loss=5.44058 d_loss=0.23948 cycle_loss=0.31917 identity_loss=0.25001 grad_norm=30.49323
[ 2122.807s] step         step=26500 epoch=3 lr=0.0002 g_loss=4.80354 d_loss=0.30882 cycle_loss=0.26569 identity_loss=0.22857 grad_norm=21.13008
[ 2127.354s] step         step=26550 epoch=3 lr=0.0002 g_loss=4.97129 d_loss=0.22955 cycle_loss=0.25229 identity_loss=0.18825 grad_norm=19.11608
[ 2131.996s] step         step=26600 epoch=3 lr=0.0002 g_loss=4.54313 d_loss=0.09072 cycle_loss=0.21087 identity_loss=0.20385 grad_norm=20.93529
[ 2136.645s] step         step=26650 epoch=3 lr=0.0002 g_loss=5.42511 d_loss=0.26958 cycle_loss=0.30103 identity_loss=0.25485 grad_norm=25.71109
[ 2141.077s] step         step=26700 epoch=3 lr=0.0002 g_loss=5.08435 d_loss=0.10828 cycle_loss=0.24925 identity_loss=0.25785 grad_norm=19.93996
[ 2145.075s] step         step=26750 epoch=3 lr=0.0002 g_loss=4.56043 d_loss=0.06531 cycle_loss=0.21358 identity_loss=0.13548 grad_norm=20.77682
[ 2149.084s] step         step=26800 epoch=3 lr=0.0002 g_loss=4.57622 d_loss=0.68468 cycle_loss=0.2735 identity_loss=0.31318 grad_norm=24.32255
[ 2153.146s] step         step=26850 epoch=3 lr=0.0002 g_loss=4.27358 d_loss=0.22221 cycle_loss=0.20866 identity_loss=0.21593 grad_norm=19.79367
[ 2157.156s] step         step=26900 epoch=3 lr=0.0002 g_loss=5.67218 d_loss=0.36423 cycle_loss=0.34904 identity_loss=0.27712 grad_norm=37.05231
[ 2161.163s] step         step=26950 epoch=3 lr=0.0002 g_loss=4.37637 d_loss=0.30287 cycle_loss=0.21392 identity_loss=0.22654 grad_norm=21.83948
[ 2165.169s] step         step=27000 epoch=3 lr=0.0002 g_loss=5.38066 d_loss=0.08754 cycle_loss=0.28084 identity_loss=0.24328 grad_norm=29.36509
[ 2169.219s] step         step=27050 epoch=3 lr=0.0002 g_loss=3.52416 d_loss=0.3649 cycle_loss=0.19801 identity_loss=0.19498 grad_norm=20.47227
[ 2173.229s] step         step=27100 epoch=3 lr=0.0002 g_loss=3.67304 d_loss=0.30875 cycle_loss=0.22352 identity_loss=0.18953 grad_norm=20.26711
[ 2177.235s] step         step=27150 epoch=3 lr=0.0002 g_loss=4.41114 d_loss=0.38502 cycle_loss=0.28737 identity_loss=0.24234 grad_norm=24.59083
[ 2181.249s] step         step=27200 epoch=3 lr=0.0002 g_loss=4.47739 d_loss=0.32894 cycle_loss=0.21198 identity_loss=0.26808 grad_norm=26.89265
[ 2185.281s] step         step=27250 epoch=3 lr=0.0002 g_loss=7.15985 d_loss=0.33222 cycle_loss=0.43395 identity_loss=0.33676 grad_norm=84.08211
[ 2189.298s] step         step=27300 epoch=3 lr=0.0002 g_loss=5.18702 d_loss=0.3449 cycle_loss=0.27409 identity_loss=0.26713 grad_norm=25.49634
[ 2193.347s] step         step=27350 epoch=3 lr=0.0002 g_loss=4.87199 d_loss=0.15098 cycle_loss=0.26867 identity_loss=0.20122 grad_norm=30.11302
[ 2197.365s] step         step=27400 epoch=3 lr=0.0002 g_loss=5.462 d_loss=0.19112 cycle_loss=0.28588 identity_loss=0.2525 grad_norm=26.32698
[ 2201.393s] step         step=27450 epoch=3 lr=0.0002 g_loss=4.92717 d_loss=0.30832 cycle_loss=0.26879 identity_loss=0.20958 grad_norm=26.80192
[ 2205.401s] step         step=27500 epoch=3 lr=0.0002 g_loss=4.56216 d_loss=0.21973 cycle_loss=0.26008 identity_loss=0.23226 grad_norm=34.90514
[ 2209.473s] step         step=27550 epoch=3 lr=0.0002 g_loss=5.18556 d_loss=0.57356 cycle_loss=0.26161 identity_loss=0.34451 grad_norm=24.46748
[ 2213.493s] step         step=27600 epoch=3 lr=0.0002 g_loss=4.96297 d_loss=0.41721 cycle_loss=0.24239 identity_loss=0.25337 grad_norm=19.50002
[ 2217.490s] step         step=27650 epoch=3 lr=0.0002 g_loss=4.35316 d_loss=0.37522 cycle_loss=0.23223 identity_loss=0.27417 grad_norm=22.77768
[ 2221.504s] step         step=27700 epoch=3 lr=0.0002 g_loss=5.36313 d_loss=0.55306 cycle_loss=0.29585 identity_loss=0.23805 grad_norm=28.00035
[ 2225.503s] step         step=27750 epoch=3 lr=0.0002 g_loss=4.93799 d_loss=0.34242 cycle_loss=0.2545 identity_loss=0.25126 grad_norm=29.47687
[ 2229.531s] step         step=27800 epoch=3 lr=0.0002 g_loss=5.40925 d_loss=0.37843 cycle_loss=0.32092 identity_loss=0.29889 grad_norm=35.88288
[ 2233.555s] step         step=27850 epoch=3 lr=0.0002 g_loss=4.79352 d_loss=0.27122 cycle_loss=0.23149 identity_loss=0.17526 grad_norm=17.76313
[ 2237.564s] step         step=27900 epoch=3 lr=0.0002 g_loss=4.31202 d_loss=0.19091 cycle_loss=0.26353 identity_loss=0.26873 grad_norm=25.20706
[ 2241.597s] step         step=27950 epoch=3 lr=0.0002 g_loss=5.23005 d_loss=0.4229 cycle_loss=0.30343 identity_loss=0.24108 grad_norm=32.3134
[ 2245.704s] step         step=28000 epoch=3 lr=0.0002 g_loss=4.44421 d_loss=0.2348 cycle_loss=0.25907 identity_loss=0.23068 grad_norm=24.6428
[ 2249.749s] step         step=28050 epoch=3 lr=0.0002 g_loss=4.18036 d_loss=0.16377 cycle_loss=0.20792 identity_loss=0.21783 grad_norm=17.34581
[ 2253.801s] step         step=28100 epoch=3 lr=0.0002 g_loss=4.31913 d_loss=0.36194 cycle_loss=0.21164 identity_loss=0.17079 grad_norm=18.8227
[ 2257.812s] step         step=28150 epoch=3 lr=0.0002 g_loss=5.33932 d_loss=0.44158 cycle_loss=0.30097 identity_loss=0.2961 grad_norm=39.01744
[ 2257.970s] epoch        epoch=3 step=28152 seconds=2244.0
[ 2258.255s] checkpoint   epoch=4 step=28152
[ 2262.139s] step         step=28200 epoch=4 lr=0.0002 g_loss=4.9716 d_loss=0.13544 cycle_loss=0.2184 identity_loss=0.21847 grad_norm=14.49648
[ 2266.161s] step         step=28250 epoch=4 lr=0.0002 g_loss=4.0211 d_loss=0.31637 cycle_loss=0.20434 identity_loss=0.21047 grad_norm=18.72516
[ 2270.234s] step         step=28300 epoch=4 lr=0.0002 g_loss=3.74815 d_loss=0.31077 cycle_loss=0.20172 identity_loss=0.18462 grad_norm=22.48974
[ 2274.303s] step         step=28350 epoch=4 lr=0.0002 g_loss=7.53464 d_loss=0.36416 cycle_loss=0.39978 identity_loss=0.42271 grad_norm=30.73106
[ 2278.311s] step         step=28400 epoch=4 lr=0.0002 g_loss=4.35373 d_loss=0.27503 cycle_loss=0.22417 identity_loss=0.28146 grad_norm=21.38523
[ 2282.327s] step         step=28450 epoch=4 lr=0.0002 g_loss=3.38477 d_loss=0.48481 cycle_loss=0.18566 identity_loss=0.20792 grad_norm=22.45129
[ 2286.351s] step         step=28500 epoch=4 lr=0.0002 g_loss=4.13303 d_loss=0.35779 cycle_loss=0.21373 identity_loss=0.19198 grad_norm=23.24838
[ 2290.414s] step         step=28550 epoch=4 lr=0.0002 g_loss=4.56224 d_loss=0.37882 cycle_loss=0.22173 identity_loss=0.20679 grad_norm=22.21059
[ 2294.426s] step         step=28600 epoch=4 lr=0.0002 g_loss=4.91475 d_loss=0.24321 cycle_loss=0.21487 identity_loss=0.18729 grad_norm=23.5876
[ 2298.514s] step         step=28650 epoch=4 lr=0.0002 g_loss=4.18006 d_loss=0.4941 cycle_loss=0.25384 identity_loss=0.21893 grad_norm=33.94054
[ 2302.535s] step         step=28700 epoch=4 lr=0.0002 g_loss=3.88631 d_loss=0.21942 cycle_loss=0.20182 identity_loss=0.18183 grad_norm=19.32621
[ 2306.575s] step         step=28750 epoch=4 lr=0.0002 g_loss=5.19131 d_loss=0.19982 cycle_loss=0.27636 identity_loss=0.27493 grad_norm=23.7361
[ 2310.593s] step         step=28800 epoch=4 lr=0.0002 g_loss=3.97315 d_loss=0.19969 cycle_loss=0.23955 identity_loss=0.17222 grad_norm=14.5248
[ 2314.634s] step         step=28850 epoch=4 lr=0.0002 g_loss=5.13025 d_loss=0.21054 cycle_loss=0.29914 identity_loss=0.21456 grad_norm=40.06538
[ 2318.645s] step         step=28900 epoch=4 lr=0.0002 g_loss=6.18526 d_loss=0.30635 cycle_loss=0.34771 identity_loss=0.26492 grad_norm=40.42901
[ 2322.669s] step         step=28950 epoch=4 lr=0.0002 g_loss=4.64372 d_loss=0.46911 cycle_loss=0.21543 identity_loss=0.21166 grad_norm=17.42682
[ 2326.687s] step         step=29000 epoch=4 lr=0.0002 g_loss=5.5735 d_loss=0.4453 cycle_loss=0.32692 identity_loss=0.26168 grad_norm=24.39773
[ 2330.757s] step         step=29050 epoch=4 lr=0.0002 g_loss=4.15424 d_loss=0.12873 cycle_loss=0.22049 identity_loss=0.17796 grad_norm=19.32993
[ 2334.761s] step         step=29100 epoch=4 lr=0.0002 g_loss=5.53331 d_loss=0.38571 cycle_loss=0.35429 identity_loss=0.25054 grad_norm=31.42107
[ 2338.770s] step         step=29150 epoch=4 lr=0.0002 g_loss=5.66257 d_loss=0.25083 cycle_loss=0.32198 identity_loss=0.30308 grad_norm=23.98344
[ 2343.024s] step         step=29200 epoch=4 lr=0.0002 g_loss=4.08038 d_loss=0.91518 cycle_loss=0.19188 identity_loss=0.24029 grad_norm=26.16366
[ 2347.684s] step         step=29250 epoch=4 lr=0.0002 g_loss=6.53217 d_loss=0.2894 cycle_loss=0.39924 identity_loss=0.27081 grad_norm=30.96366
[ 2352.339s] step         step=29300 epoch=4 lr=0.0002 g_loss=6.18099 d_loss=0.13668 cycle_loss=0.33471 identity_loss=0.33076 grad_norm=33.85304
[ 2356.993s] step         step=29350 epoch=4 lr=0.0002 g_loss=4.14926 d_loss=0.52414 cycle_loss=0.19716 identity_loss=0.26904 grad_norm=20.44524
[ 2361.146s] step         step=29400 epoch=4 lr=0.0002 g_loss=3.80677 d_loss=0.32332 cycle_loss=0.20351 identity_loss=0.20569 grad_norm=23.64434
[ 2365.586s] step         step=29450 epoch=4 lr=0.0002 g_loss=4.56028 d_loss=0.27625 cycle_loss=0.29654 identity_loss=0.21168 grad_norm=27.12596
[ 2369.676s] step         step=29500 epoch=4 lr=0.0002 g_loss=4.927 d_loss=0.40588 cycle_loss=0.26155 identity_loss=0.24586 grad_norm=18.55309
[ 2373.778s] step         step=29550 epoch=4 lr=0.0002 g_loss=4.2803 d_loss=0.16208 cycle_loss=0.24172 identity_loss=0.21728 grad_norm=32.2781
[ 2377.817s] step         step=29600 epoch=4 lr=0.0002 g_loss=6.55343 d_loss=0.19072 cycle_loss=0.34484 identity_loss=0.36185 grad_norm=35.05568
[ 2381.828s] step         step=29650 epoch=4 lr=0.0002 g_loss=8.42932 d_loss=0.42004 cycle_loss=0.45043 identity_loss=0.53476 grad_norm=45.59392
[ 2385.830s] step         step=29700 epoch=4 lr=0.0002 g_loss=4.56981 d_loss=0.57703 cycle_loss=0.25414 identity_loss=0.25909 grad_norm=21.19544
[ 2389.824s] step         step=29750 epoch=4 lr=0.0002 g_loss=5.54896 d_loss=0.15521 cycle_loss=0.31286 identity_loss=0.27327 grad_norm=26.9495
[ 2393.924s] step         step=29800 epoch=4 lr=0.0002 g_loss=4.48754 d_loss=0.6199 cycle_loss=0.28166 identity_loss=0.26721 grad_norm=19.25997
[ 2397.923s] step         step=29850 epoch=4 lr=0.0002 g_loss=5.46605 d_loss=0.47889 cycle_loss=0.33076 identity_loss=0.27162 grad_norm=29.01858
[ 2401.926s] step         step=29900 epoch=4 lr=0.0002 g_loss=4.45246 d_loss=0.39308 cycle_loss=0.22793 identity_loss=0.17768 grad_norm=22.4507
[ 2405.940s] step         step=29950 epoch=4 lr=0.0002 g_loss=3.89827 d_loss=0.23483 cycle_loss=0.23286 identity_loss=0.22637 grad_norm=20.24554
[ 2409.927s] step         step=30000 epoch=4 lr=0.0002 g_loss=5.59914 d_loss=0.2673 cycle_loss=0.31899 identity_loss=0.2751 grad_norm=30.36049
[ 2413.988s] step         step=30050 epoch=4 lr=0.0002 g_loss=6.58468 d_loss=0.37548 cycle_loss=0.42405 identity_loss=0.36748 grad_norm=29.46528
[ 2418.006s] step         step=30100 epoch=4 lr=0.0002 g_loss=4.80653 d_loss=0.13132 cycle_loss=0.22255 identity_loss=0.22905 grad_norm=17.41351
[ 2422.017s] step         step=30150 epoch=4 lr=0.0002 g_loss=3.66254 d_loss=0.27523 cycle_loss=0.17428 identity_loss=0.15727 grad_norm=18.45862
[ 2426.066s] step         step=30200 epoch=4 lr=0.0002 g_loss=5.03934 d_loss=0.55707 cycle_loss=0.3198 identity_loss=0.24993 grad_norm=37.74041
[ 2430.075s] step         step=30250 epoch=4 lr=0.0002 g_loss=4.28496 d_loss=0.30109 cycle_loss=0.26502 identity_loss=0.24803 grad_norm=26.15663
[ 2434.068s] step         step=30300 epoch=4 lr=0.0002 g_loss=4.63768 d_loss=0.23707 cycle_loss=0.23721 identity_loss=0.20188 grad_norm=20.45032
[ 2438.071s] step         step=30350 epoch=4 lr=0.0002 g_loss=4.80701 d_loss=0.08049 cycle_loss=0.20718 identity_loss=0.18408 grad_norm=19.01213
[ 2442.081s] step         step=30400 epoch=4 lr=0.0002 g_loss=6.09384 d_loss=0.23328 cycle_loss=0.32017 identity_loss=0.2987 grad_norm=30.5396
[ 2446.124s] step         step=30450 epoch=4 lr=0.0002 g_loss=3.11391 d_loss=0.48579 cycle_loss=0.17637 identity_loss=0.1889 grad_norm=15.76797
[ 2450.130s] step         step=30500 epoch=4 lr=0.0002 g_loss=5.29951 d_loss=0.41207 cycle_loss=0.29697 identity_loss=0.21027 grad_norm=17.98673
[ 2454.211s] step         step=30550 epoch=4 lr=0.0002 g_loss=5.26875 d_loss=0.08797 cycle_loss=0.27472 identity_loss=0.26304 grad_norm=20.63719
[ 2458.206s] step         step=30600 epoch=4 lr=0.0002 g_loss=6.21359 d_loss=0.2921 cycle_loss=0.33838 identity_loss=0.30947 grad_norm=32.6493
[ 2462.197s] step         step=30650 epoch=4 lr=0.0002 g_loss=5.22023 d_loss=0.39505 cycle_loss=0.25866 identity_loss=0.34834 grad_norm=21.88887
[ 2466.346s] step         step=30700 epoch=4 lr=0.0002 g_loss=6.34636 d_loss=0.0976 cycle_loss=0.34498 identity_loss=0.25965 grad_norm=38.52792
[ 2470.354s] step         step=30750 epoch=4 lr=0.0002 g_loss=4.74023 d_loss=0.2053 cycle_loss=0.26856 identity_loss=0.18889 grad_norm=31.11072
[ 2474.373s] step         step=30800 epoch=4 lr=0.0002 g_loss=4.9401 d_loss=0.95198 cycle_loss=0.26401 identity_loss=0.24199 grad_norm=28.94705
[ 2478.630s] step         step=30850 epoch=4 lr=0.0002 g_loss=5.92097 d_loss=0.39866 cycle_loss=0.3427 identity_loss=0.32635 grad_norm=17.83989
[ 2482.646s] step         step=30900 epoch=4 lr=0.0002 g_loss=5.57581 d_loss=0.16543 cycle_loss=0.30327 identity_loss=0.25198 grad_norm=36.02412
[ 2486.666s] step         step=30950 epoch=4 lr=0.0002 g_loss=6.19571 d_loss=0.52431 cycle_loss=0.29952 identity_loss=0.3072 grad_norm=25.74598
[ 2490.986s] step         step=31000 epoch=4 lr=0.0002 g_loss=5.19666 d_loss=0.34509 cycle_loss=0.32455 identity_loss=0.21723 grad_norm=34.74706
[ 2495.029s] step         step=31050 epoch=4 lr=0.0002 g_loss=4.42277 d_loss=0.34367 cycle_loss=0.22532 identity_loss=0.18502 grad_norm=19.59982
[ 2499.051s] step         step=31100 epoch=4 lr=0.0002 g_loss=3.59492 d_loss=0.17365 cycle_loss=0.20198 identity_loss=0.17957 grad_norm=21.06579
[ 2503.043s] step         step=31150 epoch=4 lr=0.0002 g_loss=4.2876 d_loss=0.29696 cycle_loss=0.23239 identity_loss=0.15422 grad_norm=25.99459
[ 2507.045s] step         step=31200 epoch=4 lr=0.0002 g_loss=4.72398 d_loss=0.17301 cycle_loss=0.26444 identity_loss=0.20943 grad_norm=14.95753
[ 2511.035s] step         step=31250 epoch=4 lr=0.0002 g_loss=4.56273 d_loss=0.20669 cycle_loss=0.21599 identity_loss=0.2438 grad_norm=20.76156
[ 2515.043s] step         step=31300 epoch=4 lr=0.0002 g_loss=4.5967 d_loss=0.43479 cycle_loss=0.27927 identity_loss=0.18156 grad_norm=21.34405
[ 2519.047s] step         step=31350 epoch=4 lr=0.0002 g_loss=4.35854 d_loss=0.51735 cycle_loss=0.21465 identity_loss=0.26559 grad_norm=17.76231
[ 2523.048s] step         step=31400 epoch=4 lr=0.0002 g_loss=4.9891 d_loss=0.34685 cycle_loss=0.24702 identity_loss=0.18184 grad_norm=24.29877
[ 2527.047s] step         step=31450 epoch=4 lr=0.0002 g_loss=4.17298 d_loss=0.24071 cycle_loss=0.23774 identity_loss=0.23904 grad_norm=16.47916
[ 2531.116s] step         step=31500 epoch=4 lr=0.0002 g_loss=4.53426 d_loss=0.29727 cycle_loss=0.2179 identity_loss=0.20235 grad_norm=19.15543
[ 2535.443s] step         step=31550 epoch=4 lr=0.0002 g_loss=4.15683 d_loss=0.39395 cycle_loss=0.23654 identity_loss=0.21116 grad_norm=19.90645
[ 2539.466s] step         step=31600 epoch=4 lr=0.0002 g_loss=4.73988 d_loss=0.47852 cycle_loss=0.25543 identity_loss=0.22278 grad_norm=19.45882
[ 2543.493s] step         step=31650 epoch=4 lr=0.0002 g_loss=5.66943 d_loss=0.18225 cycle_loss=0.28384 identity_loss=0.26201 grad_norm=27.83513
[ 2547.505s] step         step=31700 epoch=4 lr=0.0002 g_loss=4.72955 d_loss=0.1705 cycle_loss=0.2581 identity_loss=0.19178 grad_norm=38.37026
[ 2551.515s] step         step=31750 epoch=4 lr=0.0002 g_loss=4.35331 d_loss=0.15778 cycle_loss=0.23394 identity_loss=0.17888 grad_norm=26.64324
[ 2555.540s] step         step=31800 epoch=4 lr=0.0002 g_loss=4.74059 d_loss=0.27087 cycle_loss=0.25847 identity_loss=0.22782 grad_norm=30.55798
[ 2559.562s] step         step=31850 epoch=4 lr=0.0002 g_loss=5.64031 d_loss=0.17725 cycle_loss=0.304 identity_loss=0.33411 grad_norm=26.11672
[ 2563.567s] step         step=31900 epoch=4 lr=0.0002 g_loss=4.32098 d_loss=0.29193 cycle_loss=0.23596 identity_loss=0.2224 grad_norm=19.49925
[ 2567.601s] step         step=31950 epoch=4 lr=0.0002 g_loss=6.97605 d_loss=0.60822 cycle_loss=0.46563 identity_loss=0.32533 grad_norm=42.89153
[ 2571.745s] step         step=32000 epoch=4 lr=0.0002 g_loss=5.2778 d_loss=0.17912 cycle_loss=0.29139 identity_loss=0.27432 grad_norm=29.5589
[ 2575.801s] step         step=32050 epoch=4 lr=0.0002 g_loss=3.71855 d_loss=0.38735 cycle_loss=0.22421 identity_loss=0.17843 grad_norm=30.9121
[ 2579.804s] step         step=32100 epoch=4 lr=0.0002 g_loss=6.91646 d_loss=0.35639 cycle_loss=0.37742 identity_loss=0.33675 grad_norm=36.22937
[ 2583.821s] step         step=32150 epoch=4 lr=0.0002 g_loss=5.24293 d_loss=0.45935 cycle_loss=0.2999 identity_loss=0.25403 grad_norm=34.24712
[ 2587.830s] step         step=32200 epoch=4 lr=0.0002 g_loss=6.29788 d_loss=0.22284 cycle_loss=0.354 identity_loss=0.42396 grad_norm=27.45729
[ 2591.840s] step         step=32250 epoch=4 lr=0.0002 g_loss=4.75283 d_loss=0.2269 cycle_loss=0.23383 identity_loss=0.24609 grad_norm=26.36573
[ 2595.847s] step         step=32300 epoch=4 lr=0.0002 g_loss=4.62337 d_loss=0.28688 cycle_loss=0.22579 identity_loss=0.205 grad_norm=20.76136
[ 2599.867s] step         step=32350 epoch=4 lr=0.0002 g_loss=4.72115 d_loss=0.45216 cycle_loss=0.30455 identity_loss=0.25594 grad_norm=20.36808
[ 2603.879s] step         step=32400 epoch=4 lr=0.0002 g_loss=4.02686 d_loss=0.32833 cycle_loss=0.21394 identity_loss=0.18782 grad_norm=13.39552
[ 2607.887s] step         step=32450 epoch=4 lr=0.0002 g_loss=4.13551 d_loss=0.72436 cycle_loss=0.22168 identity_loss=0.24813 grad_norm=20.02064
[ 2611.908s] step         step=32500 epoch=4 lr=0.0002 g_loss=4.21425 d_loss=0.46989 cycle_loss=0.21699 identity_loss=0.20766 grad_norm=23.13217
[ 2615.986s] step         step=32550 epoch=4 lr=0.0002 g_loss=3.92268 d_loss=0.13133 cycle_loss=0.19633 identity_loss=0.18313 grad_norm=30.28384
[ 2619.998s] step         step=32600 epoch=4 lr=0.0002 g_loss=4.89226 d_loss=0.20713 cycle_loss=0.27657 identity_loss=0.23859 grad_norm=46.03064
[ 2624.003s] step         step=32650 epoch=4 lr=0.0002 g_loss=5.37173 d_loss=0.26362 cycle_loss=0.27451 identity_loss=0.28436 grad_norm=21.46852
[ 2628.061s] step         step=32700 epoch=4 lr=0.0002 g_loss=5.1065 d_loss=0.38853 cycle_loss=0.31265 identity_loss=0.19164 grad_norm=31.30099
[ 2632.411s] step         step=32750 epoch=4 lr=0.0002 g_loss=5.26144 d_loss=0.34275 cycle_loss=0.30293 identity_loss=0.29295 grad_norm=25.30916
[ 2636.543s] step         step=32800 epoch=4 lr=0.0002 g_loss=4.4237 d_loss=0.33582 cycle_loss=0.20073 identity_loss=0.20335 grad_norm=19.4207
[ 2640.548s] step         step=32850 epoch=4 lr=0.0002 g_loss=3.96446 d_loss=0.21942 cycle_loss=0.21276 identity_loss=0.19 grad_norm=14.80392
[ 2645.006s] step         step=32900 epoch=4 lr=0.0002 g_loss=5.38658 d_loss=0.28137 cycle_loss=0.31207 identity_loss=0.28916 grad_norm=22.52497
[ 2649.040s] step         step=32950 epoch=4 lr=0.0002 g_loss=4.37228 d_loss=0.28029 cycle_loss=0.22856 identity_loss=0.28322 grad_norm=22.08429
[ 2653.049s] step         step=33000 epoch=4 lr=0.0002 g_loss=3.82138 d_loss=0.38286 cycle_loss=0.19755 identity_loss=0.22632 grad_norm=21.10587
[ 2657.116s] step         step=33050 epoch=4 lr=0.0002 g_loss=5.1899 d_loss=0.28082 cycle_loss=0.33026 identity_loss=0.27096 grad_norm=35.60011
[ 2661.126s] step         step=33100 epoch=4 lr=0.0002 g_loss=5.40687 d_loss=0.19945 cycle_loss=0.30374 identity_loss=0.28807 grad_norm=20.93762
[ 2665.175s] step         step=33150 epoch=4 lr=0.0002 g_loss=4.13145 d_loss=0.21913 cycle_loss=0.19634 identity_loss=0.2272 grad_norm=24.01766
[ 2669.202s] step         step=33200 epoch=4 lr=0.0002 g_loss=4.60367 d_loss=0.25351 cycle_loss=0.24946 identity_loss=0.24243 grad_norm=23.47738
[ 2673.230s] step         step=33250 epoch=4 lr=0.0002 g_loss=5.37421 d_loss=0.22223 cycle_loss=0.33903 identity_loss=0.28185 grad_norm=29.6478
[ 2677.310s] step         step=33300 epoch=4 lr=0.0002 g_loss=5.91659 d_loss=0.12924 cycle_loss=0.30674 identity_loss=0.34128 grad_norm=26.76665
[ 2681.396s] step         step=33350 epoch=4 lr=0.0002 g_loss=5.44191 d_loss=0.2232 cycle_loss=0.2916 identity_loss=0.31337 grad_norm=32.52545
[ 2685.450s] step         step=33400 epoch=4 lr=0.0002 g_loss=4.43142 d_loss=0.30154 cycle_loss=0.27711 identity_loss=0.24825 grad_norm=28.72269
[ 2689.532s] step         step=33450 epoch=4 lr=0.0002 g_loss=4.40074 d_loss=0.13509 cycle_loss=0.23263 identity_loss=0.29042 grad_norm=23.03602
[ 2693.632s] step         step=33500 epoch=4 lr=0.0002 g_loss=7.44844 d_loss=0.16951 cycle_loss=0.45207 identity_loss=0.37738 grad_norm=48.39113
[ 2697.712s] step         step=33550 epoch=4 lr=0.0002 g_loss=6.56955 d_loss=0.37066 cycle_loss=0.39262 identity_loss=0.39156 grad_norm=28.66276
[ 2701.726s] step         step=33600 epoch=4 lr=0.0002 g_loss=3.43795 d_loss=0.44898 cycle_loss=0.18639 identity_loss=0.16952 grad_norm=15.68475
[ 2705.757s] step         step=33650 epoch=4 lr=0.0002 g_loss=5.81916 d_loss=0.27491 cycle_loss=0.30957 identity_loss=0.27955 grad_norm=22.07553
[ 2709.783s] step         step=33700 epoch=4 lr=0.0002 g_loss=3.73915 d_loss=0.65861 cycle_loss=0.19626 identity_loss=0.19129 grad_norm=17.87428
[ 2713.793s] step         step=33750 epoch=4 lr=0.0002 g_loss=5.45841 d_loss=0.35922 cycle_loss=0.26866 identity_loss=0.28976 grad_norm=27.73306
[ 2717.803s] step         step=33800 epoch=4 lr=0.0002 g_loss=9.32173 d_loss=0.17664 cycle_loss=0.62565 identity_loss=0.48331 grad_norm=30.25267
[ 2721.831s] step         step=33850 epoch=4 lr=0.0002 g_loss=4.6858 d_loss=0.29085 cycle_loss=0.25397 identity_loss=0.24523 grad_norm=34.79362
[ 2725.867s] step         step=33900 epoch=4 lr=0.0002 g_loss=4.06024 d_loss=0.18905 cycle_loss=0.23244 identity_loss=0.197 grad_norm=23.29996
[ 2729.883s] step         step=33950 epoch=4 lr=0.0002 g_loss=5.54087 d_loss=0.39323 cycle_loss=0.2689 identity_loss=0.25279 grad_norm=28.03533
[ 2733.921s] step         step=34000 epoch=4 lr=0.0002 g_loss=3.75654 d_loss=0.34718 cycle_loss=0.19611 identity_loss=0.20332 grad_norm=15.3056
[ 2738.000s] step         step=34050 epoch=4 lr=0.0002 g_loss=6.94335 d_loss=0.27925 cycle_loss=0.37014 identity_loss=0.43982 grad_norm=36.63025
[ 2742.014s] step         step=34100 epoch=4 lr=0.0002 g_loss=7.09184 d_loss=0.20117 cycle_loss=0.38777 identity_loss=0.40418 grad_norm=22.82967
[ 2746.021s] step         step=34150 epoch=4 lr=0.0002 g_loss=6.31126 d_loss=0.37159 cycle_loss=0.34959 identity_loss=0.38985 grad_norm=27.88839
[ 2750.040s] step         step=34200 epoch=4 lr=0.0002 g_loss=4.39417 d_loss=0.26915 cycle_loss=0.24657 identity_loss=0.22082 grad_norm=28.87496
[ 2754.054s] step         step=34250 epoch=4 lr=0.0002 g_loss=3.97698 d_loss=0.43445 cycle_loss=0.2016 identity_loss=0.2159 grad_norm=16.73415
[ 2758.073s] step         step=34300 epoch=4 lr=0.0002 g_loss=4.90738 d_loss=0.4367 cycle_loss=0.27953 identity_loss=0.25916 grad_norm=28.55583
[ 2762.089s] step         step=34350 epoch=4 lr=0.0002 g_loss=4.03111 d_loss=0.15697 cycle_loss=0.19675 identity_loss=0.18883 grad_norm=14.97942
[ 2766.218s] step         step=34400 epoch=4 lr=0.0002 g_loss=5.62996 d_loss=0.24134 cycle_loss=0.28871 identity_loss=0.30665 grad_norm=27.35373
[ 2770.224s] step         step=34450 epoch=4 lr=0.0002 g_loss=4.52225 d_loss=0.14999 cycle_loss=0.22407 identity_loss=0.17813 grad_norm=21.22646
[ 2774.245s] step         step=34500 epoch=4 lr=0.0002 g_loss=4.89373 d_loss=0.22613 cycle_loss=0.2603 identity_loss=0.27453 grad_norm=22.77382
[ 2778.322s] step         step=34550 epoch=4 lr=0.0002 g_loss=4.99293 d_loss=0.5147 cycle_loss=0.27011 identity_loss=0.24235 grad_norm=17.8755
[ 2782.347s] step         step=34600 epoch=4 lr=0.0002 g_loss=4.25482 d_loss=0.1908 cycle_loss=0.23417 identity_loss=0.24266 grad_norm=18.62516
[ 2786.370s] step         step=34650 epoch=4 lr=0.0002 g_loss=6.57271 d_loss=0.23716 cycle_loss=0.38243 identity_loss=0.33674 grad_norm=37.39
[ 2790.375s] step         step=34700 epoch=4 lr=0.0002 g_loss=5.57124 d_loss=0.70803 cycle_loss=0.31937 identity_loss=0.29385 grad_norm=25.78177
[ 2794.391s] step         step=34750 epoch=4 lr=0.0002 g_loss=6.21714 d_loss=0.45623 cycle_loss=0.32771 identity_loss=0.33222 grad_norm=22.37594
[ 2798.377s] step         step=34800 epoch=4 lr=0.0002 g_loss=4.27737 d_loss=0.27491 cycle_loss=0.2183 identity_loss=0.18696 grad_norm=22.10472
[ 2802.397s] step         step=34850 epoch=4 lr=0.0002 g_loss=4.30996 d_loss=0.33467 cycle_loss=0.2311 identity_loss=0.21955 grad_norm=18.28086
[ 2806.415s] step         step=34900 epoch=4 lr=0.0002 g_loss=6.06118 d_loss=0.3189 cycle_loss=0.3904 identity_loss=0.26754 grad_norm=30.99488
[ 2810.525s] step         step=34950 epoch=4 lr=0.0002 g_loss=3.58405 d_loss=0.20501 cycle_loss=0.18234 identity_loss=0.16868 grad_norm=18.24003
[ 2814.534s] step         step=35000 epoch=4 lr=0.0002 g_loss=4.42544 d_loss=0.2269 cycle_loss=0.24107 identity_loss=0.22842 grad_norm=28.44098
[ 2818.589s] step         step=35050 epoch=4 lr=0.0002 g_loss=3.75614 d_loss=0.32781 cycle_loss=0.20307 identity_loss=0.18985 grad_norm=14.94524
[ 2822.598s] step         step=35100 epoch=4 lr=0.0002 g_loss=5.2143 d_loss=0.19573 cycle_loss=0.30163 identity_loss=0.27899 grad_norm=36.79068
[ 2826.609s] step         step=35150 epoch=4 lr=0.0002 g_loss=4.76968 d_loss=0.39476 cycle_loss=0.24043 identity_loss=0.27256 grad_norm=23.32784
[ 2829.829s] epoch        epoch=4 step=35190 seconds=2815.8
[ 2830.320s] checkpoint   epoch=5 step=35190
[ 2831.179s] step         step=35200 epoch=5 lr=0.0002 g_loss=4.28457 d_loss=0.25496 cycle_loss=0.22137 identity_loss=0.18547 grad_norm=23.16935
[ 2835.483s] step         step=35250 epoch=5 lr=0.0002 g_loss=4.96298 d_loss=0.17041 cycle_loss=0.25839 identity_loss=0.24576 grad_norm=24.09149
[ 2839.503s] step         step=35300 epoch=5 lr=0.0002 g_loss=4.37485 d_loss=0.30856 cycle_loss=0.22484 identity_loss=0.29708 grad_norm=21.90122
[ 2843.516s] step         step=35350 epoch=5 lr=0.0002 g_loss=3.47413 d_loss=0.21358 cycle_loss=0.17389 identity_loss=0.19877 grad_norm=26.60434
[ 2847.550s] step         step=35400 epoch=5 lr=0.0002 g_loss=3.52487 d_loss=0.33173 cycle_loss=0.18691 identity_loss=0.18742 grad_norm=17.01476
[ 2851.571s] step         step=35450 epoch=5 lr=0.0002 g_loss=4.97353 d_loss=0.11779 cycle_loss=0.26559 identity_loss=0.23077 grad_norm=25.72388
[ 2855.579s] step         step=35500 epoch=5 lr=0.0002 g_loss=5.19824 d_loss=0.47477 cycle_loss=0.29279 identity_loss=0.26691 grad_norm=19.74932
[ 2859.669s] step         step=35550 epoch=5 lr=0.0002 g_loss=3.85228 d_loss=0.12877 cycle_loss=0.21399 identity_loss=0.19953 grad_norm=18.23701
[ 2863.687s] step         step=35600 epoch=5 lr=0.0002 g_loss=5.88528 d_loss=0.37947 cycle_loss=0.33995 identity_loss=0.30834 grad_norm=31.5771
[ 2867.768s] step         step=35650 epoch=5 lr=0.0002 g_loss=4.35778 d_loss=0.20508 cycle_loss=0.20542 identity_loss=0.15998 grad_norm=23.30539
[ 2871.949s] step         step=35700 epoch=5 lr=0.0002 g_loss=4.8818 d_loss=0.43243 cycle_loss=0.27682 identity_loss=0.26981 grad_norm=20.11452
[ 2875.958s] step         step=35750 epoch=5 lr=0.0002 g_loss=4.28624 d_loss=0.43169 cycle_loss=0.22937 identity_loss=0.19818 grad_norm=23.44675
[ 2879.974s] step         step=35800 epoch=5 lr=0.0002 g_loss=4.64156 d_loss=0.37536 cycle_loss=0.2409 identity_loss=0.19628 grad_norm=25.27966
[ 2884.008s] step         step=35850 epoch=5 lr=0.0002 g_loss=3.71349 d_loss=0.3769 cycle_loss=0.18522 identity_loss=0.18078 grad_norm=18.78936
[ 2888.047s] step         step=35900 epoch=5 lr=0.0002 g_loss=3.74395 d_loss=0.2956 cycle_loss=0.18038 identity_loss=0.16632 grad_norm=12.41152
[ 2892.060s] step         step=35950 epoch=5 lr=0.0002 g_loss=4.65062 d_loss=0.31589 cycle_loss=0.23645 identity_loss=0.24726 grad_norm=19.0629
[ 2896.078s] step         step=36000 epoch=5 lr=0.0002 g_loss=3.38022 d_loss=0.22205 cycle_loss=0.20815 identity_loss=0.19651 grad_norm=19.2303
[ 2900.199s] step         step=36050 epoch=5 lr=0.0002 g_loss=4.91544 d_loss=0.33222 cycle_loss=0.29117 identity_loss=0.29229 grad_norm=27.82679
[ 2904.238s] step         step=36100 epoch=5 lr=0.0002 g_loss=3.27995 d_loss=0.3713 cycle_loss=0.15544 identity_loss=0.16959 grad_norm=15.58504
[ 2908.273s] step         step=36150 epoch=5 lr=0.0002 g_loss=3.65369 d_loss=0.26369 cycle_loss=0.18636 identity_loss=0.18895 grad_norm=14.10687
[ 2912.295s] step         step=36200 epoch=5 lr=0.0002 g_loss=4.89248 d_loss=0.1878 cycle_loss=0.26067 identity_loss=0.20933 grad_norm=19.37124
[ 2916.330s] step         step=36250 epoch=5 lr=0.0002 g_loss=7.54889 d_loss=0.29865 cycle_loss=0.46248 identity_loss=0.44502 grad_norm=49.89129
[ 2920.368s] step         step=36300 epoch=5 lr=0.0002 g_loss=4.88178 d_loss=0.09355 cycle_loss=0.20601 identity_loss=0.22736 grad_norm=32.04665
[ 2924.956s] step         step=36350 epoch=5 lr=0.0002 g_loss=4.09068 d_loss=0.41371 cycle_loss=0.20027 identity_loss=0.1844 grad_norm=17.94073
[ 2929.049s] step         step=36400 epoch=5 lr=0.0002 g_loss=3.42475 d_loss=0.35356 cycle_loss=0.18527 identity_loss=0.18723 grad_norm=16.54392
[ 2933.073s] step         step=36450 epoch=5 lr=0.0002 g_loss=3.45853 d_loss=0.32033 cycle_loss=0.18501 identity_loss=0.23902 grad_norm=15.75654
[ 2937.087s] step         step=36500 epoch=5 lr=0.0002 g_loss=7.02437 d_loss=0.22134 cycle_loss=0.40541 identity_loss=0.36888 grad_norm=32.48721
[ 2941.147s] step         step=36550 epoch=5 lr=0.0002 g_loss=5.11682 d_loss=0.2501 cycle_loss=0.249 identity_loss=0.26723 grad_norm=22.77582
[ 2945.169s] step         step=36600 epoch=5 lr=0.0002 g_loss=3.3944 d_loss=0.60805 cycle_loss=0.18367 identity_loss=0.17684 grad_norm=22.8313
[ 2949.176s] step         step=36650 epoch=5 lr=0.0002 g_loss=4.3575 d_loss=0.28682 cycle_loss=0.22687 identity_loss=0.2126 grad_norm=18.42765
[ 2953.188s] step         step=36700 epoch=5 lr=0.0002 g_loss=4.83613 d_loss=0.29224 cycle_loss=0.27687 identity_loss=0.26248 grad_norm=25.77417
[ 2957.207s] step         step=36750 epoch=5 lr=0.0002 g_loss=4.00042 d_loss=0.60092 cycle_loss=0.25733 identity_loss=0.18611 grad_norm=23.78153
[ 2961.219s] step         step=36800 epoch=5 lr=0.0002 g_loss=4.43595 d_loss=0.52084 cycle_loss=0.31484 identity_loss=0.19311 grad_norm=131.81367
[ 2965.258s] step         step=36850 epoch=5 lr=0.0002 g_loss=2.9285 d_loss=0.32227 cycle_loss=0.16828 identity_loss=0.15573 grad_norm=19.92087
[ 2969.306s] step         step=36900 epoch=5 lr=0.0002 g_loss=4.22635 d_loss=0.32046 cycle_loss=0.26055 identity_loss=0.2453 grad_norm=29.05652
[ 2973.313s] step         step=36950 epoch=5 lr=0.0002 g_loss=4.74785 d_loss=0.13537 cycle_loss=0.24944 identity_loss=0.25546 grad_norm=17.96079
[ 2977.330s] step         step=37000 epoch=5 lr=0.0002 g_loss=4.24204 d_loss=0.37363 cycle_loss=0.23315 identity_loss=0.22836 grad_norm=30.03607
[ 2981.516s] step         step=37050 epoch=5 lr=0.0002 g_loss=3.67217 d_loss=0.32088 cycle_loss=0.20105 identity_loss=0.17942 grad_norm=18.04019
[ 2985.540s] step         step=37100 epoch=5 lr=0.0002 g_loss=4.87413 d_loss=0.3702 cycle_loss=0.26499 identity_loss=0.26629 grad_norm=17.01879
[ 2989.547s] step         step=37150 epoch=5 lr=0.0002 g_loss=4.05559 d_loss=0.28251 cycle_loss=0.21919 identity_loss=0.2182 grad_norm=22.74098
[ 2993.663s] step         step=37200 epoch=5 lr=0.0002 g_loss=4.44673 d_loss=0.39179 cycle_loss=0.26244 identity_loss=0.2409 grad_norm=34.17742
[ 2997.714s] step         step=37250 epoch=5 lr=0.0002 g_loss=4.07986 d_loss=0.14961 cycle_loss=0.18714 identity_loss=0.1549 grad_norm=18.00251
[ 3001.757s] step         step=37300 epoch=5 lr=0.0002 g_loss=4.83112 d_loss=0.23513 cycle_loss=0.29337 identity_loss=0.29097 grad_norm=30.34269
[ 3005.841s] step         step=37350 epoch=5 lr=0.0002 g_loss=5.44449 d_loss=0.59816 cycle_loss=0.36754 identity_loss=0.27852 grad_norm=32.0325
[ 3009.867s] step         step=37400 epoch=5 lr=0.0002 g_loss=5.14392 d_loss=0.19764 cycle_loss=0.25974 identity_loss=0.29244 grad_norm=32.05663
[ 3013.886s] step         step=37450 epoch=5 lr=0.0002 g_loss=4.20686 d_loss=0.30614 cycle_loss=0.18352 identity_loss=0.16287 grad_norm=16.61725
[ 3017.894s] step         step=37500 epoch=5 lr=0.0002 g_loss=6.44231 d_loss=0.2798 cycle_loss=0.35822 identity_loss=0.45188 grad_norm=36.22039
[ 3021.960s] step         step=37550 epoch=5 lr=0.0002 g_loss=5.3118 d_loss=0.12047 cycle_loss=0.29559 identity_loss=0.22718 grad_norm=30.6188
[ 3026.026s] step         step=37600 epoch=5 lr=0.0002 g_loss=5.61794 d_loss=0.30819 cycle_loss=0.28869 identity_loss=0.27388 grad_norm=28.98473
[ 3030.056s] step         step=37650 epoch=5 lr=0.0002 g_loss=3.97845 d_loss=0.20178 cycle_loss=0.20377 identity_loss=0.16619 grad_norm=16.5482
[ 3034.075s] step         step=37700 epoch=5 lr=0.0002 g_loss=5.50624 d_loss=0.20573 cycle_loss=0.2948 identity_loss=0.3745 grad_norm=25.27744
[ 3038.088s] step         step=37750 epoch=5 lr=0.0002 g_loss=5.33509 d_loss=0.29376 cycle_loss=0.27847 identity_loss=0.28173 grad_norm=21.80285
[ 3042.099s] step         step=37800 epoch=5 lr=0.0002 g_loss=5.45729 d_loss=0.35491 cycle_loss=0.30737 identity_loss=0.25349 grad_norm=33.56775
[ 3046.109s] step         step=37850 epoch=5 lr=0.0002 g_loss=4.93233 d_loss=0.45299 cycle_loss=0.26332 identity_loss=0.22113 grad_norm=40.54355
[ 3050.135s] step         step=37900 epoch=5 lr=0.0002 g_loss=3.40185 d_loss=0.23453 cycle_loss=0.15751 identity_loss=0.1775 grad_norm=11.5947
[ 3054.157s] step         step=37950 epoch=5 lr=0.0002 g_loss=3.65097 d_loss=0.18708 cycle_loss=0.1771 identity_loss=0.1607 grad_norm=10.7185
[ 3058.182s] step         step=38000 epoch=5 lr=0.0002 g_loss=5.54073 d_loss=0.23001 cycle_loss=0.28434 identity_loss=0.3235 grad_norm=38.97787
[ 3062.248s] step         step=38050 epoch=5 lr=0.0002 g_loss=3.76738 d_loss=0.28933 cycle_loss=0.19225 identity_loss=0.19945 grad_norm=31.84056
[ 3066.263s] step         step=38100 epoch=5 lr=0.0002 g_loss=5.0316 d_loss=0.31616 cycle_loss=0.31396 identity_loss=0.24553 grad_norm=26.31397
[ 3070.359s] step         step=38150 epoch=5 lr=0.0002 g_loss=5.7104 d_loss=0.50076 cycle_loss=0.33945 identity_loss=0.27109 grad_norm=34.13673
[ 3074.446s] step         step=38200 epoch=5 lr=0.0002 g_loss=4.94834 d_loss=0.19133 cycle_loss=0.27763 identity_loss=0.21295 grad_norm=29.06628
[ 3078.485s] step         step=38250 epoch=5 lr=0.0002 g_loss=4.35906 d_loss=0.62102 cycle_loss=0.185 identity_loss=0.16089 grad_norm=17.06177
[ 3082.492s] step         step=38300 epoch=5 lr=0.0002 g_loss=5.39516 d_loss=0.20354 cycle_loss=0.31106 identity_loss=0.24873 grad_norm=25.89333
[ 3086.533s] step         step=38350 epoch=5 lr=0.0002 g_loss=4.90032 d_loss=0.28935 cycle_loss=0.22169 identity_loss=0.31074 grad_norm=26.35791
[ 3090.609s] step         step=38400 epoch=5 lr=0.0002 g_loss=3.84791 d_loss=0.22874 cycle_loss=0.16481 identity_loss=0.1702 grad_norm=15.45836
[ 3094.617s] step         step=38450 epoch=5 lr=0.0002 g_loss=6.03223 d_loss=0.14194 cycle_loss=0.36976 identity_loss=0.34373 grad_norm=35.59383
[ 3098.641s] step         step=38500 epoch=5 lr=0.0002 g_loss=3.76982 d_loss=0.26403 cycle_loss=0.20657 identity_loss=0.1844 grad_norm=23.95886
[ 3102.715s] step         step=38550 epoch=5 lr=0.0002 g_loss=4.70869 d_loss=0.15454 cycle_loss=0.23023 identity_loss=0.1722 grad_norm=21.38895
[ 3106.735s] step         step=38600 epoch=5 lr=0.0002 g_loss=5.11095 d_loss=0.4507 cycle_loss=0.25359 identity_loss=0.28694 grad_norm=18.27033
[ 3110.760s] step         step=38650 epoch=5 lr=0.0002 g_loss=4.74945 d_loss=0.32935 cycle_loss=0.25282 identity_loss=0.27889 grad_norm=22.32478
[ 3114.775s] step         step=38700 epoch=5 lr=0.0002 g_loss=4.34208 d_loss=0.2255 cycle_loss=0.23682 identity_loss=0.16998 grad_norm=24.22987
[ 3118.796s] step         step=38750 epoch=5 lr=0.0002 g_loss=3.35767 d_loss=0.27861 cycle_loss=0.17584 identity_loss=0.15914 grad_norm=22.61764
[ 3122.810s] step         step=38800 epoch=5 lr=0.0002 g_loss=3.99372 d_loss=0.44781 cycle_loss=0.24939 identity_loss=0.19735 grad_norm=16.9419
[ 3126.909s] step         step=38850 epoch=5 lr=0.0002 g_loss=4.45177 d_loss=0.12142 cycle_loss=0.23553 identity_loss=0.17322 grad_norm=23.83965
[ 3130.937s] step         step=38900 epoch=5 lr=0.0002 g_loss=5.04932 d_loss=0.26218 cycle_loss=0.27276 identity_loss=0.26778 grad_norm=20.3169
[ 3134.958s] step         step=38950 epoch=5 lr=0.0002 g_loss=4.30405 d_loss=0.26402 cycle_loss=0.24101 identity_loss=0.19081 grad_norm=41.39593
[ 3138.970s] step         step=39000 epoch=5 lr=0.0002 g_loss=5.18636 d_loss=0.32776 cycle_loss=0.26271 identity_loss=0.2563 grad_norm=10.96205
[ 3143.047s] step         step=39050 epoch=5 lr=0.0002 g_loss=4.99893 d_loss=0.10064 cycle_loss=0.30506 identity_loss=0.20989 grad_norm=18.26646
[ 3147.084s] step         step=39100 epoch=5 lr=0.0002 g_loss=6.51278 d_loss=0.30549 cycle_loss=0.3526 identity_loss=0.35593 grad_norm=31.829
[ 3151.144s] step         step=39150 epoch=5 lr=0.0002 g_loss=4.70799 d_loss=0.23246 cycle_loss=0.26075 identity_loss=0.23382 grad_norm=12.04687
[ 3155.153s] step         step=39200 epoch=5 lr=0.0002 g_loss=5.3862 d_loss=0.64666 cycle_loss=0.30749 identity_loss=0.23489 grad_norm=34.2348
[ 3159.186s] step         step=39250 epoch=5 lr=0.0002 g_loss=5.46163 d_loss=0.18994 cycle_loss=0.29251 identity_loss=0.39781 grad_norm=32.97628
[ 3163.212s] step         step=39300 epoch=5 lr=0.0002 g_loss=3.83046 d_loss=0.11814 cycle_loss=0.14978 identity_loss=0.16232 grad_norm=21.85823
[ 3167.268s] step         step=39350 epoch=5 lr=0.0002 g_loss=3.75225 d_loss=0.20408 cycle_loss=0.19197 identity_loss=0.19561 grad_norm=14.00163
[ 3171.451s] step         step=39400 epoch=5 lr=0.0002 g_loss=4.91582 d_loss=0.23602 cycle_loss=0.25129 identity_loss=0.27911 grad_norm=17.9902
[ 3175.470s] step         step=39450 epoch=5 lr=0.0002 g_loss=4.0427 d_loss=0.44087 cycle_loss=0.23873 identity_loss=0.2365 grad_norm=29.93009
[ 3179.510s] step         step=39500 epoch=5 lr=0.0002 g_loss=4.53677 d_loss=0.36596 cycle_loss=0.24457 identity_loss=0.26271 grad_norm=23.72052
[ 3183.585s] step         step=39550 epoch=5 lr=0.0002 g_loss=3.76262 d_loss=0.30171 cycle_loss=0.19327 identity_loss=0.16861 grad_norm=18.60924
[ 3187.606s] step         step=39600 epoch=5 lr=0.0002 g_loss=5.46617 d_loss=0.37656 cycle_loss=0.25736 identity_loss=0.28161 grad_norm=25.4451
[ 3191.627s] step         step=39650 epoch=5 lr=0.0002 g_loss=4.60659 d_loss=0.56249 cycle_loss=0.23195 identity_loss=0.22186 grad_norm=21.40643
[ 3195.684s] step         step=39700 epoch=5 lr=0.0002 g_loss=5.05005 d_loss=0.50882 cycle_loss=0.3104 identity_loss=0.30653 grad_norm=25.82969
[ 3199.712s] step         step=39750 epoch=5 lr=0.0002 g_loss=5.51016 d_loss=0.96427 cycle_loss=0.36522 identity_loss=0.32799 grad_norm=30.31134
[ 3203.776s] step         step=39800 epoch=5 lr=0.0002 g_loss=4.6084 d_loss=0.28246 cycle_loss=0.24205 identity_loss=0.25736 grad_norm=24.12642
[ 3208.230s] step         step=39850 epoch=5 lr=0.0002 g_loss=5.35124 d_loss=0.11157 cycle_loss=0.28307 identity_loss=0.31694 grad_norm=35.71655
[ 3212.240s] step         step=39900 epoch=5 lr=0.0002 g_loss=4.47461 d_loss=0.47388 cycle_loss=0.27381 identity_loss=0.20551 grad_norm=22.23205
[ 3216.313s] step         step=39950 epoch=5 lr=0.0002 g_loss=4.75994 d_loss=0.352 cycle_loss=0.24754 identity_loss=0.24993 grad_norm=20.40864
[ 3220.578s] step         step=40000 epoch=5 lr=0.0002 g_loss=3.43269 d_loss=0.37341 cycle_loss=0.19206 identity_loss=0.18878 grad_norm=18.66215
[ 3224.736s] step         step=40050 epoch=5 lr=0.0002 g_loss=3.68411 d_loss=0.4164 cycle_loss=0.18216 identity_loss=0.2168 grad_norm=24.52119
[ 3228.759s] step         step=40100 epoch=5 lr=0.0002 g_loss=5.59711 d_loss=0.20265 cycle_loss=0.36857 identity_loss=0.23109 grad_norm=39.36842
[ 3232.773s] step         step=40150 epoch=5 lr=0.0002 g_loss=5.65013 d_loss=0.13588 cycle_loss=0.30399 identity_loss=0.25729 grad_norm=24.7814
[ 3236.797s] step         step=40200 epoch=5 lr=0.0002 g_loss=4.38626 d_loss=0.31794 cycle_loss=0.22916 identity_loss=0.21335 grad_norm=31.02333
[ 3240.819s] step         step=40250 epoch=5 lr=0.0002 g_loss=5.53483 d_loss=0.21656 cycle_loss=0.29408 identity_loss=0.32938 grad_norm=26.34251
[ 3244.828s] step         step=40300 epoch=5 lr=0.0002 g_loss=4.37752 d_loss=0.30704 cycle_loss=0.24901 identity_loss=0.19049 grad_norm=20.79449
[ 3248.852s] step         step=40350 epoch=5 lr=0.0002 g_loss=5.43586 d_loss=0.15814 cycle_loss=0.18935 identity_loss=0.47048 grad_norm=19.82068
[ 3252.889s] step         step=40400 epoch=5 lr=0.0002 g_loss=3.50164 d_loss=0.27489 cycle_loss=0.18415 identity_loss=0.15334 grad_norm=20.4617
[ 3256.916s] step         step=40450 epoch=5 lr=0.0002 g_loss=6.7146 d_loss=0.55884 cycle_loss=0.38831 identity_loss=0.40178 grad_norm=83.68316
[ 3260.940s] step         step=40500 epoch=5 lr=0.0002 g_loss=4.53234 d_loss=0.26565 cycle_loss=0.25454 identity_loss=0.24444 grad_norm=23.02567
[ 3265.029s] step         step=40550 epoch=5 lr=0.0002 g_loss=3.90038 d_loss=0.28582 cycle_loss=0.22269 identity_loss=0.1975 grad_norm=16.20355
[ 3269.061s] step         step=40600 epoch=5 lr=0.0002 g_loss=4.3728 d_loss=0.32623 cycle_loss=0.24831 identity_loss=0.24704 grad_norm=34.48928
[ 3273.070s] step         step=40650 epoch=5 lr=0.0002 g_loss=4.43316 d_loss=0.28168 cycle_loss=0.22665 identity_loss=0.31356 grad_norm=18.30169
[ 3277.096s] step         step=40700 epoch=5 lr=0.0002 g_loss=5.88981 d_loss=0.33296 cycle_loss=0.33971 identity_loss=0.41267 grad_norm=26.83508
[ 3281.119s] step         step=40750 epoch=5 lr=0.0002 g_loss=4.70562 d_loss=0.34916 cycle_loss=0.23433 identity_loss=0.25755 grad_norm=26.58505
[ 3285.186s] step         step=40800 epoch=5 lr=0.0002 g_loss=4.22252 d_loss=0.27151 cycle_loss=0.24761 identity_loss=0.22007 grad_norm=22.35539
[ 3289.210s] step         step=40850 epoch=5 lr=0.0002 g_loss=3.98041 d_loss=0.52375 cycle_loss=0.19679 identity_loss=0.26739 grad_norm=18.88481
[ 3293.221s] step         step=40900 epoch=5 lr=0.0002 g_loss=4.85817 d_loss=0.32183 cycle_loss=0.25044 identity_loss=0.28247 grad_norm=29.8103
[ 3297.244s] step         step=40950 epoch=5 lr=0.0002 g_loss=3.02015 d_loss=0.47613 cycle_loss=0.15205 identity_loss=0.15833 grad_norm=17.58216
[ 3301.266s] step         step=41000 epoch=5 lr=0.0002 g_loss=5.33199 d_loss=0.40502 cycle_loss=0.30116 identity_loss=0.25637 grad_norm=26.12819
[ 3305.359s] step         step=41050 epoch=5 lr=0.0002 g_loss=4.66293 d_loss=0.33269 cycle_loss=0.24691 identity_loss=0.32646 grad_norm=27.77421
[ 3309.423s] step         step=41100 epoch=5 lr=0.0002 g_loss=5.13647 d_loss=0.27635 cycle_loss=0.2867 identity_loss=0.3019 grad_norm=34.44328
[ 3313.489s] step         step=41150 epoch=5 lr=0.0002 g_loss=4.44023 d_loss=0.27664 cycle_loss=0.25822 identity_loss=0.23186 grad_norm=25.1834
[ 3317.564s] step         step=41200 epoch=5 lr=0.0002 g_loss=4.76183 d_loss=0.21633 cycle_loss=0.2537 identity_loss=0.23256 grad_norm=36.97256
[ 3321.616s] step         step=41250 epoch=5 lr=0.0002 g_loss=4.79046 d_loss=0.32541 cycle_loss=0.25918 identity_loss=0.24528 grad_norm=23.24648
[ 3325.666s] step         step=41300 epoch=5 lr=0.0002 g_loss=4.028 d_loss=0.49137 cycle_loss=0.22063 identity_loss=0.21455 grad_norm=10.53093
[ 3329.681s] step         step=41350 epoch=5 lr=0.0002 g_loss=5.84257 d_loss=0.26243 cycle_loss=0.33055 identity_loss=0.33268 grad_norm=20.366
[ 3333.701s] step         step=41400 epoch=5 lr=0.0002 g_loss=5.57256 d_loss=0.51525 cycle_loss=0.30929 identity_loss=0.33693 grad_norm=27.15529
[ 3337.725s] step         step=41450 epoch=5 lr=0.0002 g_loss=3.6864 d_loss=0.17099 cycle_loss=0.21558 identity_loss=0.20748 grad_norm=20.19403
[ 3341.741s] step         step=41500 epoch=5 lr=0.0002 g_loss=5.35875 d_loss=0.28185 cycle_loss=0.28837 identity_loss=0.33621 grad_norm=21.13887
[ 3345.780s] step         step=41550 epoch=5 lr=0.0002 g_loss=3.76517 d_loss=0.46527 cycle_loss=0.2198 identity_loss=0.21516 grad_norm=12.69045
[ 3349.801s] step         step=41600 epoch=5 lr=0.0002 g_loss=3.81674 d_loss=0.33431 cycle_loss=0.18868 identity_loss=0.1815 grad_norm=17.94457
[ 3353.817s] step         step=41650 epoch=5 lr=0.0002 g_loss=4.05184 d_loss=0.32365 cycle_loss=0.2393 identity_loss=0.15861 grad_norm=25.38717
[ 3357.893s] step         step=41700 epoch=5 lr=0.0002 g_loss=4.28568 d_loss=0.30365 cycle_loss=0.2007 identity_loss=0.21485 grad_norm=19.41306
[ 3362.012s] step         step=41750 epoch=5 lr=0.0002 g_loss=3.96795 d_loss=0.31354 cycle_loss=0.21084 identity_loss=0.24859 grad_norm=18.20835
[ 3366.025s] step         step=41800 epoch=5 lr=0.0002 g_loss=4.85148 d_loss=0.20077 cycle_loss=0.22696 identity_loss=0.20045 grad_norm=21.28114
[ 3370.041s] step         step=41850 epoch=5 lr=0.0002 g_loss=4.72769 d_loss=0.54938 cycle_loss=0.28515 identity_loss=0.28005 grad_norm=28.48081
[ 3374.048s] step         step=41900 epoch=5 lr=0.0002 g_loss=3.52549 d_loss=0.35827 cycle_loss=0.205 identity_loss=0.19918 grad_norm=17.10578
[ 3378.093s] step         step=41950 epoch=5 lr=0.0002 g_loss=4.06956 d_loss=0.20927 cycle_loss=0.22511 identity_loss=0.17577 grad_norm=35.85217
[ 3382.103s] step         step=42000 epoch=5 lr=0.0002 g_loss=4.95168 d_loss=0.31603 cycle_loss=0.2478 identity_loss=0.19838 grad_norm=22.24448
[ 3386.166s] step         step=42050 epoch=5 lr=0.0002 g_loss=4.74135 d_loss=0.24362 cycle_loss=0.30621 identity_loss=0.21996 grad_norm=33.8998
[ 3390.185s] step         step=42100 epoch=5 lr=0.0002 g_loss=6.4954 d_loss=0.12099 cycle_loss=0.39734 identity_loss=0.35855 grad_norm=29.7765
[ 3394.194s] step         step=42150 epoch=5 lr=0.0002 g_loss=3.48321 d_loss=0.37517 cycle_loss=0.15362 identity_loss=0.15756 grad_norm=13.83403
[ 3398.212s] step         step=42200 epoch=5 lr=0.0002 g_loss=4.6928 d_loss=0.24638 cycle_loss=0.25308 identity_loss=0.21112 grad_norm=21.07937
[ 3400.513s] epoch        epoch=5 step=42228 seconds=3386.5
[ 3400.790s] checkpoint   epoch=6 step=42228
[ 3402.643s] step         step=42250 epoch=6 lr=0.0002 g_loss=5.29741 d_loss=0.2104 cycle_loss=0.27016 identity_loss=0.29887 grad_norm=20.57527
[ 3406.750s] step         step=42300 epoch=6 lr=0.0002 g_loss=4.85883 d_loss=0.23553 cycle_loss=0.22486 identity_loss=0.25088 grad_norm=15.634
[ 3411.145s] step         step=42350 epoch=6 lr=0.0002 g_loss=5.40349 d_loss=0.37956 cycle_loss=0.26041 identity_loss=0.28414 grad_norm=29.8648
[ 3415.391s] step         step=42400 epoch=6 lr=0.0002 g_loss=3.55177 d_loss=0.2547 cycle_loss=0.19858 identity_loss=0.20073 grad_norm=18.71421
[ 3419.426s] step         step=42450 epoch=6 lr=0.0002 g_loss=3.83889 d_loss=0.40223 cycle_loss=0.20747 identity_loss=0.21858 grad_norm=13.41401
[ 3423.440s] step         step=42500 epoch=6 lr=0.0002 g_loss=4.68089 d_loss=0.06606 cycle_loss=0.20065 identity_loss=0.21017 grad_norm=18.46432
[ 3427.509s] step         step=42550 epoch=6 lr=0.0002 g_loss=4.89042 d_loss=0.30488 cycle_loss=0.30703 identity_loss=0.21602 grad_norm=27.20799
[ 3431.515s] step         step=42600 epoch=6 lr=0.0002 g_loss=4.27793 d_loss=0.37247 cycle_loss=0.20855 identity_loss=0.213 grad_norm=21.74474
[ 3435.524s] step         step=42650 epoch=6 lr=0.0002 g_loss=4.24825 d_loss=0.27514 cycle_loss=0.24124 identity_loss=0.17829 grad_norm=27.78194
[ 3439.526s] step         step=42700 epoch=6 lr=0.0002 g_loss=3.92756 d_loss=0.19707 cycle_loss=0.1947 identity_loss=0.23096 grad_norm=21.02245
[ 3443.521s] step         step=42750 epoch=6 lr=0.0002 g_loss=3.36537 d_loss=0.33233 cycle_loss=0.1677 identity_loss=0.14561 grad_norm=38.68026
[ 3447.542s] step         step=42800 epoch=6 lr=0.0002 g_loss=5.4564 d_loss=0.11532 cycle_loss=0.30964 identity_loss=0.28014 grad_norm=29.26345
[ 3451.534s] step         step=42850 epoch=6 lr=0.0002 g_loss=3.93604 d_loss=0.07743 cycle_loss=0.20294 identity_loss=0.16501 grad_norm=18.67117
[ 3455.535s] step         step=42900 epoch=6 lr=0.0002 g_loss=3.57541 d_loss=0.25092 cycle_loss=0.18001 identity_loss=0.15784 grad_norm=18.49878
[ 3459.539s] step         step=42950 epoch=6 lr=0.0002 g_loss=3.60573 d_loss=0.44949 cycle_loss=0.20683 identity_loss=0.21073 grad_norm=14.06131
[ 3463.535s] step         step=43000 epoch=6 lr=0.0002 g_loss=3.87578 d_loss=0.5091 cycle_loss=0.21955 identity_loss=0.23511 grad_norm=15.9389
[ 3467.639s] step         step=43050 epoch=6 lr=0.0002 g_loss=5.20147 d_loss=0.36061 cycle_loss=0.25177 identity_loss=0.21198 grad_norm=28.8836
[ 3471.770s] step         step=43100 epoch=6 lr=0.0002 g_loss=3.87875 d_loss=0.32289 cycle_loss=0.17494 identity_loss=0.14974 grad_norm=13.61765
[ 3475.767s] step         step=43150 epoch=6 lr=0.0002 g_loss=3.39672 d_loss=0.44612 cycle_loss=0.18558 identity_loss=0.18115 grad_norm=10.97162
[ 3479.753s] step         step=43200 epoch=6 lr=0.0002 g_loss=3.86908 d_loss=0.25334 cycle_loss=0.19965 identity_loss=0.22756 grad_norm=19.6643
[ 3483.762s] step         step=43250 epoch=6 lr=0.0002 g_loss=6.20637 d_loss=0.4359 cycle_loss=0.34217 identity_loss=0.32824 grad_norm=37.61662
[ 3487.754s] step         step=43300 epoch=6 lr=0.0002 g_loss=4.19824 d_loss=0.40089 cycle_loss=0.20232 identity_loss=0.1908 grad_norm=16.80342
[ 3491.741s] step         step=43350 epoch=6 lr=0.0002 g_loss=3.44239 d_loss=0.17166 cycle_loss=0.1577 identity_loss=0.14367 grad_norm=20.57233
[ 3495.734s] step         step=43400 epoch=6 lr=0.0002 g_loss=4.16487 d_loss=0.32313 cycle_loss=0.19676 identity_loss=0.20739 grad_norm=17.12908
[ 3499.746s] step         step=43450 epoch=6 lr=0.0002 g_loss=4.98523 d_loss=0.31623 cycle_loss=0.21423 identity_loss=0.17832 grad_norm=19.17477
[ 3503.744s] step         step=43500 epoch=6 lr=0.0002 g_loss=4.57713 d_loss=0.32868 cycle_loss=0.24473 identity_loss=0.17359 grad_norm=21.7526
[ 3507.993s] step         step=43550 epoch=6 lr=0.0002 g_loss=5.38642 d_loss=0.32722 cycle_loss=0.27073 identity_loss=0.28327 grad_norm=22.33578
[ 3512.055s] step         step=43600 epoch=6 lr=0.0002 g_loss=5.39453 d_loss=0.13862 cycle_loss=0.28305 identity_loss=0.28337 grad_norm=21.77435
[ 3516.050s] step         step=43650 epoch=6 lr=0.0002 g_loss=3.62948 d_loss=0.46926 cycle_loss=0.23135 identity_loss=0.18899 grad_norm=30.58451
[ 3520.045s] step         step=43700 epoch=6 lr=0.0002 g_loss=3.30755 d_loss=0.70359 cycle_loss=0.16379 identity_loss=0.19369 grad_norm=10.36098
[ 3524.038s] step         step=43750 epoch=6 lr=0.0002 g_loss=4.11483 d_loss=0.36203 cycle_loss=0.23487 identity_loss=0.23776 grad_norm=17.84711
[ 3528.403s] step         step=43800 epoch=6 lr=0.0002 g_loss=3.98492 d_loss=0.49126 cycle_loss=0.26864 identity_loss=0.20055 grad_norm=20.76734
[ 3532.567s] step         step=43850 epoch=6 lr=0.0002 g_loss=6.54175 d_loss=0.35082 cycle_loss=0.3939 identity_loss=0.35887 grad_norm=42.744
[ 3536.652s] step         step=43900 epoch=6 lr=0.0002 g_loss=4.60891 d_loss=0.18327 cycle_loss=0.24458 identity_loss=0.25194 grad_norm=27.68467
[ 3540.699s] step         step=43950 epoch=6 lr=0.0002 g_loss=3.19924 d_loss=0.66955 cycle_loss=0.17632 identity_loss=0.17747 grad_norm=14.23348
[ 3545.009s] step         step=44000 epoch=6 lr=0.0002 g_loss=7.04231 d_loss=0.29834 cycle_loss=0.38425 identity_loss=0.37832 grad_norm=38.43432
[ 3549.142s] step         step=44050 epoch=6 lr=0.0002 g_loss=3.69489 d_loss=0.36389 cycle_loss=0.20495 identity_loss=0.19173 grad_norm=21.40786
[ 3553.153s] step         step=44100 epoch=6 lr=0.0002 g_loss=4.37683 d_loss=0.39193 cycle_loss=0.27879 identity_loss=0.15881 grad_norm=20.49339
[ 3557.142s] step         step=44150 epoch=6 lr=0.0002 g_loss=3.51668 d_loss=0.15682 cycle_loss=0.15171 identity_loss=0.19352 grad_norm=12.03213
[ 3561.139s] step         step=44200 epoch=6 lr=0.0002 g_loss=3.5613 d_loss=0.46762 cycle_loss=0.18672 identity_loss=0.14779 grad_norm=22.14607
[ 3565.148s] step         step=44250 epoch=6 lr=0.0002 g_loss=4.88229 d_loss=0.09733 cycle_loss=0.23652 identity_loss=0.24075 grad_norm=25.96145
[ 3569.161s] step         step=44300 epoch=6 lr=0.0002 g_loss=3.97946 d_loss=0.27788 cycle_loss=0.15638 identity_loss=0.19232 grad_norm=16.82932
[ 3573.145s] step         step=44350 epoch=6 lr=0.0002 g_loss=3.68492 d_loss=0.35516 cycle_loss=0.17558 identity_loss=0.18246 grad_norm=19.88099
[ 3577.131s] step         step=44400 epoch=6 lr=0.0002 g_loss=5.39573 d_loss=0.14042 cycle_loss=0.32938 identity_loss=0.24308 grad_norm=24.0911
[ 3581.122s] step         step=44450 epoch=6 lr=0.0002 g_loss=5.01944 d_loss=0.09208 cycle_loss=0.19294 identity_loss=0.22722 grad_norm=24.06789
[ 3585.116s] step         step=44500 epoch=6 lr=0.0002 g_loss=3.85168 d_loss=0.45778 cycle_loss=0.21798 identity_loss=0.26762 grad_norm=17.53504
[ 3589.192s] step         step=44550 epoch=6 lr=0.0002 g_loss=4.30073 d_loss=0.18184 cycle_loss=0.24908 identity_loss=0.21798 grad_norm=30.83493
[ 3593.248s] step         step=44600 epoch=6 lr=0.0002 g_loss=4.26834 d_loss=0.61049 cycle_loss=0.22527 identity_loss=0.18175 grad_norm=18.34517
[ 3597.260s] step         step=44650 epoch=6 lr=0.0002 g_loss=3.50802 d_loss=0.20275 cycle_loss=0.18632 identity_loss=0.17422 grad_norm=16.00289
[ 3601.258s] step         step=44700 epoch=6 lr=0.0002 g_loss=3.74243 d_loss=0.2884 cycle_loss=0.20245 identity_loss=0.18845 grad_norm=24.63275
[ 3605.252s] step         step=44750 epoch=6 lr=0.0002 g_loss=4.2512 d_loss=0.17848 cycle_loss=0.2144 identity_loss=0.24228 grad_norm=22.92628
[ 3609.259s] step         step=44800 epoch=6 lr=0.0002 g_loss=4.40422 d_loss=0.4663 cycle_loss=0.19971 identity_loss=0.21847 grad_norm=15.86623
[ 3613.241s] step         step=44850 epoch=6 lr=0.0002 g_loss=4.19617 d_loss=0.30341 cycle_loss=0.20844 identity_loss=0.20557 grad_norm=21.19693
[ 3617.254s] step         step=44900 epoch=6 lr=0.0002 g_loss=6.02236 d_loss=0.35034 cycle_loss=0.36729 identity_loss=0.33942 grad_norm=29.88125
[ 3621.314s] step         step=44950 epoch=6 lr=0.0002 g_loss=4.87906 d_loss=0.12327 cycle_loss=0.26168 identity_loss=0.20621 grad_norm=31.15793
[ 3625.376s] step         step=45000 epoch=6 lr=0.0002 g_loss=3.83479 d_loss=0.45847 cycle_loss=0.17759 identity_loss=0.16795 grad_norm=18.83081
[ 3629.469s] step         step=45050 epoch=6 lr=0.0002 g_loss=4.07329 d_loss=0.19685 cycle_loss=0.24183 identity_loss=0.19222 grad_norm=20.13738
[ 3633.576s] step         step=45100 epoch=6 lr=0.0002 g_loss=5.70451 d_loss=0.3244 cycle_loss=0.32293 identity_loss=0.18087 grad_norm=58.72392
[ 3637.574s] step         step=45150 epoch=6 lr=0.0002 g_loss=3.3645 d_loss=0.22402 cycle_loss=0.20313 identity_loss=0.17322 grad_norm=17.55666
[ 3641.553s] step         step=45200 epoch=6 lr=0.0002 g_loss=4.10976 d_loss=0.32248 cycle_loss=0.23643 identity_loss=0.20282 grad_norm=31.08744
[ 3645.551s] step         step=45250 epoch=6 lr=0.0002 g_loss=4.29662 d_loss=0.39918 cycle_loss=0.2401 identity_loss=0.23701 grad_norm=20.99114
[ 3649.592s] step         step=45300 epoch=6 lr=0.0002 g_loss=8.79898 d_loss=0.39891 cycle_loss=0.50032 identity_loss=0.58423 grad_norm=30.04398
[ 3653.581s] step         step=45350 epoch=6 lr=0.0002 g_loss=5.15441 d_loss=0.20499 cycle_loss=0.27441 identity_loss=0.25125 grad_norm=29.79304
[ 3657.589s] step         step=45400 epoch=6 lr=0.0002 g_loss=4.83001 d_loss=0.44533 cycle_loss=0.26573 identity_loss=0.29132 grad_norm=20.96383
[ 3661.588s] step         step=45450 epoch=6 lr=0.0002 g_loss=5.44037 d_loss=0.10909 cycle_loss=0.28628 identity_loss=0.28631 grad_norm=24.49418
[ 3665.592s] step         step=45500 epoch=6 lr=0.0002 g_loss=4.21628 d_loss=0.3522 cycle_loss=0.213 identity_loss=0.16731 grad_norm=20.15465
[ 3669.643s] step         step=45550 epoch=6 lr=0.0002 g_loss=5.77208 d_loss=0.30761 cycle_loss=0.31909 identity_loss=0.30468 grad_norm=27.28449
[ 3673.649s] step         step=45600 epoch=6 lr=0.0002 g_loss=5.95349 d_loss=0.51991 cycle_loss=0.35732 identity_loss=0.33655 grad_norm=29.86505
[ 3677.663s] step         step=45650 epoch=6 lr=0.0002 g_loss=3.85699 d_loss=0.14914 cycle_loss=0.22057 identity_loss=0.20565 grad_norm=22.18806
[ 3681.660s] step         step=45700 epoch=6 lr=0.0002 g_loss=3.90055 d_loss=0.25647 cycle_loss=0.1705 identity_loss=0.16739 grad_norm=16.69549
[ 3685.668s] step         step=45750 epoch=6 lr=0.0002 g_loss=3.65009 d_loss=0.31946 cycle_loss=0.16723 identity_loss=0.16246 grad_norm=15.52749
[ 3689.660s] step         step=45800 epoch=6 lr=0.0002 g_loss=6.20245 d_loss=0.21025 cycle_loss=0.35377 identity_loss=0.35472 grad_norm=34.66946
[ 3693.660s] step         step=45850 epoch=6 lr=0.0002 g_loss=4.23566 d_loss=0.30035 cycle_loss=0.23493 identity_loss=0.20833 grad_norm=17.09108
[ 3697.651s] step         step=45900 epoch=6 lr=0.0002 g_loss=4.04613 d_loss=0.25658 cycle_loss=0.24747 identity_loss=0.18935 grad_norm=20.35939
[ 3701.698s] step         step=45950 epoch=6 lr=0.0002 g_loss=4.37541 d_loss=0.37853 cycle_loss=0.20936 identity_loss=0.25371 grad_norm=12.66316
[ 3705.701s] step         step=46000 epoch=6 lr=0.0002 g_loss=5.09107 d_loss=0.11709 cycle_loss=0.27137 identity_loss=0.25467 grad_norm=26.20965
[ 3709.812s] step         step=46050 epoch=6 lr=0.0002 g_loss=4.4911 d_loss=0.27199 cycle_loss=0.25591 identity_loss=0.2556 grad_norm=27.02139
[ 3713.812s] step         step=46100 epoch=6 lr=0.0002 g_loss=4.17291 d_loss=0.53503 cycle_loss=0.23452 identity_loss=0.23512 grad_norm=15.32998
[ 3717.801s] step         step=46150 epoch=6 lr=0.0002 g_loss=4.22511 d_loss=0.17435 cycle_loss=0.20628 identity_loss=0.18237 grad_norm=27.54864
[ 3721.809s] step         step=46200 epoch=6 lr=0.0002 g_loss=4.29385 d_loss=0.21773 cycle_loss=0.2322 identity_loss=0.21457 grad_norm=23.40443
[ 3725.808s] step         step=46250 epoch=6 lr=0.0002 g_loss=4.01814 d_loss=0.4312 cycle_loss=0.20485 identity_loss=0.18965 grad_norm=15.86874
[ 3729.807s] step         step=46300 epoch=6 lr=0.0002 g_loss=4.38269 d_loss=0.39848 cycle_loss=0.2112 identity_loss=0.22413 grad_norm=18.20496
[ 3733.821s] step         step=46350 epoch=6 lr=0.0002 g_loss=4.94112 d_loss=0.16479 cycle_loss=0.27413 identity_loss=0.25854 grad_norm=23.1854
[ 3737.826s] step         step=46400 epoch=6 lr=0.0002 g_loss=4.63818 d_loss=0.41939 cycle_loss=0.26792 identity_loss=0.29464 grad_norm=27.665
[ 3741.831s] step         step=46450 epoch=6 lr=0.0002 g_loss=4.03253 d_loss=0.29511 cycle_loss=0.18 identity_loss=0.17493 grad_norm=13.77931
[ 3745.827s] step         step=46500 epoch=6 lr=0.0002 g_loss=5.22408 d_loss=0.15243 cycle_loss=0.29694 identity_loss=0.23108 grad_norm=23.84455
[ 3749.895s] step         step=46550 epoch=6 lr=0.0002 g_loss=4.28723 d_loss=0.28198 cycle_loss=0.20564 identity_loss=0.23751 grad_norm=30.31128
[ 3753.906s] step         step=46600 epoch=6 lr=0.0002 g_loss=4.71277 d_loss=0.12277 cycle_loss=0.24926 identity_loss=0.20909 grad_norm=15.91315
[ 3757.900s] step         step=46650 epoch=6 lr=0.0002 g_loss=3.70705 d_loss=0.15515 cycle_loss=0.20453 identity_loss=0.17335 grad_norm=22.48016
[ 3761.968s] step         step=46700 epoch=6 lr=0.0002 g_loss=3.95246 d_loss=0.27565 cycle_loss=0.17596 identity_loss=0.20605 grad_norm=25.00839
[ 3765.973s] step         step=46750 epoch=6 lr=0.0002 g_loss=5.15576 d_loss=0.50409 cycle_loss=0.26832 identity_loss=0.28039 grad_norm=24.68888
[ 3770.071s] step         step=46800 epoch=6 lr=0.0002 g_loss=5.01258 d_loss=0.44198 cycle_loss=0.29847 identity_loss=0.31283 grad_norm=21.37674
[ 3774.155s] step         step=46850 epoch=6 lr=0.0002 g_loss=4.29124 d_loss=0.24333 cycle_loss=0.23251 identity_loss=0.16808 grad_norm=21.59208
[ 3778.169s] step         step=46900 epoch=6 lr=0.0002 g_loss=4.26103 d_loss=0.33834 cycle_loss=0.23832 identity_loss=0.25432 grad_norm=25.25134
[ 3782.263s] step         step=46950 epoch=6 lr=0.0002 g_loss=5.66538 d_loss=0.22007 cycle_loss=0.33261 identity_loss=0.29088 grad_norm=26.27446
[ 3786.254s] step         step=47000 epoch=6 lr=0.0002 g_loss=5.17201 d_loss=0.33629 cycle_loss=0.32054 identity_loss=0.25039 grad_norm=27.89029
[ 3790.322s] step         step=47050 epoch=6 lr=0.0002 g_loss=3.42794 d_loss=0.24495 cycle_loss=0.17108 identity_loss=0.1641 grad_norm=13.21767
[ 3794.337s] step         step=47100 epoch=6 lr=0.0002 g_loss=3.49345 d_loss=0.23869 cycle_loss=0.20633 identity_loss=0.20039 grad_norm=17.11963
[ 3798.372s] step         step=47150 epoch=6 lr=0.0002 g_loss=4.80583 d_loss=0.38018 cycle_loss=0.23438 identity_loss=0.2131 grad_norm=22.3026
[ 3802.369s] step         step=47200 epoch=6 lr=0.0002 g_loss=4.51944 d_loss=0.28416 cycle_loss=0.25004 identity_loss=0.25296 grad_norm=20.65878
[ 3806.379s] step         step=47250 epoch=6 lr=0.0002 g_loss=4.50045 d_loss=0.27245 cycle_loss=0.1968 identity_loss=0.20154 grad_norm=22.75655
[ 3810.380s] step         step=47300 epoch=6 lr=0.0002 g_loss=4.31926 d_loss=0.28243 cycle_loss=0.1516 identity_loss=0.1877 grad_norm=18.17973
[ 3814.383s] step         step=47350 epoch=6 lr=0.0002 g_loss=4.98105 d_loss=0.2197 cycle_loss=0.25066 identity_loss=0.264 grad_norm=25.67645
[ 3818.383s] step         step=47400 epoch=6 lr=0.0002 g_loss=4.68299 d_loss=0.30594 cycle_loss=0.25227 identity_loss=0.22419 grad_norm=18.5479
[ 3822.657s] step         step=47450 epoch=6 lr=0.0002 g_loss=6.53505 d_loss=0.36891 cycle_loss=0.38577 identity_loss=0.33687 grad_norm=22.77285
[ 3827.133s] step         step=47500 epoch=6 lr=0.0002 g_loss=4.36383 d_loss=0.3946 cycle_loss=0.2401 identity_loss=0.2494 grad_norm=17.5838
[ 3831.235s] step         step=47550 epoch=6 lr=0.0002 g_loss=3.51782 d_loss=0.33548 cycle_loss=0.20117 identity_loss=0.16013 grad_norm=22.11704
[ 3835.229s] step         step=47600 epoch=6 lr=0.0002 g_loss=4.80004 d_loss=0.22052 cycle_loss=0.274 identity_loss=0.25414 grad_norm=35.25649
[ 3839.228s] step         step=47650 epoch=6 lr=0.0002 g_loss=4.81833 d_loss=0.60557 cycle_loss=0.27891 identity_loss=0.24798 grad_norm=24.33203
[ 3843.227s] step         step=47700 epoch=6 lr=0.0002 g_loss=4.4384 d_loss=0.27212 cycle_loss=0.17342 identity_loss=0.17688 grad_norm=18.30857
[ 3847.287s] step         step=47750 epoch=6 lr=0.0002 g_loss=6.90534 d_loss=0.20723 cycle_loss=0.35851 identity_loss=0.34759 grad_norm=29.37889
[ 3851.304s] step         step=47800 epoch=6 lr=0.0002 g_loss=4.47589 d_loss=0.30789 cycle_loss=0.23671 identity_loss=0.28415 grad_norm=26.96096
[ 3855.314s] step         step=47850 epoch=6 lr=0.0002 g_loss=4.47331 d_loss=0.41736 cycle_loss=0.28033 identity_loss=0.19206 grad_norm=46.22
[ 3859.361s] step         step=47900 epoch=6 lr=0.0002 g_loss=4.1217 d_loss=0.23771 cycle_loss=0.20754 identity_loss=0.15211 grad_norm=18.3864
[ 3863.341s] step         step=47950 epoch=6 lr=0.0002 g_loss=4.49972 d_loss=0.32152 cycle_loss=0.19975 identity_loss=0.198 grad_norm=21.22262
[ 3867.357s] step         step=48000 epoch=6 lr=0.0002 g_loss=4.99569 d_loss=0.47721 cycle_loss=0.29699 identity_loss=0.27023 grad_norm=21.63535
[ 3871.423s] step         step=48050 epoch=6 lr=0.0002 g_loss=3.75927 d_loss=0.45414 cycle_loss=0.23069 identity_loss=0.17959 grad_norm=26.8187
[ 3875.415s] step         step=48100 epoch=6 lr=0.0002 g_loss=6.31044 d_loss=0.30127 cycle_loss=0.39459 identity_loss=0.29855 grad_norm=37.38927
[ 3879.424s] step         step=48150 epoch=6 lr=0.0002 g_loss=4.94987 d_loss=0.18105 cycle_loss=0.28403 identity_loss=0.20729 grad_norm=21.65331
[ 3883.627s] step         step=48200 epoch=6 lr=0.0002 g_loss=3.37085 d_loss=0.19496 cycle_loss=0.17667 identity_loss=0.13421 grad_norm=15.95543
[ 3887.630s] step         step=48250 epoch=6 lr=0.0002 g_loss=3.39972 d_loss=0.4576 cycle_loss=0.16566 identity_loss=0.17686 grad_norm=16.87277
[ 3891.629s] step         step=48300 epoch=6 lr=0.0002 g_loss=3.87246 d_loss=0.80171 cycle_loss=0.23322 identity_loss=0.23863 grad_norm=19.78071
[ 3895.626s] step         step=48350 epoch=6 lr=0.0002 g_loss=4.0182 d_loss=0.18044 cycle_loss=0.17396 identity_loss=0.21534 grad_norm=21.32519
[ 3899.627s] step         step=48400 epoch=6 lr=0.0002 g_loss=4.52741 d_loss=0.18247 cycle_loss=0.22479 identity_loss=0.23957 grad_norm=21.69097
[ 3903.619s] step         step=48450 epoch=6 lr=0.0002 g_loss=5.54941 d_loss=0.33766 cycle_loss=0.26441 identity_loss=0.25308 grad_norm=45.07627
[ 3907.614s] step         step=48500 epoch=6 lr=0.0002 g_loss=4.22219 d_loss=0.26418 cycle_loss=0.24197 identity_loss=0.18605 grad_norm=17.03903
[ 3911.707s] step         step=48550 epoch=6 lr=0.0002 g_loss=3.31404 d_loss=0.29478 cycle_loss=0.17107 identity_loss=0.18023 grad_norm=48.47842
[ 3915.743s] step         step=48600 epoch=6 lr=0.0002 g_loss=4.35396 d_loss=0.40404 cycle_loss=0.18353 identity_loss=0.2399 grad_norm=14.37385
[ 3919.742s] step         step=48650 epoch=6 lr=0.0002 g_loss=4.19848 d_loss=0.31346 cycle_loss=0.22877 identity_loss=0.23722 grad_norm=36.27692
[ 3923.729s] step         step=48700 epoch=6 lr=0.0002 g_loss=4.48257 d_loss=0.21073 cycle_loss=0.23195 identity_loss=0.21419 grad_norm=23.00107
[ 3927.742s] step         step=48750 epoch=6 lr=0.0002 g_loss=4.93594 d_loss=0.3144 cycle_loss=0.27204 identity_loss=0.24038 grad_norm=20.55575
[ 3931.765s] step         step=48800 epoch=6 lr=0.0002 g_loss=4.0591 d_loss=0.27109 cycle_loss=0.23774 identity_loss=0.18218 grad_norm=21.90489
[ 3935.785s] step         step=48850 epoch=6 lr=0.0002 g_loss=3.86033 d_loss=0.28879 cycle_loss=0.18388 identity_loss=0.2317 grad_norm=43.61544
[ 3939.816s] step         step=48900 epoch=6 lr=0.0002 g_loss=4.43777 d_loss=0.24358 cycle_loss=0.23961 identity_loss=0.23133 grad_norm=23.96986
[ 3943.839s] step         step=48950 epoch=6 lr=0.0002 g_loss=4.47156 d_loss=0.19345 cycle_loss=0.19571 identity_loss=0.23025 grad_norm=28.90417
[ 3947.971s] step         step=49000 epoch=6 lr=0.0002 g_loss=5.15429 d_loss=0.27787 cycle_loss=0.31845 identity_loss=0.24994 grad_norm=26.19214
[ 3952.038s] step         step=49050 epoch=6 lr=0.0002 g_loss=5.00728 d_loss=0.33716 cycle_loss=0.28942 identity_loss=0.30165 grad_norm=29.53044
[ 3956.044s] step         step=49100 epoch=6 lr=0.0002 g_loss=5.585 d_loss=0.26144 cycle_loss=0.30812 identity_loss=0.24251 grad_norm=32.26382
[ 3960.039s] step         step=49150 epoch=6 lr=0.0002 g_loss=3.63157 d_loss=0.30182 cycle_loss=0.21907 identity_loss=0.173 grad_norm=18.22902
[ 3964.049s] step         step=49200 epoch=6 lr=0.0002 g_loss=4.02645 d_loss=0.45694 cycle_loss=0.21411 identity_loss=0.18866 grad_norm=20.49681
[ 3968.063s] step         step=49250 epoch=6 lr=0.0002 g_loss=3.88498 d_loss=0.12238 cycle_loss=0.17509 identity_loss=0.13474 grad_norm=26.29411
[ 3969.345s] epoch        epoch=6 step=49266 seconds=3955.3
[ 3969.620s] checkpoint   epoch=7 step=49266
[ 3972.374s] step         step=49300 epoch=7 lr=0.0002 g_loss=4.0652 d_loss=0.20507 cycle_loss=0.23617 identity_loss=0.16163 grad_norm=28.77187
[ 3976.364s] step         step=49350 epoch=7 lr=0.0002 g_loss=4.11082 d_loss=0.42884 cycle_loss=0.23383 identity_loss=0.15946 grad_norm=17.6345
[ 3980.379s] step         step=49400 epoch=7 lr=0.0002 g_loss=3.19403 d_loss=0.25996 cycle_loss=0.16202 identity_loss=0.13652 grad_norm=14.4903
[ 3984.376s] step         step=49450 epoch=7 lr=0.0002 g_loss=3.67387 d_loss=0.52314 cycle_loss=0.1611 identity_loss=0.16857 grad_norm=20.16839
[ 3988.387s] step         step=49500 epoch=7 lr=0.0002 g_loss=4.19535 d_loss=0.32445 cycle_loss=0.18907 identity_loss=0.21295 grad_norm=16.98803
[ 3992.594s] step         step=49550 epoch=7 lr=0.0002 g_loss=3.39571 d_loss=0.48678 cycle_loss=0.19306 identity_loss=0.21475 grad_norm=21.23403
[ 3996.613s] step         step=49600 epoch=7 lr=0.0002 g_loss=3.73933 d_loss=0.23789 cycle_loss=0.20078 identity_loss=0.19667 grad_norm=24.11796
[ 4000.613s] step         step=49650 epoch=7 lr=0.0002 g_loss=5.62926 d_loss=0.21997 cycle_loss=0.30667 identity_loss=0.22428 grad_norm=46.16751
[ 4004.616s] step         step=49700 epoch=7 lr=0.0002 g_loss=3.63508 d_loss=0.37443 cycle_loss=0.20771 identity_loss=0.21128 grad_norm=20.6815
[ 4008.614s] step         step=49750 epoch=7 lr=0.0002 g_loss=4.62905 d_loss=0.32185 cycle_loss=0.26698 identity_loss=0.24549 grad_norm=29.67429
[ 4012.616s] step         step=49800 epoch=7 lr=0.0002 g_loss=3.99085 d_loss=0.35758 cycle_loss=0.20337 identity_loss=0.16745 grad_norm=25.95392
[ 4016.624s] step         step=49850 epoch=7 lr=0.0002 g_loss=4.94058 d_loss=0.31281 cycle_loss=0.27678 identity_loss=0.1868 grad_norm=31.82657
[ 4021.083s] step         step=49900 epoch=7 lr=0.0002 g_loss=4.32469 d_loss=0.35321 cycle_loss=0.25005 identity_loss=0.14938 grad_norm=21.25377
[ 4025.155s] step         step=49950 epoch=7 lr=0.0002 g_loss=3.52554 d_loss=0.39685 cycle_loss=0.15957 identity_loss=0.13765 grad_norm=21.37522
[ 4029.277s] step         step=50000 epoch=7 lr=0.0002 g_loss=4.04846 d_loss=0.33838 cycle_loss=0.18731 identity_loss=0.15658 grad_norm=20.60938
[ 4033.419s] step         step=50050 epoch=7 lr=0.0002 g_loss=4.95052 d_loss=0.2026 cycle_loss=0.25958 identity_loss=0.24552 grad_norm=16.50957
[ 4037.427s] step         step=50100 epoch=7 lr=0.0002 g_loss=4.84148 d_loss=0.52593 cycle_loss=0.25989 identity_loss=0.2787 grad_norm=22.65162
[ 4041.427s] step         step=50150 epoch=7 lr=0.0002 g_loss=4.79942 d_loss=0.14084 cycle_loss=0.24882 identity_loss=0.2494 grad_norm=25.14361
[ 4045.425s] step         step=50200 epoch=7 lr=0.0002 g_loss=3.88913 d_loss=0.2048 cycle_loss=0.21325 identity_loss=0.18704 grad_norm=22.72726
[ 4049.450s] step         step=50250 epoch=7 lr=0.0002 g_loss=5.76788 d_loss=0.14339 cycle_loss=0.3534 identity_loss=0.29306 grad_norm=34.00399
[ 4053.527s] step         step=50300 epoch=7 lr=0.0002 g_loss=5.66483 d_loss=0.14481 cycle_loss=0.28439 identity_loss=0.26307 grad_norm=29.16081
[ 4057.530s] step         step=50350 epoch=7 lr=0.0002 g_loss=5.3476 d_loss=0.13571 cycle_loss=0.26436 identity_loss=0.22012 grad_norm=40.90794
[ 4061.534s] step         step=50400 epoch=7 lr=0.0002 g_loss=5.92526 d_loss=0.28526 cycle_loss=0.28625 identity_loss=0.17747 grad_norm=34.13953
[ 4065.533s] step         step=50450 epoch=7 lr=0.0002 g_loss=3.89513 d_loss=0.30946 cycle_loss=0.22997 identity_loss=0.19889 grad_norm=16.31395
[ 4069.634s] step         step=50500 epoch=7 lr=0.0002 g_loss=3.76739 d_loss=0.48393 cycle_loss=0.21546 identity_loss=0.20273 grad_norm=13.89434
[ 4073.793s] step         step=50550 epoch=7 lr=0.0002 g_loss=3.58814 d_loss=0.35884 cycle_loss=0.18534 identity_loss=0.19675 grad_norm=17.94062
[ 4077.797s] step         step=50600 epoch=7 lr=0.0002 g_loss=5.04918 d_loss=0.13853 cycle_loss=0.26777 identity_loss=0.19288 grad_norm=22.20798
[ 4081.851s] step         step=50650 epoch=7 lr=0.0002 g_loss=3.70088 d_loss=0.64031 cycle_loss=0.20783 identity_loss=0.19413 grad_norm=26.20753
[ 4085.842s] step         step=50700 epoch=7 lr=0.0002 g_loss=3.819 d_loss=0.25959 cycle_loss=0.20966 identity_loss=0.18503 grad_norm=12.14821
[ 4089.838s] step         step=50750 epoch=7 lr=0.0002 g_loss=3.76532 d_loss=0.25838 cycle_loss=0.214 identity_loss=0.18481 grad_norm=23.00188
[ 4093.840s] step         step=50800 epoch=7 lr=0.0002 g_loss=4.4092 d_loss=0.33224 cycle_loss=0.22392 identity_loss=0.26639 grad_norm=19.60438
[ 4097.867s] step         step=50850 epoch=7 lr=0.0002 g_loss=4.90447 d_loss=0.11306 cycle_loss=0.24558 identity_loss=0.16272 grad_norm=29.58191
[ 4101.859s] step         step=50900 epoch=7 lr=0.0002 g_loss=4.35483 d_loss=0.08157 cycle_loss=0.20116 identity_loss=0.23345 grad_norm=19.99907
[ 4105.861s] step         step=50950 epoch=7 lr=0.0002 g_loss=3.92226 d_loss=0.15235 cycle_loss=0.18332 identity_loss=0.20633 grad_norm=19.14999
[ 4110.078s] step         step=51000 epoch=7 lr=0.0002 g_loss=4.2617 d_loss=0.17149 cycle_loss=0.21773 identity_loss=0.19979 grad_norm=34.82151
[ 4114.149s] step         step=51050 epoch=7 lr=0.0002 g_loss=4.63298 d_loss=0.46186 cycle_loss=0.25468 identity_loss=0.22555 grad_norm=21.21468
[ 4118.143s] step         step=51100 epoch=7 lr=0.0002 g_loss=4.47051 d_loss=0.25722 cycle_loss=0.2422 identity_loss=0.26146 grad_norm=28.30894
[ 4122.144s] step         step=51150 epoch=7 lr=0.0002 g_loss=4.20217 d_loss=0.27975 cycle_loss=0.19882 identity_loss=0.22466 grad_norm=17.54936
[ 4126.149s] step         step=51200 epoch=7 lr=0.0002 g_loss=3.31977 d_loss=0.18468 cycle_loss=0.18349 identity_loss=0.13026 grad_norm=15.83079
[ 4130.142s] step         step=51250 epoch=7 lr=0.0002 g_loss=3.41088 d_loss=0.51084 cycle_loss=0.20167 identity_loss=0.19187 grad_norm=20.16874
[ 4134.131s] step         step=51300 epoch=7 lr=0.0002 g_loss=4.20189 d_loss=0.31416 cycle_loss=0.22475 identity_loss=0.20465 grad_norm=22.50451
[ 4138.199s] step         step=51350 epoch=7 lr=0.0002 g_loss=4.40074 d_loss=0.32309 cycle_loss=0.20833 identity_loss=0.30827 grad_norm=23.89365
[ 4142.504s] step         step=51400 epoch=7 lr=0.0002 g_loss=6.44043 d_loss=0.26922 cycle_loss=0.39396 identity_loss=0.40324 grad_norm=47.18122
[ 4147.011s] step         step=51450 epoch=7 lr=0.0002 g_loss=4.72828 d_loss=0.24775 cycle_loss=0.25741 identity_loss=0.27492 grad_norm=20.84027
[ 4151.704s] step         step=51500 epoch=7 lr=0.0002 g_loss=5.01412 d_loss=0.11142 cycle_loss=0.28142 identity_loss=0.22736 grad_norm=26.67039
[ 4156.302s] step         step=51550 epoch=7 lr=0.0002 g_loss=4.66369 d_loss=0.32061 cycle_loss=0.24767 identity_loss=0.21973 grad_norm=23.24083
[ 4160.768s] step         step=51600 epoch=7 lr=0.0002 g_loss=4.64587 d_loss=0.17764 cycle_loss=0.25534 identity_loss=0.17593 grad_norm=23.78852
[ 4165.146s] step         step=51650 epoch=7 lr=0.0002 g_loss=3.3009 d_loss=0.32222 cycle_loss=0.19438 identity_loss=0.18293 grad_norm=21.52127
[ 4169.625s] step         step=51700 epoch=7 lr=0.0002 g_loss=3.1552 d_loss=0.49444 cycle_loss=0.20072 identity_loss=0.17051 grad_norm=20.46039
[ 4174.888s] step         step=51750 epoch=7 lr=0.0002 g_loss=4.50874 d_loss=0.26947 cycle_loss=0.20651 identity_loss=0.2234 grad_norm=14.83931
[ 4180.027s] step         step=51800 epoch=7 lr=0.0002 g_loss=4.07994 d_loss=0.25902 cycle_loss=0.2287 identity_loss=0.18612 grad_norm=19.86538
[ 4185.287s] step         step=51850 epoch=7 lr=0.0002 g_loss=5.87398 d_loss=0.1554 cycle_loss=0.31199 identity_loss=0.31199 grad_norm=33.87763
[ 4190.293s] step         step=51900 epoch=7 lr=0.0002 g_loss=8.75313 d_loss=0.41177 cycle_loss=0.51149 identity_loss=0.61613 grad_norm=30.30165
[ 4194.970s] step         step=51950 epoch=7 lr=0.0002 g_loss=4.68265 d_loss=0.35368 cycle_loss=0.24565 identity_loss=0.28894 grad_norm=29.7669
[ 4199.686s] step         step=52000 epoch=7 lr=0.0002 g_loss=4.06032 d_loss=0.27392 cycle_loss=0.23292 identity_loss=0.22762 grad_norm=15.44196
[ 4204.321s] step         step=52050 epoch=7 lr=0.0002 g_loss=4.11307 d_loss=0.13401 cycle_loss=0.1711 identity_loss=0.20093 grad_norm=12.51628
[ 4209.216s] step         step=52100 epoch=7 lr=0.0002 g_loss=3.88955 d_loss=0.17722 cycle_loss=0.15944 identity_loss=0.14413 grad_norm=25.91911
[ 4214.116s] step         step=52150 epoch=7 lr=0.0002 g_loss=5.75599 d_loss=0.24117 cycle_loss=0.37333 identity_loss=0.31495 grad_norm=23.87377
[ 4218.836s] step         step=52200 epoch=7 lr=0.0002 g_loss=2.65679 d_loss=0.37525 cycle_loss=0.13787 identity_loss=0.14369 grad_norm=11.43876
[ 4223.739s] step         step=52250 epoch=7 lr=0.0002 g_loss=4.43678 d_loss=0.24122 cycle_loss=0.21634 identity_loss=0.23817 grad_norm=18.70465
[ 4228.724s] step         step=52300 epoch=7 lr=0.0002 g_loss=4.75987 d_loss=0.28954 cycle_loss=0.21594 identity_loss=0.19769 grad_norm=18.99397
[ 4234.325s] step         step=52350 epoch=7 lr=0.0002 g_loss=5.36339 d_loss=0.16287 cycle_loss=0.29293 identity_loss=0.29301 grad_norm=42.06928
[ 4239.895s] step         step=52400 epoch=7 lr=0.0002 g_loss=4.84012 d_loss=0.99238 cycle_loss=0.27254 identity_loss=0.30211 grad_norm=27.63836
[ 4245.107s] step         step=52450 epoch=7 lr=0.0002 g_loss=5.89364 d_loss=0.17119 cycle_loss=0.28999 identity_loss=0.29394 grad_norm=27.69913
[ 4249.699s] step         step=52500 epoch=7 lr=0.0002 g_loss=4.9774 d_loss=0.26725 cycle_loss=0.28451 identity_loss=0.24787 grad_norm=36.06711
[ 4254.287s] step         step=52550 epoch=7 lr=0.0002 g_loss=5.41353 d_loss=0.32572 cycle_loss=0.26345 identity_loss=0.36838 grad_norm=42.21394
[ 4258.834s] step         step=52600 epoch=7 lr=0.0002 g_loss=5.16991 d_loss=0.60987 cycle_loss=0.30553 identity_loss=0.34717 grad_norm=33.90462
[ 4263.295s] step         step=52650 epoch=7 lr=0.0002 g_loss=3.94712 d_loss=0.45272 cycle_loss=0.20515 identity_loss=0.19807 grad_norm=12.66919
[ 4267.740s] step         step=52700 epoch=7 lr=0.0002 g_loss=6.51355 d_loss=0.33138 cycle_loss=0.31588 identity_loss=0.56074 grad_norm=23.61169
[ 4272.193s] step         step=52750 epoch=7 lr=0.0002 g_loss=3.63066 d_loss=0.25757 cycle_loss=0.19364 identity_loss=0.14654 grad_norm=15.80948
[ 4276.841s] step         step=52800 epoch=7 lr=0.0002 g_loss=3.79004 d_loss=0.49706 cycle_loss=0.2023 identity_loss=0.19212 grad_norm=23.64984
[ 4282.220s] step         step=52850 epoch=7 lr=0.0002 g_loss=3.84377 d_loss=0.4747 cycle_loss=0.19072 identity_loss=0.20196 grad_norm=23.22909
[ 4289.666s] step         step=52900 epoch=7 lr=0.0002 g_loss=3.7797 d_loss=0.20075 cycle_loss=0.22713 identity_loss=0.17553 grad_norm=25.64845
[ 4295.644s] step         step=52950 epoch=7 lr=0.0002 g_loss=4.51177 d_loss=0.43527 cycle_loss=0.238 identity_loss=0.22543 grad_norm=28.57244
[ 4300.885s] step         step=53000 epoch=7 lr=0.0002 g_loss=4.54315 d_loss=0.41902 cycle_loss=0.27354 identity_loss=0.28253 grad_norm=29.32919
[ 4306.279s] step         step=53050 epoch=7 lr=0.0002 g_loss=3.81013 d_loss=0.15799 cycle_loss=0.19134 identity_loss=0.13958 grad_norm=20.30211
[ 4311.727s] step         step=53100 epoch=7 lr=0.0002 g_loss=4.72239 d_loss=0.24832 cycle_loss=0.27448 identity_loss=0.25713 grad_norm=32.40221
[ 4317.036s] step         step=53150 epoch=7 lr=0.0002 g_loss=5.12984 d_loss=0.23415 cycle_loss=0.2808 identity_loss=0.24222 grad_norm=23.44853
[ 4322.261s] step         step=53200 epoch=7 lr=0.0002 g_loss=4.53519 d_loss=0.25856 cycle_loss=0.26811 identity_loss=0.22663 grad_norm=31.448
[ 4327.509s] step         step=53250 epoch=7 lr=0.0002 g_loss=6.41229 d_loss=0.32467 cycle_loss=0.33511 identity_loss=0.32144 grad_norm=31.2267
[ 4333.574s] step         step=53300 epoch=7 lr=0.0002 g_loss=4.28644 d_loss=0.40817 cycle_loss=0.21038 identity_loss=0.23173 grad_norm=15.41011
[ 4338.827s] step         step=53350 epoch=7 lr=0.0002 g_loss=3.61954 d_loss=0.20143 cycle_loss=0.18651 identity_loss=0.1818 grad_norm=22.55269
[ 4344.071s] step         step=53400 epoch=7 lr=0.0002 g_loss=3.98239 d_loss=0.39627 cycle_loss=0.19849 identity_loss=0.20959 grad_norm=15.17394
[ 4349.354s] step         step=53450 epoch=7 lr=0.0002 g_loss=3.32793 d_loss=0.24352 cycle_loss=0.15817 identity_loss=0.16935 grad_norm=17.06231
[ 4354.568s] step         step=53500 epoch=7 lr=0.0002 g_loss=5.26287 d_loss=0.2976 cycle_loss=0.28341 identity_loss=0.33682 grad_norm=31.78913
[ 4359.806s] step         step=53550 epoch=7 lr=0.0002 g_loss=4.78369 d_loss=0.12249 cycle_loss=0.21339 identity_loss=0.1998 grad_norm=21.74305
[ 4365.048s] step         step=53600 epoch=7 lr=0.0002 g_loss=3.76155 d_loss=0.2709 cycle_loss=0.19723 identity_loss=0.16498 grad_norm=25.53058
[ 4370.665s] step         step=53650 epoch=7 lr=0.0002 g_loss=5.09394 d_loss=0.22533 cycle_loss=0.28019 identity_loss=0.27135 grad_norm=27.00389
[ 4375.881s] step         step=53700 epoch=7 lr=0.0002 g_loss=3.9198 d_loss=0.37703 cycle_loss=0.23786 identity_loss=0.18904 grad_norm=30.1677
[ 4381.142s] step         step=53750 epoch=7 lr=0.0002 g_loss=4.09541 d_loss=0.32586 cycle_loss=0.17838 identity_loss=0.19111 grad_norm=15.28558
[ 4386.401s] step         step=53800 epoch=7 lr=0.0002 g_loss=4.86665 d_loss=0.26858 cycle_loss=0.24258 identity_loss=0.28674 grad_norm=22.83669
[ 4391.646s] step         step=53850 epoch=7 lr=0.0002 g_loss=4.67352 d_loss=0.19051 cycle_loss=0.26474 identity_loss=0.18565 grad_norm=74.58872
[ 4396.903s] step         step=53900 epoch=7 lr=0.0002 g_loss=4.99612 d_loss=0.23718 cycle_loss=0.24773 identity_loss=0.18868 grad_norm=45.51414
[ 4402.111s] step         step=53950 epoch=7 lr=0.0002 g_loss=4.70677 d_loss=0.20517 cycle_loss=0.24647 identity_loss=0.305 grad_norm=32.81441
[ 4407.460s] step         step=54000 epoch=7 lr=0.0002 g_loss=4.85593 d_loss=0.19342 cycle_loss=0.28311 identity_loss=0.21963 grad_norm=21.3731
[ 4412.652s] step         step=54050 epoch=7 lr=0.0002 g_loss=4.04206 d_loss=0.25109 cycle_loss=0.23433 identity_loss=0.22042 grad_norm=25.68044
[ 4417.890s] step         step=54100 epoch=7 lr=0.0002 g_loss=6.6851 d_loss=0.23593 cycle_loss=0.39088 identity_loss=0.35732 grad_norm=34.37685
[ 4423.125s] step         step=54150 epoch=7 lr=0.0002 g_loss=4.82904 d_loss=0.17758 cycle_loss=0.21691 identity_loss=0.25795 grad_norm=27.71365
[ 4428.399s] step         step=54200 epoch=7 lr=0.0002 g_loss=4.27169 d_loss=0.42334 cycle_loss=0.22855 identity_loss=0.24405 grad_norm=19.67518
[ 4433.615s] step         step=54250 epoch=7 lr=0.0002 g_loss=4.44401 d_loss=0.32532 cycle_loss=0.23625 identity_loss=0.24217 grad_norm=13.03724
[ 4438.884s] step         step=54300 epoch=7 lr=0.0002 g_loss=5.6031 d_loss=0.33235 cycle_loss=0.32706 identity_loss=0.24554 grad_norm=37.2078
[ 4444.102s] step         step=54350 epoch=7 lr=0.0002 g_loss=4.11234 d_loss=0.48984 cycle_loss=0.21594 identity_loss=0.20344 grad_norm=19.14621
[ 4449.747s] step         step=54400 epoch=7 lr=0.0002 g_loss=3.71669 d_loss=0.29735 cycle_loss=0.22019 identity_loss=0.19501 grad_norm=13.47273
[ 4454.998s] step         step=54450 epoch=7 lr=0.0002 g_loss=5.19697 d_loss=0.19379 cycle_loss=0.29583 identity_loss=0.3521 grad_norm=34.33331
[ 4460.242s] step         step=54500 epoch=7 lr=0.0002 g_loss=3.33332 d_loss=0.30439 cycle_loss=0.16711 identity_loss=0.17028 grad_norm=19.08398
[ 4465.436s] step         step=54550 epoch=7 lr=0.0002 g_loss=3.3112 d_loss=0.33225 cycle_loss=0.1767 identity_loss=0.16333 grad_norm=20.23161
[ 4470.671s] step         step=54600 epoch=7 lr=0.0002 g_loss=4.4367 d_loss=0.45486 cycle_loss=0.22362 identity_loss=0.1734 grad_norm=19.35395
[ 4475.914s] step         step=54650 epoch=7 lr=0.0002 g_loss=3.50724 d_loss=0.30554 cycle_loss=0.20194 identity_loss=0.17332 grad_norm=13.93831
[ 4481.143s] step         step=54700 epoch=7 lr=0.0002 g_loss=4.79569 d_loss=0.08345 cycle_loss=0.27956 identity_loss=0.21534 grad_norm=32.72205
[ 4486.414s] step         step=54750 epoch=7 lr=0.0002 g_loss=4.56132 d_loss=0.15732 cycle_loss=0.19787 identity_loss=0.25615 grad_norm=24.37065
[ 4491.671s] step         step=54800 epoch=7 lr=0.0002 g_loss=4.82662 d_loss=0.19164 cycle_loss=0.2382 identity_loss=0.27671 grad_norm=24.83535
[ 4496.901s] step         step=54850 epoch=7 lr=0.0002 g_loss=4.93661 d_loss=0.11351 cycle_loss=0.24761 identity_loss=0.23995 grad_norm=21.2615
[ 4502.171s] step         step=54900 epoch=7 lr=0.0002 g_loss=4.52556 d_loss=0.14014 cycle_loss=0.22871 identity_loss=0.17062 grad_norm=28.90254
[ 4507.415s] step         step=54950 epoch=7 lr=0.0002 g_loss=4.35526 d_loss=0.24959 cycle_loss=0.28747 identity_loss=0.17978 grad_norm=26.31808
[ 4512.674s] step         step=55000 epoch=7 lr=0.0002 g_loss=4.89832 d_loss=0.47876 cycle_loss=0.30748 identity_loss=0.20468 grad_norm=38.38
[ 4517.921s] step         step=55050 epoch=7 lr=0.0002 g_loss=3.82846 d_loss=0.20666 cycle_loss=0.1983 identity_loss=0.14863 grad_norm=16.21809
[ 4523.185s] step         step=55100 epoch=7 lr=0.0002 g_loss=3.11137 d_loss=0.36227 cycle_loss=0.19351 identity_loss=0.14999 grad_norm=18.62903
[ 4528.466s] step         step=55150 epoch=7 lr=0.0002 g_loss=4.4157 d_loss=0.3061 cycle_loss=0.21768 identity_loss=0.28608 grad_norm=22.37409
[ 4533.716s] step         step=55200 epoch=7 lr=0.0002 g_loss=4.17708 d_loss=0.15231 cycle_loss=0.18313 identity_loss=0.17397 grad_norm=14.51476
[ 4539.007s] step         step=55250 epoch=7 lr=0.0002 g_loss=3.78777 d_loss=0.37842 cycle_loss=0.17096 identity_loss=0.17657 grad_norm=16.47215
[ 4544.267s] step         step=55300 epoch=7 lr=0.0002 g_loss=3.08135 d_loss=0.27125 cycle_loss=0.1756 identity_loss=0.11419 grad_norm=15.11554
[ 4549.513s] step         step=55350 epoch=7 lr=0.0002 g_loss=4.32709 d_loss=0.28441 cycle_loss=0.19086 identity_loss=0.20503 grad_norm=12.81069
[ 4554.754s] step         step=55400 epoch=7 lr=0.0002 g_loss=4.59671 d_loss=0.3945 cycle_loss=0.2622 identity_loss=0.24014 grad_norm=29.42443
[ 4559.991s] step         step=55450 epoch=7 lr=0.0002 g_loss=4.20855 d_loss=0.54281 cycle_loss=0.26381 identity_loss=0.2004 grad_norm=20.13372
[ 4565.264s] step         step=55500 epoch=7 lr=0.0002 g_loss=4.70812 d_loss=0.39764 cycle_loss=0.21879 identity_loss=0.18964 grad_norm=26.44437
[ 4570.487s] step         step=55550 epoch=7 lr=0.0002 g_loss=4.14307 d_loss=0.29884 cycle_loss=0.20651 identity_loss=0.21489 grad_norm=19.29037
[ 4575.978s] step         step=55600 epoch=7 lr=0.0002 g_loss=5.24436 d_loss=0.40125 cycle_loss=0.28373 identity_loss=0.30618 grad_norm=22.07704
[ 4581.234s] step         step=55650 epoch=7 lr=0.0002 g_loss=3.96274 d_loss=0.1859 cycle_loss=0.21166 identity_loss=0.26394 grad_norm=21.64328
[ 4586.484s] step         step=55700 epoch=7 lr=0.0002 g_loss=4.14182 d_loss=0.08657 cycle_loss=0.21178 identity_loss=0.1714 grad_norm=17.66337
[ 4591.766s] step         step=55750 epoch=7 lr=0.0002 g_loss=4.65436 d_loss=0.42069 cycle_loss=0.2107 identity_loss=0.22962 grad_norm=15.2653
[ 4597.097s] step         step=55800 epoch=7 lr=0.0002 g_loss=4.76194 d_loss=0.25453 cycle_loss=0.23824 identity_loss=0.27095 grad_norm=27.83007
[ 4602.339s] step         step=55850 epoch=7 lr=0.0002 g_loss=3.70558 d_loss=0.47387 cycle_loss=0.22266 identity_loss=0.19135 grad_norm=16.87601
[ 4607.796s] step         step=55900 epoch=7 lr=0.0002 g_loss=3.57686 d_loss=0.26838 cycle_loss=0.17572 identity_loss=0.17436 grad_norm=17.13097
[ 4613.143s] step         step=55950 epoch=7 lr=0.0002 g_loss=5.75525 d_loss=0.42155 cycle_loss=0.37074 identity_loss=0.29817 grad_norm=36.08612
[ 4618.369s] step         step=56000 epoch=7 lr=0.0002 g_loss=4.1866 d_loss=0.27823 cycle_loss=0.2155 identity_loss=0.20469 grad_norm=20.14661
[ 4623.636s] step         step=56050 epoch=7 lr=0.0002 g_loss=3.44204 d_loss=0.21217 cycle_loss=0.18751 identity_loss=0.17104 grad_norm=10.79018
[ 4628.894s] step         step=56100 epoch=7 lr=0.0002 g_loss=3.69183 d_loss=0.17139 cycle_loss=0.17788 identity_loss=0.15932 grad_norm=19.97043
[ 4634.144s] step         step=56150 epoch=7 lr=0.0002 g_loss=3.44051 d_loss=0.60648 cycle_loss=0.18647 identity_loss=0.21323 grad_norm=20.09714
[ 4639.376s] step         step=56200 epoch=7 lr=0.0002 g_loss=4.16529 d_loss=0.30747 cycle_loss=0.21397 identity_loss=0.22461 grad_norm=27.85746
[ 4644.642s] step         step=56250 epoch=7 lr=0.0002 g_loss=3.9864 d_loss=0.24675 cycle_loss=0.18635 identity_loss=0.23808 grad_norm=24.56938
[ 4649.885s] step         step=56300 epoch=7 lr=0.0002 g_loss=5.62446 d_loss=0.35379 cycle_loss=0.26987 identity_loss=0.35713 grad_norm=27.25315
[ 4650.299s] epoch        epoch=7 step=56304 seconds=4636.3
[ 4650.537s] checkpoint   epoch=8 step=56304
[ 4655.435s] step         step=56350 epoch=8 lr=0.0002 g_loss=4.19835 d_loss=0.27086 cycle_loss=0.23251 identity_loss=0.21258 grad_norm=36.75063
[ 4660.684s] step         step=56400 epoch=8 lr=0.0002 g_loss=3.6641 d_loss=0.32454 cycle_loss=0.16512 identity_loss=0.20464 grad_norm=19.43475
[ 4665.945s] step         step=56450 epoch=8 lr=0.0002 g_loss=3.8862 d_loss=0.15883 cycle_loss=0.13769 identity_loss=0.14542 grad_norm=15.72097
[ 4671.274s] step         step=56500 epoch=8 lr=0.0002 g_loss=3.63528 d_loss=0.18966 cycle_loss=0.17707 identity_loss=0.18543 grad_norm=15.08624
[ 4676.564s] step         step=56550 epoch=8 lr=0.0002 g_loss=7.21134 d_loss=0.33149 cycle_loss=0.3784 identity_loss=0.42161 grad_norm=26.92732
[ 4681.873s] step         step=56600 epoch=8 lr=0.0002 g_loss=3.9393 d_loss=0.37712 cycle_loss=0.19326 identity_loss=0.18425 grad_norm=14.1
[ 4687.132s] step         step=56650 epoch=8 lr=0.0002 g_loss=4.31974 d_loss=0.18067 cycle_loss=0.23489 identity_loss=0.2093 grad_norm=18.99474
[ 4692.380s] step         step=56700 epoch=8 lr=0.0002 g_loss=4.72823 d_loss=0.17644 cycle_loss=0.24277 identity_loss=0.21461 grad_norm=25.67573
[ 4697.702s] step         step=56750 epoch=8 lr=0.0002 g_loss=3.34328 d_loss=0.43206 cycle_loss=0.18888 identity_loss=0.16819 grad_norm=16.3987
[ 4702.935s] step         step=56800 epoch=8 lr=0.0002 g_loss=3.52592 d_loss=0.20479 cycle_loss=0.21583 identity_loss=0.15077 grad_norm=20.7356
[ 4708.303s] step         step=56850 epoch=8 lr=0.0002 g_loss=3.62345 d_loss=0.16476 cycle_loss=0.16866 identity_loss=0.14196 grad_norm=11.16475
[ 4713.628s] step         step=56900 epoch=8 lr=0.0002 g_loss=4.53513 d_loss=0.27824 cycle_loss=0.233 identity_loss=0.28068 grad_norm=36.44611
[ 4719.063s] step         step=56950 epoch=8 lr=0.0002 g_loss=4.41706 d_loss=0.31615 cycle_loss=0.23596 identity_loss=0.24516 grad_norm=16.0318
[ 4725.091s] step         step=57000 epoch=8 lr=0.0002 g_loss=4.60292 d_loss=0.10289 cycle_loss=0.21621 identity_loss=0.18829 grad_norm=13.59309
[ 4730.706s] step         step=57050 epoch=8 lr=0.0002 g_loss=4.41593 d_loss=0.50046 cycle_loss=0.22146 identity_loss=0.21694 grad_norm=25.218
[ 4735.980s] step         step=57100 epoch=8 lr=0.0002 g_loss=6.03784 d_loss=0.57783 cycle_loss=0.29891 identity_loss=0.38312 grad_norm=37.30603
[ 4741.186s] step         step=57150 epoch=8 lr=0.0002 g_loss=3.31815 d_loss=0.21819 cycle_loss=0.17074 identity_loss=0.16971 grad_norm=24.09751
[ 4746.376s] step         step=57200 epoch=8 lr=0.0002 g_loss=4.4073 d_loss=0.3053 cycle_loss=0.23178 identity_loss=0.23421 grad_norm=29.66628
[ 4751.596s] step         step=57250 epoch=8 lr=0.0002 g_loss=7.97389 d_loss=0.1644 cycle_loss=0.45213 identity_loss=0.45952 grad_norm=40.32707
[ 4756.844s] step         step=57300 epoch=8 lr=0.0002 g_loss=3.95126 d_loss=0.19212 cycle_loss=0.20769 identity_loss=0.22023 grad_norm=18.16099
[ 4762.056s] step         step=57350 epoch=8 lr=0.0002 g_loss=3.78884 d_loss=0.21491 cycle_loss=0.17849 identity_loss=0.2342 grad_norm=16.21566
[ 4767.273s] step         step=57400 epoch=8 lr=0.0002 g_loss=5.37444 d_loss=0.18559 cycle_loss=0.26863 identity_loss=0.27114 grad_norm=23.74217
[ 4772.524s] step         step=57450 epoch=8 lr=0.0002 g_loss=3.84032 d_loss=0.26232 cycle_loss=0.21035 identity_loss=0.17478 grad_norm=21.82964
[ 4777.761s] step         step=57500 epoch=8 lr=0.0002 g_loss=5.71873 d_loss=0.59463 cycle_loss=0.35765 identity_loss=0.31426 grad_norm=30.22879
[ 4783.428s] step         step=57550 epoch=8 lr=0.0002 g_loss=4.46525 d_loss=0.36142 cycle_loss=0.28733 identity_loss=0.2623 grad_norm=19.99235
[ 4788.636s] step         step=57600 epoch=8 lr=0.0002 g_loss=4.80998 d_loss=0.17778 cycle_loss=0.27496 identity_loss=0.19046 grad_norm=19.91474
[ 4793.794s] step         step=57650 epoch=8 lr=0.0002 g_loss=5.52655 d_loss=0.19573 cycle_loss=0.2768 identity_loss=0.29863 grad_norm=34.60378
[ 4799.013s] step         step=57700 epoch=8 lr=0.0002 g_loss=4.53361 d_loss=0.35943 cycle_loss=0.18483 identity_loss=0.16982 grad_norm=14.75423
[ 4804.251s] step         step=57750 epoch=8 lr=0.0002 g_loss=4.81879 d_loss=0.25592 cycle_loss=0.25826 identity_loss=0.26165 grad_norm=26.66053
[ 4809.435s] step         step=57800 epoch=8 lr=0.0002 g_loss=4.7197 d_loss=0.2465 cycle_loss=0.25955 identity_loss=0.23799 grad_norm=21.25509
[ 4814.633s] step         step=57850 epoch=8 lr=0.0002 g_loss=3.08041 d_loss=0.20177 cycle_loss=0.14996 identity_loss=0.13288 grad_norm=14.82199
[ 4819.794s] step         step=57900 epoch=8 lr=0.0002 g_loss=5.28531 d_loss=0.13275 cycle_loss=0.23973 identity_loss=0.22401 grad_norm=22.84424
[ 4824.997s] step         step=57950 epoch=8 lr=0.0002 g_loss=6.09689 d_loss=0.25034 cycle_loss=0.36214 identity_loss=0.39635 grad_norm=32.47782
[ 4830.250s] step         step=58000 epoch=8 lr=0.0002 g_loss=2.87804 d_loss=0.30323 cycle_loss=0.13466 identity_loss=0.12539 grad_norm=18.87649
[ 4835.463s] step         step=58050 epoch=8 lr=0.0002 g_loss=5.24296 d_loss=0.2669 cycle_loss=0.28454 identity_loss=0.30246 grad_norm=28.39793
[ 4840.701s] step         step=58100 epoch=8 lr=0.0002 g_loss=5.80262 d_loss=0.41596 cycle_loss=0.30655 identity_loss=0.33802 grad_norm=25.54087
[ 4845.935s] step         step=58150 epoch=8 lr=0.0002 g_loss=5.86732 d_loss=0.21508 cycle_loss=0.33128 identity_loss=0.34413 grad_norm=29.14109
[ 4851.160s] step         step=58200 epoch=8 lr=0.0002 g_loss=4.05443 d_loss=0.18721 cycle_loss=0.22309 identity_loss=0.19251 grad_norm=13.23044
[ 4856.389s] step         step=58250 epoch=8 lr=0.0002 g_loss=3.62984 d_loss=0.54828 cycle_loss=0.19929 identity_loss=0.24347 grad_norm=25.94511
[ 4861.583s] step         step=58300 epoch=8 lr=0.0002 g_loss=6.59835 d_loss=0.43808 cycle_loss=0.36475 identity_loss=0.41751 grad_norm=73.34052
[ 4866.797s] step         step=58350 epoch=8 lr=0.0002 g_loss=5.70925 d_loss=0.13534 cycle_loss=0.29774 identity_loss=0.39052 grad_norm=47.96363
[ 4872.023s] step         step=58400 epoch=8 lr=0.0002 g_loss=3.36009 d_loss=0.38997 cycle_loss=0.14825 identity_loss=0.15043 grad_norm=13.97049
[ 4877.128s] step         step=58450 epoch=8 lr=0.0002 g_loss=3.43852 d_loss=0.42505 cycle_loss=0.18716 identity_loss=0.18692 grad_norm=24.35806
[ 4882.283s] step         step=58500 epoch=8 lr=0.0002 g_loss=4.84268 d_loss=0.38414 cycle_loss=0.28432 identity_loss=0.26873 grad_norm=32.76857
[ 4887.507s] step         step=58550 epoch=8 lr=0.0002 g_loss=3.81271 d_loss=0.27268 cycle_loss=0.21021 identity_loss=0.19828 grad_norm=16.97613
[ 4892.758s] step         step=58600 epoch=8 lr=0.0002 g_loss=4.01791 d_loss=0.18823 cycle_loss=0.22097 identity_loss=0.2303 grad_norm=18.16151
[ 4897.983s] step         step=58650 epoch=8 lr=0.0002 g_loss=2.95365 d_loss=0.43482 cycle_loss=0.16901 identity_loss=0.16688 grad_norm=16.8413
[ 4903.230s] step         step=58700 epoch=8 lr=0.0002 g_loss=5.11962 d_loss=0.18077 cycle_loss=0.26915 identity_loss=0.25222 grad_norm=19.65622
[ 4908.431s] step         step=58750 epoch=8 lr=0.0002 g_loss=2.9624 d_loss=0.39114 cycle_loss=0.14222 identity_loss=0.16447 grad_norm=14.14146
[ 4913.660s] step         step=58800 epoch=8 lr=0.0002 g_loss=3.30498 d_loss=0.3146 cycle_loss=0.16586 identity_loss=0.15523 grad_norm=12.22433
[ 4918.833s] step         step=58850 epoch=8 lr=0.0002 g_loss=4.552 d_loss=0.25262 cycle_loss=0.16942 identity_loss=0.19366 grad_norm=43.78303
[ 4924.052s] step         step=58900 epoch=8 lr=0.0002 g_loss=3.85078 d_loss=0.51643 cycle_loss=0.19133 identity_loss=0.25935 grad_norm=22.76084
[ 4929.289s] step         step=58950 epoch=8 lr=0.0002 g_loss=4.03846 d_loss=0.30125 cycle_loss=0.2145 identity_loss=0.17622 grad_norm=20.46627
[ 4934.503s] step         step=59000 epoch=8 lr=0.0002 g_loss=5.31515 d_loss=0.6153 cycle_loss=0.28919 identity_loss=0.28473 grad_norm=23.164
[ 4939.731s] step         step=59050 epoch=8 lr=0.0002 g_loss=4.04456 d_loss=0.26621 cycle_loss=0.22272 identity_loss=0.23817 grad_norm=27.36671
[ 4944.904s] step         step=59100 epoch=8 lr=0.0002 g_loss=3.24811 d_loss=0.52873 cycle_loss=0.18487 identity_loss=0.1685 grad_norm=10.60317
[ 4950.118s] step         step=59150 epoch=8 lr=0.0002 g_loss=5.68832 d_loss=0.12987 cycle_loss=0.27351 identity_loss=0.36169 grad_norm=18.50635
[ 4955.343s] step         step=59200 epoch=8 lr=0.0002 g_loss=3.5764 d_loss=0.35725 cycle_loss=0.18911 identity_loss=0.19381 grad_norm=38.41951
[ 4960.587s] step         step=59250 epoch=8 lr=0.0002 g_loss=4.08375 d_loss=0.13138 cycle_loss=0.1917 identity_loss=0.19099 grad_norm=20.32064
[ 4965.814s] step         step=59300 epoch=8 lr=0.0002 g_loss=3.93573 d_loss=0.28205 cycle_loss=0.14926 identity_loss=0.16621 grad_norm=13.89689
[ 4971.207s] step         step=59350 epoch=8 lr=0.0002 g_loss=4.16597 d_loss=0.52667 cycle_loss=0.20609 identity_loss=0.17862 grad_norm=20.74039
[ 4976.479s] step         step=59400 epoch=8 lr=0.0002 g_loss=3.18106 d_loss=0.16666 cycle_loss=0.17367 identity_loss=0.16232 grad_norm=18.13648
[ 4981.733s] step         step=59450 epoch=8 lr=0.0002 g_loss=3.33252 d_loss=0.40451 cycle_loss=0.20599 identity_loss=0.19277 grad_norm=23.11327
[ 4986.972s] step         step=59500 epoch=8 lr=0.0002 g_loss=3.69746 d_loss=0.26423 cycle_loss=0.22495 identity_loss=0.19541 grad_norm=23.70456
[ 4992.206s] step         step=59550 epoch=8 lr=0.0002 g_loss=3.63729 d_loss=0.44638 cycle_loss=0.19607 identity_loss=0.21001 grad_norm=24.14153
[ 4997.507s] step         step=59600 epoch=8 lr=0.0002 g_loss=3.74094 d_loss=0.4929 cycle_loss=0.18194 identity_loss=0.2126 grad_norm=17.90993
[ 5002.801s] step         step=59650 epoch=8 lr=0.0002 g_loss=3.16477 d_loss=0.3463 cycle_loss=0.1842 identity_loss=0.15054 grad_norm=20.00945
[ 5008.188s] step         step=59700 epoch=8 lr=0.0002 g_loss=4.29665 d_loss=0.24664 cycle_loss=0.18629 identity_loss=0.19459 grad_norm=18.63468
[ 5013.991s] step         step=59750 epoch=8 lr=0.0002 g_loss=4.49745 d_loss=0.17731 cycle_loss=0.27136 identity_loss=0.21857 grad_norm=26.76724
[ 5019.316s] step         step=59800 epoch=8 lr=0.0002 g_loss=4.45811 d_loss=0.10611 cycle_loss=0.27065 identity_loss=0.17815 grad_norm=30.18983
[ 5024.676s] step         step=59850 epoch=8 lr=0.0002 g_loss=3.84845 d_loss=0.33877 cycle_loss=0.19282 identity_loss=0.22586 grad_norm=16.09623
[ 5029.984s] step         step=59900 epoch=8 lr=0.0002 g_loss=4.10478 d_loss=0.18605 cycle_loss=0.22282 identity_loss=0.21691 grad_norm=21.0661
[ 5035.208s] step         step=59950 epoch=8 lr=0.0002 g_loss=5.21869 d_loss=0.30532 cycle_loss=0.29432 identity_loss=0.26217 grad_norm=22.04566
[ 5040.447s] step         step=60000 epoch=8 lr=0.0002 g_loss=3.44878 d_loss=0.33226 cycle_loss=0.16756 identity_loss=0.14871 grad_norm=21.49763
[ 5045.688s] step         step=60050 epoch=8 lr=0.0002 g_loss=3.68037 d_loss=0.11755 cycle_loss=0.18756 identity_loss=0.15831 grad_norm=19.78678
[ 5050.922s] step         step=60100 epoch=8 lr=0.0002 g_loss=3.43545 d_loss=0.70934 cycle_loss=0.1969 identity_loss=0.19993 grad_norm=18.33522
[ 5056.192s] step         step=60150 epoch=8 lr=0.0002 g_loss=3.22022 d_loss=0.27686 cycle_loss=0.14572 identity_loss=0.16908 grad_norm=15.62593
[ 5061.466s] step         step=60200 epoch=8 lr=0.0002 g_loss=4.38809 d_loss=0.20979 cycle_loss=0.20486 identity_loss=0.20957 grad_norm=20.69299
[ 5066.713s] step         step=60250 epoch=8 lr=0.0002 g_loss=3.73953 d_loss=0.21607 cycle_loss=0.19518 identity_loss=0.15333 grad_norm=24.33652
[ 5071.981s] step         step=60300 epoch=8 lr=0.0002 g_loss=4.46036 d_loss=0.343 cycle_loss=0.20043 identity_loss=0.22281 grad_norm=31.16067
[ 5077.242s] step         step=60350 epoch=8 lr=0.0002 g_loss=3.73149 d_loss=0.397 cycle_loss=0.17737 identity_loss=0.17584 grad_norm=12.35754
[ 5082.434s] step         step=60400 epoch=8 lr=0.0002 g_loss=3.74753 d_loss=0.20107 cycle_loss=0.23188 identity_loss=0.18629 grad_norm=22.02001
[ 5087.654s] step         step=60450 epoch=8 lr=0.0002 g_loss=3.7919 d_loss=0.32418 cycle_loss=0.19713 identity_loss=0.19302 grad_norm=16.89985
[ 5092.889s] step         step=60500 epoch=8 lr=0.0002 g_loss=4.03701 d_loss=0.42239 cycle_loss=0.22377 identity_loss=0.20694 grad_norm=16.76172
[ 5098.202s] step         step=60550 epoch=8 lr=0.0002 g_loss=4.28849 d_loss=0.6939 cycle_loss=0.2401 identity_loss=0.30392 grad_norm=18.82906
[ 5103.428s] step         step=60600 epoch=8 lr=0.0002 g_loss=3.17663 d_loss=0.40755 cycle_loss=0.15503 identity_loss=0.16972 grad_norm=14.9024
[ 5108.670s] step         step=60650 epoch=8 lr=0.0002 g_loss=4.71667 d_loss=0.3474 cycle_loss=0.17947 identity_loss=0.17433 grad_norm=15.08038
[ 5113.932s] step         step=60700 epoch=8 lr=0.0002 g_loss=5.12661 d_loss=0.2179 cycle_loss=0.32895 identity_loss=0.25571 grad_norm=87.93537
[ 5119.169s] step         step=60750 epoch=8 lr=0.0002 g_loss=3.97933 d_loss=0.57261 cycle_loss=0.24306 identity_loss=0.20394 grad_norm=28.38652
[ 5124.390s] step         step=60800 epoch=8 lr=0.0002 g_loss=3.52129 d_loss=0.35996 cycle_loss=0.18537 identity_loss=0.16101 grad_norm=18.00172
[ 5129.752s] step         step=60850 epoch=8 lr=0.0002 g_loss=4.63621 d_loss=0.11871 cycle_loss=0.19317 identity_loss=0.22979 grad_norm=16.89504
[ 5135.002s] step         step=60900 epoch=8 lr=0.0002 g_loss=5.2636 d_loss=0.14722 cycle_loss=0.32751 identity_loss=0.24255 grad_norm=20.81506
[ 5140.269s] step         step=60950 epoch=8 lr=0.0002 g_loss=4.00056 d_loss=0.54741 cycle_loss=0.24947 identity_loss=0.1996 grad_norm=17.67323
[ 5145.511s] step         step=61000 epoch=8 lr=0.0002 g_loss=4.07777 d_loss=0.25175 cycle_loss=0.19456 identity_loss=0.11867 grad_norm=25.53145
[ 5150.862s] step         step=61050 epoch=8 lr=0.0002 g_loss=3.52814 d_loss=0.40331 cycle_loss=0.19768 identity_loss=0.17767 grad_norm=23.40839
[ 5156.238s] step         step=61100 epoch=8 lr=0.0002 g_loss=3.21039 d_loss=0.39272 cycle_loss=0.15062 identity_loss=0.15876 grad_norm=18.21399
[ 5161.659s] step         step=61150 epoch=8 lr=0.0002 g_loss=3.93419 d_loss=0.38756 cycle_loss=0.20492 identity_loss=0.18141 grad_norm=10.09692
[ 5166.919s] step         step=61200 epoch=8 lr=0.0002 g_loss=4.12318 d_loss=0.26631 cycle_loss=0.19736 identity_loss=0.19662 grad_norm=26.4249
[ 5172.161s] step         step=61250 epoch=8 lr=0.0002 g_loss=4.36471 d_loss=0.31968 cycle_loss=0.2114 identity_loss=0.24254 grad_norm=22.46074
[ 5177.411s] step         step=61300 epoch=8 lr=0.0002 g_loss=6.29559 d_loss=0.23273 cycle_loss=0.29339 identity_loss=0.27834 grad_norm=16.42967
[ 5182.906s] step         step=61350 epoch=8 lr=0.0002 g_loss=3.98873 d_loss=0.38627 cycle_loss=0.23017 identity_loss=0.18273 grad_norm=16.0961
[ 5188.117s] step         step=61400 epoch=8 lr=0.0002 g_loss=3.80685 d_loss=0.1269 cycle_loss=0.17296 identity_loss=0.11546 grad_norm=12.70492
[ 5193.891s] step         step=61450 epoch=8 lr=0.0002 g_loss=4.37851 d_loss=0.27109 cycle_loss=0.16964 identity_loss=0.22451 grad_norm=23.1673
[ 5199.189s] step         step=61500 epoch=8 lr=0.0002 g_loss=3.52706 d_loss=0.30294 cycle_loss=0.16628 identity_loss=0.208 grad_norm=22.23129
[ 5204.569s] step         step=61550 epoch=8 lr=0.0002 g_loss=3.60315 d_loss=0.32639 cycle_loss=0.19938 identity_loss=0.22328 grad_norm=13.51461
[ 5210.610s] step         step=61600 epoch=8 lr=0.0002 g_loss=3.58773 d_loss=0.47043 cycle_loss=0.19201 identity_loss=0.18893 grad_norm=13.87321
[ 5217.430s] step         step=61650 epoch=8 lr=0.0002 g_loss=4.36179 d_loss=0.33499 cycle_loss=0.22598 identity_loss=0.23705 grad_norm=17.38159
[ 5222.953s] step         step=61700 epoch=8 lr=0.0002 g_loss=4.97688 d_loss=0.2095 cycle_loss=0.25196 identity_loss=0.21403 grad_norm=28.92832
[ 5228.165s] step         step=61750 epoch=8 lr=0.0002 g_loss=5.14339 d_loss=0.21119 cycle_loss=0.25851 identity_loss=0.27228 grad_norm=30.59783
[ 5233.475s] step         step=61800 epoch=8 lr=0.0002 g_loss=5.6566 d_loss=0.45006 cycle_loss=0.32117 identity_loss=0.25363 grad_norm=30.14662
[ 5238.716s] step         step=61850 epoch=8 lr=0.0002 g_loss=4.01521 d_loss=0.45659 cycle_loss=0.18341 identity_loss=0.18443 grad_norm=14.15623
[ 5243.956s] step         step=61900 epoch=8 lr=0.0002 g_loss=4.70506 d_loss=0.44234 cycle_loss=0.25905 identity_loss=0.21443 grad_norm=29.09233
[ 5249.239s] step         step=61950 epoch=8 lr=0.0002 g_loss=4.49391 d_loss=0.30711 cycle_loss=0.2207 identity_loss=0.2294 grad_norm=23.81127
[ 5254.487s] step         step=62000 epoch=8 lr=0.0002 g_loss=5.41633 d_loss=0.36369 cycle_loss=0.30845 identity_loss=0.24215 grad_norm=23.24343
[ 5259.739s] step         step=62050 epoch=8 lr=0.0002 g_loss=3.6261 d_loss=0.18413 cycle_loss=0.1846 identity_loss=0.16535 grad_norm=19.21854
[ 5264.984s] step         step=62100 epoch=8 lr=0.0002 g_loss=3.8698 d_loss=0.28296 cycle_loss=0.21193 identity_loss=0.18078 grad_norm=22.10562
[ 5270.735s] step         step=62150 epoch=8 lr=0.0002 g_loss=3.18859 d_loss=0.34714 cycle_loss=0.16656 identity_loss=0.18399 grad_norm=15.33208
[ 5275.980s] step         step=62200 epoch=8 lr=0.0002 g_loss=3.88296 d_loss=0.4179 cycle_loss=0.19866 identity_loss=0.22813 grad_norm=17.59754
[ 5281.234s] step         step=62250 epoch=8 lr=0.0002 g_loss=3.96585 d_loss=0.53029 cycle_loss=0.22089 identity_loss=0.19992 grad_norm=15.95957
[ 5286.505s] step         step=62300 epoch=8 lr=0.0002 g_loss=4.43183 d_loss=0.28701 cycle_loss=0.24196 identity_loss=0.19592 grad_norm=18.61372
[ 5292.335s] step         step=62350 epoch=8 lr=0.0002 g_loss=3.04763 d_loss=0.60827 cycle_loss=0.15815 identity_loss=0.1366 grad_norm=24.96399
[ 5297.882s] step         step=62400 epoch=8 lr=0.0002 g_loss=4.65788 d_loss=0.22207 cycle_loss=0.24502 identity_loss=0.19539 grad_norm=23.92075
[ 5303.565s] step         step=62450 epoch=8 lr=0.0002 g_loss=4.20105 d_loss=0.27864 cycle_loss=0.20989 identity_loss=0.17202 grad_norm=22.69308
[ 5309.011s] step         step=62500 epoch=8 lr=0.0002 g_loss=5.08077 d_loss=0.17791 cycle_loss=0.25224 identity_loss=0.17802 grad_norm=27.05637
[ 5314.595s] step         step=62550 epoch=8 lr=0.0002 g_loss=3.67487 d_loss=0.42796 cycle_loss=0.17746 identity_loss=0.22715 grad_norm=25.51937
[ 5319.824s] step         step=62600 epoch=8 lr=0.0002 g_loss=4.96843 d_loss=0.29744 cycle_loss=0.30259 identity_loss=0.24765 grad_norm=37.64069
[ 5325.130s] step         step=62650 epoch=8 lr=0.0002 g_loss=3.61601 d_loss=0.2442 cycle_loss=0.20845 identity_loss=0.1761 grad_norm=21.17197
[ 5330.695s] step         step=62700 epoch=8 lr=0.0002 g_loss=4.73875 d_loss=0.38312 cycle_loss=0.24022 identity_loss=0.28421 grad_norm=21.5063
[ 5336.335s] step         step=62750 epoch=8 lr=0.0002 g_loss=4.67312 d_loss=0.22605 cycle_loss=0.21999 identity_loss=0.20316 grad_norm=23.59612
[ 5341.595s] step         step=62800 epoch=8 lr=0.0002 g_loss=4.22901 d_loss=0.24205 cycle_loss=0.22173 identity_loss=0.21889 grad_norm=26.28434
[ 5347.208s] step         step=62850 epoch=8 lr=0.0002 g_loss=5.5323 d_loss=0.3826 cycle_loss=0.31964 identity_loss=0.34989 grad_norm=35.79208
[ 5352.637s] step         step=62900 epoch=8 lr=0.0002 g_loss=3.87702 d_loss=0.28964 cycle_loss=0.19319 identity_loss=0.14769 grad_norm=13.16897
[ 5357.906s] step         step=62950 epoch=8 lr=0.0002 g_loss=4.23447 d_loss=0.27218 cycle_loss=0.21378 identity_loss=0.19372 grad_norm=21.40232
[ 5363.126s] step         step=63000 epoch=8 lr=0.0002 g_loss=4.19112 d_loss=0.3487 cycle_loss=0.22359 identity_loss=0.21401 grad_norm=19.43942
[ 5368.427s] step         step=63050 epoch=8 lr=0.0002 g_loss=4.65629 d_loss=0.1827 cycle_loss=0.18594 identity_loss=0.20536 grad_norm=16.53047
[ 5373.683s] step         step=63100 epoch=8 lr=0.0002 g_loss=3.88461 d_loss=0.29741 cycle_loss=0.19178 identity_loss=0.17735 grad_norm=21.43413
[ 5378.937s] step         step=63150 epoch=8 lr=0.0002 g_loss=4.74087 d_loss=0.24342 cycle_loss=0.25333 identity_loss=0.26957 grad_norm=50.70166
[ 5384.225s] step         step=63200 epoch=8 lr=0.0002 g_loss=3.51334 d_loss=0.45845 cycle_loss=0.1825 identity_loss=0.18408 grad_norm=17.96801
[ 5389.471s] step         step=63250 epoch=8 lr=0.0002 g_loss=3.69662 d_loss=0.38677 cycle_loss=0.18344 identity_loss=0.20111 grad_norm=20.57523
[ 5394.939s] step         step=63300 epoch=8 lr=0.0002 g_loss=3.12372 d_loss=0.45027 cycle_loss=0.18886 identity_loss=0.17201 grad_norm=18.11333
[ 5399.351s] epoch        epoch=8 step=63342 seconds=5385.3
[ 5399.639s] checkpoint   epoch=9 step=63342
[ 5400.509s] step         step=63350 epoch=9 lr=0.0002 g_loss=4.04158 d_loss=0.30485 cycle_loss=0.21764 identity_loss=0.19826 grad_norm=18.29509
[ 5405.785s] step         step=63400 epoch=9 lr=0.0002 g_loss=4.77803 d_loss=0.265 cycle_loss=0.24706 identity_loss=0.32429 grad_norm=22.07218
[ 5411.041s] step         step=63450 epoch=9 lr=0.0002 g_loss=3.72395 d_loss=0.16292 cycle_loss=0.19088 identity_loss=0.17926 grad_norm=13.25622
[ 5416.436s] step         step=63500 epoch=9 lr=0.0002 g_loss=4.95239 d_loss=0.24038 cycle_loss=0.26019 identity_loss=0.27299 grad_norm=25.18746
[ 5421.658s] step         step=63550 epoch=9 lr=0.0002 g_loss=4.38239 d_loss=0.19978 cycle_loss=0.21748 identity_loss=0.20886 grad_norm=43.38855
[ 5426.859s] step         step=63600 epoch=9 lr=0.0002 g_loss=5.09601 d_loss=0.2572 cycle_loss=0.30734 identity_loss=0.21093 grad_norm=25.18544
[ 5432.092s] step         step=63650 epoch=9 lr=0.0002 g_loss=4.60299 d_loss=0.19709 cycle_loss=0.21157 identity_loss=0.20435 grad_norm=24.07839
[ 5437.311s] step         step=63700 epoch=9 lr=0.0002 g_loss=6.34445 d_loss=0.1386 cycle_loss=0.36091 identity_loss=0.30233 grad_norm=35.77669
[ 5442.889s] step         step=63750 epoch=9 lr=0.0002 g_loss=3.16848 d_loss=0.34624 cycle_loss=0.16891 identity_loss=0.16435 grad_norm=14.07141
[ 5448.143s] step         step=63800 epoch=9 lr=0.0002 g_loss=4.33893 d_loss=0.36302 cycle_loss=0.22071 identity_loss=0.2437 grad_norm=20.67177
[ 5453.367s] step         step=63850 epoch=9 lr=0.0002 g_loss=3.05937 d_loss=0.57682 cycle_loss=0.1826 identity_loss=0.17434 grad_norm=14.98742
[ 5458.614s] step         step=63900 epoch=9 lr=0.0002 g_loss=4.55816 d_loss=0.21817 cycle_loss=0.23372 identity_loss=0.22879 grad_norm=20.71924
[ 5463.869s] step         step=63950 epoch=9 lr=0.0002 g_loss=4.89555 d_loss=0.26308 cycle_loss=0.25621 identity_loss=0.25831 grad_norm=26.59831
[ 5469.105s] step         step=64000 epoch=9 lr=0.0002 g_loss=4.82325 d_loss=0.2562 cycle_loss=0.29736 identity_loss=0.19838 grad_norm=23.63684
[ 5474.325s] step         step=64050 epoch=9 lr=0.0002 g_loss=4.05336 d_loss=0.25227 cycle_loss=0.19363 identity_loss=0.21371 grad_norm=21.31957
[ 5479.592s] step         step=64100 epoch=9 lr=0.0002 g_loss=4.27588 d_loss=0.35223 cycle_loss=0.23055 identity_loss=0.21144 grad_norm=13.47704
[ 5484.822s] step         step=64150 epoch=9 lr=0.0002 g_loss=3.19035 d_loss=0.27708 cycle_loss=0.15107 identity_loss=0.15534 grad_norm=17.71237
[ 5490.241s] step         step=64200 epoch=9 lr=0.0002 g_loss=3.79751 d_loss=0.33029 cycle_loss=0.18898 identity_loss=0.21109 grad_norm=17.1653
[ 5495.453s] step         step=64250 epoch=9 lr=0.0002 g_loss=5.31874 d_loss=0.36221 cycle_loss=0.29664 identity_loss=0.26464 grad_norm=26.56146
[ 5500.669s] step         step=64300 epoch=9 lr=0.0002 g_loss=4.47668 d_loss=0.18034 cycle_loss=0.22208 identity_loss=0.19075 grad_norm=20.1672
[ 5505.900s] step         step=64350 epoch=9 lr=0.0002 g_loss=4.76109 d_loss=0.39055 cycle_loss=0.28561 identity_loss=0.28586 grad_norm=22.2317
[ 5511.128s] step         step=64400 epoch=9 lr=0.0002 g_loss=3.0265 d_loss=0.31237 cycle_loss=0.16373 identity_loss=0.15626 grad_norm=17.33808
[ 5516.336s] step         step=64450 epoch=9 lr=0.0002 g_loss=3.5005 d_loss=0.13517 cycle_loss=0.1771 identity_loss=0.16571 grad_norm=23.13591
[ 5521.586s] step         step=64500 epoch=9 lr=0.0002 g_loss=5.24142 d_loss=0.20839 cycle_loss=0.27635 identity_loss=0.34908 grad_norm=36.21926
[ 5526.826s] step         step=64550 epoch=9 lr=0.0002 g_loss=5.48086 d_loss=0.28174 cycle_loss=0.30922 identity_loss=0.32459 grad_norm=26.12279
[ 5532.063s] step         step=64600 epoch=9 lr=0.0002 g_loss=3.47464 d_loss=0.08596 cycle_loss=0.16051 identity_loss=0.15128 grad_norm=21.85054
[ 5537.276s] step         step=64650 epoch=9 lr=0.0002 g_loss=2.94782 d_loss=0.37293 cycle_loss=0.15207 identity_loss=0.15647 grad_norm=15.49775
[ 5542.592s] step         step=64700 epoch=9 lr=0.0002 g_loss=3.83567 d_loss=0.48644 cycle_loss=0.21523 identity_loss=0.22486 grad_norm=19.163
[ 5547.814s] step         step=64750 epoch=9 lr=0.0002 g_loss=7.19622 d_loss=0.14413 cycle_loss=0.42194 identity_loss=0.34077 grad_norm=33.62857
[ 5553.059s] step         step=64800 epoch=9 lr=0.0002 g_loss=5.23687 d_loss=0.08775 cycle_loss=0.25064 identity_loss=0.24585 grad_norm=26.16376
[ 5558.296s] step         step=64850 epoch=9 lr=0.0002 g_loss=3.93944 d_loss=0.43916 cycle_loss=0.21185 identity_loss=0.18262 grad_norm=12.1478
[ 5563.496s] step         step=64900 epoch=9 lr=0.0002 g_loss=2.69478 d_loss=0.33351 cycle_loss=0.13446 identity_loss=0.14733 grad_norm=17.00209
[ 5568.840s] step         step=64950 epoch=9 lr=0.0002 g_loss=4.92175 d_loss=0.20976 cycle_loss=0.26828 identity_loss=0.25847 grad_norm=17.51509
[ 5574.352s] step         step=65000 epoch=9 lr=0.0002 g_loss=3.43882 d_loss=0.27654 cycle_loss=0.19653 identity_loss=0.15967 grad_norm=22.74703
[ 5579.606s] step         step=65050 epoch=9 lr=0.0002 g_loss=4.30744 d_loss=0.4051 cycle_loss=0.24896 identity_loss=0.22679 grad_norm=26.40941
[ 5584.830s] step         step=65100 epoch=9 lr=0.0002 g_loss=3.53157 d_loss=0.37315 cycle_loss=0.20035 identity_loss=0.16989 grad_norm=20.78926
[ 5590.083s] step         step=65150 epoch=9 lr=0.0002 g_loss=3.64776 d_loss=0.47432 cycle_loss=0.21947 identity_loss=0.19034 grad_norm=18.3567
[ 5595.385s] step         step=65200 epoch=9 lr=0.0002 g_loss=4.19992 d_loss=0.2613 cycle_loss=0.23963 identity_loss=0.20841 grad_norm=16.80278
[ 5600.598s] step         step=65250 epoch=9 lr=0.0002 g_loss=4.15628 d_loss=0.27725 cycle_loss=0.24191 identity_loss=0.20048 grad_norm=32.72897
[ 5605.951s] step         step=65300 epoch=9 lr=0.0002 g_loss=3.27752 d_loss=0.33897 cycle_loss=0.16829 identity_loss=0.20261 grad_norm=17.57107
[ 5611.229s] step         step=65350 epoch=9 lr=0.0002 g_loss=3.59665 d_loss=0.40748 cycle_loss=0.20476 identity_loss=0.18944 grad_norm=19.32607
[ 5616.544s] step         step=65400 epoch=9 lr=0.0002 g_loss=3.83597 d_loss=0.1798 cycle_loss=0.19682 identity_loss=0.17707 grad_norm=20.5584
[ 5622.532s] step         step=65450 epoch=9 lr=0.0002 g_loss=4.12753 d_loss=0.16264 cycle_loss=0.1983 identity_loss=0.13988 grad_norm=23.24575
[ 5628.335s] step         step=65500 epoch=9 lr=0.0002 g_loss=3.52333 d_loss=0.29036 cycle_loss=0.18419 identity_loss=0.16325 grad_norm=15.77315
[ 5633.635s] step         step=65550 epoch=9 lr=0.0002 g_loss=3.49548 d_loss=0.21852 cycle_loss=0.18462 identity_loss=0.17107 grad_norm=9.07113
[ 5638.858s] step         step=65600 epoch=9 lr=0.0002 g_loss=3.85309 d_loss=0.24902 cycle_loss=0.17052 identity_loss=0.19789 grad_norm=32.60807
[ 5644.073s] step         step=65650 epoch=9 lr=0.0002 g_loss=3.43869 d_loss=0.21222 cycle_loss=0.17306 identity_loss=0.16572 grad_norm=14.00057
[ 5649.307s] step         step=65700 epoch=9 lr=0.0002 g_loss=3.90901 d_loss=0.4018 cycle_loss=0.18829 identity_loss=0.15223 grad_norm=13.46096
[ 5654.522s] step         step=65750 epoch=9 lr=0.0002 g_loss=3.70026 d_loss=0.16029 cycle_loss=0.19818 identity_loss=0.21369 grad_norm=19.09699
[ 5659.801s] step         step=65800 epoch=9 lr=0.0002 g_loss=3.72387 d_loss=0.41742 cycle_loss=0.21202 identity_loss=0.21571 grad_norm=20.28545
[ 5665.017s] step         step=65850 epoch=9 lr=0.0002 g_loss=4.93448 d_loss=0.24007 cycle_loss=0.25445 identity_loss=0.3156 grad_norm=25.64339
[ 5670.251s] step         step=65900 epoch=9 lr=0.0002 g_loss=3.58645 d_loss=0.60596 cycle_loss=0.22271 identity_loss=0.18342 grad_norm=34.07352
[ 5675.479s] step         step=65950 epoch=9 lr=0.0002 g_loss=4.49957 d_loss=0.25113 cycle_loss=0.27393 identity_loss=0.19452 grad_norm=22.26291
[ 5680.696s] step         step=66000 epoch=9 lr=0.0002 g_loss=5.00478 d_loss=0.31928 cycle_loss=0.21555 identity_loss=0.22332 grad_norm=27.99263
[ 5685.970s] step         step=66050 epoch=9 lr=0.0002 g_loss=5.06718 d_loss=0.28851 cycle_loss=0.28255 identity_loss=0.23339 grad_norm=35.58204
[ 5691.198s] step         step=66100 epoch=9 lr=0.0002 g_loss=3.99823 d_loss=0.34472 cycle_loss=0.24041 identity_loss=0.22483 grad_norm=22.78556
[ 5696.383s] step         step=66150 epoch=9 lr=0.0002 g_loss=4.65998 d_loss=0.21424 cycle_loss=0.24105 identity_loss=0.23073 grad_norm=12.62088
[ 5701.586s] step         step=66200 epoch=9 lr=0.0002 g_loss=4.25965 d_loss=0.52315 cycle_loss=0.24596 identity_loss=0.21597 grad_norm=14.72248
[ 5706.806s] step         step=66250 epoch=9 lr=0.0002 g_loss=4.60882 d_loss=0.15734 cycle_loss=0.22312 identity_loss=0.20113 grad_norm=24.60172
[ 5712.039s] step         step=66300 epoch=9 lr=0.0002 g_loss=4.36876 d_loss=0.33142 cycle_loss=0.22863 identity_loss=0.19132 grad_norm=13.89836
[ 5717.357s] step         step=66350 epoch=9 lr=0.0002 g_loss=4.04706 d_loss=0.42648 cycle_loss=0.23077 identity_loss=0.2101 grad_norm=18.30875
[ 5722.613s] step         step=66400 epoch=9 lr=0.0002 g_loss=3.51753 d_loss=0.11634 cycle_loss=0.176 identity_loss=0.12765 grad_norm=16.55095
[ 5727.890s] step         step=66450 epoch=9 lr=0.0002 g_loss=4.33935 d_loss=0.22412 cycle_loss=0.20766 identity_loss=0.18923 grad_norm=15.0667
[ 5733.203s] step         step=66500 epoch=9 lr=0.0002 g_loss=3.7389 d_loss=0.15219 cycle_loss=0.18137 identity_loss=0.15491 grad_norm=23.1216
[ 5738.442s] step         step=66550 epoch=9 lr=0.0002 g_loss=3.95427 d_loss=0.19991 cycle_loss=0.19436 identity_loss=0.20328 grad_norm=21.92238
[ 5743.697s] step         step=66600 epoch=9 lr=0.0002 g_loss=4.20938 d_loss=0.27828 cycle_loss=0.2042 identity_loss=0.19211 grad_norm=13.09419
[ 5748.962s] step         step=66650 epoch=9 lr=0.0002 g_loss=4.58957 d_loss=0.59325 cycle_loss=0.24417 identity_loss=0.24795 grad_norm=26.56367
[ 5754.168s] step         step=66700 epoch=9 lr=0.0002 g_loss=3.49663 d_loss=0.4894 cycle_loss=0.17752 identity_loss=0.15144 grad_norm=23.19678
[ 5759.410s] step         step=66750 epoch=9 lr=0.0002 g_loss=3.94412 d_loss=0.20821 cycle_loss=0.21154 identity_loss=0.19598 grad_norm=8.53156
[ 5764.631s] step         step=66800 epoch=9 lr=0.0002 g_loss=5.49775 d_loss=0.28926 cycle_loss=0.33123 identity_loss=0.31533 grad_norm=32.89439
[ 5769.877s] step         step=66850 epoch=9 lr=0.0002 g_loss=4.64044 d_loss=0.07917 cycle_loss=0.23706 identity_loss=0.23384 grad_norm=24.46947
[ 5775.155s] step         step=66900 epoch=9 lr=0.0002 g_loss=3.17924 d_loss=0.29676 cycle_loss=0.13771 identity_loss=0.16673 grad_norm=10.61005
[ 5780.408s] step         step=66950 epoch=9 lr=0.0002 g_loss=4.53813 d_loss=0.27818 cycle_loss=0.24707 identity_loss=0.11175 grad_norm=60.79176
[ 5785.667s] step         step=67000 epoch=9 lr=0.0002 g_loss=4.54341 d_loss=0.33352 cycle_loss=0.22576 identity_loss=0.28034 grad_norm=24.7945
[ 5790.999s] step         step=67050 epoch=9 lr=0.0002 g_loss=3.68127 d_loss=0.31737 cycle_loss=0.16988 identity_loss=0.25145 grad_norm=16.76564
[ 5796.309s] step         step=67100 epoch=9 lr=0.0002 g_loss=4.47438 d_loss=0.38357 cycle_loss=0.22867 identity_loss=0.24281 grad_norm=17.88779
[ 5801.615s] step         step=67150 epoch=9 lr=0.0002 g_loss=4.34495 d_loss=0.21018 cycle_loss=0.2115 identity_loss=0.22992 grad_norm=26.22521
[ 5806.939s] step         step=67200 epoch=9 lr=0.0002 g_loss=4.16001 d_loss=0.16159 cycle_loss=0.20992 identity_loss=0.15826 grad_norm=27.9961
[ 5812.243s] step         step=67250 epoch=9 lr=0.0002 g_loss=3.31315 d_loss=0.29635 cycle_loss=0.16781 identity_loss=0.15118 grad_norm=13.0938
[ 5817.509s] step         step=67300 epoch=9 lr=0.0002 g_loss=7.75899 d_loss=0.15234 cycle_loss=0.4261 identity_loss=0.41854 grad_norm=78.30463
[ 5822.806s] step         step=67350 epoch=9 lr=0.0002 g_loss=4.11462 d_loss=0.24187 cycle_loss=0.24034 identity_loss=0.17546 grad_norm=33.01193
[ 5828.090s] step         step=67400 epoch=9 lr=0.0002 g_loss=3.98252 d_loss=0.45702 cycle_loss=0.21376 identity_loss=0.20236 grad_norm=21.50693
[ 5833.360s] step         step=67450 epoch=9 lr=0.0002 g_loss=4.61629 d_loss=0.17594 cycle_loss=0.29767 identity_loss=0.1367 grad_norm=31.8622
[ 5838.638s] step         step=67500 epoch=9 lr=0.0002 g_loss=3.9147 d_loss=0.17621 cycle_loss=0.2102 identity_loss=0.18893 grad_norm=18.29701
[ 5843.884s] step         step=67550 epoch=9 lr=0.0002 g_loss=3.1004 d_loss=0.45134 cycle_loss=0.16164 identity_loss=0.17471 grad_norm=12.2036
[ 5849.162s] step         step=67600 epoch=9 lr=0.0002 g_loss=3.78866 d_loss=0.40405 cycle_loss=0.20055 identity_loss=0.19194 grad_norm=19.98638
[ 5854.430s] step         step=67650 epoch=9 lr=0.0002 g_loss=4.77499 d_loss=0.07425 cycle_loss=0.21 identity_loss=0.13912 grad_norm=22.66654
[ 5859.687s] step         step=67700 epoch=9 lr=0.0002 g_loss=5.19207 d_loss=0.34668 cycle_loss=0.25784 identity_loss=0.24018 grad_norm=23.02821
[ 5864.971s] step         step=67750 epoch=9 lr=0.0002 g_loss=7.11319 d_loss=0.68697 cycle_loss=0.44249 identity_loss=0.41368 grad_norm=26.40536
[ 5870.271s] step         step=67800 epoch=9 lr=0.0002 g_loss=3.62924 d_loss=0.3119 cycle_loss=0.1523 identity_loss=0.16021 grad_norm=18.33971
[ 5875.673s] step         step=67850 epoch=9 lr=0.0002 g_loss=3.79787 d_loss=0.13423 cycle_loss=0.18117 identity_loss=0.1876 grad_norm=14.91315
[ 5880.972s] step         step=67900 epoch=9 lr=0.0002 g_loss=8.17944 d_loss=0.13678 cycle_loss=0.46147 identity_loss=0.46318 grad_norm=47.26069
[ 5886.279s] step         step=67950 epoch=9 lr=0.0002 g_loss=3.7265 d_loss=0.36631 cycle_loss=0.14146 identity_loss=0.18995 grad_norm=21.52059
[ 5891.564s] step         step=68000 epoch=9 lr=0.0002 g_loss=3.32843 d_loss=0.31176 cycle_loss=0.18231 identity_loss=0.17714 grad_norm=14.10163
[ 5896.886s] step         step=68050 epoch=9 lr=0.0002 g_loss=3.45638 d_loss=0.70252 cycle_loss=0.19768 identity_loss=0.16828 grad_norm=16.40782
[ 5902.145s] step         step=68100 epoch=9 lr=0.0002 g_loss=3.77453 d_loss=0.28154 cycle_loss=0.18121 identity_loss=0.14779 grad_norm=13.73129
[ 5907.393s] step         step=68150 epoch=9 lr=0.0002 g_loss=4.12955 d_loss=0.15083 cycle_loss=0.18747 identity_loss=0.21178 grad_norm=20.36043
[ 5913.063s] step         step=68200 epoch=9 lr=0.0002 g_loss=4.63742 d_loss=0.23333 cycle_loss=0.21473 identity_loss=0.27167 grad_norm=24.47051
[ 5918.505s] step         step=68250 epoch=9 lr=0.0002 g_loss=3.78605 d_loss=0.12506 cycle_loss=0.17232 identity_loss=0.19767 grad_norm=27.20686
[ 5923.854s] step         step=68300 epoch=9 lr=0.0002 g_loss=3.12125 d_loss=0.53227 cycle_loss=0.14345 identity_loss=0.14931 grad_norm=17.35165
[ 5929.203s] step         step=68350 epoch=9 lr=0.0002 g_loss=4.21249 d_loss=0.2563 cycle_loss=0.24606 identity_loss=0.18186 grad_norm=25.06736
[ 5934.577s] step         step=68400 epoch=9 lr=0.0002 g_loss=4.55426 d_loss=0.41444 cycle_loss=0.24346 identity_loss=0.23623 grad_norm=27.44297
[ 5939.819s] step         step=68450 epoch=9 lr=0.0002 g_loss=4.02997 d_loss=0.43994 cycle_loss=0.21572 identity_loss=0.24167 grad_norm=19.5205
[ 5945.078s] step         step=68500 epoch=9 lr=0.0002 g_loss=4.3665 d_loss=0.16818 cycle_loss=0.22884 identity_loss=0.20005 grad_norm=67.65134
[ 5950.324s] step         step=68550 epoch=9 lr=0.0002 g_loss=4.11102 d_loss=0.19868 cycle_loss=0.23016 identity_loss=0.18037 grad_norm=20.60154
[ 5955.761s] step         step=68600 epoch=9 lr=0.0002 g_loss=10.19661 d_loss=0.29826 cycle_loss=0.60223 identity_loss=0.61454 grad_norm=39.98828
[ 5961.000s] step         step=68650 epoch=9 lr=0.0002 g_loss=4.89147 d_loss=0.16321 cycle_loss=0.22162 identity_loss=0.19722 grad_norm=14.727
[ 5966.235s] step         step=68700 epoch=9 lr=0.0002 g_loss=3.76477 d_loss=0.26558 cycle_loss=0.20306 identity_loss=0.24809 grad_norm=22.33412
[ 5971.433s] step         step=68750 epoch=9 lr=0.0002 g_loss=3.71085 d_loss=0.33085 cycle_loss=0.17379 identity_loss=0.22158 grad_norm=19.56221
[ 5976.658s] step         step=68800 epoch=9 lr=0.0002 g_loss=5.44423 d_loss=0.39485 cycle_loss=0.2787 identity_loss=0.34986 grad_norm=35.65384
[ 5981.882s] step         step=68850 epoch=9 lr=0.0002 g_loss=3.67327 d_loss=0.13526 cycle_loss=0.18481 identity_loss=0.14861 grad_norm=16.58413
[ 5987.072s] step         step=68900 epoch=9 lr=0.0002 g_loss=3.77389 d_loss=0.22246 cycle_loss=0.1797 identity_loss=0.13761 grad_norm=28.90741
[ 5992.485s] step         step=68950 epoch=9 lr=0.0002 g_loss=3.73437 d_loss=0.33317 cycle_loss=0.21782 identity_loss=0.18291 grad_norm=21.01751
[ 5997.779s] step         step=69000 epoch=9 lr=0.0002 g_loss=4.39553 d_loss=0.42765 cycle_loss=0.23299 identity_loss=0.26938 grad_norm=19.25059
[ 6003.011s] step         step=69050 epoch=9 lr=0.0002 g_loss=2.81337 d_loss=0.48847 cycle_loss=0.13337 identity_loss=0.18647 grad_norm=14.88844
[ 6008.373s] step         step=69100 epoch=9 lr=0.0002 g_loss=4.1753 d_loss=0.48929 cycle_loss=0.21143 identity_loss=0.22163 grad_norm=19.53529
[ 6013.750s] step         step=69150 epoch=9 lr=0.0002 g_loss=4.74224 d_loss=0.1591 cycle_loss=0.21951 identity_loss=0.16721 grad_norm=21.81771
[ 6018.965s] step         step=69200 epoch=9 lr=0.0002 g_loss=5.04435 d_loss=0.12531 cycle_loss=0.27556 identity_loss=0.23462 grad_norm=26.59241
[ 6024.222s] step         step=69250 epoch=9 lr=0.0002 g_loss=5.19674 d_loss=0.24387 cycle_loss=0.27621 identity_loss=0.24939 grad_norm=29.42387
[ 6029.468s] step         step=69300 epoch=9 lr=0.0002 g_loss=7.02616 d_loss=0.29991 cycle_loss=0.43797 identity_loss=0.41894 grad_norm=21.81026
[ 6034.679s] step         step=69350 epoch=9 lr=0.0002 g_loss=3.84802 d_loss=0.44233 cycle_loss=0.19145 identity_loss=0.18445 grad_norm=17.80888
[ 6039.905s] step         step=69400 epoch=9 lr=0.0002 g_loss=5.25949 d_loss=0.1102 cycle_loss=0.27852 identity_loss=0.24903 grad_norm=24.80633
[ 6045.106s] step         step=69450 epoch=9 lr=0.0002 g_loss=3.1851 d_loss=0.29757 cycle_loss=0.17809 identity_loss=0.15227 grad_norm=15.1915
[ 6050.343s] step         step=69500 epoch=9 lr=0.0002 g_loss=3.74778 d_loss=0.29354 cycle_loss=0.21995 identity_loss=0.15283 grad_norm=28.59169
[ 6055.586s] step         step=69550 epoch=9 lr=0.0002 g_loss=4.53565 d_loss=0.20449 cycle_loss=0.18439 identity_loss=0.22684 grad_norm=20.24174
[ 6060.800s] step         step=69600 epoch=9 lr=0.0002 g_loss=5.16033 d_loss=0.36983 cycle_loss=0.27724 identity_loss=0.26812 grad_norm=31.67694
[ 6066.047s] step         step=69650 epoch=9 lr=0.0002 g_loss=3.849 d_loss=0.10606 cycle_loss=0.16321 identity_loss=0.14138 grad_norm=20.10721
[ 6071.253s] step         step=69700 epoch=9 lr=0.0002 g_loss=4.02979 d_loss=0.10397 cycle_loss=0.17431 identity_loss=0.18532 grad_norm=21.38351
[ 6076.519s] step         step=69750 epoch=9 lr=0.0002 g_loss=3.82819 d_loss=0.39319 cycle_loss=0.20341 identity_loss=0.1941 grad_norm=16.25807
[ 6081.733s] step         step=69800 epoch=9 lr=0.0002 g_loss=3.40808 d_loss=0.31027 cycle_loss=0.18517 identity_loss=0.20477 grad_norm=16.75981
[ 6086.967s] step         step=69850 epoch=9 lr=0.0002 g_loss=3.9926 d_loss=0.60907 cycle_loss=0.20156 identity_loss=0.2883 grad_norm=20.28898
[ 6092.566s] step         step=69900 epoch=9 lr=0.0002 g_loss=5.33457 d_loss=0.29196 cycle_loss=0.3109 identity_loss=0.30934 grad_norm=23.03212
[ 6097.800s] step         step=69950 epoch=9 lr=0.0002 g_loss=4.0397 d_loss=0.13922 cycle_loss=0.18774 identity_loss=0.17883 grad_norm=22.16149
[ 6103.010s] step         step=70000 epoch=9 lr=0.0002 g_loss=7.2308 d_loss=0.19208 cycle_loss=0.39491 identity_loss=0.46924 grad_norm=30.28472
[ 6108.359s] step         step=70050 epoch=9 lr=0.0002 g_loss=4.1375 d_loss=0.1929 cycle_loss=0.1712 identity_loss=0.26988 grad_norm=21.37422
[ 6113.533s] step         step=70100 epoch=9 lr=0.0002 g_loss=5.88222 d_loss=0.15587 cycle_loss=0.30608 identity_loss=0.2846 grad_norm=32.04482
[ 6118.763s] step         step=70150 epoch=9 lr=0.0002 g_loss=3.88577 d_loss=0.45298 cycle_loss=0.20968 identity_loss=0.21895 grad_norm=18.38494
[ 6123.993s] step         step=70200 epoch=9 lr=0.0002 g_loss=3.70208 d_loss=0.2329 cycle_loss=0.16528 identity_loss=0.11629 grad_norm=17.88895
[ 6129.214s] step         step=70250 epoch=9 lr=0.0002 g_loss=5.25629 d_loss=0.22783 cycle_loss=0.29711 identity_loss=0.26828 grad_norm=29.8232
[ 6134.647s] step         step=70300 epoch=9 lr=0.0002 g_loss=3.84624 d_loss=0.35619 cycle_loss=0.18777 identity_loss=0.15198 grad_norm=19.07752
[ 6139.848s] step         step=70350 epoch=9 lr=0.0002 g_loss=6.05618 d_loss=0.23127 cycle_loss=0.36636 identity_loss=0.29227 grad_norm=30.14373
[ 6142.985s] epoch        epoch=9 step=70380 seconds=6129.0
[ 6143.480s] checkpoint   epoch=10 step=70380
[ 6145.803s] step         step=70400 epoch=10 lr=0.0002 g_loss=3.61329 d_loss=0.2123 cycle_loss=0.17542 identity_loss=0.17613 grad_norm=12.06369
[ 6151.214s] step         step=70450 epoch=10 lr=0.0002 g_loss=4.94578 d_loss=0.18813 cycle_loss=0.2713 identity_loss=0.23276 grad_norm=27.02825
[ 6156.488s] step         step=70500 epoch=10 lr=0.0002 g_loss=4.68001 d_loss=0.23298 cycle_loss=0.23238 identity_loss=0.3082 grad_norm=26.98833
[ 6161.736s] step         step=70550 epoch=10 lr=0.0002 g_loss=4.96235 d_loss=0.32934 cycle_loss=0.26453 identity_loss=0.21798 grad_norm=29.5814
[ 6167.115s] step         step=70600 epoch=10 lr=0.0002 g_loss=5.0947 d_loss=0.21498 cycle_loss=0.25411 identity_loss=0.21749 grad_norm=25.21566
[ 6172.536s] step         step=70650 epoch=10 lr=0.0002 g_loss=3.38006 d_loss=0.45216 cycle_loss=0.21234 identity_loss=0.18067 grad_norm=16.42122
[ 6177.773s] step         step=70700 epoch=10 lr=0.0002 g_loss=3.38698 d_loss=0.17622 cycle_loss=0.1651 identity_loss=0.14671 grad_norm=8.60413
[ 6183.043s] step         step=70750 epoch=10 lr=0.0002 g_loss=3.95528 d_loss=0.29094 cycle_loss=0.19234 identity_loss=0.16683 grad_norm=14.02952
[ 6188.303s] step         step=70800 epoch=10 lr=0.0002 g_loss=3.53696 d_loss=0.5179 cycle_loss=0.19073 identity_loss=0.18377 grad_norm=21.55561
[ 6193.576s] step         step=70850 epoch=10 lr=0.0002 g_loss=3.80423 d_loss=0.19829 cycle_loss=0.22747 identity_loss=0.18971 grad_norm=25.15252
[ 6198.821s] step         step=70900 epoch=10 lr=0.0002 g_loss=4.33581 d_loss=0.30912 cycle_loss=0.24142 identity_loss=0.19216 grad_norm=21.43428
[ 6204.067s] step         step=70950 epoch=10 lr=0.0002 g_loss=4.80807 d_loss=0.3651 cycle_loss=0.24883 identity_loss=0.29647 grad_norm=28.28172
[ 6209.309s] step         step=71000 epoch=10 lr=0.0002 g_loss=3.52401 d_loss=0.27714 cycle_loss=0.17454 identity_loss=0.14452 grad_norm=13.84822
[ 6214.626s] step         step=71050 epoch=10 lr=0.0002 g_loss=4.47178 d_loss=0.35638 cycle_loss=0.28807 identity_loss=0.21732 grad_norm=33.50468
[ 6219.845s] step         step=71100 epoch=10 lr=0.0002 g_loss=3.1074 d_loss=0.38093 cycle_loss=0.16942 identity_loss=0.17132 grad_norm=11.12762
[ 6225.090s] step         step=71150 epoch=10 lr=0.0002 g_loss=4.23768 d_loss=0.21943 cycle_loss=0.20669 identity_loss=0.20759 grad_norm=16.05723
[ 6230.461s] step         step=71200 epoch=10 lr=0.0002 g_loss=4.29212 d_loss=0.53625 cycle_loss=0.23102 identity_loss=0.22121 grad_norm=17.50515
[ 6235.703s] step         step=71250 epoch=10 lr=0.0002 g_loss=3.36658 d_loss=0.23247 cycle_loss=0.18719 identity_loss=0.15015 grad_norm=22.57593
[ 6241.052s] step         step=71300 epoch=10 lr=0.0002 g_loss=3.11559 d_loss=0.35552 cycle_loss=0.15547 identity_loss=0.14543 grad_norm=16.58164
[ 6246.396s] step         step=71350 epoch=10 lr=0.0002 g_loss=3.19076 d_loss=0.19694 cycle_loss=0.14219 identity_loss=0.10062 grad_norm=17.16098
[ 6251.981s] step         step=71400 epoch=10 lr=0.0002 g_loss=3.73502 d_loss=0.40729 cycle_loss=0.17421 identity_loss=0.24271 grad_norm=18.08232
[ 6257.217s] step         step=71450 epoch=10 lr=0.0002 g_loss=4.24112 d_loss=0.27781 cycle_loss=0.22082 identity_loss=0.19604 grad_norm=14.7069
[ 6262.442s] step         step=71500 epoch=10 lr=0.0002 g_loss=4.64955 d_loss=0.21886 cycle_loss=0.22733 identity_loss=0.22803 grad_norm=14.69915
[ 6267.653s] step         step=71550 epoch=10 lr=0.0002 g_loss=4.61794 d_loss=0.23238 cycle_loss=0.24799 identity_loss=0.22905 grad_norm=40.50121
[ 6272.942s] step         step=71600 epoch=10 lr=0.0002 g_loss=2.78087 d_loss=0.38153 cycle_loss=0.16012 identity_loss=0.14143 grad_norm=11.73073
[ 6278.188s] step         step=71650 epoch=10 lr=0.0002 g_loss=3.12457 d_loss=0.27626 cycle_loss=0.18655 identity_loss=0.16008 grad_norm=22.58963
[ 6283.426s] step         step=71700 epoch=10 lr=0.0002 g_loss=3.68204 d_loss=0.2061 cycle_loss=0.21185 identity_loss=0.16363 grad_norm=15.14964
[ 6288.680s] step         step=71750 epoch=10 lr=0.0002 g_loss=4.11656 d_loss=0.57375 cycle_loss=0.25286 identity_loss=0.248 grad_norm=17.49402
[ 6293.903s] step         step=71800 epoch=10 lr=0.0002 g_loss=4.77174 d_loss=0.4576 cycle_loss=0.2369 identity_loss=0.19419 grad_norm=23.46684
[ 6299.136s] step         step=71850 epoch=10 lr=0.0002 g_loss=4.84438 d_loss=0.19389 cycle_loss=0.24252 identity_loss=0.23903 grad_norm=22.6934
[ 6304.367s] step         step=71900 epoch=10 lr=0.0002 g_loss=4.11042 d_loss=0.10262 cycle_loss=0.19176 identity_loss=0.15247 grad_norm=17.195
[ 6309.585s] step         step=71950 epoch=10 lr=0.0002 g_loss=3.51311 d_loss=0.28543 cycle_loss=0.17454 identity_loss=0.15957 grad_norm=10.28073
[ 6314.789s] step         step=72000 epoch=10 lr=0.0002 g_loss=4.62597 d_loss=0.22998 cycle_loss=0.26866 identity_loss=0.16492 grad_norm=22.84028
[ 6320.020s] step         step=72050 epoch=10 lr=0.0002 g_loss=3.26414 d_loss=0.07969 cycle_loss=0.17235 identity_loss=0.12086 grad_norm=22.80321
[ 6325.261s] step         step=72100 epoch=10 lr=0.0002 g_loss=4.51706 d_loss=0.29384 cycle_loss=0.25724 identity_loss=0.27034 grad_norm=21.42077
[ 6330.453s] step         step=72150 epoch=10 lr=0.0002 g_loss=3.00688 d_loss=0.16883 cycle_loss=0.14054 identity_loss=0.13319 grad_norm=16.87737
[ 6335.698s] step         step=72200 epoch=10 lr=0.0002 g_loss=3.64453 d_loss=0.34224 cycle_loss=0.17536 identity_loss=0.22473 grad_norm=13.85888
[ 6340.923s] step         step=72250 epoch=10 lr=0.0002 g_loss=3.70286 d_loss=0.22475 cycle_loss=0.18052 identity_loss=0.15185 grad_norm=23.13476
[ 6346.138s] step         step=72300 epoch=10 lr=0.0002 g_loss=4.30209 d_loss=0.29757 cycle_loss=0.21382 identity_loss=0.18279 grad_norm=24.39869
[ 6351.378s] step         step=72350 epoch=10 lr=0.0002 g_loss=5.68305 d_loss=0.33065 cycle_loss=0.32973 identity_loss=0.24871 grad_norm=41.58951
[ 6356.597s] step         step=72400 epoch=10 lr=0.0002 g_loss=4.3643 d_loss=0.37976 cycle_loss=0.23397 identity_loss=0.1975 grad_norm=36.11959
[ 6361.855s] step         step=72450 epoch=10 lr=0.0002 g_loss=3.52588 d_loss=0.15987 cycle_loss=0.14098 identity_loss=0.17522 grad_norm=11.19088
[ 6367.241s] step         step=72500 epoch=10 lr=0.0002 g_loss=4.64031 d_loss=0.19956 cycle_loss=0.18459 identity_loss=0.20077 grad_norm=19.88432
[ 6372.542s] step         step=72550 epoch=10 lr=0.0002 g_loss=4.84598 d_loss=0.43016 cycle_loss=0.24255 identity_loss=0.31711 grad_norm=21.48117
[ 6377.766s] step         step=72600 epoch=10 lr=0.0002 g_loss=3.48371 d_loss=0.17818 cycle_loss=0.17027 identity_loss=0.15068 grad_norm=16.35182
[ 6382.998s] step         step=72650 epoch=10 lr=0.0002 g_loss=3.77475 d_loss=0.54999 cycle_loss=0.22448 identity_loss=0.22671 grad_norm=16.49212
[ 6388.222s] step         step=72700 epoch=10 lr=0.0002 g_loss=3.81348 d_loss=0.21158 cycle_loss=0.19358 identity_loss=0.17066 grad_norm=17.20387
[ 6393.490s] step         step=72750 epoch=10 lr=0.0002 g_loss=5.86442 d_loss=0.29948 cycle_loss=0.33765 identity_loss=0.30752 grad_norm=42.27452
[ 6398.721s] step         step=72800 epoch=10 lr=0.0002 g_loss=4.24691 d_loss=0.17782 cycle_loss=0.21255 identity_loss=0.20291 grad_norm=17.42571
[ 6403.950s] step         step=72850 epoch=10 lr=0.0002 g_loss=4.13612 d_loss=0.2889 cycle_loss=0.20232 identity_loss=0.20544 grad_norm=28.97565
[ 6409.457s] step         step=72900 epoch=10 lr=0.0002 g_loss=4.46382 d_loss=0.2401 cycle_loss=0.23065 identity_loss=0.21109 grad_norm=29.8618
[ 6414.683s] step         step=72950 epoch=10 lr=0.0002 g_loss=9.0403 d_loss=0.22793 cycle_loss=0.58459 identity_loss=0.55255 grad_norm=27.07867
[ 6419.914s] step         step=73000 epoch=10 lr=0.0002 g_loss=3.82083 d_loss=0.39768 cycle_loss=0.22092 identity_loss=0.18962 grad_norm=27.95724
[ 6425.162s] step         step=73050 epoch=10 lr=0.0002 g_loss=5.25312 d_loss=0.20297 cycle_loss=0.28926 identity_loss=0.30463 grad_norm=17.02382
[ 6430.404s] step         step=73100 epoch=10 lr=0.0002 g_loss=3.45818 d_loss=0.13392 cycle_loss=0.17646 identity_loss=0.1488 grad_norm=20.55542
[ 6435.643s] step         step=73150 epoch=10 lr=0.0002 g_loss=4.61759 d_loss=0.3161 cycle_loss=0.25556 identity_loss=0.2647 grad_norm=20.63886
[ 6440.855s] step         step=73200 epoch=10 lr=0.0002 g_loss=4.99006 d_loss=0.31478 cycle_loss=0.28934 identity_loss=0.25134 grad_norm=25.85933
[ 6446.066s] step         step=73250 epoch=10 lr=0.0002 g_loss=4.79311 d_loss=0.43237 cycle_loss=0.27111 identity_loss=0.25572 grad_norm=28.54546
[ 6451.283s] step         step=73300 epoch=10 lr=0.0002 g_loss=3.90959 d_loss=0.48495 cycle_loss=0.21731 identity_loss=0.20503 grad_norm=14.93025
[ 6456.545s] step         step=73350 epoch=10 lr=0.0002 g_loss=4.48264 d_loss=0.13937 cycle_loss=0.17102 identity_loss=0.16744 grad_norm=22.59381
[ 6461.799s] step         step=73400 epoch=10 lr=0.0002 g_loss=5.43182 d_loss=0.33396 cycle_loss=0.33751 identity_loss=0.28384 grad_norm=21.11673
[ 6467.052s] step         step=73450 epoch=10 lr=0.0002 g_loss=4.96037 d_loss=0.12626 cycle_loss=0.26234 identity_loss=0.2444 grad_norm=26.89275
[ 6472.656s] step         step=73500 epoch=10 lr=0.0002 g_loss=5.42854 d_loss=0.29502 cycle_loss=0.32524 identity_loss=0.27287 grad_norm=34.19872
[ 6477.918s] step         step=73550 epoch=10 lr=0.0002 g_loss=4.31967 d_loss=0.34311 cycle_loss=0.24813 identity_loss=0.27788 grad_norm=18.65795
[ 6483.199s] step         step=73600 epoch=10 lr=0.0002 g_loss=3.93025 d_loss=0.1982 cycle_loss=0.13867 identity_loss=0.10914 grad_norm=18.16854
[ 6488.444s] step         step=73650 epoch=10 lr=0.0002 g_loss=3.96143 d_loss=0.24226 cycle_loss=0.20233 identity_loss=0.13728 grad_norm=19.90219
[ 6493.679s] step         step=73700 epoch=10 lr=0.0002 g_loss=3.55423 d_loss=0.2417 cycle_loss=0.17551 identity_loss=0.1508 grad_norm=15.62099
[ 6499.021s] step         step=73750 epoch=10 lr=0.0002 g_loss=5.05785 d_loss=0.35592 cycle_loss=0.28588 identity_loss=0.19818 grad_norm=44.40899
[ 6504.266s] step         step=73800 epoch=10 lr=0.0002 g_loss=3.77171 d_loss=0.42442 cycle_loss=0.22155 identity_loss=0.20188 grad_norm=28.11858
[ 6509.501s] step         step=73850 epoch=10 lr=0.0002 g_loss=4.18028 d_loss=0.35477 cycle_loss=0.25412 identity_loss=0.22056 grad_norm=22.45405
[ 6514.752s] step         step=73900 epoch=10 lr=0.0002 g_loss=3.48336 d_loss=0.45303 cycle_loss=0.19161 identity_loss=0.20588 grad_norm=13.70531
[ 6519.948s] step         step=73950 epoch=10 lr=0.0002 g_loss=4.29738 d_loss=0.28566 cycle_loss=0.22247 identity_loss=0.13859 grad_norm=14.89958
[ 6525.653s] step         step=74000 epoch=10 lr=0.0002 g_loss=3.96103 d_loss=0.35116 cycle_loss=0.21118 identity_loss=0.22444 grad_norm=27.94355
[ 6531.413s] step         step=74050 epoch=10 lr=0.0002 g_loss=6.24239 d_loss=0.26292 cycle_loss=0.33371 identity_loss=0.37953 grad_norm=24.3218
[ 6536.675s] step         step=74100 epoch=10 lr=0.0002 g_loss=4.02082 d_loss=0.21797 cycle_loss=0.22692 identity_loss=0.23627 grad_norm=17.43664
[ 6541.920s] step         step=74150 epoch=10 lr=0.0002 g_loss=4.82171 d_loss=0.44289 cycle_loss=0.24092 identity_loss=0.16922 grad_norm=15.24998
[ 6547.231s] step         step=74200 epoch=10 lr=0.0002 g_loss=3.89752 d_loss=0.37683 cycle_loss=0.15788 identity_loss=0.20122 grad_norm=16.12717
[ 6552.573s] step         step=74250 epoch=10 lr=0.0002 g_loss=3.47922 d_loss=0.39492 cycle_loss=0.19001 identity_loss=0.17637 grad_norm=20.62685
[ 6557.983s] step         step=74300 epoch=10 lr=0.0002 g_loss=4.17464 d_loss=0.3727 cycle_loss=0.20426 identity_loss=0.22737 grad_norm=24.90015
[ 6563.204s] step         step=74350 epoch=10 lr=0.0002 g_loss=3.43799 d_loss=0.26156 cycle_loss=0.18189 identity_loss=0.21326 grad_norm=17.47955
[ 6568.491s] step         step=74400 epoch=10 lr=0.0002 g_loss=4.23057 d_loss=0.24229 cycle_loss=0.22753 identity_loss=0.2236 grad_norm=25.47099
[ 6573.715s] step         step=74450 epoch=10 lr=0.0002 g_loss=2.68224 d_loss=0.27169 cycle_loss=0.16395 identity_loss=0.13073 grad_norm=14.00593
[ 6578.964s] step         step=74500 epoch=10 lr=0.0002 g_loss=4.60623 d_loss=0.30382 cycle_loss=0.28151 identity_loss=0.21623 grad_norm=22.11651
[ 6584.553s] step         step=74550 epoch=10 lr=0.0002 g_loss=3.54404 d_loss=0.48531 cycle_loss=0.17959 identity_loss=0.16453 grad_norm=10.91219
[ 6589.783s] step         step=74600 epoch=10 lr=0.0002 g_loss=4.19148 d_loss=0.24728 cycle_loss=0.20842 identity_loss=0.22043 grad_norm=25.25766
[ 6595.257s] step         step=74650 epoch=10 lr=0.0002 g_loss=4.4301 d_loss=0.15611 cycle_loss=0.19922 identity_loss=0.16491 grad_norm=19.30766
[ 6600.483s] step         step=74700 epoch=10 lr=0.0002 g_loss=3.32783 d_loss=0.28908 cycle_loss=0.1842 identity_loss=0.15363 grad_norm=29.10641
[ 6605.751s] step         step=74750 epoch=10 lr=0.0002 g_loss=3.80126 d_loss=0.51684 cycle_loss=0.22652 identity_loss=0.22396 grad_norm=15.32457
[ 6611.022s] step         step=74800 epoch=10 lr=0.0002 g_loss=5.15694 d_loss=0.22471 cycle_loss=0.29084 identity_loss=0.24716 grad_norm=32.78941
[ 6616.263s] step         step=74850 epoch=10 lr=0.0002 g_loss=4.4904 d_loss=0.30561 cycle_loss=0.23924 identity_loss=0.16967 grad_norm=27.05915
[ 6621.520s] step         step=74900 epoch=10 lr=0.0002 g_loss=3.64308 d_loss=0.21226 cycle_loss=0.14859 identity_loss=0.15519 grad_norm=17.4406
[ 6626.736s] step         step=74950 epoch=10 lr=0.0002 g_loss=3.14031 d_loss=0.29379 cycle_loss=0.14976 identity_loss=0.15196 grad_norm=14.01132
[ 6631.984s] step         step=75000 epoch=10 lr=0.0002 g_loss=3.92374 d_loss=0.08203 cycle_loss=0.17527 identity_loss=0.18054 grad_norm=16.97365
[ 6637.212s] step         step=75050 epoch=10 lr=0.0002 g_loss=3.70095 d_loss=0.29661 cycle_loss=0.18974 identity_loss=0.18633 grad_norm=15.42203
[ 6642.439s] step         step=75100 epoch=10 lr=0.0002 g_loss=4.31901 d_loss=0.1122 cycle_loss=0.1828 identity_loss=0.17825 grad_norm=12.14816
[ 6647.662s] step         step=75150 epoch=10 lr=0.0002 g_loss=3.66149 d_loss=0.28254 cycle_loss=0.20877 identity_loss=0.173 grad_norm=19.3688
[ 6652.849s] step         step=75200 epoch=10 lr=0.0002 g_loss=3.91205 d_loss=0.39004 cycle_loss=0.22201 identity_loss=0.15845 grad_norm=22.11339
[ 6658.085s] step         step=75250 epoch=10 lr=0.0002 g_loss=3.26433 d_loss=0.33645 cycle_loss=0.17679 identity_loss=0.15641 grad_norm=13.96484
[ 6663.327s] step         step=75300 epoch=10 lr=0.0002 g_loss=3.92567 d_loss=0.25053 cycle_loss=0.17909 identity_loss=0.15699 grad_norm=33.58883
[ 6668.569s] step         step=75350 epoch=10 lr=0.0002 g_loss=4.16224 d_loss=0.29182 cycle_loss=0.20893 identity_loss=0.17745 grad_norm=20.2233
[ 6673.824s] step         step=75400 epoch=10 lr=0.0002 g_loss=2.93213 d_loss=0.39 cycle_loss=0.16305 identity_loss=0.17684 grad_norm=14.93359
[ 6679.070s] step         step=75450 epoch=10 lr=0.0002 g_loss=4.18809 d_loss=0.1311 cycle_loss=0.24011 identity_loss=0.18668 grad_norm=19.84418
[ 6684.322s] step         step=75500 epoch=10 lr=0.0002 g_loss=4.2575 d_loss=0.12014 cycle_loss=0.20675 identity_loss=0.18688 grad_norm=15.30445
[ 6689.575s] step         step=75550 epoch=10 lr=0.0002 g_loss=4.89691 d_loss=0.21124 cycle_loss=0.22629 identity_loss=0.27542 grad_norm=27.30805
[ 6694.948s] step         step=75600 epoch=10 lr=0.0002 g_loss=4.27999 d_loss=0.22333 cycle_loss=0.26166 identity_loss=0.16223 grad_norm=32.18718
[ 6700.175s] step         step=75650 epoch=10 lr=0.0002 g_loss=4.85007 d_loss=0.30888 cycle_loss=0.21593 identity_loss=0.28789 grad_norm=20.77462
[ 6705.438s] step         step=75700 epoch=10 lr=0.0002 g_loss=3.16722 d_loss=0.25145 cycle_loss=0.14776 identity_loss=0.14938 grad_norm=17.26027
[ 6710.679s] step         step=75750 epoch=10 lr=0.0002 g_loss=4.10158 d_loss=0.16447 cycle_loss=0.18442 identity_loss=0.17619 grad_norm=24.33208
[ 6715.932s] step         step=75800 epoch=10 lr=0.0002 g_loss=4.66766 d_loss=0.20425 cycle_loss=0.24087 identity_loss=0.19775 grad_norm=19.3775
[ 6721.116s] step         step=75850 epoch=10 lr=0.0002 g_loss=4.33437 d_loss=0.2392 cycle_loss=0.19053 identity_loss=0.16549 grad_norm=25.3346
[ 6726.355s] step         step=75900 epoch=10 lr=0.0002 g_loss=3.37157 d_loss=0.32204 cycle_loss=0.18438 identity_loss=0.1436 grad_norm=18.08949
[ 6731.846s] step         step=75950 epoch=10 lr=0.0002 g_loss=3.34295 d_loss=0.42592 cycle_loss=0.16059 identity_loss=0.12777 grad_norm=13.85358
[ 6737.088s] step         step=76000 epoch=10 lr=0.0002 g_loss=3.81455 d_loss=0.31455 cycle_loss=0.1676 identity_loss=0.16682 grad_norm=18.84543
[ 6742.328s] step         step=76050 epoch=10 lr=0.0002 g_loss=4.27 d_loss=0.35812 cycle_loss=0.21493 identity_loss=0.28252 grad_norm=23.51607
[ 6747.544s] step         step=76100 epoch=10 lr=0.0002 g_loss=5.1229 d_loss=0.27484 cycle_loss=0.24113 identity_loss=0.23626 grad_norm=27.31434
[ 6752.903s] step         step=76150 epoch=10 lr=0.0002 g_loss=4.86687 d_loss=0.38848 cycle_loss=0.25047 identity_loss=0.29065 grad_norm=23.80284
[ 6758.131s] step         step=76200 epoch=10 lr=0.0002 g_loss=3.75121 d_loss=0.50548 cycle_loss=0.21366 identity_loss=0.18627 grad_norm=20.10831
[ 6763.358s] step         step=76250 epoch=10 lr=0.0002 g_loss=4.96159 d_loss=0.44315 cycle_loss=0.20957 identity_loss=0.28867 grad_norm=18.25908
[ 6768.584s] step         step=76300 epoch=10 lr=0.0002 g_loss=3.35286 d_loss=0.23778 cycle_loss=0.17678 identity_loss=0.16226 grad_norm=15.74953
[ 6773.917s] step         step=76350 epoch=10 lr=0.0002 g_loss=4.81687 d_loss=0.28879 cycle_loss=0.22443 identity_loss=0.1901 grad_norm=20.47912
[ 6779.182s] step         step=76400 epoch=10 lr=0.0002 g_loss=2.87334 d_loss=0.32405 cycle_loss=0.15655 identity_loss=0.1487 grad_norm=13.64972
[ 6784.404s] step         step=76450 epoch=10 lr=0.0002 g_loss=3.95795 d_loss=0.26473 cycle_loss=0.21868 identity_loss=0.18551 grad_norm=18.53517
[ 6789.609s] step         step=76500 epoch=10 lr=0.0002 g_loss=3.80363 d_loss=0.37156 cycle_loss=0.18338 identity_loss=0.22566 grad_norm=21.02181
[ 6794.924s] step         step=76550 epoch=10 lr=0.0002 g_loss=3.40845 d_loss=0.32114 cycle_loss=0.22525 identity_loss=0.16533 grad_norm=22.57305
[ 6800.229s] step         step=76600 epoch=10 lr=0.0002 g_loss=4.59925 d_loss=0.43569 cycle_loss=0.26152 identity_loss=0.21851 grad_norm=14.76652
[ 6805.480s] step         step=76650 epoch=10 lr=0.0002 g_loss=4.4159 d_loss=0.25765 cycle_loss=0.27131 identity_loss=0.23702 grad_norm=23.26446
[ 6811.146s] step         step=76700 epoch=10 lr=0.0002 g_loss=3.8133 d_loss=0.24944 cycle_loss=0.16594 identity_loss=0.15343 grad_norm=25.93072
[ 6816.427s] step         step=76750 epoch=10 lr=0.0002 g_loss=3.03291 d_loss=0.36809 cycle_loss=0.17163 identity_loss=0.18021 grad_norm=18.70325
[ 6821.646s] step         step=76800 epoch=10 lr=0.0002 g_loss=2.99818 d_loss=0.2875 cycle_loss=0.12296 identity_loss=0.16935 grad_norm=9.31379
[ 6827.381s] step         step=76850 epoch=10 lr=0.0002 g_loss=3.42733 d_loss=0.35086 cycle_loss=0.18862 identity_loss=0.1759 grad_norm=10.02172
[ 6832.594s] step         step=76900 epoch=10 lr=0.0002 g_loss=3.70337 d_loss=0.46267 cycle_loss=0.2106 identity_loss=0.20931 grad_norm=20.36016
[ 6837.803s] step         step=76950 epoch=10 lr=0.0002 g_loss=3.85481 d_loss=0.27839 cycle_loss=0.19961 identity_loss=0.1985 grad_norm=19.16617
[ 6843.028s] step         step=77000 epoch=10 lr=0.0002 g_loss=4.74361 d_loss=0.35381 cycle_loss=0.20556 identity_loss=0.19526 grad_norm=23.76842
[ 6848.293s] step         step=77050 epoch=10 lr=0.0002 g_loss=4.75599 d_loss=0.40566 cycle_loss=0.21226 identity_loss=0.25636 grad_norm=24.61653
[ 6853.503s] step         step=77100 epoch=10 lr=0.0002 g_loss=3.76622 d_loss=0.5991 cycle_loss=0.19924 identity_loss=0.1751 grad_norm=13.65382
[ 6858.773s] step         step=77150 epoch=10 lr=0.0002 g_loss=3.66602 d_loss=0.55821 cycle_loss=0.17269 identity_loss=0.14988 grad_norm=23.87784
[ 6864.082s] step         step=77200 epoch=10 lr=0.0002 g_loss=4.44072 d_loss=0.33666 cycle_loss=0.24206 identity_loss=0.23874 grad_norm=19.72769
[ 6869.587s] step         step=77250 epoch=10 lr=0.0002 g_loss=6.0968 d_loss=0.21817 cycle_loss=0.33412 identity_loss=0.37242 grad_norm=36.80368
[ 6874.914s] step         step=77300 epoch=10 lr=0.0002 g_loss=4.99545 d_loss=0.328 cycle_loss=0.26765 identity_loss=0.24397 grad_norm=29.52069
[ 6880.609s] step         step=77350 epoch=10 lr=0.0002 g_loss=3.41025 d_loss=0.24405 cycle_loss=0.17196 identity_loss=0.16934 grad_norm=21.41554
[ 6885.836s] step         step=77400 epoch=10 lr=0.0002 g_loss=4.84891 d_loss=0.2335 cycle_loss=0.21176 identity_loss=0.23575 grad_norm=23.67165
[ 6887.827s] epoch        epoch=10 step=77418 seconds=6873.8
[ 6888.097s] checkpoint   epoch=11 step=77418
[ 6891.590s] step         step=77450 epoch=11 lr=0.0002 g_loss=5.61417 d_loss=0.13711 cycle_loss=0.3181 identity_loss=0.23202 grad_norm=47.6559
[ 6897.067s] step         step=77500 epoch=11 lr=0.0002 g_loss=5.2402 d_loss=0.16705 cycle_loss=0.25561 identity_loss=0.29946 grad_norm=16.39025
[ 6902.317s] step         step=77550 epoch=11 lr=0.0002 g_loss=5.82877 d_loss=0.20938 cycle_loss=0.27842 identity_loss=0.44968 grad_norm=31.81967
[ 6907.651s] step         step=77600 epoch=11 lr=0.0002 g_loss=3.93799 d_loss=0.26402 cycle_loss=0.19371 identity_loss=0.2251 grad_norm=23.66849
[ 6913.038s] step         step=77650 epoch=11 lr=0.0002 g_loss=4.23279 d_loss=0.33992 cycle_loss=0.23604 identity_loss=0.19428 grad_norm=18.07172
[ 6918.379s] step         step=77700 epoch=11 lr=0.0002 g_loss=4.0363 d_loss=0.08299 cycle_loss=0.18805 identity_loss=0.13583 grad_norm=24.85637
[ 6923.721s] step         step=77750 epoch=11 lr=0.0002 g_loss=3.97753 d_loss=0.51333 cycle_loss=0.23123 identity_loss=0.24619 grad_norm=29.33595
[ 6929.027s] step         step=77800 epoch=11 lr=0.0002 g_loss=4.06063 d_loss=0.20158 cycle_loss=0.20346 identity_loss=0.20259 grad_norm=25.41633
[ 6934.347s] step         step=77850 epoch=11 lr=0.0002 g_loss=3.4399 d_loss=0.2855 cycle_loss=0.13574 identity_loss=0.1865 grad_norm=13.87601
[ 6939.557s] step         step=77900 epoch=11 lr=0.0002 g_loss=4.68312 d_loss=0.18385 cycle_loss=0.23101 identity_loss=0.20117 grad_norm=26.76578
[ 6944.771s] step         step=77950 epoch=11 lr=0.0002 g_loss=4.13979 d_loss=0.27307 cycle_loss=0.21403 identity_loss=0.19402 grad_norm=22.38441
[ 6949.963s] step         step=78000 epoch=11 lr=0.0002 g_loss=5.23769 d_loss=0.17303 cycle_loss=0.25791 identity_loss=0.22138 grad_norm=22.26867
[ 6955.359s] step         step=78050 epoch=11 lr=0.0002 g_loss=4.11048 d_loss=0.33881 cycle_loss=0.23587 identity_loss=0.17458 grad_norm=31.97563
[ 6960.663s] step         step=78100 epoch=11 lr=0.0002 g_loss=4.9368 d_loss=0.14011 cycle_loss=0.28826 identity_loss=0.22454 grad_norm=34.33522
[ 6966.028s] step         step=78150 epoch=11 lr=0.0002 g_loss=4.32855 d_loss=0.20927 cycle_loss=0.20135 identity_loss=0.18215 grad_norm=25.53283
[ 6971.239s] step         step=78200 epoch=11 lr=0.0002 g_loss=3.02561 d_loss=0.32757 cycle_loss=0.17803 identity_loss=0.13918 grad_norm=18.18584
[ 6976.496s] step         step=78250 epoch=11 lr=0.0002 g_loss=3.23685 d_loss=0.34614 cycle_loss=0.19354 identity_loss=0.13959 grad_norm=22.25542
[ 6981.762s] step         step=78300 epoch=11 lr=0.0002 g_loss=4.26985 d_loss=0.15242 cycle_loss=0.23382 identity_loss=0.17327 grad_norm=20.48404
[ 6986.971s] step         step=78350 epoch=11 lr=0.0002 g_loss=4.15975 d_loss=0.42073 cycle_loss=0.25329 identity_loss=0.219 grad_norm=26.28903
[ 6992.144s] step         step=78400 epoch=11 lr=0.0002 g_loss=3.85417 d_loss=0.17171 cycle_loss=0.18799 identity_loss=0.16545 grad_norm=16.28467
[ 6997.374s] step         step=78450 epoch=11 lr=0.0002 g_loss=4.54227 d_loss=0.48709 cycle_loss=0.2634 identity_loss=0.22036 grad_norm=20.29534
[ 7002.570s] step         step=78500 epoch=11 lr=0.0002 g_loss=3.85877 d_loss=0.36086 cycle_loss=0.21367 identity_loss=0.16838 grad_norm=16.01794
[ 7007.798s] step         step=78550 epoch=11 lr=0.0002 g_loss=4.13476 d_loss=0.3049 cycle_loss=0.22107 identity_loss=0.18466 grad_norm=26.30912
[ 7013.032s] step         step=78600 epoch=11 lr=0.0002 g_loss=4.62116 d_loss=0.29678 cycle_loss=0.26048 identity_loss=0.16215 grad_norm=26.97044
[ 7018.230s] step         step=78650 epoch=11 lr=0.0002 g_loss=4.78455 d_loss=0.31729 cycle_loss=0.26537 identity_loss=0.22007 grad_norm=23.88812
[ 7023.458s] step         step=78700 epoch=11 lr=0.0002 g_loss=2.82558 d_loss=0.19004 cycle_loss=0.18328 identity_loss=0.14985 grad_norm=22.66866
[ 7028.667s] step         step=78750 epoch=11 lr=0.0002 g_loss=3.98004 d_loss=0.18114 cycle_loss=0.22208 identity_loss=0.16965 grad_norm=16.60936
[ 7033.912s] step         step=78800 epoch=11 lr=0.0002 g_loss=4.4127 d_loss=0.36144 cycle_loss=0.23549 identity_loss=0.20583 grad_norm=18.0667
[ 7039.130s] step         step=78850 epoch=11 lr=0.0002 g_loss=3.0254 d_loss=0.19605 cycle_loss=0.1593 identity_loss=0.20082 grad_norm=19.4474
[ 7044.367s] step         step=78900 epoch=11 lr=0.0002 g_loss=3.3071 d_loss=0.25869 cycle_loss=0.14414 identity_loss=0.1284 grad_norm=15.46083
[ 7049.630s] step         step=78950 epoch=11 lr=0.0002 g_loss=5.02801 d_loss=0.6331 cycle_loss=0.27656 identity_loss=0.2487 grad_norm=31.90616
[ 7054.863s] step         step=79000 epoch=11 lr=0.0002 g_loss=4.36552 d_loss=0.68168 cycle_loss=0.24162 identity_loss=0.22235 grad_norm=17.11092
[ 7060.114s] step         step=79050 epoch=11 lr=0.0002 g_loss=4.0478 d_loss=0.25779 cycle_loss=0.21987 identity_loss=0.17722 grad_norm=17.20311
[ 7065.462s] step         step=79100 epoch=11 lr=0.0002 g_loss=4.06413 d_loss=0.19196 cycle_loss=0.16218 identity_loss=0.17464 grad_norm=18.02729
[ 7071.028s] step         step=79150 epoch=11 lr=0.0002 g_loss=3.85477 d_loss=0.30114 cycle_loss=0.21912 identity_loss=0.18442 grad_norm=24.46327
[ 7076.499s] step         step=79200 epoch=11 lr=0.0002 g_loss=4.54554 d_loss=0.28764 cycle_loss=0.24829 identity_loss=0.26226 grad_norm=23.66037
[ 7081.786s] step         step=79250 epoch=11 lr=0.0002 g_loss=4.20344 d_loss=0.27582 cycle_loss=0.21706 identity_loss=0.18467 grad_norm=18.73244
[ 7087.055s] step         step=79300 epoch=11 lr=0.0002 g_loss=4.2678 d_loss=0.25325 cycle_loss=0.19336 identity_loss=0.21848 grad_norm=21.6954
[ 7092.276s] step         step=79350 epoch=11 lr=0.0002 g_loss=4.26062 d_loss=0.522 cycle_loss=0.20342 identity_loss=0.19316 grad_norm=27.2047
[ 7097.536s] step         step=79400 epoch=11 lr=0.0002 g_loss=3.69318 d_loss=0.26665 cycle_loss=0.2174 identity_loss=0.19746 grad_norm=20.93268
[ 7102.770s] step         step=79450 epoch=11 lr=0.0002 g_loss=3.28689 d_loss=0.16893 cycle_loss=0.15433 identity_loss=0.1632 grad_norm=12.93015
[ 7108.012s] step         step=79500 epoch=11 lr=0.0002 g_loss=4.05474 d_loss=0.28379 cycle_loss=0.19592 identity_loss=0.18614 grad_norm=25.28533
[ 7113.220s] step         step=79550 epoch=11 lr=0.0002 g_loss=3.07511 d_loss=0.26416 cycle_loss=0.16479 identity_loss=0.13445 grad_norm=16.18865
[ 7118.414s] step         step=79600 epoch=11 lr=0.0002 g_loss=5.52557 d_loss=0.17578 cycle_loss=0.33741 identity_loss=0.22924 grad_norm=32.38612
[ 7123.667s] step         step=79650 epoch=11 lr=0.0002 g_loss=4.14902 d_loss=0.42591 cycle_loss=0.2328 identity_loss=0.20471 grad_norm=20.23221
[ 7129.112s] step         step=79700 epoch=11 lr=0.0002 g_loss=3.23126 d_loss=0.29637 cycle_loss=0.20014 identity_loss=0.12277 grad_norm=27.90162
[ 7134.522s] step         step=79750 epoch=11 lr=0.0002 g_loss=4.84708 d_loss=0.33244 cycle_loss=0.27443 identity_loss=0.22759 grad_norm=26.29805
[ 7139.731s] step         step=79800 epoch=11 lr=0.0002 g_loss=4.58431 d_loss=0.42892 cycle_loss=0.26637 identity_loss=0.23436 grad_norm=27.62485
[ 7144.976s] step         step=79850 epoch=11 lr=0.0002 g_loss=4.0239 d_loss=0.4957 cycle_loss=0.22693 identity_loss=0.205 grad_norm=19.01678
[ 7150.652s] step         step=79900 epoch=11 lr=0.0002 g_loss=4.75944 d_loss=0.14266 cycle_loss=0.23086 identity_loss=0.22233 grad_norm=18.2476
[ 7155.900s] step         step=79950 epoch=11 lr=0.0002 g_loss=3.54277 d_loss=0.14557 cycle_loss=0.14767 identity_loss=0.1893 grad_norm=18.60859
[ 7161.143s] step         step=80000 epoch=11 lr=0.0002 g_loss=3.13816 d_loss=0.23841 cycle_loss=0.14547 identity_loss=0.11891 grad_norm=18.11688
[ 7166.412s] step         step=80050 epoch=11 lr=0.0002 g_loss=6.30961 d_loss=0.37841 cycle_loss=0.45991 identity_loss=0.25466 grad_norm=46.61425
[ 7171.639s] step         step=80100 epoch=11 lr=0.0002 g_loss=3.70848 d_loss=0.06656 cycle_loss=0.15616 identity_loss=0.16548 grad_norm=15.25951
[ 7176.976s] step         step=80150 epoch=11 lr=0.0002 g_loss=3.03291 d_loss=0.3706 cycle_loss=0.15335 identity_loss=0.15837 grad_norm=17.10757
[ 7182.368s] step         step=80200 epoch=11 lr=0.0002 g_loss=4.00433 d_loss=0.24484 cycle_loss=0.20435 identity_loss=0.24555 grad_norm=24.58761
[ 7187.750s] step         step=80250 epoch=11 lr=0.0002 g_loss=4.24296 d_loss=0.19165 cycle_loss=0.20456 identity_loss=0.17794 grad_norm=17.081
[ 7193.010s] step         step=80300 epoch=11 lr=0.0002 g_loss=3.61997 d_loss=0.34853 cycle_loss=0.18432 identity_loss=0.16899 grad_norm=16.83215
[ 7198.252s] step         step=80350 epoch=11 lr=0.0002 g_loss=4.08377 d_loss=0.38132 cycle_loss=0.22644 identity_loss=0.22413 grad_norm=25.54823
[ 7203.455s] step         step=80400 epoch=11 lr=0.0002 g_loss=3.05243 d_loss=0.30567 cycle_loss=0.1516 identity_loss=0.144 grad_norm=14.07736
[ 7208.724s] step         step=80450 epoch=11 lr=0.0002 g_loss=3.94453 d_loss=0.23797 cycle_loss=0.23003 identity_loss=0.19572 grad_norm=16.76396
[ 7213.949s] step         step=80500 epoch=11 lr=0.0002 g_loss=3.63719 d_loss=0.73539 cycle_loss=0.20507 identity_loss=0.16196 grad_norm=11.16623
[ 7219.213s] step         step=80550 epoch=11 lr=0.0002 g_loss=4.06328 d_loss=0.22236 cycle_loss=0.18448 identity_loss=0.19682 grad_norm=29.82232
[ 7224.439s] step         step=80600 epoch=11 lr=0.0002 g_loss=4.08462 d_loss=0.57457 cycle_loss=0.2355 identity_loss=0.19931 grad_norm=20.48059
[ 7229.684s] step         step=80650 epoch=11 lr=0.0002 g_loss=4.96437 d_loss=0.2229 cycle_loss=0.26274 identity_loss=0.23287 grad_norm=17.55985
[ 7234.955s] step         step=80700 epoch=11 lr=0.0002 g_loss=4.27488 d_loss=0.1356 cycle_loss=0.20234 identity_loss=0.24722 grad_norm=27.10982
[ 7240.190s] step         step=80750 epoch=11 lr=0.0002 g_loss=3.47023 d_loss=0.16219 cycle_loss=0.17478 identity_loss=0.13827 grad_norm=21.39507
[ 7245.454s] step         step=80800 epoch=11 lr=0.0002 g_loss=3.94058 d_loss=0.19454 cycle_loss=0.19368 identity_loss=0.18222 grad_norm=9.33759
[ 7250.728s] step         step=80850 epoch=11 lr=0.0002 g_loss=4.07725 d_loss=0.51385 cycle_loss=0.21928 identity_loss=0.17484 grad_norm=20.91707
[ 7255.966s] step         step=80900 epoch=11 lr=0.0002 g_loss=3.37929 d_loss=0.46352 cycle_loss=0.16637 identity_loss=0.15142 grad_norm=22.98273
[ 7261.244s] step         step=80950 epoch=11 lr=0.0002 g_loss=3.35517 d_loss=0.40709 cycle_loss=0.17955 identity_loss=0.1602 grad_norm=11.591
[ 7266.543s] step         step=81000 epoch=11 lr=0.0002 g_loss=4.11608 d_loss=0.32779 cycle_loss=0.24426 identity_loss=0.17053 grad_norm=24.61447
[ 7271.828s] step         step=81050 epoch=11 lr=0.0002 g_loss=5.0581 d_loss=0.15264 cycle_loss=0.27239 identity_loss=0.34676 grad_norm=50.30009
[ 7277.082s] step         step=81100 epoch=11 lr=0.0002 g_loss=4.49583 d_loss=0.19233 cycle_loss=0.26567 identity_loss=0.18068 grad_norm=34.22792
[ 7282.335s] step         step=81150 epoch=11 lr=0.0002 g_loss=4.9442 d_loss=0.31464 cycle_loss=0.22886 identity_loss=0.32986 grad_norm=25.34295
[ 7287.570s] step         step=81200 epoch=11 lr=0.0002 g_loss=3.76423 d_loss=0.31186 cycle_loss=0.20089 identity_loss=0.2028 grad_norm=26.94386
[ 7292.865s] step         step=81250 epoch=11 lr=0.0002 g_loss=3.71697 d_loss=0.35377 cycle_loss=0.23972 identity_loss=0.14766 grad_norm=25.39983
[ 7298.100s] step         step=81300 epoch=11 lr=0.0002 g_loss=3.99065 d_loss=0.12774 cycle_loss=0.15001 identity_loss=0.15429 grad_norm=12.59334
[ 7303.394s] step         step=81350 epoch=11 lr=0.0002 g_loss=4.18312 d_loss=0.23626 cycle_loss=0.22149 identity_loss=0.24948 grad_norm=17.76133
[ 7308.683s] step         step=81400 epoch=11 lr=0.0002 g_loss=3.43749 d_loss=0.36487 cycle_loss=0.16496 identity_loss=0.15447 grad_norm=23.3284
[ 7313.956s] step         step=81450 epoch=11 lr=0.0002 g_loss=3.41163 d_loss=0.16438 cycle_loss=0.14896 identity_loss=0.1273 grad_norm=29.59513
[ 7319.199s] step         step=81500 epoch=11 lr=0.0002 g_loss=3.68832 d_loss=0.30352 cycle_loss=0.17563 identity_loss=0.20315 grad_norm=14.77964
[ 7324.442s] step         step=81550 epoch=11 lr=0.0002 g_loss=3.69799 d_loss=0.30898 cycle_loss=0.1964 identity_loss=0.18505 grad_norm=19.48489
[ 7329.683s] step         step=81600 epoch=11 lr=0.0002 g_loss=4.20792 d_loss=0.53377 cycle_loss=0.2356 identity_loss=0.25873 grad_norm=32.83959
[ 7334.945s] step         step=81650 epoch=11 lr=0.0002 g_loss=3.30425 d_loss=0.36043 cycle_loss=0.14652 identity_loss=0.12321 grad_norm=13.76665
[ 7340.162s] step         step=81700 epoch=11 lr=0.0002 g_loss=3.60918 d_loss=0.3139 cycle_loss=0.20416 identity_loss=0.16496 grad_norm=20.89767
[ 7345.343s] step         step=81750 epoch=11 lr=0.0002 g_loss=5.09237 d_loss=0.30895 cycle_loss=0.24458 identity_loss=0.21333 grad_norm=21.83052
[ 7350.561s] step         step=81800 epoch=11 lr=0.0002 g_loss=3.79889 d_loss=0.34138 cycle_loss=0.20042 identity_loss=0.18964 grad_norm=21.17907
[ 7355.765s] step         step=81850 epoch=11 lr=0.0002 g_loss=3.19045 d_loss=0.18117 cycle_loss=0.15642 identity_loss=0.1276 grad_norm=15.85951
[ 7361.182s] step         step=81900 epoch=11 lr=0.0002 g_loss=3.8364 d_loss=0.26321 cycle_loss=0.16475 identity_loss=0.19697 grad_norm=20.63981
[ 7366.421s] step         step=81950 epoch=11 lr=0.0002 g_loss=2.73289 d_loss=0.22831 cycle_loss=0.14852 identity_loss=0.13531 grad_norm=14.6323
[ 7371.816s] step         step=82000 epoch=11 lr=0.0002 g_loss=3.2859 d_loss=0.24463 cycle_loss=0.17647 identity_loss=0.14525 grad_norm=14.94887
[ 7377.062s] step         step=82050 epoch=11 lr=0.0002 g_loss=5.05461 d_loss=0.3566 cycle_loss=0.22923 identity_loss=0.20073 grad_norm=19.56564
[ 7382.364s] step         step=82100 epoch=11 lr=0.0002 g_loss=4.22037 d_loss=0.23731 cycle_loss=0.21729 identity_loss=0.17458 grad_norm=20.93884
[ 7387.570s] step         step=82150 epoch=11 lr=0.0002 g_loss=2.72971 d_loss=0.30246 cycle_loss=0.14907 identity_loss=0.13063 grad_norm=15.38665
[ 7392.851s] step         step=82200 epoch=11 lr=0.0002 g_loss=3.24193 d_loss=0.3981 cycle_loss=0.20823 identity_loss=0.12048 grad_norm=18.7462
[ 7398.117s] step         step=82250 epoch=11 lr=0.0002 g_loss=4.33201 d_loss=0.17948 cycle_loss=0.1981 identity_loss=0.18032 grad_norm=18.12085
[ 7403.336s] step         step=82300 epoch=11 lr=0.0002 g_loss=3.91704 d_loss=0.31619 cycle_loss=0.19055 identity_loss=0.16883 grad_norm=15.10175
[ 7408.581s] step         step=82350 epoch=11 lr=0.0002 g_loss=4.141 d_loss=0.33891 cycle_loss=0.19252 identity_loss=0.30382 grad_norm=23.66148
[ 7413.792s] step         step=82400 epoch=11 lr=0.0002 g_loss=4.17236 d_loss=0.21658 cycle_loss=0.18593 identity_loss=0.18485 grad_norm=17.65549
[ 7419.050s] step         step=82450 epoch=11 lr=0.0002 g_loss=3.73212 d_loss=0.25626 cycle_loss=0.18214 identity_loss=0.15363 grad_norm=13.60795
[ 7424.525s] step         step=82500 epoch=11 lr=0.0002 g_loss=3.72899 d_loss=0.46959 cycle_loss=0.16322 identity_loss=0.18005 grad_norm=17.80531
[ 7430.284s] step         step=82550 epoch=11 lr=0.0002 g_loss=3.32001 d_loss=0.3906 cycle_loss=0.17537 identity_loss=0.16475 grad_norm=12.67468
[ 7435.627s] step         step=82600 epoch=11 lr=0.0002 g_loss=4.28725 d_loss=0.29264 cycle_loss=0.24007 identity_loss=0.24232 grad_norm=16.39486
[ 7440.865s] step         step=82650 epoch=11 lr=0.0002 g_loss=5.2548 d_loss=0.30235 cycle_loss=0.2595 identity_loss=0.20973 grad_norm=22.07469
[ 7446.106s] step         step=82700 epoch=11 lr=0.0002 g_loss=3.82062 d_loss=0.29063 cycle_loss=0.17141 identity_loss=0.16026 grad_norm=23.79281
[ 7451.378s] step         step=82750 epoch=11 lr=0.0002 g_loss=3.72844 d_loss=0.35574 cycle_loss=0.15895 identity_loss=0.17348 grad_norm=19.42269
[ 7457.070s] step         step=82800 epoch=11 lr=0.0002 g_loss=4.26271 d_loss=0.33989 cycle_loss=0.22519 identity_loss=0.16237 grad_norm=49.38309
[ 7463.591s] step         step=82850 epoch=11 lr=0.0002 g_loss=2.95849 d_loss=0.24828 cycle_loss=0.1685 identity_loss=0.13545 grad_norm=17.73751
[ 7468.828s] step         step=82900 epoch=11 lr=0.0002 g_loss=4.48034 d_loss=0.11552 cycle_loss=0.22291 identity_loss=0.15023 grad_norm=20.45472
[ 7474.011s] step         step=82950 epoch=11 lr=0.0002 g_loss=3.19011 d_loss=0.37086 cycle_loss=0.15336 identity_loss=0.17046 grad_norm=16.98347
[ 7479.220s] step         step=83000 epoch=11 lr=0.0002 g_loss=3.6827 d_loss=0.50142 cycle_loss=0.18839 identity_loss=0.19523 grad_norm=19.22115
[ 7484.975s] step         step=83050 epoch=11 lr=0.0002 g_loss=4.93753 d_loss=0.21083 cycle_loss=0.23759 identity_loss=0.19669 grad_norm=38.27379
[ 7490.330s] step         step=83100 epoch=11 lr=0.0002 g_loss=4.58954 d_loss=0.24443 cycle_loss=0.20107 identity_loss=0.19967 grad_norm=19.61557
[ 7495.627s] step         step=83150 epoch=11 lr=0.0002 g_loss=4.13714 d_loss=0.35061 cycle_loss=0.20346 identity_loss=0.16188 grad_norm=12.47196
[ 7500.873s] step         step=83200 epoch=11 lr=0.0002 g_loss=3.87623 d_loss=0.25694 cycle_loss=0.23258 identity_loss=0.18833 grad_norm=24.93383
[ 7506.138s] step         step=83250 epoch=11 lr=0.0002 g_loss=5.43497 d_loss=0.12548 cycle_loss=0.26239 identity_loss=0.22788 grad_norm=28.81235
[ 7511.388s] step         step=83300 epoch=11 lr=0.0002 g_loss=4.01056 d_loss=0.13985 cycle_loss=0.1912 identity_loss=0.14992 grad_norm=22.71584
[ 7516.661s] step         step=83350 epoch=11 lr=0.0002 g_loss=4.70907 d_loss=0.19972 cycle_loss=0.23131 identity_loss=0.23494 grad_norm=24.02693
[ 7521.933s] step         step=83400 epoch=11 lr=0.0002 g_loss=4.16038 d_loss=0.25089 cycle_loss=0.22084 identity_loss=0.15883 grad_norm=26.87619
[ 7527.220s] step         step=83450 epoch=11 lr=0.0002 g_loss=2.67695 d_loss=0.43912 cycle_loss=0.14841 identity_loss=0.14147 grad_norm=14.62972
[ 7532.464s] step         step=83500 epoch=11 lr=0.0002 g_loss=4.33711 d_loss=0.28471 cycle_loss=0.22215 identity_loss=0.19752 grad_norm=18.344
[ 7537.778s] step         step=83550 epoch=11 lr=0.0002 g_loss=4.49417 d_loss=0.54226 cycle_loss=0.25657 identity_loss=0.2279 grad_norm=21.74275
[ 7543.026s] step         step=83600 epoch=11 lr=0.0002 g_loss=4.73971 d_loss=0.27248 cycle_loss=0.28556 identity_loss=0.19521 grad_norm=30.30675
[ 7548.224s] step         step=83650 epoch=11 lr=0.0002 g_loss=3.38347 d_loss=0.1923 cycle_loss=0.16081 identity_loss=0.17509 grad_norm=18.13586
[ 7553.681s] step         step=83700 epoch=11 lr=0.0002 g_loss=4.22683 d_loss=0.44775 cycle_loss=0.18056 identity_loss=0.17415 grad_norm=18.45274
[ 7558.917s] step         step=83750 epoch=11 lr=0.0002 g_loss=3.6361 d_loss=0.27096 cycle_loss=0.19533 identity_loss=0.15235 grad_norm=12.21214
[ 7564.177s] step         step=83800 epoch=11 lr=0.0002 g_loss=3.86193 d_loss=0.57091 cycle_loss=0.20771 identity_loss=0.23054 grad_norm=16.63042
[ 7569.431s] step         step=83850 epoch=11 lr=0.0002 g_loss=3.42859 d_loss=0.35525 cycle_loss=0.18944 identity_loss=0.16774 grad_norm=19.18285
[ 7574.659s] step         step=83900 epoch=11 lr=0.0002 g_loss=3.36867 d_loss=0.89899 cycle_loss=0.20092 identity_loss=0.1785 grad_norm=21.12291
[ 7579.894s] step         step=83950 epoch=11 lr=0.0002 g_loss=3.40068 d_loss=0.12676 cycle_loss=0.17591 identity_loss=0.14034 grad_norm=25.41625
[ 7585.135s] step         step=84000 epoch=11 lr=0.0002 g_loss=3.12295 d_loss=0.12363 cycle_loss=0.13425 identity_loss=0.14195 grad_norm=10.61577
[ 7590.442s] step         step=84050 epoch=11 lr=0.0002 g_loss=4.68774 d_loss=0.20872 cycle_loss=0.28616 identity_loss=0.18054 grad_norm=28.12428
[ 7595.815s] step         step=84100 epoch=11 lr=0.0002 g_loss=3.76758 d_loss=0.32559 cycle_loss=0.23382 identity_loss=0.13127 grad_norm=24.33461
[ 7601.058s] step         step=84150 epoch=11 lr=0.0002 g_loss=4.34996 d_loss=0.24332 cycle_loss=0.22073 identity_loss=0.19033 grad_norm=24.30494
[ 7606.284s] step         step=84200 epoch=11 lr=0.0002 g_loss=4.11515 d_loss=0.58021 cycle_loss=0.21975 identity_loss=0.26471 grad_norm=21.60032
[ 7611.526s] step         step=84250 epoch=11 lr=0.0002 g_loss=3.32912 d_loss=0.28696 cycle_loss=0.1764 identity_loss=0.18383 grad_norm=17.36732
[ 7616.768s] step         step=84300 epoch=11 lr=0.0002 g_loss=4.49393 d_loss=0.37431 cycle_loss=0.20935 identity_loss=0.21228 grad_norm=22.73292
[ 7622.063s] step         step=84350 epoch=11 lr=0.0002 g_loss=2.89495 d_loss=0.30431 cycle_loss=0.1335 identity_loss=0.10409 grad_norm=17.10454
[ 7627.449s] step         step=84400 epoch=11 lr=0.0002 g_loss=3.57032 d_loss=0.37255 cycle_loss=0.18256 identity_loss=0.14058 grad_norm=15.67114
[ 7632.858s] step         step=84450 epoch=11 lr=0.0002 g_loss=4.03147 d_loss=0.0798 cycle_loss=0.20138 identity_loss=0.12346 grad_norm=16.66533
[ 7633.481s] epoch        epoch=11 step=84456 seconds=7619.5
[ 7633.784s] checkpoint   epoch=12 step=84456
[ 7638.874s] step         step=84500 epoch=12 lr=0.0002 g_loss=3.91593 d_loss=0.38069 cycle_loss=0.1983 identity_loss=0.17786 grad_norm=13.32407
[ 7644.239s] step         step=84550 epoch=12 lr=0.0002 g_loss=3.72749 d_loss=0.60797 cycle_loss=0.22684 identity_loss=0.20972 grad_norm=17.91247
[ 7649.472s] step         step=84600 epoch=12 lr=0.0002 g_loss=3.20786 d_loss=0.29345 cycle_loss=0.1706 identity_loss=0.13195 grad_norm=12.38653
[ 7654.710s] step         step=84650 epoch=12 lr=0.0002 g_loss=3.02909 d_loss=0.27282 cycle_loss=0.14795 identity_loss=0.13402 grad_norm=13.95167
[ 7659.946s] step         step=84700 epoch=12 lr=0.0002 g_loss=4.93228 d_loss=0.66926 cycle_loss=0.24967 identity_loss=0.1902 grad_norm=30.05517
[ 7665.204s] step         step=84750 epoch=12 lr=0.0002 g_loss=3.72595 d_loss=0.27796 cycle_loss=0.18404 identity_loss=0.19076 grad_norm=18.4579
[ 7670.410s] step         step=84800 epoch=12 lr=0.0002 g_loss=3.13432 d_loss=0.11246 cycle_loss=0.12017 identity_loss=0.10652 grad_norm=16.30094
[ 7675.728s] step         step=84850 epoch=12 lr=0.0002 g_loss=4.01998 d_loss=0.2471 cycle_loss=0.15819 identity_loss=0.17318 grad_norm=15.53393
[ 7680.945s] step         step=84900 epoch=12 lr=0.0002 g_loss=4.29113 d_loss=0.28342 cycle_loss=0.20998 identity_loss=0.16756 grad_norm=15.24226
[ 7686.185s] step         step=84950 epoch=12 lr=0.0002 g_loss=3.58641 d_loss=0.22456 cycle_loss=0.1908 identity_loss=0.16956 grad_norm=23.42926
[ 7691.419s] step         step=85000 epoch=12 lr=0.0002 g_loss=4.18107 d_loss=0.1806 cycle_loss=0.24591 identity_loss=0.18884 grad_norm=25.10414
[ 7696.900s] step         step=85050 epoch=12 lr=0.0002 g_loss=3.67453 d_loss=0.38596 cycle_loss=0.18776 identity_loss=0.15079 grad_norm=16.2889
[ 7702.102s] step         step=85100 epoch=12 lr=0.0002 g_loss=3.38715 d_loss=0.21798 cycle_loss=0.16914 identity_loss=0.16023 grad_norm=19.60557
[ 7707.334s] step         step=85150 epoch=12 lr=0.0002 g_loss=3.32609 d_loss=0.30839 cycle_loss=0.14275 identity_loss=0.13794 grad_norm=20.42691
[ 7712.800s] step         step=85200 epoch=12 lr=0.0002 g_loss=3.88892 d_loss=0.1045 cycle_loss=0.16877 identity_loss=0.2086 grad_norm=25.2313
[ 7718.070s] step         step=85250 epoch=12 lr=0.0002 g_loss=3.63423 d_loss=0.37285 cycle_loss=0.2105 identity_loss=0.17721 grad_norm=19.20952
[ 7723.267s] step         step=85300 epoch=12 lr=0.0002 g_loss=4.23856 d_loss=0.46463 cycle_loss=0.21621 identity_loss=0.16895 grad_norm=23.62564
[ 7728.499s] step         step=85350 epoch=12 lr=0.0002 g_loss=4.30914 d_loss=0.3613 cycle_loss=0.22122 identity_loss=0.19623 grad_norm=27.80252
[ 7733.850s] step         step=85400 epoch=12 lr=0.0002 g_loss=3.9026 d_loss=0.31409 cycle_loss=0.17092 identity_loss=0.1481 grad_norm=18.85748
[ 7739.110s] step         step=85450 epoch=12 lr=0.0002 g_loss=5.4361 d_loss=0.33067 cycle_loss=0.32082 identity_loss=0.22812 grad_norm=29.47264
[ 7744.352s] step         step=85500 epoch=12 lr=0.0002 g_loss=4.08808 d_loss=0.38284 cycle_loss=0.20011 identity_loss=0.22444 grad_norm=17.25498
[ 7749.650s] step         step=85550 epoch=12 lr=0.0002 g_loss=3.76278 d_loss=0.24233 cycle_loss=0.20574 identity_loss=0.14963 grad_norm=16.95406
[ 7755.152s] step         step=85600 epoch=12 lr=0.0002 g_loss=4.48301 d_loss=0.25153 cycle_loss=0.23253 identity_loss=0.20591 grad_norm=28.18522
[ 7760.601s] step         step=85650 epoch=12 lr=0.0002 g_loss=5.42209 d_loss=0.26524 cycle_loss=0.30964 identity_loss=0.28137 grad_norm=22.36567
[ 7765.859s] step         step=85700 epoch=12 lr=0.0002 g_loss=3.36328 d_loss=0.57677 cycle_loss=0.2039 identity_loss=0.16312 grad_norm=20.42141
[ 7771.120s] step         step=85750 epoch=12 lr=0.0002 g_loss=3.82145 d_loss=0.14292 cycle_loss=0.20891 identity_loss=0.16942 grad_norm=20.38664
[ 7776.362s] step         step=85800 epoch=12 lr=0.0002 g_loss=4.01394 d_loss=0.21878 cycle_loss=0.19904 identity_loss=0.17794 grad_norm=15.14095
[ 7781.576s] step         step=85850 epoch=12 lr=0.0002 g_loss=5.749 d_loss=0.18987 cycle_loss=0.28454 identity_loss=0.28422 grad_norm=42.75908
[ 7786.770s] step         step=85900 epoch=12 lr=0.0002 g_loss=4.29526 d_loss=0.28923 cycle_loss=0.23396 identity_loss=0.19404 grad_norm=29.04428
[ 7792.049s] step         step=85950 epoch=12 lr=0.0002 g_loss=3.7621 d_loss=0.38687 cycle_loss=0.19627 identity_loss=0.17744 grad_norm=17.87197
[ 7797.386s] step         step=86000 epoch=12 lr=0.0002 g_loss=4.28328 d_loss=0.19537 cycle_loss=0.19661 identity_loss=0.19568 grad_norm=24.66397
[ 7802.701s] step         step=86050 epoch=12 lr=0.0002 g_loss=4.19859 d_loss=0.44092 cycle_loss=0.23196 identity_loss=0.16959 grad_norm=20.21927
[ 7807.951s] step         step=86100 epoch=12 lr=0.0002 g_loss=4.47314 d_loss=0.42683 cycle_loss=0.28968 identity_loss=0.23542 grad_norm=51.03185
[ 7813.144s] step         step=86150 epoch=12 lr=0.0002 g_loss=3.67408 d_loss=0.13481 cycle_loss=0.1732 identity_loss=0.18267 grad_norm=24.76419
[ 7818.354s] step         step=86200 epoch=12 lr=0.0002 g_loss=3.60973 d_loss=0.29368 cycle_loss=0.1685 identity_loss=0.1676 grad_norm=19.81175
[ 7823.566s] step         step=86250 epoch=12 lr=0.0002 g_loss=3.31872 d_loss=0.28304 cycle_loss=0.14762 identity_loss=0.10136 grad_norm=18.94357
[ 7828.784s] step         step=86300 epoch=12 lr=0.0002 g_loss=3.8803 d_loss=0.14817 cycle_loss=0.1963 identity_loss=0.16364 grad_norm=19.78523
[ 7834.014s] step         step=86350 epoch=12 lr=0.0002 g_loss=4.69504 d_loss=0.18976 cycle_loss=0.25269 identity_loss=0.16207 grad_norm=32.33876
[ 7839.220s] step         step=86400 epoch=12 lr=0.0002 g_loss=3.26733 d_loss=0.50798 cycle_loss=0.16066 identity_loss=0.16888 grad_norm=16.97749
[ 7844.450s] step         step=86450 epoch=12 lr=0.0002 g_loss=4.11823 d_loss=0.2575 cycle_loss=0.23523 identity_loss=0.17964 grad_norm=19.72565
[ 7849.694s] step         step=86500 epoch=12 lr=0.0002 g_loss=4.06263 d_loss=0.33241 cycle_loss=0.20395 identity_loss=0.26748 grad_norm=16.90076
[ 7854.962s] step         step=86550 epoch=12 lr=0.0002 g_loss=4.81828 d_loss=0.26974 cycle_loss=0.27621 identity_loss=0.23618 grad_norm=27.64526
[ 7860.214s] step         step=86600 epoch=12 lr=0.0002 g_loss=3.39582 d_loss=0.2279 cycle_loss=0.20089 identity_loss=0.15868 grad_norm=19.04841
[ 7865.457s] step         step=86650 epoch=12 lr=0.0002 g_loss=3.12105 d_loss=0.20932 cycle_loss=0.16585 identity_loss=0.11578 grad_norm=16.73638
[ 7870.726s] step         step=86700 epoch=12 lr=0.0002 g_loss=4.85838 d_loss=0.1319 cycle_loss=0.24433 identity_loss=0.21865 grad_norm=18.81449
[ 7875.981s] step         step=86750 epoch=12 lr=0.0002 g_loss=4.00535 d_loss=0.16373 cycle_loss=0.2153 identity_loss=0.14124 grad_norm=34.01324
[ 7881.262s] step         step=86800 epoch=12 lr=0.0002 g_loss=5.44176 d_loss=0.42283 cycle_loss=0.24134 identity_loss=0.19595 grad_norm=25.52188
[ 7886.492s] step         step=86850 epoch=12 lr=0.0002 g_loss=3.51372 d_loss=0.2689 cycle_loss=0.1993 identity_loss=0.15642 grad_norm=19.19532
[ 7891.935s] step         step=86900 epoch=12 lr=0.0002 g_loss=3.96684 d_loss=0.19546 cycle_loss=0.18729 identity_loss=0.1836 grad_norm=17.01372
[ 7897.194s] step         step=86950 epoch=12 lr=0.0002 g_loss=4.4468 d_loss=0.1823 cycle_loss=0.18905 identity_loss=0.14537 grad_norm=13.22691
[ 7902.438s] step         step=87000 epoch=12 lr=0.0002 g_loss=3.68483 d_loss=0.43732 cycle_loss=0.18634 identity_loss=0.15741 grad_norm=17.24311
[ 7907.722s] step         step=87050 epoch=12 lr=0.0002 g_loss=4.23162 d_loss=0.16514 cycle_loss=0.16817 identity_loss=0.14481 grad_norm=18.43902
[ 7913.173s] step         step=87100 epoch=12 lr=0.0002 g_loss=4.3732 d_loss=0.26173 cycle_loss=0.22273 identity_loss=0.15726 grad_norm=19.63208
[ 7918.393s] step         step=87150 epoch=12 lr=0.0002 g_loss=4.27604 d_loss=0.21411 cycle_loss=0.18581 identity_loss=0.20896 grad_norm=16.63951
[ 7923.608s] step         step=87200 epoch=12 lr=0.0002 g_loss=4.15401 d_loss=0.13323 cycle_loss=0.17792 identity_loss=0.1591 grad_norm=11.7894
[ 7928.869s] step         step=87250 epoch=12 lr=0.0002 g_loss=2.72775 d_loss=0.5763 cycle_loss=0.14902 identity_loss=0.14675 grad_norm=20.80255
[ 7934.856s] step         step=87300 epoch=12 lr=0.0002 g_loss=3.44391 d_loss=0.31182 cycle_loss=0.16619 identity_loss=0.18938 grad_norm=17.1584
[ 7940.093s] step         step=87350 epoch=12 lr=0.0002 g_loss=3.21346 d_loss=0.23085 cycle_loss=0.1689 identity_loss=0.14014 grad_norm=14.42301
[ 7945.359s] step         step=87400 epoch=12 lr=0.0002 g_loss=5.82366 d_loss=0.2246 cycle_loss=0.30081 identity_loss=0.27369 grad_norm=35.7264
[ 7950.622s] step         step=87450 epoch=12 lr=0.0002 g_loss=3.69395 d_loss=0.42892 cycle_loss=0.22258 identity_loss=0.20255 grad_norm=15.5992
[ 7955.879s] step         step=87500 epoch=12 lr=0.0002 g_loss=3.97931 d_loss=0.20254 cycle_loss=0.1947 identity_loss=0.17217 grad_norm=23.18698
[ 7961.097s] step         step=87550 epoch=12 lr=0.0002 g_loss=3.85668 d_loss=0.14707 cycle_loss=0.20435 identity_loss=0.16095 grad_norm=21.84336
[ 7966.331s] step         step=87600 epoch=12 lr=0.0002 g_loss=4.28309 d_loss=0.22786 cycle_loss=0.21997 identity_loss=0.27699 grad_norm=33.99863
[ 7971.842s] step         step=87650 epoch=12 lr=0.0002 g_loss=3.45425 d_loss=0.17208 cycle_loss=0.1798 identity_loss=0.12179 grad_norm=17.77689
[ 7977.148s] step         step=87700 epoch=12 lr=0.0002 g_loss=3.25801 d_loss=0.34705 cycle_loss=0.20849 identity_loss=0.17128 grad_norm=16.9984
[ 7982.437s] step         step=87750 epoch=12 lr=0.0002 g_loss=3.60488 d_loss=0.4644 cycle_loss=0.18722 identity_loss=0.17083 grad_norm=33.53813
[ 7987.666s] step         step=87800 epoch=12 lr=0.0002 g_loss=4.17658 d_loss=0.16412 cycle_loss=0.21109 identity_loss=0.1652 grad_norm=23.74765
[ 7992.888s] step         step=87850 epoch=12 lr=0.0002 g_loss=3.7494 d_loss=0.18852 cycle_loss=0.15156 identity_loss=0.20504 grad_norm=22.50101
[ 7998.145s] step         step=87900 epoch=12 lr=0.0002 g_loss=4.2495 d_loss=0.17556 cycle_loss=0.22168 identity_loss=0.14705 grad_norm=25.86831
[ 8003.364s] step         step=87950 epoch=12 lr=0.0002 g_loss=7.45038 d_loss=0.21086 cycle_loss=0.42269 identity_loss=0.47133 grad_norm=33.64901
[ 8008.613s] step         step=88000 epoch=12 lr=0.0002 g_loss=5.02557 d_loss=0.4121 cycle_loss=0.27437 identity_loss=0.22568 grad_norm=31.68968
[ 8013.845s] step         step=88050 epoch=12 lr=0.0002 g_loss=3.36249 d_loss=0.60355 cycle_loss=0.18578 identity_loss=0.16316 grad_norm=13.27156
[ 8019.134s] step         step=88100 epoch=12 lr=0.0002 g_loss=2.6814 d_loss=0.2978 cycle_loss=0.14983 identity_loss=0.14129 grad_norm=13.89813
[ 8024.400s] step         step=88150 epoch=12 lr=0.0002 g_loss=3.60318 d_loss=0.53341 cycle_loss=0.19797 identity_loss=0.1816 grad_norm=17.74385
[ 8029.701s] step         step=88200 epoch=12 lr=0.0002 g_loss=3.1641 d_loss=0.70033 cycle_loss=0.18942 identity_loss=0.13851 grad_norm=26.42004
[ 8035.002s] step         step=88250 epoch=12 lr=0.0002 g_loss=4.64416 d_loss=0.15753 cycle_loss=0.21015 identity_loss=0.20944 grad_norm=17.55545
[ 8040.265s] step         step=88300 epoch=12 lr=0.0002 g_loss=4.80652 d_loss=0.17747 cycle_loss=0.17212 identity_loss=0.16275 grad_norm=23.80846
[ 8045.534s] step         step=88350 epoch=12 lr=0.0002 g_loss=3.82418 d_loss=0.21817 cycle_loss=0.1943 identity_loss=0.16366 grad_norm=18.70897
[ 8051.200s] step         step=88400 epoch=12 lr=0.0002 g_loss=3.77769 d_loss=0.13975 cycle_loss=0.18942 identity_loss=0.20088 grad_norm=11.83278
[ 8056.452s] step         step=88450 epoch=12 lr=0.0002 g_loss=7.44497 d_loss=0.22071 cycle_loss=0.40283 identity_loss=0.41232 grad_norm=32.83339
[ 8061.691s] step         step=88500 epoch=12 lr=0.0002 g_loss=3.83859 d_loss=0.43623 cycle_loss=0.19106 identity_loss=0.12928 grad_norm=26.77634
[ 8066.926s] step         step=88550 epoch=12 lr=0.0002 g_loss=3.64359 d_loss=0.33046 cycle_loss=0.18051 identity_loss=0.15373 grad_norm=20.13191
[ 8072.207s] step         step=88600 epoch=12 lr=0.0002 g_loss=3.0749 d_loss=0.34817 cycle_loss=0.16622 identity_loss=0.1719 grad_norm=17.9842
[ 8077.416s] step         step=88650 epoch=12 lr=0.0002 g_loss=4.65813 d_loss=0.42563 cycle_loss=0.25169 identity_loss=0.23941 grad_norm=19.58337
[ 8082.681s] step         step=88700 epoch=12 lr=0.0002 g_loss=3.04092 d_loss=0.29329 cycle_loss=0.17032 identity_loss=0.13096 grad_norm=19.1226
[ 8087.949s] step         step=88750 epoch=12 lr=0.0002 g_loss=4.96995 d_loss=0.29613 cycle_loss=0.25788 identity_loss=0.22233 grad_norm=32.03613
[ 8093.195s] step         step=88800 epoch=12 lr=0.0002 g_loss=3.25194 d_loss=0.20031 cycle_loss=0.16444 identity_loss=0.13589 grad_norm=10.37562
[ 8098.420s] step         step=88850 epoch=12 lr=0.0002 g_loss=4.05198 d_loss=0.32744 cycle_loss=0.21294 identity_loss=0.14414 grad_norm=23.07203
[ 8103.661s] step         step=88900 epoch=12 lr=0.0002 g_loss=3.6897 d_loss=0.20999 cycle_loss=0.1902 identity_loss=0.16459 grad_norm=17.89855
[ 8109.114s] step         step=88950 epoch=12 lr=0.0002 g_loss=2.82547 d_loss=0.52964 cycle_loss=0.14836 identity_loss=0.15758 grad_norm=16.79022
[ 8114.531s] step         step=89000 epoch=12 lr=0.0002 g_loss=3.85592 d_loss=0.36878 cycle_loss=0.2071 identity_loss=0.19596 grad_norm=18.61192
[ 8119.740s] step         step=89050 epoch=12 lr=0.0002 g_loss=3.67097 d_loss=0.38122 cycle_loss=0.18378 identity_loss=0.14372 grad_norm=15.57393
[ 8124.989s] step         step=89100 epoch=12 lr=0.0002 g_loss=3.83452 d_loss=0.25757 cycle_loss=0.23171 identity_loss=0.20198 grad_norm=38.62543
[ 8130.265s] step         step=89150 epoch=12 lr=0.0002 g_loss=4.07708 d_loss=0.23903 cycle_loss=0.22215 identity_loss=0.2133 grad_norm=23.27143
[ 8135.543s] step         step=89200 epoch=12 lr=0.0002 g_loss=4.34217 d_loss=0.35327 cycle_loss=0.214 identity_loss=0.19937 grad_norm=26.60685
[ 8140.786s] step         step=89250 epoch=12 lr=0.0002 g_loss=3.59647 d_loss=0.33775 cycle_loss=0.1911 identity_loss=0.13727 grad_norm=15.28537
[ 8146.039s] step         step=89300 epoch=12 lr=0.0002 g_loss=3.28954 d_loss=0.29071 cycle_loss=0.17226 identity_loss=0.11426 grad_norm=21.90163
[ 8151.274s] step         step=89350 epoch=12 lr=0.0002 g_loss=4.0354 d_loss=0.26788 cycle_loss=0.20358 identity_loss=0.24261 grad_norm=23.75901
[ 8156.554s] step         step=89400 epoch=12 lr=0.0002 g_loss=4.19669 d_loss=0.41053 cycle_loss=0.18794 identity_loss=0.16256 grad_norm=27.90013
[ 8161.799s] step         step=89450 epoch=12 lr=0.0002 g_loss=4.16853 d_loss=0.32173 cycle_loss=0.21307 identity_loss=0.18104 grad_norm=20.43828
[ 8167.313s] step         step=89500 epoch=12 lr=0.0002 g_loss=3.99391 d_loss=0.32076 cycle_loss=0.16835 identity_loss=0.17936 grad_norm=16.81589
[ 8172.578s] step         step=89550 epoch=12 lr=0.0002 g_loss=3.43026 d_loss=0.64675 cycle_loss=0.20764 identity_loss=0.18365 grad_norm=27.0917
[ 8177.862s] step         step=89600 epoch=12 lr=0.0002 g_loss=3.56108 d_loss=0.30914 cycle_loss=0.18256 identity_loss=0.14918 grad_norm=25.78204
[ 8183.138s] step         step=89650 epoch=12 lr=0.0002 g_loss=3.58227 d_loss=0.13247 cycle_loss=0.18457 identity_loss=0.19359 grad_norm=18.67893
[ 8188.365s] step         step=89700 epoch=12 lr=0.0002 g_loss=4.16194 d_loss=0.21069 cycle_loss=0.21868 identity_loss=0.20694 grad_norm=17.00786
[ 8193.587s] step         step=89750 epoch=12 lr=0.0002 g_loss=3.62896 d_loss=0.16942 cycle_loss=0.19588 identity_loss=0.16804 grad_norm=26.7325
[ 8198.812s] step         step=89800 epoch=12 lr=0.0002 g_loss=3.72638 d_loss=0.15614 cycle_loss=0.16607 identity_loss=0.1572 grad_norm=16.30305
[ 8204.100s] step         step=89850 epoch=12 lr=0.0002 g_loss=3.49819 d_loss=0.25313 cycle_loss=0.2099 identity_loss=0.155 grad_norm=20.68888
[ 8209.393s] step         step=89900 epoch=12 lr=0.0002 g_loss=4.14699 d_loss=0.34801 cycle_loss=0.2155 identity_loss=0.18867 grad_norm=21.275
[ 8214.646s] step         step=89950 epoch=12 lr=0.0002 g_loss=4.80997 d_loss=0.25245 cycle_loss=0.2272 identity_loss=0.26891 grad_norm=26.24451
[ 8219.861s] step         step=90000 epoch=12 lr=0.0002 g_loss=3.31076 d_loss=0.35011 cycle_loss=0.16295 identity_loss=0.17908 grad_norm=13.51377
[ 8225.079s] step         step=90050 epoch=12 lr=0.0002 g_loss=6.35489 d_loss=0.25905 cycle_loss=0.40167 identity_loss=0.30812 grad_norm=33.99489
[ 8230.308s] step         step=90100 epoch=12 lr=0.0002 g_loss=3.85234 d_loss=0.389 cycle_loss=0.16604 identity_loss=0.12351 grad_norm=19.02024
[ 8235.501s] step         step=90150 epoch=12 lr=0.0002 g_loss=4.72384 d_loss=0.15536 cycle_loss=0.26543 identity_loss=0.19749 grad_norm=27.62917
[ 8240.702s] step         step=90200 epoch=12 lr=0.0002 g_loss=3.27474 d_loss=0.22284 cycle_loss=0.15191 identity_loss=0.15819 grad_norm=21.28049
[ 8245.913s] step         step=90250 epoch=12 lr=0.0002 g_loss=2.8775 d_loss=0.18341 cycle_loss=0.13266 identity_loss=0.11394 grad_norm=8.95358
[ 8251.162s] step         step=90300 epoch=12 lr=0.0002 g_loss=4.28728 d_loss=0.44676 cycle_loss=0.24358 identity_loss=0.20498 grad_norm=21.10281
[ 8256.427s] step         step=90350 epoch=12 lr=0.0002 g_loss=3.71319 d_loss=0.20429 cycle_loss=0.18563 identity_loss=0.16857 grad_norm=16.31023
[ 8261.596s] step         step=90400 epoch=12 lr=0.0002 g_loss=4.14099 d_loss=0.30241 cycle_loss=0.21446 identity_loss=0.18606 grad_norm=25.60912
[ 8266.769s] step         step=90450 epoch=12 lr=0.0002 g_loss=3.93148 d_loss=0.17899 cycle_loss=0.21848 identity_loss=0.15165 grad_norm=20.64371
[ 8272.392s] step         step=90500 epoch=12 lr=0.0002 g_loss=3.45943 d_loss=0.32429 cycle_loss=0.17594 identity_loss=0.14761 grad_norm=15.41924
[ 8277.612s] step         step=90550 epoch=12 lr=0.0002 g_loss=5.45087 d_loss=0.34032 cycle_loss=0.29636 identity_loss=0.21721 grad_norm=31.76397
[ 8282.825s] step         step=90600 epoch=12 lr=0.0002 g_loss=4.02089 d_loss=0.09946 cycle_loss=0.19882 identity_loss=0.17126 grad_norm=19.07677
[ 8288.024s] step         step=90650 epoch=12 lr=0.0002 g_loss=3.7901 d_loss=0.19239 cycle_loss=0.22125 identity_loss=0.15541 grad_norm=21.51796
[ 8293.257s] step         step=90700 epoch=12 lr=0.0002 g_loss=3.62117 d_loss=0.29815 cycle_loss=0.1876 identity_loss=0.18466 grad_norm=19.69882
[ 8298.463s] step         step=90750 epoch=12 lr=0.0002 g_loss=3.1223 d_loss=0.53653 cycle_loss=0.19441 identity_loss=0.16017 grad_norm=18.05415
[ 8303.687s] step         step=90800 epoch=12 lr=0.0002 g_loss=4.74231 d_loss=0.31877 cycle_loss=0.23549 identity_loss=0.265 grad_norm=24.66925
[ 8308.947s] step         step=90850 epoch=12 lr=0.0002 g_loss=3.73354 d_loss=0.37297 cycle_loss=0.19295 identity_loss=0.16797 grad_norm=19.87595
[ 8314.206s] step         step=90900 epoch=12 lr=0.0002 g_loss=3.49754 d_loss=0.23351 cycle_loss=0.18626 identity_loss=0.15614 grad_norm=14.47473
[ 8319.437s] step         step=90950 epoch=12 lr=0.0002 g_loss=4.33531 d_loss=0.18337 cycle_loss=0.22739 identity_loss=0.22275 grad_norm=28.50775
[ 8324.979s] step         step=91000 epoch=12 lr=0.0002 g_loss=4.08808 d_loss=0.35588 cycle_loss=0.22469 identity_loss=0.22632 grad_norm=15.47653
[ 8330.675s] step         step=91050 epoch=12 lr=0.0002 g_loss=3.54663 d_loss=0.38931 cycle_loss=0.19466 identity_loss=0.14422 grad_norm=40.94894
[ 8335.897s] step         step=91100 epoch=12 lr=0.0002 g_loss=4.17416 d_loss=0.23463 cycle_loss=0.23639 identity_loss=0.19416 grad_norm=22.7705
[ 8341.164s] step         step=91150 epoch=12 lr=0.0002 g_loss=4.30804 d_loss=0.22599 cycle_loss=0.19656 identity_loss=0.2195 grad_norm=19.95389
[ 8346.427s] step         step=91200 epoch=12 lr=0.0002 g_loss=4.51467 d_loss=0.45665 cycle_loss=0.27572 identity_loss=0.19603 grad_norm=33.94901
[ 8351.665s] step         step=91250 epoch=12 lr=0.0002 g_loss=3.82408 d_loss=0.1494 cycle_loss=0.19934 identity_loss=0.15596 grad_norm=21.27026
[ 8356.880s] step         step=91300 epoch=12 lr=0.0002 g_loss=3.32411 d_loss=0.53804 cycle_loss=0.17187 identity_loss=0.1789 grad_norm=15.43307
[ 8362.112s] step         step=91350 epoch=12 lr=0.0002 g_loss=3.79173 d_loss=0.23177 cycle_loss=0.16605 identity_loss=0.15725 grad_norm=18.66397
[ 8367.351s] step         step=91400 epoch=12 lr=0.0002 g_loss=4.59965 d_loss=0.25835 cycle_loss=0.25484 identity_loss=0.26569 grad_norm=20.82151
[ 8372.583s] step         step=91450 epoch=12 lr=0.0002 g_loss=4.02818 d_loss=0.28717 cycle_loss=0.19562 identity_loss=0.17592 grad_norm=18.07121
[ 8377.201s] epoch        epoch=12 step=91494 seconds=8363.2
[ 8377.496s] checkpoint   epoch=13 step=91494
[ 8378.162s] step         step=91500 epoch=13 lr=0.0002 g_loss=6.57693 d_loss=0.36948 cycle_loss=0.41116 identity_loss=0.28505 grad_norm=30.1614
[ 8383.542s] step         step=91550 epoch=13 lr=0.0002 g_loss=4.01233 d_loss=0.47213 cycle_loss=0.24837 identity_loss=0.18864 grad_norm=31.21871
[ 8388.792s] step         step=91600 epoch=13 lr=0.0002 g_loss=6.29291 d_loss=0.27368 cycle_loss=0.3376 identity_loss=0.29887 grad_norm=36.16198
[ 8394.207s] step         step=91650 epoch=13 lr=0.0002 g_loss=3.20634 d_loss=0.13085 cycle_loss=0.1724 identity_loss=0.16775 grad_norm=11.4728
[ 8399.412s] step         step=91700 epoch=13 lr=0.0002 g_loss=3.5773 d_loss=0.19572 cycle_loss=0.142 identity_loss=0.13124 grad_norm=17.78643
[ 8404.656s] step         step=91750 epoch=13 lr=0.0002 g_loss=3.4268 d_loss=0.21869 cycle_loss=0.15624 identity_loss=0.11621 grad_norm=17.06785
[ 8409.887s] step         step=91800 epoch=13 lr=0.0002 g_loss=3.23772 d_loss=0.54567 cycle_loss=0.14499 identity_loss=0.21176 grad_norm=12.44858
[ 8415.123s] step         step=91850 epoch=13 lr=0.0002 g_loss=4.47865 d_loss=0.39994 cycle_loss=0.25042 identity_loss=0.2128 grad_norm=21.48556
[ 8420.456s] step         step=91900 epoch=13 lr=0.0002 g_loss=4.30522 d_loss=0.56402 cycle_loss=0.19279 identity_loss=0.2196 grad_norm=26.64396
[ 8425.801s] step         step=91950 epoch=13 lr=0.0002 g_loss=3.70664 d_loss=0.40109 cycle_loss=0.16519 identity_loss=0.21347 grad_norm=23.01326
[ 8431.277s] step         step=92000 epoch=13 lr=0.0002 g_loss=5.04973 d_loss=0.31073 cycle_loss=0.23518 identity_loss=0.25736 grad_norm=12.15186
[ 8436.741s] step         step=92050 epoch=13 lr=0.0002 g_loss=3.46175 d_loss=0.56914 cycle_loss=0.17627 identity_loss=0.18679 grad_norm=23.17234
[ 8442.028s] step         step=92100 epoch=13 lr=0.0002 g_loss=3.4466 d_loss=0.53252 cycle_loss=0.20038 identity_loss=0.17083 grad_norm=14.53228
[ 8447.269s] step         step=92150 epoch=13 lr=0.0002 g_loss=6.03802 d_loss=0.31109 cycle_loss=0.34051 identity_loss=0.27772 grad_norm=32.11391
[ 8452.544s] step         step=92200 epoch=13 lr=0.0002 g_loss=3.84327 d_loss=0.5639 cycle_loss=0.21162 identity_loss=0.24649 grad_norm=27.14039
[ 8457.814s] step         step=92250 epoch=13 lr=0.0002 g_loss=3.78079 d_loss=0.13536 cycle_loss=0.19007 identity_loss=0.12932 grad_norm=22.23892
[ 8463.030s] step         step=92300 epoch=13 lr=0.0002 g_loss=4.50698 d_loss=0.31544 cycle_loss=0.27495 identity_loss=0.24933 grad_norm=22.8895
[ 8468.232s] step         step=92350 epoch=13 lr=0.0002 g_loss=5.96735 d_loss=0.50805 cycle_loss=0.34512 identity_loss=0.42016 grad_norm=49.06825
[ 8473.493s] step         step=92400 epoch=13 lr=0.0002 g_loss=4.72311 d_loss=0.2417 cycle_loss=0.23968 identity_loss=0.22545 grad_norm=26.76474
[ 8478.731s] step         step=92450 epoch=13 lr=0.0002 g_loss=3.87277 d_loss=0.33734 cycle_loss=0.18303 identity_loss=0.13829 grad_norm=24.77395
[ 8484.004s] step         step=92500 epoch=13 lr=0.0002 g_loss=3.34737 d_loss=0.23547 cycle_loss=0.18225 identity_loss=0.14161 grad_norm=19.10045
[ 8489.273s] step         step=92550 epoch=13 lr=0.0002 g_loss=3.35062 d_loss=0.49975 cycle_loss=0.1656 identity_loss=0.17 grad_norm=17.56383
[ 8494.540s] step         step=92600 epoch=13 lr=0.0002 g_loss=3.86276 d_loss=0.13701 cycle_loss=0.19918 identity_loss=0.17155 grad_norm=23.45882
[ 8499.792s] step         step=92650 epoch=13 lr=0.0002 g_loss=3.51727 d_loss=0.25308 cycle_loss=0.16956 identity_loss=0.119 grad_norm=18.45156
[ 8505.018s] step         step=92700 epoch=13 lr=0.0002 g_loss=3.55248 d_loss=0.33166 cycle_loss=0.20061 identity_loss=0.21978 grad_norm=25.59256
[ 8510.273s] step         step=92750 epoch=13 lr=0.0002 g_loss=4.68225 d_loss=0.28074 cycle_loss=0.24992 identity_loss=0.23626 grad_norm=22.38315
[ 8515.514s] step         step=92800 epoch=13 lr=0.0002 g_loss=4.56791 d_loss=0.09906 cycle_loss=0.219 identity_loss=0.17923 grad_norm=22.88622
[ 8520.745s] step         step=92850 epoch=13 lr=0.0002 g_loss=3.29246 d_loss=0.19226 cycle_loss=0.155 identity_loss=0.18446 grad_norm=15.83539
[ 8526.020s] step         step=92900 epoch=13 lr=0.0002 g_loss=3.96517 d_loss=0.60561 cycle_loss=0.19088 identity_loss=0.15864 grad_norm=27.19497
[ 8531.213s] step         step=92950 epoch=13 lr=0.0002 g_loss=5.93098 d_loss=0.20348 cycle_loss=0.38033 identity_loss=0.31583 grad_norm=39.30027
[ 8536.438s] step         step=93000 epoch=13 lr=0.0002 g_loss=3.71002 d_loss=0.57953 cycle_loss=0.18607 identity_loss=0.1643 grad_norm=16.92178
[ 8541.673s] step         step=93050 epoch=13 lr=0.0002 g_loss=4.71953 d_loss=0.17626 cycle_loss=0.26732 identity_loss=0.24754 grad_norm=17.50307
[ 8546.874s] step         step=93100 epoch=13 lr=0.0002 g_loss=4.14269 d_loss=0.31461 cycle_loss=0.24091 identity_loss=0.18632 grad_norm=32.11367
[ 8552.109s] step         step=93150 epoch=13 lr=0.0002 g_loss=3.25335 d_loss=0.13227 cycle_loss=0.15376 identity_loss=0.128 grad_norm=21.33571
[ 8557.352s] step         step=93200 epoch=13 lr=0.0002 g_loss=3.42187 d_loss=0.36484 cycle_loss=0.17178 identity_loss=0.16394 grad_norm=13.00409
[ 8562.565s] step         step=93250 epoch=13 lr=0.0002 g_loss=3.75639 d_loss=0.17343 cycle_loss=0.19225 identity_loss=0.17121 grad_norm=13.94973
[ 8567.810s] step         step=93300 epoch=13 lr=0.0002 g_loss=4.02178 d_loss=0.34016 cycle_loss=0.2378 identity_loss=0.20144 grad_norm=22.23137
[ 8573.348s] step         step=93350 epoch=13 lr=0.0002 g_loss=3.29967 d_loss=0.33307 cycle_loss=0.16853 identity_loss=0.14712 grad_norm=13.82701
[ 8578.607s] step         step=93400 epoch=13 lr=0.0002 g_loss=3.62168 d_loss=0.32136 cycle_loss=0.14287 identity_loss=0.13115 grad_norm=19.67495
[ 8583.900s] step         step=93450 epoch=13 lr=0.0002 g_loss=3.84954 d_loss=0.19148 cycle_loss=0.15864 identity_loss=0.12966 grad_norm=20.20922
[ 8589.155s] step         step=93500 epoch=13 lr=0.0002 g_loss=5.77628 d_loss=0.36277 cycle_loss=0.33953 identity_loss=0.29831 grad_norm=27.25086
[ 8594.395s] step         step=93550 epoch=13 lr=0.0002 g_loss=3.3993 d_loss=0.2189 cycle_loss=0.17662 identity_loss=0.15401 grad_norm=15.36673
[ 8599.685s] step         step=93600 epoch=13 lr=0.0002 g_loss=3.48418 d_loss=0.37419 cycle_loss=0.16464 identity_loss=0.13511 grad_norm=17.70813
[ 8604.925s] step         step=93650 epoch=13 lr=0.0002 g_loss=3.45873 d_loss=0.38671 cycle_loss=0.20994 identity_loss=0.18045 grad_norm=20.90753
[ 8610.319s] step         step=93700 epoch=13 lr=0.0002 g_loss=3.59048 d_loss=0.26517 cycle_loss=0.18106 identity_loss=0.14487 grad_norm=15.92356
[ 8615.962s] step         step=93750 epoch=13 lr=0.0002 g_loss=2.81366 d_loss=0.41596 cycle_loss=0.15112 identity_loss=0.11721 grad_norm=14.57325
[ 8621.241s] step         step=93800 epoch=13 lr=0.0002 g_loss=3.73993 d_loss=0.1126 cycle_loss=0.13765 identity_loss=0.14455 grad_norm=22.13401
[ 8626.521s] step         step=93850 epoch=13 lr=0.0002 g_loss=3.36996 d_loss=0.4546 cycle_loss=0.18433 identity_loss=0.14835 grad_norm=21.29564
[ 8631.790s] step         step=93900 epoch=13 lr=0.0002 g_loss=4.95031 d_loss=0.2264 cycle_loss=0.27961 identity_loss=0.29588 grad_norm=20.93245
[ 8637.040s] step         step=93950 epoch=13 lr=0.0002 g_loss=3.84116 d_loss=0.18561 cycle_loss=0.14044 identity_loss=0.18463 grad_norm=20.2936
[ 8642.297s] step         step=94000 epoch=13 lr=0.0002 g_loss=4.13391 d_loss=0.10604 cycle_loss=0.21781 identity_loss=0.16794 grad_norm=16.60239
[ 8647.526s] step         step=94050 epoch=13 lr=0.0002 g_loss=5.08857 d_loss=0.19933 cycle_loss=0.25628 identity_loss=0.24845 grad_norm=28.03387
[ 8652.755s] step         step=94100 epoch=13 lr=0.0002 g_loss=3.83943 d_loss=0.27061 cycle_loss=0.16811 identity_loss=0.13618 grad_norm=20.28822
[ 8658.032s] step         step=94150 epoch=13 lr=0.0002 g_loss=3.8097 d_loss=0.39296 cycle_loss=0.18856 identity_loss=0.14141 grad_norm=25.0357
[ 8663.257s] step         step=94200 epoch=13 lr=0.0002 g_loss=3.23741 d_loss=0.25525 cycle_loss=0.17033 identity_loss=0.17 grad_norm=20.12603
[ 8668.530s] step         step=94250 epoch=13 lr=0.0002 g_loss=2.99958 d_loss=0.29461 cycle_loss=0.14826 identity_loss=0.11345 grad_norm=12.00935
[ 8673.754s] step         step=94300 epoch=13 lr=0.0002 g_loss=3.37535 d_loss=0.3139 cycle_loss=0.1822 identity_loss=0.11098 grad_norm=14.25418
[ 8679.012s] step         step=94350 epoch=13 lr=0.0002 g_loss=3.71056 d_loss=0.25922 cycle_loss=0.19154 identity_loss=0.18243 grad_norm=23.51925
[ 8684.241s] step         step=94400 epoch=13 lr=0.0002 g_loss=4.03264 d_loss=0.34104 cycle_loss=0.21783 identity_loss=0.18457 grad_norm=14.03474
[ 8689.465s] step         step=94450 epoch=13 lr=0.0002 g_loss=3.86609 d_loss=0.18598 cycle_loss=0.19747 identity_loss=0.14814 grad_norm=24.44926
[ 8694.753s] step         step=94500 epoch=13 lr=0.0002 g_loss=3.80904 d_loss=0.22547 cycle_loss=0.16493 identity_loss=0.16158 grad_norm=20.4914
[ 8699.984s] step         step=94550 epoch=13 lr=0.0002 g_loss=4.55423 d_loss=0.16136 cycle_loss=0.24554 identity_loss=0.18247 grad_norm=79.60143
[ 8705.341s] step         step=94600 epoch=13 lr=0.0002 g_loss=5.37142 d_loss=0.22319 cycle_loss=0.27215 identity_loss=0.21794 grad_norm=24.37783
[ 8710.563s] step         step=94650 epoch=13 lr=0.0002 g_loss=3.43256 d_loss=0.15804 cycle_loss=0.15724 identity_loss=0.18012 grad_norm=17.65513
[ 8715.774s] step         step=94700 epoch=13 lr=0.0002 g_loss=3.24835 d_loss=0.14318 cycle_loss=0.14701 identity_loss=0.10443 grad_norm=21.38348
[ 8720.990s] step         step=94750 epoch=13 lr=0.0002 g_loss=4.43163 d_loss=0.44465 cycle_loss=0.22596 identity_loss=0.19903 grad_norm=30.9134
[ 8726.202s] step         step=94800 epoch=13 lr=0.0002 g_loss=4.09677 d_loss=0.26285 cycle_loss=0.2003 identity_loss=0.16046 grad_norm=20.30842
[ 8731.750s] step         step=94850 epoch=13 lr=0.0002 g_loss=4.3564 d_loss=0.19437 cycle_loss=0.20734 identity_loss=0.16737 grad_norm=18.25819
[ 8737.091s] step         step=94900 epoch=13 lr=0.0002 g_loss=2.94662 d_loss=0.27066 cycle_loss=0.1446 identity_loss=0.10842 grad_norm=16.25418
[ 8742.375s] step         step=94950 epoch=13 lr=0.0002 g_loss=3.0441 d_loss=0.42672 cycle_loss=0.1519 identity_loss=0.1817 grad_norm=13.12047
[ 8747.603s] step         step=95000 epoch=13 lr=0.0002 g_loss=3.53527 d_loss=0.22144 cycle_loss=0.16476 identity_loss=0.14245 grad_norm=17.73417
[ 8752.810s] step         step=95050 epoch=13 lr=0.0002 g_loss=3.71187 d_loss=0.13841 cycle_loss=0.18421 identity_loss=0.1792 grad_norm=40.28173
[ 8758.015s] step         step=95100 epoch=13 lr=0.0002 g_loss=3.55761 d_loss=0.35558 cycle_loss=0.17435 identity_loss=0.12264 grad_norm=18.61335
[ 8763.252s] step         step=95150 epoch=13 lr=0.0002 g_loss=3.01769 d_loss=0.19163 cycle_loss=0.16521 identity_loss=0.11558 grad_norm=14.68582
[ 8768.505s] step         step=95200 epoch=13 lr=0.0002 g_loss=6.28334 d_loss=0.12391 cycle_loss=0.3443 identity_loss=0.37749 grad_norm=37.51234
[ 8773.747s] step         step=95250 epoch=13 lr=0.0002 g_loss=5.37529 d_loss=0.29839 cycle_loss=0.28007 identity_loss=0.26736 grad_norm=25.69839
[ 8779.014s] step         step=95300 epoch=13 lr=0.0002 g_loss=4.90685 d_loss=0.16518 cycle_loss=0.23345 identity_loss=0.30151 grad_norm=21.98305
[ 8784.446s] step         step=95350 epoch=13 lr=0.0002 g_loss=4.65084 d_loss=0.14347 cycle_loss=0.24484 identity_loss=0.17962 grad_norm=31.10335
[ 8789.660s] step         step=95400 epoch=13 lr=0.0002 g_loss=4.40477 d_loss=0.19513 cycle_loss=0.20162 identity_loss=0.1428 grad_norm=19.25182
[ 8794.942s] step         step=95450 epoch=13 lr=0.0002 g_loss=3.65252 d_loss=0.20547 cycle_loss=0.16933 identity_loss=0.16106 grad_norm=18.49615
[ 8800.218s] step         step=95500 epoch=13 lr=0.0002 g_loss=4.23856 d_loss=0.19615 cycle_loss=0.24059 identity_loss=0.11377 grad_norm=32.74655
[ 8805.829s] step         step=95550 epoch=13 lr=0.0002 g_loss=7.65043 d_loss=0.22789 cycle_loss=0.35786 identity_loss=0.44977 grad_norm=36.26208
[ 8812.561s] step         step=95600 epoch=13 lr=0.0002 g_loss=3.09927 d_loss=0.3491 cycle_loss=0.20251 identity_loss=0.11636 grad_norm=27.12525
[ 8818.586s] step         step=95650 epoch=13 lr=0.0002 g_loss=3.56587 d_loss=0.21836 cycle_loss=0.1789 identity_loss=0.12925 grad_norm=19.46653
[ 8824.502s] step         step=95700 epoch=13 lr=0.0002 g_loss=4.50622 d_loss=0.33349 cycle_loss=0.19214 identity_loss=0.18195 grad_norm=14.37418
[ 8829.744s] step         step=95750 epoch=13 lr=0.0002 g_loss=3.71014 d_loss=0.29461 cycle_loss=0.17596 identity_loss=0.16104 grad_norm=21.55769
[ 8834.992s] step         step=95800 epoch=13 lr=0.0002 g_loss=3.49974 d_loss=0.27375 cycle_loss=0.14327 identity_loss=0.1388 grad_norm=16.02555
[ 8840.221s] step         step=95850 epoch=13 lr=0.0002 g_loss=3.52676 d_loss=0.16822 cycle_loss=0.17557 identity_loss=0.17722 grad_norm=12.39314
[ 8845.441s] step         step=95900 epoch=13 lr=0.0002 g_loss=3.27756 d_loss=0.32561 cycle_loss=0.18268 identity_loss=0.15005 grad_norm=18.44674
[ 8850.614s] step         step=95950 epoch=13 lr=0.0002 g_loss=2.9748 d_loss=0.34518 cycle_loss=0.15286 identity_loss=0.16784 grad_norm=15.35556
[ 8855.801s] step         step=96000 epoch=13 lr=0.0002 g_loss=2.36757 d_loss=0.37482 cycle_loss=0.12485 identity_loss=0.13887 grad_norm=14.30947
[ 8861.027s] step         step=96050 epoch=13 lr=0.0002 g_loss=3.38799 d_loss=0.27386 cycle_loss=0.1524 identity_loss=0.14223 grad_norm=16.2741
[ 8866.238s] step         step=96100 epoch=13 lr=0.0002 g_loss=3.74534 d_loss=0.3387 cycle_loss=0.20616 identity_loss=0.1719 grad_norm=17.4112
[ 8871.866s] step         step=96150 epoch=13 lr=0.0002 g_loss=4.61409 d_loss=0.15077 cycle_loss=0.21629 identity_loss=0.19378 grad_norm=20.06258
[ 8877.106s] step         step=96200 epoch=13 lr=0.0002 g_loss=4.09101 d_loss=0.39406 cycle_loss=0.22154 identity_loss=0.16324 grad_norm=31.75538
[ 8882.376s] step         step=96250 epoch=13 lr=0.0002 g_loss=3.73364 d_loss=0.2751 cycle_loss=0.19817 identity_loss=0.20799 grad_norm=26.42715
[ 8887.635s] step         step=96300 epoch=13 lr=0.0002 g_loss=3.33218 d_loss=0.34034 cycle_loss=0.1691 identity_loss=0.12619 grad_norm=15.92559
[ 8893.054s] step         step=96350 epoch=13 lr=0.0002 g_loss=4.15802 d_loss=0.48606 cycle_loss=0.19392 identity_loss=0.15668 grad_norm=20.56997
[ 8898.690s] step         step=96400 epoch=13 lr=0.0002 g_loss=4.51256 d_loss=0.21511 cycle_loss=0.20066 identity_loss=0.23416 grad_norm=26.83101
[ 8903.963s] step         step=96450 epoch=13 lr=0.0002 g_loss=3.44095 d_loss=0.16272 cycle_loss=0.18296 identity_loss=0.12917 grad_norm=13.84764
[ 8909.318s] step         step=96500 epoch=13 lr=0.0002 g_loss=4.13777 d_loss=0.19914 cycle_loss=0.21549 identity_loss=0.17147 grad_norm=22.96689
[ 8914.524s] step         step=96550 epoch=13 lr=0.0002 g_loss=5.1308 d_loss=0.25966 cycle_loss=0.24279 identity_loss=0.31856 grad_norm=22.89534
[ 8919.709s] step         step=96600 epoch=13 lr=0.0002 g_loss=2.34146 d_loss=0.39537 cycle_loss=0.11228 identity_loss=0.1142 grad_norm=18.84471
[ 8924.941s] step         step=96650 epoch=13 lr=0.0002 g_loss=3.49189 d_loss=0.18565 cycle_loss=0.16403 identity_loss=0.13451 grad_norm=22.33192
[ 8930.425s] step         step=96700 epoch=13 lr=0.0002 g_loss=3.70913 d_loss=0.34886 cycle_loss=0.17032 identity_loss=0.12711 grad_norm=20.92858
[ 8936.358s] step         step=96750 epoch=13 lr=0.0002 g_loss=3.58223 d_loss=0.27498 cycle_loss=0.21157 identity_loss=0.15868 grad_norm=18.4277
[ 8941.620s] step         step=96800 epoch=13 lr=0.0002 g_loss=5.78596 d_loss=0.1675 cycle_loss=0.3095 identity_loss=0.3457 grad_norm=37.03209
[ 8946.855s] step         step=96850 epoch=13 lr=0.0002 g_loss=5.87151 d_loss=0.2558 cycle_loss=0.33694 identity_loss=0.25118 grad_norm=35.61347
[ 8952.540s] step         step=96900 epoch=13 lr=0.0002 g_loss=3.64468 d_loss=0.25723 cycle_loss=0.21211 identity_loss=0.19961 grad_norm=19.1969
[ 8957.761s] step         step=96950 epoch=13 lr=0.0002 g_loss=3.56737 d_loss=0.13557 cycle_loss=0.18576 identity_loss=0.12997 grad_norm=17.20556
[ 8962.992s] step         step=97000 epoch=13 lr=0.0002 g_loss=4.48659 d_loss=0.0637 cycle_loss=0.15185 identity_loss=0.15733 grad_norm=19.7724
[ 8968.230s] step         step=97050 epoch=13 lr=0.0002 g_loss=4.3402 d_loss=0.22314 cycle_loss=0.23724 identity_loss=0.19395 grad_norm=16.61179
[ 8973.469s] step         step=97100 epoch=13 lr=0.0002 g_loss=3.25497 d_loss=0.26357 cycle_loss=0.18452 identity_loss=0.13942 grad_norm=17.74093
[ 8978.740s] step         step=97150 epoch=13 lr=0.0002 g_loss=3.33581 d_loss=0.25494 cycle_loss=0.16853 identity_loss=0.14859 grad_norm=18.76115
[ 8983.913s] step         step=97200 epoch=13 lr=0.0002 g_loss=3.54116 d_loss=0.10813 cycle_loss=0.14678 identity_loss=0.10293 grad_norm=18.02185
[ 8989.124s] step         step=97250 epoch=13 lr=0.0002 g_loss=3.57695 d_loss=0.45038 cycle_loss=0.11882 identity_loss=0.19774 grad_norm=18.91457
[ 8994.511s] step         step=97300 epoch=13 lr=0.0002 g_loss=3.43081 d_loss=0.2077 cycle_loss=0.13979 identity_loss=0.16507 grad_norm=28.12159
[ 8999.724s] step         step=97350 epoch=13 lr=0.0002 g_loss=3.43696 d_loss=0.32653 cycle_loss=0.15351 identity_loss=0.13988 grad_norm=14.60787
[ 9004.952s] step         step=97400 epoch=13 lr=0.0002 g_loss=4.58332 d_loss=0.1578 cycle_loss=0.22038 identity_loss=0.19627 grad_norm=28.43751
[ 9010.163s] step         step=97450 epoch=13 lr=0.0002 g_loss=4.23212 d_loss=0.23386 cycle_loss=0.21692 identity_loss=0.23649 grad_norm=19.09377
[ 9015.406s] step         step=97500 epoch=13 lr=0.0002 g_loss=3.3474 d_loss=0.26039 cycle_loss=0.18321 identity_loss=0.13748 grad_norm=19.47473
[ 9020.744s] step         step=97550 epoch=13 lr=0.0002 g_loss=4.83748 d_loss=0.24455 cycle_loss=0.23898 identity_loss=0.21683 grad_norm=29.55957
[ 9025.958s] step         step=97600 epoch=13 lr=0.0002 g_loss=3.46427 d_loss=0.28189 cycle_loss=0.1709 identity_loss=0.1435 grad_norm=15.8885
[ 9031.168s] step         step=97650 epoch=13 lr=0.0002 g_loss=3.04874 d_loss=0.45776 cycle_loss=0.17055 identity_loss=0.12538 grad_norm=22.17118
[ 9036.418s] step         step=97700 epoch=13 lr=0.0002 g_loss=3.04881 d_loss=0.14899 cycle_loss=0.13443 identity_loss=0.12343 grad_norm=12.51846
[ 9041.648s] step         step=97750 epoch=13 lr=0.0002 g_loss=3.45788 d_loss=0.27624 cycle_loss=0.16667 identity_loss=0.13919 grad_norm=17.44345
[ 9046.887s] step         step=97800 epoch=13 lr=0.0002 g_loss=4.02375 d_loss=0.38249 cycle_loss=0.22825 identity_loss=0.17021 grad_norm=20.2538
[ 9052.069s] step         step=97850 epoch=13 lr=0.0002 g_loss=4.44653 d_loss=0.25424 cycle_loss=0.24751 identity_loss=0.2335 grad_norm=19.53876
[ 9057.276s] step         step=97900 epoch=13 lr=0.0002 g_loss=4.31233 d_loss=0.28685 cycle_loss=0.21346 identity_loss=0.18112 grad_norm=24.99673
[ 9062.522s] step         step=97950 epoch=13 lr=0.0002 g_loss=3.66574 d_loss=0.28991 cycle_loss=0.15112 identity_loss=0.13097 grad_norm=14.18192
[ 9067.797s] step         step=98000 epoch=13 lr=0.0002 g_loss=4.04535 d_loss=0.37908 cycle_loss=0.23756 identity_loss=0.16781 grad_norm=26.78488
[ 9073.029s] step         step=98050 epoch=13 lr=0.0002 g_loss=3.84265 d_loss=0.20756 cycle_loss=0.17461 identity_loss=0.15957 grad_norm=15.6675
[ 9078.277s] step         step=98100 epoch=13 lr=0.0002 g_loss=3.80963 d_loss=0.29402 cycle_loss=0.18361 identity_loss=0.17641 grad_norm=20.17057
[ 9083.524s] step         step=98150 epoch=13 lr=0.0002 g_loss=5.94746 d_loss=0.1675 cycle_loss=0.30019 identity_loss=0.27342 grad_norm=41.42055
[ 9088.732s] step         step=98200 epoch=13 lr=0.0002 g_loss=3.36452 d_loss=0.76008 cycle_loss=0.18897 identity_loss=0.13027 grad_norm=22.57487
[ 9094.298s] step         step=98250 epoch=13 lr=0.0002 g_loss=4.56217 d_loss=0.14593 cycle_loss=0.25207 identity_loss=0.17777 grad_norm=27.77908
[ 9099.520s] step         step=98300 epoch=13 lr=0.0002 g_loss=4.06376 d_loss=0.34809 cycle_loss=0.18464 identity_loss=0.19455 grad_norm=19.5806
[ 9104.727s] step         step=98350 epoch=13 lr=0.0002 g_loss=5.60252 d_loss=0.18959 cycle_loss=0.30328 identity_loss=0.28214 grad_norm=23.58118
[ 9110.056s] step         step=98400 epoch=13 lr=0.0002 g_loss=4.16413 d_loss=0.36978 cycle_loss=0.25917 identity_loss=0.20977 grad_norm=22.80911
[ 9115.294s] step         step=98450 epoch=13 lr=0.0002 g_loss=3.06829 d_loss=0.4017 cycle_loss=0.1659 identity_loss=0.13088 grad_norm=17.01516
[ 9120.517s] step         step=98500 epoch=13 lr=0.0002 g_loss=4.72783 d_loss=0.36871 cycle_loss=0.24086 identity_loss=0.19492 grad_norm=23.14654
[ 9123.821s] epoch        epoch=13 step=98532 seconds=9109.8
[ 9124.135s] checkpoint   epoch=14 step=98532
[ 9126.050s] step         step=98550 epoch=14 lr=0.0002 g_loss=6.86633 d_loss=0.33609 cycle_loss=0.36645 identity_loss=0.42664 grad_norm=27.17598
[ 9131.307s] step         step=98600 epoch=14 lr=0.0002 g_loss=4.81163 d_loss=0.30911 cycle_loss=0.27598 identity_loss=0.22045 grad_norm=26.63945
[ 9136.563s] step         step=98650 epoch=14 lr=0.0002 g_loss=3.10548 d_loss=0.15714 cycle_loss=0.16826 identity_loss=0.11514 grad_norm=17.29269
[ 9141.871s] step         step=98700 epoch=14 lr=0.0002 g_loss=3.21065 d_loss=0.2861 cycle_loss=0.12511 identity_loss=0.15967 grad_norm=18.50557
[ 9147.089s] step         step=98750 epoch=14 lr=0.0002 g_loss=3.52103 d_loss=0.25197 cycle_loss=0.18061 identity_loss=0.16649 grad_norm=24.27991
[ 9152.293s] step         step=98800 epoch=14 lr=0.0002 g_loss=2.5839 d_loss=0.31363 cycle_loss=0.1348 identity_loss=0.13785 grad_norm=13.99529
[ 9157.512s] step         step=98850 epoch=14 lr=0.0002 g_loss=5.97964 d_loss=0.07197 cycle_loss=0.25896 identity_loss=0.27517 grad_norm=28.06636
[ 9162.766s] step         step=98900 epoch=14 lr=0.0002 g_loss=3.8633 d_loss=0.38149 cycle_loss=0.20179 identity_loss=0.21112 grad_norm=18.96292
[ 9168.061s] step         step=98950 epoch=14 lr=0.0002 g_loss=3.59422 d_loss=0.1836 cycle_loss=0.19004 identity_loss=0.17944 grad_norm=19.68644
[ 9173.442s] step         step=99000 epoch=14 lr=0.0002 g_loss=4.49513 d_loss=0.25223 cycle_loss=0.21698 identity_loss=0.20671 grad_norm=21.13856
[ 9178.641s] step         step=99050 epoch=14 lr=0.0002 g_loss=3.50377 d_loss=0.42259 cycle_loss=0.17363 identity_loss=0.18224 grad_norm=25.83909
[ 9183.998s] step         step=99100 epoch=14 lr=0.0002 g_loss=4.16622 d_loss=0.20873 cycle_loss=0.22946 identity_loss=0.17665 grad_norm=28.15124
[ 9189.199s] step         step=99150 epoch=14 lr=0.0002 g_loss=3.76584 d_loss=0.11806 cycle_loss=0.15447 identity_loss=0.13851 grad_norm=18.85909
[ 9194.573s] step         step=99200 epoch=14 lr=0.0002 g_loss=3.54573 d_loss=0.45657 cycle_loss=0.1648 identity_loss=0.20625 grad_norm=21.13113
[ 9199.807s] step         step=99250 epoch=14 lr=0.0002 g_loss=3.19333 d_loss=0.18053 cycle_loss=0.14764 identity_loss=0.13425 grad_norm=18.14266
[ 9205.172s] step         step=99300 epoch=14 lr=0.0002 g_loss=3.15962 d_loss=0.31972 cycle_loss=0.13865 identity_loss=0.15075 grad_norm=13.51131
[ 9210.505s] step         step=99350 epoch=14 lr=0.0002 g_loss=3.07548 d_loss=0.30818 cycle_loss=0.16995 identity_loss=0.15644 grad_norm=24.67902
[ 9215.926s] step         step=99400 epoch=14 lr=0.0002 g_loss=3.9178 d_loss=0.1248 cycle_loss=0.18069 identity_loss=0.15791 grad_norm=27.89706
[ 9221.165s] step         step=99450 epoch=14 lr=0.0002 g_loss=4.06163 d_loss=0.20675 cycle_loss=0.15521 identity_loss=0.1284 grad_norm=17.1807
[ 9226.458s] step         step=99500 epoch=14 lr=0.0002 g_loss=4.24266 d_loss=0.11466 cycle_loss=0.17412 identity_loss=0.16248 grad_norm=22.45631
[ 9232.229s] step         step=99550 epoch=14 lr=0.0002 g_loss=5.29137 d_loss=0.47661 cycle_loss=0.25279 identity_loss=0.22157 grad_norm=27.62085
[ 9237.382s] step         step=99600 epoch=14 lr=0.0002 g_loss=4.21593 d_loss=0.17822 cycle_loss=0.21441 identity_loss=0.18703 grad_norm=14.11835
[ 9242.627s] step         step=99650 epoch=14 lr=0.0002 g_loss=3.25334 d_loss=0.16066 cycle_loss=0.16015 identity_loss=0.17058 grad_norm=12.23269
[ 9247.864s] step         step=99700 epoch=14 lr=0.0002 g_loss=3.34757 d_loss=0.26918 cycle_loss=0.14776 identity_loss=0.14033 grad_norm=18.52822
[ 9253.121s] step         step=99750 epoch=14 lr=0.0002 g_loss=5.04954 d_loss=0.32522 cycle_loss=0.22743 identity_loss=0.25735 grad_norm=23.50997
[ 9258.354s] step         step=99800 epoch=14 lr=0.0002 g_loss=3.69334 d_loss=0.2681 cycle_loss=0.18446 identity_loss=0.23858 grad_norm=17.84031
[ 9263.555s] step         step=99850 epoch=14 lr=0.0002 g_loss=4.78802 d_loss=0.16985 cycle_loss=0.24555 identity_loss=0.24165 grad_norm=32.10751
[ 9268.774s] step         step=99900 epoch=14 lr=0.0002 g_loss=3.46674 d_loss=0.39843 cycle_loss=0.17364 identity_loss=0.14558 grad_norm=21.03685
[ 9273.978s] step         step=99950 epoch=14 lr=0.0002 g_loss=4.14289 d_loss=0.22902 cycle_loss=0.23172 identity_loss=0.18341 grad_norm=26.61442
[ 9279.236s] step         step=100000 epoch=14 lr=0.0002 g_loss=3.26859 d_loss=0.17168 cycle_loss=0.14745 identity_loss=0.13855 grad_norm=15.28513
[ 9284.518s] step         step=100050 epoch=14 lr=0.0002 g_loss=4.16845 d_loss=0.23729 cycle_loss=0.14975 identity_loss=0.25396 grad_norm=31.57336
[ 9289.776s] step         step=100100 epoch=14 lr=0.0002 g_loss=3.74354 d_loss=0.3608 cycle_loss=0.17009 identity_loss=0.256 grad_norm=16.55243
[ 9295.214s] step         step=100150 epoch=14 lr=0.0002 g_loss=3.67277 d_loss=0.21003 cycle_loss=0.1817 identity_loss=0.15835 grad_norm=20.33698
[ 9300.465s] step         step=100200 epoch=14 lr=0.0002 g_loss=4.04468 d_loss=0.26212 cycle_loss=0.21836 identity_loss=0.16194 grad_norm=20.15922
[ 9305.727s] step         step=100250 epoch=14 lr=0.0002 g_loss=3.48326 d_loss=0.25292 cycle_loss=0.19333 identity_loss=0.17011 grad_norm=18.36762
[ 9310.973s] step         step=100300 epoch=14 lr=0.0002 g_loss=3.36594 d_loss=0.09648 cycle_loss=0.18369 identity_loss=0.12928 grad_norm=17.49621
[ 9316.249s] step         step=100350 epoch=14 lr=0.0002 g_loss=4.66607 d_loss=0.17521 cycle_loss=0.25101 identity_loss=0.20872 grad_norm=32.00696
[ 9321.516s] step         step=100400 epoch=14 lr=0.0002 g_loss=4.18052 d_loss=0.41078 cycle_loss=0.19657 identity_loss=0.21322 grad_norm=16.6014
[ 9326.727s] step         step=100450 epoch=14 lr=0.0002 g_loss=4.72049 d_loss=0.27984 cycle_loss=0.21241 identity_loss=0.25097 grad_norm=21.94703
[ 9331.946s] step         step=100500 epoch=14 lr=0.0002 g_loss=3.26509 d_loss=0.51058 cycle_loss=0.13303 identity_loss=0.12058 grad_norm=13.54017
[ 9337.190s] step         step=100550 epoch=14 lr=0.0002 g_loss=5.05698 d_loss=0.22259 cycle_loss=0.22129 identity_loss=0.19753 grad_norm=19.2134
[ 9342.475s] step         step=100600 epoch=14 lr=0.0002 g_loss=3.082 d_loss=0.21985 cycle_loss=0.12371 identity_loss=0.12265 grad_norm=17.4283
[ 9347.714s] step         step=100650 epoch=14 lr=0.0002 g_loss=3.78616 d_loss=0.11175 cycle_loss=0.16731 identity_loss=0.14169 grad_norm=15.40246
[ 9352.954s] step         step=100700 epoch=14 lr=0.0002 g_loss=3.56123 d_loss=0.26819 cycle_loss=0.1641 identity_loss=0.13604 grad_norm=16.09546
[ 9358.226s] step         step=100750 epoch=14 lr=0.0002 g_loss=3.96018 d_loss=0.2831 cycle_loss=0.17294 identity_loss=0.18319 grad_norm=17.28508
[ 9363.482s] step         step=100800 epoch=14 lr=0.0002 g_loss=3.51378 d_loss=0.18652 cycle_loss=0.18192 identity_loss=0.14734 grad_norm=23.06855
[ 9368.754s] step         step=100850 epoch=14 lr=0.0002 g_loss=4.01563 d_loss=0.44971 cycle_loss=0.17999 identity_loss=0.18206 grad_norm=20.07619
[ 9374.037s] step         step=100900 epoch=14 lr=0.0002 g_loss=3.49026 d_loss=0.29862 cycle_loss=0.15387 identity_loss=0.12223 grad_norm=12.03423
[ 9379.328s] step         step=100950 epoch=14 lr=0.0002 g_loss=4.1629 d_loss=0.23372 cycle_loss=0.1849 identity_loss=0.22174 grad_norm=26.59136
[ 9384.624s] step         step=101000 epoch=14 lr=0.0002 g_loss=3.72381 d_loss=0.22788 cycle_loss=0.19328 identity_loss=0.23278 grad_norm=25.61655
[ 9389.884s] step         step=101050 epoch=14 lr=0.0002 g_loss=3.75105 d_loss=0.12933 cycle_loss=0.19371 identity_loss=0.15037 grad_norm=22.86197
[ 9395.104s] step         step=101100 epoch=14 lr=0.0002 g_loss=3.23752 d_loss=0.19968 cycle_loss=0.14149 identity_loss=0.11671 grad_norm=20.2225
[ 9400.388s] step         step=101150 epoch=14 lr=0.0002 g_loss=3.46272 d_loss=0.32603 cycle_loss=0.20796 identity_loss=0.13782 grad_norm=29.99083
[ 9405.659s] step         step=101200 epoch=14 lr=0.0002 g_loss=4.34238 d_loss=0.16196 cycle_loss=0.20947 identity_loss=0.18504 grad_norm=16.58479
[ 9410.929s] step         step=101250 epoch=14 lr=0.0002 g_loss=3.42173 d_loss=0.43697 cycle_loss=0.15089 identity_loss=0.12924 grad_norm=17.97135
[ 9416.154s] step         step=101300 epoch=14 lr=0.0002 g_loss=3.14358 d_loss=0.16489 cycle_loss=0.13924 identity_loss=0.14863 grad_norm=18.02589
[ 9421.401s] step         step=101350 epoch=14 lr=0.0002 g_loss=3.21209 d_loss=0.2166 cycle_loss=0.16138 identity_loss=0.14942 grad_norm=17.89589
[ 9426.634s] step         step=101400 epoch=14 lr=0.0002 g_loss=4.18415 d_loss=0.23505 cycle_loss=0.22976 identity_loss=0.18854 grad_norm=23.75824
[ 9431.878s] step         step=101450 epoch=14 lr=0.0002 g_loss=3.19807 d_loss=0.30998 cycle_loss=0.14929 identity_loss=0.11607 grad_norm=10.54383
[ 9437.088s] step         step=101500 epoch=14 lr=0.0002 g_loss=3.92807 d_loss=0.6099 cycle_loss=0.19397 identity_loss=0.16772 grad_norm=25.73852
[ 9442.309s] step         step=101550 epoch=14 lr=0.0002 g_loss=3.4618 d_loss=0.20196 cycle_loss=0.16415 identity_loss=0.14922 grad_norm=17.82549
[ 9447.527s] step         step=101600 epoch=14 lr=0.0002 g_loss=4.75838 d_loss=0.15131 cycle_loss=0.24566 identity_loss=0.28194 grad_norm=23.31869
[ 9452.703s] step         step=101650 epoch=14 lr=0.0002 g_loss=3.7555 d_loss=0.14945 cycle_loss=0.18479 identity_loss=0.14644 grad_norm=21.63608
[ 9457.964s] step         step=101700 epoch=14 lr=0.0002 g_loss=3.3729 d_loss=0.43993 cycle_loss=0.20024 identity_loss=0.13659 grad_norm=19.4173
[ 9463.222s] step         step=101750 epoch=14 lr=0.0002 g_loss=3.54311 d_loss=0.11358 cycle_loss=0.16592 identity_loss=0.12933 grad_norm=16.21452
[ 9468.419s] step         step=101800 epoch=14 lr=0.0002 g_loss=3.82935 d_loss=0.09828 cycle_loss=0.15766 identity_loss=0.17046 grad_norm=25.0556
[ 9473.980s] step         step=101850 epoch=14 lr=0.0002 g_loss=3.17165 d_loss=0.1817 cycle_loss=0.15361 identity_loss=0.14667 grad_norm=14.72179
[ 9479.224s] step         step=101900 epoch=14 lr=0.0002 g_loss=3.57096 d_loss=0.36532 cycle_loss=0.20962 identity_loss=0.15194 grad_norm=14.07558
[ 9484.482s] step         step=101950 epoch=14 lr=0.0002 g_loss=3.40392 d_loss=0.12382 cycle_loss=0.14624 identity_loss=0.1285 grad_norm=14.70372
[ 9489.740s] step         step=102000 epoch=14 lr=0.0002 g_loss=4.92767 d_loss=0.26427 cycle_loss=0.24403 identity_loss=0.23123 grad_norm=23.18048
[ 9495.053s] step         step=102050 epoch=14 lr=0.0002 g_loss=4.10032 d_loss=0.27532 cycle_loss=0.19021 identity_loss=0.1759 grad_norm=22.36865
[ 9500.305s] step         step=102100 epoch=14 lr=0.0002 g_loss=2.67565 d_loss=0.36833 cycle_loss=0.15293 identity_loss=0.10533 grad_norm=12.74191
[ 9505.564s] step         step=102150 epoch=14 lr=0.0002 g_loss=5.31401 d_loss=0.24913 cycle_loss=0.28005 identity_loss=0.25015 grad_norm=21.84976
[ 9511.032s] step         step=102200 epoch=14 lr=0.0002 g_loss=3.71056 d_loss=0.33832 cycle_loss=0.16773 identity_loss=0.13865 grad_norm=19.11173
[ 9516.685s] step         step=102250 epoch=14 lr=0.0002 g_loss=3.53873 d_loss=0.28615 cycle_loss=0.18153 identity_loss=0.11296 grad_norm=20.06282
[ 9522.094s] step         step=102300 epoch=14 lr=0.0002 g_loss=3.36068 d_loss=0.10781 cycle_loss=0.17167 identity_loss=0.12577 grad_norm=13.50395
[ 9527.474s] step         step=102350 epoch=14 lr=0.0002 g_loss=7.95989 d_loss=0.17741 cycle_loss=0.458 identity_loss=0.38601 grad_norm=30.31277
[ 9532.798s] step         step=102400 epoch=14 lr=0.0002 g_loss=4.91945 d_loss=0.28299 cycle_loss=0.21872 identity_loss=0.30035 grad_norm=23.29443
[ 9538.180s] step         step=102450 epoch=14 lr=0.0002 g_loss=4.35182 d_loss=0.12823 cycle_loss=0.25151 identity_loss=0.15321 grad_norm=42.94013
[ 9543.429s] step         step=102500 epoch=14 lr=0.0002 g_loss=4.9827 d_loss=0.35776 cycle_loss=0.27159 identity_loss=0.32642 grad_norm=27.77979
[ 9548.664s] step         step=102550 epoch=14 lr=0.0002 g_loss=3.30426 d_loss=0.28127 cycle_loss=0.18568 identity_loss=0.14728 grad_norm=14.32137
[ 9553.925s] step         step=102600 epoch=14 lr=0.0002 g_loss=4.35284 d_loss=0.16712 cycle_loss=0.22154 identity_loss=0.20997 grad_norm=21.71988
[ 9559.164s] step         step=102650 epoch=14 lr=0.0002 g_loss=3.54531 d_loss=0.3122 cycle_loss=0.16096 identity_loss=0.12091 grad_norm=13.3345
[ 9564.438s] step         step=102700 epoch=14 lr=0.0002 g_loss=3.84588 d_loss=0.16313 cycle_loss=0.17333 identity_loss=0.12149 grad_norm=22.99353
[ 9569.685s] step         step=102750 epoch=14 lr=0.0002 g_loss=4.11877 d_loss=0.25254 cycle_loss=0.13613 identity_loss=0.17936 grad_norm=27.29743
[ 9574.961s] step         step=102800 epoch=14 lr=0.0002 g_loss=6.08627 d_loss=0.27666 cycle_loss=0.28423 identity_loss=0.33583 grad_norm=29.70168
[ 9580.199s] step         step=102850 epoch=14 lr=0.0002 g_loss=3.18881 d_loss=0.13649 cycle_loss=0.1462 identity_loss=0.13194 grad_norm=16.24426
[ 9585.435s] step         step=102900 epoch=14 lr=0.0002 g_loss=3.94722 d_loss=0.15232 cycle_loss=0.19339 identity_loss=0.15075 grad_norm=16.50665
[ 9590.676s] step         step=102950 epoch=14 lr=0.0002 g_loss=4.15998 d_loss=0.23507 cycle_loss=0.18563 identity_loss=0.17618 grad_norm=20.98571
[ 9596.035s] step         step=103000 epoch=14 lr=0.0002 g_loss=4.03402 d_loss=0.26401 cycle_loss=0.20072 identity_loss=0.21014 grad_norm=13.00487
[ 9601.246s] step         step=103050 epoch=14 lr=0.0002 g_loss=3.58531 d_loss=0.2488 cycle_loss=0.18885 identity_loss=0.13845 grad_norm=24.67584
[ 9606.472s] step         step=103100 epoch=14 lr=0.0002 g_loss=4.7615 d_loss=0.29559 cycle_loss=0.23636 identity_loss=0.16805 grad_norm=18.8907
[ 9611.758s] step         step=103150 epoch=14 lr=0.0002 g_loss=4.03717 d_loss=0.19831 cycle_loss=0.19343 identity_loss=0.23113 grad_norm=28.96583
[ 9617.035s] step         step=103200 epoch=14 lr=0.0002 g_loss=3.57783 d_loss=0.20585 cycle_loss=0.15634 identity_loss=0.12559 grad_norm=16.92576
[ 9622.288s] step         step=103250 epoch=14 lr=0.0002 g_loss=4.50392 d_loss=0.11818 cycle_loss=0.22936 identity_loss=0.154 grad_norm=29.31039
[ 9627.532s] step         step=103300 epoch=14 lr=0.0002 g_loss=4.06885 d_loss=0.19819 cycle_loss=0.21555 identity_loss=0.19742 grad_norm=20.85692
[ 9632.777s] step         step=103350 epoch=14 lr=0.0002 g_loss=4.6859 d_loss=0.25598 cycle_loss=0.21466 identity_loss=0.17846 grad_norm=15.62673
[ 9638.011s] step         step=103400 epoch=14 lr=0.0002 g_loss=3.79943 d_loss=0.18211 cycle_loss=0.19828 identity_loss=0.12769 grad_norm=16.98898
[ 9643.272s] step         step=103450 epoch=14 lr=0.0002 g_loss=3.12691 d_loss=0.28057 cycle_loss=0.14138 identity_loss=0.15538 grad_norm=13.80939
[ 9648.542s] step         step=103500 epoch=14 lr=0.0002 g_loss=4.15248 d_loss=0.24058 cycle_loss=0.18952 identity_loss=0.15679 grad_norm=24.28165
[ 9653.794s] step         step=103550 epoch=14 lr=0.0002 g_loss=4.07331 d_loss=0.25072 cycle_loss=0.23379 identity_loss=0.17915 grad_norm=36.23179
[ 9659.003s] step         step=103600 epoch=14 lr=0.0002 g_loss=3.25445 d_loss=0.39365 cycle_loss=0.16491 identity_loss=0.10913 grad_norm=20.64202
[ 9664.231s] step         step=103650 epoch=14 lr=0.0002 g_loss=5.47839 d_loss=0.22083 cycle_loss=0.29607 identity_loss=0.17835 grad_norm=32.05774
[ 9669.423s] step         step=103700 epoch=14 lr=0.0002 g_loss=2.8011 d_loss=0.35362 cycle_loss=0.17392 identity_loss=0.14869 grad_norm=14.60029
[ 9674.648s] step         step=103750 epoch=14 lr=0.0002 g_loss=3.71083 d_loss=0.40345 cycle_loss=0.21596 identity_loss=0.1765 grad_norm=21.67616
[ 9679.893s] step         step=103800 epoch=14 lr=0.0002 g_loss=5.27905 d_loss=0.2188 cycle_loss=0.28145 identity_loss=0.2462 grad_norm=25.66863
[ 9685.148s] step         step=103850 epoch=14 lr=0.0002 g_loss=4.17601 d_loss=0.51584 cycle_loss=0.26611 identity_loss=0.17147 grad_norm=33.2141
[ 9690.347s] step         step=103900 epoch=14 lr=0.0002 g_loss=2.80337 d_loss=0.32782 cycle_loss=0.12173 identity_loss=0.1318 grad_norm=21.57792
[ 9695.861s] step         step=103950 epoch=14 lr=0.0002 g_loss=5.82367 d_loss=0.24563 cycle_loss=0.23907 identity_loss=0.27809 grad_norm=35.35913
[ 9701.139s] step         step=104000 epoch=14 lr=0.0002 g_loss=2.93908 d_loss=0.40147 cycle_loss=0.13047 identity_loss=0.18402 grad_norm=18.5875
[ 9706.355s] step         step=104050 epoch=14 lr=0.0002 g_loss=4.17553 d_loss=0.20062 cycle_loss=0.18075 identity_loss=0.16039 grad_norm=16.63703
[ 9711.630s] step         step=104100 epoch=14 lr=0.0002 g_loss=3.22097 d_loss=0.57193 cycle_loss=0.15259 identity_loss=0.11642 grad_norm=22.60387
[ 9716.901s] step         step=104150 epoch=14 lr=0.0002 g_loss=4.02027 d_loss=0.14888 cycle_loss=0.17725 identity_loss=0.1922 grad_norm=17.14608
[ 9722.180s] step         step=104200 epoch=14 lr=0.0002 g_loss=3.03252 d_loss=0.54054 cycle_loss=0.14606 identity_loss=0.14525 grad_norm=21.26431
[ 9727.445s] step         step=104250 epoch=14 lr=0.0002 g_loss=3.9213 d_loss=0.25142 cycle_loss=0.22625 identity_loss=0.19084 grad_norm=20.75199
[ 9733.272s] step         step=104300 epoch=14 lr=0.0002 g_loss=3.67102 d_loss=0.51873 cycle_loss=0.20256 identity_loss=0.1673 grad_norm=12.31209
[ 9738.502s] step         step=104350 epoch=14 lr=0.0002 g_loss=3.53197 d_loss=0.26682 cycle_loss=0.17599 identity_loss=0.17053 grad_norm=18.28912
[ 9743.735s] step         step=104400 epoch=14 lr=0.0002 g_loss=3.34213 d_loss=0.23647 cycle_loss=0.15788 identity_loss=0.17562 grad_norm=20.92863
[ 9748.940s] step         step=104450 epoch=14 lr=0.0002 g_loss=4.30784 d_loss=0.31254 cycle_loss=0.21445 identity_loss=0.17822 grad_norm=18.45531
[ 9754.181s] step         step=104500 epoch=14 lr=0.0002 g_loss=5.10573 d_loss=0.37392 cycle_loss=0.17622 identity_loss=0.14496 grad_norm=28.00822
[ 9759.428s] step         step=104550 epoch=14 lr=0.0002 g_loss=5.08309 d_loss=0.44854 cycle_loss=0.33124 identity_loss=0.26979 grad_norm=36.20943
[ 9764.684s] step         step=104600 epoch=14 lr=0.0002 g_loss=3.66795 d_loss=0.27279 cycle_loss=0.15581 identity_loss=0.16748 grad_norm=15.91053
[ 9770.121s] step         step=104650 epoch=14 lr=0.0002 g_loss=2.97057 d_loss=0.3162 cycle_loss=0.15403 identity_loss=0.14291 grad_norm=19.09633
[ 9775.569s] step         step=104700 epoch=14 lr=0.0002 g_loss=3.27835 d_loss=0.21949 cycle_loss=0.18388 identity_loss=0.12925 grad_norm=27.11315
[ 9780.843s] step         step=104750 epoch=14 lr=0.0002 g_loss=3.98163 d_loss=0.24851 cycle_loss=0.22776 identity_loss=0.17377 grad_norm=23.32939
[ 9786.113s] step         step=104800 epoch=14 lr=0.0002 g_loss=3.44557 d_loss=0.45159 cycle_loss=0.15887 identity_loss=0.19038 grad_norm=19.19
[ 9791.359s] step         step=104850 epoch=14 lr=0.0002 g_loss=3.35484 d_loss=0.41986 cycle_loss=0.16675 identity_loss=0.16351 grad_norm=27.39552
[ 9796.631s] step         step=104900 epoch=14 lr=0.0002 g_loss=4.64022 d_loss=0.11415 cycle_loss=0.23531 identity_loss=0.22663 grad_norm=17.55124
[ 9801.826s] step         step=104950 epoch=14 lr=0.0002 g_loss=3.59127 d_loss=0.52641 cycle_loss=0.19668 identity_loss=0.1944 grad_norm=23.13219
[ 9807.023s] step         step=105000 epoch=14 lr=0.0002 g_loss=3.33139 d_loss=0.30291 cycle_loss=0.17285 identity_loss=0.13804 grad_norm=17.75326
[ 9812.260s] step         step=105050 epoch=14 lr=0.0002 g_loss=3.57353 d_loss=0.31983 cycle_loss=0.18382 identity_loss=0.15778 grad_norm=13.53707
[ 9817.508s] step         step=105100 epoch=14 lr=0.0002 g_loss=4.23046 d_loss=0.37029 cycle_loss=0.18404 identity_loss=0.24791 grad_norm=19.81917
[ 9822.749s] step         step=105150 epoch=14 lr=0.0002 g_loss=2.82908 d_loss=0.30298 cycle_loss=0.15742 identity_loss=0.13831 grad_norm=17.98952
[ 9828.011s] step         step=105200 epoch=14 lr=0.0002 g_loss=5.08262 d_loss=0.15274 cycle_loss=0.27539 identity_loss=0.27273 grad_norm=17.08384
[ 9833.239s] step         step=105250 epoch=14 lr=0.0002 g_loss=5.2638 d_loss=0.18535 cycle_loss=0.309 identity_loss=0.32371 grad_norm=30.94281
[ 9838.677s] step         step=105300 epoch=14 lr=0.0002 g_loss=3.68532 d_loss=0.41503 cycle_loss=0.15681 identity_loss=0.19495 grad_norm=20.21324
[ 9844.047s] step         step=105350 epoch=14 lr=0.0002 g_loss=3.55555 d_loss=0.28006 cycle_loss=0.18558 identity_loss=0.16263 grad_norm=19.31561
[ 9849.661s] step         step=105400 epoch=14 lr=0.0002 g_loss=4.03014 d_loss=0.20032 cycle_loss=0.22637 identity_loss=0.19867 grad_norm=21.29651
[ 9855.143s] step         step=105450 epoch=14 lr=0.0002 g_loss=4.48208 d_loss=0.35843 cycle_loss=0.21246 identity_loss=0.14451 grad_norm=24.9572
[ 9860.385s] step         step=105500 epoch=14 lr=0.0002 g_loss=4.93358 d_loss=0.15718 cycle_loss=0.244 identity_loss=0.2625 grad_norm=22.75635
[ 9865.627s] step         step=105550 epoch=14 lr=0.0002 g_loss=3.73913 d_loss=0.19787 cycle_loss=0.16979 identity_loss=0.13924 grad_norm=27.68955
[ 9867.680s] epoch        epoch=14 step=105570 seconds=9853.7
[ 9868.288s] checkpoint   epoch=15 step=105570
[ 9871.810s] step         step=105600 epoch=15 lr=0.0002 g_loss=4.16379 d_loss=0.34622 cycle_loss=0.1823 identity_loss=0.14987 grad_norm=20.12968
[ 9876.984s] step         step=105650 epoch=15 lr=0.0002 g_loss=3.36972 d_loss=0.14735 cycle_loss=0.15718 identity_loss=0.16249 grad_norm=18.39508
[ 9882.207s] step         step=105700 epoch=15 lr=0.0002 g_loss=3.00166 d_loss=0.19729 cycle_loss=0.15198 identity_loss=0.13598 grad_norm=11.42341
[ 9887.411s] step         step=105750 epoch=15 lr=0.0002 g_loss=4.22096 d_loss=0.28524 cycle_loss=0.21281 identity_loss=0.26061 grad_norm=21.29499
[ 9892.638s] step         step=105800 epoch=15 lr=0.0002 g_loss=4.38286 d_loss=0.10985 cycle_loss=0.21528 identity_loss=0.17938 grad_norm=20.62447
[ 9897.861s] step         step=105850 epoch=15 lr=0.0002 g_loss=3.18081 d_loss=0.17405 cycle_loss=0.15213 identity_loss=0.10404 grad_norm=19.4388
[ 9903.085s] step         step=105900 epoch=15 lr=0.0002 g_loss=4.56432 d_loss=0.43537 cycle_loss=0.28205 identity_loss=0.18123 grad_norm=28.7693
[ 9908.344s] step         step=105950 epoch=15 lr=0.0002 g_loss=4.60909 d_loss=0.15286 cycle_loss=0.21476 identity_loss=0.23338 grad_norm=24.08134
[ 9913.559s] step         step=106000 epoch=15 lr=0.0002 g_loss=2.90076 d_loss=0.33499 cycle_loss=0.15501 identity_loss=0.12026 grad_norm=16.71582
[ 9918.800s] step         step=106050 epoch=15 lr=0.0002 g_loss=5.49505 d_loss=0.28022 cycle_loss=0.28645 identity_loss=0.24089 grad_norm=21.23839
[ 9924.056s] step         step=106100 epoch=15 lr=0.0002 g_loss=4.80775 d_loss=0.15603 cycle_loss=0.27743 identity_loss=0.24383 grad_norm=27.4972
[ 9929.302s] step         step=106150 epoch=15 lr=0.0002 g_loss=4.98661 d_loss=0.32022 cycle_loss=0.24686 identity_loss=0.20254 grad_norm=27.49326
[ 9934.540s] step         step=106200 epoch=15 lr=0.0002 g_loss=4.166 d_loss=0.2228 cycle_loss=0.18077 identity_loss=0.16138 grad_norm=21.35197
[ 9939.795s] step         step=106250 epoch=15 lr=0.0002 g_loss=4.54829 d_loss=0.34556 cycle_loss=0.247 identity_loss=0.14741 grad_norm=22.82115
[ 9945.036s] step         step=106300 epoch=15 lr=0.0002 g_loss=3.82539 d_loss=0.08902 cycle_loss=0.18626 identity_loss=0.1472 grad_norm=16.01588
[ 9950.249s] step         step=106350 epoch=15 lr=0.0002 g_loss=4.70962 d_loss=0.22972 cycle_loss=0.24062 identity_loss=0.19796 grad_norm=20.63671
[ 9955.482s] step         step=106400 epoch=15 lr=0.0002 g_loss=4.47943 d_loss=0.14174 cycle_loss=0.17401 identity_loss=0.20152 grad_norm=23.31256
[ 9960.781s] step         step=106450 epoch=15 lr=0.0002 g_loss=5.16621 d_loss=0.20433 cycle_loss=0.27881 identity_loss=0.23153 grad_norm=29.65799
[ 9966.034s] step         step=106500 epoch=15 lr=0.0002 g_loss=4.32736 d_loss=0.30679 cycle_loss=0.21021 identity_loss=0.21221 grad_norm=20.02126
[ 9971.411s] step         step=106550 epoch=15 lr=0.0002 g_loss=3.84775 d_loss=0.40115 cycle_loss=0.20546 identity_loss=0.17798 grad_norm=16.61947
[ 9976.642s] step         step=106600 epoch=15 lr=0.0002 g_loss=3.17226 d_loss=0.14597 cycle_loss=0.16359 identity_loss=0.12029 grad_norm=18.86889
[ 9981.864s] step         step=106650 epoch=15 lr=0.0002 g_loss=4.85611 d_loss=0.34118 cycle_loss=0.29197 identity_loss=0.27309 grad_norm=31.15784
[ 9987.081s] step         step=106700 epoch=15 lr=0.0002 g_loss=4.23417 d_loss=0.25163 cycle_loss=0.2063 identity_loss=0.19538 grad_norm=23.29531
[ 9992.328s] step         step=106750 epoch=15 lr=0.0002 g_loss=4.1044 d_loss=0.20621 cycle_loss=0.17537 identity_loss=0.15335 grad_norm=31.10212
[ 9997.539s] step         step=106800 epoch=15 lr=0.0002 g_loss=3.55478 d_loss=0.14059 cycle_loss=0.16825 identity_loss=0.11111 grad_norm=21.70243
[10002.781s] step         step=106850 epoch=15 lr=0.0002 g_loss=4.90563 d_loss=0.14979 cycle_loss=0.25052 identity_loss=0.21757 grad_norm=27.16886
[10008.334s] step         step=106900 epoch=15 lr=0.0002 g_loss=4.65641 d_loss=0.25634 cycle_loss=0.24521 identity_loss=0.21164 grad_norm=14.71288
[10013.560s] step         step=106950 epoch=15 lr=0.0002 g_loss=3.69365 d_loss=0.1947 cycle_loss=0.17867 identity_loss=0.13605 grad_norm=22.31533
[10018.778s] step         step=107000 epoch=15 lr=0.0002 g_loss=3.549 d_loss=0.21124 cycle_loss=0.17888 identity_loss=0.17243 grad_norm=31.25333
[10023.968s] step         step=107050 epoch=15 lr=0.0002 g_loss=4.07614 d_loss=0.21278 cycle_loss=0.26559 identity_loss=0.15248 grad_norm=18.04112
[10029.219s] step         step=107100 epoch=15 lr=0.0002 g_loss=2.90686 d_loss=0.13648 cycle_loss=0.13394 identity_loss=0.10876 grad_norm=16.25065
[10034.435s] step         step=107150 epoch=15 lr=0.0002 g_loss=3.49281 d_loss=0.23907 cycle_loss=0.18208 identity_loss=0.20683 grad_norm=22.08133
[10039.647s] step         step=107200 epoch=15 lr=0.0002 g_loss=3.90522 d_loss=0.38693 cycle_loss=0.19904 identity_loss=0.19083 grad_norm=30.95646
[10044.892s] step         step=107250 epoch=15 lr=0.0002 g_loss=3.04134 d_loss=0.25862 cycle_loss=0.15114 identity_loss=0.12437 grad_norm=23.77258
[10050.142s] step         step=107300 epoch=15 lr=0.0002 g_loss=2.86748 d_loss=0.1728 cycle_loss=0.1325 identity_loss=0.11008 grad_norm=15.00562
[10055.342s] step         step=107350 epoch=15 lr=0.0002 g_loss=4.17618 d_loss=0.29682 cycle_loss=0.19578 identity_loss=0.16473 grad_norm=18.50259
[10060.597s] step         step=107400 epoch=15 lr=0.0002 g_loss=4.24867 d_loss=0.3516 cycle_loss=0.1943 identity_loss=0.15483 grad_norm=22.29622
[10065.789s] step         step=107450 epoch=15 lr=0.0002 g_loss=4.26476 d_loss=0.15447 cycle_loss=0.19289 identity_loss=0.17601 grad_norm=20.43585
[10071.203s] step         step=107500 epoch=15 lr=0.0002 g_loss=2.41869 d_loss=0.28556 cycle_loss=0.14599 identity_loss=0.1283 grad_norm=14.34894
[10076.455s] step         step=107550 epoch=15 lr=0.0002 g_loss=3.74381 d_loss=0.36578 cycle_loss=0.19168 identity_loss=0.16637 grad_norm=24.26688
[10081.675s] step         step=107600 epoch=15 lr=0.0002 g_loss=3.41267 d_loss=0.27263 cycle_loss=0.17557 identity_loss=0.15273 grad_norm=21.68804
[10086.879s] step         step=107650 epoch=15 lr=0.0002 g_loss=3.81638 d_loss=0.17143 cycle_loss=0.17262 identity_loss=0.15176 grad_norm=19.17937
[10092.085s] step         step=107700 epoch=15 lr=0.0002 g_loss=2.89786 d_loss=0.35733 cycle_loss=0.15878 identity_loss=0.10731 grad_norm=11.57844
[10097.305s] step         step=107750 epoch=15 lr=0.0002 g_loss=3.45196 d_loss=0.3293 cycle_loss=0.17543 identity_loss=0.11947 grad_norm=21.09295
[10102.542s] step         step=107800 epoch=15 lr=0.0002 g_loss=3.93985 d_loss=0.41466 cycle_loss=0.226 identity_loss=0.17145 grad_norm=19.85812
[10107.798s] step         step=107850 epoch=15 lr=0.0002 g_loss=4.68762 d_loss=0.34685 cycle_loss=0.2421 identity_loss=0.24232 grad_norm=25.2738
[10113.009s] step         step=107900 epoch=15 lr=0.0002 g_loss=3.27434 d_loss=0.51154 cycle_loss=0.14904 identity_loss=0.19585 grad_norm=23.83336
[10118.223s] step         step=107950 epoch=15 lr=0.0002 g_loss=2.86685 d_loss=0.18019 cycle_loss=0.1192 identity_loss=0.11116 grad_norm=21.89765
[10123.994s] step         step=108000 epoch=15 lr=0.0002 g_loss=3.66277 d_loss=0.32021 cycle_loss=0.18983 identity_loss=0.17252 grad_norm=9.77151
[10129.219s] step         step=108050 epoch=15 lr=0.0002 g_loss=3.71139 d_loss=0.23614 cycle_loss=0.17478 identity_loss=0.18423 grad_norm=19.3284
[10134.872s] step         step=108100 epoch=15 lr=0.0002 g_loss=3.16571 d_loss=0.43586 cycle_loss=0.16674 identity_loss=0.14181 grad_norm=10.06677
[10140.072s] step         step=108150 epoch=15 lr=0.0002 g_loss=4.61819 d_loss=0.249 cycle_loss=0.18407 identity_loss=0.17969 grad_norm=20.91372
[10145.282s] step         step=108200 epoch=15 lr=0.0002 g_loss=3.68586 d_loss=0.1167 cycle_loss=0.13966 identity_loss=0.17152 grad_norm=25.85596
[10150.565s] step         step=108250 epoch=15 lr=0.0002 g_loss=3.56732 d_loss=0.15338 cycle_loss=0.19216 identity_loss=0.16193 grad_norm=18.23179
[10155.892s] step         step=108300 epoch=15 lr=0.0002 g_loss=4.46335 d_loss=0.23977 cycle_loss=0.24708 identity_loss=0.15992 grad_norm=14.95299
[10161.227s] step         step=108350 epoch=15 lr=0.0002 g_loss=4.46459 d_loss=0.15137 cycle_loss=0.23129 identity_loss=0.1971 grad_norm=28.13202
[10166.441s] step         step=108400 epoch=15 lr=0.0002 g_loss=3.23557 d_loss=0.34976 cycle_loss=0.16429 identity_loss=0.15085 grad_norm=19.10028
[10171.640s] step         step=108450 epoch=15 lr=0.0002 g_loss=3.05415 d_loss=0.477 cycle_loss=0.1701 identity_loss=0.14249 grad_norm=15.35021
[10176.849s] step         step=108500 epoch=15 lr=0.0002 g_loss=4.06596 d_loss=0.16814 cycle_loss=0.20182 identity_loss=0.15112 grad_norm=18.59588
[10182.093s] step         step=108550 epoch=15 lr=0.0002 g_loss=4.2965 d_loss=0.4235 cycle_loss=0.20623 identity_loss=0.17949 grad_norm=31.02512
[10187.333s] step         step=108600 epoch=15 lr=0.0002 g_loss=4.33015 d_loss=0.23072 cycle_loss=0.22253 identity_loss=0.13892 grad_norm=25.55624
[10192.540s] step         step=108650 epoch=15 lr=0.0002 g_loss=3.74344 d_loss=0.26443 cycle_loss=0.21302 identity_loss=0.19742 grad_norm=19.05625
[10197.733s] step         step=108700 epoch=15 lr=0.0002 g_loss=5.04081 d_loss=0.4807 cycle_loss=0.25667 identity_loss=0.28815 grad_norm=27.22205
[10203.037s] step         step=108750 epoch=15 lr=0.0002 g_loss=4.36534 d_loss=0.20069 cycle_loss=0.2175 identity_loss=0.19446 grad_norm=28.83677
[10208.641s] step         step=108800 epoch=15 lr=0.0002 g_loss=4.26561 d_loss=0.29055 cycle_loss=0.2868 identity_loss=0.15582 grad_norm=67.06989
[10213.773s] step         step=108850 epoch=15 lr=0.0002 g_loss=4.38441 d_loss=0.28407 cycle_loss=0.19077 identity_loss=0.27705 grad_norm=31.0878
[10219.465s] step         step=108900 epoch=15 lr=0.0002 g_loss=3.41891 d_loss=0.38274 cycle_loss=0.1491 identity_loss=0.12643 grad_norm=19.25097
[10225.638s] step         step=108950 epoch=15 lr=0.0002 g_loss=3.40393 d_loss=0.54921 cycle_loss=0.18323 identity_loss=0.17837 grad_norm=19.26989
[10231.840s] step         step=109000 epoch=15 lr=0.0002 g_loss=4.05206 d_loss=0.18172 cycle_loss=0.2118 identity_loss=0.24194 grad_norm=22.05513
[10238.964s] step         step=109050 epoch=15 lr=0.0002 g_loss=5.46646 d_loss=0.44183 cycle_loss=0.24963 identity_loss=0.26052 grad_norm=21.20892
[10246.237s] step         step=109100 epoch=15 lr=0.0002 g_loss=4.70742 d_loss=0.15624 cycle_loss=0.22511 identity_loss=0.19532 grad_norm=26.80508
[10252.576s] step         step=109150 epoch=15 lr=0.0002 g_loss=4.33388 d_loss=0.24133 cycle_loss=0.12378 identity_loss=0.1216 grad_norm=50.63083
[10258.965s] step         step=109200 epoch=15 lr=0.0002 g_loss=3.78603 d_loss=0.22071 cycle_loss=0.18951 identity_loss=0.15659 grad_norm=28.11256
[10265.627s] step         step=109250 epoch=15 lr=0.0002 g_loss=3.08549 d_loss=0.29229 cycle_loss=0.18474 identity_loss=0.14792 grad_norm=25.79297
[10272.736s] step         step=109300 epoch=15 lr=0.0002 g_loss=3.84832 d_loss=0.46656 cycle_loss=0.16859 identity_loss=0.15413 grad_norm=20.49427
[10279.834s] step         step=109350 epoch=15 lr=0.0002 g_loss=4.31158 d_loss=0.2168 cycle_loss=0.20804 identity_loss=0.17918 grad_norm=22.44648
[10286.705s] step         step=109400 epoch=15 lr=0.0002 g_loss=3.26001 d_loss=0.3735 cycle_loss=0.19986 identity_loss=0.15432 grad_norm=18.6754
[10293.987s] step         step=109450 epoch=15 lr=0.0002 g_loss=3.85907 d_loss=0.38231 cycle_loss=0.16515 identity_loss=0.15532 grad_norm=16.88296
[10301.215s] step         step=109500 epoch=15 lr=0.0002 g_loss=3.45859 d_loss=0.35396 cycle_loss=0.16098 identity_loss=0.1308 grad_norm=15.56505
[10307.117s] step         step=109550 epoch=15 lr=0.0002 g_loss=3.7809 d_loss=0.39909 cycle_loss=0.19195 identity_loss=0.18057 grad_norm=21.52042
[10312.954s] step         step=109600 epoch=15 lr=0.0002 g_loss=3.47187 d_loss=0.19457 cycle_loss=0.13531 identity_loss=0.14057 grad_norm=18.81648
[10319.088s] step         step=109650 epoch=15 lr=0.0002 g_loss=3.57429 d_loss=0.26654 cycle_loss=0.20377 identity_loss=0.15717 grad_norm=13.48076
[10324.863s] step         step=109700 epoch=15 lr=0.0002 g_loss=4.1671 d_loss=0.47612 cycle_loss=0.17407 identity_loss=0.19142 grad_norm=22.81696
[10330.738s] step         step=109750 epoch=15 lr=0.0002 g_loss=3.7065 d_loss=0.26635 cycle_loss=0.18774 identity_loss=0.11975 grad_norm=18.3637
[10336.025s] step         step=109800 epoch=15 lr=0.0002 g_loss=3.45774 d_loss=0.17298 cycle_loss=0.16649 identity_loss=0.11101 grad_norm=25.01007
[10340.881s] step         step=109850 epoch=15 lr=0.0002 g_loss=4.31498 d_loss=0.16143 cycle_loss=0.20038 identity_loss=0.21133 grad_norm=23.04625
[10344.816s] step         step=109900 epoch=15 lr=0.0002 g_loss=4.00035 d_loss=0.23614 cycle_loss=0.20356 identity_loss=0.19836 grad_norm=12.16418
[10348.841s] step         step=109950 epoch=15 lr=0.0002 g_loss=3.25625 d_loss=0.41738 cycle_loss=0.16552 identity_loss=0.16083 grad_norm=20.21187
[10352.779s] step         step=110000 epoch=15 lr=0.0002 g_loss=4.80758 d_loss=0.15937 cycle_loss=0.19013 identity_loss=0.16567 grad_norm=27.089
[10356.773s] step         step=110050 epoch=15 lr=0.0002 g_loss=3.34754 d_loss=0.26238 cycle_loss=0.15357 identity_loss=0.14477 grad_norm=15.38104
[10360.696s] step         step=110100 epoch=15 lr=0.0002 g_loss=3.68185 d_loss=0.30296 cycle_loss=0.19598 identity_loss=0.14936 grad_norm=25.91621
[10364.637s] step         step=110150 epoch=15 lr=0.0002 g_loss=4.0359 d_loss=0.14719 cycle_loss=0.18766 identity_loss=0.18888 grad_norm=21.59595
[10368.585s] step         step=110200 epoch=15 lr=0.0002 g_loss=3.94669 d_loss=0.22268 cycle_loss=0.21897 identity_loss=0.22377 grad_norm=21.19741
[10372.628s] step         step=110250 epoch=15 lr=0.0002 g_loss=4.23618 d_loss=0.37294 cycle_loss=0.21609 identity_loss=0.17277 grad_norm=19.17176
[10376.547s] step         step=110300 epoch=15 lr=0.0002 g_loss=3.99692 d_loss=0.25757 cycle_loss=0.21901 identity_loss=0.19052 grad_norm=23.43354
[10380.467s] step         step=110350 epoch=15 lr=0.0002 g_loss=3.79622 d_loss=0.32898 cycle_loss=0.17796 identity_loss=0.18651 grad_norm=14.74566
[10384.389s] step         step=110400 epoch=15 lr=0.0002 g_loss=3.46833 d_loss=0.30072 cycle_loss=0.17776 identity_loss=0.13919 grad_norm=26.86658
[10388.321s] step         step=110450 epoch=15 lr=0.0002 g_loss=4.58277 d_loss=0.34229 cycle_loss=0.26568 identity_loss=0.18339 grad_norm=24.42592
[10392.228s] step         step=110500 epoch=15 lr=0.0002 g_loss=3.03879 d_loss=0.23982 cycle_loss=0.16054 identity_loss=0.13614 grad_norm=21.40626
[10396.227s] step         step=110550 epoch=15 lr=0.0002 g_loss=3.3548 d_loss=0.24985 cycle_loss=0.17755 identity_loss=0.13682 grad_norm=14.36136
[10400.143s] step         step=110600 epoch=15 lr=0.0002 g_loss=4.15357 d_loss=0.11758 cycle_loss=0.17938 identity_loss=0.14899 grad_norm=17.76414
[10404.176s] step         step=110650 epoch=15 lr=0.0002 g_loss=4.70467 d_loss=0.13796 cycle_loss=0.26053 identity_loss=0.18554 grad_norm=28.78063
[10408.087s] step         step=110700 epoch=15 lr=0.0002 g_loss=3.15222 d_loss=0.15985 cycle_loss=0.12672 identity_loss=0.14107 grad_norm=22.20914
[10412.252s] step         step=110750 epoch=15 lr=0.0002 g_loss=7.17955 d_loss=0.15229 cycle_loss=0.38519 identity_loss=0.39828 grad_norm=25.29916
[10416.380s] step         step=110800 epoch=15 lr=0.0002 g_loss=3.81562 d_loss=0.24558 cycle_loss=0.18859 identity_loss=0.18331 grad_norm=25.86094
[10420.328s] step         step=110850 epoch=15 lr=0.0002 g_loss=4.31417 d_loss=0.29203 cycle_loss=0.20835 identity_loss=0.25211 grad_norm=35.91385
[10424.254s] step         step=110900 epoch=15 lr=0.0002 g_loss=4.9902 d_loss=0.26661 cycle_loss=0.25256 identity_loss=0.26161 grad_norm=25.59402
[10428.868s] step         step=110950 epoch=15 lr=0.0002 g_loss=3.34638 d_loss=0.29221 cycle_loss=0.16644 identity_loss=0.17013 grad_norm=21.58638
[10432.774s] step         step=111000 epoch=15 lr=0.0002 g_loss=3.69434 d_loss=0.39951 cycle_loss=0.15951 identity_loss=0.18774 grad_norm=17.60661
[10436.784s] step         step=111050 epoch=15 lr=0.0002 g_loss=4.24675 d_loss=0.18522 cycle_loss=0.19346 identity_loss=0.23958 grad_norm=19.98624
[10440.692s] step         step=111100 epoch=15 lr=0.0002 g_loss=3.73276 d_loss=0.2424 cycle_loss=0.18035 identity_loss=0.18127 grad_norm=24.82276
[10444.598s] step         step=111150 epoch=15 lr=0.0002 g_loss=3.5212 d_loss=0.13032 cycle_loss=0.16091 identity_loss=0.13519 grad_norm=13.09176
[10448.511s] step         step=111200 epoch=15 lr=0.0002 g_loss=3.76972 d_loss=0.40821 cycle_loss=0.20121 identity_loss=0.18752 grad_norm=16.59404
[10452.432s] step         step=111250 epoch=15 lr=0.0002 g_loss=3.32204 d_loss=0.31539 cycle_loss=0.1676 identity_loss=0.14197 grad_norm=15.2449
[10456.371s] step         step=111300 epoch=15 lr=0.0002 g_loss=3.59255 d_loss=0.29958 cycle_loss=0.17766 identity_loss=0.13592 grad_norm=19.83285
[10460.340s] step         step=111350 epoch=15 lr=0.0002 g_loss=3.96787 d_loss=0.17202 cycle_loss=0.17892 identity_loss=0.18694 grad_norm=25.6351
[10464.297s] step         step=111400 epoch=15 lr=0.0002 g_loss=4.53539 d_loss=0.15319 cycle_loss=0.21723 identity_loss=0.16452 grad_norm=35.20666
[10468.277s] step         step=111450 epoch=15 lr=0.0002 g_loss=4.21886 d_loss=0.22965 cycle_loss=0.19337 identity_loss=0.27349 grad_norm=24.02645
[10472.278s] step         step=111500 epoch=15 lr=0.0002 g_loss=4.42281 d_loss=0.13896 cycle_loss=0.23188 identity_loss=0.14911 grad_norm=26.4239
[10476.288s] step         step=111550 epoch=15 lr=0.0002 g_loss=5.87959 d_loss=0.36642 cycle_loss=0.35239 identity_loss=0.28934 grad_norm=41.44092
[10480.207s] step         step=111600 epoch=15 lr=0.0002 g_loss=3.98131 d_loss=0.30763 cycle_loss=0.18309 identity_loss=0.10796 grad_norm=12.72349
[10484.155s] step         step=111650 epoch=15 lr=0.0002 g_loss=3.63007 d_loss=0.4269 cycle_loss=0.20162 identity_loss=0.16513 grad_norm=13.74904
[10488.155s] step         step=111700 epoch=15 lr=0.0002 g_loss=3.79318 d_loss=0.28395 cycle_loss=0.18168 identity_loss=0.1506 grad_norm=24.46639
[10492.132s] step         step=111750 epoch=15 lr=0.0002 g_loss=3.75742 d_loss=0.48341 cycle_loss=0.19864 identity_loss=0.15747 grad_norm=11.62477
[10496.052s] step         step=111800 epoch=15 lr=0.0002 g_loss=4.39634 d_loss=0.20989 cycle_loss=0.21609 identity_loss=0.19334 grad_norm=32.94079
[10499.983s] step         step=111850 epoch=15 lr=0.0002 g_loss=3.68759 d_loss=0.32606 cycle_loss=0.169 identity_loss=0.1734 grad_norm=30.01567
[10503.923s] step         step=111900 epoch=15 lr=0.0002 g_loss=3.74323 d_loss=0.19876 cycle_loss=0.18218 identity_loss=0.16735 grad_norm=15.01736
[10507.873s] step         step=111950 epoch=15 lr=0.0002 g_loss=3.36304 d_loss=0.15294 cycle_loss=0.16408 identity_loss=0.14542 grad_norm=17.01792
[10511.805s] step         step=112000 epoch=15 lr=0.0002 g_loss=4.36321 d_loss=0.14783 cycle_loss=0.1916 identity_loss=0.1277 grad_norm=17.65004
[10515.795s] step         step=112050 epoch=15 lr=0.0002 g_loss=3.7804 d_loss=0.34029 cycle_loss=0.17733 identity_loss=0.15218 grad_norm=28.41648
[10519.723s] step         step=112100 epoch=15 lr=0.0002 g_loss=3.78717 d_loss=0.40685 cycle_loss=0.16842 identity_loss=0.12784 grad_norm=24.21428
[10523.633s] step         step=112150 epoch=15 lr=0.0002 g_loss=3.94309 d_loss=0.38442 cycle_loss=0.23576 identity_loss=0.20034 grad_norm=28.14996
[10527.572s] step         step=112200 epoch=15 lr=0.0002 g_loss=5.12354 d_loss=0.31166 cycle_loss=0.20587 identity_loss=0.16527 grad_norm=26.84355
[10531.497s] step         step=112250 epoch=15 lr=0.0002 g_loss=4.65911 d_loss=0.23183 cycle_loss=0.22693 identity_loss=0.27095 grad_norm=28.98951
[10535.419s] step         step=112300 epoch=15 lr=0.0002 g_loss=3.75584 d_loss=0.15493 cycle_loss=0.16651 identity_loss=0.18088 grad_norm=20.32411
[10539.322s] step         step=112350 epoch=15 lr=0.0002 g_loss=4.08253 d_loss=0.26084 cycle_loss=0.22907 identity_loss=0.18446 grad_norm=24.32441
[10543.299s] step         step=112400 epoch=15 lr=0.0002 g_loss=2.99333 d_loss=0.21395 cycle_loss=0.16509 identity_loss=0.13992 grad_norm=8.66731
[10547.226s] step         step=112450 epoch=15 lr=0.0002 g_loss=3.01351 d_loss=0.33232 cycle_loss=0.15759 identity_loss=0.11291 grad_norm=19.02843
[10551.128s] step         step=112500 epoch=15 lr=0.0002 g_loss=3.82617 d_loss=0.24131 cycle_loss=0.20039 identity_loss=0.16137 grad_norm=22.46065
[10555.179s] step         step=112550 epoch=15 lr=0.0002 g_loss=3.75812 d_loss=0.18279 cycle_loss=0.20276 identity_loss=0.14253 grad_norm=20.66058
[10559.131s] step         step=112600 epoch=15 lr=0.0002 g_loss=4.44346 d_loss=0.31329 cycle_loss=0.22573 identity_loss=0.23128 grad_norm=27.02981
[10559.763s] epoch        epoch=15 step=112608 seconds=10545.7
[10560.068s] checkpoint   epoch=16 step=112608
[10563.619s] step         step=112650 epoch=16 lr=0.0002 g_loss=3.90734 d_loss=0.32396 cycle_loss=0.23049 identity_loss=0.16744 grad_norm=16.47781
[10567.558s] step         step=112700 epoch=16 lr=0.0002 g_loss=4.49605 d_loss=0.24704 cycle_loss=0.23728 identity_loss=0.20191 grad_norm=26.502
[10571.514s] step         step=112750 epoch=16 lr=0.0002 g_loss=6.25037 d_loss=0.30688 cycle_loss=0.32899 identity_loss=0.32327 grad_norm=55.22567
[10575.431s] step         step=112800 epoch=16 lr=0.0002 g_loss=2.433 d_loss=0.20446 cycle_loss=0.12698 identity_loss=0.10551 grad_norm=10.19828
[10579.341s] step         step=112850 epoch=16 lr=0.0002 g_loss=3.87832 d_loss=0.24352 cycle_loss=0.21773 identity_loss=0.16284 grad_norm=33.68089
[10583.264s] step         step=112900 epoch=16 lr=0.0002 g_loss=3.03229 d_loss=0.4401 cycle_loss=0.15898 identity_loss=0.13624 grad_norm=17.88822
[10587.162s] step         step=112950 epoch=16 lr=0.0002 g_loss=4.16777 d_loss=0.21298 cycle_loss=0.1998 identity_loss=0.17797 grad_norm=28.49821
[10591.073s] step         step=113000 epoch=16 lr=0.0002 g_loss=3.09898 d_loss=0.29122 cycle_loss=0.13118 identity_loss=0.15018 grad_norm=21.54712
[10595.031s] step         step=113050 epoch=16 lr=0.0002 g_loss=3.21932 d_loss=0.46601 cycle_loss=0.18285 identity_loss=0.17863 grad_norm=20.13642
[10598.957s] step         step=113100 epoch=16 lr=0.0002 g_loss=3.11255 d_loss=0.2568 cycle_loss=0.16426 identity_loss=0.17482 grad_norm=19.86814
[10602.866s] step         step=113150 epoch=16 lr=0.0002 g_loss=3.42026 d_loss=0.35027 cycle_loss=0.15263 identity_loss=0.16905 grad_norm=13.56898
[10606.795s] step         step=113200 epoch=16 lr=0.0002 g_loss=5.36986 d_loss=0.22483 cycle_loss=0.22515 identity_loss=0.20009 grad_norm=16.34856
[10610.719s] step         step=113250 epoch=16 lr=0.0002 g_loss=3.05017 d_loss=0.21212 cycle_loss=0.14636 identity_loss=0.12555 grad_norm=23.05316
[10614.634s] step         step=113300 epoch=16 lr=0.0002 g_loss=4.16101 d_loss=0.31573 cycle_loss=0.19142 identity_loss=0.14836 grad_norm=21.6699
[10618.546s] step         step=113350 epoch=16 lr=0.0002 g_loss=4.6521 d_loss=0.33776 cycle_loss=0.17297 identity_loss=0.18405 grad_norm=24.6947
[10622.485s] step         step=113400 epoch=16 lr=0.0002 g_loss=3.42274 d_loss=0.12928 cycle_loss=0.16525 identity_loss=0.13169 grad_norm=17.74299
[10626.380s] step         step=113450 epoch=16 lr=0.0002 g_loss=2.86077 d_loss=0.16866 cycle_loss=0.14062 identity_loss=0.10843 grad_norm=18.48238
[10630.295s] step         step=113500 epoch=16 lr=0.0002 g_loss=4.83795 d_loss=0.17133 cycle_loss=0.24731 identity_loss=0.30002 grad_norm=39.54893
[10634.260s] step         step=113550 epoch=16 lr=0.0002 g_loss=5.1222 d_loss=0.52863 cycle_loss=0.27347 identity_loss=0.24425 grad_norm=26.5652
[10638.168s] step         step=113600 epoch=16 lr=0.0002 g_loss=3.23688 d_loss=0.20701 cycle_loss=0.19316 identity_loss=0.12296 grad_norm=25.66167
[10642.086s] step         step=113650 epoch=16 lr=0.0002 g_loss=3.37616 d_loss=0.14086 cycle_loss=0.14817 identity_loss=0.13579 grad_norm=14.33722
[10645.997s] step         step=113700 epoch=16 lr=0.0002 g_loss=3.49935 d_loss=0.16517 cycle_loss=0.1736 identity_loss=0.11339 grad_norm=18.94159
[10649.925s] step         step=113750 epoch=16 lr=0.0002 g_loss=4.68586 d_loss=0.24257 cycle_loss=0.24805 identity_loss=0.27092 grad_norm=27.4776
[10653.849s] step         step=113800 epoch=16 lr=0.0002 g_loss=4.63482 d_loss=0.33605 cycle_loss=0.25725 identity_loss=0.20067 grad_norm=22.29737
[10657.769s] step         step=113850 epoch=16 lr=0.0002 g_loss=3.63484 d_loss=0.32053 cycle_loss=0.16421 identity_loss=0.17138 grad_norm=19.77518
[10661.713s] step         step=113900 epoch=16 lr=0.0002 g_loss=3.90832 d_loss=0.29158 cycle_loss=0.20787 identity_loss=0.20226 grad_norm=25.33737
[10665.635s] step         step=113950 epoch=16 lr=0.0002 g_loss=4.12147 d_loss=0.40418 cycle_loss=0.22478 identity_loss=0.19377 grad_norm=19.15752
[10669.610s] step         step=114000 epoch=16 lr=0.0002 g_loss=4.08833 d_loss=0.21795 cycle_loss=0.2335 identity_loss=0.22537 grad_norm=22.93132
[10673.727s] step         step=114050 epoch=16 lr=0.0002 g_loss=4.09593 d_loss=0.26285 cycle_loss=0.17143 identity_loss=0.16429 grad_norm=27.10424
[10677.670s] step         step=114100 epoch=16 lr=0.0002 g_loss=3.6678 d_loss=0.26148 cycle_loss=0.18955 identity_loss=0.1449 grad_norm=19.81795
[10681.591s] step         step=114150 epoch=16 lr=0.0002 g_loss=3.79004 d_loss=0.28684 cycle_loss=0.24122 identity_loss=0.17237 grad_norm=20.65583
[10685.509s] step         step=114200 epoch=16 lr=0.0002 g_loss=4.06504 d_loss=0.22567 cycle_loss=0.17049 identity_loss=0.16762 grad_norm=23.56096
[10689.416s] step         step=114250 epoch=16 lr=0.0002 g_loss=3.70593 d_loss=0.23879 cycle_loss=0.19728 identity_loss=0.12845 grad_norm=19.61942
[10693.331s] step         step=114300 epoch=16 lr=0.0002 g_loss=3.11438 d_loss=0.20363 cycle_loss=0.13712 identity_loss=0.15566 grad_norm=13.37805
[10697.254s] step         step=114350 epoch=16 lr=0.0002 g_loss=2.99264 d_loss=0.26269 cycle_loss=0.13412 identity_loss=0.10587 grad_norm=18.75773
[10701.176s] step         step=114400 epoch=16 lr=0.0002 g_loss=4.20833 d_loss=0.09745 cycle_loss=0.21089 identity_loss=0.12575 grad_norm=20.80248
[10705.094s] step         step=114450 epoch=16 lr=0.0002 g_loss=4.61724 d_loss=0.36761 cycle_loss=0.24375 identity_loss=0.22309 grad_norm=24.15218
[10708.991s] step         step=114500 epoch=16 lr=0.0002 g_loss=3.22228 d_loss=0.34293 cycle_loss=0.13615 identity_loss=0.11694 grad_norm=17.44676
[10712.996s] step         step=114550 epoch=16 lr=0.0002 g_loss=3.82048 d_loss=0.26311 cycle_loss=0.20241 identity_loss=0.15837 grad_norm=38.06963
[10716.918s] step         step=114600 epoch=16 lr=0.0002 g_loss=3.24816 d_loss=0.32693 cycle_loss=0.18523 identity_loss=0.14533 grad_norm=33.97187
[10720.871s] step         step=114650 epoch=16 lr=0.0002 g_loss=4.44002 d_loss=0.12921 cycle_loss=0.15598 identity_loss=0.16508 grad_norm=20.36721
[10724.863s] step         step=114700 epoch=16 lr=0.0002 g_loss=2.962 d_loss=0.38508 cycle_loss=0.12439 identity_loss=0.13019 grad_norm=19.67106
[10729.267s] step         step=114750 epoch=16 lr=0.0002 g_loss=4.09784 d_loss=0.20134 cycle_loss=0.20536 identity_loss=0.18561 grad_norm=18.03181
[10733.735s] step         step=114800 epoch=16 lr=0.0002 g_loss=4.88288 d_loss=0.40545 cycle_loss=0.18329 identity_loss=0.16864 grad_norm=26.67446
[10738.322s] step         step=114850 epoch=16 lr=0.0002 g_loss=4.31676 d_loss=0.20977 cycle_loss=0.22602 identity_loss=0.13592 grad_norm=19.61112
[10742.260s] step         step=114900 epoch=16 lr=0.0002 g_loss=4.03252 d_loss=0.35554 cycle_loss=0.19827 identity_loss=0.19197 grad_norm=10.93041
[10746.199s] step         step=114950 epoch=16 lr=0.0002 g_loss=3.22682 d_loss=0.30782 cycle_loss=0.16333 identity_loss=0.18255 grad_norm=14.78639
[10750.447s] step         step=115000 epoch=16 lr=0.0002 g_loss=4.16551 d_loss=0.19962 cycle_loss=0.23006 identity_loss=0.19686 grad_norm=32.09535
[10754.475s] step         step=115050 epoch=16 lr=0.0002 g_loss=3.21069 d_loss=0.44827 cycle_loss=0.17186 identity_loss=0.1301 grad_norm=13.65478
[10758.403s] step         step=115100 epoch=16 lr=0.0002 g_loss=4.07008 d_loss=0.2237 cycle_loss=0.20774 identity_loss=0.19974 grad_norm=25.82033
[10762.308s] step         step=115150 epoch=16 lr=0.0002 g_loss=4.22835 d_loss=0.17899 cycle_loss=0.21197 identity_loss=0.22362 grad_norm=20.33092
[10766.209s] step         step=115200 epoch=16 lr=0.0002 g_loss=3.10813 d_loss=0.22681 cycle_loss=0.15836 identity_loss=0.12204 grad_norm=16.36149
[10770.206s] step         step=115250 epoch=16 lr=0.0002 g_loss=3.04738 d_loss=0.37938 cycle_loss=0.1561 identity_loss=0.12303 grad_norm=15.64999
[10774.166s] step         step=115300 epoch=16 lr=0.0002 g_loss=4.05898 d_loss=0.17562 cycle_loss=0.19711 identity_loss=0.11153 grad_norm=27.74116
[10778.115s] step         step=115350 epoch=16 lr=0.0002 g_loss=4.12383 d_loss=0.17715 cycle_loss=0.17949 identity_loss=0.15907 grad_norm=19.9389
[10782.112s] step         step=115400 epoch=16 lr=0.0002 g_loss=3.44356 d_loss=0.29015 cycle_loss=0.18216 identity_loss=0.15537 grad_norm=16.65077
[10786.046s] step         step=115450 epoch=16 lr=0.0002 g_loss=3.96882 d_loss=0.39767 cycle_loss=0.20675 identity_loss=0.18059 grad_norm=15.66849
[10789.985s] step         step=115500 epoch=16 lr=0.0002 g_loss=2.83066 d_loss=0.27602 cycle_loss=0.13806 identity_loss=0.1147 grad_norm=14.79069
[10794.041s] step         step=115550 epoch=16 lr=0.0002 g_loss=4.35566 d_loss=0.13403 cycle_loss=0.16229 identity_loss=0.1481 grad_norm=20.92965
[10797.939s] step         step=115600 epoch=16 lr=0.0002 g_loss=4.94521 d_loss=0.21257 cycle_loss=0.27898 identity_loss=0.21777 grad_norm=39.3413
[10801.864s] step         step=115650 epoch=16 lr=0.0002 g_loss=2.79814 d_loss=0.27362 cycle_loss=0.15893 identity_loss=0.12245 grad_norm=18.11875
[10805.794s] step         step=115700 epoch=16 lr=0.0002 g_loss=3.46742 d_loss=0.28357 cycle_loss=0.17965 identity_loss=0.13518 grad_norm=14.45736
[10809.705s] step         step=115750 epoch=16 lr=0.0002 g_loss=3.75673 d_loss=0.1724 cycle_loss=0.17151 identity_loss=0.13994 grad_norm=36.14735
[10813.617s] step         step=115800 epoch=16 lr=0.0002 g_loss=2.66443 d_loss=0.19667 cycle_loss=0.12661 identity_loss=0.12909 grad_norm=9.86617
[10817.516s] step         step=115850 epoch=16 lr=0.0002 g_loss=3.02538 d_loss=0.23938 cycle_loss=0.15262 identity_loss=0.123 grad_norm=15.93655
[10821.427s] step         step=115900 epoch=16 lr=0.0002 g_loss=3.24605 d_loss=0.28342 cycle_loss=0.17221 identity_loss=0.14825 grad_norm=16.16628
[10825.348s] step         step=115950 epoch=16 lr=0.0002 g_loss=2.96598 d_loss=0.443 cycle_loss=0.13193 identity_loss=0.15629 grad_norm=23.11878
[10829.258s] step         step=116000 epoch=16 lr=0.0002 g_loss=3.6156 d_loss=0.25743 cycle_loss=0.1713 identity_loss=0.16556 grad_norm=17.92889
[10833.240s] step         step=116050 epoch=16 lr=0.0002 g_loss=3.42547 d_loss=0.44174 cycle_loss=0.13452 identity_loss=0.1173 grad_norm=18.04081
[10837.164s] step         step=116100 epoch=16 lr=0.0002 g_loss=4.8901 d_loss=0.12149 cycle_loss=0.26592 identity_loss=0.25676 grad_norm=24.26652
[10841.085s] step         step=116150 epoch=16 lr=0.0002 g_loss=5.53968 d_loss=0.338 cycle_loss=0.27863 identity_loss=0.2882 grad_norm=23.61588
[10844.986s] step         step=116200 epoch=16 lr=0.0002 g_loss=3.04172 d_loss=0.19386 cycle_loss=0.16497 identity_loss=0.1341 grad_norm=17.94965
[10848.909s] step         step=116250 epoch=16 lr=0.0002 g_loss=4.06215 d_loss=0.30356 cycle_loss=0.17938 identity_loss=0.1544 grad_norm=24.22042
[10852.825s] step         step=116300 epoch=16 lr=0.0002 g_loss=3.45052 d_loss=0.32844 cycle_loss=0.1761 identity_loss=0.13244 grad_norm=20.3532
[10856.747s] step         step=116350 epoch=16 lr=0.0002 g_loss=4.89415 d_loss=0.20589 cycle_loss=0.27608 identity_loss=0.16442 grad_norm=21.90592
[10860.669s] step         step=116400 epoch=16 lr=0.0002 g_loss=3.15623 d_loss=0.31167 cycle_loss=0.15431 identity_loss=0.1386 grad_norm=15.72838
[10864.710s] step         step=116450 epoch=16 lr=0.0002 g_loss=3.11127 d_loss=0.32751 cycle_loss=0.15602 identity_loss=0.14354 grad_norm=20.09448
[10868.636s] step         step=116500 epoch=16 lr=0.0002 g_loss=3.44329 d_loss=0.10914 cycle_loss=0.13571 identity_loss=0.11869 grad_norm=22.5368
[10872.626s] step         step=116550 epoch=16 lr=0.0002 g_loss=3.42656 d_loss=0.30334 cycle_loss=0.15353 identity_loss=0.14837 grad_norm=19.80796
[10876.538s] step         step=116600 epoch=16 lr=0.0002 g_loss=3.73181 d_loss=0.29194 cycle_loss=0.20544 identity_loss=0.14541 grad_norm=21.07975
[10880.464s] step         step=116650 epoch=16 lr=0.0002 g_loss=2.85097 d_loss=0.2085 cycle_loss=0.13006 identity_loss=0.0967 grad_norm=15.33649
[10884.369s] step         step=116700 epoch=16 lr=0.0002 g_loss=3.69324 d_loss=0.31172 cycle_loss=0.13116 identity_loss=0.13556 grad_norm=20.06846
[10888.258s] step         step=116750 epoch=16 lr=0.0002 g_loss=3.22855 d_loss=0.26864 cycle_loss=0.15273 identity_loss=0.14131 grad_norm=18.98461
[10892.195s] step         step=116800 epoch=16 lr=0.0002 g_loss=6.33712 d_loss=0.46751 cycle_loss=0.45401 identity_loss=0.27157 grad_norm=53.20476
[10896.086s] step         step=116850 epoch=16 lr=0.0002 g_loss=4.26603 d_loss=0.34939 cycle_loss=0.23635 identity_loss=0.23776 grad_norm=21.96276
[10900.062s] step         step=116900 epoch=16 lr=0.0002 g_loss=3.35636 d_loss=0.22376 cycle_loss=0.15365 identity_loss=0.13963 grad_norm=29.06371
[10903.972s] step         step=116950 epoch=16 lr=0.0002 g_loss=4.02662 d_loss=0.12153 cycle_loss=0.18044 identity_loss=0.16478 grad_norm=23.86816
[10907.910s] step         step=117000 epoch=16 lr=0.0002 g_loss=3.80564 d_loss=0.18262 cycle_loss=0.16813 identity_loss=0.15704 grad_norm=24.62985
[10911.887s] step         step=117050 epoch=16 lr=0.0002 g_loss=3.25538 d_loss=0.1797 cycle_loss=0.18772 identity_loss=0.1317 grad_norm=23.70246
[10915.830s] step         step=117100 epoch=16 lr=0.0002 g_loss=3.49968 d_loss=0.24829 cycle_loss=0.2011 identity_loss=0.17247 grad_norm=19.57183
[10919.756s] step         step=117150 epoch=16 lr=0.0002 g_loss=3.32776 d_loss=0.26452 cycle_loss=0.15502 identity_loss=0.16607 grad_norm=13.04127
[10923.652s] step         step=117200 epoch=16 lr=0.0002 g_loss=4.8232 d_loss=0.2172 cycle_loss=0.26592 identity_loss=0.13581 grad_norm=35.48083
[10927.755s] step         step=117250 epoch=16 lr=0.0002 g_loss=5.76352 d_loss=0.19768 cycle_loss=0.32726 identity_loss=0.29823 grad_norm=30.2039
[10932.266s] step         step=117300 epoch=16 lr=0.0002 g_loss=3.26015 d_loss=0.24638 cycle_loss=0.1709 identity_loss=0.13136 grad_norm=27.44583
[10936.816s] step         step=117350 epoch=16 lr=0.0002 g_loss=3.61187 d_loss=0.16229 cycle_loss=0.16539 identity_loss=0.14478 grad_norm=22.44656
[10943.238s] step         step=117400 epoch=16 lr=0.0002 g_loss=3.31316 d_loss=0.16164 cycle_loss=0.1582 identity_loss=0.14827 grad_norm=17.82305
[10949.720s] step         step=117450 epoch=16 lr=0.0002 g_loss=3.64511 d_loss=0.21568 cycle_loss=0.18767 identity_loss=0.17904 grad_norm=20.46284
[10956.054s] step         step=117500 epoch=16 lr=0.0002 g_loss=2.80451 d_loss=0.33374 cycle_loss=0.13478 identity_loss=0.13257 grad_norm=19.38675
[10962.116s] step         step=117550 epoch=16 lr=0.0002 g_loss=5.00042 d_loss=0.1636 cycle_loss=0.24511 identity_loss=0.16761 grad_norm=32.63997
[10968.381s] step         step=117600 epoch=16 lr=0.0002 g_loss=3.73084 d_loss=0.30862 cycle_loss=0.17671 identity_loss=0.20047 grad_norm=26.07333
[10973.767s] step         step=117650 epoch=16 lr=0.0002 g_loss=4.20779 d_loss=0.17366 cycle_loss=0.19788 identity_loss=0.17758 grad_norm=23.00029
[10980.046s] step         step=117700 epoch=16 lr=0.0002 g_loss=4.64903 d_loss=0.19597 cycle_loss=0.25039 identity_loss=0.13658 grad_norm=32.42609
[10986.446s] step         step=117750 epoch=16 lr=0.0002 g_loss=3.11721 d_loss=0.12325 cycle_loss=0.13536 identity_loss=0.10504 grad_norm=20.52328
[10992.863s] step         step=117800 epoch=16 lr=0.0002 g_loss=4.1385 d_loss=0.22457 cycle_loss=0.17738 identity_loss=0.15192 grad_norm=20.14742
[10999.064s] step         step=117850 epoch=16 lr=0.0002 g_loss=3.56711 d_loss=0.20942 cycle_loss=0.17116 identity_loss=0.13911 grad_norm=21.47626
[11005.170s] step         step=117900 epoch=16 lr=0.0002 g_loss=4.21194 d_loss=0.18578 cycle_loss=0.19613 identity_loss=0.13814 grad_norm=13.67796
[11011.596s] step         step=117950 epoch=16 lr=0.0002 g_loss=2.61928 d_loss=0.55237 cycle_loss=0.11395 identity_loss=0.13972 grad_norm=11.29533
[11017.922s] step         step=118000 epoch=16 lr=0.0002 g_loss=3.38033 d_loss=0.53003 cycle_loss=0.16502 identity_loss=0.10251 grad_norm=13.59417
[11023.283s] step         step=118050 epoch=16 lr=0.0002 g_loss=3.31205 d_loss=0.25126 cycle_loss=0.16593 identity_loss=0.14508 grad_norm=25.38767
[11028.262s] step         step=118100 epoch=16 lr=0.0002 g_loss=3.95374 d_loss=0.324 cycle_loss=0.21488 identity_loss=0.16285 grad_norm=20.5101
[11033.685s] step         step=118150 epoch=16 lr=0.0002 g_loss=3.19853 d_loss=0.48668 cycle_loss=0.15936 identity_loss=0.14106 grad_norm=13.16493
[11039.009s] step         step=118200 epoch=16 lr=0.0002 g_loss=3.93735 d_loss=0.18087 cycle_loss=0.1821 identity_loss=0.15865 grad_norm=20.21499
[11043.632s] step         step=118250 epoch=16 lr=0.0002 g_loss=3.18539 d_loss=0.20813 cycle_loss=0.14468 identity_loss=0.17568 grad_norm=22.67838
[11048.224s] step         step=118300 epoch=16 lr=0.0002 g_loss=4.8034 d_loss=0.26974 cycle_loss=0.22715 identity_loss=0.20722 grad_norm=31.65011
[11053.772s] step         step=118350 epoch=16 lr=0.0002 g_loss=2.92313 d_loss=0.26316 cycle_loss=0.16206 identity_loss=0.12961 grad_norm=23.22335
[11059.546s] step         step=118400 epoch=16 lr=0.0002 g_loss=3.73445 d_loss=0.37998 cycle_loss=0.19147 identity_loss=0.1568 grad_norm=25.37008
[11065.233s] step         step=118450 epoch=16 lr=0.0002 g_loss=5.55955 d_loss=0.07923 cycle_loss=0.31736 identity_loss=0.19781 grad_norm=35.12038
[11071.593s] step         step=118500 epoch=16 lr=0.0002 g_loss=2.80906 d_loss=0.21105 cycle_loss=0.15538 identity_loss=0.12394 grad_norm=19.51101
[11075.595s] step         step=118550 epoch=16 lr=0.0002 g_loss=3.06083 d_loss=0.23775 cycle_loss=0.16347 identity_loss=0.12698 grad_norm=28.42766
[11079.514s] step         step=118600 epoch=16 lr=0.0002 g_loss=5.8968 d_loss=0.22266 cycle_loss=0.30832 identity_loss=0.18673 grad_norm=87.23225
[11083.675s] step         step=118650 epoch=16 lr=0.0002 g_loss=4.43915 d_loss=0.28905 cycle_loss=0.20332 identity_loss=0.1649 grad_norm=25.72735
[11087.628s] step         step=118700 epoch=16 lr=0.0002 g_loss=3.4051 d_loss=0.18143 cycle_loss=0.15263 identity_loss=0.20518 grad_norm=19.14662
[11091.553s] step         step=118750 epoch=16 lr=0.0002 g_loss=3.4792 d_loss=0.40442 cycle_loss=0.1822 identity_loss=0.14503 grad_norm=20.74749
[11095.517s] step         step=118800 epoch=16 lr=0.0002 g_loss=2.78625 d_loss=0.34254 cycle_loss=0.15292 identity_loss=0.13114 grad_norm=9.40012
[11099.430s] step         step=118850 epoch=16 lr=0.0002 g_loss=3.32206 d_loss=0.14961 cycle_loss=0.17375 identity_loss=0.14437 grad_norm=18.47189
[11103.320s] step         step=118900 epoch=16 lr=0.0002 g_loss=3.83459 d_loss=0.32793 cycle_loss=0.23025 identity_loss=0.15538 grad_norm=29.24587
[11107.241s] step         step=118950 epoch=16 lr=0.0002 g_loss=5.4054 d_loss=0.27861 cycle_loss=0.34103 identity_loss=0.31884 grad_norm=21.58717
[11111.189s] step         step=119000 epoch=16 lr=0.0002 g_loss=3.38291 d_loss=0.31773 cycle_loss=0.14663 identity_loss=0.20525 grad_norm=12.20398
[11115.300s] step         step=119050 epoch=16 lr=0.0002 g_loss=4.79112 d_loss=0.39544 cycle_loss=0.22694 identity_loss=0.2469 grad_norm=14.76109
[11119.192s] step         step=119100 epoch=16 lr=0.0002 g_loss=3.13622 d_loss=0.19515 cycle_loss=0.13967 identity_loss=0.12613 grad_norm=12.26954
[11123.124s] step         step=119150 epoch=16 lr=0.0002 g_loss=5.19008 d_loss=0.23671 cycle_loss=0.25925 identity_loss=0.24954 grad_norm=42.90941
[11127.004s] step         step=119200 epoch=16 lr=0.0002 g_loss=4.0133 d_loss=0.33711 cycle_loss=0.21874 identity_loss=0.18816 grad_norm=27.65271
[11130.929s] step         step=119250 epoch=16 lr=0.0002 g_loss=3.15901 d_loss=0.3111 cycle_loss=0.16556 identity_loss=0.14069 grad_norm=13.45828
[11134.876s] step         step=119300 epoch=16 lr=0.0002 g_loss=3.18664 d_loss=0.32246 cycle_loss=0.15529 identity_loss=0.14445 grad_norm=20.05032
[11138.776s] step         step=119350 epoch=16 lr=0.0002 g_loss=3.72903 d_loss=0.29942 cycle_loss=0.17731 identity_loss=0.1409 grad_norm=17.12686
[11142.708s] step         step=119400 epoch=16 lr=0.0002 g_loss=4.16927 d_loss=0.25623 cycle_loss=0.20246 identity_loss=0.16254 grad_norm=28.35342
[11146.618s] step         step=119450 epoch=16 lr=0.0002 g_loss=3.34585 d_loss=0.28742 cycle_loss=0.17517 identity_loss=0.14286 grad_norm=21.25278
[11150.545s] step         step=119500 epoch=16 lr=0.0002 g_loss=3.23666 d_loss=0.2596 cycle_loss=0.13924 identity_loss=0.14526 grad_norm=18.63533
[11154.597s] step         step=119550 epoch=16 lr=0.0002 g_loss=4.29104 d_loss=0.7197 cycle_loss=0.21815 identity_loss=0.24999 grad_norm=28.08508
[11158.494s] step         step=119600 epoch=16 lr=0.0002 g_loss=4.28505 d_loss=0.26996 cycle_loss=0.18349 identity_loss=0.17624 grad_norm=22.31877
[11162.101s] epoch        epoch=16 step=119646 seconds=11148.1
[11162.402s] checkpoint   epoch=17 step=119646
[11162.728s] step         step=119650 epoch=17 lr=0.0002 g_loss=3.32758 d_loss=0.31746 cycle_loss=0.17742 identity_loss=0.14342 grad_norm=17.81897
[11166.650s] step         step=119700 epoch=17 lr=0.0002 g_loss=3.26047 d_loss=0.37566 cycle_loss=0.15368 identity_loss=0.11144 grad_norm=37.13361
[11170.574s] step         step=119750 epoch=17 lr=0.0002 g_loss=4.00817 d_loss=0.30639 cycle_loss=0.22044 identity_loss=0.15687 grad_norm=21.94788
[11174.666s] step         step=119800 epoch=17 lr=0.0002 g_loss=3.25054 d_loss=0.15732 cycle_loss=0.14303 identity_loss=0.19729 grad_norm=23.77964
[11178.907s] step         step=119850 epoch=17 lr=0.0002 g_loss=4.28174 d_loss=0.18485 cycle_loss=0.20224 identity_loss=0.14454 grad_norm=25.33167
[11182.836s] step         step=119900 epoch=17 lr=0.0002 g_loss=3.6663 d_loss=0.18966 cycle_loss=0.17394 identity_loss=0.18501 grad_norm=24.51881
[11186.753s] step         step=119950 epoch=17 lr=0.0002 g_loss=3.61937 d_loss=0.3345 cycle_loss=0.19862 identity_loss=0.2049 grad_norm=25.32396
[11190.847s] step         step=120000 epoch=17 lr=0.0002 g_loss=3.17688 d_loss=0.13952 cycle_loss=0.16799 identity_loss=0.12254 grad_norm=19.75517
[11194.863s] step         step=120050 epoch=17 lr=0.0002 g_loss=5.32945 d_loss=0.25624 cycle_loss=0.26354 identity_loss=0.19909 grad_norm=25.48199
[11198.777s] step         step=120100 epoch=17 lr=0.0002 g_loss=3.46771 d_loss=0.17545 cycle_loss=0.15068 identity_loss=0.13901 grad_norm=15.87778
[11202.693s] step         step=120150 epoch=17 lr=0.0002 g_loss=3.88656 d_loss=0.27007 cycle_loss=0.19234 identity_loss=0.17467 grad_norm=17.14251
[11206.651s] step         step=120200 epoch=17 lr=0.0002 g_loss=5.40056 d_loss=0.49233 cycle_loss=0.25682 identity_loss=0.2273 grad_norm=34.92148
[11210.564s] step         step=120250 epoch=17 lr=0.0002 g_loss=3.75295 d_loss=0.23877 cycle_loss=0.22302 identity_loss=0.15741 grad_norm=27.01344
[11214.474s] step         step=120300 epoch=17 lr=0.0002 g_loss=3.40092 d_loss=0.41057 cycle_loss=0.17823 identity_loss=0.12847 grad_norm=21.16122
[11218.399s] step         step=120350 epoch=17 lr=0.0002 g_loss=3.14189 d_loss=0.33347 cycle_loss=0.16838 identity_loss=0.1395 grad_norm=13.25895
[11222.433s] step         step=120400 epoch=17 lr=0.0002 g_loss=4.1066 d_loss=0.27629 cycle_loss=0.17167 identity_loss=0.11829 grad_norm=22.95459
[11226.406s] step         step=120450 epoch=17 lr=0.0002 g_loss=3.25394 d_loss=0.19125 cycle_loss=0.14145 identity_loss=0.1044 grad_norm=26.06703
[11230.654s] step         step=120500 epoch=17 lr=0.0002 g_loss=3.39486 d_loss=0.25694 cycle_loss=0.17666 identity_loss=0.15103 grad_norm=14.25088
[11234.605s] step         step=120550 epoch=17 lr=0.0002 g_loss=3.93089 d_loss=0.13473 cycle_loss=0.23686 identity_loss=0.1801 grad_norm=24.70475
[11238.542s] step         step=120600 epoch=17 lr=0.0002 g_loss=4.49049 d_loss=0.41685 cycle_loss=0.14126 identity_loss=0.15166 grad_norm=15.7549
[11242.465s] step         step=120650 epoch=17 lr=0.0002 g_loss=4.05403 d_loss=0.19621 cycle_loss=0.14612 identity_loss=0.14303 grad_norm=21.6387
[11246.375s] step         step=120700 epoch=17 lr=0.0002 g_loss=2.73046 d_loss=0.29887 cycle_loss=0.14302 identity_loss=0.12821 grad_norm=14.87746
[11250.386s] step         step=120750 epoch=17 lr=0.0002 g_loss=3.26395 d_loss=0.30425 cycle_loss=0.15378 identity_loss=0.13986 grad_norm=14.0593
[11254.308s] step         step=120800 epoch=17 lr=0.0002 g_loss=3.56507 d_loss=0.30378 cycle_loss=0.19622 identity_loss=0.17696 grad_norm=17.32383
[11258.666s] step         step=120850 epoch=17 lr=0.0002 g_loss=2.92843 d_loss=0.30774 cycle_loss=0.15852 identity_loss=0.15092 grad_norm=13.1832
[11262.570s] step         step=120900 epoch=17 lr=0.0002 g_loss=4.33396 d_loss=0.20887 cycle_loss=0.21993 identity_loss=0.20065 grad_norm=35.41195
[11266.476s] step         step=120950 epoch=17 lr=0.0002 g_loss=3.81252 d_loss=0.15308 cycle_loss=0.14421 identity_loss=0.14263 grad_norm=17.28188
[11270.609s] step         step=121000 epoch=17 lr=0.0002 g_loss=2.93226 d_loss=0.39388 cycle_loss=0.14895 identity_loss=0.11488 grad_norm=15.24987
[11274.632s] step         step=121050 epoch=17 lr=0.0002 g_loss=4.28735 d_loss=0.22926 cycle_loss=0.1918 identity_loss=0.18306 grad_norm=21.20705
[11278.547s] step         step=121100 epoch=17 lr=0.0002 g_loss=3.7186 d_loss=0.23551 cycle_loss=0.19962 identity_loss=0.18322 grad_norm=20.74102
[11282.516s] step         step=121150 epoch=17 lr=0.0002 g_loss=3.66105 d_loss=0.11476 cycle_loss=0.17112 identity_loss=0.13059 grad_norm=16.06119
[11286.432s] step         step=121200 epoch=17 lr=0.0002 g_loss=3.82415 d_loss=0.17137 cycle_loss=0.15224 identity_loss=0.15424 grad_norm=26.6996
[11290.420s] step         step=121250 epoch=17 lr=0.0002 g_loss=3.50255 d_loss=0.20588 cycle_loss=0.17412 identity_loss=0.21418 grad_norm=13.52528
[11294.321s] step         step=121300 epoch=17 lr=0.0002 g_loss=4.20697 d_loss=0.43536 cycle_loss=0.25831 identity_loss=0.15263 grad_norm=27.58757
[11298.402s] step         step=121350 epoch=17 lr=0.0002 g_loss=3.92174 d_loss=0.2055 cycle_loss=0.13365 identity_loss=0.21678 grad_norm=26.71498
[11302.330s] step         step=121400 epoch=17 lr=0.0002 g_loss=3.27607 d_loss=0.18569 cycle_loss=0.15882 identity_loss=0.1113 grad_norm=14.99276
[11306.240s] step         step=121450 epoch=17 lr=0.0002 g_loss=4.39089 d_loss=0.18052 cycle_loss=0.21797 identity_loss=0.24048 grad_norm=18.20576
[11310.156s] step         step=121500 epoch=17 lr=0.0002 g_loss=3.38954 d_loss=0.23857 cycle_loss=0.16073 identity_loss=0.13204 grad_norm=16.72587
[11314.348s] step         step=121550 epoch=17 lr=0.0002 g_loss=3.25194 d_loss=0.33482 cycle_loss=0.16668 identity_loss=0.10578 grad_norm=21.2611
[11318.277s] step         step=121600 epoch=17 lr=0.0002 g_loss=5.6963 d_loss=0.33727 cycle_loss=0.29626 identity_loss=0.255 grad_norm=26.54531
[11322.175s] step         step=121650 epoch=17 lr=0.0002 g_loss=3.49507 d_loss=0.16275 cycle_loss=0.14777 identity_loss=0.13421 grad_norm=22.58132
[11326.088s] step         step=121700 epoch=17 lr=0.0002 g_loss=6.0151 d_loss=0.08827 cycle_loss=0.31974 identity_loss=0.30994 grad_norm=31.51249
[11329.977s] step         step=121750 epoch=17 lr=0.0002 g_loss=4.41952 d_loss=0.29687 cycle_loss=0.21065 identity_loss=0.18165 grad_norm=26.81443
[11333.915s] step         step=121800 epoch=17 lr=0.0002 g_loss=2.90459 d_loss=0.4126 cycle_loss=0.13457 identity_loss=0.14698 grad_norm=15.92869
[11337.839s] step         step=121850 epoch=17 lr=0.0002 g_loss=4.75182 d_loss=0.41719 cycle_loss=0.24472 identity_loss=0.24115 grad_norm=21.06931
[11341.768s] step         step=121900 epoch=17 lr=0.0002 g_loss=3.20865 d_loss=0.23437 cycle_loss=0.14543 identity_loss=0.14854 grad_norm=17.10292
[11345.671s] step         step=121950 epoch=17 lr=0.0002 g_loss=4.39063 d_loss=0.24332 cycle_loss=0.25746 identity_loss=0.2159 grad_norm=22.44861
[11349.605s] step         step=122000 epoch=17 lr=0.0002 g_loss=3.10662 d_loss=0.29665 cycle_loss=0.17274 identity_loss=0.11999 grad_norm=20.66929
[11353.730s] step         step=122050 epoch=17 lr=0.0002 g_loss=5.14394 d_loss=0.26084 cycle_loss=0.27963 identity_loss=0.21741 grad_norm=29.64979
[11357.918s] step         step=122100 epoch=17 lr=0.0002 g_loss=3.432 d_loss=0.30191 cycle_loss=0.18085 identity_loss=0.15804 grad_norm=17.79664
[11362.110s] step         step=122150 epoch=17 lr=0.0002 g_loss=3.66732 d_loss=0.10445 cycle_loss=0.17131 identity_loss=0.13356 grad_norm=17.21104
[11366.232s] step         step=122200 epoch=17 lr=0.0002 g_loss=4.26021 d_loss=0.17661 cycle_loss=0.22223 identity_loss=0.18777 grad_norm=23.82295
[11370.322s] step         step=122250 epoch=17 lr=0.0002 g_loss=4.11023 d_loss=0.20814 cycle_loss=0.17957 identity_loss=0.16475 grad_norm=24.33984
[11374.243s] step         step=122300 epoch=17 lr=0.0002 g_loss=3.66485 d_loss=0.1751 cycle_loss=0.17699 identity_loss=0.15882 grad_norm=15.87109
[11378.171s] step         step=122350 epoch=17 lr=0.0002 g_loss=3.80179 d_loss=0.41635 cycle_loss=0.19589 identity_loss=0.20574 grad_norm=16.70576
[11382.112s] step         step=122400 epoch=17 lr=0.0002 g_loss=2.81469 d_loss=0.51135 cycle_loss=0.13985 identity_loss=0.12688 grad_norm=14.83748
[11386.114s] step         step=122450 epoch=17 lr=0.0002 g_loss=3.06635 d_loss=0.17431 cycle_loss=0.1445 identity_loss=0.09503 grad_norm=16.32497
[11390.028s] step         step=122500 epoch=17 lr=0.0002 g_loss=3.38854 d_loss=0.37528 cycle_loss=0.15627 identity_loss=0.10882 grad_norm=18.57484
[11394.280s] step         step=122550 epoch=17 lr=0.0002 g_loss=3.98525 d_loss=0.07823 cycle_loss=0.16124 identity_loss=0.13112 grad_norm=21.40549
[11398.216s] step         step=122600 epoch=17 lr=0.0002 g_loss=3.87219 d_loss=0.23497 cycle_loss=0.23038 identity_loss=0.1618 grad_norm=18.86308
[11402.163s] step         step=122650 epoch=17 lr=0.0002 g_loss=2.54999 d_loss=0.27945 cycle_loss=0.14673 identity_loss=0.13493 grad_norm=16.29753
[11406.179s] step         step=122700 epoch=17 lr=0.0002 g_loss=4.10974 d_loss=0.15172 cycle_loss=0.16693 identity_loss=0.18888 grad_norm=21.94701
[11410.087s] step         step=122750 epoch=17 lr=0.0002 g_loss=4.72707 d_loss=0.1505 cycle_loss=0.21824 identity_loss=0.17413 grad_norm=26.92733
[11414.145s] step         step=122800 epoch=17 lr=0.0002 g_loss=4.21664 d_loss=0.33156 cycle_loss=0.24613 identity_loss=0.18443 grad_norm=21.26338
[11418.151s] step         step=122850 epoch=17 lr=0.0002 g_loss=3.71225 d_loss=0.15022 cycle_loss=0.15196 identity_loss=0.12829 grad_norm=16.04117
[11422.048s] step         step=122900 epoch=17 lr=0.0002 g_loss=4.64179 d_loss=0.19254 cycle_loss=0.24098 identity_loss=0.19287 grad_norm=21.55393
[11425.956s] step         step=122950 epoch=17 lr=0.0002 g_loss=2.44691 d_loss=0.48729 cycle_loss=0.13385 identity_loss=0.10282 grad_norm=13.43088
[11429.878s] step         step=123000 epoch=17 lr=0.0002 g_loss=3.47009 d_loss=0.30066 cycle_loss=0.22232 identity_loss=0.12705 grad_norm=20.63093
[11433.879s] step         step=123050 epoch=17 lr=0.0002 g_loss=4.16636 d_loss=0.18951 cycle_loss=0.19938 identity_loss=0.15145 grad_norm=20.41347
[11437.799s] step         step=123100 epoch=17 lr=0.0002 g_loss=5.74287 d_loss=0.17268 cycle_loss=0.26522 identity_loss=0.25402 grad_norm=26.18705
[11441.722s] step         step=123150 epoch=17 lr=0.0002 g_loss=3.15819 d_loss=0.25001 cycle_loss=0.16149 identity_loss=0.15327 grad_norm=12.22632
[11445.655s] step         step=123200 epoch=17 lr=0.0002 g_loss=3.75065 d_loss=0.29258 cycle_loss=0.1852 identity_loss=0.17261 grad_norm=23.35267
[11449.567s] step         step=123250 epoch=17 lr=0.0002 g_loss=4.48838 d_loss=0.1606 cycle_loss=0.21606 identity_loss=0.21114 grad_norm=17.4002
[11453.483s] step         step=123300 epoch=17 lr=0.0002 g_loss=3.77097 d_loss=0.27701 cycle_loss=0.15392 identity_loss=0.12776 grad_norm=20.68217
[11457.400s] step         step=123350 epoch=17 lr=0.0002 g_loss=4.31062 d_loss=0.38388 cycle_loss=0.22424 identity_loss=0.22784 grad_norm=22.58849
[11461.315s] step         step=123400 epoch=17 lr=0.0002 g_loss=3.73591 d_loss=0.18437 cycle_loss=0.17306 identity_loss=0.18408 grad_norm=22.76497
[11465.235s] step         step=123450 epoch=17 lr=0.0002 g_loss=5.82868 d_loss=0.34953 cycle_loss=0.36194 identity_loss=0.28026 grad_norm=43.47873
[11469.143s] step         step=123500 epoch=17 lr=0.0002 g_loss=3.53919 d_loss=0.24817 cycle_loss=0.18025 identity_loss=0.16694 grad_norm=24.88844
[11473.108s] step         step=123550 epoch=17 lr=0.0002 g_loss=3.87754 d_loss=0.17977 cycle_loss=0.13781 identity_loss=0.15084 grad_norm=18.02155
[11477.030s] step         step=123600 epoch=17 lr=0.0002 g_loss=3.22647 d_loss=0.36232 cycle_loss=0.17935 identity_loss=0.14376 grad_norm=16.33195
[11480.950s] step         step=123650 epoch=17 lr=0.0002 g_loss=4.42356 d_loss=0.42529 cycle_loss=0.2116 identity_loss=0.1646 grad_norm=32.09496
[11484.874s] step         step=123700 epoch=17 lr=0.0002 g_loss=3.12768 d_loss=0.15346 cycle_loss=0.15438 identity_loss=0.13464 grad_norm=26.62037
[11488.796s] step         step=123750 epoch=17 lr=0.0002 g_loss=3.64109 d_loss=0.26765 cycle_loss=0.19394 identity_loss=0.20924 grad_norm=19.1247
[11493.138s] step         step=123800 epoch=17 lr=0.0002 g_loss=3.23926 d_loss=0.23752 cycle_loss=0.17514 identity_loss=0.14114 grad_norm=16.40205
[11497.054s] step         step=123850 epoch=17 lr=0.0002 g_loss=3.33908 d_loss=0.25312 cycle_loss=0.16271 identity_loss=0.13561 grad_norm=26.63595
[11500.997s] step         step=123900 epoch=17 lr=0.0002 g_loss=3.37705 d_loss=0.45592 cycle_loss=0.16894 identity_loss=0.16075 grad_norm=14.40058
[11504.920s] step         step=123950 epoch=17 lr=0.0002 g_loss=3.77929 d_loss=0.31093 cycle_loss=0.18015 identity_loss=0.1432 grad_norm=17.67344
[11508.905s] step         step=124000 epoch=17 lr=0.0002 g_loss=4.03924 d_loss=0.39117 cycle_loss=0.22657 identity_loss=0.18984 grad_norm=17.5737
[11512.976s] step         step=124050 epoch=17 lr=0.0002 g_loss=3.13654 d_loss=0.33657 cycle_loss=0.16046 identity_loss=0.1515 grad_norm=17.30892
[11516.898s] step         step=124100 epoch=17 lr=0.0002 g_loss=4.37421 d_loss=0.16114 cycle_loss=0.19418 identity_loss=0.13415 grad_norm=26.75833
[11520.808s] step         step=124150 epoch=17 lr=0.0002 g_loss=3.48167 d_loss=0.36164 cycle_loss=0.1792 identity_loss=0.10548 grad_norm=11.62676
[11524.727s] step         step=124200 epoch=17 lr=0.0002 g_loss=3.62535 d_loss=0.07953 cycle_loss=0.13904 identity_loss=0.1582 grad_norm=16.19001
[11528.633s] step         step=124250 epoch=17 lr=0.0002 g_loss=3.33644 d_loss=0.16356 cycle_loss=0.19794 identity_loss=0.13116 grad_norm=21.6439
[11533.015s] step         step=124300 epoch=17 lr=0.0002 g_loss=4.49472 d_loss=0.19911 cycle_loss=0.20734 identity_loss=0.23475 grad_norm=27.26449
[11537.059s] step         step=124350 epoch=17 lr=0.0002 g_loss=2.80362 d_loss=0.32358 cycle_loss=0.16251 identity_loss=0.11714 grad_norm=26.15746
[11540.982s] step         step=124400 epoch=17 lr=0.0002 g_loss=2.92746 d_loss=0.27701 cycle_loss=0.10424 identity_loss=0.14465 grad_norm=17.69059
[11544.882s] step         step=124450 epoch=17 lr=0.0002 g_loss=3.60359 d_loss=0.42684 cycle_loss=0.1791 identity_loss=0.14561 grad_norm=28.58056
[11548.773s] step         step=124500 epoch=17 lr=0.0002 g_loss=4.02974 d_loss=0.28883 cycle_loss=0.22458 identity_loss=0.19487 grad_norm=25.98433
[11552.882s] step         step=124550 epoch=17 lr=0.0002 g_loss=3.79451 d_loss=0.26694 cycle_loss=0.17329 identity_loss=0.18791 grad_norm=21.61568
[11556.799s] step         step=124600 epoch=17 lr=0.0002 g_loss=4.0042 d_loss=0.21829 cycle_loss=0.19199 identity_loss=0.14775 grad_norm=22.16841
[11560.698s] step         step=124650 epoch=17 lr=0.0002 g_loss=3.3331 d_loss=0.18408 cycle_loss=0.18503 identity_loss=0.10528 grad_norm=20.81195
[11564.616s] step         step=124700 epoch=17 lr=0.0002 g_loss=3.01857 d_loss=0.44271 cycle_loss=0.15641 identity_loss=0.14483 grad_norm=16.17426
[11568.917s] step         step=124750 epoch=17 lr=0.0002 g_loss=3.19668 d_loss=0.22943 cycle_loss=0.1722 identity_loss=0.14113 grad_norm=28.07383
[11573.039s] step         step=124800 epoch=17 lr=0.0002 g_loss=3.32001 d_loss=0.2461 cycle_loss=0.19786 identity_loss=0.14589 grad_norm=24.35679
[11577.001s] step         step=124850 epoch=17 lr=0.0002 g_loss=4.35807 d_loss=0.27499 cycle_loss=0.22724 identity_loss=0.24084 grad_norm=27.69761
[11580.914s] step         step=124900 epoch=17 lr=0.0002 g_loss=4.10824 d_loss=0.34945 cycle_loss=0.22496 identity_loss=0.19782 grad_norm=19.60002
[11584.836s] step         step=124950 epoch=17 lr=0.0002 g_loss=3.05158 d_loss=0.16703 cycle_loss=0.16383 identity_loss=0.13008 grad_norm=18.39073
[11588.757s] step         step=125000 epoch=17 lr=0.0002 g_loss=4.07148 d_loss=0.16809 cycle_loss=0.20043 identity_loss=0.18596 grad_norm=23.39192
[11592.722s] step         step=125050 epoch=17 lr=0.0002 g_loss=3.70221 d_loss=0.30935 cycle_loss=0.17433 identity_loss=0.14172 grad_norm=18.71554
[11596.649s] step         step=125100 epoch=17 lr=0.0002 g_loss=3.47002 d_loss=0.1611 cycle_loss=0.18811 identity_loss=0.13753 grad_norm=19.48102
[11600.635s] step         step=125150 epoch=17 lr=0.0002 g_loss=4.20046 d_loss=0.13084 cycle_loss=0.19808 identity_loss=0.14155 grad_norm=21.67544
[11604.553s] step         step=125200 epoch=17 lr=0.0002 g_loss=3.12191 d_loss=0.30071 cycle_loss=0.15739 identity_loss=0.13429 grad_norm=17.40567
[11608.541s] step         step=125250 epoch=17 lr=0.0002 g_loss=3.91395 d_loss=0.30868 cycle_loss=0.20447 identity_loss=0.15021 grad_norm=25.96281
[11612.466s] step         step=125300 epoch=17 lr=0.0002 g_loss=3.70223 d_loss=0.34495 cycle_loss=0.19688 identity_loss=0.13376 grad_norm=20.18272
[11616.351s] step         step=125350 epoch=17 lr=0.0002 g_loss=3.76664 d_loss=0.28096 cycle_loss=0.17415 identity_loss=0.22982 grad_norm=18.54911
[11620.254s] step         step=125400 epoch=17 lr=0.0002 g_loss=4.14919 d_loss=0.3588 cycle_loss=0.21841 identity_loss=0.17991 grad_norm=21.98219
[11624.191s] step         step=125450 epoch=17 lr=0.0002 g_loss=4.22058 d_loss=0.39232 cycle_loss=0.22511 identity_loss=0.16406 grad_norm=24.67788
[11628.153s] step         step=125500 epoch=17 lr=0.0002 g_loss=4.18127 d_loss=0.24517 cycle_loss=0.18536 identity_loss=0.17486 grad_norm=17.65358
[11632.175s] step         step=125550 epoch=17 lr=0.0002 g_loss=3.15337 d_loss=0.20031 cycle_loss=0.14355 identity_loss=0.12461 grad_norm=13.29062
[11636.084s] step         step=125600 epoch=17 lr=0.0002 g_loss=3.7273 d_loss=0.36529 cycle_loss=0.1976 identity_loss=0.16586 grad_norm=25.4269
[11640.001s] step         step=125650 epoch=17 lr=0.0002 g_loss=3.03496 d_loss=0.35448 cycle_loss=0.1565 identity_loss=0.16018 grad_norm=13.97224
[11643.925s] step         step=125700 epoch=17 lr=0.0002 g_loss=8.08165 d_loss=0.23136 cycle_loss=0.46388 identity_loss=0.52311 grad_norm=33.96614
[11647.843s] step         step=125750 epoch=17 lr=0.0002 g_loss=4.08683 d_loss=0.31736 cycle_loss=0.20649 identity_loss=0.17368 grad_norm=21.18925
[11652.099s] step         step=125800 epoch=17 lr=0.0002 g_loss=3.02907 d_loss=0.51652 cycle_loss=0.13655 identity_loss=0.11582 grad_norm=27.58216
[11656.029s] step         step=125850 epoch=17 lr=0.0002 g_loss=2.98062 d_loss=0.30947 cycle_loss=0.13206 identity_loss=0.15175 grad_norm=15.302
[11659.955s] step         step=125900 epoch=17 lr=0.0002 g_loss=3.43447 d_loss=0.46068 cycle_loss=0.1832 identity_loss=0.16455 grad_norm=21.16271
[11663.879s] step         step=125950 epoch=17 lr=0.0002 g_loss=3.19408 d_loss=0.34832 cycle_loss=0.1518 identity_loss=0.19056 grad_norm=18.66461
[11667.801s] step         step=126000 epoch=17 lr=0.0002 g_loss=3.78592 d_loss=0.20113 cycle_loss=0.17328 identity_loss=0.13686 grad_norm=17.27524
[11671.751s] step         step=126050 epoch=17 lr=0.0002 g_loss=3.14063 d_loss=0.27902 cycle_loss=0.15788 identity_loss=0.11529 grad_norm=19.72967
[11675.657s] step         step=126100 epoch=17 lr=0.0002 g_loss=4.20683 d_loss=0.2721 cycle_loss=0.20677 identity_loss=0.16279 grad_norm=33.17143
[11679.564s] step         step=126150 epoch=17 lr=0.0002 g_loss=3.72718 d_loss=0.09306 cycle_loss=0.16039 identity_loss=0.12155 grad_norm=12.62813
[11683.498s] step         step=126200 epoch=17 lr=0.0002 g_loss=3.14139 d_loss=0.26237 cycle_loss=0.13924 identity_loss=0.12845 grad_norm=13.61631
[11687.437s] step         step=126250 epoch=17 lr=0.0002 g_loss=3.61391 d_loss=0.15867 cycle_loss=0.19095 identity_loss=0.14764 grad_norm=18.8379
[11691.375s] step         step=126300 epoch=17 lr=0.0002 g_loss=3.53595 d_loss=0.25934 cycle_loss=0.1953 identity_loss=0.16553 grad_norm=30.79148
[11695.307s] step         step=126350 epoch=17 lr=0.0002 g_loss=3.25123 d_loss=0.1757 cycle_loss=0.14543 identity_loss=0.11018 grad_norm=13.91331
[11699.222s] step         step=126400 epoch=17 lr=0.0002 g_loss=4.95541 d_loss=0.23108 cycle_loss=0.27295 identity_loss=0.2662 grad_norm=23.19164
[11703.157s] step         step=126450 epoch=17 lr=0.0002 g_loss=4.14911 d_loss=0.08653 cycle_loss=0.19009 identity_loss=0.15858 grad_norm=26.80466
[11707.140s] step         step=126500 epoch=17 lr=0.0002 g_loss=3.55871 d_loss=0.47105 cycle_loss=0.19914 identity_loss=0.17235 grad_norm=10.45884
[11711.164s] step         step=126550 epoch=17 lr=0.0002 g_loss=4.10786 d_loss=0.45604 cycle_loss=0.28183 identity_loss=0.12381 grad_norm=31.86467
[11715.102s] step         step=126600 epoch=17 lr=0.0002 g_loss=3.4846 d_loss=0.29213 cycle_loss=0.14812 identity_loss=0.13633 grad_norm=12.53989
[11719.042s] step         step=126650 epoch=17 lr=0.0002 g_loss=5.12127 d_loss=0.36098 cycle_loss=0.27306 identity_loss=0.22781 grad_norm=24.1886
[11721.716s] epoch        epoch=17 step=126684 seconds=11707.7
[11722.021s] checkpoint   epoch=18 step=126684
[11723.313s] step         step=126700 epoch=18 lr=0.0002 g_loss=3.38348 d_loss=0.15926 cycle_loss=0.14148 identity_loss=0.11882 grad_norm=12.18496
[11727.221s] step         step=126750 epoch=18 lr=0.0002 g_loss=2.40457 d_loss=0.11734 cycle_loss=0.10898 identity_loss=0.10796 grad_norm=15.61082
[11731.129s] step         step=126800 epoch=18 lr=0.0002 g_loss=4.47973 d_loss=0.24627 cycle_loss=0.26603 identity_loss=0.26392 grad_norm=28.16537
[11735.044s] step         step=126850 epoch=18 lr=0.0002 g_loss=3.6799 d_loss=0.13857 cycle_loss=0.16283 identity_loss=0.13122 grad_norm=21.0437
[11738.946s] step         step=126900 epoch=18 lr=0.0002 g_loss=3.61211 d_loss=0.34899 cycle_loss=0.15516 identity_loss=0.17082 grad_norm=17.14056
[11742.860s] step         step=126950 epoch=18 lr=0.0002 g_loss=3.77103 d_loss=0.32722 cycle_loss=0.16988 identity_loss=0.15293 grad_norm=20.97264
[11746.812s] step         step=127000 epoch=18 lr=0.0002 g_loss=4.88778 d_loss=0.26228 cycle_loss=0.20723 identity_loss=0.19703 grad_norm=17.14202
[11750.783s] step         step=127050 epoch=18 lr=0.0002 g_loss=3.65124 d_loss=0.25131 cycle_loss=0.17954 identity_loss=0.17386 grad_norm=24.55972
[11754.719s] step         step=127100 epoch=18 lr=0.0002 g_loss=3.52151 d_loss=0.19502 cycle_loss=0.14518 identity_loss=0.19561 grad_norm=28.13224
[11758.631s] step         step=127150 epoch=18 lr=0.0002 g_loss=3.39179 d_loss=0.12441 cycle_loss=0.1609 identity_loss=0.11491 grad_norm=33.73561
[11762.571s] step         step=127200 epoch=18 lr=0.0002 g_loss=4.30295 d_loss=0.24067 cycle_loss=0.21201 identity_loss=0.22377 grad_norm=28.82828
[11766.486s] step         step=127250 epoch=18 lr=0.0002 g_loss=3.55937 d_loss=0.18197 cycle_loss=0.15233 identity_loss=0.15251 grad_norm=19.13384
[11770.395s] step         step=127300 epoch=18 lr=0.0002 g_loss=3.88798 d_loss=0.28749 cycle_loss=0.19382 identity_loss=0.16423 grad_norm=30.16755
[11774.313s] step         step=127350 epoch=18 lr=0.0002 g_loss=3.16168 d_loss=0.30901 cycle_loss=0.10314 identity_loss=0.15528 grad_norm=19.30496
[11778.245s] step         step=127400 epoch=18 lr=0.0002 g_loss=4.40043 d_loss=0.31544 cycle_loss=0.21246 identity_loss=0.2184 grad_norm=28.89312
[11782.153s] step         step=127450 epoch=18 lr=0.0002 g_loss=2.856 d_loss=0.30095 cycle_loss=0.11415 identity_loss=0.1291 grad_norm=18.65636
[11786.058s] step         step=127500 epoch=18 lr=0.0002 g_loss=2.79028 d_loss=0.29224 cycle_loss=0.11867 identity_loss=0.11984 grad_norm=16.87589
[11790.028s] step         step=127550 epoch=18 lr=0.0002 g_loss=2.99594 d_loss=0.27527 cycle_loss=0.17343 identity_loss=0.11486 grad_norm=17.8637
[11794.032s] step         step=127600 epoch=18 lr=0.0002 g_loss=2.82386 d_loss=0.23464 cycle_loss=0.15378 identity_loss=0.10344 grad_norm=25.66817
[11797.967s] step         step=127650 epoch=18 lr=0.0002 g_loss=3.52497 d_loss=0.49939 cycle_loss=0.15171 identity_loss=0.15573 grad_norm=18.03309
[11801.876s] step         step=127700 epoch=18 lr=0.0002 g_loss=5.67466 d_loss=0.20992 cycle_loss=0.2645 identity_loss=0.19025 grad_norm=28.44791
[11805.814s] step         step=127750 epoch=18 lr=0.0002 g_loss=3.87725 d_loss=0.28283 cycle_loss=0.17475 identity_loss=0.15252 grad_norm=21.86089
[11809.764s] step         step=127800 epoch=18 lr=0.0002 g_loss=3.19214 d_loss=0.3241 cycle_loss=0.15664 identity_loss=0.136 grad_norm=19.1822
[11813.679s] step         step=127850 epoch=18 lr=0.0002 g_loss=3.24183 d_loss=0.63138 cycle_loss=0.1591 identity_loss=0.11485 grad_norm=15.46405
[11817.618s] step         step=127900 epoch=18 lr=0.0002 g_loss=4.17427 d_loss=0.36296 cycle_loss=0.20245 identity_loss=0.12541 grad_norm=31.65559
[11821.539s] step         step=127950 epoch=18 lr=0.0002 g_loss=3.03282 d_loss=0.26213 cycle_loss=0.15391 identity_loss=0.15009 grad_norm=16.86843
[11825.465s] step         step=128000 epoch=18 lr=0.0002 g_loss=3.93337 d_loss=0.21301 cycle_loss=0.18277 identity_loss=0.15308 grad_norm=28.46308
[11829.440s] step         step=128050 epoch=18 lr=0.0002 g_loss=5.92832 d_loss=0.27156 cycle_loss=0.3275 identity_loss=0.28533 grad_norm=35.43371
[11833.351s] step         step=128100 epoch=18 lr=0.0002 g_loss=4.64158 d_loss=0.2451 cycle_loss=0.25061 identity_loss=0.25187 grad_norm=20.62185
[11837.412s] step         step=128150 epoch=18 lr=0.0002 g_loss=6.55478 d_loss=0.24728 cycle_loss=0.31917 identity_loss=0.49691 grad_norm=71.30215
[11841.323s] step         step=128200 epoch=18 lr=0.0002 g_loss=3.60707 d_loss=0.1931 cycle_loss=0.16915 identity_loss=0.1312 grad_norm=33.02389
[11845.245s] step         step=128250 epoch=18 lr=0.0002 g_loss=4.37972 d_loss=0.30456 cycle_loss=0.23273 identity_loss=0.18686 grad_norm=23.42381
[11849.167s] step         step=128300 epoch=18 lr=0.0002 g_loss=3.87045 d_loss=0.48426 cycle_loss=0.2106 identity_loss=0.18199 grad_norm=15.78769
[11853.089s] step         step=128350 epoch=18 lr=0.0002 g_loss=3.49807 d_loss=0.3451 cycle_loss=0.18269 identity_loss=0.14744 grad_norm=20.98852
[11856.988s] step         step=128400 epoch=18 lr=0.0002 g_loss=4.03633 d_loss=0.31811 cycle_loss=0.21533 identity_loss=0.16769 grad_norm=19.40049
[11860.920s] step         step=128450 epoch=18 lr=0.0002 g_loss=4.12454 d_loss=0.26278 cycle_loss=0.22262 identity_loss=0.1813 grad_norm=22.30903
[11864.836s] step         step=128500 epoch=18 lr=0.0002 g_loss=3.20084 d_loss=0.35211 cycle_loss=0.16579 identity_loss=0.16639 grad_norm=33.84279
[11868.846s] step         step=128550 epoch=18 lr=0.0002 g_loss=3.70121 d_loss=0.20579 cycle_loss=0.18045 identity_loss=0.15023 grad_norm=17.75569
[11872.867s] step         step=128600 epoch=18 lr=0.0002 g_loss=2.94659 d_loss=0.19791 cycle_loss=0.14077 identity_loss=0.111 grad_norm=15.43411
[11876.813s] step         step=128650 epoch=18 lr=0.0002 g_loss=5.29591 d_loss=0.20323 cycle_loss=0.33993 identity_loss=0.1807 grad_norm=28.63932
[11880.745s] step         step=128700 epoch=18 lr=0.0002 g_loss=3.25895 d_loss=0.19003 cycle_loss=0.12881 identity_loss=0.12599 grad_norm=17.07311
[11884.652s] step         step=128750 epoch=18 lr=0.0002 g_loss=3.22217 d_loss=0.47918 cycle_loss=0.1767 identity_loss=0.1629 grad_norm=16.50106
[11888.587s] step         step=128800 epoch=18 lr=0.0002 g_loss=3.39209 d_loss=0.22534 cycle_loss=0.18237 identity_loss=0.09938 grad_norm=22.20037
[11892.529s] step         step=128850 epoch=18 lr=0.0002 g_loss=3.36569 d_loss=0.31738 cycle_loss=0.15567 identity_loss=0.1263 grad_norm=12.38163
[11896.454s] step         step=128900 epoch=18 lr=0.0002 g_loss=2.68432 d_loss=0.25325 cycle_loss=0.14234 identity_loss=0.082 grad_norm=12.6479
[11900.458s] step         step=128950 epoch=18 lr=0.0002 g_loss=3.4818 d_loss=0.45573 cycle_loss=0.14595 identity_loss=0.09149 grad_norm=17.38263
[11904.394s] step         step=129000 epoch=18 lr=0.0002 g_loss=3.82218 d_loss=0.37637 cycle_loss=0.20317 identity_loss=0.16064 grad_norm=24.21744
[11908.363s] step         step=129050 epoch=18 lr=0.0002 g_loss=3.8315 d_loss=0.27552 cycle_loss=0.20194 identity_loss=0.137 grad_norm=32.83878
[11912.270s] step         step=129100 epoch=18 lr=0.0002 g_loss=3.50281 d_loss=0.15224 cycle_loss=0.16669 identity_loss=0.12094 grad_norm=19.29473
[11916.205s] step         step=129150 epoch=18 lr=0.0002 g_loss=4.08827 d_loss=0.22245 cycle_loss=0.17992 identity_loss=0.17012 grad_norm=24.47109
[11920.144s] step         step=129200 epoch=18 lr=0.0002 g_loss=3.90379 d_loss=0.25442 cycle_loss=0.17544 identity_loss=0.11524 grad_norm=27.55464
[11924.547s] step         step=129250 epoch=18 lr=0.0002 g_loss=4.90687 d_loss=0.09949 cycle_loss=0.24875 identity_loss=0.17375 grad_norm=39.65821
[11928.501s] step         step=129300 epoch=18 lr=0.0002 g_loss=4.61998 d_loss=0.20484 cycle_loss=0.22218 identity_loss=0.18902 grad_norm=31.7577
[11932.608s] step         step=129350 epoch=18 lr=0.0002 g_loss=3.85956 d_loss=0.20561 cycle_loss=0.15415 identity_loss=0.17107 grad_norm=26.25203
[11936.728s] step         step=129400 epoch=18 lr=0.0002 g_loss=3.51719 d_loss=0.25953 cycle_loss=0.15742 identity_loss=0.17605 grad_norm=18.10925
[11940.623s] step         step=129450 epoch=18 lr=0.0002 g_loss=3.54222 d_loss=0.14938 cycle_loss=0.19411 identity_loss=0.16819 grad_norm=17.52019
[11944.566s] step         step=129500 epoch=18 lr=0.0002 g_loss=3.86226 d_loss=0.2472 cycle_loss=0.16896 identity_loss=0.18046 grad_norm=9.81817
[11948.565s] step         step=129550 epoch=18 lr=0.0002 g_loss=2.8644 d_loss=0.11891 cycle_loss=0.14847 identity_loss=0.12742 grad_norm=35.98426
[11952.494s] step         step=129600 epoch=18 lr=0.0002 g_loss=3.51608 d_loss=0.18695 cycle_loss=0.17609 identity_loss=0.16277 grad_norm=19.489
[11956.472s] step         step=129650 epoch=18 lr=0.0002 g_loss=4.89008 d_loss=0.30525 cycle_loss=0.30639 identity_loss=0.22256 grad_norm=33.01601
[11960.412s] step         step=129700 epoch=18 lr=0.0002 g_loss=3.26685 d_loss=0.1621 cycle_loss=0.12035 identity_loss=0.11456 grad_norm=13.97302
[11964.346s] step         step=129750 epoch=18 lr=0.0002 g_loss=3.6164 d_loss=0.24188 cycle_loss=0.17482 identity_loss=0.16682 grad_norm=23.47447
[11968.267s] step         step=129800 epoch=18 lr=0.0002 g_loss=4.11079 d_loss=0.43333 cycle_loss=0.16423 identity_loss=0.17269 grad_norm=29.93133
[11972.183s] step         step=129850 epoch=18 lr=0.0002 g_loss=5.87439 d_loss=0.24755 cycle_loss=0.32184 identity_loss=0.28801 grad_norm=23.45731
[11976.116s] step         step=129900 epoch=18 lr=0.0002 g_loss=3.92842 d_loss=0.2805 cycle_loss=0.18704 identity_loss=0.20046 grad_norm=24.61274
[11980.022s] step         step=129950 epoch=18 lr=0.0002 g_loss=4.00784 d_loss=0.17429 cycle_loss=0.19002 identity_loss=0.14931 grad_norm=20.90642
[11984.123s] step         step=130000 epoch=18 lr=0.0002 g_loss=6.09194 d_loss=0.4976 cycle_loss=0.35523 identity_loss=0.26967 grad_norm=35.74287
[11988.174s] step         step=130050 epoch=18 lr=0.0002 g_loss=3.96739 d_loss=0.21995 cycle_loss=0.19544 identity_loss=0.12317 grad_norm=21.63568
[11992.145s] step         step=130100 epoch=18 lr=0.0002 g_loss=2.78947 d_loss=0.21763 cycle_loss=0.15104 identity_loss=0.10106 grad_norm=18.33152
[11996.076s] step         step=130150 epoch=18 lr=0.0002 g_loss=4.32925 d_loss=0.13978 cycle_loss=0.18317 identity_loss=0.20009 grad_norm=16.19839
[11999.993s] step         step=130200 epoch=18 lr=0.0002 g_loss=3.82374 d_loss=0.27426 cycle_loss=0.15662 identity_loss=0.14155 grad_norm=16.03397
[12003.951s] step         step=130250 epoch=18 lr=0.0002 g_loss=3.31211 d_loss=0.17429 cycle_loss=0.14043 identity_loss=0.21135 grad_norm=19.38699
[12007.865s] step         step=130300 epoch=18 lr=0.0002 g_loss=3.39402 d_loss=0.1027 cycle_loss=0.13484 identity_loss=0.12924 grad_norm=18.42808
[12011.794s] step         step=130350 epoch=18 lr=0.0002 g_loss=4.58457 d_loss=0.3988 cycle_loss=0.21399 identity_loss=0.20226 grad_norm=27.47498
[12015.775s] step         step=130400 epoch=18 lr=0.0002 g_loss=3.32663 d_loss=0.44977 cycle_loss=0.17111 identity_loss=0.15072 grad_norm=16.79603
[12019.762s] step         step=130450 epoch=18 lr=0.0002 g_loss=3.47894 d_loss=0.2629 cycle_loss=0.18334 identity_loss=0.14957 grad_norm=29.72593
[12023.722s] step         step=130500 epoch=18 lr=0.0002 g_loss=4.2386 d_loss=0.1874 cycle_loss=0.21807 identity_loss=0.20767 grad_norm=30.64452
[12027.769s] step         step=130550 epoch=18 lr=0.0002 g_loss=3.7619 d_loss=0.21377 cycle_loss=0.17093 identity_loss=0.15832 grad_norm=20.95891
[12031.695s] step         step=130600 epoch=18 lr=0.0002 g_loss=3.25189 d_loss=0.28305 cycle_loss=0.14302 identity_loss=0.12523 grad_norm=17.4271
[12035.635s] step         step=130650 epoch=18 lr=0.0002 g_loss=3.16927 d_loss=0.36281 cycle_loss=0.13348 identity_loss=0.11201 grad_norm=18.48672
[12039.571s] step         step=130700 epoch=18 lr=0.0002 g_loss=3.6209 d_loss=0.11768 cycle_loss=0.16152 identity_loss=0.12481 grad_norm=19.8136
[12043.504s] step         step=130750 epoch=18 lr=0.0002 g_loss=3.74803 d_loss=0.46513 cycle_loss=0.1582 identity_loss=0.1459 grad_norm=17.53351
[12047.406s] step         step=130800 epoch=18 lr=0.0002 g_loss=4.38583 d_loss=0.34991 cycle_loss=0.18488 identity_loss=0.19272 grad_norm=25.66907
[12051.460s] step         step=130850 epoch=18 lr=0.0002 g_loss=3.36102 d_loss=0.16 cycle_loss=0.14996 identity_loss=0.10198 grad_norm=23.19603
[12055.373s] step         step=130900 epoch=18 lr=0.0002 g_loss=3.59514 d_loss=0.27625 cycle_loss=0.16501 identity_loss=0.14998 grad_norm=22.79034
[12059.321s] step         step=130950 epoch=18 lr=0.0002 g_loss=3.07973 d_loss=0.27644 cycle_loss=0.15836 identity_loss=0.10155 grad_norm=21.27483
[12063.251s] step         step=131000 epoch=18 lr=0.0002 g_loss=3.93118 d_loss=0.33449 cycle_loss=0.1809 identity_loss=0.2079 grad_norm=14.7151
[12067.270s] step         step=131050 epoch=18 lr=0.0002 g_loss=3.81078 d_loss=0.16028 cycle_loss=0.17624 identity_loss=0.17376 grad_norm=25.54126
[12071.196s] step         step=131100 epoch=18 lr=0.0002 g_loss=3.46501 d_loss=0.28805 cycle_loss=0.15374 identity_loss=0.16777 grad_norm=22.88668
[12075.116s] step         step=131150 epoch=18 lr=0.0002 g_loss=4.52929 d_loss=0.2456 cycle_loss=0.23653 identity_loss=0.23871 grad_norm=20.85945
[12079.034s] step         step=131200 epoch=18 lr=0.0002 g_loss=4.4712 d_loss=0.12953 cycle_loss=0.20406 identity_loss=0.14874 grad_norm=21.45451
[12082.943s] step         step=131250 epoch=18 lr=0.0002 g_loss=4.33155 d_loss=0.29288 cycle_loss=0.17766 identity_loss=0.16604 grad_norm=19.9898
[12086.858s] step         step=131300 epoch=18 lr=0.0002 g_loss=2.64913 d_loss=0.33312 cycle_loss=0.13721 identity_loss=0.10841 grad_norm=11.06964
[12090.779s] step         step=131350 epoch=18 lr=0.0002 g_loss=4.28031 d_loss=0.13467 cycle_loss=0.21378 identity_loss=0.16944 grad_norm=17.11631
[12094.706s] step         step=131400 epoch=18 lr=0.0002 g_loss=3.02386 d_loss=0.14672 cycle_loss=0.14398 identity_loss=0.12577 grad_norm=13.04933
[12098.642s] step         step=131450 epoch=18 lr=0.0002 g_loss=3.1673 d_loss=0.17712 cycle_loss=0.16517 identity_loss=0.15708 grad_norm=32.84966
[12102.612s] step         step=131500 epoch=18 lr=0.0002 g_loss=3.76509 d_loss=0.20676 cycle_loss=0.18501 identity_loss=0.17166 grad_norm=19.9798
[12106.587s] step         step=131550 epoch=18 lr=0.0002 g_loss=3.68461 d_loss=0.30517 cycle_loss=0.18473 identity_loss=0.11232 grad_norm=23.43566
[12110.486s] step         step=131600 epoch=18 lr=0.0002 g_loss=4.84061 d_loss=0.28156 cycle_loss=0.2707 identity_loss=0.24513 grad_norm=30.44637
[12114.412s] step         step=131650 epoch=18 lr=0.0002 g_loss=4.59944 d_loss=0.34295 cycle_loss=0.19212 identity_loss=0.1598 grad_norm=44.28845
[12118.324s] step         step=131700 epoch=18 lr=0.0002 g_loss=3.3677 d_loss=0.23824 cycle_loss=0.18161 identity_loss=0.10435 grad_norm=20.62115
[12122.258s] step         step=131750 epoch=18 lr=0.0002 g_loss=3.75895 d_loss=0.26009 cycle_loss=0.17147 identity_loss=0.19754 grad_norm=30.44498
[12126.151s] step         step=131800 epoch=18 lr=0.0002 g_loss=3.62884 d_loss=0.22381 cycle_loss=0.19018 identity_loss=0.17157 grad_norm=33.01639
[12130.069s] step         step=131850 epoch=18 lr=0.0002 g_loss=3.87054 d_loss=0.27059 cycle_loss=0.16234 identity_loss=0.15383 grad_norm=30.35923
[12133.981s] step         step=131900 epoch=18 lr=0.0002 g_loss=3.68017 d_loss=0.18918 cycle_loss=0.20954 identity_loss=0.15941 grad_norm=15.40736
[12137.897s] step         step=131950 epoch=18 lr=0.0002 g_loss=3.55619 d_loss=0.15839 cycle_loss=0.12669 identity_loss=0.12356 grad_norm=24.29863
[12141.798s] step         step=132000 epoch=18 lr=0.0002 g_loss=3.61125 d_loss=0.13922 cycle_loss=0.16226 identity_loss=0.14929 grad_norm=27.28508
[12145.795s] step         step=132050 epoch=18 lr=0.0002 g_loss=3.0242 d_loss=0.2847 cycle_loss=0.1744 identity_loss=0.12322 grad_norm=26.4155
[12149.713s] step         step=132100 epoch=18 lr=0.0002 g_loss=3.58986 d_loss=0.26602 cycle_loss=0.1577 identity_loss=0.13627 grad_norm=14.88713
[12153.682s] step         step=132150 epoch=18 lr=0.0002 g_loss=3.4338 d_loss=0.35166 cycle_loss=0.2057 identity_loss=0.15055 grad_norm=24.92362
[12157.596s] step         step=132200 epoch=18 lr=0.0002 g_loss=3.49285 d_loss=0.17129 cycle_loss=0.14397 identity_loss=0.17842 grad_norm=17.27363
[12161.519s] step         step=132250 epoch=18 lr=0.0002 g_loss=2.39098 d_loss=0.19198 cycle_loss=0.11285 identity_loss=0.1007 grad_norm=13.31205
[12165.452s] step         step=132300 epoch=18 lr=0.0002 g_loss=3.69902 d_loss=0.5162 cycle_loss=0.21821 identity_loss=0.17489 grad_norm=16.11861
[12169.363s] step         step=132350 epoch=18 lr=0.0002 g_loss=4.10139 d_loss=0.09011 cycle_loss=0.16811 identity_loss=0.16589 grad_norm=20.87204
[12173.405s] step         step=132400 epoch=18 lr=0.0002 g_loss=3.18123 d_loss=0.49922 cycle_loss=0.16204 identity_loss=0.12976 grad_norm=14.83186
[12177.320s] step         step=132450 epoch=18 lr=0.0002 g_loss=4.41882 d_loss=0.36517 cycle_loss=0.23726 identity_loss=0.12423 grad_norm=34.35139
[12181.250s] step         step=132500 epoch=18 lr=0.0002 g_loss=4.25603 d_loss=0.22709 cycle_loss=0.20241 identity_loss=0.17308 grad_norm=24.04639
[12185.219s] step         step=132550 epoch=18 lr=0.0002 g_loss=4.51909 d_loss=0.13286 cycle_loss=0.24938 identity_loss=0.16171 grad_norm=27.48605
[12189.141s] step         step=132600 epoch=18 lr=0.0002 g_loss=3.58181 d_loss=0.40447 cycle_loss=0.18975 identity_loss=0.15311 grad_norm=27.23265
[12193.048s] step         step=132650 epoch=18 lr=0.0002 g_loss=4.10598 d_loss=0.17811 cycle_loss=0.19658 identity_loss=0.15336 grad_norm=20.32958
[12197.001s] step         step=132700 epoch=18 lr=0.0002 g_loss=4.44671 d_loss=0.1459 cycle_loss=0.22722 identity_loss=0.1772 grad_norm=23.74099
[12200.929s] step         step=132750 epoch=18 lr=0.0002 g_loss=3.9388 d_loss=0.318 cycle_loss=0.21218 identity_loss=0.16169 grad_norm=13.83573
[12204.905s] step         step=132800 epoch=18 lr=0.0002 g_loss=3.97216 d_loss=0.22118 cycle_loss=0.1914 identity_loss=0.16494 grad_norm=21.8414
[12208.809s] step         step=132850 epoch=18 lr=0.0002 g_loss=2.83659 d_loss=0.21764 cycle_loss=0.14107 identity_loss=0.12193 grad_norm=17.39183
[12212.725s] step         step=132900 epoch=18 lr=0.0002 g_loss=3.12501 d_loss=0.08642 cycle_loss=0.12801 identity_loss=0.13126 grad_norm=18.84439
[12217.256s] step         step=132950 epoch=18 lr=0.0002 g_loss=4.2352 d_loss=0.35057 cycle_loss=0.21855 identity_loss=0.21937 grad_norm=20.64318
[12221.193s] step         step=133000 epoch=18 lr=0.0002 g_loss=3.81859 d_loss=0.21302 cycle_loss=0.18824 identity_loss=0.14169 grad_norm=20.21958
[12225.190s] step         step=133050 epoch=18 lr=0.0002 g_loss=4.13184 d_loss=0.29719 cycle_loss=0.19554 identity_loss=0.20174 grad_norm=29.71565
[12229.108s] step         step=133100 epoch=18 lr=0.0002 g_loss=3.06568 d_loss=0.25782 cycle_loss=0.16456 identity_loss=0.16095 grad_norm=18.0293
[12233.036s] step         step=133150 epoch=18 lr=0.0002 g_loss=4.57396 d_loss=0.19673 cycle_loss=0.21306 identity_loss=0.18516 grad_norm=21.5188
[12236.946s] step         step=133200 epoch=18 lr=0.0002 g_loss=2.70864 d_loss=0.3864 cycle_loss=0.11747 identity_loss=0.11767 grad_norm=13.12986
[12240.860s] step         step=133250 epoch=18 lr=0.0002 g_loss=4.13949 d_loss=0.19122 cycle_loss=0.18594 identity_loss=0.15969 grad_norm=25.4105
[12244.780s] step         step=133300 epoch=18 lr=0.0002 g_loss=4.10895 d_loss=0.39222 cycle_loss=0.22319 identity_loss=0.18416 grad_norm=23.36559
[12248.691s] step         step=133350 epoch=18 lr=0.0002 g_loss=4.55098 d_loss=0.11576 cycle_loss=0.23506 identity_loss=0.11672 grad_norm=42.4343
[12252.669s] step         step=133400 epoch=18 lr=0.0002 g_loss=4.02878 d_loss=0.2343 cycle_loss=0.19899 identity_loss=0.17686 grad_norm=20.79539
[12256.615s] step         step=133450 epoch=18 lr=0.0002 g_loss=4.79588 d_loss=0.12944 cycle_loss=0.26497 identity_loss=0.20091 grad_norm=38.9979
[12260.544s] step         step=133500 epoch=18 lr=0.0002 g_loss=2.76715 d_loss=0.29909 cycle_loss=0.14771 identity_loss=0.11015 grad_norm=16.20985
[12264.517s] step         step=133550 epoch=18 lr=0.0002 g_loss=4.12039 d_loss=0.2823 cycle_loss=0.20759 identity_loss=0.17812 grad_norm=20.37536
[12268.450s] step         step=133600 epoch=18 lr=0.0002 g_loss=3.03283 d_loss=0.35158 cycle_loss=0.14924 identity_loss=0.13969 grad_norm=18.51897
[12272.390s] step         step=133650 epoch=18 lr=0.0002 g_loss=3.3745 d_loss=0.30331 cycle_loss=0.19289 identity_loss=0.15148 grad_norm=21.52775
[12276.310s] step         step=133700 epoch=18 lr=0.0002 g_loss=4.82706 d_loss=0.16171 cycle_loss=0.25625 identity_loss=0.2146 grad_norm=27.7573
[12278.042s] epoch        epoch=18 step=133722 seconds=12264.0
[12278.350s] checkpoint   epoch=19 step=133722
[12280.581s] step         step=133750 epoch=19 lr=0.0002 g_loss=3.45495 d_loss=0.3983 cycle_loss=0.13734 identity_loss=0.15552 grad_norm=24.2938
[12284.488s] step         step=133800 epoch=19 lr=0.0002 g_loss=3.44204 d_loss=0.21526 cycle_loss=0.14765 identity_loss=0.15192 grad_norm=24.97499
[12288.453s] step         step=133850 epoch=19 lr=0.0002 g_loss=3.73971 d_loss=0.45111 cycle_loss=0.15787 identity_loss=0.18776 grad_norm=19.75905
[12292.449s] step         step=133900 epoch=19 lr=0.0002 g_loss=3.278 d_loss=0.28914 cycle_loss=0.14143 identity_loss=0.11798 grad_norm=16.92447
[12296.369s] step         step=133950 epoch=19 lr=0.0002 g_loss=3.62123 d_loss=0.12551 cycle_loss=0.15189 identity_loss=0.16662 grad_norm=19.54854
[12300.289s] step         step=134000 epoch=19 lr=0.0002 g_loss=3.72737 d_loss=0.25189 cycle_loss=0.15142 identity_loss=0.14225 grad_norm=20.66856
[12304.376s] step         step=134050 epoch=19 lr=0.0002 g_loss=4.33018 d_loss=0.18989 cycle_loss=0.22186 identity_loss=0.19399 grad_norm=22.8289
[12308.307s] step         step=134100 epoch=19 lr=0.0002 g_loss=3.80012 d_loss=0.12782 cycle_loss=0.18457 identity_loss=0.16148 grad_norm=27.4209
[12312.231s] step         step=134150 epoch=19 lr=0.0002 g_loss=3.62217 d_loss=0.28986 cycle_loss=0.14505 identity_loss=0.14424 grad_norm=16.85333
[12316.151s] step         step=134200 epoch=19 lr=0.0002 g_loss=3.48225 d_loss=0.27616 cycle_loss=0.20281 identity_loss=0.13311 grad_norm=18.86934
[12320.080s] step         step=134250 epoch=19 lr=0.0002 g_loss=3.99506 d_loss=0.23052 cycle_loss=0.18912 identity_loss=0.14764 grad_norm=25.00904
[12323.986s] step         step=134300 epoch=19 lr=0.0002 g_loss=4.13042 d_loss=0.27125 cycle_loss=0.19812 identity_loss=0.18508 grad_norm=29.70113
[12327.924s] step         step=134350 epoch=19 lr=0.0002 g_loss=3.33791 d_loss=0.27819 cycle_loss=0.11831 identity_loss=0.10403 grad_norm=19.01216
[12331.852s] step         step=134400 epoch=19 lr=0.0002 g_loss=3.62019 d_loss=0.14066 cycle_loss=0.15713 identity_loss=0.13334 grad_norm=19.63055
[12335.978s] step         step=134450 epoch=19 lr=0.0002 g_loss=2.7757 d_loss=0.39626 cycle_loss=0.14612 identity_loss=0.09931 grad_norm=15.50839
[12339.918s] step         step=134500 epoch=19 lr=0.0002 g_loss=4.04461 d_loss=0.25094 cycle_loss=0.22957 identity_loss=0.20296 grad_norm=27.19019
[12343.886s] step         step=134550 epoch=19 lr=0.0002 g_loss=3.98587 d_loss=0.33416 cycle_loss=0.22614 identity_loss=0.16583 grad_norm=18.74378
[12347.828s] step         step=134600 epoch=19 lr=0.0002 g_loss=4.48658 d_loss=0.36695 cycle_loss=0.23824 identity_loss=0.17058 grad_norm=23.1422
[12351.737s] step         step=134650 epoch=19 lr=0.0002 g_loss=3.79938 d_loss=0.15285 cycle_loss=0.1941 identity_loss=0.15046 grad_norm=26.97332
[12355.668s] step         step=134700 epoch=19 lr=0.0002 g_loss=2.93902 d_loss=0.37725 cycle_loss=0.16663 identity_loss=0.11979 grad_norm=15.38555
[12359.604s] step         step=134750 epoch=19 lr=0.0002 g_loss=2.74834 d_loss=0.36638 cycle_loss=0.15623 identity_loss=0.11365 grad_norm=17.40279
[12363.540s] step         step=134800 epoch=19 lr=0.0002 g_loss=4.14439 d_loss=0.27565 cycle_loss=0.19119 identity_loss=0.17187 grad_norm=14.18076
[12367.461s] step         step=134850 epoch=19 lr=0.0002 g_loss=4.75646 d_loss=0.08387 cycle_loss=0.16998 identity_loss=0.14986 grad_norm=26.17702
[12371.389s] step         step=134900 epoch=19 lr=0.0002 g_loss=3.98432 d_loss=0.26653 cycle_loss=0.17629 identity_loss=0.19385 grad_norm=22.89006
[12375.298s] step         step=134950 epoch=19 lr=0.0002 g_loss=3.77324 d_loss=0.19112 cycle_loss=0.19752 identity_loss=0.132 grad_norm=17.97351
[12379.450s] step         step=135000 epoch=19 lr=0.0002 g_loss=3.7001 d_loss=0.3444 cycle_loss=0.15159 identity_loss=0.13617 grad_norm=17.46856
[12383.494s] step         step=135050 epoch=19 lr=0.0002 g_loss=3.80945 d_loss=0.14975 cycle_loss=0.18714 identity_loss=0.15978 grad_norm=24.36863
[12387.394s] step         step=135100 epoch=19 lr=0.0002 g_loss=4.45625 d_loss=0.23655 cycle_loss=0.24288 identity_loss=0.19877 grad_norm=26.00523
[12391.328s] step         step=135150 epoch=19 lr=0.0002 g_loss=4.02602 d_loss=0.27582 cycle_loss=0.15535 identity_loss=0.13034 grad_norm=22.32725
[12395.231s] step         step=135200 epoch=19 lr=0.0002 g_loss=3.90108 d_loss=0.17247 cycle_loss=0.16122 identity_loss=0.15551 grad_norm=21.47645
[12399.139s] step         step=135250 epoch=19 lr=0.0002 g_loss=4.44498 d_loss=0.16904 cycle_loss=0.23422 identity_loss=0.18569 grad_norm=38.74052
[12403.198s] step         step=135300 epoch=19 lr=0.0002 g_loss=4.20376 d_loss=0.28734 cycle_loss=0.24104 identity_loss=0.23763 grad_norm=22.42814
[12407.487s] step         step=135350 epoch=19 lr=0.0002 g_loss=3.4019 d_loss=0.29487 cycle_loss=0.17082 identity_loss=0.13951 grad_norm=20.20883
[12412.139s] step         step=135400 epoch=19 lr=0.0002 g_loss=3.19259 d_loss=0.23461 cycle_loss=0.15002 identity_loss=0.11594 grad_norm=15.26274
[12416.931s] step         step=135450 epoch=19 lr=0.0002 g_loss=3.5132 d_loss=0.2301 cycle_loss=0.15358 identity_loss=0.13963 grad_norm=20.14046
[12421.655s] step         step=135500 epoch=19 lr=0.0002 g_loss=3.06652 d_loss=0.3659 cycle_loss=0.15987 identity_loss=0.13647 grad_norm=12.50916
[12425.642s] step         step=135550 epoch=19 lr=0.0002 g_loss=3.8197 d_loss=0.43402 cycle_loss=0.19317 identity_loss=0.20795 grad_norm=21.21054
[12429.555s] step         step=135600 epoch=19 lr=0.0002 g_loss=3.49212 d_loss=0.23311 cycle_loss=0.17658 identity_loss=0.17587 grad_norm=15.1248
[12433.478s] step         step=135650 epoch=19 lr=0.0002 g_loss=3.46188 d_loss=0.35169 cycle_loss=0.21117 identity_loss=0.11903 grad_norm=29.93122
[12437.413s] step         step=135700 epoch=19 lr=0.0002 g_loss=3.34826 d_loss=0.31374 cycle_loss=0.17489 identity_loss=0.14362 grad_norm=15.19835
[12441.316s] step         step=135750 epoch=19 lr=0.0002 g_loss=4.05997 d_loss=0.28154 cycle_loss=0.23564 identity_loss=0.14862 grad_norm=32.17142
[12445.237s] step         step=135800 epoch=19 lr=0.0002 g_loss=3.35851 d_loss=0.08385 cycle_loss=0.13256 identity_loss=0.09186 grad_norm=19.61474
[12449.159s] step         step=135850 epoch=19 lr=0.0002 g_loss=3.09604 d_loss=0.33056 cycle_loss=0.11673 identity_loss=0.15627 grad_norm=17.45925
[12453.086s] step         step=135900 epoch=19 lr=0.0002 g_loss=3.03367 d_loss=0.17303 cycle_loss=0.14836 identity_loss=0.12948 grad_norm=18.21592
[12457.027s] step         step=135950 epoch=19 lr=0.0002 g_loss=5.14373 d_loss=0.55548 cycle_loss=0.24495 identity_loss=0.21292 grad_norm=34.31005
[12460.954s] step         step=136000 epoch=19 lr=0.0002 g_loss=3.76033 d_loss=0.3832 cycle_loss=0.18904 identity_loss=0.13086 grad_norm=30.39915
[12464.940s] step         step=136050 epoch=19 lr=0.0002 g_loss=4.84136 d_loss=0.31975 cycle_loss=0.21063 identity_loss=0.2691 grad_norm=33.10328
[12469.000s] step         step=136100 epoch=19 lr=0.0002 g_loss=3.46477 d_loss=0.49885 cycle_loss=0.19962 identity_loss=0.14356 grad_norm=21.9124
[12472.966s] step         step=136150 epoch=19 lr=0.0002 g_loss=3.74699 d_loss=0.66935 cycle_loss=0.19256 identity_loss=0.16288 grad_norm=21.35406
[12476.884s] step         step=136200 epoch=19 lr=0.0002 g_loss=4.75869 d_loss=0.23733 cycle_loss=0.27602 identity_loss=0.22248 grad_norm=20.06222
[12480.787s] step         step=136250 epoch=19 lr=0.0002 g_loss=2.94796 d_loss=0.20696 cycle_loss=0.16364 identity_loss=0.13703 grad_norm=18.87744
[12484.703s] step         step=136300 epoch=19 lr=0.0002 g_loss=3.40128 d_loss=0.35976 cycle_loss=0.15494 identity_loss=0.1352 grad_norm=10.00507
[12488.608s] step         step=136350 epoch=19 lr=0.0002 g_loss=2.81339 d_loss=0.35083 cycle_loss=0.12318 identity_loss=0.11094 grad_norm=19.20799
[12492.881s] step         step=136400 epoch=19 lr=0.0002 g_loss=4.42668 d_loss=0.21014 cycle_loss=0.21709 identity_loss=0.18652 grad_norm=19.06197
[12496.982s] step         step=136450 epoch=19 lr=0.0002 g_loss=2.90338 d_loss=0.29153 cycle_loss=0.15027 identity_loss=0.10091 grad_norm=15.12546
[12501.280s] step         step=136500 epoch=19 lr=0.0002 g_loss=4.16504 d_loss=0.20812 cycle_loss=0.20076 identity_loss=0.20508 grad_norm=24.11424
[12505.568s] step         step=136550 epoch=19 lr=0.0002 g_loss=3.61946 d_loss=0.30969 cycle_loss=0.18305 identity_loss=0.11408 grad_norm=19.65843
[12509.533s] step         step=136600 epoch=19 lr=0.0002 g_loss=2.92085 d_loss=0.53451 cycle_loss=0.16155 identity_loss=0.12266 grad_norm=16.01606
[12513.489s] step         step=136650 epoch=19 lr=0.0002 g_loss=3.48625 d_loss=0.20697 cycle_loss=0.15574 identity_loss=0.09408 grad_norm=17.523
[12517.452s] step         step=136700 epoch=19 lr=0.0002 g_loss=3.53326 d_loss=0.31658 cycle_loss=0.17098 identity_loss=0.17931 grad_norm=19.24467
[12521.387s] step         step=136750 epoch=19 lr=0.0002 g_loss=3.17654 d_loss=0.23711 cycle_loss=0.15911 identity_loss=0.13399 grad_norm=23.85025
[12525.468s] step         step=136800 epoch=19 lr=0.0002 g_loss=3.15478 d_loss=0.45893 cycle_loss=0.16142 identity_loss=0.13544 grad_norm=17.53011
[12529.753s] step         step=136850 epoch=19 lr=0.0002 g_loss=2.5041 d_loss=0.25022 cycle_loss=0.13096 identity_loss=0.09238 grad_norm=22.77213
[12534.088s] step         step=136900 epoch=19 lr=0.0002 g_loss=2.32933 d_loss=0.20277 cycle_loss=0.13009 identity_loss=0.0866 grad_norm=18.59323
[12538.006s] step         step=136950 epoch=19 lr=0.0002 g_loss=5.28917 d_loss=0.14135 cycle_loss=0.24255 identity_loss=0.20342 grad_norm=23.49732
[12541.933s] step         step=137000 epoch=19 lr=0.0002 g_loss=4.28312 d_loss=0.20179 cycle_loss=0.22617 identity_loss=0.14768 grad_norm=30.22396
[12545.926s] step         step=137050 epoch=19 lr=0.0002 g_loss=2.52185 d_loss=0.32099 cycle_loss=0.12586 identity_loss=0.10178 grad_norm=14.38585
[12549.852s] step         step=137100 epoch=19 lr=0.0002 g_loss=5.01687 d_loss=0.2192 cycle_loss=0.23188 identity_loss=0.22721 grad_norm=28.17715
[12554.182s] step         step=137150 epoch=19 lr=0.0002 g_loss=4.11116 d_loss=0.26683 cycle_loss=0.20973 identity_loss=0.1699 grad_norm=27.27011
[12558.109s] step         step=137200 epoch=19 lr=0.0002 g_loss=4.30682 d_loss=0.48578 cycle_loss=0.21287 identity_loss=0.17163 grad_norm=27.71724
[12562.016s] step         step=137250 epoch=19 lr=0.0002 g_loss=3.59254 d_loss=0.15037 cycle_loss=0.13243 identity_loss=0.10394 grad_norm=14.31917
[12565.949s] step         step=137300 epoch=19 lr=0.0002 g_loss=4.19492 d_loss=0.47156 cycle_loss=0.2263 identity_loss=0.18765 grad_norm=24.42003
[12569.854s] step         step=137350 epoch=19 lr=0.0002 g_loss=3.45734 d_loss=0.27061 cycle_loss=0.17375 identity_loss=0.13002 grad_norm=16.00936
[12573.774s] step         step=137400 epoch=19 lr=0.0002 g_loss=3.55352 d_loss=0.21684 cycle_loss=0.19761 identity_loss=0.16478 grad_norm=24.07947
[12577.683s] step         step=137450 epoch=19 lr=0.0002 g_loss=3.83423 d_loss=0.13915 cycle_loss=0.16687 identity_loss=0.18168 grad_norm=31.38627
[12581.599s] step         step=137500 epoch=19 lr=0.0002 g_loss=4.66196 d_loss=0.22162 cycle_loss=0.22723 identity_loss=0.206 grad_norm=28.39317
[12585.582s] step         step=137550 epoch=19 lr=0.0002 g_loss=3.88221 d_loss=0.0961 cycle_loss=0.1965 identity_loss=0.16228 grad_norm=24.51197
[12589.512s] step         step=137600 epoch=19 lr=0.0002 g_loss=4.1844 d_loss=0.12598 cycle_loss=0.21863 identity_loss=0.18369 grad_norm=33.53267
[12593.609s] step         step=137650 epoch=19 lr=0.0002 g_loss=3.28417 d_loss=0.29721 cycle_loss=0.11433 identity_loss=0.11077 grad_norm=23.89428
[12597.546s] step         step=137700 epoch=19 lr=0.0002 g_loss=4.55304 d_loss=0.40793 cycle_loss=0.21929 identity_loss=0.19869 grad_norm=15.96276
[12601.470s] step         step=137750 epoch=19 lr=0.0002 g_loss=3.98399 d_loss=0.33838 cycle_loss=0.22622 identity_loss=0.19004 grad_norm=21.18456
[12605.433s] step         step=137800 epoch=19 lr=0.0002 g_loss=3.04263 d_loss=0.26647 cycle_loss=0.15904 identity_loss=0.11045 grad_norm=16.38789
[12609.402s] step         step=137850 epoch=19 lr=0.0002 g_loss=3.97025 d_loss=0.3961 cycle_loss=0.22851 identity_loss=0.17824 grad_norm=28.80293
[12613.354s] step         step=137900 epoch=19 lr=0.0002 g_loss=4.08365 d_loss=0.31531 cycle_loss=0.19601 identity_loss=0.16243 grad_norm=19.69918
[12617.293s] step         step=137950 epoch=19 lr=0.0002 g_loss=3.05215 d_loss=0.22895 cycle_loss=0.16582 identity_loss=0.13364 grad_norm=21.32921
[12621.254s] step         step=138000 epoch=19 lr=0.0002 g_loss=5.21088 d_loss=0.11839 cycle_loss=0.28488 identity_loss=0.28103 grad_norm=25.24839
[12625.213s] step         step=138050 epoch=19 lr=0.0002 g_loss=3.3819 d_loss=0.18412 cycle_loss=0.15341 identity_loss=0.09815 grad_norm=14.54589
[12629.157s] step         step=138100 epoch=19 lr=0.0002 g_loss=3.50606 d_loss=0.22569 cycle_loss=0.16945 identity_loss=0.132 grad_norm=22.5399
[12633.079s] step         step=138150 epoch=19 lr=0.0002 g_loss=2.69523 d_loss=0.23949 cycle_loss=0.12958 identity_loss=0.11 grad_norm=13.64917
[12636.993s] step         step=138200 epoch=19 lr=0.0002 g_loss=3.97532 d_loss=0.15611 cycle_loss=0.19724 identity_loss=0.16466 grad_norm=20.18156
[12640.929s] step         step=138250 epoch=19 lr=0.0002 g_loss=3.8454 d_loss=0.19704 cycle_loss=0.15976 identity_loss=0.14804 grad_norm=18.99139
[12644.866s] step         step=138300 epoch=19 lr=0.0002 g_loss=3.81389 d_loss=0.12352 cycle_loss=0.20336 identity_loss=0.14395 grad_norm=103.28533
[12648.820s] step         step=138350 epoch=19 lr=0.0002 g_loss=3.38294 d_loss=0.34669 cycle_loss=0.17428 identity_loss=0.18823 grad_norm=19.42273
[12652.746s] step         step=138400 epoch=19 lr=0.0002 g_loss=2.89685 d_loss=0.18011 cycle_loss=0.15134 identity_loss=0.11606 grad_norm=14.80335
[12656.671s] step         step=138450 epoch=19 lr=0.0002 g_loss=4.37033 d_loss=0.38358 cycle_loss=0.17357 identity_loss=0.15605 grad_norm=24.93564
[12661.039s] step         step=138500 epoch=19 lr=0.0002 g_loss=3.71448 d_loss=0.18252 cycle_loss=0.14943 identity_loss=0.18603 grad_norm=21.80702
[12665.028s] step         step=138550 epoch=19 lr=0.0002 g_loss=3.81979 d_loss=0.241 cycle_loss=0.19549 identity_loss=0.14625 grad_norm=26.42081
[12668.958s] step         step=138600 epoch=19 lr=0.0002 g_loss=3.45731 d_loss=0.20467 cycle_loss=0.15208 identity_loss=0.16335 grad_norm=20.70924
[12672.860s] step         step=138650 epoch=19 lr=0.0002 g_loss=3.6195 d_loss=0.37028 cycle_loss=0.15941 identity_loss=0.15075 grad_norm=15.16077
[12676.797s] step         step=138700 epoch=19 lr=0.0002 g_loss=3.54656 d_loss=0.43462 cycle_loss=0.19537 identity_loss=0.1655 grad_norm=27.60812
[12680.758s] step         step=138750 epoch=19 lr=0.0002 g_loss=3.4116 d_loss=0.18837 cycle_loss=0.19712 identity_loss=0.1011 grad_norm=25.08374
[12684.671s] step         step=138800 epoch=19 lr=0.0002 g_loss=3.93701 d_loss=0.1928 cycle_loss=0.183 identity_loss=0.16304 grad_norm=14.83237
[12688.600s] step         step=138850 epoch=19 lr=0.0002 g_loss=3.11026 d_loss=0.18376 cycle_loss=0.14113 identity_loss=0.11933 grad_norm=16.58595
[12692.580s] step         step=138900 epoch=19 lr=0.0002 g_loss=2.61233 d_loss=0.22443 cycle_loss=0.13415 identity_loss=0.10379 grad_norm=13.07868
[12696.701s] step         step=138950 epoch=19 lr=0.0002 g_loss=3.85524 d_loss=0.25003 cycle_loss=0.20444 identity_loss=0.17702 grad_norm=35.97525
[12700.604s] step         step=139000 epoch=19 lr=0.0002 g_loss=2.99559 d_loss=0.30565 cycle_loss=0.15059 identity_loss=0.09978 grad_norm=22.50348
[12704.667s] step         step=139050 epoch=19 lr=0.0002 g_loss=4.27296 d_loss=0.11449 cycle_loss=0.16846 identity_loss=0.19779 grad_norm=22.26834
[12708.669s] step         step=139100 epoch=19 lr=0.0002 g_loss=3.8441 d_loss=0.1687 cycle_loss=0.19848 identity_loss=0.18301 grad_norm=25.32939
[12712.595s] step         step=139150 epoch=19 lr=0.0002 g_loss=3.37645 d_loss=0.29625 cycle_loss=0.15082 identity_loss=0.16109 grad_norm=15.9177
[12716.522s] step         step=139200 epoch=19 lr=0.0002 g_loss=4.23314 d_loss=0.24848 cycle_loss=0.19797 identity_loss=0.13917 grad_norm=22.06375
[12720.436s] step         step=139250 epoch=19 lr=0.0002 g_loss=3.98859 d_loss=0.17527 cycle_loss=0.20477 identity_loss=0.14399 grad_norm=17.52237
[12724.354s] step         step=139300 epoch=19 lr=0.0002 g_loss=2.89506 d_loss=0.21048 cycle_loss=0.1259 identity_loss=0.10264 grad_norm=14.67873
[12728.271s] step         step=139350 epoch=19 lr=0.0002 g_loss=3.53989 d_loss=0.2889 cycle_loss=0.18454 identity_loss=0.12767 grad_norm=29.36202
[12732.179s] step         step=139400 epoch=19 lr=0.0002 g_loss=2.57812 d_loss=0.18129 cycle_loss=0.10437 identity_loss=0.13555 grad_norm=14.39282
[12736.110s] step         step=139450 epoch=19 lr=0.0002 g_loss=3.64603 d_loss=0.12244 cycle_loss=0.144 identity_loss=0.11261 grad_norm=17.91063
[12740.060s] step         step=139500 epoch=19 lr=0.0002 g_loss=2.95019 d_loss=0.20821 cycle_loss=0.13466 identity_loss=0.12714 grad_norm=17.03091
[12744.049s] step         step=139550 epoch=19 lr=0.0002 g_loss=4.86484 d_loss=0.07943 cycle_loss=0.23382 identity_loss=0.26177 grad_norm=22.69739
[12747.974s] step         step=139600 epoch=19 lr=0.0002 g_loss=3.67186 d_loss=0.31025 cycle_loss=0.16352 identity_loss=0.15656 grad_norm=21.97674
[12751.898s] step         step=139650 epoch=19 lr=0.0002 g_loss=5.07326 d_loss=0.20266 cycle_loss=0.2695 identity_loss=0.24575 grad_norm=28.73517
[12755.833s] step         step=139700 epoch=19 lr=0.0002 g_loss=3.8178 d_loss=0.27788 cycle_loss=0.19546 identity_loss=0.11345 grad_norm=26.78004
[12759.733s] step         step=139750 epoch=19 lr=0.0002 g_loss=3.76757 d_loss=0.12629 cycle_loss=0.16919 identity_loss=0.10859 grad_norm=29.02852
[12763.641s] step         step=139800 epoch=19 lr=0.0002 g_loss=3.73531 d_loss=0.17917 cycle_loss=0.14529 identity_loss=0.1595 grad_norm=11.00995
[12767.583s] step         step=139850 epoch=19 lr=0.0002 g_loss=3.98238 d_loss=0.33169 cycle_loss=0.19738 identity_loss=0.16083 grad_norm=36.77913
[12771.601s] step         step=139900 epoch=19 lr=0.0002 g_loss=3.69552 d_loss=0.10045 cycle_loss=0.15059 identity_loss=0.11103 grad_norm=17.46291
[12775.530s] step         step=139950 epoch=19 lr=0.0002 g_loss=4.30301 d_loss=0.46249 cycle_loss=0.22069 identity_loss=0.2322 grad_norm=23.49886
[12779.432s] step         step=140000 epoch=19 lr=0.0002 g_loss=4.39461 d_loss=0.19848 cycle_loss=0.21491 identity_loss=0.1665 grad_norm=28.24873
[12783.391s] step         step=140050 epoch=19 lr=0.0002 g_loss=3.04764 d_loss=0.20717 cycle_loss=0.13035 identity_loss=0.12343 grad_norm=20.589
[12787.285s] step         step=140100 epoch=19 lr=0.0002 g_loss=4.61894 d_loss=0.14161 cycle_loss=0.23362 identity_loss=0.22345 grad_norm=24.233
[12791.219s] step         step=140150 epoch=19 lr=0.0002 g_loss=7.36447 d_loss=0.11912 cycle_loss=0.35719 identity_loss=0.40957 grad_norm=39.47485
[12795.140s] step         step=140200 epoch=19 lr=0.0002 g_loss=3.99538 d_loss=0.1852 cycle_loss=0.15471 identity_loss=0.15644 grad_norm=61.0968
[12799.061s] step         step=140250 epoch=19 lr=0.0002 g_loss=4.05352 d_loss=0.09557 cycle_loss=0.17086 identity_loss=0.19862 grad_norm=21.54123
[12802.974s] step         step=140300 epoch=19 lr=0.0002 g_loss=2.7715 d_loss=0.27625 cycle_loss=0.16391 identity_loss=0.11377 grad_norm=18.05361
[12806.913s] step         step=140350 epoch=19 lr=0.0002 g_loss=5.26984 d_loss=0.2499 cycle_loss=0.2021 identity_loss=0.22693 grad_norm=38.43763
[12810.829s] step         step=140400 epoch=19 lr=0.0002 g_loss=3.34633 d_loss=0.22089 cycle_loss=0.17608 identity_loss=0.11802 grad_norm=20.49821
[12814.751s] step         step=140450 epoch=19 lr=0.0002 g_loss=3.38543 d_loss=0.14166 cycle_loss=0.14888 identity_loss=0.19613 grad_norm=23.49573
[12818.751s] step         step=140500 epoch=19 lr=0.0002 g_loss=3.69521 d_loss=0.40905 cycle_loss=0.18398 identity_loss=0.14088 grad_norm=28.39177
[12823.258s] step         step=140550 epoch=19 lr=0.0002 g_loss=3.14405 d_loss=0.18939 cycle_loss=0.14254 identity_loss=0.11224 grad_norm=14.78373
[12827.572s] step         step=140600 epoch=19 lr=0.0002 g_loss=4.51453 d_loss=0.10502 cycle_loss=0.25453 identity_loss=0.12018 grad_norm=44.28601
[12831.514s] step         step=140650 epoch=19 lr=0.0002 g_loss=3.32173 d_loss=0.30976 cycle_loss=0.15309 identity_loss=0.15145 grad_norm=18.98478
[12835.863s] step         step=140700 epoch=19 lr=0.0002 g_loss=2.75633 d_loss=0.34354 cycle_loss=0.16393 identity_loss=0.11209 grad_norm=16.82024
[12839.767s] step         step=140750 epoch=19 lr=0.0002 g_loss=3.48163 d_loss=0.26876 cycle_loss=0.20393 identity_loss=0.15553 grad_norm=22.82605
[12840.542s] epoch        epoch=19 step=140760 seconds=12826.5
[12841.136s] checkpoint   epoch=20 step=140760
[12844.710s] step         step=140800 epoch=20 lr=0.00019048 g_loss=3.48487 d_loss=0.22326 cycle_loss=0.16631 identity_loss=0.11301 grad_norm=17.73437
[12848.618s] step         step=140850 epoch=20 lr=0.00019048 g_loss=2.70366 d_loss=0.28205 cycle_loss=0.13236 identity_loss=0.13401 grad_norm=13.75982
[12852.548s] step         step=140900 epoch=20 lr=0.00019048 g_loss=3.26199 d_loss=0.20995 cycle_loss=0.17055 identity_loss=0.14539 grad_norm=30.10924
[12856.518s] step         step=140950 epoch=20 lr=0.00019048 g_loss=3.20719 d_loss=0.37089 cycle_loss=0.16879 identity_loss=0.13813 grad_norm=18.65334
[12860.465s] step         step=141000 epoch=20 lr=0.00019048 g_loss=3.8778 d_loss=0.28864 cycle_loss=0.18086 identity_loss=0.15541 grad_norm=15.85995
[12864.464s] step         step=141050 epoch=20 lr=0.00019048 g_loss=4.26931 d_loss=0.33524 cycle_loss=0.14885 identity_loss=0.19395 grad_norm=32.89355
[12868.396s] step         step=141100 epoch=20 lr=0.00019048 g_loss=2.72942 d_loss=0.11366 cycle_loss=0.11111 identity_loss=0.10106 grad_norm=14.39285
[12872.297s] step         step=141150 epoch=20 lr=0.00019048 g_loss=4.37112 d_loss=0.12809 cycle_loss=0.20209 identity_loss=0.21734 grad_norm=25.12465
[12876.226s] step         step=141200 epoch=20 lr=0.00019048 g_loss=3.46875 d_loss=0.31239 cycle_loss=0.14071 identity_loss=0.14421 grad_norm=15.87057
[12880.135s] step         step=141250 epoch=20 lr=0.00019048 g_loss=4.17042 d_loss=0.39831 cycle_loss=0.23962 identity_loss=0.19827 grad_norm=24.60006
[12884.259s] step         step=141300 epoch=20 lr=0.00019048 g_loss=3.56868 d_loss=0.26287 cycle_loss=0.18833 identity_loss=0.17995 grad_norm=17.63306
[12888.191s] step         step=141350 epoch=20 lr=0.00019048 g_loss=3.47479 d_loss=0.16898 cycle_loss=0.16236 identity_loss=0.17716 grad_norm=18.24745
[12892.100s] step         step=141400 epoch=20 lr=0.00019048 g_loss=3.77741 d_loss=0.14323 cycle_loss=0.16724 identity_loss=0.15714 grad_norm=23.12953
[12896.014s] step         step=141450 epoch=20 lr=0.00019048 g_loss=3.87011 d_loss=0.22731 cycle_loss=0.16006 identity_loss=0.14913 grad_norm=26.8501
[12899.924s] step         step=141500 epoch=20 lr=0.00019048 g_loss=3.50183 d_loss=0.58413 cycle_loss=0.17493 identity_loss=0.16821 grad_norm=26.8436
[12903.892s] step         step=141550 epoch=20 lr=0.00019048 g_loss=3.55447 d_loss=0.17864 cycle_loss=0.17072 identity_loss=0.18329 grad_norm=28.49907
[12907.800s] step         step=141600 epoch=20 lr=0.00019048 g_loss=3.93291 d_loss=0.17819 cycle_loss=0.12526 identity_loss=0.18323 grad_norm=18.8243
[12911.714s] step         step=141650 epoch=20 lr=0.00019048 g_loss=3.67379 d_loss=0.29076 cycle_loss=0.18601 identity_loss=0.16165 grad_norm=21.48492
[12915.661s] step         step=141700 epoch=20 lr=0.00019048 g_loss=4.24921 d_loss=0.33822 cycle_loss=0.23604 identity_loss=0.15445 grad_norm=45.30509
[12919.565s] step         step=141750 epoch=20 lr=0.00019048 g_loss=2.93085 d_loss=0.23524 cycle_loss=0.15219 identity_loss=0.08969 grad_norm=21.38271
[12923.487s] step         step=141800 epoch=20 lr=0.00019048 g_loss=3.34684 d_loss=0.42235 cycle_loss=0.12348 identity_loss=0.10193 grad_norm=26.65766
[12927.410s] step         step=141850 epoch=20 lr=0.00019048 g_loss=3.76676 d_loss=0.39543 cycle_loss=0.16069 identity_loss=0.13609 grad_norm=39.37112
[12931.329s] step         step=141900 epoch=20 lr=0.00019048 g_loss=2.88641 d_loss=0.36181 cycle_loss=0.15853 identity_loss=0.1141 grad_norm=17.47362
[12935.233s] step         step=141950 epoch=20 lr=0.00019048 g_loss=3.91048 d_loss=0.55766 cycle_loss=0.22461 identity_loss=0.17504 grad_norm=19.10919
[12939.150s] step         step=142000 epoch=20 lr=0.00019048 g_loss=3.43688 d_loss=0.32061 cycle_loss=0.12301 identity_loss=0.11998 grad_norm=20.59181
[12943.121s] step         step=142050 epoch=20 lr=0.00019048 g_loss=3.3055 d_loss=0.21205 cycle_loss=0.18855 identity_loss=0.12537 grad_norm=23.97346
[12947.048s] step         step=142100 epoch=20 lr=0.00019048 g_loss=3.29322 d_loss=0.19059 cycle_loss=0.18945 identity_loss=0.10013 grad_norm=29.02109
[12950.940s] step         step=142150 epoch=20 lr=0.00019048 g_loss=3.59136 d_loss=0.19561 cycle_loss=0.16424 identity_loss=0.15219 grad_norm=19.64805
[12954.824s] step         step=142200 epoch=20 lr=0.00019048 g_loss=3.56589 d_loss=0.25616 cycle_loss=0.17198 identity_loss=0.14598 grad_norm=11.31325
[12958.728s] step         step=142250 epoch=20 lr=0.00019048 g_loss=4.12974 d_loss=0.28649 cycle_loss=0.17935 identity_loss=0.1413 grad_norm=32.27036
[12962.643s] step         step=142300 epoch=20 lr=0.00019048 g_loss=3.69542 d_loss=0.11893 cycle_loss=0.16031 identity_loss=0.10946 grad_norm=21.24154
[12966.554s] step         step=142350 epoch=20 lr=0.00019048 g_loss=2.69595 d_loss=0.15539 cycle_loss=0.11762 identity_loss=0.10532 grad_norm=20.38216
[12970.469s] step         step=142400 epoch=20 lr=0.00019048 g_loss=3.31955 d_loss=0.24741 cycle_loss=0.16463 identity_loss=0.16661 grad_norm=13.7023
[12974.387s] step         step=142450 epoch=20 lr=0.00019048 g_loss=6.5633 d_loss=0.19379 cycle_loss=0.33776 identity_loss=0.37717 grad_norm=33.48383
[12978.310s] step         step=142500 epoch=20 lr=0.00019048 g_loss=3.96806 d_loss=0.30135 cycle_loss=0.15219 identity_loss=0.1403 grad_norm=26.98685
[12982.264s] step         step=142550 epoch=20 lr=0.00019048 g_loss=4.0739 d_loss=0.16578 cycle_loss=0.1874 identity_loss=0.16436 grad_norm=527.29358
[12986.178s] step         step=142600 epoch=20 lr=0.00019048 g_loss=3.93315 d_loss=0.09208 cycle_loss=0.17984 identity_loss=0.15938 grad_norm=20.13837
[12990.136s] step         step=142650 epoch=20 lr=0.00019048 g_loss=4.80308 d_loss=0.39273 cycle_loss=0.17789 identity_loss=0.12335 grad_norm=47.0813
[12994.112s] step         step=142700 epoch=20 lr=0.00019048 g_loss=4.18917 d_loss=0.19105 cycle_loss=0.22011 identity_loss=0.16657 grad_norm=23.91892
[12998.085s] step         step=142750 epoch=20 lr=0.00019048 g_loss=2.9785 d_loss=0.29934 cycle_loss=0.14018 identity_loss=0.11935 grad_norm=14.7309
[13001.996s] step         step=142800 epoch=20 lr=0.00019048 g_loss=3.99886 d_loss=0.29265 cycle_loss=0.18072 identity_loss=0.13145 grad_norm=29.72385
[13005.911s] step         step=142850 epoch=20 lr=0.00019048 g_loss=3.68118 d_loss=0.14177 cycle_loss=0.16188 identity_loss=0.11904 grad_norm=17.63719
[13009.852s] step         step=142900 epoch=20 lr=0.00019048 g_loss=4.58299 d_loss=0.47598 cycle_loss=0.19945 identity_loss=0.25213 grad_norm=23.61888
[13013.771s] step         step=142950 epoch=20 lr=0.00019048 g_loss=4.59909 d_loss=0.28954 cycle_loss=0.22198 identity_loss=0.24147 grad_norm=29.18211
[13017.676s] step         step=143000 epoch=20 lr=0.00019048 g_loss=3.44434 d_loss=0.26019 cycle_loss=0.1693 identity_loss=0.19414 grad_norm=21.50002
[13021.666s] step         step=143050 epoch=20 lr=0.00019048 g_loss=3.88525 d_loss=0.20264 cycle_loss=0.22029 identity_loss=0.17727 grad_norm=21.97823
[13025.576s] step         step=143100 epoch=20 lr=0.00019048 g_loss=3.66891 d_loss=0.48669 cycle_loss=0.21973 identity_loss=0.21113 grad_norm=28.19646
[13029.505s] step         step=143150 epoch=20 lr=0.00019048 g_loss=3.275 d_loss=0.34446 cycle_loss=0.16309 identity_loss=0.14345 grad_norm=38.08963
[13033.409s] step         step=143200 epoch=20 lr=0.00019048 g_loss=3.17264 d_loss=0.30737 cycle_loss=0.15146 identity_loss=0.12094 grad_norm=16.1838
[13037.334s] step         step=143250 epoch=20 lr=0.00019048 g_loss=3.3382 d_loss=0.29409 cycle_loss=0.17381 identity_loss=0.1313 grad_norm=25.35048
[13041.255s] step         step=143300 epoch=20 lr=0.00019048 g_loss=4.83999 d_loss=0.18155 cycle_loss=0.19584 identity_loss=0.17797 grad_norm=24.85583
[13045.194s] step         step=143350 epoch=20 lr=0.00019048 g_loss=3.32526 d_loss=0.24187 cycle_loss=0.17041 identity_loss=0.12311 grad_norm=24.8851
[13049.107s] step         step=143400 epoch=20 lr=0.00019048 g_loss=3.70159 d_loss=0.1078 cycle_loss=0.16219 identity_loss=0.15622 grad_norm=25.73187
[13053.032s] step         step=143450 epoch=20 lr=0.00019048 g_loss=3.84912 d_loss=0.22181 cycle_loss=0.15591 identity_loss=0.13575 grad_norm=21.85147
[13056.946s] step         step=143500 epoch=20 lr=0.00019048 g_loss=3.1419 d_loss=0.14141 cycle_loss=0.13687 identity_loss=0.14225 grad_norm=19.64845
[13060.905s] step         step=143550 epoch=20 lr=0.00019048 g_loss=4.15898 d_loss=0.32837 cycle_loss=0.18533 identity_loss=0.17701 grad_norm=24.07761
[13064.819s] step         step=143600 epoch=20 lr=0.00019048 g_loss=3.86423 d_loss=0.1559 cycle_loss=0.20098 identity_loss=0.16653 grad_norm=23.23389
[13068.730s] step         step=143650 epoch=20 lr=0.00019048 g_loss=3.56785 d_loss=0.26813 cycle_loss=0.17823 identity_loss=0.1472 grad_norm=15.81992
[13072.978s] step         step=143700 epoch=20 lr=0.00019048 g_loss=2.69127 d_loss=0.284 cycle_loss=0.15438 identity_loss=0.11992 grad_norm=17.78237
[13076.897s] step         step=143750 epoch=20 lr=0.00019048 g_loss=3.15091 d_loss=0.16927 cycle_loss=0.14771 identity_loss=0.10916 grad_norm=17.83808
[13080.808s] step         step=143800 epoch=20 lr=0.00019048 g_loss=3.96273 d_loss=0.10485 cycle_loss=0.1989 identity_loss=0.2072 grad_norm=23.05527
[13084.721s] step         step=143850 epoch=20 lr=0.00019048 g_loss=4.65658 d_loss=0.27026 cycle_loss=0.20194 identity_loss=0.16123 grad_norm=27.95968
[13088.648s] step         step=143900 epoch=20 lr=0.00019048 g_loss=3.93515 d_loss=0.3596 cycle_loss=0.14397 identity_loss=0.1247 grad_norm=31.43402
[13092.559s] step         step=143950 epoch=20 lr=0.00019048 g_loss=4.49625 d_loss=0.2429 cycle_loss=0.1963 identity_loss=0.15277 grad_norm=18.70724
[13096.512s] step         step=144000 epoch=20 lr=0.00019048 g_loss=3.37936 d_loss=0.27931 cycle_loss=0.1729 identity_loss=0.14246 grad_norm=13.13886
[13100.530s] step         step=144050 epoch=20 lr=0.00019048 g_loss=2.84797 d_loss=0.20293 cycle_loss=0.12977 identity_loss=0.10781 grad_norm=13.14702
[13104.463s] step         step=144100 epoch=20 lr=0.00019048 g_loss=3.14087 d_loss=0.50722 cycle_loss=0.10991 identity_loss=0.12736 grad_norm=21.10684
[13108.375s] step         step=144150 epoch=20 lr=0.00019048 g_loss=3.89762 d_loss=0.60723 cycle_loss=0.17142 identity_loss=0.16077 grad_norm=13.38656
[13112.288s] step         step=144200 epoch=20 lr=0.00019048 g_loss=3.98411 d_loss=0.20024 cycle_loss=0.22206 identity_loss=0.13126 grad_norm=22.25813
[13116.420s] step         step=144250 epoch=20 lr=0.00019048 g_loss=3.56623 d_loss=0.27107 cycle_loss=0.145 identity_loss=0.1271 grad_norm=26.49014
[13120.531s] step         step=144300 epoch=20 lr=0.00019048 g_loss=3.29827 d_loss=0.54049 cycle_loss=0.18557 identity_loss=0.16794 grad_norm=21.10855
[13124.450s] step         step=144350 epoch=20 lr=0.00019048 g_loss=3.20319 d_loss=0.15467 cycle_loss=0.16908 identity_loss=0.15912 grad_norm=27.66531
[13128.438s] step         step=144400 epoch=20 lr=0.00019048 g_loss=3.60394 d_loss=0.25288 cycle_loss=0.12225 identity_loss=0.2066 grad_norm=29.56736
[13132.384s] step         step=144450 epoch=20 lr=0.00019048 g_loss=3.69339 d_loss=0.26165 cycle_loss=0.1599 identity_loss=0.1774 grad_norm=21.65529
[13136.335s] step         step=144500 epoch=20 lr=0.00019048 g_loss=4.32436 d_loss=0.36316 cycle_loss=0.19528 identity_loss=0.14416 grad_norm=24.98467
[13140.339s] step         step=144550 epoch=20 lr=0.00019048 g_loss=3.46357 d_loss=0.34725 cycle_loss=0.18985 identity_loss=0.14668 grad_norm=20.70846
[13144.273s] step         step=144600 epoch=20 lr=0.00019048 g_loss=2.84479 d_loss=0.19712 cycle_loss=0.13395 identity_loss=0.09442 grad_norm=22.87465
[13148.242s] step         step=144650 epoch=20 lr=0.00019048 g_loss=2.66767 d_loss=0.10479 cycle_loss=0.0917 identity_loss=0.11273 grad_norm=26.49489
[13152.258s] step         step=144700 epoch=20 lr=0.00019048 g_loss=4.38595 d_loss=0.38258 cycle_loss=0.20706 identity_loss=0.26963 grad_norm=27.22692
[13156.160s] step         step=144750 epoch=20 lr=0.00019048 g_loss=3.61119 d_loss=0.13799 cycle_loss=0.14531 identity_loss=0.11153 grad_norm=14.89339
[13160.055s] step         step=144800 epoch=20 lr=0.00019048 g_loss=3.84628 d_loss=0.14264 cycle_loss=0.16954 identity_loss=0.11124 grad_norm=12.77742
[13163.964s] step         step=144850 epoch=20 lr=0.00019048 g_loss=3.30363 d_loss=0.22864 cycle_loss=0.14775 identity_loss=0.12648 grad_norm=12.81499
[13167.882s] step         step=144900 epoch=20 lr=0.00019048 g_loss=4.05895 d_loss=0.32646 cycle_loss=0.15883 identity_loss=0.27956 grad_norm=27.12384
[13172.255s] step         step=144950 epoch=20 lr=0.00019048 g_loss=2.80764 d_loss=0.14684 cycle_loss=0.14176 identity_loss=0.11215 grad_norm=19.61031
[13176.239s] step         step=145000 epoch=20 lr=0.00019048 g_loss=4.12022 d_loss=0.30776 cycle_loss=0.23762 identity_loss=0.15776 grad_norm=25.75842
[13180.200s] step         step=145050 epoch=20 lr=0.00019048 g_loss=3.51079 d_loss=0.35423 cycle_loss=0.17145 identity_loss=0.14502 grad_norm=20.03279
[13184.100s] step         step=145100 epoch=20 lr=0.00019048 g_loss=3.88258 d_loss=0.51407 cycle_loss=0.19044 identity_loss=0.14747 grad_norm=32.24456
[13188.007s] step         step=145150 epoch=20 lr=0.00019048 g_loss=3.41421 d_loss=0.1819 cycle_loss=0.15727 identity_loss=0.11273 grad_norm=16.08141
[13192.006s] step         step=145200 epoch=20 lr=0.00019048 g_loss=2.9168 d_loss=0.3045 cycle_loss=0.16725 identity_loss=0.11338 grad_norm=26.41319
[13195.910s] step         step=145250 epoch=20 lr=0.00019048 g_loss=3.23679 d_loss=0.32275 cycle_loss=0.15448 identity_loss=0.11829 grad_norm=21.76763
[13199.826s] step         step=145300 epoch=20 lr=0.00019048 g_loss=3.65083 d_loss=0.07064 cycle_loss=0.14472 identity_loss=0.10744 grad_norm=21.9877
[13203.812s] step         step=145350 epoch=20 lr=0.00019048 g_loss=3.16545 d_loss=0.18497 cycle_loss=0.16845 identity_loss=0.08108 grad_norm=20.45265
[13207.714s] step         step=145400 epoch=20 lr=0.00019048 g_loss=4.30577 d_loss=0.22833 cycle_loss=0.22573 identity_loss=0.20304 grad_norm=29.30926
[13211.659s] step         step=145450 epoch=20 lr=0.00019048 g_loss=4.46901 d_loss=0.40327 cycle_loss=0.20553 identity_loss=0.15381 grad_norm=26.18447
[13215.561s] step         step=145500 epoch=20 lr=0.00019048 g_loss=5.36657 d_loss=0.33947 cycle_loss=0.2175 identity_loss=0.25473 grad_norm=28.99857
[13219.517s] step         step=145550 epoch=20 lr=0.00019048 g_loss=3.7037 d_loss=0.17814 cycle_loss=0.16396 identity_loss=0.17636 grad_norm=23.18575
[13223.424s] step         step=145600 epoch=20 lr=0.00019048 g_loss=2.97124 d_loss=0.22422 cycle_loss=0.15235 identity_loss=0.13933 grad_norm=19.34145
[13227.344s] step         step=145650 epoch=20 lr=0.00019048 g_loss=3.32072 d_loss=0.39919 cycle_loss=0.16848 identity_loss=0.13571 grad_norm=21.92168
[13231.263s] step         step=145700 epoch=20 lr=0.00019048 g_loss=3.84957 d_loss=0.15786 cycle_loss=0.15866 identity_loss=0.1257 grad_norm=24.37063
[13235.164s] step         step=145750 epoch=20 lr=0.00019048 g_loss=3.10382 d_loss=0.23245 cycle_loss=0.14597 identity_loss=0.15399 grad_norm=20.68227
[13239.063s] step         step=145800 epoch=20 lr=0.00019048 g_loss=3.02485 d_loss=0.45247 cycle_loss=0.14447 identity_loss=0.12719 grad_norm=21.24674
[13242.961s] step         step=145850 epoch=20 lr=0.00019048 g_loss=2.71398 d_loss=0.36735 cycle_loss=0.13827 identity_loss=0.13184 grad_norm=17.29902
[13246.843s] step         step=145900 epoch=20 lr=0.00019048 g_loss=3.41145 d_loss=0.32404 cycle_loss=0.20062 identity_loss=0.14539 grad_norm=22.95748
[13250.743s] step         step=145950 epoch=20 lr=0.00019048 g_loss=3.02002 d_loss=0.37568 cycle_loss=0.12943 identity_loss=0.12063 grad_norm=24.1073
[13254.650s] step         step=146000 epoch=20 lr=0.00019048 g_loss=3.22889 d_loss=0.35213 cycle_loss=0.1987 identity_loss=0.14182 grad_norm=29.03168
[13258.629s] step         step=146050 epoch=20 lr=0.00019048 g_loss=3.89775 d_loss=0.22101 cycle_loss=0.21941 identity_loss=0.17717 grad_norm=41.33648
[13262.528s] step         step=146100 epoch=20 lr=0.00019048 g_loss=3.39091 d_loss=0.35932 cycle_loss=0.17243 identity_loss=0.14241 grad_norm=20.59082
[13266.468s] step         step=146150 epoch=20 lr=0.00019048 g_loss=4.34428 d_loss=0.2654 cycle_loss=0.21287 identity_loss=0.17015 grad_norm=19.28913
[13270.368s] step         step=146200 epoch=20 lr=0.00019048 g_loss=3.67751 d_loss=0.12462 cycle_loss=0.18011 identity_loss=0.12074 grad_norm=22.26844
[13274.388s] step         step=146250 epoch=20 lr=0.00019048 g_loss=3.66531 d_loss=0.33339 cycle_loss=0.1817 identity_loss=0.10857 grad_norm=28.38838
[13278.282s] step         step=146300 epoch=20 lr=0.00019048 g_loss=3.69211 d_loss=0.40141 cycle_loss=0.1626 identity_loss=0.1751 grad_norm=21.87222
[13282.203s] step         step=146350 epoch=20 lr=0.00019048 g_loss=3.00916 d_loss=0.16922 cycle_loss=0.13988 identity_loss=0.12213 grad_norm=21.60512
[13286.104s] step         step=146400 epoch=20 lr=0.00019048 g_loss=4.41307 d_loss=0.25406 cycle_loss=0.20654 identity_loss=0.23076 grad_norm=20.24485
[13290.306s] step         step=146450 epoch=20 lr=0.00019048 g_loss=2.90626 d_loss=0.50057 cycle_loss=0.16636 identity_loss=0.12698 grad_norm=19.63365
[13294.319s] step         step=146500 epoch=20 lr=0.00019048 g_loss=4.38698 d_loss=0.29285 cycle_loss=0.28934 identity_loss=0.15505 grad_norm=22.11748
[13298.276s] step         step=146550 epoch=20 lr=0.00019048 g_loss=2.77874 d_loss=0.34984 cycle_loss=0.13491 identity_loss=0.11445 grad_norm=14.68712
[13302.209s] step         step=146600 epoch=20 lr=0.00019048 g_loss=3.63065 d_loss=0.13509 cycle_loss=0.12928 identity_loss=0.12067 grad_norm=23.85002
[13306.101s] step         step=146650 epoch=20 lr=0.00019048 g_loss=4.73405 d_loss=0.17877 cycle_loss=0.23648 identity_loss=0.2224 grad_norm=21.08641
[13310.027s] step         step=146700 epoch=20 lr=0.00019048 g_loss=3.76878 d_loss=0.14059 cycle_loss=0.17406 identity_loss=0.19652 grad_norm=29.4418
[13313.953s] step         step=146750 epoch=20 lr=0.00019048 g_loss=3.8432 d_loss=0.13837 cycle_loss=0.20793 identity_loss=0.11935 grad_norm=19.12783
[13317.860s] step         step=146800 epoch=20 lr=0.00019048 g_loss=2.92393 d_loss=0.13155 cycle_loss=0.1187 identity_loss=0.11268 grad_norm=17.22065
[13321.777s] step         step=146850 epoch=20 lr=0.00019048 g_loss=4.51481 d_loss=0.1273 cycle_loss=0.21562 identity_loss=0.13945 grad_norm=25.54449
[13325.682s] step         step=146900 epoch=20 lr=0.00019048 g_loss=4.36995 d_loss=0.30985 cycle_loss=0.20608 identity_loss=0.19541 grad_norm=36.35478
[13329.623s] step         step=146950 epoch=20 lr=0.00019048 g_loss=3.11226 d_loss=0.32285 cycle_loss=0.12409 identity_loss=0.13581 grad_norm=21.18008
[13334.069s] step         step=147000 epoch=20 lr=0.00019048 g_loss=2.83615 d_loss=0.23609 cycle_loss=0.13198 identity_loss=0.11212 grad_norm=18.93094
[13338.083s] step         step=147050 epoch=20 lr=0.00019048 g_loss=3.23536 d_loss=0.28081 cycle_loss=0.16401 identity_loss=0.10611 grad_norm=15.70752
[13342.000s] step         step=147100 epoch=20 lr=0.00019048 g_loss=6.12545 d_loss=0.24286 cycle_loss=0.26073 identity_loss=0.23789 grad_norm=43.69125
[13345.904s] step         step=147150 epoch=20 lr=0.00019048 g_loss=3.16344 d_loss=0.28198 cycle_loss=0.14725 identity_loss=0.11451 grad_norm=15.75434
[13349.821s] step         step=147200 epoch=20 lr=0.00019048 g_loss=3.70435 d_loss=0.13804 cycle_loss=0.16042 identity_loss=0.13103 grad_norm=23.13567
[13353.811s] step         step=147250 epoch=20 lr=0.00019048 g_loss=3.7215 d_loss=0.23217 cycle_loss=0.19339 identity_loss=0.136 grad_norm=32.11628
[13357.714s] step         step=147300 epoch=20 lr=0.00019048 g_loss=2.9314 d_loss=0.38048 cycle_loss=0.16682 identity_loss=0.13818 grad_norm=19.14661
[13361.624s] step         step=147350 epoch=20 lr=0.00019048 g_loss=3.43998 d_loss=0.24002 cycle_loss=0.17116 identity_loss=0.12655 grad_norm=14.07062
[13365.518s] step         step=147400 epoch=20 lr=0.00019048 g_loss=3.20511 d_loss=0.33454 cycle_loss=0.16772 identity_loss=0.12598 grad_norm=24.79663
[13369.473s] step         step=147450 epoch=20 lr=0.00019048 g_loss=3.78091 d_loss=0.28024 cycle_loss=0.20472 identity_loss=0.15965 grad_norm=13.32951
[13373.431s] step         step=147500 epoch=20 lr=0.00019048 g_loss=3.9637 d_loss=0.22975 cycle_loss=0.17769 identity_loss=0.13564 grad_norm=15.7593
[13377.365s] step         step=147550 epoch=20 lr=0.00019048 g_loss=4.00773 d_loss=0.16762 cycle_loss=0.2043 identity_loss=0.1454 grad_norm=17.31715
[13381.270s] step         step=147600 epoch=20 lr=0.00019048 g_loss=4.01132 d_loss=0.07271 cycle_loss=0.1585 identity_loss=0.12875 grad_norm=20.92255
[13385.179s] step         step=147650 epoch=20 lr=0.00019048 g_loss=4.62325 d_loss=0.1666 cycle_loss=0.23173 identity_loss=0.19532 grad_norm=33.42582
[13389.085s] step         step=147700 epoch=20 lr=0.00019048 g_loss=3.63509 d_loss=0.41176 cycle_loss=0.22253 identity_loss=0.13174 grad_norm=22.7991
[13393.008s] step         step=147750 epoch=20 lr=0.00019048 g_loss=3.94251 d_loss=0.25238 cycle_loss=0.2197 identity_loss=0.17544 grad_norm=22.10891
[13396.768s] epoch        epoch=20 step=147798 seconds=13382.8
[13397.071s] checkpoint   epoch=21 step=147798
[13397.235s] step         step=147800 epoch=21 lr=0.00018095 g_loss=4.63524 d_loss=0.2238 cycle_loss=0.16681 identity_loss=0.26372 grad_norm=30.00252
[13401.179s] step         step=147850 epoch=21 lr=0.00018095 g_loss=3.48393 d_loss=0.24222 cycle_loss=0.18164 identity_loss=0.16966 grad_norm=21.00719
[13405.082s] step         step=147900 epoch=21 lr=0.00018095 g_loss=3.52494 d_loss=0.33392 cycle_loss=0.16638 identity_loss=0.11092 grad_norm=21.60234
[13408.972s] step         step=147950 epoch=21 lr=0.00018095 g_loss=3.71633 d_loss=0.27797 cycle_loss=0.15544 identity_loss=0.17798 grad_norm=32.86212
[13412.893s] step         step=148000 epoch=21 lr=0.00018095 g_loss=4.29618 d_loss=0.2269 cycle_loss=0.22986 identity_loss=0.1606 grad_norm=130.46834
[13416.834s] step         step=148050 epoch=21 lr=0.00018095 g_loss=3.7608 d_loss=0.18885 cycle_loss=0.2232 identity_loss=0.18757 grad_norm=21.83363
[13420.754s] step         step=148100 epoch=21 lr=0.00018095 g_loss=4.00893 d_loss=0.17531 cycle_loss=0.19835 identity_loss=0.16036 grad_norm=14.53535
[13424.668s] step         step=148150 epoch=21 lr=0.00018095 g_loss=3.5177 d_loss=0.24255 cycle_loss=0.15565 identity_loss=0.15865 grad_norm=22.95413
[13428.602s] step         step=148200 epoch=21 lr=0.00018095 g_loss=3.31443 d_loss=0.28541 cycle_loss=0.14587 identity_loss=0.12918 grad_norm=23.83438
[13432.511s] step         step=148250 epoch=21 lr=0.00018095 g_loss=3.20918 d_loss=0.25968 cycle_loss=0.15213 identity_loss=0.11841 grad_norm=16.77944
[13436.422s] step         step=148300 epoch=21 lr=0.00018095 g_loss=2.94785 d_loss=0.26656 cycle_loss=0.13385 identity_loss=0.10493 grad_norm=27.99274
[13440.318s] step         step=148350 epoch=21 lr=0.00018095 g_loss=3.23301 d_loss=0.38086 cycle_loss=0.17264 identity_loss=0.13386 grad_norm=26.42016
[13444.241s] step         step=148400 epoch=21 lr=0.00018095 g_loss=3.46682 d_loss=0.36686 cycle_loss=0.153 identity_loss=0.13463 grad_norm=22.0663
[13448.221s] step         step=148450 epoch=21 lr=0.00018095 g_loss=3.92465 d_loss=0.26804 cycle_loss=0.18015 identity_loss=0.11089 grad_norm=18.72091
[13452.158s] step         step=148500 epoch=21 lr=0.00018095 g_loss=2.79472 d_loss=0.15597 cycle_loss=0.1312 identity_loss=0.10179 grad_norm=13.46592
[13456.809s] step         step=148550 epoch=21 lr=0.00018095 g_loss=2.5279 d_loss=0.33582 cycle_loss=0.14643 identity_loss=0.09873 grad_norm=20.6846
[13460.797s] step         step=148600 epoch=21 lr=0.00018095 g_loss=4.40154 d_loss=0.1302 cycle_loss=0.21655 identity_loss=0.24764 grad_norm=20.64779
[13464.700s] step         step=148650 epoch=21 lr=0.00018095 g_loss=3.66254 d_loss=0.33213 cycle_loss=0.1328 identity_loss=0.09877 grad_norm=20.01111
[13468.634s] step         step=148700 epoch=21 lr=0.00018095 g_loss=3.28707 d_loss=0.36914 cycle_loss=0.18312 identity_loss=0.14843 grad_norm=22.38334
[13472.524s] step         step=148750 epoch=21 lr=0.00018095 g_loss=3.62082 d_loss=0.27964 cycle_loss=0.18674 identity_loss=0.18015 grad_norm=23.57234
[13476.463s] step         step=148800 epoch=21 lr=0.00018095 g_loss=2.92776 d_loss=0.28024 cycle_loss=0.12003 identity_loss=0.0848 grad_norm=25.66829
[13480.372s] step         step=148850 epoch=21 lr=0.00018095 g_loss=4.83127 d_loss=0.17236 cycle_loss=0.27196 identity_loss=0.16815 grad_norm=21.81631
[13484.293s] step         step=148900 epoch=21 lr=0.00018095 g_loss=3.44084 d_loss=0.19255 cycle_loss=0.1589 identity_loss=0.12639 grad_norm=13.43618
[13488.215s] step         step=148950 epoch=21 lr=0.00018095 g_loss=3.52034 d_loss=0.27753 cycle_loss=0.1718 identity_loss=0.15276 grad_norm=27.80737
[13492.130s] step         step=149000 epoch=21 lr=0.00018095 g_loss=3.56278 d_loss=0.20274 cycle_loss=0.21035 identity_loss=0.14478 grad_norm=23.21412
[13496.126s] step         step=149050 epoch=21 lr=0.00018095 g_loss=2.99147 d_loss=0.38753 cycle_loss=0.15742 identity_loss=0.14157 grad_norm=22.79082
[13500.026s] step         step=149100 epoch=21 lr=0.00018095 g_loss=3.93857 d_loss=0.30458 cycle_loss=0.16838 identity_loss=0.10731 grad_norm=21.64835
[13503.927s] step         step=149150 epoch=21 lr=0.00018095 g_loss=3.30068 d_loss=0.1641 cycle_loss=0.16142 identity_loss=0.13368 grad_norm=26.44172
[13507.847s] step         step=149200 epoch=21 lr=0.00018095 g_loss=3.49328 d_loss=0.26991 cycle_loss=0.1514 identity_loss=0.12162 grad_norm=14.42611
[13511.767s] step         step=149250 epoch=21 lr=0.00018095 g_loss=3.84537 d_loss=0.23503 cycle_loss=0.1765 identity_loss=0.16623 grad_norm=28.03409
[13515.671s] step         step=149300 epoch=21 lr=0.00018095 g_loss=3.12974 d_loss=0.25224 cycle_loss=0.16377 identity_loss=0.15346 grad_norm=19.19145
[13519.600s] step         step=149350 epoch=21 lr=0.00018095 g_loss=4.71254 d_loss=0.13397 cycle_loss=0.21596 identity_loss=0.22528 grad_norm=29.58064
[13523.515s] step         step=149400 epoch=21 lr=0.00018095 g_loss=3.6822 d_loss=0.20662 cycle_loss=0.14657 identity_loss=0.11223 grad_norm=19.54397
[13527.414s] step         step=149450 epoch=21 lr=0.00018095 g_loss=3.31229 d_loss=0.29134 cycle_loss=0.17648 identity_loss=0.1551 grad_norm=11.37661
[13531.329s] step         step=149500 epoch=21 lr=0.00018095 g_loss=3.04014 d_loss=0.16498 cycle_loss=0.12007 identity_loss=0.10441 grad_norm=18.91149
[13535.292s] step         step=149550 epoch=21 lr=0.00018095 g_loss=3.77359 d_loss=0.17671 cycle_loss=0.19818 identity_loss=0.15602 grad_norm=17.18048
[13539.197s] step         step=149600 epoch=21 lr=0.00018095 g_loss=2.89218 d_loss=0.22922 cycle_loss=0.13881 identity_loss=0.1661 grad_norm=12.34578
[13543.104s] step         step=149650 epoch=21 lr=0.00018095 g_loss=4.52926 d_loss=0.20948 cycle_loss=0.26498 identity_loss=0.17347 grad_norm=21.46864
[13547.094s] step         step=149700 epoch=21 lr=0.00018095 g_loss=2.93692 d_loss=0.24136 cycle_loss=0.12188 identity_loss=0.10431 grad_norm=13.77332
[13551.024s] step         step=149750 epoch=21 lr=0.00018095 g_loss=2.80746 d_loss=0.11769 cycle_loss=0.1238 identity_loss=0.11288 grad_norm=14.12067
[13554.913s] step         step=149800 epoch=21 lr=0.00018095 g_loss=3.94213 d_loss=0.17187 cycle_loss=0.19182 identity_loss=0.16912 grad_norm=30.84585
[13558.811s] step         step=149850 epoch=21 lr=0.00018095 g_loss=3.23236 d_loss=0.30612 cycle_loss=0.17396 identity_loss=0.14416 grad_norm=26.68825
[13562.738s] step         step=149900 epoch=21 lr=0.00018095 g_loss=3.14115 d_loss=0.3401 cycle_loss=0.15561 identity_loss=0.15685 grad_norm=21.43865
[13566.644s] step         step=149950 epoch=21 lr=0.00018095 g_loss=4.07298 d_loss=0.17024 cycle_loss=0.19366 identity_loss=0.18079 grad_norm=22.45061
[13570.552s] step         step=150000 epoch=21 lr=0.00018095 g_loss=3.7011 d_loss=0.24024 cycle_loss=0.15833 identity_loss=0.12553 grad_norm=20.96548
[13574.531s] step         step=150050 epoch=21 lr=0.00018095 g_loss=5.87299 d_loss=0.25073 cycle_loss=0.25709 identity_loss=0.24018 grad_norm=61.34853
[13578.519s] step         step=150100 epoch=21 lr=0.00018095 g_loss=4.51985 d_loss=0.13066 cycle_loss=0.21057 identity_loss=0.17949 grad_norm=23.493
[13582.442s] step         step=150150 epoch=21 lr=0.00018095 g_loss=3.75833 d_loss=0.13534 cycle_loss=0.17168 identity_loss=0.14468 grad_norm=12.85555
[13586.332s] step         step=150200 epoch=21 lr=0.00018095 g_loss=3.474 d_loss=0.35376 cycle_loss=0.16242 identity_loss=0.14991 grad_norm=19.00359
[13590.250s] step         step=150250 epoch=21 lr=0.00018095 g_loss=4.22135 d_loss=0.18585 cycle_loss=0.21954 identity_loss=0.18778 grad_norm=26.25545
[13594.162s] step         step=150300 epoch=21 lr=0.00018095 g_loss=3.33264 d_loss=0.13634 cycle_loss=0.12069 identity_loss=0.11505 grad_norm=15.66887
[13598.075s] step         step=150350 epoch=21 lr=0.00018095 g_loss=3.14773 d_loss=0.38701 cycle_loss=0.13328 identity_loss=0.12198 grad_norm=22.06176
[13602.006s] step         step=150400 epoch=21 lr=0.00018095 g_loss=3.70759 d_loss=0.22265 cycle_loss=0.16384 identity_loss=0.18559 grad_norm=14.48023
[13605.904s] step         step=150450 epoch=21 lr=0.00018095 g_loss=2.95962 d_loss=0.32603 cycle_loss=0.12804 identity_loss=0.09267 grad_norm=13.92844
[13609.979s] step         step=150500 epoch=21 lr=0.00018095 g_loss=3.76605 d_loss=0.47965 cycle_loss=0.21033 identity_loss=0.17274 grad_norm=24.35229
[13613.972s] step         step=150550 epoch=21 lr=0.00018095 g_loss=3.55465 d_loss=0.09834 cycle_loss=0.165 identity_loss=0.12995 grad_norm=23.72593
[13617.879s] step         step=150600 epoch=21 lr=0.00018095 g_loss=3.39849 d_loss=0.32073 cycle_loss=0.15842 identity_loss=0.13541 grad_norm=14.69753
[13621.795s] step         step=150650 epoch=21 lr=0.00018095 g_loss=4.19692 d_loss=0.12441 cycle_loss=0.19279 identity_loss=0.16474 grad_norm=20.63671
[13625.746s] step         step=150700 epoch=21 lr=0.00018095 g_loss=3.3331 d_loss=0.23699 cycle_loss=0.15511 identity_loss=0.10373 grad_norm=22.20453
[13629.663s] step         step=150750 epoch=21 lr=0.00018095 g_loss=3.88981 d_loss=0.32026 cycle_loss=0.19519 identity_loss=0.14829 grad_norm=27.48835
[13633.580s] step         step=150800 epoch=21 lr=0.00018095 g_loss=5.75679 d_loss=0.15191 cycle_loss=0.30008 identity_loss=0.34848 grad_norm=36.08287
[13637.488s] step         step=150850 epoch=21 lr=0.00018095 g_loss=3.03373 d_loss=0.50706 cycle_loss=0.15019 identity_loss=0.13887 grad_norm=28.79044
[13641.419s] step         step=150900 epoch=21 lr=0.00018095 g_loss=3.99642 d_loss=0.18741 cycle_loss=0.20774 identity_loss=0.17579 grad_norm=18.74472
[13645.334s] step         step=150950 epoch=21 lr=0.00018095 g_loss=3.92029 d_loss=0.07485 cycle_loss=0.19203 identity_loss=0.16015 grad_norm=25.69793
[13649.249s] step         step=151000 epoch=21 lr=0.00018095 g_loss=2.69604 d_loss=0.297 cycle_loss=0.14498 identity_loss=0.11335 grad_norm=19.2918
[13653.245s] step         step=151050 epoch=21 lr=0.00018095 g_loss=3.64996 d_loss=0.44374 cycle_loss=0.1651 identity_loss=0.14287 grad_norm=18.70124
[13657.163s] step         step=151100 epoch=21 lr=0.00018095 g_loss=4.83778 d_loss=0.34065 cycle_loss=0.20739 identity_loss=0.14071 grad_norm=39.4917
[13661.099s] step         step=151150 epoch=21 lr=0.00018095 g_loss=3.34917 d_loss=0.20246 cycle_loss=0.1773 identity_loss=0.1295 grad_norm=22.20323
[13665.023s] step         step=151200 epoch=21 lr=0.00018095 g_loss=2.91634 d_loss=0.22865 cycle_loss=0.16078 identity_loss=0.08736 grad_norm=17.70405
[13669.000s] step         step=151250 epoch=21 lr=0.00018095 g_loss=2.78522 d_loss=0.19978 cycle_loss=0.13437 identity_loss=0.12449 grad_norm=18.69482
[13673.064s] step         step=151300 epoch=21 lr=0.00018095 g_loss=2.46188 d_loss=0.22857 cycle_loss=0.12065 identity_loss=0.11257 grad_norm=12.95637
[13676.982s] step         step=151350 epoch=21 lr=0.00018095 g_loss=3.82858 d_loss=0.28067 cycle_loss=0.17928 identity_loss=0.1204 grad_norm=15.14112
[13680.905s] step         step=151400 epoch=21 lr=0.00018095 g_loss=3.11126 d_loss=0.35138 cycle_loss=0.18081 identity_loss=0.15227 grad_norm=18.80427
[13684.842s] step         step=151450 epoch=21 lr=0.00018095 g_loss=4.75416 d_loss=0.22648 cycle_loss=0.23472 identity_loss=0.23944 grad_norm=23.49932
[13688.730s] step         step=151500 epoch=21 lr=0.00018095 g_loss=3.44944 d_loss=0.22294 cycle_loss=0.13301 identity_loss=0.10806 grad_norm=17.11682
[13692.695s] step         step=151550 epoch=21 lr=0.00018095 g_loss=3.51641 d_loss=0.14614 cycle_loss=0.14819 identity_loss=0.16001 grad_norm=19.87802
[13696.641s] step         step=151600 epoch=21 lr=0.00018095 g_loss=3.30686 d_loss=0.18614 cycle_loss=0.16175 identity_loss=0.14336 grad_norm=13.53424
[13700.639s] step         step=151650 epoch=21 lr=0.00018095 g_loss=3.08147 d_loss=0.3181 cycle_loss=0.17494 identity_loss=0.13579 grad_norm=27.38807
[13704.566s] step         step=151700 epoch=21 lr=0.00018095 g_loss=3.24871 d_loss=0.23674 cycle_loss=0.13993 identity_loss=0.10527 grad_norm=13.65148
[13708.485s] step         step=151750 epoch=21 lr=0.00018095 g_loss=4.37542 d_loss=0.37909 cycle_loss=0.22972 identity_loss=0.15465 grad_norm=22.69181
[13712.427s] step         step=151800 epoch=21 lr=0.00018095 g_loss=4.17289 d_loss=0.30506 cycle_loss=0.17477 identity_loss=0.13444 grad_norm=22.25614
[13716.319s] step         step=151850 epoch=21 lr=0.00018095 g_loss=3.87494 d_loss=0.25942 cycle_loss=0.18905 identity_loss=0.12849 grad_norm=26.14496
[13720.272s] step         step=151900 epoch=21 lr=0.00018095 g_loss=3.54174 d_loss=0.23701 cycle_loss=0.16733 identity_loss=0.10888 grad_norm=16.15499
[13724.632s] step         step=151950 epoch=21 lr=0.00018095 g_loss=3.11998 d_loss=0.27377 cycle_loss=0.15526 identity_loss=0.13103 grad_norm=24.29163
[13728.596s] step         step=152000 epoch=21 lr=0.00018095 g_loss=2.90842 d_loss=0.28256 cycle_loss=0.13543 identity_loss=0.1294 grad_norm=15.71481
[13732.564s] step         step=152050 epoch=21 lr=0.00018095 g_loss=4.01809 d_loss=0.20325 cycle_loss=0.19937 identity_loss=0.15491 grad_norm=21.47693
[13736.785s] step         step=152100 epoch=21 lr=0.00018095 g_loss=3.27679 d_loss=0.23349 cycle_loss=0.14678 identity_loss=0.1393 grad_norm=16.17225
[13740.777s] step         step=152150 epoch=21 lr=0.00018095 g_loss=3.51881 d_loss=0.24017 cycle_loss=0.1549 identity_loss=0.13488 grad_norm=18.60778
[13744.704s] step         step=152200 epoch=21 lr=0.00018095 g_loss=4.00913 d_loss=0.28606 cycle_loss=0.16596 identity_loss=0.13486 grad_norm=24.84726
[13748.640s] step         step=152250 epoch=21 lr=0.00018095 g_loss=2.73099 d_loss=0.17321 cycle_loss=0.14448 identity_loss=0.10472 grad_norm=17.13374
[13752.542s] step         step=152300 epoch=21 lr=0.00018095 g_loss=3.03959 d_loss=0.50667 cycle_loss=0.15028 identity_loss=0.12015 grad_norm=27.92172
[13756.479s] step         step=152350 epoch=21 lr=0.00018095 g_loss=3.14453 d_loss=0.17917 cycle_loss=0.14045 identity_loss=0.08793 grad_norm=26.20082
[13760.489s] step         step=152400 epoch=21 lr=0.00018095 g_loss=3.90038 d_loss=0.17041 cycle_loss=0.19113 identity_loss=0.1598 grad_norm=24.1917
[13764.455s] step         step=152450 epoch=21 lr=0.00018095 g_loss=4.03666 d_loss=0.20892 cycle_loss=0.18425 identity_loss=0.16041 grad_norm=15.24568
[13768.403s] step         step=152500 epoch=21 lr=0.00018095 g_loss=3.80981 d_loss=0.33754 cycle_loss=0.19684 identity_loss=0.13305 grad_norm=27.42295
[13772.436s] step         step=152550 epoch=21 lr=0.00018095 g_loss=2.85817 d_loss=0.17988 cycle_loss=0.14597 identity_loss=0.13772 grad_norm=17.64802
[13776.366s] step         step=152600 epoch=21 lr=0.00018095 g_loss=3.09147 d_loss=0.1775 cycle_loss=0.16162 identity_loss=0.12115 grad_norm=26.09484
[13780.269s] step         step=152650 epoch=21 lr=0.00018095 g_loss=3.44303 d_loss=0.21989 cycle_loss=0.15119 identity_loss=0.1422 grad_norm=15.91546
[13784.356s] step         step=152700 epoch=21 lr=0.00018095 g_loss=3.72371 d_loss=0.1713 cycle_loss=0.2116 identity_loss=0.14249 grad_norm=21.39231
[13788.332s] step         step=152750 epoch=21 lr=0.00018095 g_loss=4.07811 d_loss=0.26808 cycle_loss=0.18369 identity_loss=0.12851 grad_norm=40.41815
[13792.404s] step         step=152800 epoch=21 lr=0.00018095 g_loss=3.58447 d_loss=0.13935 cycle_loss=0.14825 identity_loss=0.09727 grad_norm=29.56589
[13796.349s] step         step=152850 epoch=21 lr=0.00018095 g_loss=5.82716 d_loss=0.1183 cycle_loss=0.34969 identity_loss=0.24164 grad_norm=27.53754
[13800.255s] step         step=152900 epoch=21 lr=0.00018095 g_loss=2.99067 d_loss=0.31619 cycle_loss=0.12774 identity_loss=0.12421 grad_norm=23.60985
[13804.180s] step         step=152950 epoch=21 lr=0.00018095 g_loss=3.10614 d_loss=0.29496 cycle_loss=0.15541 identity_loss=0.12478 grad_norm=19.45133
[13808.089s] step         step=153000 epoch=21 lr=0.00018095 g_loss=3.89587 d_loss=0.32335 cycle_loss=0.14153 identity_loss=0.12121 grad_norm=13.36462
[13812.052s] step         step=153050 epoch=21 lr=0.00018095 g_loss=2.98623 d_loss=0.14389 cycle_loss=0.17655 identity_loss=0.08615 grad_norm=22.91767
[13815.998s] step         step=153100 epoch=21 lr=0.00018095 g_loss=2.90243 d_loss=0.34517 cycle_loss=0.15315 identity_loss=0.11075 grad_norm=23.15468
[13819.867s] step         step=153150 epoch=21 lr=0.00018095 g_loss=3.87379 d_loss=0.19177 cycle_loss=0.19876 identity_loss=0.15315 grad_norm=30.41705
[13823.787s] step         step=153200 epoch=21 lr=0.00018095 g_loss=5.45331 d_loss=0.16811 cycle_loss=0.28192 identity_loss=0.22967 grad_norm=36.15611
[13827.700s] step         step=153250 epoch=21 lr=0.00018095 g_loss=3.00087 d_loss=0.33315 cycle_loss=0.16737 identity_loss=0.11331 grad_norm=28.25328
[13831.804s] step         step=153300 epoch=21 lr=0.00018095 g_loss=3.38506 d_loss=0.21174 cycle_loss=0.18611 identity_loss=0.15179 grad_norm=26.94266
[13835.726s] step         step=153350 epoch=21 lr=0.00018095 g_loss=3.08811 d_loss=0.26709 cycle_loss=0.15181 identity_loss=0.14101 grad_norm=14.61461
[13839.643s] step         step=153400 epoch=21 lr=0.00018095 g_loss=3.41728 d_loss=0.12499 cycle_loss=0.13465 identity_loss=0.17768 grad_norm=18.32964
[13843.532s] step         step=153450 epoch=21 lr=0.00018095 g_loss=2.76639 d_loss=0.16989 cycle_loss=0.11265 identity_loss=0.10031 grad_norm=17.10274
[13847.443s] step         step=153500 epoch=21 lr=0.00018095 g_loss=3.81213 d_loss=0.23191 cycle_loss=0.22132 identity_loss=0.20004 grad_norm=29.95315
[13851.418s] step         step=153550 epoch=21 lr=0.00018095 g_loss=3.43809 d_loss=0.1794 cycle_loss=0.14207 identity_loss=0.10555 grad_norm=11.98896
[13855.334s] step         step=153600 epoch=21 lr=0.00018095 g_loss=4.18902 d_loss=0.38469 cycle_loss=0.21234 identity_loss=0.15193 grad_norm=22.75743
[13859.237s] step         step=153650 epoch=21 lr=0.00018095 g_loss=3.07325 d_loss=0.2096 cycle_loss=0.14323 identity_loss=0.14057 grad_norm=14.86254
[13863.141s] step         step=153700 epoch=21 lr=0.00018095 g_loss=3.43254 d_loss=0.22956 cycle_loss=0.17435 identity_loss=0.09795 grad_norm=32.29133
[13867.074s] step         step=153750 epoch=21 lr=0.00018095 g_loss=3.07206 d_loss=0.2463 cycle_loss=0.16546 identity_loss=0.13728 grad_norm=22.28555
[13870.989s] step         step=153800 epoch=21 lr=0.00018095 g_loss=3.29664 d_loss=0.38655 cycle_loss=0.16158 identity_loss=0.1441 grad_norm=16.21446
[13874.929s] step         step=153850 epoch=21 lr=0.00018095 g_loss=3.49816 d_loss=0.3148 cycle_loss=0.17429 identity_loss=0.10193 grad_norm=28.32016
[13878.839s] step         step=153900 epoch=21 lr=0.00018095 g_loss=4.93021 d_loss=0.16972 cycle_loss=0.28948 identity_loss=0.16346 grad_norm=25.36022
[13882.755s] step         step=153950 epoch=21 lr=0.00018095 g_loss=3.03925 d_loss=0.17092 cycle_loss=0.16782 identity_loss=0.14929 grad_norm=16.99011
[13886.665s] step         step=154000 epoch=21 lr=0.00018095 g_loss=3.37385 d_loss=0.30014 cycle_loss=0.16399 identity_loss=0.25377 grad_norm=20.80938
[13890.654s] step         step=154050 epoch=21 lr=0.00018095 g_loss=2.79056 d_loss=0.40361 cycle_loss=0.13456 identity_loss=0.11812 grad_norm=17.01458
[13894.602s] step         step=154100 epoch=21 lr=0.00018095 g_loss=4.19852 d_loss=0.39214 cycle_loss=0.16412 identity_loss=0.15057 grad_norm=37.91328
[13898.521s] step         step=154150 epoch=21 lr=0.00018095 g_loss=3.6934 d_loss=0.14016 cycle_loss=0.16905 identity_loss=0.1715 grad_norm=33.84132
[13902.443s] step         step=154200 epoch=21 lr=0.00018095 g_loss=4.75022 d_loss=0.14068 cycle_loss=0.19923 identity_loss=0.25693 grad_norm=27.65697
[13906.377s] step         step=154250 epoch=21 lr=0.00018095 g_loss=4.10768 d_loss=0.27803 cycle_loss=0.20229 identity_loss=0.13524 grad_norm=21.16705
[13910.283s] step         step=154300 epoch=21 lr=0.00018095 g_loss=3.75943 d_loss=0.32321 cycle_loss=0.13392 identity_loss=0.13753 grad_norm=23.86052
[13914.193s] step         step=154350 epoch=21 lr=0.00018095 g_loss=3.02119 d_loss=0.32852 cycle_loss=0.1438 identity_loss=0.13386 grad_norm=16.30467
[13918.109s] step         step=154400 epoch=21 lr=0.00018095 g_loss=3.77497 d_loss=0.14319 cycle_loss=0.17345 identity_loss=0.17116 grad_norm=21.0745
[13922.045s] step         step=154450 epoch=21 lr=0.00018095 g_loss=4.23706 d_loss=0.25092 cycle_loss=0.19993 identity_loss=0.24814 grad_norm=29.73809
[13925.962s] step         step=154500 epoch=21 lr=0.00018095 g_loss=3.33437 d_loss=0.27166 cycle_loss=0.14394 identity_loss=0.12917 grad_norm=25.13319
[13929.912s] step         step=154550 epoch=21 lr=0.00018095 g_loss=2.68091 d_loss=0.53151 cycle_loss=0.11919 identity_loss=0.09034 grad_norm=16.51095
[13933.863s] step         step=154600 epoch=21 lr=0.00018095 g_loss=3.11246 d_loss=0.34325 cycle_loss=0.14847 identity_loss=0.13167 grad_norm=19.39039
[13937.927s] step         step=154650 epoch=21 lr=0.00018095 g_loss=3.82658 d_loss=0.19845 cycle_loss=0.17729 identity_loss=0.13411 grad_norm=25.1479
[13941.847s] step         step=154700 epoch=21 lr=0.00018095 g_loss=4.88497 d_loss=0.23626 cycle_loss=0.22495 identity_loss=0.22685 grad_norm=23.24505
[13945.785s] step         step=154750 epoch=21 lr=0.00018095 g_loss=3.94617 d_loss=0.2233 cycle_loss=0.17903 identity_loss=0.1287 grad_norm=19.05432
[13949.967s] step         step=154800 epoch=21 lr=0.00018095 g_loss=3.38061 d_loss=0.56559 cycle_loss=0.18626 identity_loss=0.16919 grad_norm=27.1103
[13952.794s] epoch        epoch=21 step=154836 seconds=13938.8
[13953.107s] checkpoint   epoch=22 step=154836
[13954.242s] step         step=154850 epoch=22 lr=0.00017143 g_loss=3.32795 d_loss=0.25669 cycle_loss=0.16157 identity_loss=0.16437 grad_norm=25.13611
[13958.142s] step         step=154900 epoch=22 lr=0.00017143 g_loss=2.69787 d_loss=0.30406 cycle_loss=0.14015 identity_loss=0.09702 grad_norm=15.74716
[13962.063s] step         step=154950 epoch=22 lr=0.00017143 g_loss=3.3405 d_loss=0.19855 cycle_loss=0.16546 identity_loss=0.1592 grad_norm=18.16148
[13965.979s] step         step=155000 epoch=22 lr=0.00017143 g_loss=2.35896 d_loss=0.60678 cycle_loss=0.15238 identity_loss=0.13067 grad_norm=18.93697
[13970.111s] step         step=155050 epoch=22 lr=0.00017143 g_loss=3.30323 d_loss=0.37545 cycle_loss=0.17726 identity_loss=0.12385 grad_norm=22.27942
[13974.169s] step         step=155100 epoch=22 lr=0.00017143 g_loss=3.17033 d_loss=0.1361 cycle_loss=0.13447 identity_loss=0.13108 grad_norm=17.42768
[13978.131s] step         step=155150 epoch=22 lr=0.00017143 g_loss=2.63286 d_loss=0.16981 cycle_loss=0.11908 identity_loss=0.08824 grad_norm=15.82232
[13982.061s] step         step=155200 epoch=22 lr=0.00017143 g_loss=3.49657 d_loss=0.13896 cycle_loss=0.1761 identity_loss=0.12252 grad_norm=28.54438
[13985.985s] step         step=155250 epoch=22 lr=0.00017143 g_loss=3.27894 d_loss=0.27826 cycle_loss=0.1724 identity_loss=0.14958 grad_norm=28.97174
[13989.944s] step         step=155300 epoch=22 lr=0.00017143 g_loss=3.08234 d_loss=0.21978 cycle_loss=0.13442 identity_loss=0.1204 grad_norm=25.38003
[13993.852s] step         step=155350 epoch=22 lr=0.00017143 g_loss=3.10522 d_loss=0.23934 cycle_loss=0.16035 identity_loss=0.12512 grad_norm=15.39082
[13997.889s] step         step=155400 epoch=22 lr=0.00017143 g_loss=3.9402 d_loss=0.21971 cycle_loss=0.18797 identity_loss=0.13842 grad_norm=21.60229
[14001.796s] step         step=155450 epoch=22 lr=0.00017143 g_loss=2.62572 d_loss=0.50324 cycle_loss=0.14259 identity_loss=0.13756 grad_norm=17.24519
[14005.833s] step         step=155500 epoch=22 lr=0.00017143 g_loss=3.09566 d_loss=0.29516 cycle_loss=0.13811 identity_loss=0.1145 grad_norm=17.47801
[14009.813s] step         step=155550 epoch=22 lr=0.00017143 g_loss=4.06991 d_loss=0.23299 cycle_loss=0.20087 identity_loss=0.15363 grad_norm=26.06896
[14013.720s] step         step=155600 epoch=22 lr=0.00017143 g_loss=3.67779 d_loss=0.31413 cycle_loss=0.20248 identity_loss=0.14219 grad_norm=25.26065
[14017.900s] step         step=155650 epoch=22 lr=0.00017143 g_loss=3.2904 d_loss=0.13838 cycle_loss=0.1861 identity_loss=0.09631 grad_norm=26.07535
[14022.054s] step         step=155700 epoch=22 lr=0.00017143 g_loss=3.1739 d_loss=0.41423 cycle_loss=0.19041 identity_loss=0.1578 grad_norm=26.62649
[14025.944s] step         step=155750 epoch=22 lr=0.00017143 g_loss=3.49899 d_loss=0.22065 cycle_loss=0.19754 identity_loss=0.1323 grad_norm=17.98342
[14030.532s] step         step=155800 epoch=22 lr=0.00017143 g_loss=3.06624 d_loss=0.33885 cycle_loss=0.16348 identity_loss=0.1348 grad_norm=16.10508
[14034.500s] step         step=155850 epoch=22 lr=0.00017143 g_loss=2.97046 d_loss=0.26144 cycle_loss=0.12627 identity_loss=0.10905 grad_norm=18.46218
[14038.427s] step         step=155900 epoch=22 lr=0.00017143 g_loss=4.57694 d_loss=0.1489 cycle_loss=0.2438 identity_loss=0.19447 grad_norm=29.41455
[14042.343s] step         step=155950 epoch=22 lr=0.00017143 g_loss=2.99311 d_loss=0.2979 cycle_loss=0.13481 identity_loss=0.10739 grad_norm=20.93857
[14046.278s] step         step=156000 epoch=22 lr=0.00017143 g_loss=4.05923 d_loss=0.43664 cycle_loss=0.22218 identity_loss=0.21493 grad_norm=25.82066
[14050.266s] step         step=156050 epoch=22 lr=0.00017143 g_loss=2.97471 d_loss=0.36305 cycle_loss=0.15411 identity_loss=0.14337 grad_norm=31.52819
[14054.196s] step         step=156100 epoch=22 lr=0.00017143 g_loss=2.83005 d_loss=0.23572 cycle_loss=0.16642 identity_loss=0.12822 grad_norm=24.29393
[14058.126s] step         step=156150 epoch=22 lr=0.00017143 g_loss=3.87809 d_loss=0.30926 cycle_loss=0.21121 identity_loss=0.14902 grad_norm=29.2152
[14062.048s] step         step=156200 epoch=22 lr=0.00017143 g_loss=4.00771 d_loss=0.31288 cycle_loss=0.15647 identity_loss=0.14917 grad_norm=21.11213
[14065.961s] step         step=156250 epoch=22 lr=0.00017143 g_loss=3.9397 d_loss=0.17667 cycle_loss=0.2031 identity_loss=0.10492 grad_norm=32.79631
[14069.959s] step         step=156300 epoch=22 lr=0.00017143 g_loss=2.47216 d_loss=0.28166 cycle_loss=0.1232 identity_loss=0.1205 grad_norm=16.29088
[14073.956s] step         step=156350 epoch=22 lr=0.00017143 g_loss=4.1095 d_loss=0.28502 cycle_loss=0.23399 identity_loss=0.17951 grad_norm=27.86364
[14077.910s] step         step=156400 epoch=22 lr=0.00017143 g_loss=3.09271 d_loss=0.49697 cycle_loss=0.13844 identity_loss=0.11838 grad_norm=15.58955
[14081.911s] step         step=156450 epoch=22 lr=0.00017143 g_loss=2.84839 d_loss=0.49731 cycle_loss=0.14316 identity_loss=0.1042 grad_norm=14.56004
[14085.831s] step         step=156500 epoch=22 lr=0.00017143 g_loss=3.77473 d_loss=0.1931 cycle_loss=0.16961 identity_loss=0.13882 grad_norm=30.5194
[14089.851s] step         step=156550 epoch=22 lr=0.00017143 g_loss=3.61592 d_loss=0.4079 cycle_loss=0.14408 identity_loss=0.13728 grad_norm=23.62119
[14093.810s] step         step=156600 epoch=22 lr=0.00017143 g_loss=3.27004 d_loss=0.26927 cycle_loss=0.16779 identity_loss=0.15674 grad_norm=21.95958
[14097.744s] step         step=156650 epoch=22 lr=0.00017143 g_loss=3.16351 d_loss=0.57449 cycle_loss=0.19769 identity_loss=0.09954 grad_norm=19.03859
[14101.660s] step         step=156700 epoch=22 lr=0.00017143 g_loss=2.85394 d_loss=0.26616 cycle_loss=0.14604 identity_loss=0.10763 grad_norm=42.26534
[14105.583s] step         step=156750 epoch=22 lr=0.00017143 g_loss=3.53192 d_loss=0.36242 cycle_loss=0.16903 identity_loss=0.14744 grad_norm=19.52
[14109.471s] step         step=156800 epoch=22 lr=0.00017143 g_loss=3.73482 d_loss=0.26061 cycle_loss=0.23232 identity_loss=0.1503 grad_norm=19.57452
[14113.386s] step         step=156850 epoch=22 lr=0.00017143 g_loss=2.99579 d_loss=0.17078 cycle_loss=0.11085 identity_loss=0.14915 grad_norm=34.54308
[14117.313s] step         step=156900 epoch=22 lr=0.00017143 g_loss=2.8554 d_loss=0.21348 cycle_loss=0.15052 identity_loss=0.12994 grad_norm=14.89383
[14121.218s] step         step=156950 epoch=22 lr=0.00017143 g_loss=4.24273 d_loss=0.24689 cycle_loss=0.21909 identity_loss=0.19232 grad_norm=28.22411
[14125.137s] step         step=157000 epoch=22 lr=0.00017143 g_loss=3.35235 d_loss=0.33552 cycle_loss=0.16992 identity_loss=0.12419 grad_norm=18.01913
[14129.098s] step         step=157050 epoch=22 lr=0.00017143 g_loss=3.42868 d_loss=0.41614 cycle_loss=0.12867 identity_loss=0.11978 grad_norm=16.58979
[14133.054s] step         step=157100 epoch=22 lr=0.00017143 g_loss=2.91403 d_loss=0.46453 cycle_loss=0.14352 identity_loss=0.1143 grad_norm=16.91173
[14136.966s] step         step=157150 epoch=22 lr=0.00017143 g_loss=2.97765 d_loss=0.26436 cycle_loss=0.15314 identity_loss=0.12631 grad_norm=12.19881
[14140.888s] step         step=157200 epoch=22 lr=0.00017143 g_loss=3.25281 d_loss=0.2851 cycle_loss=0.14341 identity_loss=0.14613 grad_norm=19.92998
[14144.803s] step         step=157250 epoch=22 lr=0.00017143 g_loss=3.24524 d_loss=0.4289 cycle_loss=0.17927 identity_loss=0.12533 grad_norm=16.87516
[14148.741s] step         step=157300 epoch=22 lr=0.00017143 g_loss=3.61056 d_loss=0.26371 cycle_loss=0.16614 identity_loss=0.13519 grad_norm=26.14775
[14152.641s] step         step=157350 epoch=22 lr=0.00017143 g_loss=3.12523 d_loss=0.49653 cycle_loss=0.15359 identity_loss=0.21811 grad_norm=27.53334
[14156.663s] step         step=157400 epoch=22 lr=0.00017143 g_loss=5.37447 d_loss=0.19634 cycle_loss=0.26159 identity_loss=0.25781 grad_norm=34.08413
[14160.627s] step         step=157450 epoch=22 lr=0.00017143 g_loss=3.32171 d_loss=0.52236 cycle_loss=0.19093 identity_loss=0.14889 grad_norm=19.42915
[14164.744s] step         step=157500 epoch=22 lr=0.00017143 g_loss=2.92236 d_loss=0.39517 cycle_loss=0.12469 identity_loss=0.12463 grad_norm=22.34899
[14168.709s] step         step=157550 epoch=22 lr=0.00017143 g_loss=7.13059 d_loss=0.2268 cycle_loss=0.45008 identity_loss=0.40222 grad_norm=23.23648
[14172.610s] step         step=157600 epoch=22 lr=0.00017143 g_loss=2.74627 d_loss=0.33652 cycle_loss=0.13819 identity_loss=0.12462 grad_norm=37.40015
[14176.515s] step         step=157650 epoch=22 lr=0.00017143 g_loss=3.88189 d_loss=0.24929 cycle_loss=0.20038 identity_loss=0.17585 grad_norm=26.42061
[14180.405s] step         step=157700 epoch=22 lr=0.00017143 g_loss=2.3645 d_loss=0.12617 cycle_loss=0.10058 identity_loss=0.07237 grad_norm=12.64637
[14184.338s] step         step=157750 epoch=22 lr=0.00017143 g_loss=3.34155 d_loss=0.2117 cycle_loss=0.15629 identity_loss=0.14026 grad_norm=20.5805
[14188.241s] step         step=157800 epoch=22 lr=0.00017143 g_loss=3.47245 d_loss=0.17869 cycle_loss=0.16104 identity_loss=0.17789 grad_norm=21.19488
[14192.147s] step         step=157850 epoch=22 lr=0.00017143 g_loss=3.55071 d_loss=0.18471 cycle_loss=0.17359 identity_loss=0.13203 grad_norm=21.87962
[14196.054s] step         step=157900 epoch=22 lr=0.00017143 g_loss=3.91865 d_loss=0.18982 cycle_loss=0.21763 identity_loss=0.19486 grad_norm=21.15344
[14199.988s] step         step=157950 epoch=22 lr=0.00017143 g_loss=2.62137 d_loss=0.07955 cycle_loss=0.14921 identity_loss=0.1306 grad_norm=14.14731
[14203.895s] step         step=158000 epoch=22 lr=0.00017143 g_loss=2.93602 d_loss=0.15529 cycle_loss=0.13535 identity_loss=0.16705 grad_norm=25.58125
[14207.874s] step         step=158050 epoch=22 lr=0.00017143 g_loss=3.09807 d_loss=0.28878 cycle_loss=0.15817 identity_loss=0.12131 grad_norm=18.06416
[14211.790s] step         step=158100 epoch=22 lr=0.00017143 g_loss=2.95452 d_loss=0.37957 cycle_loss=0.1695 identity_loss=0.16026 grad_norm=22.65119
[14215.678s] step         step=158150 epoch=22 lr=0.00017143 g_loss=3.28566 d_loss=0.4395 cycle_loss=0.18247 identity_loss=0.15176 grad_norm=24.55163
[14219.584s] step         step=158200 epoch=22 lr=0.00017143 g_loss=2.65705 d_loss=0.34365 cycle_loss=0.124 identity_loss=0.1011 grad_norm=12.07213
[14223.509s] step         step=158250 epoch=22 lr=0.00017143 g_loss=3.75431 d_loss=0.31596 cycle_loss=0.18317 identity_loss=0.13253 grad_norm=48.06627
[14227.410s] step         step=158300 epoch=22 lr=0.00017143 g_loss=3.41066 d_loss=0.41548 cycle_loss=0.21645 identity_loss=0.1733 grad_norm=23.4865
[14231.298s] step         step=158350 epoch=22 lr=0.00017143 g_loss=3.45043 d_loss=0.40079 cycle_loss=0.17705 identity_loss=0.18391 grad_norm=27.95639
[14235.187s] step         step=158400 epoch=22 lr=0.00017143 g_loss=3.00362 d_loss=0.29587 cycle_loss=0.14638 identity_loss=0.10992 grad_norm=20.50405
[14239.112s] step         step=158450 epoch=22 lr=0.00017143 g_loss=3.67691 d_loss=0.17896 cycle_loss=0.17119 identity_loss=0.12188 grad_norm=19.68223
[14243.005s] step         step=158500 epoch=22 lr=0.00017143 g_loss=3.57257 d_loss=0.66125 cycle_loss=0.18259 identity_loss=0.2324 grad_norm=18.68293
[14246.954s] step         step=158550 epoch=22 lr=0.00017143 g_loss=4.43608 d_loss=0.1535 cycle_loss=0.18937 identity_loss=0.12061 grad_norm=39.99683
[14250.858s] step         step=158600 epoch=22 lr=0.00017143 g_loss=3.44041 d_loss=0.18651 cycle_loss=0.17046 identity_loss=0.15082 grad_norm=16.51784
[14254.778s] step         step=158650 epoch=22 lr=0.00017143 g_loss=2.61417 d_loss=0.40057 cycle_loss=0.13557 identity_loss=0.11305 grad_norm=12.13726
[14258.684s] step         step=158700 epoch=22 lr=0.00017143 g_loss=2.83692 d_loss=0.27127 cycle_loss=0.1344 identity_loss=0.12407 grad_norm=14.17214
[14262.611s] step         step=158750 epoch=22 lr=0.00017143 g_loss=3.37264 d_loss=0.24881 cycle_loss=0.16563 identity_loss=0.13756 grad_norm=24.17314
[14266.535s] step         step=158800 epoch=22 lr=0.00017143 g_loss=3.14694 d_loss=0.64645 cycle_loss=0.17381 identity_loss=0.15573 grad_norm=17.96609
[14270.674s] step         step=158850 epoch=22 lr=0.00017143 g_loss=3.26033 d_loss=0.25309 cycle_loss=0.14431 identity_loss=0.11423 grad_norm=26.75994
[14274.610s] step         step=158900 epoch=22 lr=0.00017143 g_loss=2.13416 d_loss=0.3027 cycle_loss=0.12877 identity_loss=0.12603 grad_norm=11.58736
[14278.532s] step         step=158950 epoch=22 lr=0.00017143 g_loss=2.5858 d_loss=0.49951 cycle_loss=0.13355 identity_loss=0.11098 grad_norm=13.26931
[14282.477s] step         step=159000 epoch=22 lr=0.00017143 g_loss=3.69931 d_loss=0.1857 cycle_loss=0.17135 identity_loss=0.20676 grad_norm=26.57949
[14286.484s] step         step=159050 epoch=22 lr=0.00017143 g_loss=4.38404 d_loss=0.23712 cycle_loss=0.23322 identity_loss=0.15416 grad_norm=23.09964
[14290.420s] step         step=159100 epoch=22 lr=0.00017143 g_loss=3.20782 d_loss=0.44427 cycle_loss=0.12862 identity_loss=0.11286 grad_norm=26.79112
[14294.328s] step         step=159150 epoch=22 lr=0.00017143 g_loss=5.00013 d_loss=0.15016 cycle_loss=0.24806 identity_loss=0.24395 grad_norm=31.9467
[14298.262s] step         step=159200 epoch=22 lr=0.00017143 g_loss=3.22856 d_loss=0.3505 cycle_loss=0.16684 identity_loss=0.13976 grad_norm=17.47866
[14302.173s] step         step=159250 epoch=22 lr=0.00017143 g_loss=3.45468 d_loss=0.30687 cycle_loss=0.1726 identity_loss=0.16155 grad_norm=18.74381
[14306.093s] step         step=159300 epoch=22 lr=0.00017143 g_loss=3.15491 d_loss=0.3028 cycle_loss=0.15072 identity_loss=0.11043 grad_norm=13.19938
[14310.002s] step         step=159350 epoch=22 lr=0.00017143 g_loss=3.64883 d_loss=0.38169 cycle_loss=0.16835 identity_loss=0.12259 grad_norm=28.80836
[14313.899s] step         step=159400 epoch=22 lr=0.00017143 g_loss=2.9243 d_loss=0.41669 cycle_loss=0.13844 identity_loss=0.11341 grad_norm=14.08923
[14317.810s] step         step=159450 epoch=22 lr=0.00017143 g_loss=2.47494 d_loss=0.39684 cycle_loss=0.12988 identity_loss=0.12038 grad_norm=19.10463
[14321.748s] step         step=159500 epoch=22 lr=0.00017143 g_loss=3.48797 d_loss=0.39322 cycle_loss=0.16052 identity_loss=0.14037 grad_norm=29.53549
[14325.896s] step         step=159550 epoch=22 lr=0.00017143 g_loss=4.12732 d_loss=0.36958 cycle_loss=0.21051 identity_loss=0.12795 grad_norm=27.9085
[14330.142s] step         step=159600 epoch=22 lr=0.00017143 g_loss=3.50156 d_loss=0.35557 cycle_loss=0.1536 identity_loss=0.14534 grad_norm=25.89866
[14334.499s] step         step=159650 epoch=22 lr=0.00017143 g_loss=3.21265 d_loss=0.33188 cycle_loss=0.17822 identity_loss=0.11867 grad_norm=18.23241
[14338.418s] step         step=159700 epoch=22 lr=0.00017143 g_loss=4.89532 d_loss=0.49573 cycle_loss=0.26406 identity_loss=0.23774 grad_norm=27.59957
[14342.327s] step         step=159750 epoch=22 lr=0.00017143 g_loss=3.28654 d_loss=0.42635 cycle_loss=0.13862 identity_loss=0.12233 grad_norm=14.74244
[14346.234s] step         step=159800 epoch=22 lr=0.00017143 g_loss=3.30208 d_loss=0.46356 cycle_loss=0.16465 identity_loss=0.14217 grad_norm=33.26698
[14350.137s] step         step=159850 epoch=22 lr=0.00017143 g_loss=4.19672 d_loss=0.22864 cycle_loss=0.216 identity_loss=0.23159 grad_norm=25.25375
[14354.051s] step         step=159900 epoch=22 lr=0.00017143 g_loss=3.01694 d_loss=0.34336 cycle_loss=0.1502 identity_loss=0.15806 grad_norm=27.88017
[14358.351s] step         step=159950 epoch=22 lr=0.00017143 g_loss=4.77261 d_loss=0.20771 cycle_loss=0.20284 identity_loss=0.1765 grad_norm=26.60483
[14362.257s] step         step=160000 epoch=22 lr=0.00017143 g_loss=2.73898 d_loss=0.20237 cycle_loss=0.12538 identity_loss=0.0927 grad_norm=15.3149
[14366.250s] step         step=160050 epoch=22 lr=0.00017143 g_loss=4.80835 d_loss=0.21811 cycle_loss=0.2329 identity_loss=0.19495 grad_norm=18.50593
[14370.178s] step         step=160100 epoch=22 lr=0.00017143 g_loss=3.74984 d_loss=0.17837 cycle_loss=0.18611 identity_loss=0.12419 grad_norm=19.08493
[14374.082s] step         step=160150 epoch=22 lr=0.00017143 g_loss=3.81759 d_loss=0.351 cycle_loss=0.18043 identity_loss=0.16264 grad_norm=19.23947
[14378.000s] step         step=160200 epoch=22 lr=0.00017143 g_loss=2.9466 d_loss=0.25658 cycle_loss=0.16148 identity_loss=0.1015 grad_norm=17.74404
[14382.114s] step         step=160250 epoch=22 lr=0.00017143 g_loss=4.00557 d_loss=0.28134 cycle_loss=0.18827 identity_loss=0.15648 grad_norm=22.68962
[14386.134s] step         step=160300 epoch=22 lr=0.00017143 g_loss=4.1641 d_loss=0.36904 cycle_loss=0.17159 identity_loss=0.23544 grad_norm=32.35281
[14390.170s] step         step=160350 epoch=22 lr=0.00017143 g_loss=3.51688 d_loss=0.36519 cycle_loss=0.1427 identity_loss=0.15804 grad_norm=24.78384
[14394.372s] step         step=160400 epoch=22 lr=0.00017143 g_loss=6.77239 d_loss=0.65224 cycle_loss=0.27858 identity_loss=0.44379 grad_norm=38.62014
[14398.383s] step         step=160450 epoch=22 lr=0.00017143 g_loss=3.6483 d_loss=0.26324 cycle_loss=0.23071 identity_loss=0.09691 grad_norm=35.68773
[14402.720s] step         step=160500 epoch=22 lr=0.00017143 g_loss=4.41104 d_loss=0.23801 cycle_loss=0.19555 identity_loss=0.20053 grad_norm=21.55565
[14406.887s] step         step=160550 epoch=22 lr=0.00017143 g_loss=3.53691 d_loss=0.34198 cycle_loss=0.14692 identity_loss=0.13776 grad_norm=35.3639
[14410.928s] step         step=160600 epoch=22 lr=0.00017143 g_loss=3.17564 d_loss=0.20096 cycle_loss=0.13429 identity_loss=0.14708 grad_norm=22.5124
[14414.825s] step         step=160650 epoch=22 lr=0.00017143 g_loss=3.30008 d_loss=0.20216 cycle_loss=0.16037 identity_loss=0.11911 grad_norm=21.36174
[14418.773s] step         step=160700 epoch=22 lr=0.00017143 g_loss=4.25962 d_loss=0.11768 cycle_loss=0.18261 identity_loss=0.17896 grad_norm=21.93348
[14423.043s] step         step=160750 epoch=22 lr=0.00017143 g_loss=3.76135 d_loss=0.20359 cycle_loss=0.20191 identity_loss=0.16009 grad_norm=20.32384
[14427.017s] step         step=160800 epoch=22 lr=0.00017143 g_loss=4.25067 d_loss=0.24571 cycle_loss=0.22492 identity_loss=0.22783 grad_norm=26.03855
[14430.940s] step         step=160850 epoch=22 lr=0.00017143 g_loss=3.0889 d_loss=0.22182 cycle_loss=0.12574 identity_loss=0.10192 grad_norm=15.09821
[14434.948s] step         step=160900 epoch=22 lr=0.00017143 g_loss=4.66585 d_loss=0.25327 cycle_loss=0.19853 identity_loss=0.13459 grad_norm=24.17622
[14438.866s] step         step=160950 epoch=22 lr=0.00017143 g_loss=4.35419 d_loss=0.31853 cycle_loss=0.21328 identity_loss=0.25322 grad_norm=22.5551
[14442.794s] step         step=161000 epoch=22 lr=0.00017143 g_loss=2.82769 d_loss=0.46408 cycle_loss=0.1428 identity_loss=0.13266 grad_norm=16.83452
[14446.783s] step         step=161050 epoch=22 lr=0.00017143 g_loss=2.67807 d_loss=0.17125 cycle_loss=0.13157 identity_loss=0.09844 grad_norm=17.34067
[14450.713s] step         step=161100 epoch=22 lr=0.00017143 g_loss=2.89637 d_loss=0.3834 cycle_loss=0.12753 identity_loss=0.09706 grad_norm=17.02435
[14454.684s] step         step=161150 epoch=22 lr=0.00017143 g_loss=3.5327 d_loss=0.2385 cycle_loss=0.13831 identity_loss=0.17794 grad_norm=24.60743
[14458.604s] step         step=161200 epoch=22 lr=0.00017143 g_loss=3.50792 d_loss=0.20743 cycle_loss=0.19395 identity_loss=0.15744 grad_norm=23.40168
[14462.649s] step         step=161250 epoch=22 lr=0.00017143 g_loss=4.4418 d_loss=0.25248 cycle_loss=0.20218 identity_loss=0.18177 grad_norm=16.78518
[14466.571s] step         step=161300 epoch=22 lr=0.00017143 g_loss=2.81192 d_loss=0.40168 cycle_loss=0.13697 identity_loss=0.10759 grad_norm=23.96418
[14470.508s] step         step=161350 epoch=22 lr=0.00017143 g_loss=2.88885 d_loss=0.69947 cycle_loss=0.15971 identity_loss=0.1269 grad_norm=25.95998
[14474.424s] step         step=161400 epoch=22 lr=0.00017143 g_loss=2.83821 d_loss=0.39258 cycle_loss=0.13001 identity_loss=0.12385 grad_norm=17.71675
[14478.346s] step         step=161450 epoch=22 lr=0.00017143 g_loss=5.91114 d_loss=0.29634 cycle_loss=0.25582 identity_loss=0.23447 grad_norm=42.55246
[14482.269s] step         step=161500 epoch=22 lr=0.00017143 g_loss=2.66864 d_loss=0.30491 cycle_loss=0.14384 identity_loss=0.10537 grad_norm=19.93469
[14486.256s] step         step=161550 epoch=22 lr=0.00017143 g_loss=3.39604 d_loss=0.31236 cycle_loss=0.14193 identity_loss=0.11485 grad_norm=20.62293
[14490.165s] step         step=161600 epoch=22 lr=0.00017143 g_loss=4.76166 d_loss=0.51605 cycle_loss=0.20642 identity_loss=0.18486 grad_norm=45.87486
[14494.084s] step         step=161650 epoch=22 lr=0.00017143 g_loss=2.97304 d_loss=0.3131 cycle_loss=0.14997 identity_loss=0.14439 grad_norm=12.16189
[14497.998s] step         step=161700 epoch=22 lr=0.00017143 g_loss=5.4076 d_loss=0.29985 cycle_loss=0.23986 identity_loss=0.23122 grad_norm=24.3868
[14501.929s] step         step=161750 epoch=22 lr=0.00017143 g_loss=3.49527 d_loss=0.35502 cycle_loss=0.15892 identity_loss=0.11952 grad_norm=25.55176
[14505.848s] step         step=161800 epoch=22 lr=0.00017143 g_loss=3.63121 d_loss=0.21035 cycle_loss=0.19064 identity_loss=0.13561 grad_norm=49.36911
[14509.873s] step         step=161850 epoch=22 lr=0.00017143 g_loss=3.24963 d_loss=0.29477 cycle_loss=0.1333 identity_loss=0.1221 grad_norm=21.68643
[14511.746s] epoch        epoch=22 step=161874 seconds=14497.7
[14512.058s] checkpoint   epoch=23 step=161874
[14514.122s] step         step=161900 epoch=23 lr=0.0001619 g_loss=3.90057 d_loss=0.41532 cycle_loss=0.25032 identity_loss=0.10261 grad_norm=40.8068
[14518.038s] step         step=161950 epoch=23 lr=0.0001619 g_loss=3.10107 d_loss=0.39248 cycle_loss=0.16948 identity_loss=0.15352 grad_norm=16.1034
[14521.953s] step         step=162000 epoch=23 lr=0.0001619 g_loss=3.02198 d_loss=0.54024 cycle_loss=0.15734 identity_loss=0.12695 grad_norm=17.11827
[14525.947s] step         step=162050 epoch=23 lr=0.0001619 g_loss=2.97495 d_loss=0.35245 cycle_loss=0.14404 identity_loss=0.11865 grad_norm=14.28911
[14529.871s] step         step=162100 epoch=23 lr=0.0001619 g_loss=3.7992 d_loss=0.27357 cycle_loss=0.19225 identity_loss=0.15904 grad_norm=20.81768
[14533.799s] step         step=162150 epoch=23 lr=0.0001619 g_loss=3.7786 d_loss=0.36785 cycle_loss=0.16962 identity_loss=0.15886 grad_norm=21.24652
[14537.734s] step         step=162200 epoch=23 lr=0.0001619 g_loss=4.37924 d_loss=0.23525 cycle_loss=0.22275 identity_loss=0.1854 grad_norm=27.21376
[14541.645s] step         step=162250 epoch=23 lr=0.0001619 g_loss=3.27689 d_loss=0.30795 cycle_loss=0.14954 identity_loss=0.15031 grad_norm=17.6785
[14545.565s] step         step=162300 epoch=23 lr=0.0001619 g_loss=3.12305 d_loss=0.18818 cycle_loss=0.15145 identity_loss=0.15182 grad_norm=21.22856
[14549.482s] step         step=162350 epoch=23 lr=0.0001619 g_loss=3.96111 d_loss=0.18217 cycle_loss=0.15803 identity_loss=0.17089 grad_norm=58.63591
[14553.404s] step         step=162400 epoch=23 lr=0.0001619 g_loss=4.41515 d_loss=0.15496 cycle_loss=0.20676 identity_loss=0.21364 grad_norm=21.56859
[14557.301s] step         step=162450 epoch=23 lr=0.0001619 g_loss=2.85088 d_loss=0.16662 cycle_loss=0.14773 identity_loss=0.10354 grad_norm=12.87277
[14561.408s] step         step=162500 epoch=23 lr=0.0001619 g_loss=2.53037 d_loss=0.17306 cycle_loss=0.10704 identity_loss=0.08799 grad_norm=21.26473
[14565.380s] step         step=162550 epoch=23 lr=0.0001619 g_loss=4.36247 d_loss=0.17528 cycle_loss=0.19214 identity_loss=0.21754 grad_norm=21.23615
[14569.393s] step         step=162600 epoch=23 lr=0.0001619 g_loss=2.84787 d_loss=0.55274 cycle_loss=0.15905 identity_loss=0.10927 grad_norm=19.62583
[14573.519s] step         step=162650 epoch=23 lr=0.0001619 g_loss=3.96024 d_loss=0.63917 cycle_loss=0.24432 identity_loss=0.23883 grad_norm=18.06495
[14577.439s] step         step=162700 epoch=23 lr=0.0001619 g_loss=5.14849 d_loss=0.28898 cycle_loss=0.28986 identity_loss=0.24109 grad_norm=50.76936
[14581.398s] step         step=162750 epoch=23 lr=0.0001619 g_loss=3.13332 d_loss=0.20919 cycle_loss=0.15009 identity_loss=0.15125 grad_norm=11.06644
[14585.390s] step         step=162800 epoch=23 lr=0.0001619 g_loss=2.89349 d_loss=0.3519 cycle_loss=0.13592 identity_loss=0.09581 grad_norm=12.75972
[14589.285s] step         step=162850 epoch=23 lr=0.0001619 g_loss=3.61029 d_loss=0.17653 cycle_loss=0.1673 identity_loss=0.13208 grad_norm=19.08395
[14593.210s] step         step=162900 epoch=23 lr=0.0001619 g_loss=3.36761 d_loss=0.11124 cycle_loss=0.14342 identity_loss=0.1187 grad_norm=18.51405
[14597.121s] step         step=162950 epoch=23 lr=0.0001619 g_loss=4.4672 d_loss=0.30771 cycle_loss=0.19253 identity_loss=0.20472 grad_norm=23.73988
[14601.117s] step         step=163000 epoch=23 lr=0.0001619 g_loss=3.52429 d_loss=0.28675 cycle_loss=0.15621 identity_loss=0.14975 grad_norm=21.92175
[14605.088s] step         step=163050 epoch=23 lr=0.0001619 g_loss=2.71635 d_loss=0.51811 cycle_loss=0.14767 identity_loss=0.14119 grad_norm=18.8307
[14609.014s] step         step=163100 epoch=23 lr=0.0001619 g_loss=3.73689 d_loss=0.4176 cycle_loss=0.20071 identity_loss=0.15822 grad_norm=21.88736
[14612.906s] step         step=163150 epoch=23 lr=0.0001619 g_loss=4.05356 d_loss=0.28821 cycle_loss=0.16632 identity_loss=0.17849 grad_norm=20.98881
[14616.811s] step         step=163200 epoch=23 lr=0.0001619 g_loss=3.0351 d_loss=0.20234 cycle_loss=0.14691 identity_loss=0.11298 grad_norm=22.97758
[14620.744s] step         step=163250 epoch=23 lr=0.0001619 g_loss=2.77782 d_loss=0.31893 cycle_loss=0.1676 identity_loss=0.09609 grad_norm=31.33933
[14624.998s] step         step=163300 epoch=23 lr=0.0001619 g_loss=5.57923 d_loss=0.21894 cycle_loss=0.31273 identity_loss=0.27941 grad_norm=31.84243
[14628.912s] step         step=163350 epoch=23 lr=0.0001619 g_loss=3.72781 d_loss=0.30374 cycle_loss=0.17342 identity_loss=0.16513 grad_norm=17.85293
[14632.844s] step         step=163400 epoch=23 lr=0.0001619 g_loss=2.92499 d_loss=0.11717 cycle_loss=0.11686 identity_loss=0.0862 grad_norm=30.40868
[14636.739s] step         step=163450 epoch=23 lr=0.0001619 g_loss=2.94382 d_loss=0.14857 cycle_loss=0.16776 identity_loss=0.11282 grad_norm=11.90006
[14641.246s] step         step=163500 epoch=23 lr=0.0001619 g_loss=3.6831 d_loss=0.17029 cycle_loss=0.17072 identity_loss=0.12845 grad_norm=22.34862
[14645.240s] step         step=163550 epoch=23 lr=0.0001619 g_loss=2.79775 d_loss=0.17677 cycle_loss=0.14336 identity_loss=0.09642 grad_norm=24.39827
[14649.174s] step         step=163600 epoch=23 lr=0.0001619 g_loss=2.88512 d_loss=0.34701 cycle_loss=0.14453 identity_loss=0.14895 grad_norm=19.26136
[14653.098s] step         step=163650 epoch=23 lr=0.0001619 g_loss=3.58975 d_loss=0.17708 cycle_loss=0.19657 identity_loss=0.16403 grad_norm=21.03399
[14657.058s] step         step=163700 epoch=23 lr=0.0001619 g_loss=3.54497 d_loss=0.35031 cycle_loss=0.20856 identity_loss=0.1743 grad_norm=20.11839
[14661.191s] step         step=163750 epoch=23 lr=0.0001619 g_loss=3.06567 d_loss=0.32207 cycle_loss=0.13599 identity_loss=0.11235 grad_norm=24.58403
[14665.112s] step         step=163800 epoch=23 lr=0.0001619 g_loss=3.87442 d_loss=0.22009 cycle_loss=0.2199 identity_loss=0.17722 grad_norm=26.01054
[14669.030s] step         step=163850 epoch=23 lr=0.0001619 g_loss=4.12156 d_loss=0.32608 cycle_loss=0.22539 identity_loss=0.21923 grad_norm=22.55536
[14673.009s] step         step=163900 epoch=23 lr=0.0001619 g_loss=3.0069 d_loss=0.11459 cycle_loss=0.13561 identity_loss=0.11348 grad_norm=21.73319
[14676.985s] step         step=163950 epoch=23 lr=0.0001619 g_loss=2.8735 d_loss=0.36917 cycle_loss=0.14935 identity_loss=0.12118 grad_norm=13.37182
[14680.981s] step         step=164000 epoch=23 lr=0.0001619 g_loss=3.3401 d_loss=0.18719 cycle_loss=0.13755 identity_loss=0.10723 grad_norm=13.73414
[14685.011s] step         step=164050 epoch=23 lr=0.0001619 g_loss=2.94397 d_loss=0.18946 cycle_loss=0.13318 identity_loss=0.09954 grad_norm=18.48149
[14688.905s] step         step=164100 epoch=23 lr=0.0001619 g_loss=3.55015 d_loss=0.29987 cycle_loss=0.17668 identity_loss=0.15735 grad_norm=21.63949
[14692.818s] step         step=164150 epoch=23 lr=0.0001619 g_loss=2.74561 d_loss=0.56696 cycle_loss=0.14973 identity_loss=0.1324 grad_norm=13.73683
[14696.787s] step         step=164200 epoch=23 lr=0.0001619 g_loss=3.12884 d_loss=0.3704 cycle_loss=0.16258 identity_loss=0.12589 grad_norm=12.80958
[14700.726s] step         step=164250 epoch=23 lr=0.0001619 g_loss=3.08228 d_loss=0.30619 cycle_loss=0.15995 identity_loss=0.09627 grad_norm=18.74823
[14704.699s] step         step=164300 epoch=23 lr=0.0001619 g_loss=3.27104 d_loss=0.31723 cycle_loss=0.17355 identity_loss=0.11803 grad_norm=25.34584
[14708.575s] step         step=164350 epoch=23 lr=0.0001619 g_loss=3.95202 d_loss=0.33917 cycle_loss=0.17825 identity_loss=0.1407 grad_norm=22.95816
[14712.460s] step         step=164400 epoch=23 lr=0.0001619 g_loss=3.58243 d_loss=0.19428 cycle_loss=0.13983 identity_loss=0.1202 grad_norm=17.51542
[14716.341s] step         step=164450 epoch=23 lr=0.0001619 g_loss=4.04862 d_loss=0.18591 cycle_loss=0.1695 identity_loss=0.11833 grad_norm=18.42064
[14720.239s] step         step=164500 epoch=23 lr=0.0001619 g_loss=3.48312 d_loss=0.31757 cycle_loss=0.1693 identity_loss=0.1424 grad_norm=23.4629
[14724.222s] step         step=164550 epoch=23 lr=0.0001619 g_loss=2.673 d_loss=0.62013 cycle_loss=0.15186 identity_loss=0.10434 grad_norm=18.97121
[14728.120s] step         step=164600 epoch=23 lr=0.0001619 g_loss=3.41262 d_loss=0.30985 cycle_loss=0.15417 identity_loss=0.149 grad_norm=16.9186
[14732.002s] step         step=164650 epoch=23 lr=0.0001619 g_loss=5.05538 d_loss=0.08469 cycle_loss=0.26419 identity_loss=0.22722 grad_norm=33.23111
[14735.926s] step         step=164700 epoch=23 lr=0.0001619 g_loss=3.3755 d_loss=0.28999 cycle_loss=0.16572 identity_loss=0.18834 grad_norm=25.65422
[14739.824s] step         step=164750 epoch=23 lr=0.0001619 g_loss=3.39202 d_loss=0.38224 cycle_loss=0.1235 identity_loss=0.10651 grad_norm=22.63583
[14743.725s] step         step=164800 epoch=23 lr=0.0001619 g_loss=3.91848 d_loss=0.37123 cycle_loss=0.23843 identity_loss=0.14931 grad_norm=28.37264
[14747.634s] step         step=164850 epoch=23 lr=0.0001619 g_loss=4.09373 d_loss=0.23419 cycle_loss=0.20169 identity_loss=0.1374 grad_norm=27.56241
[14751.543s] step         step=164900 epoch=23 lr=0.0001619 g_loss=4.65606 d_loss=0.28346 cycle_loss=0.26301 identity_loss=0.27977 grad_norm=27.63429
[14755.459s] step         step=164950 epoch=23 lr=0.0001619 g_loss=2.84589 d_loss=0.11287 cycle_loss=0.13548 identity_loss=0.12222 grad_norm=14.83407
[14759.416s] step         step=165000 epoch=23 lr=0.0001619 g_loss=3.54998 d_loss=0.24452 cycle_loss=0.1744 identity_loss=0.17345 grad_norm=23.27431
[14763.380s] step         step=165050 epoch=23 lr=0.0001619 g_loss=3.26121 d_loss=0.20374 cycle_loss=0.13356 identity_loss=0.13911 grad_norm=13.94924
[14767.297s] step         step=165100 epoch=23 lr=0.0001619 g_loss=2.95004 d_loss=0.16683 cycle_loss=0.14821 identity_loss=0.10566 grad_norm=23.13557
[14771.183s] step         step=165150 epoch=23 lr=0.0001619 g_loss=3.17341 d_loss=0.35056 cycle_loss=0.17147 identity_loss=0.12269 grad_norm=22.01197
[14775.076s] step         step=165200 epoch=23 lr=0.0001619 g_loss=3.66787 d_loss=0.13624 cycle_loss=0.14275 identity_loss=0.123 grad_norm=18.40252
[14779.002s] step         step=165250 epoch=23 lr=0.0001619 g_loss=2.46794 d_loss=0.23716 cycle_loss=0.14582 identity_loss=0.10237 grad_norm=15.70227
[14782.869s] step         step=165300 epoch=23 lr=0.0001619 g_loss=2.76021 d_loss=0.25514 cycle_loss=0.13261 identity_loss=0.10968 grad_norm=19.28185
[14786.768s] step         step=165350 epoch=23 lr=0.0001619 g_loss=4.04798 d_loss=0.25347 cycle_loss=0.22973 identity_loss=0.15878 grad_norm=27.3062
[14790.826s] step         step=165400 epoch=23 lr=0.0001619 g_loss=3.25374 d_loss=0.37074 cycle_loss=0.16773 identity_loss=0.14686 grad_norm=19.63131
[14794.757s] step         step=165450 epoch=23 lr=0.0001619 g_loss=2.64611 d_loss=0.59496 cycle_loss=0.12339 identity_loss=0.07316 grad_norm=37.94535
[14798.659s] step         step=165500 epoch=23 lr=0.0001619 g_loss=3.4758 d_loss=0.19569 cycle_loss=0.14958 identity_loss=0.15751 grad_norm=17.18235
[14802.636s] step         step=165550 epoch=23 lr=0.0001619 g_loss=4.10657 d_loss=0.36425 cycle_loss=0.16383 identity_loss=0.12468 grad_norm=25.13737
[14806.524s] step         step=165600 epoch=23 lr=0.0001619 g_loss=6.00666 d_loss=0.21997 cycle_loss=0.3634 identity_loss=0.30602 grad_norm=30.29503
[14810.426s] step         step=165650 epoch=23 lr=0.0001619 g_loss=2.46635 d_loss=0.23864 cycle_loss=0.10507 identity_loss=0.09325 grad_norm=12.24091
[14814.333s] step         step=165700 epoch=23 lr=0.0001619 g_loss=2.38368 d_loss=0.61715 cycle_loss=0.14039 identity_loss=0.11048 grad_norm=14.28461
[14818.242s] step         step=165750 epoch=23 lr=0.0001619 g_loss=3.10096 d_loss=0.19457 cycle_loss=0.13322 identity_loss=0.08977 grad_norm=14.59898
[14822.152s] step         step=165800 epoch=23 lr=0.0001619 g_loss=3.59185 d_loss=0.27866 cycle_loss=0.18271 identity_loss=0.16772 grad_norm=18.96281
[14826.047s] step         step=165850 epoch=23 lr=0.0001619 g_loss=2.90864 d_loss=0.25238 cycle_loss=0.14263 identity_loss=0.12125 grad_norm=22.07285
[14830.173s] step         step=165900 epoch=23 lr=0.0001619 g_loss=2.69339 d_loss=0.3133 cycle_loss=0.14629 identity_loss=0.10803 grad_norm=18.9321
[14834.087s] step         step=165950 epoch=23 lr=0.0001619 g_loss=3.84479 d_loss=0.43199 cycle_loss=0.1728 identity_loss=0.14195 grad_norm=14.12637
[14837.982s] step         step=166000 epoch=23 lr=0.0001619 g_loss=3.96535 d_loss=0.36633 cycle_loss=0.22763 identity_loss=0.18131 grad_norm=21.23781
[14841.959s] step         step=166050 epoch=23 lr=0.0001619 g_loss=3.3385 d_loss=0.3123 cycle_loss=0.1746 identity_loss=0.13139 grad_norm=31.50086
[14845.848s] step         step=166100 epoch=23 lr=0.0001619 g_loss=3.87584 d_loss=0.17765 cycle_loss=0.18858 identity_loss=0.13896 grad_norm=12.42418
[14849.742s] step         step=166150 epoch=23 lr=0.0001619 g_loss=3.03451 d_loss=0.39092 cycle_loss=0.14828 identity_loss=0.135 grad_norm=15.01828
[14853.683s] step         step=166200 epoch=23 lr=0.0001619 g_loss=3.5744 d_loss=0.33421 cycle_loss=0.18659 identity_loss=0.14585 grad_norm=29.11491
[14857.576s] step         step=166250 epoch=23 lr=0.0001619 g_loss=2.96473 d_loss=0.26461 cycle_loss=0.15509 identity_loss=0.11276 grad_norm=26.5095
[14861.463s] step         step=166300 epoch=23 lr=0.0001619 g_loss=3.18046 d_loss=0.55916 cycle_loss=0.18008 identity_loss=0.13605 grad_norm=20.01597
[14865.358s] step         step=166350 epoch=23 lr=0.0001619 g_loss=5.14971 d_loss=0.31206 cycle_loss=0.26369 identity_loss=0.27867 grad_norm=31.16683
[14869.245s] step         step=166400 epoch=23 lr=0.0001619 g_loss=3.33838 d_loss=0.50903 cycle_loss=0.22071 identity_loss=0.15845 grad_norm=24.37749
[14873.263s] step         step=166450 epoch=23 lr=0.0001619 g_loss=2.60726 d_loss=0.25271 cycle_loss=0.14284 identity_loss=0.10099 grad_norm=19.44192
[14877.170s] step         step=166500 epoch=23 lr=0.0001619 g_loss=3.26768 d_loss=0.17997 cycle_loss=0.15823 identity_loss=0.11466 grad_norm=20.26802
[14881.719s] step         step=166550 epoch=23 lr=0.0001619 g_loss=3.52237 d_loss=0.36175 cycle_loss=0.16896 identity_loss=0.12045 grad_norm=14.77523
[14885.620s] step         step=166600 epoch=23 lr=0.0001619 g_loss=3.20793 d_loss=0.35618 cycle_loss=0.1477 identity_loss=0.15172 grad_norm=18.27078
[14889.507s] step         step=166650 epoch=23 lr=0.0001619 g_loss=2.87606 d_loss=0.28069 cycle_loss=0.15093 identity_loss=0.11465 grad_norm=20.61147
[14893.418s] step         step=166700 epoch=23 lr=0.0001619 g_loss=3.85297 d_loss=0.2556 cycle_loss=0.18548 identity_loss=0.17527 grad_norm=36.68677
[14897.352s] step         step=166750 epoch=23 lr=0.0001619 g_loss=3.60854 d_loss=0.35739 cycle_loss=0.22424 identity_loss=0.13457 grad_norm=25.23905
[14901.226s] step         step=166800 epoch=23 lr=0.0001619 g_loss=2.94012 d_loss=0.29069 cycle_loss=0.15058 identity_loss=0.08859 grad_norm=23.97809
[14905.123s] step         step=166850 epoch=23 lr=0.0001619 g_loss=4.35361 d_loss=0.17496 cycle_loss=0.23612 identity_loss=0.19845 grad_norm=29.20062
[14909.019s] step         step=166900 epoch=23 lr=0.0001619 g_loss=3.10397 d_loss=0.24041 cycle_loss=0.16066 identity_loss=0.14592 grad_norm=20.63298
[14912.922s] step         step=166950 epoch=23 lr=0.0001619 g_loss=3.77927 d_loss=0.46842 cycle_loss=0.19593 identity_loss=0.12456 grad_norm=36.84301
[14916.801s] step         step=167000 epoch=23 lr=0.0001619 g_loss=3.04947 d_loss=0.41064 cycle_loss=0.17587 identity_loss=0.13858 grad_norm=14.56005
[14920.918s] step         step=167050 epoch=23 lr=0.0001619 g_loss=2.55827 d_loss=0.31355 cycle_loss=0.15271 identity_loss=0.1054 grad_norm=21.39912
[14924.805s] step         step=167100 epoch=23 lr=0.0001619 g_loss=3.79234 d_loss=0.27246 cycle_loss=0.17187 identity_loss=0.15338 grad_norm=17.07507
[14928.717s] step         step=167150 epoch=23 lr=0.0001619 g_loss=2.90314 d_loss=0.17387 cycle_loss=0.14943 identity_loss=0.12017 grad_norm=16.86053
[14932.633s] step         step=167200 epoch=23 lr=0.0001619 g_loss=3.18496 d_loss=0.15946 cycle_loss=0.12174 identity_loss=0.11308 grad_norm=18.00567
[14936.540s] step         step=167250 epoch=23 lr=0.0001619 g_loss=2.55122 d_loss=0.44335 cycle_loss=0.13346 identity_loss=0.13017 grad_norm=27.09791
[14940.452s] step         step=167300 epoch=23 lr=0.0001619 g_loss=4.73335 d_loss=0.33018 cycle_loss=0.20512 identity_loss=0.18488 grad_norm=31.12318
[14944.354s] step         step=167350 epoch=23 lr=0.0001619 g_loss=3.60185 d_loss=0.39271 cycle_loss=0.17726 identity_loss=0.13415 grad_norm=33.81311
[14948.266s] step         step=167400 epoch=23 lr=0.0001619 g_loss=2.90496 d_loss=0.25492 cycle_loss=0.13428 identity_loss=0.11114 grad_norm=39.31062
[14952.162s] step         step=167450 epoch=23 lr=0.0001619 g_loss=3.40675 d_loss=0.12385 cycle_loss=0.1361 identity_loss=0.12069 grad_norm=22.20781
[14956.085s] step         step=167500 epoch=23 lr=0.0001619 g_loss=3.33026 d_loss=0.34957 cycle_loss=0.19017 identity_loss=0.11386 grad_norm=21.45823
[14960.054s] step         step=167550 epoch=23 lr=0.0001619 g_loss=3.3227 d_loss=0.13957 cycle_loss=0.14632 identity_loss=0.11 grad_norm=13.02449
[14963.961s] step         step=167600 epoch=23 lr=0.0001619 g_loss=3.57126 d_loss=0.2517 cycle_loss=0.15011 identity_loss=0.10356 grad_norm=14.64151
[14967.971s] step         step=167650 epoch=23 lr=0.0001619 g_loss=3.14405 d_loss=0.28726 cycle_loss=0.15339 identity_loss=0.10378 grad_norm=19.04543
[14972.130s] step         step=167700 epoch=23 lr=0.0001619 g_loss=2.91927 d_loss=0.22057 cycle_loss=0.15054 identity_loss=0.09988 grad_norm=25.99334
[14976.232s] step         step=167750 epoch=23 lr=0.0001619 g_loss=3.9359 d_loss=0.2942 cycle_loss=0.17053 identity_loss=0.12255 grad_norm=17.29938
[14980.316s] step         step=167800 epoch=23 lr=0.0001619 g_loss=2.78784 d_loss=0.34634 cycle_loss=0.14535 identity_loss=0.11386 grad_norm=15.53857
[14984.220s] step         step=167850 epoch=23 lr=0.0001619 g_loss=2.88741 d_loss=0.25383 cycle_loss=0.13026 identity_loss=0.09362 grad_norm=16.45652
[14988.154s] step         step=167900 epoch=23 lr=0.0001619 g_loss=3.40137 d_loss=0.23523 cycle_loss=0.16148 identity_loss=0.16818 grad_norm=21.21395
[14992.118s] step         step=167950 epoch=23 lr=0.0001619 g_loss=3.2563 d_loss=0.44477 cycle_loss=0.17814 identity_loss=0.14719 grad_norm=27.32887
[14996.035s] step         step=168000 epoch=23 lr=0.0001619 g_loss=2.90391 d_loss=0.26389 cycle_loss=0.15511 identity_loss=0.09846 grad_norm=23.12772
[14999.994s] step         step=168050 epoch=23 lr=0.0001619 g_loss=3.57573 d_loss=0.29975 cycle_loss=0.19527 identity_loss=0.125 grad_norm=15.20432
[15003.886s] step         step=168100 epoch=23 lr=0.0001619 g_loss=2.83754 d_loss=0.33414 cycle_loss=0.15275 identity_loss=0.09266 grad_norm=19.6483
[15007.868s] step         step=168150 epoch=23 lr=0.0001619 g_loss=3.2558 d_loss=0.40742 cycle_loss=0.17349 identity_loss=0.15149 grad_norm=17.82191
[15011.869s] step         step=168200 epoch=23 lr=0.0001619 g_loss=3.26086 d_loss=0.23813 cycle_loss=0.1607 identity_loss=0.11926 grad_norm=18.06253
[15015.831s] step         step=168250 epoch=23 lr=0.0001619 g_loss=3.32511 d_loss=0.25084 cycle_loss=0.12853 identity_loss=0.13381 grad_norm=27.15444
[15019.749s] step         step=168300 epoch=23 lr=0.0001619 g_loss=4.21795 d_loss=0.27592 cycle_loss=0.2311 identity_loss=0.15398 grad_norm=22.92644
[15023.685s] step         step=168350 epoch=23 lr=0.0001619 g_loss=4.06106 d_loss=0.24437 cycle_loss=0.19413 identity_loss=0.13234 grad_norm=19.6839
[15027.585s] step         step=168400 epoch=23 lr=0.0001619 g_loss=3.07507 d_loss=0.30435 cycle_loss=0.19079 identity_loss=0.12396 grad_norm=25.71859
[15031.492s] step         step=168450 epoch=23 lr=0.0001619 g_loss=3.8722 d_loss=0.1604 cycle_loss=0.20494 identity_loss=0.14994 grad_norm=24.25957
[15035.391s] step         step=168500 epoch=23 lr=0.0001619 g_loss=3.02484 d_loss=0.18659 cycle_loss=0.13409 identity_loss=0.10249 grad_norm=16.04926
[15039.367s] step         step=168550 epoch=23 lr=0.0001619 g_loss=3.67542 d_loss=0.20489 cycle_loss=0.18556 identity_loss=0.17832 grad_norm=20.59101
[15043.262s] step         step=168600 epoch=23 lr=0.0001619 g_loss=3.56937 d_loss=0.12982 cycle_loss=0.15939 identity_loss=0.18227 grad_norm=22.23218
[15047.138s] step         step=168650 epoch=23 lr=0.0001619 g_loss=3.5249 d_loss=0.32648 cycle_loss=0.14812 identity_loss=0.13519 grad_norm=25.21115
[15051.052s] step         step=168700 epoch=23 lr=0.0001619 g_loss=5.91134 d_loss=0.2342 cycle_loss=0.30047 identity_loss=0.3484 grad_norm=30.7592
[15054.948s] step         step=168750 epoch=23 lr=0.0001619 g_loss=4.23006 d_loss=0.0929 cycle_loss=0.19225 identity_loss=0.13508 grad_norm=21.21028
[15058.838s] step         step=168800 epoch=23 lr=0.0001619 g_loss=2.87417 d_loss=0.15128 cycle_loss=0.15817 identity_loss=0.10976 grad_norm=14.51633
[15062.716s] step         step=168850 epoch=23 lr=0.0001619 g_loss=2.57932 d_loss=0.19171 cycle_loss=0.11022 identity_loss=0.1002 grad_norm=15.64092
[15066.608s] step         step=168900 epoch=23 lr=0.0001619 g_loss=4.28076 d_loss=0.46984 cycle_loss=0.19 identity_loss=0.15336 grad_norm=38.50913
[15067.536s] epoch        epoch=23 step=168912 seconds=15053.5
[15067.855s] checkpoint   epoch=24 step=168912
[15070.835s] step         step=168950 epoch=24 lr=0.00015238 g_loss=3.20524 d_loss=0.3365 cycle_loss=0.1504 identity_loss=0.13084 grad_norm=22.83525
[15074.755s] step         step=169000 epoch=24 lr=0.00015238 g_loss=3.64547 d_loss=0.27903 cycle_loss=0.20288 identity_loss=0.11525 grad_norm=16.24314
[15078.722s] step         step=169050 epoch=24 lr=0.00015238 g_loss=2.88659 d_loss=0.29589 cycle_loss=0.14555 identity_loss=0.10821 grad_norm=20.9976
[15082.645s] step         step=169100 epoch=24 lr=0.00015238 g_loss=3.32608 d_loss=0.38173 cycle_loss=0.18257 identity_loss=0.14512 grad_norm=23.90506
[15086.554s] step         step=169150 epoch=24 lr=0.00015238 g_loss=4.05892 d_loss=0.3577 cycle_loss=0.22337 identity_loss=0.15452 grad_norm=12.55117
[15090.662s] step         step=169200 epoch=24 lr=0.00015238 g_loss=3.65321 d_loss=0.37726 cycle_loss=0.17789 identity_loss=0.13419 grad_norm=15.43108
[15094.565s] step         step=169250 epoch=24 lr=0.00015238 g_loss=3.23173 d_loss=0.36699 cycle_loss=0.14192 identity_loss=0.17373 grad_norm=24.60921
[15098.462s] step         step=169300 epoch=24 lr=0.00015238 g_loss=2.39989 d_loss=0.48913 cycle_loss=0.13183 identity_loss=0.11684 grad_norm=16.91524
[15102.377s] step         step=169350 epoch=24 lr=0.00015238 g_loss=3.95546 d_loss=0.17043 cycle_loss=0.16356 identity_loss=0.12351 grad_norm=20.78012
[15106.298s] step         step=169400 epoch=24 lr=0.00015238 g_loss=4.02609 d_loss=0.34 cycle_loss=0.19542 identity_loss=0.14328 grad_norm=32.12606
[15110.268s] step         step=169450 epoch=24 lr=0.00015238 g_loss=5.06065 d_loss=0.32006 cycle_loss=0.19873 identity_loss=0.22354 grad_norm=32.6797
[15114.196s] step         step=169500 epoch=24 lr=0.00015238 g_loss=3.08307 d_loss=0.23254 cycle_loss=0.15233 identity_loss=0.10412 grad_norm=15.03383
[15118.231s] step         step=169550 epoch=24 lr=0.00015238 g_loss=3.34657 d_loss=0.12918 cycle_loss=0.14792 identity_loss=0.11498 grad_norm=26.53431
[15122.139s] step         step=169600 epoch=24 lr=0.00015238 g_loss=2.71707 d_loss=0.25986 cycle_loss=0.13457 identity_loss=0.13379 grad_norm=13.44521
[15126.047s] step         step=169650 epoch=24 lr=0.00015238 g_loss=2.46045 d_loss=0.39156 cycle_loss=0.13112 identity_loss=0.10365 grad_norm=11.929
[15129.952s] step         step=169700 epoch=24 lr=0.00015238 g_loss=3.74905 d_loss=0.258 cycle_loss=0.2021 identity_loss=0.13018 grad_norm=23.87794
[15134.104s] step         step=169750 epoch=24 lr=0.00015238 g_loss=3.41362 d_loss=0.4572 cycle_loss=0.19122 identity_loss=0.17106 grad_norm=30.2036
[15138.011s] step         step=169800 epoch=24 lr=0.00015238 g_loss=2.55671 d_loss=0.24552 cycle_loss=0.13094 identity_loss=0.11134 grad_norm=16.61075
[15141.913s] step         step=169850 epoch=24 lr=0.00015238 g_loss=3.7361 d_loss=0.39006 cycle_loss=0.17492 identity_loss=0.14577 grad_norm=22.25453
[15145.822s] step         step=169900 epoch=24 lr=0.00015238 g_loss=4.39623 d_loss=0.38381 cycle_loss=0.21809 identity_loss=0.20733 grad_norm=21.51377
[15149.733s] step         step=169950 epoch=24 lr=0.00015238 g_loss=3.29227 d_loss=0.25798 cycle_loss=0.13868 identity_loss=0.11929 grad_norm=20.03059
[15153.683s] step         step=170000 epoch=24 lr=0.00015238 g_loss=3.62362 d_loss=0.13387 cycle_loss=0.13897 identity_loss=0.11568 grad_norm=22.38993
[15157.641s] step         step=170050 epoch=24 lr=0.00015238 g_loss=5.304 d_loss=0.32609 cycle_loss=0.31286 identity_loss=0.18274 grad_norm=34.36378
[15161.527s] step         step=170100 epoch=24 lr=0.00015238 g_loss=3.43808 d_loss=0.42021 cycle_loss=0.15672 identity_loss=0.1062 grad_norm=17.92521
[15165.433s] step         step=170150 epoch=24 lr=0.00015238 g_loss=3.24127 d_loss=0.14254 cycle_loss=0.13468 identity_loss=0.1122 grad_norm=17.24492
[15169.366s] step         step=170200 epoch=24 lr=0.00015238 g_loss=2.77751 d_loss=0.27399 cycle_loss=0.11173 identity_loss=0.08954 grad_norm=19.09359
[15173.387s] step         step=170250 epoch=24 lr=0.00015238 g_loss=2.6705 d_loss=0.27965 cycle_loss=0.12256 identity_loss=0.07853 grad_norm=20.62626
[15177.301s] step         step=170300 epoch=24 lr=0.00015238 g_loss=2.71555 d_loss=0.24229 cycle_loss=0.14847 identity_loss=0.09536 grad_norm=12.98131
[15181.190s] step         step=170350 epoch=24 lr=0.00015238 g_loss=3.22777 d_loss=0.20276 cycle_loss=0.15868 identity_loss=0.11219 grad_norm=16.69699
[15185.111s] step         step=170400 epoch=24 lr=0.00015238 g_loss=3.32226 d_loss=0.24384 cycle_loss=0.16535 identity_loss=0.10707 grad_norm=18.12345
[15189.017s] step         step=170450 epoch=24 lr=0.00015238 g_loss=2.44721 d_loss=0.7063 cycle_loss=0.14083 identity_loss=0.1165 grad_norm=10.72639
[15192.947s] step         step=170500 epoch=24 lr=0.00015238 g_loss=3.42841 d_loss=0.30589 cycle_loss=0.13642 identity_loss=0.1362 grad_norm=15.28873
[15196.906s] step         step=170550 epoch=24 lr=0.00015238 g_loss=3.22523 d_loss=0.28562 cycle_loss=0.13065 identity_loss=0.15997 grad_norm=23.13897
[15200.842s] step         step=170600 epoch=24 lr=0.00015238 g_loss=3.57691 d_loss=0.11203 cycle_loss=0.15538 identity_loss=0.17368 grad_norm=23.11032
[15204.742s] step         step=170650 epoch=24 lr=0.00015238 g_loss=3.87324 d_loss=0.20435 cycle_loss=0.17352 identity_loss=0.1656 grad_norm=16.69857
[15208.627s] step         step=170700 epoch=24 lr=0.00015238 g_loss=3.03864 d_loss=0.26753 cycle_loss=0.17648 identity_loss=0.13404 grad_norm=26.66579
[15212.524s] step         step=170750 epoch=24 lr=0.00015238 g_loss=3.22491 d_loss=0.24205 cycle_loss=0.16972 identity_loss=0.12522 grad_norm=22.79832
[15216.425s] step         step=170800 epoch=24 lr=0.00015238 g_loss=2.91001 d_loss=0.25868 cycle_loss=0.15446 identity_loss=0.13273 grad_norm=16.00919
[15220.325s] step         step=170850 epoch=24 lr=0.00015238 g_loss=3.26187 d_loss=0.14507 cycle_loss=0.14001 identity_loss=0.10951 grad_norm=17.23877
[15224.231s] step         step=170900 epoch=24 lr=0.00015238 g_loss=4.21062 d_loss=0.28312 cycle_loss=0.22978 identity_loss=0.18572 grad_norm=24.25774
[15228.165s] step         step=170950 epoch=24 lr=0.00015238 g_loss=1.98592 d_loss=0.20962 cycle_loss=0.10212 identity_loss=0.07669 grad_norm=13.3089
[15232.096s] step         step=171000 epoch=24 lr=0.00015238 g_loss=5.85369 d_loss=0.14574 cycle_loss=0.35305 identity_loss=0.28125 grad_norm=33.24118
[15236.066s] step         step=171050 epoch=24 lr=0.00015238 g_loss=2.65861 d_loss=0.46013 cycle_loss=0.13222 identity_loss=0.11857 grad_norm=11.86785
[15239.988s] step         step=171100 epoch=24 lr=0.00015238 g_loss=3.14114 d_loss=0.32177 cycle_loss=0.12583 identity_loss=0.09339 grad_norm=33.67897
[15243.879s] step         step=171150 epoch=24 lr=0.00015238 g_loss=3.48627 d_loss=0.19336 cycle_loss=0.19803 identity_loss=0.14064 grad_norm=20.34371
[15247.754s] step         step=171200 epoch=24 lr=0.00015238 g_loss=3.33103 d_loss=0.21488 cycle_loss=0.14772 identity_loss=0.11864 grad_norm=25.92245
[15251.671s] step         step=171250 epoch=24 lr=0.00015238 g_loss=3.38663 d_loss=0.22678 cycle_loss=0.17051 identity_loss=0.12375 grad_norm=13.05011
[15255.559s] step         step=171300 epoch=24 lr=0.00015238 g_loss=4.3918 d_loss=0.13346 cycle_loss=0.2078 identity_loss=0.13966 grad_norm=27.76857
[15259.864s] step         step=171350 epoch=24 lr=0.00015238 g_loss=4.26439 d_loss=0.34845 cycle_loss=0.19818 identity_loss=0.22914 grad_norm=33.50608
[15263.745s] step         step=171400 epoch=24 lr=0.00015238 g_loss=2.80174 d_loss=0.33878 cycle_loss=0.1503 identity_loss=0.11044 grad_norm=15.23137
[15267.646s] step         step=171450 epoch=24 lr=0.00015238 g_loss=3.16521 d_loss=0.43091 cycle_loss=0.1743 identity_loss=0.15106 grad_norm=25.43208
[15271.543s] step         step=171500 epoch=24 lr=0.00015238 g_loss=3.46041 d_loss=0.16992 cycle_loss=0.18929 identity_loss=0.11952 grad_norm=21.01581
[15275.496s] step         step=171550 epoch=24 lr=0.00015238 g_loss=2.87112 d_loss=0.29145 cycle_loss=0.12691 identity_loss=0.09724 grad_norm=19.55899
[15279.397s] step         step=171600 epoch=24 lr=0.00015238 g_loss=2.66802 d_loss=0.34155 cycle_loss=0.1336 identity_loss=0.13175 grad_norm=16.87063
[15283.277s] step         step=171650 epoch=24 lr=0.00015238 g_loss=2.80819 d_loss=0.15959 cycle_loss=0.13245 identity_loss=0.10796 grad_norm=21.04623
[15287.179s] step         step=171700 epoch=24 lr=0.00015238 g_loss=2.97256 d_loss=0.56331 cycle_loss=0.12698 identity_loss=0.1498 grad_norm=15.34012
[15291.083s] step         step=171750 epoch=24 lr=0.00015238 g_loss=2.51695 d_loss=0.31043 cycle_loss=0.11454 identity_loss=0.09182 grad_norm=12.6004
[15294.986s] step         step=171800 epoch=24 lr=0.00015238 g_loss=2.75708 d_loss=0.67732 cycle_loss=0.16525 identity_loss=0.13996 grad_norm=9.69156
[15298.893s] step         step=171850 epoch=24 lr=0.00015238 g_loss=3.54354 d_loss=0.16108 cycle_loss=0.16854 identity_loss=0.1476 grad_norm=26.81254
[15302.804s] step         step=171900 epoch=24 lr=0.00015238 g_loss=3.11798 d_loss=0.22157 cycle_loss=0.15587 identity_loss=0.13165 grad_norm=22.16524
[15306.711s] step         step=171950 epoch=24 lr=0.00015238 g_loss=5.24432 d_loss=0.19698 cycle_loss=0.23493 identity_loss=0.28889 grad_norm=29.06834
[15310.740s] step         step=172000 epoch=24 lr=0.00015238 g_loss=2.87939 d_loss=0.38546 cycle_loss=0.15945 identity_loss=0.18777 grad_norm=22.6386
[15314.781s] step         step=172050 epoch=24 lr=0.00015238 g_loss=4.02935 d_loss=0.13806 cycle_loss=0.18838 identity_loss=0.18136 grad_norm=27.16274
[15318.758s] step         step=172100 epoch=24 lr=0.00015238 g_loss=3.17484 d_loss=0.13053 cycle_loss=0.16791 identity_loss=0.12583 grad_norm=22.14121
[15322.712s] step         step=172150 epoch=24 lr=0.00015238 g_loss=3.20685 d_loss=0.17405 cycle_loss=0.15082 identity_loss=0.10938 grad_norm=16.61682
[15326.665s] step         step=172200 epoch=24 lr=0.00015238 g_loss=2.83856 d_loss=0.27777 cycle_loss=0.1466 identity_loss=0.08959 grad_norm=12.34921
[15330.601s] step         step=172250 epoch=24 lr=0.00015238 g_loss=2.59093 d_loss=0.45083 cycle_loss=0.12208 identity_loss=0.18982 grad_norm=20.82886
[15334.492s] step         step=172300 epoch=24 lr=0.00015238 g_loss=2.73402 d_loss=0.30918 cycle_loss=0.13245 identity_loss=0.08499 grad_norm=8.78981
[15338.376s] step         step=172350 epoch=24 lr=0.00015238 g_loss=3.57472 d_loss=0.34584 cycle_loss=0.18929 identity_loss=0.12112 grad_norm=18.00282
[15342.260s] step         step=172400 epoch=24 lr=0.00015238 g_loss=4.40643 d_loss=0.2683 cycle_loss=0.25099 identity_loss=0.27814 grad_norm=29.94151
[15346.166s] step         step=172450 epoch=24 lr=0.00015238 g_loss=3.80829 d_loss=0.38575 cycle_loss=0.10081 identity_loss=0.0924 grad_norm=31.33222
[15350.075s] step         step=172500 epoch=24 lr=0.00015238 g_loss=4.36757 d_loss=0.28766 cycle_loss=0.28242 identity_loss=0.20414 grad_norm=30.05416
[15354.036s] step         step=172550 epoch=24 lr=0.00015238 g_loss=3.42747 d_loss=0.25461 cycle_loss=0.14297 identity_loss=0.13861 grad_norm=20.23442
[15357.914s] step         step=172600 epoch=24 lr=0.00015238 g_loss=3.01746 d_loss=0.28959 cycle_loss=0.20949 identity_loss=0.08084 grad_norm=20.17674
[15361.812s] step         step=172650 epoch=24 lr=0.00015238 g_loss=2.95868 d_loss=0.46847 cycle_loss=0.11955 identity_loss=0.11395 grad_norm=27.76828
[15365.729s] step         step=172700 epoch=24 lr=0.00015238 g_loss=3.55707 d_loss=0.21709 cycle_loss=0.1853 identity_loss=0.14278 grad_norm=17.00912
[15369.627s] step         step=172750 epoch=24 lr=0.00015238 g_loss=5.2826 d_loss=0.13724 cycle_loss=0.26854 identity_loss=0.19936 grad_norm=31.53665
[15373.548s] step         step=172800 epoch=24 lr=0.00015238 g_loss=3.7596 d_loss=0.2634 cycle_loss=0.20106 identity_loss=0.15375 grad_norm=21.17072
[15377.463s] step         step=172850 epoch=24 lr=0.00015238 g_loss=2.70042 d_loss=0.24662 cycle_loss=0.12279 identity_loss=0.1013 grad_norm=15.8051
[15381.364s] step         step=172900 epoch=24 lr=0.00015238 g_loss=3.3681 d_loss=0.07843 cycle_loss=0.17003 identity_loss=0.0984 grad_norm=21.69476
[15385.278s] step         step=172950 epoch=24 lr=0.00015238 g_loss=3.33364 d_loss=0.1555 cycle_loss=0.13519 identity_loss=0.15208 grad_norm=26.37507
[15389.152s] step         step=173000 epoch=24 lr=0.00015238 g_loss=3.89599 d_loss=0.27332 cycle_loss=0.22165 identity_loss=0.15181 grad_norm=31.35066
[15393.168s] step         step=173050 epoch=24 lr=0.00015238 g_loss=2.61772 d_loss=0.2751 cycle_loss=0.11733 identity_loss=0.10283 grad_norm=10.10432
[15397.066s] step         step=173100 epoch=24 lr=0.00015238 g_loss=3.67138 d_loss=0.41183 cycle_loss=0.20492 identity_loss=0.16449 grad_norm=19.91133
[15400.960s] step         step=173150 epoch=24 lr=0.00015238 g_loss=2.94697 d_loss=0.3899 cycle_loss=0.14555 identity_loss=0.11043 grad_norm=10.08623
[15404.879s] step         step=173200 epoch=24 lr=0.00015238 g_loss=2.47901 d_loss=0.17814 cycle_loss=0.12918 identity_loss=0.09179 grad_norm=18.02429
[15408.813s] step         step=173250 epoch=24 lr=0.00015238 g_loss=2.95433 d_loss=0.15702 cycle_loss=0.12713 identity_loss=0.1047 grad_norm=21.12564
[15412.738s] step         step=173300 epoch=24 lr=0.00015238 g_loss=2.85714 d_loss=0.2831 cycle_loss=0.12984 identity_loss=0.12171 grad_norm=15.04317
[15416.662s] step         step=173350 epoch=24 lr=0.00015238 g_loss=3.34065 d_loss=0.20423 cycle_loss=0.16107 identity_loss=0.11166 grad_norm=34.38759
[15420.560s] step         step=173400 epoch=24 lr=0.00015238 g_loss=4.1557 d_loss=0.2736 cycle_loss=0.2363 identity_loss=0.20877 grad_norm=36.12164
[15424.449s] step         step=173450 epoch=24 lr=0.00015238 g_loss=4.52052 d_loss=0.35704 cycle_loss=0.26191 identity_loss=0.1445 grad_norm=37.61213
[15428.334s] step         step=173500 epoch=24 lr=0.00015238 g_loss=3.61713 d_loss=0.15611 cycle_loss=0.19812 identity_loss=0.14823 grad_norm=23.90354
[15432.269s] step         step=173550 epoch=24 lr=0.00015238 g_loss=4.51974 d_loss=0.17193 cycle_loss=0.20533 identity_loss=0.31873 grad_norm=24.10263
[15436.169s] step         step=173600 epoch=24 lr=0.00015238 g_loss=3.78118 d_loss=0.19246 cycle_loss=0.15483 identity_loss=0.14278 grad_norm=19.91697
[15440.053s] step         step=173650 epoch=24 lr=0.00015238 g_loss=3.80625 d_loss=0.12155 cycle_loss=0.16356 identity_loss=0.14179 grad_norm=22.20348
[15443.959s] step         step=173700 epoch=24 lr=0.00015238 g_loss=2.85635 d_loss=0.23089 cycle_loss=0.15642 identity_loss=0.13548 grad_norm=14.11275
[15447.864s] step         step=173750 epoch=24 lr=0.00015238 g_loss=4.01171 d_loss=0.28435 cycle_loss=0.2265 identity_loss=0.15917 grad_norm=24.88379
[15451.760s] step         step=173800 epoch=24 lr=0.00015238 g_loss=3.37857 d_loss=0.26482 cycle_loss=0.17381 identity_loss=0.12279 grad_norm=21.60891
[15455.655s] step         step=173850 epoch=24 lr=0.00015238 g_loss=2.97709 d_loss=0.28444 cycle_loss=0.14169 identity_loss=0.13656 grad_norm=22.79828
[15459.552s] step         step=173900 epoch=24 lr=0.00015238 g_loss=3.08278 d_loss=0.18181 cycle_loss=0.12276 identity_loss=0.11196 grad_norm=22.99413
[15463.461s] step         step=173950 epoch=24 lr=0.00015238 g_loss=2.58105 d_loss=0.13108 cycle_loss=0.10989 identity_loss=0.08507 grad_norm=22.30152
[15467.344s] step         step=174000 epoch=24 lr=0.00015238 g_loss=3.49126 d_loss=0.18371 cycle_loss=0.1773 identity_loss=0.12446 grad_norm=20.98971
[15471.455s] step         step=174050 epoch=24 lr=0.00015238 g_loss=3.17601 d_loss=0.53904 cycle_loss=0.19217 identity_loss=0.15761 grad_norm=20.36729
[15475.337s] step         step=174100 epoch=24 lr=0.00015238 g_loss=3.43812 d_loss=0.28882 cycle_loss=0.16427 identity_loss=0.13505 grad_norm=19.16513
[15479.246s] step         step=174150 epoch=24 lr=0.00015238 g_loss=3.18819 d_loss=0.20093 cycle_loss=0.14706 identity_loss=0.12358 grad_norm=28.92131
[15483.158s] step         step=174200 epoch=24 lr=0.00015238 g_loss=3.0049 d_loss=0.26369 cycle_loss=0.1487 identity_loss=0.08217 grad_norm=35.15988
[15487.035s] step         step=174250 epoch=24 lr=0.00015238 g_loss=2.92948 d_loss=0.36653 cycle_loss=0.14805 identity_loss=0.10148 grad_norm=19.49326
[15490.941s] step         step=174300 epoch=24 lr=0.00015238 g_loss=2.58695 d_loss=0.28302 cycle_loss=0.12038 identity_loss=0.10131 grad_norm=12.33403
[15494.853s] step         step=174350 epoch=24 lr=0.00015238 g_loss=3.20484 d_loss=0.40888 cycle_loss=0.172 identity_loss=0.16851 grad_norm=21.03966
[15498.759s] step         step=174400 epoch=24 lr=0.00015238 g_loss=3.99901 d_loss=0.20341 cycle_loss=0.17947 identity_loss=0.15194 grad_norm=31.67283
[15502.658s] step         step=174450 epoch=24 lr=0.00015238 g_loss=3.42453 d_loss=0.25572 cycle_loss=0.16897 identity_loss=0.10636 grad_norm=19.56437
[15506.579s] step         step=174500 epoch=24 lr=0.00015238 g_loss=4.21871 d_loss=0.27418 cycle_loss=0.20596 identity_loss=0.16006 grad_norm=28.89346
[15510.532s] step         step=174550 epoch=24 lr=0.00015238 g_loss=4.67665 d_loss=0.16672 cycle_loss=0.25876 identity_loss=0.20693 grad_norm=20.50795
[15514.427s] step         step=174600 epoch=24 lr=0.00015238 g_loss=3.10578 d_loss=0.53121 cycle_loss=0.1753 identity_loss=0.13545 grad_norm=10.19954
[15518.336s] step         step=174650 epoch=24 lr=0.00015238 g_loss=3.67949 d_loss=0.21595 cycle_loss=0.17472 identity_loss=0.11576 grad_norm=51.73197
[15522.383s] step         step=174700 epoch=24 lr=0.00015238 g_loss=2.88855 d_loss=0.36573 cycle_loss=0.13004 identity_loss=0.13403 grad_norm=14.85041
[15526.363s] step         step=174750 epoch=24 lr=0.00015238 g_loss=2.48646 d_loss=0.36626 cycle_loss=0.12699 identity_loss=0.09423 grad_norm=19.06539
[15530.268s] step         step=174800 epoch=24 lr=0.00015238 g_loss=3.50262 d_loss=0.26634 cycle_loss=0.15315 identity_loss=0.11247 grad_norm=19.87502
[15534.168s] step         step=174850 epoch=24 lr=0.00015238 g_loss=3.5738 d_loss=0.26628 cycle_loss=0.17908 identity_loss=0.16689 grad_norm=17.05222
[15538.055s] step         step=174900 epoch=24 lr=0.00015238 g_loss=3.97558 d_loss=0.19157 cycle_loss=0.17187 identity_loss=0.15578 grad_norm=24.57751
[15542.309s] step         step=174950 epoch=24 lr=0.00015238 g_loss=3.5379 d_loss=0.26895 cycle_loss=0.17883 identity_loss=0.18432 grad_norm=34.48486
[15546.215s] step         step=175000 epoch=24 lr=0.00015238 g_loss=3.07811 d_loss=0.22302 cycle_loss=0.13952 identity_loss=0.11323 grad_norm=14.79859
[15550.178s] step         step=175050 epoch=24 lr=0.00015238 g_loss=2.96112 d_loss=0.41794 cycle_loss=0.13334 identity_loss=0.12432 grad_norm=18.06099
[15554.081s] step         step=175100 epoch=24 lr=0.00015238 g_loss=3.33839 d_loss=0.4391 cycle_loss=0.14735 identity_loss=0.11251 grad_norm=26.66952
[15557.968s] step         step=175150 epoch=24 lr=0.00015238 g_loss=3.52127 d_loss=0.28169 cycle_loss=0.19538 identity_loss=0.18987 grad_norm=20.89993
[15561.880s] step         step=175200 epoch=24 lr=0.00015238 g_loss=2.84177 d_loss=0.20343 cycle_loss=0.14675 identity_loss=0.089 grad_norm=13.02335
[15565.764s] step         step=175250 epoch=24 lr=0.00015238 g_loss=3.31934 d_loss=0.24751 cycle_loss=0.15626 identity_loss=0.12056 grad_norm=18.43069
[15569.664s] step         step=175300 epoch=24 lr=0.00015238 g_loss=2.79295 d_loss=0.29144 cycle_loss=0.15688 identity_loss=0.11116 grad_norm=17.60843
[15573.546s] step         step=175350 epoch=24 lr=0.00015238 g_loss=3.50215 d_loss=0.23171 cycle_loss=0.1947 identity_loss=0.17008 grad_norm=65.50821
[15577.435s] step         step=175400 epoch=24 lr=0.00015238 g_loss=3.75275 d_loss=0.40639 cycle_loss=0.21106 identity_loss=0.16261 grad_norm=21.14618
[15581.437s] step         step=175450 epoch=24 lr=0.00015238 g_loss=2.86169 d_loss=0.22045 cycle_loss=0.13914 identity_loss=0.10711 grad_norm=14.4861
[15585.332s] step         step=175500 epoch=24 lr=0.00015238 g_loss=3.36342 d_loss=0.31242 cycle_loss=0.14678 identity_loss=0.1344 grad_norm=23.52507
[15589.287s] step         step=175550 epoch=24 lr=0.00015238 g_loss=3.49593 d_loss=0.39733 cycle_loss=0.20629 identity_loss=0.17074 grad_norm=30.62054
[15593.226s] step         step=175600 epoch=24 lr=0.00015238 g_loss=2.78284 d_loss=0.3391 cycle_loss=0.14029 identity_loss=0.13892 grad_norm=11.71973
[15597.124s] step         step=175650 epoch=24 lr=0.00015238 g_loss=3.23345 d_loss=0.49076 cycle_loss=0.17077 identity_loss=0.13028 grad_norm=23.39912
[15601.022s] step         step=175700 epoch=24 lr=0.00015238 g_loss=7.71075 d_loss=0.28261 cycle_loss=0.44081 identity_loss=0.38575 grad_norm=46.3147
[15604.912s] step         step=175750 epoch=24 lr=0.00015238 g_loss=3.41151 d_loss=0.27003 cycle_loss=0.1179 identity_loss=0.12596 grad_norm=22.48051
[15608.807s] step         step=175800 epoch=24 lr=0.00015238 g_loss=3.26094 d_loss=0.13956 cycle_loss=0.14395 identity_loss=0.11695 grad_norm=18.18296
[15612.700s] step         step=175850 epoch=24 lr=0.00015238 g_loss=2.70192 d_loss=0.20759 cycle_loss=0.12684 identity_loss=0.10696 grad_norm=18.90165
[15616.602s] step         step=175900 epoch=24 lr=0.00015238 g_loss=3.61178 d_loss=0.25895 cycle_loss=0.14434 identity_loss=0.13514 grad_norm=22.13797
[15620.518s] step         step=175950 epoch=24 lr=0.00015238 g_loss=3.40484 d_loss=0.15992 cycle_loss=0.16577 identity_loss=0.13705 grad_norm=15.65466
[15620.518s] epoch        epoch=24 step=175950 seconds=15606.5
[15621.118s] checkpoint   epoch=25 step=175950
[15625.291s] step         step=176000 epoch=25 lr=0.00014286 g_loss=3.97438 d_loss=0.20376 cycle_loss=0.20121 identity_loss=0.15223 grad_norm=19.44293
[15629.321s] step         step=176050 epoch=25 lr=0.00014286 g_loss=3.34861 d_loss=0.40432 cycle_loss=0.15378 identity_loss=0.14857 grad_norm=21.03318
[15633.296s] step         step=176100 epoch=25 lr=0.00014286 g_loss=2.69048 d_loss=0.27842 cycle_loss=0.14888 identity_loss=0.117 grad_norm=11.91227
[15637.256s] step         step=176150 epoch=25 lr=0.00014286 g_loss=3.58428 d_loss=0.1432 cycle_loss=0.21909 identity_loss=0.16114 grad_norm=19.57684
[15641.207s] step         step=176200 epoch=25 lr=0.00014286 g_loss=3.37141 d_loss=0.2139 cycle_loss=0.18909 identity_loss=0.13418 grad_norm=14.46252
[15645.112s] step         step=176250 epoch=25 lr=0.00014286 g_loss=3.67408 d_loss=0.3171 cycle_loss=0.17234 identity_loss=0.1594 grad_norm=28.29965
[15648.987s] step         step=176300 epoch=25 lr=0.00014286 g_loss=4.25032 d_loss=0.24204 cycle_loss=0.19159 identity_loss=0.17176 grad_norm=27.06803
[15653.045s] step         step=176350 epoch=25 lr=0.00014286 g_loss=3.09529 d_loss=0.14151 cycle_loss=0.17495 identity_loss=0.10519 grad_norm=21.09267
[15656.947s] step         step=176400 epoch=25 lr=0.00014286 g_loss=3.51522 d_loss=0.26396 cycle_loss=0.17002 identity_loss=0.1417 grad_norm=29.1259
[15660.850s] step         step=176450 epoch=25 lr=0.00014286 g_loss=2.80023 d_loss=0.25361 cycle_loss=0.13656 identity_loss=0.09815 grad_norm=30.43549
[15664.748s] step         step=176500 epoch=25 lr=0.00014286 g_loss=3.22599 d_loss=0.18425 cycle_loss=0.12587 identity_loss=0.08827 grad_norm=20.19191
[15668.697s] step         step=176550 epoch=25 lr=0.00014286 g_loss=2.90003 d_loss=0.31071 cycle_loss=0.14353 identity_loss=0.12822 grad_norm=19.05008
[15672.596s] step         step=176600 epoch=25 lr=0.00014286 g_loss=3.50211 d_loss=0.21478 cycle_loss=0.14417 identity_loss=0.12551 grad_norm=21.61467
[15676.548s] step         step=176650 epoch=25 lr=0.00014286 g_loss=3.8431 d_loss=0.17526 cycle_loss=0.15379 identity_loss=0.1505 grad_norm=21.37628
[15680.414s] step         step=176700 epoch=25 lr=0.00014286 g_loss=3.55409 d_loss=0.24226 cycle_loss=0.14746 identity_loss=0.10803 grad_norm=11.25933
[15684.312s] step         step=176750 epoch=25 lr=0.00014286 g_loss=2.41649 d_loss=0.21335 cycle_loss=0.13511 identity_loss=0.08455 grad_norm=23.69316
[15688.197s] step         step=176800 epoch=25 lr=0.00014286 g_loss=2.95379 d_loss=0.32219 cycle_loss=0.1279 identity_loss=0.14551 grad_norm=23.91518
[15692.117s] step         step=176850 epoch=25 lr=0.00014286 g_loss=4.88082 d_loss=0.39706 cycle_loss=0.20845 identity_loss=0.16672 grad_norm=70.25338
[15696.002s] step         step=176900 epoch=25 lr=0.00014286 g_loss=3.1126 d_loss=0.32 cycle_loss=0.18351 identity_loss=0.13342 grad_norm=25.70929
[15699.901s] step         step=176950 epoch=25 lr=0.00014286 g_loss=2.77445 d_loss=0.18874 cycle_loss=0.12981 identity_loss=0.10218 grad_norm=14.63642
[15703.840s] step         step=177000 epoch=25 lr=0.00014286 g_loss=4.35743 d_loss=0.2605 cycle_loss=0.13224 identity_loss=0.14274 grad_norm=22.17898
[15707.806s] step         step=177050 epoch=25 lr=0.00014286 g_loss=2.69264 d_loss=0.33447 cycle_loss=0.14121 identity_loss=0.14659 grad_norm=20.32167
[15711.714s] step         step=177100 epoch=25 lr=0.00014286 g_loss=3.26461 d_loss=0.33424 cycle_loss=0.20053 identity_loss=0.12212 grad_norm=19.19276
[15715.631s] step         step=177150 epoch=25 lr=0.00014286 g_loss=3.62591 d_loss=0.20154 cycle_loss=0.17053 identity_loss=0.16167 grad_norm=26.62643
[15719.541s] step         step=177200 epoch=25 lr=0.00014286 g_loss=3.7736 d_loss=0.50599 cycle_loss=0.17207 identity_loss=0.1181 grad_norm=15.9576
[15723.423s] step         step=177250 epoch=25 lr=0.00014286 g_loss=2.64935 d_loss=0.32661 cycle_loss=0.14123 identity_loss=0.10345 grad_norm=18.43853
[15727.340s] step         step=177300 epoch=25 lr=0.00014286 g_loss=3.26995 d_loss=0.42271 cycle_loss=0.16533 identity_loss=0.13507 grad_norm=13.45655
[15731.251s] step         step=177350 epoch=25 lr=0.00014286 g_loss=2.34781 d_loss=0.28762 cycle_loss=0.11764 identity_loss=0.0826 grad_norm=16.74248
[15735.144s] step         step=177400 epoch=25 lr=0.00014286 g_loss=3.73522 d_loss=0.20825 cycle_loss=0.17244 identity_loss=0.13577 grad_norm=24.64396
[15739.041s] step         step=177450 epoch=25 lr=0.00014286 g_loss=2.4194 d_loss=0.20699 cycle_loss=0.14402 identity_loss=0.08013 grad_norm=18.99726
[15742.933s] step         step=177500 epoch=25 lr=0.00014286 g_loss=2.6453 d_loss=0.308 cycle_loss=0.14006 identity_loss=0.09667 grad_norm=12.60762
[15746.895s] step         step=177550 epoch=25 lr=0.00014286 g_loss=2.8667 d_loss=0.15593 cycle_loss=0.11418 identity_loss=0.09158 grad_norm=17.42895
[15750.840s] step         step=177600 epoch=25 lr=0.00014286 g_loss=3.75705 d_loss=0.22297 cycle_loss=0.18593 identity_loss=0.14899 grad_norm=27.316
[15754.735s] step         step=177650 epoch=25 lr=0.00014286 g_loss=2.83959 d_loss=0.34903 cycle_loss=0.15627 identity_loss=0.13586 grad_norm=25.26151
[15758.635s] step         step=177700 epoch=25 lr=0.00014286 g_loss=4.00477 d_loss=0.25939 cycle_loss=0.19973 identity_loss=0.17882 grad_norm=38.28937
[15762.525s] step         step=177750 epoch=25 lr=0.00014286 g_loss=3.66185 d_loss=0.18435 cycle_loss=0.19089 identity_loss=0.14436 grad_norm=20.05642
[15766.425s] step         step=177800 epoch=25 lr=0.00014286 g_loss=3.83032 d_loss=0.20953 cycle_loss=0.17353 identity_loss=0.20034 grad_norm=29.95915
[15770.345s] step         step=177850 epoch=25 lr=0.00014286 g_loss=3.11985 d_loss=0.18249 cycle_loss=0.12905 identity_loss=0.09081 grad_norm=21.3185
[15774.361s] step         step=177900 epoch=25 lr=0.00014286 g_loss=3.05065 d_loss=0.22953 cycle_loss=0.14903 identity_loss=0.10618 grad_norm=21.53705
[15778.244s] step         step=177950 epoch=25 lr=0.00014286 g_loss=4.52107 d_loss=0.14257 cycle_loss=0.22031 identity_loss=0.11574 grad_norm=23.30787
[15782.158s] step         step=178000 epoch=25 lr=0.00014286 g_loss=2.65355 d_loss=0.36972 cycle_loss=0.14412 identity_loss=0.1014 grad_norm=18.35328
[15786.120s] step         step=178050 epoch=25 lr=0.00014286 g_loss=2.98221 d_loss=0.29463 cycle_loss=0.15206 identity_loss=0.13103 grad_norm=20.20356
[15790.016s] step         step=178100 epoch=25 lr=0.00014286 g_loss=3.71968 d_loss=0.26501 cycle_loss=0.15844 identity_loss=0.12569 grad_norm=18.72796
[15793.927s] step         step=178150 epoch=25 lr=0.00014286 g_loss=3.16048 d_loss=0.28621 cycle_loss=0.15481 identity_loss=0.16983 grad_norm=18.58932
[15797.861s] step         step=178200 epoch=25 lr=0.00014286 g_loss=3.87896 d_loss=0.1768 cycle_loss=0.18598 identity_loss=0.1035 grad_norm=21.21459
[15801.744s] step         step=178250 epoch=25 lr=0.00014286 g_loss=2.96081 d_loss=0.59479 cycle_loss=0.17145 identity_loss=0.14869 grad_norm=15.24664
[15805.705s] step         step=178300 epoch=25 lr=0.00014286 g_loss=2.84441 d_loss=0.58093 cycle_loss=0.14925 identity_loss=0.13131 grad_norm=11.65621
[15809.605s] step         step=178350 epoch=25 lr=0.00014286 g_loss=4.07317 d_loss=0.51487 cycle_loss=0.22053 identity_loss=0.17376 grad_norm=26.40252
[15813.509s] step         step=178400 epoch=25 lr=0.00014286 g_loss=3.84496 d_loss=0.26395 cycle_loss=0.21355 identity_loss=0.18001 grad_norm=20.45041
[15817.393s] step         step=178450 epoch=25 lr=0.00014286 g_loss=3.87198 d_loss=0.29751 cycle_loss=0.21278 identity_loss=0.1758 grad_norm=11.42915
[15821.631s] step         step=178500 epoch=25 lr=0.00014286 g_loss=3.97377 d_loss=0.39997 cycle_loss=0.23189 identity_loss=0.20848 grad_norm=25.9398
[15825.671s] step         step=178550 epoch=25 lr=0.00014286 g_loss=3.09242 d_loss=0.11853 cycle_loss=0.15531 identity_loss=0.11911 grad_norm=14.43225
[15829.561s] step         step=178600 epoch=25 lr=0.00014286 g_loss=3.53855 d_loss=0.35978 cycle_loss=0.19224 identity_loss=0.1316 grad_norm=27.09179
[15833.482s] step         step=178650 epoch=25 lr=0.00014286 g_loss=2.68159 d_loss=0.27918 cycle_loss=0.13776 identity_loss=0.09972 grad_norm=10.7845
[15837.391s] step         step=178700 epoch=25 lr=0.00014286 g_loss=3.64764 d_loss=0.18112 cycle_loss=0.16769 identity_loss=0.13032 grad_norm=18.39973
[15841.302s] step         step=178750 epoch=25 lr=0.00014286 g_loss=4.26283 d_loss=0.38341 cycle_loss=0.2299 identity_loss=0.1661 grad_norm=34.43961
[15845.180s] step         step=178800 epoch=25 lr=0.00014286 g_loss=3.03479 d_loss=0.13625 cycle_loss=0.13116 identity_loss=0.09825 grad_norm=16.79758
[15849.088s] step         step=178850 epoch=25 lr=0.00014286 g_loss=3.29527 d_loss=0.27523 cycle_loss=0.1947 identity_loss=0.10508 grad_norm=32.90355
[15852.982s] step         step=178900 epoch=25 lr=0.00014286 g_loss=3.563 d_loss=0.24467 cycle_loss=0.16749 identity_loss=0.14735 grad_norm=16.16516
[15856.889s] step         step=178950 epoch=25 lr=0.00014286 g_loss=3.30964 d_loss=0.08354 cycle_loss=0.15435 identity_loss=0.10027 grad_norm=28.71511
[15860.806s] step         step=179000 epoch=25 lr=0.00014286 g_loss=2.97487 d_loss=0.36089 cycle_loss=0.15877 identity_loss=0.15361 grad_norm=24.0222
[15864.763s] step         step=179050 epoch=25 lr=0.00014286 g_loss=4.17668 d_loss=0.16491 cycle_loss=0.2313 identity_loss=0.17693 grad_norm=24.96583
[15868.664s] step         step=179100 epoch=25 lr=0.00014286 g_loss=4.67542 d_loss=0.15747 cycle_loss=0.2222 identity_loss=0.1645 grad_norm=16.30456
[15872.566s] step         step=179150 epoch=25 lr=0.00014286 g_loss=3.00534 d_loss=0.21693 cycle_loss=0.14026 identity_loss=0.10272 grad_norm=24.86124
[15876.467s] step         step=179200 epoch=25 lr=0.00014286 g_loss=2.97009 d_loss=0.23118 cycle_loss=0.15146 identity_loss=0.09821 grad_norm=13.96509
[15880.379s] step         step=179250 epoch=25 lr=0.00014286 g_loss=3.71507 d_loss=0.29939 cycle_loss=0.20924 identity_loss=0.16789 grad_norm=26.44141
[15884.285s] step         step=179300 epoch=25 lr=0.00014286 g_loss=3.87026 d_loss=0.28938 cycle_loss=0.26317 identity_loss=0.16458 grad_norm=30.21506
[15888.234s] step         step=179350 epoch=25 lr=0.00014286 g_loss=5.86708 d_loss=0.15628 cycle_loss=0.31679 identity_loss=0.35468 grad_norm=23.25799
[15892.212s] step         step=179400 epoch=25 lr=0.00014286 g_loss=4.48185 d_loss=0.22661 cycle_loss=0.19155 identity_loss=0.16478 grad_norm=30.13815
[15896.110s] step         step=179450 epoch=25 lr=0.00014286 g_loss=2.9565 d_loss=0.26905 cycle_loss=0.14095 identity_loss=0.1074 grad_norm=12.82274
[15900.030s] step         step=179500 epoch=25 lr=0.00014286 g_loss=3.13315 d_loss=0.11714 cycle_loss=0.13623 identity_loss=0.08893 grad_norm=18.38513
[15903.989s] step         step=179550 epoch=25 lr=0.00014286 g_loss=3.36908 d_loss=0.33559 cycle_loss=0.17322 identity_loss=0.12734 grad_norm=13.35834
[15907.918s] step         step=179600 epoch=25 lr=0.00014286 g_loss=2.97301 d_loss=0.55818 cycle_loss=0.13724 identity_loss=0.13158 grad_norm=17.29507
[15911.860s] step         step=179650 epoch=25 lr=0.00014286 g_loss=3.31511 d_loss=0.22245 cycle_loss=0.13287 identity_loss=0.13838 grad_norm=28.79679
[15915.746s] step         step=179700 epoch=25 lr=0.00014286 g_loss=3.41694 d_loss=0.32823 cycle_loss=0.14976 identity_loss=0.11805 grad_norm=17.47269
[15919.675s] step         step=179750 epoch=25 lr=0.00014286 g_loss=4.09103 d_loss=0.17272 cycle_loss=0.19601 identity_loss=0.17327 grad_norm=20.08759
[15923.861s] step         step=179800 epoch=25 lr=0.00014286 g_loss=3.10436 d_loss=0.25726 cycle_loss=0.16426 identity_loss=0.14421 grad_norm=23.91497
[15927.780s] step         step=179850 epoch=25 lr=0.00014286 g_loss=3.26765 d_loss=0.17934 cycle_loss=0.13903 identity_loss=0.09716 grad_norm=20.50738
[15931.713s] step         step=179900 epoch=25 lr=0.00014286 g_loss=4.07438 d_loss=0.19321 cycle_loss=0.23258 identity_loss=0.15778 grad_norm=32.46571
[15935.623s] step         step=179950 epoch=25 lr=0.00014286 g_loss=3.42064 d_loss=0.23371 cycle_loss=0.19913 identity_loss=0.18817 grad_norm=20.67363
[15939.523s] step         step=180000 epoch=25 lr=0.00014286 g_loss=3.23416 d_loss=0.32467 cycle_loss=0.1891 identity_loss=0.14898 grad_norm=18.15146
[15943.551s] step         step=180050 epoch=25 lr=0.00014286 g_loss=4.42817 d_loss=0.13371 cycle_loss=0.20915 identity_loss=0.13362 grad_norm=29.2894
[15947.465s] step         step=180100 epoch=25 lr=0.00014286 g_loss=3.53542 d_loss=0.08675 cycle_loss=0.11701 identity_loss=0.09203 grad_norm=21.62291
[15951.471s] step         step=180150 epoch=25 lr=0.00014286 g_loss=2.8008 d_loss=0.45911 cycle_loss=0.15242 identity_loss=0.09507 grad_norm=19.75665
[15955.460s] step         step=180200 epoch=25 lr=0.00014286 g_loss=2.79029 d_loss=0.20734 cycle_loss=0.10098 identity_loss=0.10374 grad_norm=13.8432
[15959.448s] step         step=180250 epoch=25 lr=0.00014286 g_loss=3.4174 d_loss=0.25432 cycle_loss=0.17725 identity_loss=0.17777 grad_norm=12.58529
[15963.444s] step         step=180300 epoch=25 lr=0.00014286 g_loss=3.1048 d_loss=0.22814 cycle_loss=0.18747 identity_loss=0.10994 grad_norm=30.20871
[15967.342s] step         step=180350 epoch=25 lr=0.00014286 g_loss=2.72702 d_loss=0.26763 cycle_loss=0.12349 identity_loss=0.09637 grad_norm=14.70033
[15971.257s] step         step=180400 epoch=25 lr=0.00014286 g_loss=3.35059 d_loss=0.22938 cycle_loss=0.15884 identity_loss=0.13393 grad_norm=15.05111
[15975.170s] step         step=180450 epoch=25 lr=0.00014286 g_loss=3.36923 d_loss=0.22054 cycle_loss=0.16902 identity_loss=0.12831 grad_norm=11.30901
[15979.192s] step         step=180500 epoch=25 lr=0.00014286 g_loss=3.42688 d_loss=0.25634 cycle_loss=0.14201 identity_loss=0.11466 grad_norm=13.08391
[15983.268s] step         step=180550 epoch=25 lr=0.00014286 g_loss=3.50827 d_loss=0.50446 cycle_loss=0.20188 identity_loss=0.20804 grad_norm=16.19345
[15987.171s] step         step=180600 epoch=25 lr=0.00014286 g_loss=2.5064 d_loss=0.37893 cycle_loss=0.1442 identity_loss=0.1079 grad_norm=17.25463
[15991.105s] step         step=180650 epoch=25 lr=0.00014286 g_loss=3.4328 d_loss=0.40823 cycle_loss=0.16238 identity_loss=0.13882 grad_norm=17.32926
[15994.995s] step         step=180700 epoch=25 lr=0.00014286 g_loss=2.43738 d_loss=0.31488 cycle_loss=0.11342 identity_loss=0.08401 grad_norm=16.21759
[15998.887s] step         step=180750 epoch=25 lr=0.00014286 g_loss=3.32177 d_loss=0.41169 cycle_loss=0.17454 identity_loss=0.10854 grad_norm=23.88499
[16002.816s] step         step=180800 epoch=25 lr=0.00014286 g_loss=4.29476 d_loss=0.30299 cycle_loss=0.2022 identity_loss=0.16999 grad_norm=54.64802
[16006.927s] step         step=180850 epoch=25 lr=0.00014286 g_loss=3.19845 d_loss=0.33009 cycle_loss=0.12581 identity_loss=0.11002 grad_norm=18.02065
[16011.249s] step         step=180900 epoch=25 lr=0.00014286 g_loss=2.98592 d_loss=0.55758 cycle_loss=0.16755 identity_loss=0.14542 grad_norm=21.29509
[16015.594s] step         step=180950 epoch=25 lr=0.00014286 g_loss=4.18951 d_loss=0.20166 cycle_loss=0.19279 identity_loss=0.19294 grad_norm=25.02686
[16020.051s] step         step=181000 epoch=25 lr=0.00014286 g_loss=3.16073 d_loss=0.12232 cycle_loss=0.15048 identity_loss=0.11551 grad_norm=16.27854
[16024.147s] step         step=181050 epoch=25 lr=0.00014286 g_loss=3.05117 d_loss=0.27025 cycle_loss=0.13826 identity_loss=0.10362 grad_norm=9.96856
[16028.056s] step         step=181100 epoch=25 lr=0.00014286 g_loss=3.46154 d_loss=0.42323 cycle_loss=0.20782 identity_loss=0.12927 grad_norm=23.24082
[16031.965s] step         step=181150 epoch=25 lr=0.00014286 g_loss=2.46837 d_loss=0.33946 cycle_loss=0.11563 identity_loss=0.08718 grad_norm=17.91563
[16035.868s] step         step=181200 epoch=25 lr=0.00014286 g_loss=3.4097 d_loss=0.27821 cycle_loss=0.14331 identity_loss=0.12036 grad_norm=22.25916
[16039.756s] step         step=181250 epoch=25 lr=0.00014286 g_loss=4.10967 d_loss=0.25527 cycle_loss=0.16944 identity_loss=0.13762 grad_norm=17.08327
[16043.635s] step         step=181300 epoch=25 lr=0.00014286 g_loss=4.22798 d_loss=0.75429 cycle_loss=0.20883 identity_loss=0.21436 grad_norm=24.86847
[16047.520s] step         step=181350 epoch=25 lr=0.00014286 g_loss=2.60922 d_loss=0.31745 cycle_loss=0.13595 identity_loss=0.11117 grad_norm=11.70388
[16051.407s] step         step=181400 epoch=25 lr=0.00014286 g_loss=4.01719 d_loss=0.29584 cycle_loss=0.16416 identity_loss=0.14051 grad_norm=17.12825
[16055.349s] step         step=181450 epoch=25 lr=0.00014286 g_loss=2.74953 d_loss=0.27853 cycle_loss=0.13428 identity_loss=0.09763 grad_norm=27.76522
[16059.245s] step         step=181500 epoch=25 lr=0.00014286 g_loss=3.20985 d_loss=0.24965 cycle_loss=0.16572 identity_loss=0.12952 grad_norm=15.3459
[16063.216s] step         step=181550 epoch=25 lr=0.00014286 g_loss=3.55114 d_loss=0.28223 cycle_loss=0.1721 identity_loss=0.13416 grad_norm=14.68153
[16067.127s] step         step=181600 epoch=25 lr=0.00014286 g_loss=3.36626 d_loss=0.2263 cycle_loss=0.12874 identity_loss=0.08922 grad_norm=16.74801
[16071.291s] step         step=181650 epoch=25 lr=0.00014286 g_loss=3.48417 d_loss=0.16055 cycle_loss=0.16281 identity_loss=0.12918 grad_norm=31.46224
[16075.204s] step         step=181700 epoch=25 lr=0.00014286 g_loss=3.32401 d_loss=0.27058 cycle_loss=0.15816 identity_loss=0.14709 grad_norm=35.22462
[16079.110s] step         step=181750 epoch=25 lr=0.00014286 g_loss=3.27042 d_loss=0.2025 cycle_loss=0.1607 identity_loss=0.15087 grad_norm=17.41987
[16083.040s] step         step=181800 epoch=25 lr=0.00014286 g_loss=2.38543 d_loss=0.23464 cycle_loss=0.1165 identity_loss=0.08934 grad_norm=17.88746
[16086.953s] step         step=181850 epoch=25 lr=0.00014286 g_loss=4.33195 d_loss=0.34125 cycle_loss=0.25321 identity_loss=0.23842 grad_norm=19.90644
[16091.067s] step         step=181900 epoch=25 lr=0.00014286 g_loss=4.55617 d_loss=0.3026 cycle_loss=0.1788 identity_loss=0.19111 grad_norm=17.0084
[16095.032s] step         step=181950 epoch=25 lr=0.00014286 g_loss=3.47102 d_loss=0.18083 cycle_loss=0.13677 identity_loss=0.13733 grad_norm=13.85571
[16099.224s] step         step=182000 epoch=25 lr=0.00014286 g_loss=3.09133 d_loss=0.31435 cycle_loss=0.14494 identity_loss=0.10396 grad_norm=20.1328
[16103.196s] step         step=182050 epoch=25 lr=0.00014286 g_loss=3.23179 d_loss=0.42394 cycle_loss=0.15828 identity_loss=0.12283 grad_norm=13.92835
[16107.235s] step         step=182100 epoch=25 lr=0.00014286 g_loss=3.72037 d_loss=0.2245 cycle_loss=0.19949 identity_loss=0.13117 grad_norm=29.78204
[16111.143s] step         step=182150 epoch=25 lr=0.00014286 g_loss=2.99757 d_loss=0.38674 cycle_loss=0.16396 identity_loss=0.11134 grad_norm=24.2246
[16115.254s] step         step=182200 epoch=25 lr=0.00014286 g_loss=2.754 d_loss=0.44253 cycle_loss=0.12319 identity_loss=0.13584 grad_norm=15.42849
[16119.185s] step         step=182250 epoch=25 lr=0.00014286 g_loss=2.86878 d_loss=0.38123 cycle_loss=0.16809 identity_loss=0.12559 grad_norm=16.53805
[16123.071s] step         step=182300 epoch=25 lr=0.00014286 g_loss=4.76652 d_loss=0.25375 cycle_loss=0.26438 identity_loss=0.18498 grad_norm=28.1659
[16127.214s] step         step=182350 epoch=25 lr=0.00014286 g_loss=3.50617 d_loss=0.29384 cycle_loss=0.1942 identity_loss=0.12297 grad_norm=28.35927
[16131.228s] step         step=182400 epoch=25 lr=0.00014286 g_loss=3.28269 d_loss=0.17884 cycle_loss=0.14086 identity_loss=0.1085 grad_norm=14.38604
[16135.331s] step         step=182450 epoch=25 lr=0.00014286 g_loss=2.75449 d_loss=0.11283 cycle_loss=0.12948 identity_loss=0.09856 grad_norm=19.92976
[16139.249s] step         step=182500 epoch=25 lr=0.00014286 g_loss=3.62343 d_loss=0.3297 cycle_loss=0.13804 identity_loss=0.099 grad_norm=30.72429
[16143.271s] step         step=182550 epoch=25 lr=0.00014286 g_loss=3.2505 d_loss=0.14313 cycle_loss=0.15188 identity_loss=0.11228 grad_norm=13.80436
[16147.154s] step         step=182600 epoch=25 lr=0.00014286 g_loss=3.21904 d_loss=0.31369 cycle_loss=0.14451 identity_loss=0.11542 grad_norm=18.70883
[16151.062s] step         step=182650 epoch=25 lr=0.00014286 g_loss=3.41251 d_loss=0.26377 cycle_loss=0.19838 identity_loss=0.14638 grad_norm=29.14739
[16154.969s] step         step=182700 epoch=25 lr=0.00014286 g_loss=2.98182 d_loss=0.25043 cycle_loss=0.14508 identity_loss=0.10965 grad_norm=22.9553
[16159.062s] step         step=182750 epoch=25 lr=0.00014286 g_loss=4.02851 d_loss=0.21578 cycle_loss=0.19033 identity_loss=0.1368 grad_norm=23.65574
[16163.183s] step         step=182800 epoch=25 lr=0.00014286 g_loss=2.18515 d_loss=0.58567 cycle_loss=0.11201 identity_loss=0.14103 grad_norm=18.86345
[16167.068s] step         step=182850 epoch=25 lr=0.00014286 g_loss=2.27293 d_loss=0.47604 cycle_loss=0.12405 identity_loss=0.10163 grad_norm=10.87811
[16170.979s] step         step=182900 epoch=25 lr=0.00014286 g_loss=2.84588 d_loss=0.36295 cycle_loss=0.14476 identity_loss=0.13969 grad_norm=17.99141
[16174.881s] step         step=182950 epoch=25 lr=0.00014286 g_loss=2.61101 d_loss=0.32787 cycle_loss=0.13452 identity_loss=0.09801 grad_norm=13.34292
[16177.819s] epoch        epoch=25 step=182988 seconds=16163.8
[16178.124s] checkpoint   epoch=26 step=182988
[16179.085s] step         step=183000 epoch=26 lr=0.00013333 g_loss=4.80887 d_loss=0.15271 cycle_loss=0.253 identity_loss=0.16682 grad_norm=28.0876
[16183.053s] step         step=183050 epoch=26 lr=0.00013333 g_loss=3.1129 d_loss=0.27585 cycle_loss=0.1679 identity_loss=0.09497 grad_norm=27.44877
[16186.973s] step         step=183100 epoch=26 lr=0.00013333 g_loss=2.67833 d_loss=0.19257 cycle_loss=0.1322 identity_loss=0.09106 grad_norm=14.14164
[16190.885s] step         step=183150 epoch=26 lr=0.00013333 g_loss=2.68155 d_loss=0.33476 cycle_loss=0.12804 identity_loss=0.09658 grad_norm=15.7616
[16194.876s] step         step=183200 epoch=26 lr=0.00013333 g_loss=2.0264 d_loss=0.39444 cycle_loss=0.10396 identity_loss=0.08781 grad_norm=16.68176
[16198.773s] step         step=183250 epoch=26 lr=0.00013333 g_loss=2.86843 d_loss=0.35918 cycle_loss=0.15971 identity_loss=0.16043 grad_norm=17.07592
[16202.689s] step         step=183300 epoch=26 lr=0.00013333 g_loss=4.41625 d_loss=0.3017 cycle_loss=0.19002 identity_loss=0.12878 grad_norm=23.75249
[16206.590s] step         step=183350 epoch=26 lr=0.00013333 g_loss=3.93897 d_loss=0.45226 cycle_loss=0.19489 identity_loss=0.19161 grad_norm=19.88705
[16210.494s] step         step=183400 epoch=26 lr=0.00013333 g_loss=2.38843 d_loss=0.37361 cycle_loss=0.11641 identity_loss=0.08835 grad_norm=14.47306
[16214.414s] step         step=183450 epoch=26 lr=0.00013333 g_loss=2.54926 d_loss=0.17606 cycle_loss=0.12497 identity_loss=0.10346 grad_norm=13.20719
[16218.302s] step         step=183500 epoch=26 lr=0.00013333 g_loss=3.72613 d_loss=0.24542 cycle_loss=0.20911 identity_loss=0.15228 grad_norm=27.64887
[16222.279s] step         step=183550 epoch=26 lr=0.00013333 g_loss=3.33506 d_loss=0.2109 cycle_loss=0.15673 identity_loss=0.15834 grad_norm=16.3495
[16226.173s] step         step=183600 epoch=26 lr=0.00013333 g_loss=2.69768 d_loss=0.32468 cycle_loss=0.14679 identity_loss=0.1236 grad_norm=15.46338
[16230.086s] step         step=183650 epoch=26 lr=0.00013333 g_loss=4.59267 d_loss=0.27376 cycle_loss=0.20477 identity_loss=0.15011 grad_norm=26.6799
[16233.989s] step         step=183700 epoch=26 lr=0.00013333 g_loss=4.04808 d_loss=0.12289 cycle_loss=0.20119 identity_loss=0.1678 grad_norm=20.11623
[16237.882s] step         step=183750 epoch=26 lr=0.00013333 g_loss=2.81459 d_loss=0.30735 cycle_loss=0.14747 identity_loss=0.13595 grad_norm=21.31349
[16241.769s] step         step=183800 epoch=26 lr=0.00013333 g_loss=2.7737 d_loss=0.25804 cycle_loss=0.14682 identity_loss=0.12551 grad_norm=14.27747
[16245.657s] step         step=183850 epoch=26 lr=0.00013333 g_loss=3.41458 d_loss=0.50377 cycle_loss=0.22507 identity_loss=0.10711 grad_norm=31.4367
[16249.594s] step         step=183900 epoch=26 lr=0.00013333 g_loss=3.07974 d_loss=0.32729 cycle_loss=0.15246 identity_loss=0.09628 grad_norm=17.41131
[16253.522s] step         step=183950 epoch=26 lr=0.00013333 g_loss=4.10953 d_loss=0.17451 cycle_loss=0.19836 identity_loss=0.15234 grad_norm=32.85037
[16257.422s] step         step=184000 epoch=26 lr=0.00013333 g_loss=3.1541 d_loss=0.23537 cycle_loss=0.17039 identity_loss=0.1471 grad_norm=20.05253
[16261.422s] step         step=184050 epoch=26 lr=0.00013333 g_loss=3.17383 d_loss=0.23714 cycle_loss=0.14831 identity_loss=0.12104 grad_norm=15.35196
[16265.624s] step         step=184100 epoch=26 lr=0.00013333 g_loss=3.69088 d_loss=0.26682 cycle_loss=0.24718 identity_loss=0.15658 grad_norm=27.96205
[16269.775s] step         step=184150 epoch=26 lr=0.00013333 g_loss=3.31022 d_loss=0.11967 cycle_loss=0.19003 identity_loss=0.13168 grad_norm=11.49962
[16274.039s] step         step=184200 epoch=26 lr=0.00013333 g_loss=2.41108 d_loss=0.3193 cycle_loss=0.09874 identity_loss=0.07715 grad_norm=13.95394
[16278.372s] step         step=184250 epoch=26 lr=0.00013333 g_loss=3.44699 d_loss=0.23757 cycle_loss=0.14269 identity_loss=0.16208 grad_norm=15.67238
[16282.626s] step         step=184300 epoch=26 lr=0.00013333 g_loss=2.80435 d_loss=0.27327 cycle_loss=0.13353 identity_loss=0.10831 grad_norm=15.70965
[16287.379s] step         step=184350 epoch=26 lr=0.00013333 g_loss=2.73811 d_loss=0.18248 cycle_loss=0.13872 identity_loss=0.10216 grad_norm=21.60618
[16292.503s] step         step=184400 epoch=26 lr=0.00013333 g_loss=4.08528 d_loss=0.41805 cycle_loss=0.18692 identity_loss=0.2096 grad_norm=30.17456
[16297.336s] step         step=184450 epoch=26 lr=0.00013333 g_loss=3.69191 d_loss=0.3185 cycle_loss=0.18743 identity_loss=0.13479 grad_norm=34.84896
[16302.400s] step         step=184500 epoch=26 lr=0.00013333 g_loss=4.2482 d_loss=0.32882 cycle_loss=0.23401 identity_loss=0.25292 grad_norm=27.36948
[16306.972s] step         step=184550 epoch=26 lr=0.00013333 g_loss=3.8484 d_loss=0.28208 cycle_loss=0.17872 identity_loss=0.15189 grad_norm=24.16285
[16311.461s] step         step=184600 epoch=26 lr=0.00013333 g_loss=3.97597 d_loss=0.14087 cycle_loss=0.19361 identity_loss=0.1428 grad_norm=25.5659
[16316.067s] step         step=184650 epoch=26 lr=0.00013333 g_loss=3.5516 d_loss=0.26705 cycle_loss=0.11206 identity_loss=0.09621 grad_norm=38.81565
[16320.713s] step         step=184700 epoch=26 lr=0.00013333 g_loss=3.46158 d_loss=0.14946 cycle_loss=0.14732 identity_loss=0.13546 grad_norm=24.95502
[16325.731s] step         step=184750 epoch=26 lr=0.00013333 g_loss=2.74042 d_loss=0.19613 cycle_loss=0.13216 identity_loss=0.11294 grad_norm=18.39022
[16330.717s] step         step=184800 epoch=26 lr=0.00013333 g_loss=3.79566 d_loss=0.22592 cycle_loss=0.18843 identity_loss=0.13189 grad_norm=14.6825
[16335.514s] step         step=184850 epoch=26 lr=0.00013333 g_loss=4.02933 d_loss=0.41022 cycle_loss=0.24766 identity_loss=0.17189 grad_norm=20.96376
[16340.191s] step         step=184900 epoch=26 lr=0.00013333 g_loss=2.59623 d_loss=0.32181 cycle_loss=0.1352 identity_loss=0.09432 grad_norm=13.18668
[16345.687s] step         step=184950 epoch=26 lr=0.00013333 g_loss=2.46917 d_loss=0.25865 cycle_loss=0.13938 identity_loss=0.09212 grad_norm=18.87911
[16351.193s] step         step=185000 epoch=26 lr=0.00013333 g_loss=3.38739 d_loss=0.30144 cycle_loss=0.18235 identity_loss=0.12504 grad_norm=29.39044
[16356.644s] step         step=185050 epoch=26 lr=0.00013333 g_loss=3.4582 d_loss=0.16481 cycle_loss=0.13996 identity_loss=0.10337 grad_norm=18.38816
[16361.013s] step         step=185100 epoch=26 lr=0.00013333 g_loss=2.31514 d_loss=0.38413 cycle_loss=0.13761 identity_loss=0.1177 grad_norm=17.46423
[16365.356s] step         step=185150 epoch=26 lr=0.00013333 g_loss=3.32251 d_loss=0.18173 cycle_loss=0.15732 identity_loss=0.10091 grad_norm=17.99549
[16369.727s] step         step=185200 epoch=26 lr=0.00013333 g_loss=3.40906 d_loss=0.3105 cycle_loss=0.171 identity_loss=0.14919 grad_norm=28.45433
[16373.965s] step         step=185250 epoch=26 lr=0.00013333 g_loss=2.93571 d_loss=0.31813 cycle_loss=0.15279 identity_loss=0.12832 grad_norm=10.87314
[16378.219s] step         step=185300 epoch=26 lr=0.00013333 g_loss=2.6529 d_loss=0.26023 cycle_loss=0.10901 identity_loss=0.09458 grad_norm=19.9491
[16382.488s] step         step=185350 epoch=26 lr=0.00013333 g_loss=3.14564 d_loss=0.21418 cycle_loss=0.13266 identity_loss=0.11795 grad_norm=22.36455
[16386.704s] step         step=185400 epoch=26 lr=0.00013333 g_loss=3.73532 d_loss=0.48203 cycle_loss=0.18314 identity_loss=0.08019 grad_norm=41.00352
[16390.948s] step         step=185450 epoch=26 lr=0.00013333 g_loss=3.87493 d_loss=0.15172 cycle_loss=0.17833 identity_loss=0.10054 grad_norm=30.0771
[16395.287s] step         step=185500 epoch=26 lr=0.00013333 g_loss=2.65532 d_loss=0.28401 cycle_loss=0.14115 identity_loss=0.10332 grad_norm=21.67922
[16399.366s] step         step=185550 epoch=26 lr=0.00013333 g_loss=3.31261 d_loss=0.21023 cycle_loss=0.14081 identity_loss=0.10971 grad_norm=15.29752
[16403.232s] step         step=185600 epoch=26 lr=0.00013333 g_loss=2.83809 d_loss=0.36112 cycle_loss=0.16329 identity_loss=0.10613 grad_norm=20.78879
[16407.312s] step         step=185650 epoch=26 lr=0.00013333 g_loss=3.10949 d_loss=0.16631 cycle_loss=0.15546 identity_loss=0.10277 grad_norm=15.71431
[16411.239s] step         step=185700 epoch=26 lr=0.00013333 g_loss=3.11806 d_loss=0.12169 cycle_loss=0.16934 identity_loss=0.11126 grad_norm=17.96466
[16415.168s] step         step=185750 epoch=26 lr=0.00013333 g_loss=4.67413 d_loss=0.22682 cycle_loss=0.26852 identity_loss=0.18927 grad_norm=32.29176
[16419.101s] step         step=185800 epoch=26 lr=0.00013333 g_loss=3.84561 d_loss=0.44807 cycle_loss=0.17887 identity_loss=0.12957 grad_norm=55.72916
[16423.233s] step         step=185850 epoch=26 lr=0.00013333 g_loss=3.95803 d_loss=0.17749 cycle_loss=0.17114 identity_loss=0.14316 grad_norm=23.61742
[16427.124s] step         step=185900 epoch=26 lr=0.00013333 g_loss=4.35159 d_loss=0.10636 cycle_loss=0.24108 identity_loss=0.19476 grad_norm=29.0674
[16431.064s] step         step=185950 epoch=26 lr=0.00013333 g_loss=3.07569 d_loss=0.34606 cycle_loss=0.15117 identity_loss=0.09902 grad_norm=24.87057
[16434.984s] step         step=186000 epoch=26 lr=0.00013333 g_loss=3.39874 d_loss=0.28265 cycle_loss=0.15957 identity_loss=0.11401 grad_norm=15.42612
[16438.935s] step         step=186050 epoch=26 lr=0.00013333 g_loss=3.47221 d_loss=0.19368 cycle_loss=0.14237 identity_loss=0.12127 grad_norm=19.04869
[16443.217s] step         step=186100 epoch=26 lr=0.00013333 g_loss=4.09941 d_loss=0.21206 cycle_loss=0.20539 identity_loss=0.12706 grad_norm=28.11136
[16447.138s] step         step=186150 epoch=26 lr=0.00013333 g_loss=2.96245 d_loss=0.14959 cycle_loss=0.13403 identity_loss=0.13687 grad_norm=22.9774
[16451.030s] step         step=186200 epoch=26 lr=0.00013333 g_loss=3.21456 d_loss=0.18949 cycle_loss=0.14555 identity_loss=0.13046 grad_norm=19.1702
[16454.922s] step         step=186250 epoch=26 lr=0.00013333 g_loss=4.20922 d_loss=0.17743 cycle_loss=0.22028 identity_loss=0.21596 grad_norm=24.92101
[16458.817s] step         step=186300 epoch=26 lr=0.00013333 g_loss=3.41852 d_loss=0.37904 cycle_loss=0.17728 identity_loss=0.12441 grad_norm=17.06504
[16462.731s] step         step=186350 epoch=26 lr=0.00013333 g_loss=3.41772 d_loss=0.38842 cycle_loss=0.16726 identity_loss=0.11426 grad_norm=23.63457
[16466.605s] step         step=186400 epoch=26 lr=0.00013333 g_loss=3.38192 d_loss=0.26949 cycle_loss=0.15007 identity_loss=0.14273 grad_norm=21.63837
[16470.492s] step         step=186450 epoch=26 lr=0.00013333 g_loss=3.10716 d_loss=0.19501 cycle_loss=0.17272 identity_loss=0.11926 grad_norm=12.79976
[16474.412s] step         step=186500 epoch=26 lr=0.00013333 g_loss=2.99394 d_loss=0.19711 cycle_loss=0.13001 identity_loss=0.11264 grad_norm=12.17029
[16478.374s] step         step=186550 epoch=26 lr=0.00013333 g_loss=3.12302 d_loss=0.25614 cycle_loss=0.12996 identity_loss=0.10814 grad_norm=12.89749
[16482.384s] step         step=186600 epoch=26 lr=0.00013333 g_loss=3.12637 d_loss=0.1814 cycle_loss=0.1564 identity_loss=0.07254 grad_norm=18.77575
[16486.285s] step         step=186650 epoch=26 lr=0.00013333 g_loss=3.51577 d_loss=0.22035 cycle_loss=0.1601 identity_loss=0.13991 grad_norm=18.12773
[16490.212s] step         step=186700 epoch=26 lr=0.00013333 g_loss=3.57902 d_loss=0.26462 cycle_loss=0.16986 identity_loss=0.14982 grad_norm=18.98895
[16494.122s] step         step=186750 epoch=26 lr=0.00013333 g_loss=3.62955 d_loss=0.27254 cycle_loss=0.16179 identity_loss=0.10996 grad_norm=27.467
[16498.009s] step         step=186800 epoch=26 lr=0.00013333 g_loss=2.51785 d_loss=0.24958 cycle_loss=0.125 identity_loss=0.0755 grad_norm=21.30717
[16501.918s] step         step=186850 epoch=26 lr=0.00013333 g_loss=2.99152 d_loss=0.27772 cycle_loss=0.15625 identity_loss=0.15728 grad_norm=22.04097
[16505.822s] step         step=186900 epoch=26 lr=0.00013333 g_loss=3.23162 d_loss=0.16384 cycle_loss=0.17891 identity_loss=0.12859 grad_norm=26.22856
[16509.719s] step         step=186950 epoch=26 lr=0.00013333 g_loss=3.55951 d_loss=0.28954 cycle_loss=0.17133 identity_loss=0.12367 grad_norm=18.57761
[16513.640s] step         step=187000 epoch=26 lr=0.00013333 g_loss=3.00213 d_loss=0.1892 cycle_loss=0.12303 identity_loss=0.10246 grad_norm=15.26737
[16517.658s] step         step=187050 epoch=26 lr=0.00013333 g_loss=2.55177 d_loss=0.33716 cycle_loss=0.12605 identity_loss=0.10486 grad_norm=16.32988
[16521.615s] step         step=187100 epoch=26 lr=0.00013333 g_loss=3.83039 d_loss=0.09976 cycle_loss=0.18266 identity_loss=0.13219 grad_norm=16.12128
[16526.144s] step         step=187150 epoch=26 lr=0.00013333 g_loss=3.36337 d_loss=0.57619 cycle_loss=0.20716 identity_loss=0.15174 grad_norm=24.76242
[16530.556s] step         step=187200 epoch=26 lr=0.00013333 g_loss=3.92717 d_loss=0.26889 cycle_loss=0.18128 identity_loss=0.10973 grad_norm=13.80739
[16534.881s] step         step=187250 epoch=26 lr=0.00013333 g_loss=3.08183 d_loss=0.28964 cycle_loss=0.16614 identity_loss=0.11071 grad_norm=20.09841
[16539.064s] step         step=187300 epoch=26 lr=0.00013333 g_loss=2.4869 d_loss=0.34103 cycle_loss=0.12356 identity_loss=0.09441 grad_norm=17.22462
[16542.969s] step         step=187350 epoch=26 lr=0.00013333 g_loss=3.03255 d_loss=0.15873 cycle_loss=0.15705 identity_loss=0.1125 grad_norm=14.07808
[16546.854s] step         step=187400 epoch=26 lr=0.00013333 g_loss=3.41814 d_loss=0.23699 cycle_loss=0.15325 identity_loss=0.12983 grad_norm=25.83447
[16550.737s] step         step=187450 epoch=26 lr=0.00013333 g_loss=3.55256 d_loss=0.19904 cycle_loss=0.13399 identity_loss=0.12029 grad_norm=16.98101
[16554.722s] step         step=187500 epoch=26 lr=0.00013333 g_loss=2.94961 d_loss=0.29895 cycle_loss=0.1511 identity_loss=0.11603 grad_norm=23.57212
[16558.671s] step         step=187550 epoch=26 lr=0.00013333 g_loss=2.45991 d_loss=0.18068 cycle_loss=0.12481 identity_loss=0.09685 grad_norm=10.93128
[16562.596s] step         step=187600 epoch=26 lr=0.00013333 g_loss=3.34095 d_loss=0.27031 cycle_loss=0.15915 identity_loss=0.12331 grad_norm=21.20946
[16566.485s] step         step=187650 epoch=26 lr=0.00013333 g_loss=3.02349 d_loss=0.17539 cycle_loss=0.17305 identity_loss=0.13001 grad_norm=18.90645
[16570.408s] step         step=187700 epoch=26 lr=0.00013333 g_loss=2.90584 d_loss=0.35087 cycle_loss=0.14502 identity_loss=0.11605 grad_norm=16.49662
[16574.322s] step         step=187750 epoch=26 lr=0.00013333 g_loss=2.76084 d_loss=0.42244 cycle_loss=0.14282 identity_loss=0.11001 grad_norm=20.04074
[16578.240s] step         step=187800 epoch=26 lr=0.00013333 g_loss=2.52551 d_loss=0.25372 cycle_loss=0.13728 identity_loss=0.14808 grad_norm=17.41799
[16582.161s] step         step=187850 epoch=26 lr=0.00013333 g_loss=2.96227 d_loss=0.1655 cycle_loss=0.14211 identity_loss=0.10917 grad_norm=11.50741
[16586.089s] step         step=187900 epoch=26 lr=0.00013333 g_loss=2.91295 d_loss=0.29412 cycle_loss=0.14554 identity_loss=0.12086 grad_norm=20.80744
[16590.037s] step         step=187950 epoch=26 lr=0.00013333 g_loss=2.72244 d_loss=0.4752 cycle_loss=0.13526 identity_loss=0.09048 grad_norm=25.03643
[16593.952s] step         step=188000 epoch=26 lr=0.00013333 g_loss=2.54334 d_loss=0.24572 cycle_loss=0.14732 identity_loss=0.09983 grad_norm=13.82619
[16597.930s] step         step=188050 epoch=26 lr=0.00013333 g_loss=2.9159 d_loss=0.27466 cycle_loss=0.13466 identity_loss=0.10717 grad_norm=39.91926
[16601.835s] step         step=188100 epoch=26 lr=0.00013333 g_loss=3.69396 d_loss=0.39678 cycle_loss=0.11557 identity_loss=0.08883 grad_norm=19.03124
[16605.747s] step         step=188150 epoch=26 lr=0.00013333 g_loss=2.966 d_loss=0.35508 cycle_loss=0.16276 identity_loss=0.11771 grad_norm=9.50949
[16609.649s] step         step=188200 epoch=26 lr=0.00013333 g_loss=2.78928 d_loss=0.3218 cycle_loss=0.11937 identity_loss=0.10046 grad_norm=32.51456
[16613.524s] step         step=188250 epoch=26 lr=0.00013333 g_loss=3.26449 d_loss=0.2194 cycle_loss=0.14955 identity_loss=0.16303 grad_norm=24.30566
[16617.433s] step         step=188300 epoch=26 lr=0.00013333 g_loss=3.65303 d_loss=0.21687 cycle_loss=0.18333 identity_loss=0.15554 grad_norm=23.13701
[16621.325s] step         step=188350 epoch=26 lr=0.00013333 g_loss=2.68549 d_loss=0.24266 cycle_loss=0.12184 identity_loss=0.10601 grad_norm=12.87202
[16625.221s] step         step=188400 epoch=26 lr=0.00013333 g_loss=2.98099 d_loss=0.28013 cycle_loss=0.13563 identity_loss=0.13184 grad_norm=14.18764
[16629.105s] step         step=188450 epoch=26 lr=0.00013333 g_loss=2.18286 d_loss=0.31483 cycle_loss=0.10224 identity_loss=0.11725 grad_norm=11.23395
[16632.994s] step         step=188500 epoch=26 lr=0.00013333 g_loss=3.09973 d_loss=0.23833 cycle_loss=0.10428 identity_loss=0.08393 grad_norm=39.88555
[16636.966s] step         step=188550 epoch=26 lr=0.00013333 g_loss=3.14008 d_loss=0.23788 cycle_loss=0.18558 identity_loss=0.13548 grad_norm=13.85629
[16640.870s] step         step=188600 epoch=26 lr=0.00013333 g_loss=3.21219 d_loss=0.28149 cycle_loss=0.16893 identity_loss=0.1526 grad_norm=22.68914
[16644.840s] step         step=188650 epoch=26 lr=0.00013333 g_loss=2.77866 d_loss=0.36039 cycle_loss=0.17565 identity_loss=0.11153 grad_norm=15.85806
[16648.721s] step         step=188700 epoch=26 lr=0.00013333 g_loss=3.28178 d_loss=0.17099 cycle_loss=0.14988 identity_loss=0.09423 grad_norm=35.01433
[16652.670s] step         step=188750 epoch=26 lr=0.00013333 g_loss=3.31975 d_loss=0.16112 cycle_loss=0.14603 identity_loss=0.10654 grad_norm=17.30508
[16656.547s] step         step=188800 epoch=26 lr=0.00013333 g_loss=2.90188 d_loss=0.27645 cycle_loss=0.1613 identity_loss=0.13096 grad_norm=17.39856
[16660.433s] step         step=188850 epoch=26 lr=0.00013333 g_loss=2.28345 d_loss=0.10066 cycle_loss=0.13693 identity_loss=0.08612 grad_norm=18.58426
[16664.544s] step         step=188900 epoch=26 lr=0.00013333 g_loss=2.87557 d_loss=0.43134 cycle_loss=0.12819 identity_loss=0.10499 grad_norm=21.06156
[16668.459s] step         step=188950 epoch=26 lr=0.00013333 g_loss=3.40553 d_loss=0.20672 cycle_loss=0.13358 identity_loss=0.09999 grad_norm=23.63394
[16672.474s] step         step=189000 epoch=26 lr=0.00013333 g_loss=3.10883 d_loss=0.18556 cycle_loss=0.15286 identity_loss=0.11245 grad_norm=20.80853
[16676.448s] step         step=189050 epoch=26 lr=0.00013333 g_loss=2.70629 d_loss=0.26843 cycle_loss=0.11868 identity_loss=0.08714 grad_norm=14.75717
[16680.361s] step         step=189100 epoch=26 lr=0.00013333 g_loss=2.91131 d_loss=0.26612 cycle_loss=0.18903 identity_loss=0.1156 grad_norm=23.32336
[16684.278s] step         step=189150 epoch=26 lr=0.00013333 g_loss=3.6928 d_loss=0.22648 cycle_loss=0.16642 identity_loss=0.13823 grad_norm=23.3813
[16688.177s] step         step=189200 epoch=26 lr=0.00013333 g_loss=3.31973 d_loss=0.21493 cycle_loss=0.1751 identity_loss=0.14107 grad_norm=25.12968
[16692.124s] step         step=189250 epoch=26 lr=0.00013333 g_loss=3.10158 d_loss=0.17092 cycle_loss=0.15879 identity_loss=0.09433 grad_norm=11.52723
[16696.142s] step         step=189300 epoch=26 lr=0.00013333 g_loss=3.27885 d_loss=0.16943 cycle_loss=0.13977 identity_loss=0.12033 grad_norm=12.8722
[16700.053s] step         step=189350 epoch=26 lr=0.00013333 g_loss=2.55954 d_loss=0.44167 cycle_loss=0.13273 identity_loss=0.10531 grad_norm=13.13003
[16703.998s] step         step=189400 epoch=26 lr=0.00013333 g_loss=2.00429 d_loss=0.54175 cycle_loss=0.1114 identity_loss=0.10197 grad_norm=12.82435
[16707.929s] step         step=189450 epoch=26 lr=0.00013333 g_loss=7.01944 d_loss=0.13852 cycle_loss=0.40451 identity_loss=0.39538 grad_norm=18.7533
[16711.835s] step         step=189500 epoch=26 lr=0.00013333 g_loss=3.16726 d_loss=0.32635 cycle_loss=0.13533 identity_loss=0.10527 grad_norm=15.0542
[16715.847s] step         step=189550 epoch=26 lr=0.00013333 g_loss=4.37766 d_loss=0.2831 cycle_loss=0.25711 identity_loss=0.244 grad_norm=30.22836
[16719.784s] step         step=189600 epoch=26 lr=0.00013333 g_loss=2.36915 d_loss=0.27221 cycle_loss=0.1125 identity_loss=0.11978 grad_norm=12.61732
[16724.000s] step         step=189650 epoch=26 lr=0.00013333 g_loss=2.85992 d_loss=0.26377 cycle_loss=0.12659 identity_loss=0.11542 grad_norm=19.17824
[16728.071s] step         step=189700 epoch=26 lr=0.00013333 g_loss=3.48634 d_loss=0.19958 cycle_loss=0.17868 identity_loss=0.12433 grad_norm=16.15757
[16732.013s] step         step=189750 epoch=26 lr=0.00013333 g_loss=3.496 d_loss=0.23606 cycle_loss=0.20291 identity_loss=0.16242 grad_norm=25.93418
[16735.966s] step         step=189800 epoch=26 lr=0.00013333 g_loss=3.37064 d_loss=0.23374 cycle_loss=0.16517 identity_loss=0.12321 grad_norm=17.2872
[16739.897s] step         step=189850 epoch=26 lr=0.00013333 g_loss=3.20818 d_loss=0.22347 cycle_loss=0.15776 identity_loss=0.11708 grad_norm=25.25606
[16744.152s] step         step=189900 epoch=26 lr=0.00013333 g_loss=3.09045 d_loss=0.40526 cycle_loss=0.19157 identity_loss=0.08583 grad_norm=31.57978
[16748.479s] step         step=189950 epoch=26 lr=0.00013333 g_loss=3.25062 d_loss=0.36774 cycle_loss=0.14835 identity_loss=0.13888 grad_norm=23.52072
[16752.822s] step         step=190000 epoch=26 lr=0.00013333 g_loss=2.92155 d_loss=0.29584 cycle_loss=0.14596 identity_loss=0.13048 grad_norm=18.66449
[16755.040s] epoch        epoch=26 step=190026 seconds=16741.0
[16755.359s] checkpoint   epoch=27 step=190026
[16757.363s] step         step=190050 epoch=27 lr=0.00012381 g_loss=2.83071 d_loss=0.50844 cycle_loss=0.12885 identity_loss=0.11632 grad_norm=10.24355
[16761.267s] step         step=190100 epoch=27 lr=0.00012381 g_loss=2.56404 d_loss=0.31879 cycle_loss=0.1302 identity_loss=0.09273 grad_norm=22.41645
[16765.206s] step         step=190150 epoch=27 lr=0.00012381 g_loss=3.26554 d_loss=0.1338 cycle_loss=0.13796 identity_loss=0.09411 grad_norm=20.00476
[16769.149s] step         step=190200 epoch=27 lr=0.00012381 g_loss=2.95515 d_loss=0.31783 cycle_loss=0.1494 identity_loss=0.09912 grad_norm=22.67768
[16773.064s] step         step=190250 epoch=27 lr=0.00012381 g_loss=3.79291 d_loss=0.41763 cycle_loss=0.14164 identity_loss=0.12861 grad_norm=20.43547
[16776.966s] step         step=190300 epoch=27 lr=0.00012381 g_loss=2.91242 d_loss=0.26166 cycle_loss=0.12023 identity_loss=0.14101 grad_norm=37.45441
[16780.884s] step         step=190350 epoch=27 lr=0.00012381 g_loss=3.4488 d_loss=0.15222 cycle_loss=0.1538 identity_loss=0.13595 grad_norm=17.37425
[16784.782s] step         step=190400 epoch=27 lr=0.00012381 g_loss=3.44934 d_loss=0.18735 cycle_loss=0.13187 identity_loss=0.14 grad_norm=16.78222
[16788.693s] step         step=190450 epoch=27 lr=0.00012381 g_loss=2.44088 d_loss=0.26891 cycle_loss=0.11656 identity_loss=0.08599 grad_norm=34.74771
[16792.675s] step         step=190500 epoch=27 lr=0.00012381 g_loss=4.30454 d_loss=0.11431 cycle_loss=0.18055 identity_loss=0.14903 grad_norm=22.58872
[16796.644s] step         step=190550 epoch=27 lr=0.00012381 g_loss=2.93013 d_loss=0.39152 cycle_loss=0.14266 identity_loss=0.10645 grad_norm=16.27606
[16800.555s] step         step=190600 epoch=27 lr=0.00012381 g_loss=3.86109 d_loss=0.37022 cycle_loss=0.19609 identity_loss=0.15028 grad_norm=30.45014
[16804.483s] step         step=190650 epoch=27 lr=0.00012381 g_loss=3.44652 d_loss=0.46038 cycle_loss=0.19605 identity_loss=0.19763 grad_norm=24.30795
[16808.373s] step         step=190700 epoch=27 lr=0.00012381 g_loss=4.6887 d_loss=0.45712 cycle_loss=0.26277 identity_loss=0.25759 grad_norm=19.09187
[16812.273s] step         step=190750 epoch=27 lr=0.00012381 g_loss=3.55657 d_loss=0.24341 cycle_loss=0.20428 identity_loss=0.15779 grad_norm=29.13674
[16816.215s] step         step=190800 epoch=27 lr=0.00012381 g_loss=3.16354 d_loss=0.26372 cycle_loss=0.14672 identity_loss=0.1146 grad_norm=32.28076
[16820.133s] step         step=190850 epoch=27 lr=0.00012381 g_loss=3.01132 d_loss=0.27154 cycle_loss=0.13561 identity_loss=0.11762 grad_norm=27.0212
[16824.056s] step         step=190900 epoch=27 lr=0.00012381 g_loss=3.2051 d_loss=0.31032 cycle_loss=0.18118 identity_loss=0.13402 grad_norm=16.06886
[16827.965s] step         step=190950 epoch=27 lr=0.00012381 g_loss=3.29589 d_loss=0.27616 cycle_loss=0.16177 identity_loss=0.10825 grad_norm=21.60823
[16831.883s] step         step=191000 epoch=27 lr=0.00012381 g_loss=4.17103 d_loss=0.2359 cycle_loss=0.22213 identity_loss=0.1583 grad_norm=19.80031
[16835.828s] step         step=191050 epoch=27 lr=0.00012381 g_loss=4.28809 d_loss=0.27748 cycle_loss=0.20159 identity_loss=0.19551 grad_norm=25.52714
[16839.743s] step         step=191100 epoch=27 lr=0.00012381 g_loss=4.88981 d_loss=0.19076 cycle_loss=0.20034 identity_loss=0.13051 grad_norm=35.54745
[16843.627s] step         step=191150 epoch=27 lr=0.00012381 g_loss=2.62904 d_loss=0.63816 cycle_loss=0.15519 identity_loss=0.12762 grad_norm=29.99765
[16847.535s] step         step=191200 epoch=27 lr=0.00012381 g_loss=3.27955 d_loss=0.29202 cycle_loss=0.15677 identity_loss=0.11842 grad_norm=42.28981
[16851.437s] step         step=191250 epoch=27 lr=0.00012381 g_loss=3.06151 d_loss=0.25772 cycle_loss=0.13415 identity_loss=0.13069 grad_norm=12.94684
[16855.359s] step         step=191300 epoch=27 lr=0.00012381 g_loss=3.06317 d_loss=0.08005 cycle_loss=0.13642 identity_loss=0.07116 grad_norm=18.25379
[16859.254s] step         step=191350 epoch=27 lr=0.00012381 g_loss=2.89722 d_loss=0.26424 cycle_loss=0.15255 identity_loss=0.11455 grad_norm=13.81806
[16863.157s] step         step=191400 epoch=27 lr=0.00012381 g_loss=3.18888 d_loss=0.20522 cycle_loss=0.10328 identity_loss=0.10735 grad_norm=38.1759
[16867.133s] step         step=191450 epoch=27 lr=0.00012381 g_loss=3.95558 d_loss=0.08021 cycle_loss=0.14772 identity_loss=0.09677 grad_norm=30.84026
[16871.040s] step         step=191500 epoch=27 lr=0.00012381 g_loss=3.47496 d_loss=0.21235 cycle_loss=0.1373 identity_loss=0.15633 grad_norm=19.53517
[16874.979s] step         step=191550 epoch=27 lr=0.00012381 g_loss=2.45903 d_loss=0.41558 cycle_loss=0.1341 identity_loss=0.09031 grad_norm=13.68826
[16878.876s] step         step=191600 epoch=27 lr=0.00012381 g_loss=3.44921 d_loss=0.10682 cycle_loss=0.12589 identity_loss=0.1355 grad_norm=17.81624
[16882.774s] step         step=191650 epoch=27 lr=0.00012381 g_loss=2.07991 d_loss=0.76108 cycle_loss=0.12249 identity_loss=0.09251 grad_norm=13.20952
[16886.661s] step         step=191700 epoch=27 lr=0.00012381 g_loss=2.58992 d_loss=0.13149 cycle_loss=0.09848 identity_loss=0.06668 grad_norm=17.7056
[16890.821s] step         step=191750 epoch=27 lr=0.00012381 g_loss=3.05674 d_loss=0.23798 cycle_loss=0.17629 identity_loss=0.12069 grad_norm=21.20721
[16894.703s] step         step=191800 epoch=27 lr=0.00012381 g_loss=3.79531 d_loss=0.18176 cycle_loss=0.20224 identity_loss=0.15418 grad_norm=35.4505
[16898.607s] step         step=191850 epoch=27 lr=0.00012381 g_loss=3.45729 d_loss=0.21271 cycle_loss=0.19413 identity_loss=0.1004 grad_norm=25.44458
[16902.524s] step         step=191900 epoch=27 lr=0.00012381 g_loss=3.00128 d_loss=0.13893 cycle_loss=0.13626 identity_loss=0.1065 grad_norm=21.50922
[16906.429s] step         step=191950 epoch=27 lr=0.00012381 g_loss=2.80036 d_loss=0.28305 cycle_loss=0.10977 identity_loss=0.10624 grad_norm=25.38528
[16910.351s] step         step=192000 epoch=27 lr=0.00012381 g_loss=3.05746 d_loss=0.29184 cycle_loss=0.15383 identity_loss=0.112 grad_norm=20.9443
[16914.310s] step         step=192050 epoch=27 lr=0.00012381 g_loss=3.71707 d_loss=0.23052 cycle_loss=0.20874 identity_loss=0.12665 grad_norm=43.56907
[16918.196s] step         step=192100 epoch=27 lr=0.00012381 g_loss=2.44941 d_loss=0.31835 cycle_loss=0.1258 identity_loss=0.07879 grad_norm=11.99357
[16922.109s] step         step=192150 epoch=27 lr=0.00012381 g_loss=3.40817 d_loss=0.27487 cycle_loss=0.18457 identity_loss=0.11729 grad_norm=29.42196
[16926.007s] step         step=192200 epoch=27 lr=0.00012381 g_loss=2.76873 d_loss=0.24949 cycle_loss=0.13772 identity_loss=0.08754 grad_norm=15.46572
[16929.892s] step         step=192250 epoch=27 lr=0.00012381 g_loss=5.65852 d_loss=0.40736 cycle_loss=0.32518 identity_loss=0.34193 grad_norm=34.80543
[16934.035s] step         step=192300 epoch=27 lr=0.00012381 g_loss=3.81009 d_loss=0.33581 cycle_loss=0.19778 identity_loss=0.14445 grad_norm=19.92198
[16937.928s] step         step=192350 epoch=27 lr=0.00012381 g_loss=3.84758 d_loss=0.17731 cycle_loss=0.17018 identity_loss=0.12669 grad_norm=24.84907
[16941.833s] step         step=192400 epoch=27 lr=0.00012381 g_loss=4.49944 d_loss=0.10808 cycle_loss=0.20492 identity_loss=0.1474 grad_norm=31.53779
[16945.737s] step         step=192450 epoch=27 lr=0.00012381 g_loss=4.30464 d_loss=0.12811 cycle_loss=0.17055 identity_loss=0.18691 grad_norm=23.68722
[16949.643s] step         step=192500 epoch=27 lr=0.00012381 g_loss=3.43675 d_loss=0.26271 cycle_loss=0.19005 identity_loss=0.1157 grad_norm=20.40758
[16953.592s] step         step=192550 epoch=27 lr=0.00012381 g_loss=3.13322 d_loss=0.46501 cycle_loss=0.18725 identity_loss=0.13159 grad_norm=18.76605
[16957.481s] step         step=192600 epoch=27 lr=0.00012381 g_loss=2.76183 d_loss=0.24249 cycle_loss=0.12573 identity_loss=0.10358 grad_norm=15.62848
[16961.368s] step         step=192650 epoch=27 lr=0.00012381 g_loss=3.50342 d_loss=0.45715 cycle_loss=0.15584 identity_loss=0.12061 grad_norm=16.01113
[16965.258s] step         step=192700 epoch=27 lr=0.00012381 g_loss=3.34709 d_loss=0.14718 cycle_loss=0.13935 identity_loss=0.11286 grad_norm=24.95724
[16969.182s] step         step=192750 epoch=27 lr=0.00012381 g_loss=2.63715 d_loss=0.19814 cycle_loss=0.13987 identity_loss=0.10222 grad_norm=13.89261
[16973.206s] step         step=192800 epoch=27 lr=0.00012381 g_loss=3.24119 d_loss=0.24017 cycle_loss=0.15768 identity_loss=0.10585 grad_norm=20.88481
[16977.126s] step         step=192850 epoch=27 lr=0.00012381 g_loss=2.77003 d_loss=0.44556 cycle_loss=0.14933 identity_loss=0.09965 grad_norm=16.14165
[16981.025s] step         step=192900 epoch=27 lr=0.00012381 g_loss=3.43317 d_loss=0.19959 cycle_loss=0.17588 identity_loss=0.10942 grad_norm=26.57791
[16984.968s] step         step=192950 epoch=27 lr=0.00012381 g_loss=3.65553 d_loss=0.16094 cycle_loss=0.14974 identity_loss=0.11816 grad_norm=25.04306
[16988.876s] step         step=193000 epoch=27 lr=0.00012381 g_loss=2.88871 d_loss=0.26094 cycle_loss=0.15318 identity_loss=0.10931 grad_norm=19.46449
[16992.836s] step         step=193050 epoch=27 lr=0.00012381 g_loss=3.0868 d_loss=0.20899 cycle_loss=0.1618 identity_loss=0.08577 grad_norm=19.31221
[16996.709s] step         step=193100 epoch=27 lr=0.00012381 g_loss=2.69673 d_loss=0.32666 cycle_loss=0.13724 identity_loss=0.10831 grad_norm=16.76704
[17000.600s] step         step=193150 epoch=27 lr=0.00012381 g_loss=3.71733 d_loss=0.20063 cycle_loss=0.15329 identity_loss=0.09416 grad_norm=22.34572
[17004.518s] step         step=193200 epoch=27 lr=0.00012381 g_loss=3.37267 d_loss=0.23429 cycle_loss=0.17363 identity_loss=0.09306 grad_norm=22.47091
[17008.433s] step         step=193250 epoch=27 lr=0.00012381 g_loss=5.55933 d_loss=0.14836 cycle_loss=0.30391 identity_loss=0.27352 grad_norm=33.06317
[17012.322s] step         step=193300 epoch=27 lr=0.00012381 g_loss=3.7695 d_loss=0.23959 cycle_loss=0.17404 identity_loss=0.13483 grad_norm=24.41693
[17016.225s] step         step=193350 epoch=27 lr=0.00012381 g_loss=3.13991 d_loss=0.17017 cycle_loss=0.12983 identity_loss=0.10415 grad_norm=18.26512
[17020.129s] step         step=193400 epoch=27 lr=0.00012381 g_loss=3.76602 d_loss=0.12938 cycle_loss=0.17294 identity_loss=0.1468 grad_norm=16.13042
[17024.033s] step         step=193450 epoch=27 lr=0.00012381 g_loss=2.95082 d_loss=0.28737 cycle_loss=0.14931 identity_loss=0.09719 grad_norm=17.72714
[17027.938s] step         step=193500 epoch=27 lr=0.00012381 g_loss=2.6599 d_loss=0.23251 cycle_loss=0.12941 identity_loss=0.09943 grad_norm=20.94283
[17031.925s] step         step=193550 epoch=27 lr=0.00012381 g_loss=3.50236 d_loss=0.15861 cycle_loss=0.15979 identity_loss=0.11509 grad_norm=23.11296
[17035.853s] step         step=193600 epoch=27 lr=0.00012381 g_loss=3.37218 d_loss=0.484 cycle_loss=0.16052 identity_loss=0.13112 grad_norm=31.35119
[17039.820s] step         step=193650 epoch=27 lr=0.00012381 g_loss=3.45066 d_loss=0.19164 cycle_loss=0.1521 identity_loss=0.18013 grad_norm=21.57784
[17043.768s] step         step=193700 epoch=27 lr=0.00012381 g_loss=3.19401 d_loss=0.21099 cycle_loss=0.13896 identity_loss=0.08466 grad_norm=23.033
[17047.757s] step         step=193750 epoch=27 lr=0.00012381 g_loss=4.12668 d_loss=0.36665 cycle_loss=0.20713 identity_loss=0.15868 grad_norm=41.6344
[17051.656s] step         step=193800 epoch=27 lr=0.00012381 g_loss=2.85432 d_loss=0.19332 cycle_loss=0.1144 identity_loss=0.09041 grad_norm=24.54101
[17055.558s] step         step=193850 epoch=27 lr=0.00012381 g_loss=3.10299 d_loss=0.27943 cycle_loss=0.16369 identity_loss=0.1342 grad_norm=17.4892
[17059.474s] step         step=193900 epoch=27 lr=0.00012381 g_loss=4.72519 d_loss=0.3174 cycle_loss=0.21419 identity_loss=0.19488 grad_norm=35.81224
[17063.830s] step         step=193950 epoch=27 lr=0.00012381 g_loss=4.00901 d_loss=0.20612 cycle_loss=0.18783 identity_loss=0.15059 grad_norm=24.41738
[17067.733s] step         step=194000 epoch=27 lr=0.00012381 g_loss=3.51464 d_loss=0.32131 cycle_loss=0.13868 identity_loss=0.15803 grad_norm=22.71255
[17071.722s] step         step=194050 epoch=27 lr=0.00012381 g_loss=1.99853 d_loss=0.37515 cycle_loss=0.11779 identity_loss=0.08871 grad_norm=19.20268
[17075.617s] step         step=194100 epoch=27 lr=0.00012381 g_loss=3.65034 d_loss=0.17864 cycle_loss=0.16681 identity_loss=0.16144 grad_norm=18.43357
[17079.521s] step         step=194150 epoch=27 lr=0.00012381 g_loss=3.41205 d_loss=0.27893 cycle_loss=0.19173 identity_loss=0.14214 grad_norm=25.02175
[17083.416s] step         step=194200 epoch=27 lr=0.00012381 g_loss=3.75174 d_loss=0.27554 cycle_loss=0.1509 identity_loss=0.09522 grad_norm=22.30241
[17087.326s] step         step=194250 epoch=27 lr=0.00012381 g_loss=4.40202 d_loss=0.14593 cycle_loss=0.15591 identity_loss=0.13874 grad_norm=24.71547
[17091.231s] step         step=194300 epoch=27 lr=0.00012381 g_loss=5.12649 d_loss=0.29441 cycle_loss=0.2805 identity_loss=0.28913 grad_norm=22.40627
[17095.157s] step         step=194350 epoch=27 lr=0.00012381 g_loss=3.2664 d_loss=0.18685 cycle_loss=0.12612 identity_loss=0.096 grad_norm=15.27951
[17099.068s] step         step=194400 epoch=27 lr=0.00012381 g_loss=3.65598 d_loss=0.11978 cycle_loss=0.12944 identity_loss=0.0781 grad_norm=26.1215
[17102.973s] step         step=194450 epoch=27 lr=0.00012381 g_loss=3.43748 d_loss=0.48336 cycle_loss=0.15672 identity_loss=0.11642 grad_norm=11.0329
[17106.887s] step         step=194500 epoch=27 lr=0.00012381 g_loss=3.88675 d_loss=0.28299 cycle_loss=0.16497 identity_loss=0.13284 grad_norm=25.81029
[17110.861s] step         step=194550 epoch=27 lr=0.00012381 g_loss=3.32819 d_loss=0.42757 cycle_loss=0.18231 identity_loss=0.14506 grad_norm=31.02843
[17114.772s] step         step=194600 epoch=27 lr=0.00012381 g_loss=3.33227 d_loss=0.13771 cycle_loss=0.14915 identity_loss=0.09368 grad_norm=19.00714
[17118.669s] step         step=194650 epoch=27 lr=0.00012381 g_loss=3.84815 d_loss=0.37507 cycle_loss=0.16578 identity_loss=0.11102 grad_norm=23.94131
[17122.586s] step         step=194700 epoch=27 lr=0.00012381 g_loss=3.46958 d_loss=0.19973 cycle_loss=0.1654 identity_loss=0.12855 grad_norm=14.19054
[17126.478s] step         step=194750 epoch=27 lr=0.00012381 g_loss=3.66852 d_loss=0.25973 cycle_loss=0.17234 identity_loss=0.15538 grad_norm=25.78596
[17130.370s] step         step=194800 epoch=27 lr=0.00012381 g_loss=4.19462 d_loss=0.21136 cycle_loss=0.22155 identity_loss=0.20112 grad_norm=36.32474
[17134.280s] step         step=194850 epoch=27 lr=0.00012381 g_loss=2.27076 d_loss=0.50583 cycle_loss=0.12636 identity_loss=0.09523 grad_norm=28.00848
[17138.189s] step         step=194900 epoch=27 lr=0.00012381 g_loss=3.51652 d_loss=0.11964 cycle_loss=0.19767 identity_loss=0.18223 grad_norm=16.78054
[17142.073s] step         step=194950 epoch=27 lr=0.00012381 g_loss=3.0746 d_loss=0.24486 cycle_loss=0.1499 identity_loss=0.11813 grad_norm=19.87163
[17146.001s] step         step=195000 epoch=27 lr=0.00012381 g_loss=4.50422 d_loss=0.30983 cycle_loss=0.22423 identity_loss=0.107 grad_norm=39.28159
[17149.961s] step         step=195050 epoch=27 lr=0.00012381 g_loss=2.91059 d_loss=0.20899 cycle_loss=0.14335 identity_loss=0.10154 grad_norm=14.79835
[17153.875s] step         step=195100 epoch=27 lr=0.00012381 g_loss=3.10897 d_loss=0.14564 cycle_loss=0.13339 identity_loss=0.06978 grad_norm=19.2068
[17157.793s] step         step=195150 epoch=27 lr=0.00012381 g_loss=4.40241 d_loss=0.26193 cycle_loss=0.18789 identity_loss=0.14789 grad_norm=16.28095
[17161.688s] step         step=195200 epoch=27 lr=0.00012381 g_loss=4.0675 d_loss=0.2912 cycle_loss=0.15085 identity_loss=0.12849 grad_norm=31.3975
[17165.560s] step         step=195250 epoch=27 lr=0.00012381 g_loss=2.57362 d_loss=0.28428 cycle_loss=0.15906 identity_loss=0.08871 grad_norm=27.91564
[17169.448s] step         step=195300 epoch=27 lr=0.00012381 g_loss=3.26035 d_loss=0.19408 cycle_loss=0.14287 identity_loss=0.09947 grad_norm=27.46859
[17173.351s] step         step=195350 epoch=27 lr=0.00012381 g_loss=3.23702 d_loss=0.24554 cycle_loss=0.16607 identity_loss=0.11251 grad_norm=20.43988
[17177.265s] step         step=195400 epoch=27 lr=0.00012381 g_loss=2.44879 d_loss=0.16409 cycle_loss=0.11981 identity_loss=0.07555 grad_norm=15.37697
[17181.201s] step         step=195450 epoch=27 lr=0.00012381 g_loss=2.67191 d_loss=0.31989 cycle_loss=0.135 identity_loss=0.09612 grad_norm=14.92629
[17185.126s] step         step=195500 epoch=27 lr=0.00012381 g_loss=2.73464 d_loss=0.17181 cycle_loss=0.14526 identity_loss=0.09757 grad_norm=28.1006
[17189.080s] step         step=195550 epoch=27 lr=0.00012381 g_loss=3.11917 d_loss=0.30779 cycle_loss=0.17626 identity_loss=0.14969 grad_norm=15.32753
[17193.020s] step         step=195600 epoch=27 lr=0.00012381 g_loss=3.92389 d_loss=0.27179 cycle_loss=0.18245 identity_loss=0.12985 grad_norm=29.10532
[17196.910s] step         step=195650 epoch=27 lr=0.00012381 g_loss=3.66401 d_loss=0.22508 cycle_loss=0.2014 identity_loss=0.1539 grad_norm=19.36037
[17200.804s] step         step=195700 epoch=27 lr=0.00012381 g_loss=3.22111 d_loss=0.48046 cycle_loss=0.13472 identity_loss=0.10516 grad_norm=33.18055
[17204.706s] step         step=195750 epoch=27 lr=0.00012381 g_loss=3.08919 d_loss=0.2404 cycle_loss=0.14684 identity_loss=0.11455 grad_norm=23.46858
[17208.688s] step         step=195800 epoch=27 lr=0.00012381 g_loss=3.59633 d_loss=0.43384 cycle_loss=0.17849 identity_loss=0.17209 grad_norm=14.52054
[17212.664s] step         step=195850 epoch=27 lr=0.00012381 g_loss=2.31649 d_loss=0.33377 cycle_loss=0.11515 identity_loss=0.11514 grad_norm=19.30638
[17216.599s] step         step=195900 epoch=27 lr=0.00012381 g_loss=2.92161 d_loss=0.3718 cycle_loss=0.15545 identity_loss=0.11063 grad_norm=27.81296
[17220.508s] step         step=195950 epoch=27 lr=0.00012381 g_loss=3.01596 d_loss=0.32071 cycle_loss=0.13665 identity_loss=0.10255 grad_norm=13.35189
[17224.441s] step         step=196000 epoch=27 lr=0.00012381 g_loss=2.67269 d_loss=0.49358 cycle_loss=0.13448 identity_loss=0.15713 grad_norm=25.43665
[17228.388s] step         step=196050 epoch=27 lr=0.00012381 g_loss=2.62392 d_loss=0.21303 cycle_loss=0.11339 identity_loss=0.06472 grad_norm=12.82355
[17232.302s] step         step=196100 epoch=27 lr=0.00012381 g_loss=2.56727 d_loss=0.43846 cycle_loss=0.1459 identity_loss=0.1046 grad_norm=14.40735
[17236.194s] step         step=196150 epoch=27 lr=0.00012381 g_loss=3.54538 d_loss=0.23206 cycle_loss=0.17622 identity_loss=0.11411 grad_norm=22.57166
[17240.116s] step         step=196200 epoch=27 lr=0.00012381 g_loss=3.18155 d_loss=0.23747 cycle_loss=0.15643 identity_loss=0.11741 grad_norm=24.26556
[17244.010s] step         step=196250 epoch=27 lr=0.00012381 g_loss=4.03648 d_loss=0.21337 cycle_loss=0.20039 identity_loss=0.17897 grad_norm=38.26746
[17247.920s] step         step=196300 epoch=27 lr=0.00012381 g_loss=2.97762 d_loss=0.42907 cycle_loss=0.16887 identity_loss=0.11774 grad_norm=34.45346
[17251.875s] step         step=196350 epoch=27 lr=0.00012381 g_loss=4.45858 d_loss=0.26396 cycle_loss=0.24921 identity_loss=0.12809 grad_norm=42.56565
[17255.763s] step         step=196400 epoch=27 lr=0.00012381 g_loss=3.41181 d_loss=0.31782 cycle_loss=0.17153 identity_loss=0.15129 grad_norm=20.68797
[17259.655s] step         step=196450 epoch=27 lr=0.00012381 g_loss=2.73628 d_loss=0.28443 cycle_loss=0.14745 identity_loss=0.08985 grad_norm=15.06262
[17263.590s] step         step=196500 epoch=27 lr=0.00012381 g_loss=4.28824 d_loss=0.23776 cycle_loss=0.21722 identity_loss=0.17709 grad_norm=35.77761
[17267.574s] step         step=196550 epoch=27 lr=0.00012381 g_loss=3.39233 d_loss=0.18927 cycle_loss=0.14871 identity_loss=0.10314 grad_norm=19.49966
[17271.640s] step         step=196600 epoch=27 lr=0.00012381 g_loss=2.56644 d_loss=0.20803 cycle_loss=0.09866 identity_loss=0.08208 grad_norm=14.67708
[17275.558s] step         step=196650 epoch=27 lr=0.00012381 g_loss=3.13637 d_loss=0.2691 cycle_loss=0.13822 identity_loss=0.10777 grad_norm=15.84254
[17279.443s] step         step=196700 epoch=27 lr=0.00012381 g_loss=3.47151 d_loss=0.28415 cycle_loss=0.21724 identity_loss=0.08445 grad_norm=41.6521
[17283.476s] step         step=196750 epoch=27 lr=0.00012381 g_loss=2.74886 d_loss=0.47036 cycle_loss=0.16204 identity_loss=0.12051 grad_norm=26.29792
[17287.399s] step         step=196800 epoch=27 lr=0.00012381 g_loss=3.53229 d_loss=0.16131 cycle_loss=0.17009 identity_loss=0.13788 grad_norm=16.2946
[17291.306s] step         step=196850 epoch=27 lr=0.00012381 g_loss=3.24625 d_loss=0.10774 cycle_loss=0.17242 identity_loss=0.12125 grad_norm=19.34726
[17295.228s] step         step=196900 epoch=27 lr=0.00012381 g_loss=2.86149 d_loss=0.26132 cycle_loss=0.13686 identity_loss=0.12308 grad_norm=19.75543
[17299.172s] step         step=196950 epoch=27 lr=0.00012381 g_loss=3.59372 d_loss=0.20898 cycle_loss=0.15065 identity_loss=0.13623 grad_norm=23.45829
[17303.095s] step         step=197000 epoch=27 lr=0.00012381 g_loss=3.07267 d_loss=0.22684 cycle_loss=0.14176 identity_loss=0.10929 grad_norm=22.62612
[17307.048s] step         step=197050 epoch=27 lr=0.00012381 g_loss=3.51339 d_loss=0.28734 cycle_loss=0.16941 identity_loss=0.1816 grad_norm=15.97713
[17308.145s] epoch        epoch=27 step=197064 seconds=17294.1
[17308.433s] checkpoint   epoch=28 step=197064
[17311.303s] step         step=197100 epoch=28 lr=0.00011429 g_loss=3.25112 d_loss=0.22853 cycle_loss=0.13366 identity_loss=0.11033 grad_norm=17.51701
[17315.210s] step         step=197150 epoch=28 lr=0.00011429 g_loss=2.88676 d_loss=0.25423 cycle_loss=0.14234 identity_loss=0.08254 grad_norm=14.71654
[17319.110s] step         step=197200 epoch=28 lr=0.00011429 g_loss=2.7089 d_loss=0.18751 cycle_loss=0.14492 identity_loss=0.11805 grad_norm=20.29462
[17323.284s] step         step=197250 epoch=28 lr=0.00011429 g_loss=3.9816 d_loss=0.24113 cycle_loss=0.21159 identity_loss=0.17085 grad_norm=15.96616
[17327.205s] step         step=197300 epoch=28 lr=0.00011429 g_loss=4.47832 d_loss=0.29 cycle_loss=0.25283 identity_loss=0.26098 grad_norm=30.42141
[17331.130s] step         step=197350 epoch=28 lr=0.00011429 g_loss=2.92691 d_loss=0.24006 cycle_loss=0.1395 identity_loss=0.15144 grad_norm=20.78726
[17335.047s] step         step=197400 epoch=28 lr=0.00011429 g_loss=2.5124 d_loss=0.31805 cycle_loss=0.13004 identity_loss=0.11391 grad_norm=15.89662
[17338.962s] step         step=197450 epoch=28 lr=0.00011429 g_loss=4.28135 d_loss=0.23861 cycle_loss=0.17584 identity_loss=0.15398 grad_norm=18.78323
[17343.243s] step         step=197500 epoch=28 lr=0.00011429 g_loss=3.23297 d_loss=0.25146 cycle_loss=0.14098 identity_loss=0.1352 grad_norm=23.23222
[17347.222s] step         step=197550 epoch=28 lr=0.00011429 g_loss=3.08143 d_loss=0.14713 cycle_loss=0.12685 identity_loss=0.11577 grad_norm=24.16712
[17351.124s] step         step=197600 epoch=28 lr=0.00011429 g_loss=2.80853 d_loss=0.16096 cycle_loss=0.14213 identity_loss=0.08268 grad_norm=22.50445
[17355.038s] step         step=197650 epoch=28 lr=0.00011429 g_loss=2.65084 d_loss=0.34959 cycle_loss=0.12906 identity_loss=0.09705 grad_norm=14.37398
[17358.944s] step         step=197700 epoch=28 lr=0.00011429 g_loss=2.95548 d_loss=0.30819 cycle_loss=0.15914 identity_loss=0.10039 grad_norm=14.05565
[17362.872s] step         step=197750 epoch=28 lr=0.00011429 g_loss=3.4315 d_loss=0.23217 cycle_loss=0.14905 identity_loss=0.11554 grad_norm=17.93797
[17366.770s] step         step=197800 epoch=28 lr=0.00011429 g_loss=3.20021 d_loss=0.35204 cycle_loss=0.13781 identity_loss=0.08765 grad_norm=17.82266
[17370.718s] step         step=197850 epoch=28 lr=0.00011429 g_loss=3.538 d_loss=0.21189 cycle_loss=0.15477 identity_loss=0.11514 grad_norm=23.09148
[17374.637s] step         step=197900 epoch=28 lr=0.00011429 g_loss=2.60246 d_loss=0.2542 cycle_loss=0.11456 identity_loss=0.08683 grad_norm=13.18561
[17378.531s] step         step=197950 epoch=28 lr=0.00011429 g_loss=3.7338 d_loss=0.42863 cycle_loss=0.16822 identity_loss=0.14289 grad_norm=14.96328
[17382.569s] step         step=198000 epoch=28 lr=0.00011429 g_loss=2.86023 d_loss=0.22271 cycle_loss=0.1392 identity_loss=0.1197 grad_norm=16.86322
[17386.527s] step         step=198050 epoch=28 lr=0.00011429 g_loss=2.818 d_loss=0.34687 cycle_loss=0.13784 identity_loss=0.11937 grad_norm=16.09679
[17390.444s] step         step=198100 epoch=28 lr=0.00011429 g_loss=2.69193 d_loss=0.40415 cycle_loss=0.12925 identity_loss=0.12881 grad_norm=15.45219
[17394.410s] step         step=198150 epoch=28 lr=0.00011429 g_loss=3.61522 d_loss=0.40671 cycle_loss=0.22068 identity_loss=0.14967 grad_norm=27.87045
[17398.336s] step         step=198200 epoch=28 lr=0.00011429 g_loss=3.01565 d_loss=0.27112 cycle_loss=0.14691 identity_loss=0.11918 grad_norm=31.85672
[17402.241s] step         step=198250 epoch=28 lr=0.00011429 g_loss=4.33869 d_loss=0.15161 cycle_loss=0.23388 identity_loss=0.17966 grad_norm=26.19467
[17406.162s] step         step=198300 epoch=28 lr=0.00011429 g_loss=3.0911 d_loss=0.30274 cycle_loss=0.18368 identity_loss=0.13056 grad_norm=17.49679
[17410.072s] step         step=198350 epoch=28 lr=0.00011429 g_loss=3.38312 d_loss=0.15717 cycle_loss=0.17146 identity_loss=0.13859 grad_norm=39.51295
[17413.965s] step         step=198400 epoch=28 lr=0.00011429 g_loss=2.95229 d_loss=0.36483 cycle_loss=0.15667 identity_loss=0.10054 grad_norm=21.75638
[17417.887s] step         step=198450 epoch=28 lr=0.00011429 g_loss=2.88821 d_loss=0.2705 cycle_loss=0.1456 identity_loss=0.10946 grad_norm=15.35789
[17421.784s] step         step=198500 epoch=28 lr=0.00011429 g_loss=6.72294 d_loss=0.19871 cycle_loss=0.35751 identity_loss=0.43028 grad_norm=38.24047
[17425.829s] step         step=198550 epoch=28 lr=0.00011429 g_loss=3.72553 d_loss=0.19706 cycle_loss=0.19308 identity_loss=0.14992 grad_norm=17.46988
[17429.753s] step         step=198600 epoch=28 lr=0.00011429 g_loss=2.72543 d_loss=0.32517 cycle_loss=0.16658 identity_loss=0.11414 grad_norm=18.1537
[17433.655s] step         step=198650 epoch=28 lr=0.00011429 g_loss=3.73152 d_loss=0.16085 cycle_loss=0.19575 identity_loss=0.11847 grad_norm=33.12921
[17437.570s] step         step=198700 epoch=28 lr=0.00011429 g_loss=3.71201 d_loss=0.30992 cycle_loss=0.17188 identity_loss=0.13574 grad_norm=21.9885
[17441.457s] step         step=198750 epoch=28 lr=0.00011429 g_loss=3.31245 d_loss=0.14521 cycle_loss=0.16142 identity_loss=0.13488 grad_norm=34.85851
[17445.372s] step         step=198800 epoch=28 lr=0.00011429 g_loss=3.63134 d_loss=0.18308 cycle_loss=0.16747 identity_loss=0.14875 grad_norm=78.79974
[17449.290s] step         step=198850 epoch=28 lr=0.00011429 g_loss=2.51229 d_loss=0.47618 cycle_loss=0.10783 identity_loss=0.10032 grad_norm=16.02003
[17453.196s] step         step=198900 epoch=28 lr=0.00011429 g_loss=2.79841 d_loss=0.25864 cycle_loss=0.13326 identity_loss=0.10475 grad_norm=25.85995
[17457.115s] step         step=198950 epoch=28 lr=0.00011429 g_loss=2.74182 d_loss=0.35259 cycle_loss=0.17072 identity_loss=0.08226 grad_norm=19.18424
[17461.006s] step         step=199000 epoch=28 lr=0.00011429 g_loss=3.19265 d_loss=0.22603 cycle_loss=0.16168 identity_loss=0.09966 grad_norm=22.326
[17464.961s] step         step=199050 epoch=28 lr=0.00011429 g_loss=3.24829 d_loss=0.22289 cycle_loss=0.1492 identity_loss=0.11255 grad_norm=14.45379
[17468.882s] step         step=199100 epoch=28 lr=0.00011429 g_loss=3.92991 d_loss=0.14899 cycle_loss=0.19217 identity_loss=0.13136 grad_norm=23.23713
[17472.789s] step         step=199150 epoch=28 lr=0.00011429 g_loss=2.51732 d_loss=0.41424 cycle_loss=0.13824 identity_loss=0.10076 grad_norm=14.96794
[17476.708s] step         step=199200 epoch=28 lr=0.00011429 g_loss=6.12541 d_loss=0.18036 cycle_loss=0.32492 identity_loss=0.35137 grad_norm=39.95265
[17480.599s] step         step=199250 epoch=28 lr=0.00011429 g_loss=2.52493 d_loss=0.15435 cycle_loss=0.12072 identity_loss=0.09467 grad_norm=14.86769
[17484.502s] step         step=199300 epoch=28 lr=0.00011429 g_loss=2.72711 d_loss=0.2307 cycle_loss=0.10996 identity_loss=0.08445 grad_norm=11.16572
[17488.403s] step         step=199350 epoch=28 lr=0.00011429 g_loss=4.46356 d_loss=0.45723 cycle_loss=0.23178 identity_loss=0.22266 grad_norm=29.02143
[17492.368s] step         step=199400 epoch=28 lr=0.00011429 g_loss=2.70139 d_loss=0.1798 cycle_loss=0.12406 identity_loss=0.07245 grad_norm=16.6552
[17496.285s] step         step=199450 epoch=28 lr=0.00011429 g_loss=3.22341 d_loss=0.2722 cycle_loss=0.14819 identity_loss=0.10812 grad_norm=16.86369
[17500.172s] step         step=199500 epoch=28 lr=0.00011429 g_loss=2.25927 d_loss=0.23053 cycle_loss=0.11904 identity_loss=0.07576 grad_norm=15.20446
[17504.164s] step         step=199550 epoch=28 lr=0.00011429 g_loss=2.77735 d_loss=0.37621 cycle_loss=0.15064 identity_loss=0.11171 grad_norm=20.09094
[17508.082s] step         step=199600 epoch=28 lr=0.00011429 g_loss=2.18153 d_loss=0.36556 cycle_loss=0.13462 identity_loss=0.09168 grad_norm=19.30844
[17511.986s] step         step=199650 epoch=28 lr=0.00011429 g_loss=3.74436 d_loss=0.12479 cycle_loss=0.16374 identity_loss=0.1286 grad_norm=24.07012
[17515.890s] step         step=199700 epoch=28 lr=0.00011429 g_loss=4.37264 d_loss=0.26393 cycle_loss=0.16235 identity_loss=0.19498 grad_norm=28.29791
[17519.789s] step         step=199750 epoch=28 lr=0.00011429 g_loss=2.84054 d_loss=0.38293 cycle_loss=0.14728 identity_loss=0.12966 grad_norm=28.48482
[17523.677s] step         step=199800 epoch=28 lr=0.00011429 g_loss=4.01607 d_loss=0.1841 cycle_loss=0.21614 identity_loss=0.09489 grad_norm=22.2373
[17527.556s] step         step=199850 epoch=28 lr=0.00011429 g_loss=2.29996 d_loss=0.33461 cycle_loss=0.12777 identity_loss=0.09218 grad_norm=12.96006
[17531.456s] step         step=199900 epoch=28 lr=0.00011429 g_loss=3.25537 d_loss=0.18128 cycle_loss=0.1564 identity_loss=0.12126 grad_norm=19.22998
[17535.359s] step         step=199950 epoch=28 lr=0.00011429 g_loss=4.07364 d_loss=0.18442 cycle_loss=0.22095 identity_loss=0.1618 grad_norm=72.75353
[17539.266s] step         step=200000 epoch=28 lr=0.00011429 g_loss=2.66704 d_loss=0.25773 cycle_loss=0.11676 identity_loss=0.1066 grad_norm=16.92871
[17543.259s] step         step=200050 epoch=28 lr=0.00011429 g_loss=3.14062 d_loss=0.30061 cycle_loss=0.1571 identity_loss=0.12149 grad_norm=16.40144
[17547.137s] step         step=200100 epoch=28 lr=0.00011429 g_loss=2.56819 d_loss=0.24491 cycle_loss=0.13176 identity_loss=0.10972 grad_norm=9.56929
[17551.066s] step         step=200150 epoch=28 lr=0.00011429 g_loss=3.66092 d_loss=0.12935 cycle_loss=0.17837 identity_loss=0.16846 grad_norm=53.77731
[17554.962s] step         step=200200 epoch=28 lr=0.00011429 g_loss=2.41514 d_loss=0.83918 cycle_loss=0.15968 identity_loss=0.10671 grad_norm=13.66173
[17558.859s] step         step=200250 epoch=28 lr=0.00011429 g_loss=3.75884 d_loss=0.25201 cycle_loss=0.14228 identity_loss=0.08302 grad_norm=33.53742
[17562.760s] step         step=200300 epoch=28 lr=0.00011429 g_loss=3.09738 d_loss=0.27177 cycle_loss=0.13937 identity_loss=0.1017 grad_norm=24.32657
[17566.659s] step         step=200350 epoch=28 lr=0.00011429 g_loss=2.58949 d_loss=0.33516 cycle_loss=0.13034 identity_loss=0.08994 grad_norm=13.19906
[17570.622s] step         step=200400 epoch=28 lr=0.00011429 g_loss=3.45708 d_loss=0.28635 cycle_loss=0.1666 identity_loss=0.10371 grad_norm=25.03939
[17574.603s] step         step=200450 epoch=28 lr=0.00011429 g_loss=3.32566 d_loss=0.4393 cycle_loss=0.17625 identity_loss=0.12996 grad_norm=17.10891
[17578.511s] step         step=200500 epoch=28 lr=0.00011429 g_loss=2.92524 d_loss=0.16747 cycle_loss=0.11602 identity_loss=0.06958 grad_norm=17.44174
[17582.466s] step         step=200550 epoch=28 lr=0.00011429 g_loss=3.36211 d_loss=0.40566 cycle_loss=0.18436 identity_loss=0.16359 grad_norm=22.51495
[17586.396s] step         step=200600 epoch=28 lr=0.00011429 g_loss=3.12289 d_loss=0.23405 cycle_loss=0.1328 identity_loss=0.11174 grad_norm=26.75201
[17590.341s] step         step=200650 epoch=28 lr=0.00011429 g_loss=2.25223 d_loss=0.23271 cycle_loss=0.11345 identity_loss=0.08878 grad_norm=20.35699
[17594.252s] step         step=200700 epoch=28 lr=0.00011429 g_loss=3.34971 d_loss=0.13563 cycle_loss=0.16692 identity_loss=0.099 grad_norm=22.50596
[17598.182s] step         step=200750 epoch=28 lr=0.00011429 g_loss=2.61712 d_loss=0.40382 cycle_loss=0.13936 identity_loss=0.07906 grad_norm=16.34222
[17602.066s] step         step=200800 epoch=28 lr=0.00011429 g_loss=4.14344 d_loss=0.15216 cycle_loss=0.20354 identity_loss=0.15115 grad_norm=35.5798
[17606.104s] step         step=200850 epoch=28 lr=0.00011429 g_loss=2.88975 d_loss=0.40664 cycle_loss=0.14152 identity_loss=0.0953 grad_norm=26.39537
[17610.047s] step         step=200900 epoch=28 lr=0.00011429 g_loss=2.4412 d_loss=0.20284 cycle_loss=0.12337 identity_loss=0.09807 grad_norm=15.54923
[17613.979s] step         step=200950 epoch=28 lr=0.00011429 g_loss=2.92629 d_loss=0.21995 cycle_loss=0.13163 identity_loss=0.08726 grad_norm=22.20411
[17617.934s] step         step=201000 epoch=28 lr=0.00011429 g_loss=2.17847 d_loss=0.32411 cycle_loss=0.11286 identity_loss=0.08438 grad_norm=15.28169
[17621.924s] step         step=201050 epoch=28 lr=0.00011429 g_loss=2.5069 d_loss=0.44337 cycle_loss=0.11738 identity_loss=0.09001 grad_norm=9.68211
[17626.222s] step         step=201100 epoch=28 lr=0.00011429 g_loss=2.46847 d_loss=0.36183 cycle_loss=0.12183 identity_loss=0.07927 grad_norm=15.76873
[17630.113s] step         step=201150 epoch=28 lr=0.00011429 g_loss=3.82261 d_loss=0.24306 cycle_loss=0.18882 identity_loss=0.18645 grad_norm=32.8734
[17634.553s] step         step=201200 epoch=28 lr=0.00011429 g_loss=2.45192 d_loss=0.19863 cycle_loss=0.12072 identity_loss=0.07709 grad_norm=20.06842
[17638.487s] step         step=201250 epoch=28 lr=0.00011429 g_loss=3.64468 d_loss=0.19614 cycle_loss=0.18394 identity_loss=0.13028 grad_norm=18.91518
[17642.389s] step         step=201300 epoch=28 lr=0.00011429 g_loss=4.54273 d_loss=0.223 cycle_loss=0.27314 identity_loss=0.13634 grad_norm=32.94266
[17646.312s] step         step=201350 epoch=28 lr=0.00011429 g_loss=2.76339 d_loss=0.32479 cycle_loss=0.14469 identity_loss=0.09776 grad_norm=17.92458
[17650.216s] step         step=201400 epoch=28 lr=0.00011429 g_loss=2.75312 d_loss=0.30018 cycle_loss=0.12743 identity_loss=0.0915 grad_norm=28.9397
[17654.167s] step         step=201450 epoch=28 lr=0.00011429 g_loss=2.97298 d_loss=0.16517 cycle_loss=0.14478 identity_loss=0.1285 grad_norm=19.55181
[17658.079s] step         step=201500 epoch=28 lr=0.00011429 g_loss=3.31049 d_loss=0.1571 cycle_loss=0.14717 identity_loss=0.14415 grad_norm=22.79245
[17662.044s] step         step=201550 epoch=28 lr=0.00011429 g_loss=3.20229 d_loss=0.1844 cycle_loss=0.12188 identity_loss=0.11908 grad_norm=18.13114
[17665.935s] step         step=201600 epoch=28 lr=0.00011429 g_loss=3.14528 d_loss=0.23589 cycle_loss=0.17293 identity_loss=0.1134 grad_norm=21.40041
[17669.844s] step         step=201650 epoch=28 lr=0.00011429 g_loss=2.95899 d_loss=0.33866 cycle_loss=0.12908 identity_loss=0.13836 grad_norm=27.51999
[17673.728s] step         step=201700 epoch=28 lr=0.00011429 g_loss=3.04767 d_loss=0.41852 cycle_loss=0.14987 identity_loss=0.11758 grad_norm=8.32987
[17677.609s] step         step=201750 epoch=28 lr=0.00011429 g_loss=4.17238 d_loss=0.21335 cycle_loss=0.22107 identity_loss=0.14073 grad_norm=28.88898
[17681.519s] step         step=201800 epoch=28 lr=0.00011429 g_loss=2.44406 d_loss=0.21155 cycle_loss=0.12374 identity_loss=0.11514 grad_norm=13.80823
[17685.428s] step         step=201850 epoch=28 lr=0.00011429 g_loss=2.9882 d_loss=0.29153 cycle_loss=0.143 identity_loss=0.1122 grad_norm=17.11507
[17689.315s] step         step=201900 epoch=28 lr=0.00011429 g_loss=2.89874 d_loss=0.1915 cycle_loss=0.13721 identity_loss=0.09924 grad_norm=18.74262
[17693.212s] step         step=201950 epoch=28 lr=0.00011429 g_loss=4.82528 d_loss=0.19136 cycle_loss=0.25035 identity_loss=0.20036 grad_norm=31.31317
[17697.133s] step         step=202000 epoch=28 lr=0.00011429 g_loss=4.78555 d_loss=0.26737 cycle_loss=0.2484 identity_loss=0.22102 grad_norm=26.39417
[17701.095s] step         step=202050 epoch=28 lr=0.00011429 g_loss=3.95621 d_loss=0.19468 cycle_loss=0.19722 identity_loss=0.14128 grad_norm=35.50643
[17704.971s] step         step=202100 epoch=28 lr=0.00011429 g_loss=2.15687 d_loss=0.38155 cycle_loss=0.1089 identity_loss=0.11005 grad_norm=19.34674
[17708.849s] step         step=202150 epoch=28 lr=0.00011429 g_loss=3.31589 d_loss=0.21154 cycle_loss=0.15756 identity_loss=0.13641 grad_norm=14.70189
[17712.728s] step         step=202200 epoch=28 lr=0.00011429 g_loss=2.63131 d_loss=0.20971 cycle_loss=0.14175 identity_loss=0.12422 grad_norm=13.21154
[17716.662s] step         step=202250 epoch=28 lr=0.00011429 g_loss=2.90354 d_loss=0.19024 cycle_loss=0.14125 identity_loss=0.10895 grad_norm=31.42473
[17720.556s] step         step=202300 epoch=28 lr=0.00011429 g_loss=3.23612 d_loss=0.26704 cycle_loss=0.13855 identity_loss=0.10758 grad_norm=21.03824
[17724.574s] step         step=202350 epoch=28 lr=0.00011429 g_loss=3.27218 d_loss=0.25429 cycle_loss=0.15852 identity_loss=0.10693 grad_norm=20.76277
[17728.466s] step         step=202400 epoch=28 lr=0.00011429 g_loss=2.47904 d_loss=0.14089 cycle_loss=0.10908 identity_loss=0.07404 grad_norm=18.81525
[17732.356s] step         step=202450 epoch=28 lr=0.00011429 g_loss=4.9577 d_loss=0.15466 cycle_loss=0.27074 identity_loss=0.1852 grad_norm=44.22831
[17736.221s] step         step=202500 epoch=28 lr=0.00011429 g_loss=2.98392 d_loss=0.24681 cycle_loss=0.11147 identity_loss=0.09465 grad_norm=14.19579
[17740.189s] step         step=202550 epoch=28 lr=0.00011429 g_loss=2.73827 d_loss=0.31564 cycle_loss=0.11867 identity_loss=0.1201 grad_norm=10.63973
[17744.108s] step         step=202600 epoch=28 lr=0.00011429 g_loss=2.65817 d_loss=0.34773 cycle_loss=0.13651 identity_loss=0.0949 grad_norm=17.17065
[17748.011s] step         step=202650 epoch=28 lr=0.00011429 g_loss=4.2686 d_loss=0.21986 cycle_loss=0.25 identity_loss=0.21849 grad_norm=34.80233
[17751.906s] step         step=202700 epoch=28 lr=0.00011429 g_loss=3.16201 d_loss=0.21851 cycle_loss=0.16248 identity_loss=0.1184 grad_norm=15.25403
[17755.866s] step         step=202750 epoch=28 lr=0.00011429 g_loss=3.32062 d_loss=0.30062 cycle_loss=0.16779 identity_loss=0.14151 grad_norm=24.11527
[17759.812s] step         step=202800 epoch=28 lr=0.00011429 g_loss=2.94347 d_loss=0.55111 cycle_loss=0.11562 identity_loss=0.11374 grad_norm=17.47374
[17763.917s] step         step=202850 epoch=28 lr=0.00011429 g_loss=3.93087 d_loss=0.32456 cycle_loss=0.2011 identity_loss=0.16134 grad_norm=15.16581
[17767.817s] step         step=202900 epoch=28 lr=0.00011429 g_loss=3.12042 d_loss=0.35636 cycle_loss=0.19272 identity_loss=0.10532 grad_norm=28.268
[17771.719s] step         step=202950 epoch=28 lr=0.00011429 g_loss=3.02416 d_loss=0.46372 cycle_loss=0.14965 identity_loss=0.13633 grad_norm=21.82267
[17775.593s] step         step=203000 epoch=28 lr=0.00011429 g_loss=2.97396 d_loss=0.1862 cycle_loss=0.1365 identity_loss=0.1036 grad_norm=20.92689
[17779.550s] step         step=203050 epoch=28 lr=0.00011429 g_loss=2.59378 d_loss=0.24485 cycle_loss=0.1238 identity_loss=0.07419 grad_norm=15.53966
[17783.497s] step         step=203100 epoch=28 lr=0.00011429 g_loss=2.79469 d_loss=0.17929 cycle_loss=0.1165 identity_loss=0.079 grad_norm=30.16414
[17787.388s] step         step=203150 epoch=28 lr=0.00011429 g_loss=3.00616 d_loss=0.30421 cycle_loss=0.14604 identity_loss=0.09463 grad_norm=14.92946
[17791.276s] step         step=203200 epoch=28 lr=0.00011429 g_loss=3.2394 d_loss=0.22452 cycle_loss=0.13399 identity_loss=0.10839 grad_norm=13.39746
[17795.203s] step         step=203250 epoch=28 lr=0.00011429 g_loss=3.50844 d_loss=0.21875 cycle_loss=0.1785 identity_loss=0.14112 grad_norm=21.31127
[17799.109s] step         step=203300 epoch=28 lr=0.00011429 g_loss=3.76991 d_loss=0.25011 cycle_loss=0.16827 identity_loss=0.14562 grad_norm=27.19997
[17803.014s] step         step=203350 epoch=28 lr=0.00011429 g_loss=4.10191 d_loss=0.45047 cycle_loss=0.2231 identity_loss=0.13122 grad_norm=25.96087
[17806.925s] step         step=203400 epoch=28 lr=0.00011429 g_loss=2.76618 d_loss=0.26233 cycle_loss=0.13873 identity_loss=0.08815 grad_norm=35.57341
[17810.846s] step         step=203450 epoch=28 lr=0.00011429 g_loss=3.084 d_loss=0.19112 cycle_loss=0.15048 identity_loss=0.09328 grad_norm=18.6636
[17814.766s] step         step=203500 epoch=28 lr=0.00011429 g_loss=2.38412 d_loss=0.38347 cycle_loss=0.12095 identity_loss=0.07615 grad_norm=24.24321
[17818.742s] step         step=203550 epoch=28 lr=0.00011429 g_loss=2.92287 d_loss=0.35456 cycle_loss=0.14328 identity_loss=0.12012 grad_norm=24.43789
[17822.637s] step         step=203600 epoch=28 lr=0.00011429 g_loss=3.65957 d_loss=0.21244 cycle_loss=0.14739 identity_loss=0.13829 grad_norm=12.98667
[17826.528s] step         step=203650 epoch=28 lr=0.00011429 g_loss=3.12141 d_loss=0.22518 cycle_loss=0.13408 identity_loss=0.11152 grad_norm=13.57455
[17830.430s] step         step=203700 epoch=28 lr=0.00011429 g_loss=3.33511 d_loss=0.29994 cycle_loss=0.18382 identity_loss=0.12234 grad_norm=26.37957
[17834.352s] step         step=203750 epoch=28 lr=0.00011429 g_loss=2.88433 d_loss=0.1155 cycle_loss=0.11592 identity_loss=0.09426 grad_norm=33.43415
[17838.255s] step         step=203800 epoch=28 lr=0.00011429 g_loss=2.95521 d_loss=0.23783 cycle_loss=0.14886 identity_loss=0.09992 grad_norm=15.94695
[17842.144s] step         step=203850 epoch=28 lr=0.00011429 g_loss=2.4472 d_loss=0.24919 cycle_loss=0.13766 identity_loss=0.09828 grad_norm=21.53025
[17846.052s] step         step=203900 epoch=28 lr=0.00011429 g_loss=2.46186 d_loss=0.50326 cycle_loss=0.13044 identity_loss=0.10008 grad_norm=11.40855
[17849.928s] step         step=203950 epoch=28 lr=0.00011429 g_loss=5.81343 d_loss=0.2077 cycle_loss=0.32659 identity_loss=0.35644 grad_norm=23.72092
[17853.822s] step         step=204000 epoch=28 lr=0.00011429 g_loss=2.8037 d_loss=0.28471 cycle_loss=0.15953 identity_loss=0.10872 grad_norm=17.0238
[17857.740s] step         step=204050 epoch=28 lr=0.00011429 g_loss=3.13906 d_loss=0.22388 cycle_loss=0.14293 identity_loss=0.09083 grad_norm=20.42344
[17861.628s] step         step=204100 epoch=28 lr=0.00011429 g_loss=3.12677 d_loss=0.16905 cycle_loss=0.13647 identity_loss=0.09187 grad_norm=20.24888
[17861.786s] epoch        epoch=28 step=204102 seconds=17847.8
[17862.076s] checkpoint   epoch=29 step=204102
[17865.853s] step         step=204150 epoch=29 lr=0.00010476 g_loss=2.86099 d_loss=0.35784 cycle_loss=0.13541 identity_loss=0.1003 grad_norm=32.60742
[17869.783s] step         step=204200 epoch=29 lr=0.00010476 g_loss=4.46821 d_loss=0.19853 cycle_loss=0.21372 identity_loss=0.17208 grad_norm=50.39386
[17873.747s] step         step=204250 epoch=29 lr=0.00010476 g_loss=5.25169 d_loss=0.15416 cycle_loss=0.23766 identity_loss=0.2741 grad_norm=41.99732
[17877.656s] step         step=204300 epoch=29 lr=0.00010476 g_loss=2.95647 d_loss=0.21833 cycle_loss=0.13147 identity_loss=0.09057 grad_norm=16.93246
[17881.568s] step         step=204350 epoch=29 lr=0.00010476 g_loss=2.49624 d_loss=0.49617 cycle_loss=0.14005 identity_loss=0.10577 grad_norm=12.03829
[17885.463s] step         step=204400 epoch=29 lr=0.00010476 g_loss=3.50422 d_loss=0.15803 cycle_loss=0.18061 identity_loss=0.14864 grad_norm=16.87565
[17889.368s] step         step=204450 epoch=29 lr=0.00010476 g_loss=3.81788 d_loss=0.28637 cycle_loss=0.20284 identity_loss=0.16456 grad_norm=20.89341
[17893.257s] step         step=204500 epoch=29 lr=0.00010476 g_loss=4.13176 d_loss=0.16529 cycle_loss=0.20041 identity_loss=0.16128 grad_norm=28.18779
[17897.207s] step         step=204550 epoch=29 lr=0.00010476 g_loss=2.80599 d_loss=0.33667 cycle_loss=0.11592 identity_loss=0.11136 grad_norm=20.2626
[17901.117s] step         step=204600 epoch=29 lr=0.00010476 g_loss=2.92107 d_loss=0.25281 cycle_loss=0.16398 identity_loss=0.11998 grad_norm=15.57081
[17905.115s] step         step=204650 epoch=29 lr=0.00010476 g_loss=3.48613 d_loss=0.43573 cycle_loss=0.18897 identity_loss=0.14164 grad_norm=25.49344
[17909.330s] step         step=204700 epoch=29 lr=0.00010476 g_loss=3.08772 d_loss=0.10899 cycle_loss=0.11612 identity_loss=0.09962 grad_norm=14.93238
[17913.236s] step         step=204750 epoch=29 lr=0.00010476 g_loss=4.24429 d_loss=0.23853 cycle_loss=0.19192 identity_loss=0.15586 grad_norm=35.68417
[17917.187s] step         step=204800 epoch=29 lr=0.00010476 g_loss=2.07126 d_loss=0.30214 cycle_loss=0.09902 identity_loss=0.07863 grad_norm=16.67828
[17921.148s] step         step=204850 epoch=29 lr=0.00010476 g_loss=2.78052 d_loss=0.17179 cycle_loss=0.10915 identity_loss=0.07331 grad_norm=19.06064
[17925.106s] step         step=204900 epoch=29 lr=0.00010476 g_loss=3.16548 d_loss=0.09742 cycle_loss=0.13568 identity_loss=0.10363 grad_norm=17.12128
[17929.322s] step         step=204950 epoch=29 lr=0.00010476 g_loss=2.10703 d_loss=0.17379 cycle_loss=0.10166 identity_loss=0.08146 grad_norm=13.07356
[17933.473s] step         step=205000 epoch=29 lr=0.00010476 g_loss=3.36008 d_loss=0.19207 cycle_loss=0.19012 identity_loss=0.11193 grad_norm=25.88698
[17937.460s] step         step=205050 epoch=29 lr=0.00010476 g_loss=2.80465 d_loss=0.21673 cycle_loss=0.13634 identity_loss=0.13339 grad_norm=18.52568
[17941.343s] step         step=205100 epoch=29 lr=0.00010476 g_loss=3.85676 d_loss=0.20967 cycle_loss=0.21016 identity_loss=0.18806 grad_norm=22.40437
[17945.230s] step         step=205150 epoch=29 lr=0.00010476 g_loss=2.60028 d_loss=0.68374 cycle_loss=0.13041 identity_loss=0.08707 grad_norm=21.60578
[17949.155s] step         step=205200 epoch=29 lr=0.00010476 g_loss=2.63175 d_loss=0.2758 cycle_loss=0.12344 identity_loss=0.08197 grad_norm=16.39075
[17953.084s] step         step=205250 epoch=29 lr=0.00010476 g_loss=3.85763 d_loss=0.25838 cycle_loss=0.20701 identity_loss=0.13686 grad_norm=35.14479
[17957.024s] step         step=205300 epoch=29 lr=0.00010476 g_loss=2.83544 d_loss=0.15679 cycle_loss=0.13369 identity_loss=0.10614 grad_norm=19.38689
[17960.939s] step         step=205350 epoch=29 lr=0.00010476 g_loss=2.73014 d_loss=0.31517 cycle_loss=0.14093 identity_loss=0.11007 grad_norm=15.91851
[17964.842s] step         step=205400 epoch=29 lr=0.00010476 g_loss=3.22163 d_loss=0.156 cycle_loss=0.1572 identity_loss=0.09522 grad_norm=12.30635
[17968.749s] step         step=205450 epoch=29 lr=0.00010476 g_loss=2.82438 d_loss=0.29453 cycle_loss=0.1339 identity_loss=0.11511 grad_norm=21.70597
[17972.672s] step         step=205500 epoch=29 lr=0.00010476 g_loss=2.70798 d_loss=0.21977 cycle_loss=0.12529 identity_loss=0.09341 grad_norm=19.50512
[17976.651s] step         step=205550 epoch=29 lr=0.00010476 g_loss=3.37958 d_loss=0.13966 cycle_loss=0.15769 identity_loss=0.11432 grad_norm=19.39582
[17980.546s] step         step=205600 epoch=29 lr=0.00010476 g_loss=3.75173 d_loss=0.44829 cycle_loss=0.19064 identity_loss=0.15816 grad_norm=16.84775
[17984.438s] step         step=205650 epoch=29 lr=0.00010476 g_loss=2.9194 d_loss=0.52089 cycle_loss=0.17622 identity_loss=0.12099 grad_norm=13.48293
[17988.363s] step         step=205700 epoch=29 lr=0.00010476 g_loss=2.64563 d_loss=0.46278 cycle_loss=0.12478 identity_loss=0.10461 grad_norm=12.81896
[17992.334s] step         step=205750 epoch=29 lr=0.00010476 g_loss=2.66235 d_loss=0.25016 cycle_loss=0.10883 identity_loss=0.08083 grad_norm=14.68689
[17996.234s] step         step=205800 epoch=29 lr=0.00010476 g_loss=3.43726 d_loss=0.21078 cycle_loss=0.1569 identity_loss=0.10433 grad_norm=22.44103
[18000.128s] step         step=205850 epoch=29 lr=0.00010476 g_loss=3.3069 d_loss=0.07574 cycle_loss=0.15172 identity_loss=0.10813 grad_norm=19.63928
[18004.041s] step         step=205900 epoch=29 lr=0.00010476 g_loss=3.46089 d_loss=0.29723 cycle_loss=0.17385 identity_loss=0.12201 grad_norm=24.31196
[18007.953s] step         step=205950 epoch=29 lr=0.00010476 g_loss=3.03091 d_loss=0.32491 cycle_loss=0.11366 identity_loss=0.09614 grad_norm=15.19106
[18011.867s] step         step=206000 epoch=29 lr=0.00010476 g_loss=2.5509 d_loss=0.22513 cycle_loss=0.11126 identity_loss=0.07269 grad_norm=17.38072
[18015.853s] step         step=206050 epoch=29 lr=0.00010476 g_loss=2.23622 d_loss=0.53922 cycle_loss=0.13408 identity_loss=0.07199 grad_norm=27.63547
[18019.754s] step         step=206100 epoch=29 lr=0.00010476 g_loss=2.32353 d_loss=0.37133 cycle_loss=0.12187 identity_loss=0.0718 grad_norm=19.81938
[18023.711s] step         step=206150 epoch=29 lr=0.00010476 g_loss=3.85637 d_loss=0.18396 cycle_loss=0.16331 identity_loss=0.12305 grad_norm=27.34275
[18027.632s] step         step=206200 epoch=29 lr=0.00010476 g_loss=2.96784 d_loss=0.32882 cycle_loss=0.13072 identity_loss=0.10052 grad_norm=22.06943
[18031.529s] step         step=206250 epoch=29 lr=0.00010476 g_loss=3.53146 d_loss=0.24997 cycle_loss=0.15503 identity_loss=0.12068 grad_norm=23.79279
[18035.425s] step         step=206300 epoch=29 lr=0.00010476 g_loss=3.96641 d_loss=0.35585 cycle_loss=0.19029 identity_loss=0.12669 grad_norm=27.57286
[18039.342s] step         step=206350 epoch=29 lr=0.00010476 g_loss=3.12801 d_loss=0.15999 cycle_loss=0.14019 identity_loss=0.09905 grad_norm=36.39909
[18043.353s] step         step=206400 epoch=29 lr=0.00010476 g_loss=3.09867 d_loss=0.11599 cycle_loss=0.13249 identity_loss=0.07421 grad_norm=17.70728
[18047.308s] step         step=206450 epoch=29 lr=0.00010476 g_loss=2.47478 d_loss=0.52418 cycle_loss=0.11498 identity_loss=0.09213 grad_norm=14.07626
[18051.337s] step         step=206500 epoch=29 lr=0.00010476 g_loss=2.95313 d_loss=0.26841 cycle_loss=0.13144 identity_loss=0.11031 grad_norm=28.02106
[18055.380s] step         step=206550 epoch=29 lr=0.00010476 g_loss=2.84538 d_loss=0.19956 cycle_loss=0.12313 identity_loss=0.15286 grad_norm=20.46152
[18059.361s] step         step=206600 epoch=29 lr=0.00010476 g_loss=4.57267 d_loss=0.39471 cycle_loss=0.21344 identity_loss=0.20095 grad_norm=29.40335
[18063.584s] step         step=206650 epoch=29 lr=0.00010476 g_loss=2.93118 d_loss=0.47481 cycle_loss=0.15562 identity_loss=0.11964 grad_norm=20.01329
[18067.812s] step         step=206700 epoch=29 lr=0.00010476 g_loss=2.54439 d_loss=0.27316 cycle_loss=0.14025 identity_loss=0.08873 grad_norm=13.79069
[18071.956s] step         step=206750 epoch=29 lr=0.00010476 g_loss=3.5062 d_loss=0.30612 cycle_loss=0.16991 identity_loss=0.13449 grad_norm=14.18973
[18075.945s] step         step=206800 epoch=29 lr=0.00010476 g_loss=2.98907 d_loss=0.27333 cycle_loss=0.15548 identity_loss=0.11763 grad_norm=19.16435
[18079.908s] step         step=206850 epoch=29 lr=0.00010476 g_loss=3.08367 d_loss=0.19147 cycle_loss=0.14617 identity_loss=0.11732 grad_norm=20.29917
[18083.921s] step         step=206900 epoch=29 lr=0.00010476 g_loss=2.8633 d_loss=0.25909 cycle_loss=0.1453 identity_loss=0.09356 grad_norm=20.84656
[18087.878s] step         step=206950 epoch=29 lr=0.00010476 g_loss=3.40866 d_loss=0.22585 cycle_loss=0.13031 identity_loss=0.11762 grad_norm=45.57543
[18091.888s] step         step=207000 epoch=29 lr=0.00010476 g_loss=3.00376 d_loss=0.33037 cycle_loss=0.14608 identity_loss=0.0636 grad_norm=36.70274
[18095.856s] step         step=207050 epoch=29 lr=0.00010476 g_loss=3.28879 d_loss=0.21957 cycle_loss=0.16896 identity_loss=0.11813 grad_norm=27.45772
[18099.789s] step         step=207100 epoch=29 lr=0.00010476 g_loss=3.19051 d_loss=0.19953 cycle_loss=0.1402 identity_loss=0.10756 grad_norm=24.07381
[18103.685s] step         step=207150 epoch=29 lr=0.00010476 g_loss=2.91155 d_loss=0.23925 cycle_loss=0.14498 identity_loss=0.098 grad_norm=33.93401
[18107.591s] step         step=207200 epoch=29 lr=0.00010476 g_loss=3.14293 d_loss=0.24764 cycle_loss=0.18266 identity_loss=0.133 grad_norm=14.25927
[18111.549s] step         step=207250 epoch=29 lr=0.00010476 g_loss=3.18748 d_loss=0.2054 cycle_loss=0.13667 identity_loss=0.09388 grad_norm=16.43653
[18115.449s] step         step=207300 epoch=29 lr=0.00010476 g_loss=2.69657 d_loss=0.23513 cycle_loss=0.12899 identity_loss=0.08218 grad_norm=15.44648
[18119.365s] step         step=207350 epoch=29 lr=0.00010476 g_loss=4.36921 d_loss=0.36746 cycle_loss=0.22167 identity_loss=0.2277 grad_norm=31.72856
[18123.282s] step         step=207400 epoch=29 lr=0.00010476 g_loss=3.28171 d_loss=0.19089 cycle_loss=0.15721 identity_loss=0.1007 grad_norm=18.73795
[18127.182s] step         step=207450 epoch=29 lr=0.00010476 g_loss=3.20276 d_loss=0.2592 cycle_loss=0.16227 identity_loss=0.10138 grad_norm=24.33608
[18131.065s] step         step=207500 epoch=29 lr=0.00010476 g_loss=3.59528 d_loss=0.36689 cycle_loss=0.1742 identity_loss=0.14093 grad_norm=17.50358
[18135.014s] step         step=207550 epoch=29 lr=0.00010476 g_loss=2.77511 d_loss=0.25623 cycle_loss=0.12695 identity_loss=0.08635 grad_norm=18.0557
[18138.908s] step         step=207600 epoch=29 lr=0.00010476 g_loss=3.53336 d_loss=0.3542 cycle_loss=0.21485 identity_loss=0.17944 grad_norm=43.05133
[18142.784s] step         step=207650 epoch=29 lr=0.00010476 g_loss=2.50947 d_loss=0.21683 cycle_loss=0.1118 identity_loss=0.08011 grad_norm=15.1784
[18147.120s] step         step=207700 epoch=29 lr=0.00010476 g_loss=2.85238 d_loss=0.18643 cycle_loss=0.15311 identity_loss=0.09727 grad_norm=25.00995
[18151.015s] step         step=207750 epoch=29 lr=0.00010476 g_loss=2.6739 d_loss=0.22206 cycle_loss=0.13452 identity_loss=0.08711 grad_norm=21.64948
[18154.908s] step         step=207800 epoch=29 lr=0.00010476 g_loss=3.10527 d_loss=0.51838 cycle_loss=0.15225 identity_loss=0.12391 grad_norm=16.81441
[18158.811s] step         step=207850 epoch=29 lr=0.00010476 g_loss=3.35382 d_loss=0.21079 cycle_loss=0.15419 identity_loss=0.09602 grad_norm=23.22025
[18162.786s] step         step=207900 epoch=29 lr=0.00010476 g_loss=2.93506 d_loss=0.33882 cycle_loss=0.15084 identity_loss=0.0886 grad_norm=22.25713
[18166.665s] step         step=207950 epoch=29 lr=0.00010476 g_loss=3.06619 d_loss=0.30144 cycle_loss=0.16015 identity_loss=0.14945 grad_norm=19.55445
[18170.663s] step         step=208000 epoch=29 lr=0.00010476 g_loss=2.57273 d_loss=0.25017 cycle_loss=0.12556 identity_loss=0.09064 grad_norm=13.83277
[18174.636s] step         step=208050 epoch=29 lr=0.00010476 g_loss=3.77154 d_loss=0.25655 cycle_loss=0.13789 identity_loss=0.17985 grad_norm=20.44787
[18178.549s] step         step=208100 epoch=29 lr=0.00010476 g_loss=2.51425 d_loss=0.50181 cycle_loss=0.14644 identity_loss=0.0972 grad_norm=15.26357
[18182.529s] step         step=208150 epoch=29 lr=0.00010476 g_loss=3.57757 d_loss=0.21782 cycle_loss=0.16932 identity_loss=0.09671 grad_norm=22.13329
[18186.419s] step         step=208200 epoch=29 lr=0.00010476 g_loss=2.73251 d_loss=0.27499 cycle_loss=0.11092 identity_loss=0.08918 grad_norm=39.59144
[18190.340s] step         step=208250 epoch=29 lr=0.00010476 g_loss=2.65959 d_loss=0.44494 cycle_loss=0.15036 identity_loss=0.09656 grad_norm=19.7019
[18194.262s] step         step=208300 epoch=29 lr=0.00010476 g_loss=2.87026 d_loss=0.2932 cycle_loss=0.13459 identity_loss=0.10334 grad_norm=14.59531
[18198.199s] step         step=208350 epoch=29 lr=0.00010476 g_loss=3.12976 d_loss=0.3428 cycle_loss=0.14917 identity_loss=0.10274 grad_norm=27.13159
[18202.107s] step         step=208400 epoch=29 lr=0.00010476 g_loss=3.66822 d_loss=0.20316 cycle_loss=0.16807 identity_loss=0.11558 grad_norm=14.0659
[18206.053s] step         step=208450 epoch=29 lr=0.00010476 g_loss=2.34822 d_loss=0.43482 cycle_loss=0.13904 identity_loss=0.07642 grad_norm=19.32272
[18209.975s] step         step=208500 epoch=29 lr=0.00010476 g_loss=2.88454 d_loss=0.18889 cycle_loss=0.12802 identity_loss=0.08436 grad_norm=16.19568
[18213.942s] step         step=208550 epoch=29 lr=0.00010476 g_loss=2.59039 d_loss=0.43991 cycle_loss=0.12181 identity_loss=0.08617 grad_norm=15.94019
[18217.836s] step         step=208600 epoch=29 lr=0.00010476 g_loss=3.04512 d_loss=0.2999 cycle_loss=0.1636 identity_loss=0.11637 grad_norm=21.57256
[18221.789s] step         step=208650 epoch=29 lr=0.00010476 g_loss=2.53974 d_loss=0.17542 cycle_loss=0.12414 identity_loss=0.09138 grad_norm=13.85235
[18225.850s] step         step=208700 epoch=29 lr=0.00010476 g_loss=3.45294 d_loss=0.36917 cycle_loss=0.12531 identity_loss=0.13653 grad_norm=18.68182
[18229.804s] step         step=208750 epoch=29 lr=0.00010476 g_loss=3.55962 d_loss=0.14162 cycle_loss=0.19735 identity_loss=0.13152 grad_norm=34.50952
[18233.747s] step         step=208800 epoch=29 lr=0.00010476 g_loss=2.72868 d_loss=0.33637 cycle_loss=0.12954 identity_loss=0.09143 grad_norm=20.45655
[18237.711s] step         step=208850 epoch=29 lr=0.00010476 g_loss=2.35033 d_loss=0.35113 cycle_loss=0.11798 identity_loss=0.08666 grad_norm=16.31891
[18241.675s] step         step=208900 epoch=29 lr=0.00010476 g_loss=3.26659 d_loss=0.30909 cycle_loss=0.1456 identity_loss=0.11262 grad_norm=18.52602
[18245.956s] step         step=208950 epoch=29 lr=0.00010476 g_loss=2.56074 d_loss=0.16933 cycle_loss=0.12499 identity_loss=0.09209 grad_norm=17.28667
[18249.856s] step         step=209000 epoch=29 lr=0.00010476 g_loss=3.10934 d_loss=0.42478 cycle_loss=0.16356 identity_loss=0.11382 grad_norm=24.51369
[18253.816s] step         step=209050 epoch=29 lr=0.00010476 g_loss=3.38402 d_loss=0.32681 cycle_loss=0.17789 identity_loss=0.12445 grad_norm=15.55855
[18257.754s] step         step=209100 epoch=29 lr=0.00010476 g_loss=2.73656 d_loss=0.44384 cycle_loss=0.12218 identity_loss=0.09156 grad_norm=23.12582
[18261.664s] step         step=209150 epoch=29 lr=0.00010476 g_loss=2.14087 d_loss=0.30991 cycle_loss=0.13756 identity_loss=0.07358 grad_norm=20.18054
[18265.655s] step         step=209200 epoch=29 lr=0.00010476 g_loss=3.15717 d_loss=0.27307 cycle_loss=0.13663 identity_loss=0.10323 grad_norm=24.19803
[18269.577s] step         step=209250 epoch=29 lr=0.00010476 g_loss=2.33122 d_loss=0.28384 cycle_loss=0.12016 identity_loss=0.07875 grad_norm=31.8856
[18273.470s] step         step=209300 epoch=29 lr=0.00010476 g_loss=3.48767 d_loss=0.20476 cycle_loss=0.17368 identity_loss=0.12168 grad_norm=19.44142
[18277.355s] step         step=209350 epoch=29 lr=0.00010476 g_loss=3.72326 d_loss=0.59529 cycle_loss=0.20519 identity_loss=0.19462 grad_norm=26.11935
[18281.362s] step         step=209400 epoch=29 lr=0.00010476 g_loss=2.96164 d_loss=0.25294 cycle_loss=0.14104 identity_loss=0.1182 grad_norm=27.16185
[18285.318s] step         step=209450 epoch=29 lr=0.00010476 g_loss=3.62497 d_loss=0.3627 cycle_loss=0.17446 identity_loss=0.1292 grad_norm=32.71993
[18289.230s] step         step=209500 epoch=29 lr=0.00010476 g_loss=3.78948 d_loss=0.18621 cycle_loss=0.16208 identity_loss=0.14416 grad_norm=24.09332
[18293.209s] step         step=209550 epoch=29 lr=0.00010476 g_loss=2.23012 d_loss=0.42399 cycle_loss=0.10843 identity_loss=0.08926 grad_norm=25.3448
[18297.129s] step         step=209600 epoch=29 lr=0.00010476 g_loss=2.94948 d_loss=0.31639 cycle_loss=0.15133 identity_loss=0.11718 grad_norm=15.56209
[18301.060s] step         step=209650 epoch=29 lr=0.00010476 g_loss=3.07715 d_loss=0.13343 cycle_loss=0.13894 identity_loss=0.14677 grad_norm=19.99747
[18304.968s] step         step=209700 epoch=29 lr=0.00010476 g_loss=2.43225 d_loss=0.39002 cycle_loss=0.16094 identity_loss=0.10201 grad_norm=24.12089
[18308.867s] step         step=209750 epoch=29 lr=0.00010476 g_loss=2.98394 d_loss=0.28676 cycle_loss=0.13544 identity_loss=0.10935 grad_norm=20.79544
[18312.746s] step         step=209800 epoch=29 lr=0.00010476 g_loss=3.91988 d_loss=0.18192 cycle_loss=0.15935 identity_loss=0.11693 grad_norm=21.18178
[18316.649s] step         step=209850 epoch=29 lr=0.00010476 g_loss=3.33899 d_loss=0.45886 cycle_loss=0.14574 identity_loss=0.11447 grad_norm=14.92058
[18320.549s] step         step=209900 epoch=29 lr=0.00010476 g_loss=2.72224 d_loss=0.38212 cycle_loss=0.14078 identity_loss=0.09941 grad_norm=18.55186
[18324.456s] step         step=209950 epoch=29 lr=0.00010476 g_loss=2.78187 d_loss=0.29787 cycle_loss=0.13948 identity_loss=0.0921 grad_norm=24.11196
[18328.396s] step         step=210000 epoch=29 lr=0.00010476 g_loss=4.28641 d_loss=0.08354 cycle_loss=0.16151 identity_loss=0.1537 grad_norm=28.02295
[18332.355s] step         step=210050 epoch=29 lr=0.00010476 g_loss=4.76934 d_loss=0.31566 cycle_loss=0.24384 identity_loss=0.26809 grad_norm=32.26282
[18336.253s] step         step=210100 epoch=29 lr=0.00010476 g_loss=3.00516 d_loss=0.24681 cycle_loss=0.14241 identity_loss=0.13458 grad_norm=16.26905
[18340.167s] step         step=210150 epoch=29 lr=0.00010476 g_loss=2.39626 d_loss=0.2431 cycle_loss=0.13457 identity_loss=0.08812 grad_norm=16.7877
[18344.068s] step         step=210200 epoch=29 lr=0.00010476 g_loss=3.03928 d_loss=0.33571 cycle_loss=0.14901 identity_loss=0.11623 grad_norm=16.83
[18347.971s] step         step=210250 epoch=29 lr=0.00010476 g_loss=4.81606 d_loss=0.14131 cycle_loss=0.20407 identity_loss=0.17008 grad_norm=20.93203
[18351.885s] step         step=210300 epoch=29 lr=0.00010476 g_loss=3.92718 d_loss=0.26339 cycle_loss=0.22271 identity_loss=0.19116 grad_norm=23.15846
[18355.769s] step         step=210350 epoch=29 lr=0.00010476 g_loss=4.43277 d_loss=0.30588 cycle_loss=0.27549 identity_loss=0.17637 grad_norm=27.80812
[18359.699s] step         step=210400 epoch=29 lr=0.00010476 g_loss=3.56704 d_loss=0.11301 cycle_loss=0.19458 identity_loss=0.14323 grad_norm=19.12094
[18363.590s] step         step=210450 epoch=29 lr=0.00010476 g_loss=2.93449 d_loss=0.24271 cycle_loss=0.1518 identity_loss=0.1053 grad_norm=22.52974
[18367.471s] step         step=210500 epoch=29 lr=0.00010476 g_loss=4.19692 d_loss=0.25172 cycle_loss=0.23311 identity_loss=0.18586 grad_norm=27.9908
[18371.469s] step         step=210550 epoch=29 lr=0.00010476 g_loss=2.55749 d_loss=0.21803 cycle_loss=0.11767 identity_loss=0.09454 grad_norm=20.64334
[18375.383s] step         step=210600 epoch=29 lr=0.00010476 g_loss=2.71284 d_loss=0.2758 cycle_loss=0.12997 identity_loss=0.08533 grad_norm=16.84029
[18379.294s] step         step=210650 epoch=29 lr=0.00010476 g_loss=3.28474 d_loss=0.36163 cycle_loss=0.15958 identity_loss=0.11597 grad_norm=20.10153
[18383.185s] step         step=210700 epoch=29 lr=0.00010476 g_loss=3.00555 d_loss=0.29261 cycle_loss=0.13373 identity_loss=0.10025 grad_norm=15.49352
[18387.106s] step         step=210750 epoch=29 lr=0.00010476 g_loss=2.82576 d_loss=0.37877 cycle_loss=0.14465 identity_loss=0.09865 grad_norm=15.36118
[18391.196s] step         step=210800 epoch=29 lr=0.00010476 g_loss=3.25886 d_loss=0.18571 cycle_loss=0.13642 identity_loss=0.09033 grad_norm=24.52381
[18395.099s] step         step=210850 epoch=29 lr=0.00010476 g_loss=2.75752 d_loss=0.35303 cycle_loss=0.13805 identity_loss=0.0957 grad_norm=33.11277
[18399.002s] step         step=210900 epoch=29 lr=0.00010476 g_loss=2.7787 d_loss=0.28671 cycle_loss=0.11675 identity_loss=0.13286 grad_norm=12.5964
[18402.900s] step         step=210950 epoch=29 lr=0.00010476 g_loss=3.00164 d_loss=0.40234 cycle_loss=0.15171 identity_loss=0.14328 grad_norm=18.10839
[18406.811s] step         step=211000 epoch=29 lr=0.00010476 g_loss=1.94967 d_loss=0.44085 cycle_loss=0.11865 identity_loss=0.06779 grad_norm=18.74942
[18410.788s] step         step=211050 epoch=29 lr=0.00010476 g_loss=3.45092 d_loss=0.47144 cycle_loss=0.20672 identity_loss=0.12102 grad_norm=26.18084
[18414.697s] step         step=211100 epoch=29 lr=0.00010476 g_loss=3.13924 d_loss=0.20423 cycle_loss=0.14027 identity_loss=0.13646 grad_norm=22.46136
[18417.802s] epoch        epoch=29 step=211140 seconds=18403.8
[18418.356s] checkpoint   epoch=30 step=211140
[18419.188s] step         step=211150 epoch=30 lr=9.524e-05 g_loss=3.21572 d_loss=0.22263 cycle_loss=0.16737 identity_loss=0.12353 grad_norm=25.24916
[18423.302s] step         step=211200 epoch=30 lr=9.524e-05 g_loss=2.42513 d_loss=0.21653 cycle_loss=0.11261 identity_loss=0.08281 grad_norm=17.6205
[18427.228s] step         step=211250 epoch=30 lr=9.524e-05 g_loss=2.92626 d_loss=0.42778 cycle_loss=0.15715 identity_loss=0.10934 grad_norm=13.48475
[18431.316s] step         step=211300 epoch=30 lr=9.524e-05 g_loss=3.1883 d_loss=0.17934 cycle_loss=0.15832 identity_loss=0.18613 grad_norm=21.48863
[18435.222s] step         step=211350 epoch=30 lr=9.524e-05 g_loss=5.22816 d_loss=0.36923 cycle_loss=0.28583 identity_loss=0.24246 grad_norm=25.60345
[18439.094s] step         step=211400 epoch=30 lr=9.524e-05 g_loss=4.03746 d_loss=0.18792 cycle_loss=0.22145 identity_loss=0.13751 grad_norm=26.46386
[18442.988s] step         step=211450 epoch=30 lr=9.524e-05 g_loss=2.70835 d_loss=0.25771 cycle_loss=0.1273 identity_loss=0.07462 grad_norm=24.69661
[18446.880s] step         step=211500 epoch=30 lr=9.524e-05 g_loss=2.78766 d_loss=0.21887 cycle_loss=0.13578 identity_loss=0.09456 grad_norm=24.68682
[18450.882s] step         step=211550 epoch=30 lr=9.524e-05 g_loss=4.47772 d_loss=0.10137 cycle_loss=0.25148 identity_loss=0.07451 grad_norm=32.67748
[18454.772s] step         step=211600 epoch=30 lr=9.524e-05 g_loss=3.08167 d_loss=0.42774 cycle_loss=0.11562 identity_loss=0.11022 grad_norm=18.70562
[18458.661s] step         step=211650 epoch=30 lr=9.524e-05 g_loss=3.12461 d_loss=0.15012 cycle_loss=0.17505 identity_loss=0.14591 grad_norm=17.95308
[18462.545s] step         step=211700 epoch=30 lr=9.524e-05 g_loss=3.79381 d_loss=0.13686 cycle_loss=0.17189 identity_loss=0.14434 grad_norm=22.19909
[18466.460s] step         step=211750 epoch=30 lr=9.524e-05 g_loss=3.5941 d_loss=0.23331 cycle_loss=0.16944 identity_loss=0.19138 grad_norm=19.41812
[18470.391s] step         step=211800 epoch=30 lr=9.524e-05 g_loss=3.01045 d_loss=0.25209 cycle_loss=0.11826 identity_loss=0.09815 grad_norm=16.96828
[18474.366s] step         step=211850 epoch=30 lr=9.524e-05 g_loss=2.98207 d_loss=0.27403 cycle_loss=0.1294 identity_loss=0.09439 grad_norm=15.16428
[18478.291s] step         step=211900 epoch=30 lr=9.524e-05 g_loss=3.71721 d_loss=0.38103 cycle_loss=0.20614 identity_loss=0.15916 grad_norm=19.56739
[18482.233s] step         step=211950 epoch=30 lr=9.524e-05 g_loss=2.96006 d_loss=0.19284 cycle_loss=0.11868 identity_loss=0.09233 grad_norm=17.39031
[18486.124s] step         step=212000 epoch=30 lr=9.524e-05 g_loss=2.48505 d_loss=0.34075 cycle_loss=0.11651 identity_loss=0.08441 grad_norm=19.36306
[18490.084s] step         step=212050 epoch=30 lr=9.524e-05 g_loss=2.8385 d_loss=0.30885 cycle_loss=0.15795 identity_loss=0.10434 grad_norm=24.19923
[18493.983s] step         step=212100 epoch=30 lr=9.524e-05 g_loss=4.53533 d_loss=0.14964 cycle_loss=0.22283 identity_loss=0.12053 grad_norm=38.96746
[18497.934s] step         step=212150 epoch=30 lr=9.524e-05 g_loss=2.96623 d_loss=0.21263 cycle_loss=0.12496 identity_loss=0.11509 grad_norm=16.90252
[18502.196s] step         step=212200 epoch=30 lr=9.524e-05 g_loss=3.05361 d_loss=0.35866 cycle_loss=0.12983 identity_loss=0.13726 grad_norm=23.77316
[18506.319s] step         step=212250 epoch=30 lr=9.524e-05 g_loss=3.642 d_loss=0.2697 cycle_loss=0.19648 identity_loss=0.15672 grad_norm=28.81682
[18510.235s] step         step=212300 epoch=30 lr=9.524e-05 g_loss=2.81633 d_loss=0.24483 cycle_loss=0.13534 identity_loss=0.11459 grad_norm=12.43832
[18514.120s] step         step=212350 epoch=30 lr=9.524e-05 g_loss=2.43027 d_loss=0.27414 cycle_loss=0.11479 identity_loss=0.0867 grad_norm=13.3819
[18518.021s] step         step=212400 epoch=30 lr=9.524e-05 g_loss=2.93127 d_loss=0.24426 cycle_loss=0.14529 identity_loss=0.12645 grad_norm=18.42084
[18521.911s] step         step=212450 epoch=30 lr=9.524e-05 g_loss=2.20685 d_loss=0.18638 cycle_loss=0.10033 identity_loss=0.07534 grad_norm=12.55846
[18525.957s] step         step=212500 epoch=30 lr=9.524e-05 g_loss=3.30863 d_loss=0.27828 cycle_loss=0.17147 identity_loss=0.12012 grad_norm=34.80012
[18529.931s] step         step=212550 epoch=30 lr=9.524e-05 g_loss=3.35132 d_loss=0.27755 cycle_loss=0.17663 identity_loss=0.1381 grad_norm=21.15635
[18533.845s] step         step=212600 epoch=30 lr=9.524e-05 g_loss=3.35975 d_loss=0.348 cycle_loss=0.14084 identity_loss=0.09974 grad_norm=34.31843
[18537.750s] step         step=212650 epoch=30 lr=9.524e-05 g_loss=2.82683 d_loss=0.17417 cycle_loss=0.14207 identity_loss=0.11815 grad_norm=12.24661
[18541.649s] step         step=212700 epoch=30 lr=9.524e-05 g_loss=2.91424 d_loss=0.17785 cycle_loss=0.14436 identity_loss=0.09709 grad_norm=17.3003
[18545.544s] step         step=212750 epoch=30 lr=9.524e-05 g_loss=2.51253 d_loss=0.27355 cycle_loss=0.13634 identity_loss=0.09183 grad_norm=26.19401
[18549.438s] step         step=212800 epoch=30 lr=9.524e-05 g_loss=2.85613 d_loss=0.17923 cycle_loss=0.1618 identity_loss=0.11599 grad_norm=21.13234
[18553.351s] step         step=212850 epoch=30 lr=9.524e-05 g_loss=2.62828 d_loss=0.40499 cycle_loss=0.14229 identity_loss=0.11942 grad_norm=14.78818
[18557.245s] step         step=212900 epoch=30 lr=9.524e-05 g_loss=3.42603 d_loss=0.25331 cycle_loss=0.15493 identity_loss=0.15189 grad_norm=16.05049
[18561.128s] step         step=212950 epoch=30 lr=9.524e-05 g_loss=3.37234 d_loss=0.23134 cycle_loss=0.15852 identity_loss=0.09947 grad_norm=20.19119
[18565.003s] step         step=213000 epoch=30 lr=9.524e-05 g_loss=4.39733 d_loss=0.22338 cycle_loss=0.19913 identity_loss=0.20334 grad_norm=36.73469
[18568.964s] step         step=213050 epoch=30 lr=9.524e-05 g_loss=3.11869 d_loss=0.16491 cycle_loss=0.16775 identity_loss=0.11148 grad_norm=38.11812
[18572.857s] step         step=213100 epoch=30 lr=9.524e-05 g_loss=3.3718 d_loss=0.2795 cycle_loss=0.14525 identity_loss=0.11984 grad_norm=16.15544
[18576.762s] step         step=213150 epoch=30 lr=9.524e-05 g_loss=4.30142 d_loss=0.18224 cycle_loss=0.19244 identity_loss=0.18648 grad_norm=28.76434
[18580.809s] step         step=213200 epoch=30 lr=9.524e-05 g_loss=3.22526 d_loss=0.26036 cycle_loss=0.15336 identity_loss=0.13763 grad_norm=22.32239
[18584.920s] step         step=213250 epoch=30 lr=9.524e-05 g_loss=2.8357 d_loss=0.34155 cycle_loss=0.11763 identity_loss=0.10611 grad_norm=22.86526
[18589.111s] step         step=213300 epoch=30 lr=9.524e-05 g_loss=2.22497 d_loss=0.27475 cycle_loss=0.10612 identity_loss=0.09861 grad_norm=17.19924
[18593.089s] step         step=213350 epoch=30 lr=9.524e-05 g_loss=2.68138 d_loss=0.31663 cycle_loss=0.13195 identity_loss=0.09525 grad_norm=17.44944
[18596.982s] step         step=213400 epoch=30 lr=9.524e-05 g_loss=2.57072 d_loss=0.23389 cycle_loss=0.14254 identity_loss=0.08768 grad_norm=17.92774
[18600.898s] step         step=213450 epoch=30 lr=9.524e-05 g_loss=3.54519 d_loss=0.27305 cycle_loss=0.16994 identity_loss=0.1442 grad_norm=16.85952
[18604.795s] step         step=213500 epoch=30 lr=9.524e-05 g_loss=4.25377 d_loss=0.27483 cycle_loss=0.23173 identity_loss=0.1646 grad_norm=25.303
[18608.762s] step         step=213550 epoch=30 lr=9.524e-05 g_loss=3.82956 d_loss=0.26668 cycle_loss=0.21034 identity_loss=0.12207 grad_norm=32.58154
[18612.680s] step         step=213600 epoch=30 lr=9.524e-05 g_loss=2.91635 d_loss=0.27131 cycle_loss=0.14745 identity_loss=0.1036 grad_norm=19.53521
[18616.600s] step         step=213650 epoch=30 lr=9.524e-05 g_loss=3.54784 d_loss=0.22437 cycle_loss=0.16887 identity_loss=0.1237 grad_norm=19.41163
[18620.513s] step         step=213700 epoch=30 lr=9.524e-05 g_loss=3.68648 d_loss=0.1338 cycle_loss=0.14755 identity_loss=0.10303 grad_norm=18.41896
[18624.714s] step         step=213750 epoch=30 lr=9.524e-05 g_loss=2.52331 d_loss=0.42034 cycle_loss=0.1196 identity_loss=0.094 grad_norm=21.53647
[18628.631s] step         step=213800 epoch=30 lr=9.524e-05 g_loss=2.89171 d_loss=0.23841 cycle_loss=0.14735 identity_loss=0.0918 grad_norm=25.79331
[18632.527s] step         step=213850 epoch=30 lr=9.524e-05 g_loss=3.04117 d_loss=0.384 cycle_loss=0.13937 identity_loss=0.12537 grad_norm=17.99773
[18636.432s] step         step=213900 epoch=30 lr=9.524e-05 g_loss=3.17652 d_loss=0.21132 cycle_loss=0.16668 identity_loss=0.1142 grad_norm=26.25361
[18640.582s] step         step=213950 epoch=30 lr=9.524e-05 g_loss=5.23063 d_loss=0.14114 cycle_loss=0.21309 identity_loss=0.18135 grad_norm=43.74939
[18644.735s] step         step=214000 epoch=30 lr=9.524e-05 g_loss=2.87741 d_loss=0.16397 cycle_loss=0.11835 identity_loss=0.09482 grad_norm=15.4221
[18649.553s] step         step=214050 epoch=30 lr=9.524e-05 g_loss=4.13291 d_loss=0.18779 cycle_loss=0.22414 identity_loss=0.12526 grad_norm=27.0211
[18653.606s] step         step=214100 epoch=30 lr=9.524e-05 g_loss=3.07116 d_loss=0.26352 cycle_loss=0.14668 identity_loss=0.12083 grad_norm=13.68647
[18657.635s] step         step=214150 epoch=30 lr=9.524e-05 g_loss=3.03306 d_loss=0.28226 cycle_loss=0.15253 identity_loss=0.10062 grad_norm=30.78593
[18661.556s] step         step=214200 epoch=30 lr=9.524e-05 g_loss=2.38495 d_loss=0.3738 cycle_loss=0.13234 identity_loss=0.1099 grad_norm=11.58726
[18665.500s] step         step=214250 epoch=30 lr=9.524e-05 g_loss=2.96784 d_loss=0.25944 cycle_loss=0.14639 identity_loss=0.11318 grad_norm=16.34261
[18669.449s] step         step=214300 epoch=30 lr=9.524e-05 g_loss=2.38634 d_loss=0.36215 cycle_loss=0.13742 identity_loss=0.09999 grad_norm=10.7813
[18673.362s] step         step=214350 epoch=30 lr=9.524e-05 g_loss=4.00574 d_loss=0.47661 cycle_loss=0.19743 identity_loss=0.10974 grad_norm=22.98447
[18677.336s] step         step=214400 epoch=30 lr=9.524e-05 g_loss=2.7687 d_loss=0.24266 cycle_loss=0.1474 identity_loss=0.1092 grad_norm=27.20584
[18681.235s] step         step=214450 epoch=30 lr=9.524e-05 g_loss=3.63884 d_loss=0.17917 cycle_loss=0.13758 identity_loss=0.09043 grad_norm=25.53481
[18685.171s] step         step=214500 epoch=30 lr=9.524e-05 g_loss=3.45867 d_loss=0.30322 cycle_loss=0.21686 identity_loss=0.15386 grad_norm=30.73584
[18689.227s] step         step=214550 epoch=30 lr=9.524e-05 g_loss=2.51138 d_loss=0.17167 cycle_loss=0.12354 identity_loss=0.082 grad_norm=14.9999
[18693.474s] step         step=214600 epoch=30 lr=9.524e-05 g_loss=2.96687 d_loss=0.21899 cycle_loss=0.15741 identity_loss=0.08489 grad_norm=24.87525
[18697.356s] step         step=214650 epoch=30 lr=9.524e-05 g_loss=3.00075 d_loss=0.29198 cycle_loss=0.12345 identity_loss=0.13532 grad_norm=24.99181
[18701.266s] step         step=214700 epoch=30 lr=9.524e-05 g_loss=2.9621 d_loss=0.35007 cycle_loss=0.13271 identity_loss=0.10476 grad_norm=14.82047
[18705.167s] step         step=214750 epoch=30 lr=9.524e-05 g_loss=3.32361 d_loss=0.33139 cycle_loss=0.13558 identity_loss=0.1222 grad_norm=17.87414
[18709.141s] step         step=214800 epoch=30 lr=9.524e-05 g_loss=3.27623 d_loss=0.27118 cycle_loss=0.17266 identity_loss=0.09623 grad_norm=22.71125
[18713.104s] step         step=214850 epoch=30 lr=9.524e-05 g_loss=3.49074 d_loss=0.14601 cycle_loss=0.15594 identity_loss=0.14664 grad_norm=25.26234
[18716.986s] step         step=214900 epoch=30 lr=9.524e-05 g_loss=2.97987 d_loss=0.44305 cycle_loss=0.14593 identity_loss=0.12597 grad_norm=21.61034
[18720.935s] step         step=214950 epoch=30 lr=9.524e-05 g_loss=2.8889 d_loss=0.12717 cycle_loss=0.1025 identity_loss=0.07784 grad_norm=19.92958
[18724.818s] step         step=215000 epoch=30 lr=9.524e-05 g_loss=2.43602 d_loss=0.25356 cycle_loss=0.12854 identity_loss=0.09711 grad_norm=27.93148
[18728.770s] step         step=215050 epoch=30 lr=9.524e-05 g_loss=3.02298 d_loss=0.58024 cycle_loss=0.14579 identity_loss=0.11155 grad_norm=11.78906
[18733.027s] step         step=215100 epoch=30 lr=9.524e-05 g_loss=3.67439 d_loss=0.25292 cycle_loss=0.11808 identity_loss=0.08956 grad_norm=31.57012
[18736.997s] step         step=215150 epoch=30 lr=9.524e-05 g_loss=2.29652 d_loss=0.45279 cycle_loss=0.11386 identity_loss=0.09506 grad_norm=24.88819
[18740.881s] step         step=215200 epoch=30 lr=9.524e-05 g_loss=2.69529 d_loss=0.21144 cycle_loss=0.11091 identity_loss=0.0683 grad_norm=19.42909
[18744.794s] step         step=215250 epoch=30 lr=9.524e-05 g_loss=3.35373 d_loss=0.20758 cycle_loss=0.14872 identity_loss=0.14581 grad_norm=16.1275
[18748.699s] step         step=215300 epoch=30 lr=9.524e-05 g_loss=2.34021 d_loss=0.39001 cycle_loss=0.13297 identity_loss=0.10127 grad_norm=18.43285
[18752.653s] step         step=215350 epoch=30 lr=9.524e-05 g_loss=3.50547 d_loss=0.20361 cycle_loss=0.15417 identity_loss=0.09017 grad_norm=22.40739
[18756.549s] step         step=215400 epoch=30 lr=9.524e-05 g_loss=2.94193 d_loss=0.10377 cycle_loss=0.13903 identity_loss=0.10771 grad_norm=24.40215
[18760.463s] step         step=215450 epoch=30 lr=9.524e-05 g_loss=2.5909 d_loss=0.40738 cycle_loss=0.14454 identity_loss=0.09428 grad_norm=19.4574
[18764.379s] step         step=215500 epoch=30 lr=9.524e-05 g_loss=3.52014 d_loss=0.34483 cycle_loss=0.16582 identity_loss=0.13588 grad_norm=33.5093
[18768.414s] step         step=215550 epoch=30 lr=9.524e-05 g_loss=3.10632 d_loss=0.28709 cycle_loss=0.13254 identity_loss=0.11806 grad_norm=20.88077
[18772.531s] step         step=215600 epoch=30 lr=9.524e-05 g_loss=2.25487 d_loss=0.37383 cycle_loss=0.12019 identity_loss=0.07004 grad_norm=14.02196
[18776.454s] step         step=215650 epoch=30 lr=9.524e-05 g_loss=2.81681 d_loss=0.46409 cycle_loss=0.1456 identity_loss=0.08851 grad_norm=21.09669
[18780.358s] step         step=215700 epoch=30 lr=9.524e-05 g_loss=3.10525 d_loss=0.33304 cycle_loss=0.12842 identity_loss=0.13581 grad_norm=28.56643
[18784.266s] step         step=215750 epoch=30 lr=9.524e-05 g_loss=5.16545 d_loss=0.3307 cycle_loss=0.29915 identity_loss=0.26994 grad_norm=32.82818
[18788.167s] step         step=215800 epoch=30 lr=9.524e-05 g_loss=2.92023 d_loss=0.22981 cycle_loss=0.1758 identity_loss=0.11792 grad_norm=26.043
[18792.051s] step         step=215850 epoch=30 lr=9.524e-05 g_loss=3.85677 d_loss=0.15566 cycle_loss=0.18987 identity_loss=0.21682 grad_norm=16.96256
[18795.952s] step         step=215900 epoch=30 lr=9.524e-05 g_loss=3.85988 d_loss=0.22355 cycle_loss=0.15096 identity_loss=0.12005 grad_norm=37.50559
[18799.920s] step         step=215950 epoch=30 lr=9.524e-05 g_loss=4.65421 d_loss=0.37937 cycle_loss=0.17895 identity_loss=0.14953 grad_norm=36.83075
[18803.844s] step         step=216000 epoch=30 lr=9.524e-05 g_loss=2.54991 d_loss=0.37885 cycle_loss=0.14035 identity_loss=0.09853 grad_norm=19.33056
[18808.165s] step         step=216050 epoch=30 lr=9.524e-05 g_loss=2.38189 d_loss=0.30263 cycle_loss=0.09865 identity_loss=0.07682 grad_norm=12.92812
[18812.487s] step         step=216100 epoch=30 lr=9.524e-05 g_loss=3.55467 d_loss=0.1655 cycle_loss=0.14327 identity_loss=0.09599 grad_norm=32.99036
[18816.474s] step         step=216150 epoch=30 lr=9.524e-05 g_loss=3.508 d_loss=0.18819 cycle_loss=0.1297 identity_loss=0.09105 grad_norm=18.65907
[18820.413s] step         step=216200 epoch=30 lr=9.524e-05 g_loss=3.63807 d_loss=0.19462 cycle_loss=0.15858 identity_loss=0.12627 grad_norm=22.83904
[18824.301s] step         step=216250 epoch=30 lr=9.524e-05 g_loss=3.03854 d_loss=0.45081 cycle_loss=0.14707 identity_loss=0.09204 grad_norm=25.9685
[18828.207s] step         step=216300 epoch=30 lr=9.524e-05 g_loss=2.22536 d_loss=0.34554 cycle_loss=0.11802 identity_loss=0.11081 grad_norm=16.35282
[18832.204s] step         step=216350 epoch=30 lr=9.524e-05 g_loss=2.55425 d_loss=0.24749 cycle_loss=0.12609 identity_loss=0.08972 grad_norm=10.29592
[18836.152s] step         step=216400 epoch=30 lr=9.524e-05 g_loss=3.2386 d_loss=0.25486 cycle_loss=0.15057 identity_loss=0.12068 grad_norm=23.01391
[18840.077s] step         step=216450 epoch=30 lr=9.524e-05 g_loss=2.57578 d_loss=0.26399 cycle_loss=0.13753 identity_loss=0.08926 grad_norm=18.29386
[18843.974s] step         step=216500 epoch=30 lr=9.524e-05 g_loss=2.27862 d_loss=0.33518 cycle_loss=0.10944 identity_loss=0.07847 grad_norm=11.60798
[18847.956s] step         step=216550 epoch=30 lr=9.524e-05 g_loss=2.99757 d_loss=0.34558 cycle_loss=0.14599 identity_loss=0.08904 grad_norm=31.28753
[18851.859s] step         step=216600 epoch=30 lr=9.524e-05 g_loss=4.1004 d_loss=0.26951 cycle_loss=0.11659 identity_loss=0.13969 grad_norm=23.67966
[18855.781s] step         step=216650 epoch=30 lr=9.524e-05 g_loss=3.08959 d_loss=0.20314 cycle_loss=0.1478 identity_loss=0.09028 grad_norm=18.41444
[18859.699s] step         step=216700 epoch=30 lr=9.524e-05 g_loss=2.99096 d_loss=0.32283 cycle_loss=0.15122 identity_loss=0.1073 grad_norm=19.15351
[18863.609s] step         step=216750 epoch=30 lr=9.524e-05 g_loss=3.07 d_loss=0.16313 cycle_loss=0.13027 identity_loss=0.10587 grad_norm=15.82494
[18867.521s] step         step=216800 epoch=30 lr=9.524e-05 g_loss=3.97354 d_loss=0.30474 cycle_loss=0.19262 identity_loss=0.12898 grad_norm=16.13021
[18871.424s] step         step=216850 epoch=30 lr=9.524e-05 g_loss=3.25452 d_loss=0.18215 cycle_loss=0.16787 identity_loss=0.11302 grad_norm=23.04375
[18875.316s] step         step=216900 epoch=30 lr=9.524e-05 g_loss=2.43919 d_loss=0.21769 cycle_loss=0.11236 identity_loss=0.08498 grad_norm=15.34219
[18879.227s] step         step=216950 epoch=30 lr=9.524e-05 g_loss=3.66846 d_loss=0.34412 cycle_loss=0.16631 identity_loss=0.14334 grad_norm=28.29185
[18883.129s] step         step=217000 epoch=30 lr=9.524e-05 g_loss=2.76594 d_loss=0.29434 cycle_loss=0.14391 identity_loss=0.1061 grad_norm=13.75528
[18887.086s] step         step=217050 epoch=30 lr=9.524e-05 g_loss=3.18694 d_loss=0.13514 cycle_loss=0.12555 identity_loss=0.09041 grad_norm=18.20221
[18891.002s] step         step=217100 epoch=30 lr=9.524e-05 g_loss=3.29118 d_loss=0.25275 cycle_loss=0.1536 identity_loss=0.10099 grad_norm=21.00377
[18894.906s] step         step=217150 epoch=30 lr=9.524e-05 g_loss=3.15603 d_loss=0.17979 cycle_loss=0.13176 identity_loss=0.09905 grad_norm=23.61384
[18898.845s] step         step=217200 epoch=30 lr=9.524e-05 g_loss=3.22992 d_loss=0.25173 cycle_loss=0.11861 identity_loss=0.11768 grad_norm=19.72699
[18902.749s] step         step=217250 epoch=30 lr=9.524e-05 g_loss=4.05223 d_loss=0.13995 cycle_loss=0.21517 identity_loss=0.17516 grad_norm=27.13354
[18906.693s] step         step=217300 epoch=30 lr=9.524e-05 g_loss=2.75171 d_loss=0.2084 cycle_loss=0.14529 identity_loss=0.11244 grad_norm=12.8798
[18910.650s] step         step=217350 epoch=30 lr=9.524e-05 g_loss=2.42988 d_loss=0.24002 cycle_loss=0.1194 identity_loss=0.09148 grad_norm=15.69316
[18914.566s] step         step=217400 epoch=30 lr=9.524e-05 g_loss=2.82507 d_loss=0.28282 cycle_loss=0.13767 identity_loss=0.09871 grad_norm=35.6531
[18918.474s] step         step=217450 epoch=30 lr=9.524e-05 g_loss=2.49137 d_loss=0.28471 cycle_loss=0.11984 identity_loss=0.08158 grad_norm=32.4076
[18922.365s] step         step=217500 epoch=30 lr=9.524e-05 g_loss=2.65078 d_loss=0.49375 cycle_loss=0.15029 identity_loss=0.10835 grad_norm=13.59729
[18926.400s] step         step=217550 epoch=30 lr=9.524e-05 g_loss=3.87375 d_loss=0.18998 cycle_loss=0.15084 identity_loss=0.14791 grad_norm=21.12561
[18930.357s] step         step=217600 epoch=30 lr=9.524e-05 g_loss=3.03572 d_loss=0.23567 cycle_loss=0.1325 identity_loss=0.16209 grad_norm=19.64373
[18934.253s] step         step=217650 epoch=30 lr=9.524e-05 g_loss=3.04743 d_loss=0.23239 cycle_loss=0.12603 identity_loss=0.09787 grad_norm=15.13713
[18938.150s] step         step=217700 epoch=30 lr=9.524e-05 g_loss=3.74144 d_loss=0.15413 cycle_loss=0.19682 identity_loss=0.13169 grad_norm=29.91846
[18942.055s] step         step=217750 epoch=30 lr=9.524e-05 g_loss=2.94752 d_loss=0.14128 cycle_loss=0.12064 identity_loss=0.07901 grad_norm=17.78281
[18945.981s] step         step=217800 epoch=30 lr=9.524e-05 g_loss=2.87862 d_loss=0.24665 cycle_loss=0.13654 identity_loss=0.07644 grad_norm=25.68203
[18949.882s] step         step=217850 epoch=30 lr=9.524e-05 g_loss=2.01071 d_loss=0.45286 cycle_loss=0.10303 identity_loss=0.11005 grad_norm=22.09877
[18953.785s] step         step=217900 epoch=30 lr=9.524e-05 g_loss=2.69697 d_loss=0.1729 cycle_loss=0.12355 identity_loss=0.08677 grad_norm=14.41672
[18957.708s] step         step=217950 epoch=30 lr=9.524e-05 g_loss=3.19022 d_loss=0.23929 cycle_loss=0.13456 identity_loss=0.08014 grad_norm=24.29578
[18961.626s] step         step=218000 epoch=30 lr=9.524e-05 g_loss=3.08928 d_loss=0.3104 cycle_loss=0.14521 identity_loss=0.10033 grad_norm=14.2113
[18965.593s] step         step=218050 epoch=30 lr=9.524e-05 g_loss=5.08592 d_loss=0.13281 cycle_loss=0.22339 identity_loss=0.21023 grad_norm=165.32912
[18969.472s] step         step=218100 epoch=30 lr=9.524e-05 g_loss=2.74893 d_loss=0.61017 cycle_loss=0.14389 identity_loss=0.15391 grad_norm=27.96807
[18973.396s] step         step=218150 epoch=30 lr=9.524e-05 g_loss=2.58321 d_loss=0.16805 cycle_loss=0.12996 identity_loss=0.08103 grad_norm=14.20745
[18975.604s] epoch        epoch=30 step=218178 seconds=18961.6
[18975.893s] checkpoint   epoch=31 step=218178
[18977.649s] step         step=218200 epoch=31 lr=8.571e-05 g_loss=3.03921 d_loss=0.22473 cycle_loss=0.1218 identity_loss=0.09647 grad_norm=17.02013
[18981.554s] step         step=218250 epoch=31 lr=8.571e-05 g_loss=3.13134 d_loss=0.21068 cycle_loss=0.14662 identity_loss=0.107 grad_norm=21.70876
[18985.436s] step         step=218300 epoch=31 lr=8.571e-05 g_loss=4.3924 d_loss=0.15061 cycle_loss=0.24769 identity_loss=0.16657 grad_norm=27.25154
[18989.355s] step         step=218350 epoch=31 lr=8.571e-05 g_loss=2.735 d_loss=0.22535 cycle_loss=0.1303 identity_loss=0.10468 grad_norm=16.18522
[18993.276s] step         step=218400 epoch=31 lr=8.571e-05 g_loss=2.26402 d_loss=0.25665 cycle_loss=0.11747 identity_loss=0.09838 grad_norm=17.58096
[18997.179s] step         step=218450 epoch=31 lr=8.571e-05 g_loss=3.07928 d_loss=0.36343 cycle_loss=0.1713 identity_loss=0.12164 grad_norm=16.08957
[19001.075s] step         step=218500 epoch=31 lr=8.571e-05 g_loss=3.50008 d_loss=0.2035 cycle_loss=0.14032 identity_loss=0.1169 grad_norm=16.6665
[19005.032s] step         step=218550 epoch=31 lr=8.571e-05 g_loss=3.69255 d_loss=0.34171 cycle_loss=0.18845 identity_loss=0.12617 grad_norm=25.62785
[19008.990s] step         step=218600 epoch=31 lr=8.571e-05 g_loss=3.09483 d_loss=0.1278 cycle_loss=0.13237 identity_loss=0.08655 grad_norm=13.45623
[19012.893s] step         step=218650 epoch=31 lr=8.571e-05 g_loss=4.37516 d_loss=0.2018 cycle_loss=0.21845 identity_loss=0.12972 grad_norm=21.17023
[19016.810s] step         step=218700 epoch=31 lr=8.571e-05 g_loss=2.84789 d_loss=0.42529 cycle_loss=0.14968 identity_loss=0.0911 grad_norm=21.068
[19020.747s] step         step=218750 epoch=31 lr=8.571e-05 g_loss=2.23868 d_loss=0.20317 cycle_loss=0.10643 identity_loss=0.09201 grad_norm=22.29561
[19024.644s] step         step=218800 epoch=31 lr=8.571e-05 g_loss=2.94935 d_loss=0.22066 cycle_loss=0.11083 identity_loss=0.07974 grad_norm=19.64097
[19028.642s] step         step=218850 epoch=31 lr=8.571e-05 g_loss=3.8376 d_loss=0.2669 cycle_loss=0.18741 identity_loss=0.1573 grad_norm=32.53279
[19032.602s] step         step=218900 epoch=31 lr=8.571e-05 g_loss=2.41238 d_loss=0.24222 cycle_loss=0.11566 identity_loss=0.08244 grad_norm=11.29435
[19036.512s] step         step=218950 epoch=31 lr=8.571e-05 g_loss=3.35342 d_loss=0.32991 cycle_loss=0.1519 identity_loss=0.12666 grad_norm=33.46194
[19040.439s] step         step=219000 epoch=31 lr=8.571e-05 g_loss=2.75548 d_loss=0.25042 cycle_loss=0.13572 identity_loss=0.09438 grad_norm=15.71224
[19044.384s] step         step=219050 epoch=31 lr=8.571e-05 g_loss=3.21933 d_loss=0.30253 cycle_loss=0.14368 identity_loss=0.10337 grad_norm=21.83185
[19048.300s] step         step=219100 epoch=31 lr=8.571e-05 g_loss=3.12264 d_loss=0.25414 cycle_loss=0.14708 identity_loss=0.13771 grad_norm=24.64306
[19052.208s] step         step=219150 epoch=31 lr=8.571e-05 g_loss=2.41571 d_loss=0.14505 cycle_loss=0.10259 identity_loss=0.08123 grad_norm=15.82214
[19056.103s] step         step=219200 epoch=31 lr=8.571e-05 g_loss=2.99387 d_loss=0.30566 cycle_loss=0.13506 identity_loss=0.10702 grad_norm=20.42767
[19059.972s] step         step=219250 epoch=31 lr=8.571e-05 g_loss=2.53183 d_loss=0.23548 cycle_loss=0.12106 identity_loss=0.09141 grad_norm=18.40979
[19063.868s] step         step=219300 epoch=31 lr=8.571e-05 g_loss=4.07015 d_loss=0.55687 cycle_loss=0.17421 identity_loss=0.15765 grad_norm=32.46781
[19067.797s] step         step=219350 epoch=31 lr=8.571e-05 g_loss=2.95154 d_loss=0.16466 cycle_loss=0.13452 identity_loss=0.13747 grad_norm=20.22551
[19071.906s] step         step=219400 epoch=31 lr=8.571e-05 g_loss=3.41103 d_loss=0.16827 cycle_loss=0.14311 identity_loss=0.10524 grad_norm=31.26846
[19075.841s] step         step=219450 epoch=31 lr=8.571e-05 g_loss=3.00629 d_loss=0.16199 cycle_loss=0.13116 identity_loss=0.07983 grad_norm=27.36967
[19079.781s] step         step=219500 epoch=31 lr=8.571e-05 g_loss=3.16307 d_loss=0.1709 cycle_loss=0.12239 identity_loss=0.12406 grad_norm=20.72994
[19083.781s] step         step=219550 epoch=31 lr=8.571e-05 g_loss=3.48386 d_loss=0.34282 cycle_loss=0.1405 identity_loss=0.08535 grad_norm=19.65512
[19087.680s] step         step=219600 epoch=31 lr=8.571e-05 g_loss=3.05361 d_loss=0.30379 cycle_loss=0.16024 identity_loss=0.09833 grad_norm=22.40451
[19091.585s] step         step=219650 epoch=31 lr=8.571e-05 g_loss=3.33882 d_loss=0.36369 cycle_loss=0.17425 identity_loss=0.1262 grad_norm=20.62556
[19095.493s] step         step=219700 epoch=31 lr=8.571e-05 g_loss=3.032 d_loss=0.16529 cycle_loss=0.12281 identity_loss=0.09234 grad_norm=21.11867
[19099.429s] step         step=219750 epoch=31 lr=8.571e-05 g_loss=2.38631 d_loss=0.47538 cycle_loss=0.12575 identity_loss=0.10065 grad_norm=7.73073
[19103.344s] step         step=219800 epoch=31 lr=8.571e-05 g_loss=2.55997 d_loss=0.15669 cycle_loss=0.1105 identity_loss=0.06972 grad_norm=20.37152
[19107.245s] step         step=219850 epoch=31 lr=8.571e-05 g_loss=2.30075 d_loss=0.40624 cycle_loss=0.09718 identity_loss=0.06614 grad_norm=12.26431
[19111.169s] step         step=219900 epoch=31 lr=8.571e-05 g_loss=3.06335 d_loss=0.31479 cycle_loss=0.15813 identity_loss=0.11817 grad_norm=15.44
[19115.090s] step         step=219950 epoch=31 lr=8.571e-05 g_loss=3.2305 d_loss=0.17562 cycle_loss=0.15048 identity_loss=0.10488 grad_norm=25.83743
[19119.067s] step         step=220000 epoch=31 lr=8.571e-05 g_loss=2.69946 d_loss=0.27989 cycle_loss=0.11697 identity_loss=0.08772 grad_norm=17.39037
[19123.438s] step         step=220050 epoch=31 lr=8.571e-05 g_loss=2.86453 d_loss=0.1754 cycle_loss=0.10846 identity_loss=0.08503 grad_norm=23.61042
[19127.445s] step         step=220100 epoch=31 lr=8.571e-05 g_loss=3.44515 d_loss=0.22042 cycle_loss=0.18532 identity_loss=0.14222 grad_norm=21.14577
[19131.350s] step         step=220150 epoch=31 lr=8.571e-05 g_loss=2.92709 d_loss=0.49272 cycle_loss=0.1639 identity_loss=0.12365 grad_norm=33.20639
[19135.244s] step         step=220200 epoch=31 lr=8.571e-05 g_loss=4.02101 d_loss=0.23663 cycle_loss=0.21505 identity_loss=0.17202 grad_norm=21.34586
[19139.171s] step         step=220250 epoch=31 lr=8.571e-05 g_loss=3.03301 d_loss=0.25964 cycle_loss=0.12099 identity_loss=0.11039 grad_norm=26.73825
[19143.087s] step         step=220300 epoch=31 lr=8.571e-05 g_loss=3.06922 d_loss=0.24958 cycle_loss=0.13009 identity_loss=0.08038 grad_norm=19.01822
[19147.119s] step         step=220350 epoch=31 lr=8.571e-05 g_loss=2.70186 d_loss=0.32779 cycle_loss=0.1318 identity_loss=0.08774 grad_norm=17.81592
[19151.026s] step         step=220400 epoch=31 lr=8.571e-05 g_loss=2.92754 d_loss=0.32301 cycle_loss=0.1127 identity_loss=0.09802 grad_norm=26.21869
[19154.934s] step         step=220450 epoch=31 lr=8.571e-05 g_loss=2.43512 d_loss=0.33441 cycle_loss=0.10733 identity_loss=0.0824 grad_norm=19.35427
[19158.852s] step         step=220500 epoch=31 lr=8.571e-05 g_loss=3.27325 d_loss=0.24901 cycle_loss=0.15305 identity_loss=0.09876 grad_norm=25.76202
[19162.863s] step         step=220550 epoch=31 lr=8.571e-05 g_loss=2.57715 d_loss=0.3582 cycle_loss=0.12742 identity_loss=0.07469 grad_norm=17.47613
[19166.785s] step         step=220600 epoch=31 lr=8.571e-05 g_loss=2.28098 d_loss=0.31197 cycle_loss=0.0941 identity_loss=0.06086 grad_norm=18.2718
[19170.707s] step         step=220650 epoch=31 lr=8.571e-05 g_loss=2.78279 d_loss=0.1873 cycle_loss=0.12514 identity_loss=0.07646 grad_norm=16.81677
[19174.619s] step         step=220700 epoch=31 lr=8.571e-05 g_loss=2.78745 d_loss=0.29344 cycle_loss=0.1046 identity_loss=0.06264 grad_norm=17.98538
[19178.548s] step         step=220750 epoch=31 lr=8.571e-05 g_loss=2.35631 d_loss=0.21888 cycle_loss=0.10945 identity_loss=0.06125 grad_norm=12.84069
[19182.638s] step         step=220800 epoch=31 lr=8.571e-05 g_loss=3.06392 d_loss=0.24601 cycle_loss=0.15175 identity_loss=0.11357 grad_norm=12.77382
[19186.878s] step         step=220850 epoch=31 lr=8.571e-05 g_loss=3.20056 d_loss=0.32813 cycle_loss=0.17324 identity_loss=0.11269 grad_norm=30.97888
[19190.855s] step         step=220900 epoch=31 lr=8.571e-05 g_loss=3.09105 d_loss=0.22204 cycle_loss=0.11295 identity_loss=0.10412 grad_norm=37.0578
[19194.859s] step         step=220950 epoch=31 lr=8.571e-05 g_loss=2.86798 d_loss=0.2787 cycle_loss=0.1344 identity_loss=0.0967 grad_norm=18.36872
[19198.766s] step         step=221000 epoch=31 lr=8.571e-05 g_loss=4.04249 d_loss=0.15847 cycle_loss=0.17071 identity_loss=0.14071 grad_norm=21.6704
[19202.768s] step         step=221050 epoch=31 lr=8.571e-05 g_loss=2.79591 d_loss=0.18469 cycle_loss=0.1483 identity_loss=0.09184 grad_norm=18.86443
[19206.701s] step         step=221100 epoch=31 lr=8.571e-05 g_loss=2.81484 d_loss=0.25126 cycle_loss=0.09519 identity_loss=0.0875 grad_norm=18.41973
[19210.650s] step         step=221150 epoch=31 lr=8.571e-05 g_loss=3.29341 d_loss=0.30888 cycle_loss=0.17062 identity_loss=0.09586 grad_norm=18.16053
[19214.559s] step         step=221200 epoch=31 lr=8.571e-05 g_loss=2.96817 d_loss=0.22242 cycle_loss=0.15464 identity_loss=0.10748 grad_norm=19.76565
[19218.483s] step         step=221250 epoch=31 lr=8.571e-05 g_loss=3.32896 d_loss=0.49666 cycle_loss=0.16659 identity_loss=0.11222 grad_norm=21.49841
[19222.408s] step         step=221300 epoch=31 lr=8.571e-05 g_loss=3.071 d_loss=0.20408 cycle_loss=0.13726 identity_loss=0.09339 grad_norm=27.65444
[19226.317s] step         step=221350 epoch=31 lr=8.571e-05 g_loss=2.92041 d_loss=0.27466 cycle_loss=0.13497 identity_loss=0.09159 grad_norm=26.89637
[19230.242s] step         step=221400 epoch=31 lr=8.571e-05 g_loss=2.80495 d_loss=0.2773 cycle_loss=0.1187 identity_loss=0.10939 grad_norm=17.54219
[19234.160s] step         step=221450 epoch=31 lr=8.571e-05 g_loss=2.88815 d_loss=0.30597 cycle_loss=0.12409 identity_loss=0.10604 grad_norm=35.94594
[19238.072s] step         step=221500 epoch=31 lr=8.571e-05 g_loss=2.82021 d_loss=0.17449 cycle_loss=0.14239 identity_loss=0.06797 grad_norm=25.71165
[19242.044s] step         step=221550 epoch=31 lr=8.571e-05 g_loss=3.3615 d_loss=0.5411 cycle_loss=0.18741 identity_loss=0.11696 grad_norm=25.41358
[19245.938s] step         step=221600 epoch=31 lr=8.571e-05 g_loss=2.29319 d_loss=0.48754 cycle_loss=0.11512 identity_loss=0.08846 grad_norm=13.10944
[19249.850s] step         step=221650 epoch=31 lr=8.571e-05 g_loss=3.0621 d_loss=0.20064 cycle_loss=0.1171 identity_loss=0.10971 grad_norm=21.25408
[19253.952s] step         step=221700 epoch=31 lr=8.571e-05 g_loss=3.12183 d_loss=0.2459 cycle_loss=0.15803 identity_loss=0.1034 grad_norm=25.75619
[19257.860s] step         step=221750 epoch=31 lr=8.571e-05 g_loss=3.45526 d_loss=0.41955 cycle_loss=0.17129 identity_loss=0.13124 grad_norm=19.32971
[19261.820s] step         step=221800 epoch=31 lr=8.571e-05 g_loss=2.74127 d_loss=0.28021 cycle_loss=0.13465 identity_loss=0.1143 grad_norm=23.29546
[19265.776s] step         step=221850 epoch=31 lr=8.571e-05 g_loss=3.79299 d_loss=0.31516 cycle_loss=0.13885 identity_loss=0.10771 grad_norm=15.17045
[19269.698s] step         step=221900 epoch=31 lr=8.571e-05 g_loss=3.33575 d_loss=0.32286 cycle_loss=0.15321 identity_loss=0.16495 grad_norm=29.12314
[19273.613s] step         step=221950 epoch=31 lr=8.571e-05 g_loss=4.6856 d_loss=0.21852 cycle_loss=0.22186 identity_loss=0.24282 grad_norm=30.69066
[19277.545s] step         step=222000 epoch=31 lr=8.571e-05 g_loss=3.09221 d_loss=0.22871 cycle_loss=0.11598 identity_loss=0.10464 grad_norm=39.01022
[19281.512s] step         step=222050 epoch=31 lr=8.571e-05 g_loss=6.2737 d_loss=0.43423 cycle_loss=0.30878 identity_loss=0.40071 grad_norm=32.75418
[19285.445s] step         step=222100 epoch=31 lr=8.571e-05 g_loss=2.9952 d_loss=0.33621 cycle_loss=0.1564 identity_loss=0.11232 grad_norm=24.19853
[19289.351s] step         step=222150 epoch=31 lr=8.571e-05 g_loss=3.63262 d_loss=0.26012 cycle_loss=0.16219 identity_loss=0.09436 grad_norm=29.00383
[19293.333s] step         step=222200 epoch=31 lr=8.571e-05 g_loss=2.81198 d_loss=0.25242 cycle_loss=0.14131 identity_loss=0.07245 grad_norm=17.11134
[19297.247s] step         step=222250 epoch=31 lr=8.571e-05 g_loss=4.2225 d_loss=0.27144 cycle_loss=0.24898 identity_loss=0.1947 grad_norm=31.69595
[19301.216s] step         step=222300 epoch=31 lr=8.571e-05 g_loss=3.27326 d_loss=0.24481 cycle_loss=0.12026 identity_loss=0.10096 grad_norm=25.60634
[19305.556s] step         step=222350 epoch=31 lr=8.571e-05 g_loss=2.53711 d_loss=0.23508 cycle_loss=0.13191 identity_loss=0.08692 grad_norm=17.63581
[19309.571s] step         step=222400 epoch=31 lr=8.571e-05 g_loss=3.05518 d_loss=0.15579 cycle_loss=0.13522 identity_loss=0.08725 grad_norm=25.23317
[19313.544s] step         step=222450 epoch=31 lr=8.571e-05 g_loss=3.55463 d_loss=0.24257 cycle_loss=0.19161 identity_loss=0.10416 grad_norm=20.77503
[19317.480s] step         step=222500 epoch=31 lr=8.571e-05 g_loss=2.69471 d_loss=0.20219 cycle_loss=0.12641 identity_loss=0.10305 grad_norm=17.40063
[19321.465s] step         step=222550 epoch=31 lr=8.571e-05 g_loss=5.27545 d_loss=0.17643 cycle_loss=0.23012 identity_loss=0.2796 grad_norm=22.97117
[19325.381s] step         step=222600 epoch=31 lr=8.571e-05 g_loss=3.27489 d_loss=0.38284 cycle_loss=0.1572 identity_loss=0.11515 grad_norm=21.39516
[19329.298s] step         step=222650 epoch=31 lr=8.571e-05 g_loss=3.17921 d_loss=0.1716 cycle_loss=0.14982 identity_loss=0.09802 grad_norm=25.91824
[19333.231s] step         step=222700 epoch=31 lr=8.571e-05 g_loss=4.50288 d_loss=0.31225 cycle_loss=0.16902 identity_loss=0.17193 grad_norm=26.48137
[19337.132s] step         step=222750 epoch=31 lr=8.571e-05 g_loss=3.01792 d_loss=0.32425 cycle_loss=0.13723 identity_loss=0.07543 grad_norm=21.35674
[19341.148s] step         step=222800 epoch=31 lr=8.571e-05 g_loss=5.28325 d_loss=0.16601 cycle_loss=0.26157 identity_loss=0.16743 grad_norm=39.73329
[19345.061s] step         step=222850 epoch=31 lr=8.571e-05 g_loss=3.47276 d_loss=0.12797 cycle_loss=0.12734 identity_loss=0.13477 grad_norm=25.48687
[19348.975s] step         step=222900 epoch=31 lr=8.571e-05 g_loss=2.8753 d_loss=0.29847 cycle_loss=0.12332 identity_loss=0.09202 grad_norm=22.54223
[19352.954s] step         step=222950 epoch=31 lr=8.571e-05 g_loss=3.54311 d_loss=0.25731 cycle_loss=0.17985 identity_loss=0.09144 grad_norm=27.11955
[19356.869s] step         step=223000 epoch=31 lr=8.571e-05 g_loss=3.00586 d_loss=0.29693 cycle_loss=0.18063 identity_loss=0.07881 grad_norm=22.4638
[19360.830s] step         step=223050 epoch=31 lr=8.571e-05 g_loss=2.49342 d_loss=0.45631 cycle_loss=0.11766 identity_loss=0.0863 grad_norm=13.9601
[19364.740s] step         step=223100 epoch=31 lr=8.571e-05 g_loss=3.08925 d_loss=0.28982 cycle_loss=0.15676 identity_loss=0.11871 grad_norm=30.63873
[19368.658s] step         step=223150 epoch=31 lr=8.571e-05 g_loss=2.95481 d_loss=0.35079 cycle_loss=0.15303 identity_loss=0.1067 grad_norm=25.30832
[19372.760s] step         step=223200 epoch=31 lr=8.571e-05 g_loss=3.07404 d_loss=0.27267 cycle_loss=0.15284 identity_loss=0.09909 grad_norm=27.23332
[19376.680s] step         step=223250 epoch=31 lr=8.571e-05 g_loss=2.36757 d_loss=0.17197 cycle_loss=0.12458 identity_loss=0.08022 grad_norm=17.15058
[19380.623s] step         step=223300 epoch=31 lr=8.571e-05 g_loss=3.82626 d_loss=0.16781 cycle_loss=0.19098 identity_loss=0.15414 grad_norm=32.92024
[19384.555s] step         step=223350 epoch=31 lr=8.571e-05 g_loss=3.38164 d_loss=0.21231 cycle_loss=0.14695 identity_loss=0.10852 grad_norm=20.3505
[19388.473s] step         step=223400 epoch=31 lr=8.571e-05 g_loss=3.06343 d_loss=0.18152 cycle_loss=0.12149 identity_loss=0.07648 grad_norm=18.28646
[19392.389s] step         step=223450 epoch=31 lr=8.571e-05 g_loss=3.41997 d_loss=0.21703 cycle_loss=0.17023 identity_loss=0.10882 grad_norm=35.94655
[19396.341s] step         step=223500 epoch=31 lr=8.571e-05 g_loss=2.32252 d_loss=0.2655 cycle_loss=0.11974 identity_loss=0.07495 grad_norm=24.60965
[19400.313s] step         step=223550 epoch=31 lr=8.571e-05 g_loss=3.38194 d_loss=0.33617 cycle_loss=0.15737 identity_loss=0.08258 grad_norm=24.34087
[19404.285s] step         step=223600 epoch=31 lr=8.571e-05 g_loss=2.88322 d_loss=0.27612 cycle_loss=0.14428 identity_loss=0.10144 grad_norm=19.90178
[19408.198s] step         step=223650 epoch=31 lr=8.571e-05 g_loss=3.50096 d_loss=0.3143 cycle_loss=0.15267 identity_loss=0.11814 grad_norm=22.78901
[19412.113s] step         step=223700 epoch=31 lr=8.571e-05 g_loss=3.76628 d_loss=0.26416 cycle_loss=0.1841 identity_loss=0.21582 grad_norm=32.08112
[19416.007s] step         step=223750 epoch=31 lr=8.571e-05 g_loss=3.09831 d_loss=0.26362 cycle_loss=0.13639 identity_loss=0.09872 grad_norm=13.7941
[19419.967s] step         step=223800 epoch=31 lr=8.571e-05 g_loss=3.60348 d_loss=0.22846 cycle_loss=0.1578 identity_loss=0.12638 grad_norm=17.91522
[19424.329s] step         step=223850 epoch=31 lr=8.571e-05 g_loss=3.50115 d_loss=0.23412 cycle_loss=0.17409 identity_loss=0.12866 grad_norm=13.25093
[19428.734s] step         step=223900 epoch=31 lr=8.571e-05 g_loss=2.44019 d_loss=0.1622 cycle_loss=0.10438 identity_loss=0.08841 grad_norm=19.82238
[19432.673s] step         step=223950 epoch=31 lr=8.571e-05 g_loss=3.61021 d_loss=0.19546 cycle_loss=0.1609 identity_loss=0.11876 grad_norm=31.08649
[19436.779s] step         step=224000 epoch=31 lr=8.571e-05 g_loss=2.2827 d_loss=0.35142 cycle_loss=0.10856 identity_loss=0.07491 grad_norm=17.34271
[19441.514s] step         step=224050 epoch=31 lr=8.571e-05 g_loss=5.7722 d_loss=0.2608 cycle_loss=0.32496 identity_loss=0.33201 grad_norm=29.64468
[19446.264s] step         step=224100 epoch=31 lr=8.571e-05 g_loss=3.37603 d_loss=0.21139 cycle_loss=0.17153 identity_loss=0.12269 grad_norm=19.28771
[19450.900s] step         step=224150 epoch=31 lr=8.571e-05 g_loss=2.601 d_loss=0.23085 cycle_loss=0.12932 identity_loss=0.0784 grad_norm=14.15174
[19455.843s] step         step=224200 epoch=31 lr=8.571e-05 g_loss=4.03435 d_loss=0.25353 cycle_loss=0.19822 identity_loss=0.24286 grad_norm=26.71672
[19460.412s] step         step=224250 epoch=31 lr=8.571e-05 g_loss=2.93398 d_loss=0.27695 cycle_loss=0.1383 identity_loss=0.08723 grad_norm=15.44373
[19465.381s] step         step=224300 epoch=31 lr=8.571e-05 g_loss=3.14824 d_loss=0.19436 cycle_loss=0.15699 identity_loss=0.12845 grad_norm=20.2417
[19469.956s] step         step=224350 epoch=31 lr=8.571e-05 g_loss=3.48028 d_loss=0.19936 cycle_loss=0.15954 identity_loss=0.10959 grad_norm=32.24203
[19474.384s] step         step=224400 epoch=31 lr=8.571e-05 g_loss=2.51906 d_loss=0.21549 cycle_loss=0.1243 identity_loss=0.08496 grad_norm=18.20429
[19479.087s] step         step=224450 epoch=31 lr=8.571e-05 g_loss=2.73947 d_loss=0.38021 cycle_loss=0.12518 identity_loss=0.07853 grad_norm=17.0276
[19483.610s] step         step=224500 epoch=31 lr=8.571e-05 g_loss=3.07456 d_loss=0.24927 cycle_loss=0.14309 identity_loss=0.09623 grad_norm=19.27316
[19488.351s] step         step=224550 epoch=31 lr=8.571e-05 g_loss=2.51439 d_loss=0.4491 cycle_loss=0.12698 identity_loss=0.09103 grad_norm=17.19378
[19493.459s] step         step=224600 epoch=31 lr=8.571e-05 g_loss=2.84097 d_loss=0.20303 cycle_loss=0.13276 identity_loss=0.11866 grad_norm=26.14769
[19498.426s] step         step=224650 epoch=31 lr=8.571e-05 g_loss=2.47311 d_loss=0.16522 cycle_loss=0.14033 identity_loss=0.09455 grad_norm=21.36003
[19503.381s] step         step=224700 epoch=31 lr=8.571e-05 g_loss=3.73871 d_loss=0.21462 cycle_loss=0.19455 identity_loss=0.16203 grad_norm=28.56305
[19508.267s] step         step=224750 epoch=31 lr=8.571e-05 g_loss=4.79795 d_loss=0.23191 cycle_loss=0.17562 identity_loss=0.16997 grad_norm=27.76419
[19513.285s] step         step=224800 epoch=31 lr=8.571e-05 g_loss=3.19633 d_loss=0.29198 cycle_loss=0.14456 identity_loss=0.11024 grad_norm=13.97003
[19518.448s] step         step=224850 epoch=31 lr=8.571e-05 g_loss=3.23539 d_loss=0.237 cycle_loss=0.15346 identity_loss=0.12232 grad_norm=13.28416
[19523.598s] step         step=224900 epoch=31 lr=8.571e-05 g_loss=3.37632 d_loss=0.28273 cycle_loss=0.14034 identity_loss=0.08523 grad_norm=18.10606
[19528.717s] step         step=224950 epoch=31 lr=8.571e-05 g_loss=3.40715 d_loss=0.34809 cycle_loss=0.17174 identity_loss=0.12761 grad_norm=22.54536
[19533.746s] step         step=225000 epoch=31 lr=8.571e-05 g_loss=3.04273 d_loss=0.2419 cycle_loss=0.12941 identity_loss=0.10403 grad_norm=20.50022
[19539.014s] step         step=225050 epoch=31 lr=8.571e-05 g_loss=3.19746 d_loss=0.2086 cycle_loss=0.12185 identity_loss=0.08441 grad_norm=17.58922
[19544.292s] step         step=225100 epoch=31 lr=8.571e-05 g_loss=2.9342 d_loss=0.33431 cycle_loss=0.13248 identity_loss=0.11415 grad_norm=17.05973
[19549.545s] step         step=225150 epoch=31 lr=8.571e-05 g_loss=2.65555 d_loss=0.15208 cycle_loss=0.14576 identity_loss=0.11141 grad_norm=30.55749
[19554.221s] step         step=225200 epoch=31 lr=8.571e-05 g_loss=3.45728 d_loss=0.36466 cycle_loss=0.13657 identity_loss=0.13796 grad_norm=17.8426
[19555.755s] epoch        epoch=31 step=225216 seconds=19541.7
[19556.056s] checkpoint   epoch=32 step=225216
[19559.486s] step         step=225250 epoch=32 lr=7.619e-05 g_loss=3.0274 d_loss=0.30608 cycle_loss=0.14091 identity_loss=0.11295 grad_norm=13.85863
[19564.323s] step         step=225300 epoch=32 lr=7.619e-05 g_loss=4.07468 d_loss=0.20917 cycle_loss=0.18035 identity_loss=0.15637 grad_norm=39.14314
[19569.109s] step         step=225350 epoch=32 lr=7.619e-05 g_loss=3.8972 d_loss=0.24707 cycle_loss=0.19526 identity_loss=0.17959 grad_norm=25.80749
[19573.806s] step         step=225400 epoch=32 lr=7.619e-05 g_loss=3.6512 d_loss=0.14926 cycle_loss=0.16767 identity_loss=0.15464 grad_norm=25.31515
[19578.087s] step         step=225450 epoch=32 lr=7.619e-05 g_loss=3.09214 d_loss=0.2728 cycle_loss=0.16286 identity_loss=0.09973 grad_norm=23.70904
[19583.009s] step         step=225500 epoch=32 lr=7.619e-05 g_loss=2.62072 d_loss=0.39502 cycle_loss=0.1409 identity_loss=0.07392 grad_norm=27.41549
[19587.701s] step         step=225550 epoch=32 lr=7.619e-05 g_loss=2.86998 d_loss=0.24133 cycle_loss=0.1225 identity_loss=0.08801 grad_norm=13.49293
[19592.371s] step         step=225600 epoch=32 lr=7.619e-05 g_loss=2.88386 d_loss=0.23179 cycle_loss=0.12641 identity_loss=0.07644 grad_norm=21.05297
[19596.626s] step         step=225650 epoch=32 lr=7.619e-05 g_loss=3.31795 d_loss=0.13344 cycle_loss=0.13897 identity_loss=0.10113 grad_norm=17.44245
[19601.082s] step         step=225700 epoch=32 lr=7.619e-05 g_loss=3.01472 d_loss=0.1921 cycle_loss=0.14969 identity_loss=0.12329 grad_norm=26.36473
[19605.645s] step         step=225750 epoch=32 lr=7.619e-05 g_loss=3.75194 d_loss=0.29375 cycle_loss=0.17218 identity_loss=0.12743 grad_norm=18.78085
[19610.065s] step         step=225800 epoch=32 lr=7.619e-05 g_loss=3.24811 d_loss=0.137 cycle_loss=0.14157 identity_loss=0.08257 grad_norm=18.6142
[19614.688s] step         step=225850 epoch=32 lr=7.619e-05 g_loss=2.94945 d_loss=0.15769 cycle_loss=0.14107 identity_loss=0.09074 grad_norm=19.94825
[19619.274s] step         step=225900 epoch=32 lr=7.619e-05 g_loss=2.62558 d_loss=0.21688 cycle_loss=0.1293 identity_loss=0.08071 grad_norm=20.31963
[19623.925s] step         step=225950 epoch=32 lr=7.619e-05 g_loss=2.6269 d_loss=0.15302 cycle_loss=0.13445 identity_loss=0.08494 grad_norm=13.45767
[19628.591s] step         step=226000 epoch=32 lr=7.619e-05 g_loss=3.25015 d_loss=0.22711 cycle_loss=0.16408 identity_loss=0.1282 grad_norm=12.62326
[19633.577s] step         step=226050 epoch=32 lr=7.619e-05 g_loss=3.45164 d_loss=0.25231 cycle_loss=0.14402 identity_loss=0.13534 grad_norm=18.43037
[19638.343s] step         step=226100 epoch=32 lr=7.619e-05 g_loss=2.27153 d_loss=0.29479 cycle_loss=0.10284 identity_loss=0.08175 grad_norm=15.63108
[19643.195s] step         step=226150 epoch=32 lr=7.619e-05 g_loss=3.04869 d_loss=0.29822 cycle_loss=0.14252 identity_loss=0.12248 grad_norm=20.33981
[19647.772s] step         step=226200 epoch=32 lr=7.619e-05 g_loss=2.7764 d_loss=0.24307 cycle_loss=0.13586 identity_loss=0.1279 grad_norm=20.64249
[19652.604s] step         step=226250 epoch=32 lr=7.619e-05 g_loss=3.26803 d_loss=0.30707 cycle_loss=0.15135 identity_loss=0.12826 grad_norm=20.23002
[19657.313s] step         step=226300 epoch=32 lr=7.619e-05 g_loss=2.47547 d_loss=0.2376 cycle_loss=0.08215 identity_loss=0.06552 grad_norm=18.34294
[19661.965s] step         step=226350 epoch=32 lr=7.619e-05 g_loss=5.19948 d_loss=0.42746 cycle_loss=0.31191 identity_loss=0.30506 grad_norm=33.11934
[19666.632s] step         step=226400 epoch=32 lr=7.619e-05 g_loss=4.3026 d_loss=0.24894 cycle_loss=0.2157 identity_loss=0.16023 grad_norm=27.40349
[19671.343s] step         step=226450 epoch=32 lr=7.619e-05 g_loss=2.57728 d_loss=0.17084 cycle_loss=0.13397 identity_loss=0.08624 grad_norm=37.85588
[19676.036s] step         step=226500 epoch=32 lr=7.619e-05 g_loss=2.67272 d_loss=0.35414 cycle_loss=0.11914 identity_loss=0.08971 grad_norm=14.67502
[19680.768s] step         step=226550 epoch=32 lr=7.619e-05 g_loss=3.28558 d_loss=0.42201 cycle_loss=0.17934 identity_loss=0.16 grad_norm=33.49643
[19685.438s] step         step=226600 epoch=32 lr=7.619e-05 g_loss=2.943 d_loss=0.30294 cycle_loss=0.14442 identity_loss=0.10751 grad_norm=15.88586
[19690.143s] step         step=226650 epoch=32 lr=7.619e-05 g_loss=3.07347 d_loss=0.15583 cycle_loss=0.14276 identity_loss=0.09643 grad_norm=20.94485
[19694.881s] step         step=226700 epoch=32 lr=7.619e-05 g_loss=2.81272 d_loss=0.16931 cycle_loss=0.1262 identity_loss=0.06629 grad_norm=29.3384
[19699.562s] step         step=226750 epoch=32 lr=7.619e-05 g_loss=2.79057 d_loss=0.28842 cycle_loss=0.15832 identity_loss=0.10873 grad_norm=18.9093
[19704.262s] step         step=226800 epoch=32 lr=7.619e-05 g_loss=2.4162 d_loss=0.45051 cycle_loss=0.12762 identity_loss=0.10218 grad_norm=11.36506
[19709.093s] step         step=226850 epoch=32 lr=7.619e-05 g_loss=3.1531 d_loss=0.20394 cycle_loss=0.11222 identity_loss=0.07999 grad_norm=28.22072
[19713.835s] step         step=226900 epoch=32 lr=7.619e-05 g_loss=3.51013 d_loss=0.36887 cycle_loss=0.15625 identity_loss=0.10052 grad_norm=15.2327
[19718.539s] step         step=226950 epoch=32 lr=7.619e-05 g_loss=3.02267 d_loss=0.1834 cycle_loss=0.1739 identity_loss=0.11258 grad_norm=39.62773
[19723.245s] step         step=227000 epoch=32 lr=7.619e-05 g_loss=4.96306 d_loss=0.42078 cycle_loss=0.28224 identity_loss=0.23362 grad_norm=27.73582
[19728.037s] step         step=227050 epoch=32 lr=7.619e-05 g_loss=2.88732 d_loss=0.14464 cycle_loss=0.13016 identity_loss=0.10793 grad_norm=27.26613
[19732.688s] step         step=227100 epoch=32 lr=7.619e-05 g_loss=2.03256 d_loss=0.29924 cycle_loss=0.10691 identity_loss=0.06575 grad_norm=15.01422
[19737.401s] step         step=227150 epoch=32 lr=7.619e-05 g_loss=2.44029 d_loss=0.39269 cycle_loss=0.11912 identity_loss=0.08153 grad_norm=11.3613
[19742.098s] step         step=227200 epoch=32 lr=7.619e-05 g_loss=2.9195 d_loss=0.32829 cycle_loss=0.15599 identity_loss=0.08644 grad_norm=18.34395
[19746.789s] step         step=227250 epoch=32 lr=7.619e-05 g_loss=2.88676 d_loss=0.12624 cycle_loss=0.11581 identity_loss=0.08999 grad_norm=13.79562
[19751.493s] step         step=227300 epoch=32 lr=7.619e-05 g_loss=2.58503 d_loss=0.23017 cycle_loss=0.14336 identity_loss=0.09489 grad_norm=22.05641
[19756.187s] step         step=227350 epoch=32 lr=7.619e-05 g_loss=2.16696 d_loss=0.31209 cycle_loss=0.10041 identity_loss=0.07733 grad_norm=19.59364
[19760.811s] step         step=227400 epoch=32 lr=7.619e-05 g_loss=3.00543 d_loss=0.36614 cycle_loss=0.14255 identity_loss=0.09236 grad_norm=14.56801
[19765.507s] step         step=227450 epoch=32 lr=7.619e-05 g_loss=3.50663 d_loss=0.11552 cycle_loss=0.14181 identity_loss=0.09081 grad_norm=18.04674
[19770.185s] step         step=227500 epoch=32 lr=7.619e-05 g_loss=2.74317 d_loss=0.2123 cycle_loss=0.13335 identity_loss=0.08391 grad_norm=15.08856
[19774.887s] step         step=227550 epoch=32 lr=7.619e-05 g_loss=3.12845 d_loss=0.20987 cycle_loss=0.14775 identity_loss=0.11445 grad_norm=18.38644
[19779.576s] step         step=227600 epoch=32 lr=7.619e-05 g_loss=3.60699 d_loss=0.20126 cycle_loss=0.14994 identity_loss=0.11482 grad_norm=24.2839
[19784.276s] step         step=227650 epoch=32 lr=7.619e-05 g_loss=4.85408 d_loss=0.1977 cycle_loss=0.27371 identity_loss=0.26169 grad_norm=42.48796
[19788.948s] step         step=227700 epoch=32 lr=7.619e-05 g_loss=3.13338 d_loss=0.2052 cycle_loss=0.128 identity_loss=0.12234 grad_norm=17.51375
[19793.642s] step         step=227750 epoch=32 lr=7.619e-05 g_loss=2.91483 d_loss=0.41275 cycle_loss=0.14058 identity_loss=0.08978 grad_norm=22.34612
[19798.309s] step         step=227800 epoch=32 lr=7.619e-05 g_loss=3.19858 d_loss=0.14738 cycle_loss=0.13569 identity_loss=0.12168 grad_norm=20.54856
[19802.987s] step         step=227850 epoch=32 lr=7.619e-05 g_loss=2.23375 d_loss=0.41792 cycle_loss=0.106 identity_loss=0.07572 grad_norm=22.5808
[19807.672s] step         step=227900 epoch=32 lr=7.619e-05 g_loss=2.62388 d_loss=0.29198 cycle_loss=0.12582 identity_loss=0.08473 grad_norm=13.06027
[19812.283s] step         step=227950 epoch=32 lr=7.619e-05 g_loss=2.33523 d_loss=0.32262 cycle_loss=0.11873 identity_loss=0.10412 grad_norm=18.62295
[19816.998s] step         step=228000 epoch=32 lr=7.619e-05 g_loss=2.8289 d_loss=0.23816 cycle_loss=0.14452 identity_loss=0.07216 grad_norm=21.77271
[19821.894s] step         step=228050 epoch=32 lr=7.619e-05 g_loss=3.47707 d_loss=0.5283 cycle_loss=0.14277 identity_loss=0.10537 grad_norm=13.26203
[19826.733s] step         step=228100 epoch=32 lr=7.619e-05 g_loss=2.85944 d_loss=0.17917 cycle_loss=0.12113 identity_loss=0.09869 grad_norm=19.59422
[19830.745s] step         step=228150 epoch=32 lr=7.619e-05 g_loss=2.1688 d_loss=0.3479 cycle_loss=0.11225 identity_loss=0.06642 grad_norm=12.27524
[19834.683s] step         step=228200 epoch=32 lr=7.619e-05 g_loss=2.80214 d_loss=0.27751 cycle_loss=0.13765 identity_loss=0.08811 grad_norm=19.19422
[19838.734s] step         step=228250 epoch=32 lr=7.619e-05 g_loss=3.37075 d_loss=0.15974 cycle_loss=0.19239 identity_loss=0.09973 grad_norm=28.39123
[19842.654s] step         step=228300 epoch=32 lr=7.619e-05 g_loss=3.70755 d_loss=0.16686 cycle_loss=0.18365 identity_loss=0.119 grad_norm=20.85871
[19846.568s] step         step=228350 epoch=32 lr=7.619e-05 g_loss=2.73865 d_loss=0.34242 cycle_loss=0.13093 identity_loss=0.07971 grad_norm=18.27119
[19850.506s] step         step=228400 epoch=32 lr=7.619e-05 g_loss=2.34182 d_loss=0.3678 cycle_loss=0.1249 identity_loss=0.10055 grad_norm=13.92023
[19855.121s] step         step=228450 epoch=32 lr=7.619e-05 g_loss=2.97057 d_loss=0.26745 cycle_loss=0.15341 identity_loss=0.13253 grad_norm=19.00616
[19859.667s] step         step=228500 epoch=32 lr=7.619e-05 g_loss=2.8859 d_loss=0.23488 cycle_loss=0.11392 identity_loss=0.09947 grad_norm=32.81472
[19863.684s] step         step=228550 epoch=32 lr=7.619e-05 g_loss=2.70531 d_loss=0.34291 cycle_loss=0.14782 identity_loss=0.13799 grad_norm=20.18347
[19867.635s] step         step=228600 epoch=32 lr=7.619e-05 g_loss=2.22311 d_loss=0.29676 cycle_loss=0.10773 identity_loss=0.09615 grad_norm=19.74916
[19871.552s] step         step=228650 epoch=32 lr=7.619e-05 g_loss=3.41565 d_loss=0.14155 cycle_loss=0.13465 identity_loss=0.14374 grad_norm=22.96499
[19875.472s] step         step=228700 epoch=32 lr=7.619e-05 g_loss=2.58456 d_loss=0.1936 cycle_loss=0.12527 identity_loss=0.09156 grad_norm=21.43221
[19879.507s] step         step=228750 epoch=32 lr=7.619e-05 g_loss=3.29785 d_loss=0.20088 cycle_loss=0.14148 identity_loss=0.12815 grad_norm=26.91188
[19883.414s] step         step=228800 epoch=32 lr=7.619e-05 g_loss=3.11543 d_loss=0.10454 cycle_loss=0.12778 identity_loss=0.07593 grad_norm=30.83407
[19887.325s] step         step=228850 epoch=32 lr=7.619e-05 g_loss=4.48747 d_loss=0.34084 cycle_loss=0.20293 identity_loss=0.22536 grad_norm=26.2747
[19891.255s] step         step=228900 epoch=32 lr=7.619e-05 g_loss=3.18618 d_loss=0.41968 cycle_loss=0.13742 identity_loss=0.09525 grad_norm=16.72817
[19895.166s] step         step=228950 epoch=32 lr=7.619e-05 g_loss=2.40299 d_loss=0.31784 cycle_loss=0.12062 identity_loss=0.07283 grad_norm=11.85609
[19899.076s] step         step=229000 epoch=32 lr=7.619e-05 g_loss=2.74734 d_loss=0.2376 cycle_loss=0.13516 identity_loss=0.11769 grad_norm=19.91886
[19903.051s] step         step=229050 epoch=32 lr=7.619e-05 g_loss=2.46068 d_loss=0.18284 cycle_loss=0.1411 identity_loss=0.1086 grad_norm=14.05713
[19906.978s] step         step=229100 epoch=32 lr=7.619e-05 g_loss=2.56197 d_loss=0.21453 cycle_loss=0.12457 identity_loss=0.0948 grad_norm=13.56648
[19911.019s] step         step=229150 epoch=32 lr=7.619e-05 g_loss=4.79867 d_loss=0.13705 cycle_loss=0.24242 identity_loss=0.24031 grad_norm=36.86307
[19915.104s] step         step=229200 epoch=32 lr=7.619e-05 g_loss=2.78192 d_loss=0.29004 cycle_loss=0.1235 identity_loss=0.08374 grad_norm=31.29773
[19919.072s] step         step=229250 epoch=32 lr=7.619e-05 g_loss=7.76094 d_loss=0.11167 cycle_loss=0.40774 identity_loss=0.45128 grad_norm=52.22746
[19923.034s] step         step=229300 epoch=32 lr=7.619e-05 g_loss=2.39694 d_loss=0.25616 cycle_loss=0.12536 identity_loss=0.09044 grad_norm=17.82553
[19926.950s] step         step=229350 epoch=32 lr=7.619e-05 g_loss=3.79118 d_loss=0.46525 cycle_loss=0.18279 identity_loss=0.13776 grad_norm=15.11499
[19930.873s] step         step=229400 epoch=32 lr=7.619e-05 g_loss=2.90537 d_loss=0.27743 cycle_loss=0.15604 identity_loss=0.09971 grad_norm=27.07563
[19934.795s] step         step=229450 epoch=32 lr=7.619e-05 g_loss=3.31632 d_loss=0.22627 cycle_loss=0.18644 identity_loss=0.09816 grad_norm=36.72176
[19938.695s] step         step=229500 epoch=32 lr=7.619e-05 g_loss=3.1733 d_loss=0.18922 cycle_loss=0.14138 identity_loss=0.10946 grad_norm=26.06834
[19942.726s] step         step=229550 epoch=32 lr=7.619e-05 g_loss=2.78773 d_loss=0.37698 cycle_loss=0.1233 identity_loss=0.1061 grad_norm=18.62427
[19946.647s] step         step=229600 epoch=32 lr=7.619e-05 g_loss=2.8564 d_loss=0.17781 cycle_loss=0.10702 identity_loss=0.08806 grad_norm=17.47154
[19950.575s] step         step=229650 epoch=32 lr=7.619e-05 g_loss=3.68595 d_loss=0.12598 cycle_loss=0.15092 identity_loss=0.10501 grad_norm=26.77394
[19954.482s] step         step=229700 epoch=32 lr=7.619e-05 g_loss=2.50253 d_loss=0.29586 cycle_loss=0.1369 identity_loss=0.09456 grad_norm=16.42664
[19958.393s] step         step=229750 epoch=32 lr=7.619e-05 g_loss=3.23211 d_loss=0.26813 cycle_loss=0.15985 identity_loss=0.13789 grad_norm=30.1759
[19962.300s] step         step=229800 epoch=32 lr=7.619e-05 g_loss=2.77828 d_loss=0.38313 cycle_loss=0.13606 identity_loss=0.11727 grad_norm=25.55579
[19966.205s] step         step=229850 epoch=32 lr=7.619e-05 g_loss=3.26627 d_loss=0.17747 cycle_loss=0.15256 identity_loss=0.09933 grad_norm=20.90396
[19970.189s] step         step=229900 epoch=32 lr=7.619e-05 g_loss=2.59143 d_loss=0.18745 cycle_loss=0.09534 identity_loss=0.07765 grad_norm=24.58498
[19974.307s] step         step=229950 epoch=32 lr=7.619e-05 g_loss=3.16259 d_loss=0.24531 cycle_loss=0.12467 identity_loss=0.10831 grad_norm=23.56117
[19978.207s] step         step=230000 epoch=32 lr=7.619e-05 g_loss=3.33824 d_loss=0.23494 cycle_loss=0.14659 identity_loss=0.16563 grad_norm=19.75802
[19982.309s] step         step=230050 epoch=32 lr=7.619e-05 g_loss=3.10191 d_loss=0.19791 cycle_loss=0.14346 identity_loss=0.07985 grad_norm=37.92377
[19986.229s] step         step=230100 epoch=32 lr=7.619e-05 g_loss=2.59366 d_loss=0.35976 cycle_loss=0.13387 identity_loss=0.1093 grad_norm=22.39108
[19990.165s] step         step=230150 epoch=32 lr=7.619e-05 g_loss=3.13503 d_loss=0.1583 cycle_loss=0.13748 identity_loss=0.1251 grad_norm=19.59364
[19994.089s] step         step=230200 epoch=32 lr=7.619e-05 g_loss=3.37505 d_loss=0.15377 cycle_loss=0.14262 identity_loss=0.08345 grad_norm=19.64551
[19998.026s] step         step=230250 epoch=32 lr=7.619e-05 g_loss=2.42095 d_loss=0.25491 cycle_loss=0.11058 identity_loss=0.07813 grad_norm=14.59947
[20001.952s] step         step=230300 epoch=32 lr=7.619e-05 g_loss=2.69974 d_loss=0.23945 cycle_loss=0.12836 identity_loss=0.08283 grad_norm=12.61202
[20005.857s] step         step=230350 epoch=32 lr=7.619e-05 g_loss=3.72922 d_loss=0.22526 cycle_loss=0.12566 identity_loss=0.09032 grad_norm=17.92874
[20009.788s] step         step=230400 epoch=32 lr=7.619e-05 g_loss=2.93138 d_loss=0.28142 cycle_loss=0.12545 identity_loss=0.10409 grad_norm=24.97795
[20013.694s] step         step=230450 epoch=32 lr=7.619e-05 g_loss=2.9979 d_loss=0.18519 cycle_loss=0.12983 identity_loss=0.10371 grad_norm=25.54738
[20017.622s] step         step=230500 epoch=32 lr=7.619e-05 g_loss=3.06971 d_loss=0.33396 cycle_loss=0.16913 identity_loss=0.11788 grad_norm=23.12046
[20021.763s] step         step=230550 epoch=32 lr=7.619e-05 g_loss=4.05243 d_loss=0.4283 cycle_loss=0.17671 identity_loss=0.11456 grad_norm=31.17767
[20025.996s] step         step=230600 epoch=32 lr=7.619e-05 g_loss=2.51584 d_loss=0.26533 cycle_loss=0.13464 identity_loss=0.0905 grad_norm=29.84029
[20030.382s] step         step=230650 epoch=32 lr=7.619e-05 g_loss=2.85305 d_loss=0.26447 cycle_loss=0.14118 identity_loss=0.1023 grad_norm=22.47986
[20034.321s] step         step=230700 epoch=32 lr=7.619e-05 g_loss=2.79502 d_loss=0.28156 cycle_loss=0.12945 identity_loss=0.10386 grad_norm=16.99366
[20038.231s] step         step=230750 epoch=32 lr=7.619e-05 g_loss=3.68013 d_loss=0.16662 cycle_loss=0.22182 identity_loss=0.09175 grad_norm=45.66305
[20042.166s] step         step=230800 epoch=32 lr=7.619e-05 g_loss=3.56188 d_loss=0.26585 cycle_loss=0.19157 identity_loss=0.12322 grad_norm=26.66272
[20046.390s] step         step=230850 epoch=32 lr=7.619e-05 g_loss=3.16672 d_loss=0.24573 cycle_loss=0.14572 identity_loss=0.10681 grad_norm=24.65496
[20051.111s] step         step=230900 epoch=32 lr=7.619e-05 g_loss=2.66274 d_loss=0.40633 cycle_loss=0.12759 identity_loss=0.08698 grad_norm=17.65855
[20055.878s] step         step=230950 epoch=32 lr=7.619e-05 g_loss=3.73221 d_loss=0.27366 cycle_loss=0.17896 identity_loss=0.10724 grad_norm=29.62164
[20060.635s] step         step=231000 epoch=32 lr=7.619e-05 g_loss=3.33855 d_loss=0.16404 cycle_loss=0.14946 identity_loss=0.12996 grad_norm=23.23702
[20065.354s] step         step=231050 epoch=32 lr=7.619e-05 g_loss=3.24072 d_loss=0.22766 cycle_loss=0.14955 identity_loss=0.09655 grad_norm=32.6615
[20069.925s] step         step=231100 epoch=32 lr=7.619e-05 g_loss=2.92042 d_loss=0.49925 cycle_loss=0.1271 identity_loss=0.09027 grad_norm=14.20031
[20073.824s] step         step=231150 epoch=32 lr=7.619e-05 g_loss=4.37709 d_loss=0.36666 cycle_loss=0.25276 identity_loss=0.22971 grad_norm=24.21117
[20077.741s] step         step=231200 epoch=32 lr=7.619e-05 g_loss=2.37669 d_loss=0.27009 cycle_loss=0.11053 identity_loss=0.10108 grad_norm=15.21303
[20081.890s] step         step=231250 epoch=32 lr=7.619e-05 g_loss=2.93063 d_loss=0.24555 cycle_loss=0.14368 identity_loss=0.10814 grad_norm=23.74662
[20085.818s] step         step=231300 epoch=32 lr=7.619e-05 g_loss=3.46657 d_loss=0.1769 cycle_loss=0.15622 identity_loss=0.15384 grad_norm=24.2984
[20089.741s] step         step=231350 epoch=32 lr=7.619e-05 g_loss=3.3448 d_loss=0.25699 cycle_loss=0.14114 identity_loss=0.13007 grad_norm=24.56905
[20093.629s] step         step=231400 epoch=32 lr=7.619e-05 g_loss=3.17575 d_loss=0.24332 cycle_loss=0.15674 identity_loss=0.09454 grad_norm=25.90545
[20097.554s] step         step=231450 epoch=32 lr=7.619e-05 g_loss=2.83006 d_loss=0.24265 cycle_loss=0.13981 identity_loss=0.07898 grad_norm=21.47077
[20101.519s] step         step=231500 epoch=32 lr=7.619e-05 g_loss=2.94705 d_loss=0.37737 cycle_loss=0.13684 identity_loss=0.10929 grad_norm=29.23944
[20105.506s] step         step=231550 epoch=32 lr=7.619e-05 g_loss=2.81982 d_loss=0.17424 cycle_loss=0.13732 identity_loss=0.07456 grad_norm=22.823
[20109.420s] step         step=231600 epoch=32 lr=7.619e-05 g_loss=3.33208 d_loss=0.29744 cycle_loss=0.14157 identity_loss=0.11157 grad_norm=21.09573
[20113.303s] step         step=231650 epoch=32 lr=7.619e-05 g_loss=2.70298 d_loss=0.33655 cycle_loss=0.126 identity_loss=0.09335 grad_norm=35.43198
[20117.199s] step         step=231700 epoch=32 lr=7.619e-05 g_loss=3.99281 d_loss=0.21984 cycle_loss=0.20902 identity_loss=0.14485 grad_norm=27.25381
[20121.109s] step         step=231750 epoch=32 lr=7.619e-05 g_loss=3.6214 d_loss=0.19142 cycle_loss=0.19355 identity_loss=0.19105 grad_norm=24.69525
[20125.093s] step         step=231800 epoch=32 lr=7.619e-05 g_loss=3.72659 d_loss=0.17478 cycle_loss=0.14089 identity_loss=0.10491 grad_norm=27.64577
[20129.033s] step         step=231850 epoch=32 lr=7.619e-05 g_loss=2.28404 d_loss=0.44239 cycle_loss=0.11953 identity_loss=0.08315 grad_norm=23.18533
[20132.967s] step         step=231900 epoch=32 lr=7.619e-05 g_loss=2.68045 d_loss=0.31253 cycle_loss=0.12414 identity_loss=0.08263 grad_norm=19.67398
[20136.957s] step         step=231950 epoch=32 lr=7.619e-05 g_loss=3.64017 d_loss=0.21985 cycle_loss=0.1417 identity_loss=0.10161 grad_norm=24.32235
[20140.849s] step         step=232000 epoch=32 lr=7.619e-05 g_loss=3.15114 d_loss=0.18467 cycle_loss=0.14912 identity_loss=0.09277 grad_norm=24.9952
[20144.831s] step         step=232050 epoch=32 lr=7.619e-05 g_loss=2.71082 d_loss=0.24703 cycle_loss=0.13169 identity_loss=0.08988 grad_norm=18.15693
[20148.743s] step         step=232100 epoch=32 lr=7.619e-05 g_loss=3.05157 d_loss=0.09893 cycle_loss=0.1146 identity_loss=0.10544 grad_norm=19.8224
[20152.747s] step         step=232150 epoch=32 lr=7.619e-05 g_loss=2.74493 d_loss=0.34128 cycle_loss=0.14126 identity_loss=0.11757 grad_norm=28.41412
[20156.674s] step         step=232200 epoch=32 lr=7.619e-05 g_loss=3.22494 d_loss=0.24429 cycle_loss=0.13669 identity_loss=0.13395 grad_norm=14.31692
[20160.716s] step         step=232250 epoch=32 lr=7.619e-05 g_loss=2.84707 d_loss=0.276 cycle_loss=0.11983 identity_loss=0.08039 grad_norm=27.24495
[20161.024s] epoch        epoch=32 step=232254 seconds=20147.0
[20161.323s] checkpoint   epoch=33 step=232254
[20164.983s] step         step=232300 epoch=33 lr=6.667e-05 g_loss=3.00764 d_loss=0.39224 cycle_loss=0.15273 identity_loss=0.12269 grad_norm=15.82831
[20168.903s] step         step=232350 epoch=33 lr=6.667e-05 g_loss=3.67227 d_loss=0.27135 cycle_loss=0.15634 identity_loss=0.10654 grad_norm=20.55461
[20172.830s] step         step=232400 epoch=33 lr=6.667e-05 g_loss=3.16492 d_loss=0.23874 cycle_loss=0.13656 identity_loss=0.12285 grad_norm=24.71099
[20176.752s] step         step=232450 epoch=33 lr=6.667e-05 g_loss=3.38376 d_loss=0.2219 cycle_loss=0.15893 identity_loss=0.11368 grad_norm=21.39735
[20180.659s] step         step=232500 epoch=33 lr=6.667e-05 g_loss=3.4485 d_loss=0.15834 cycle_loss=0.13457 identity_loss=0.11653 grad_norm=17.23989
[20184.645s] step         step=232550 epoch=33 lr=6.667e-05 g_loss=3.08178 d_loss=0.21739 cycle_loss=0.1254 identity_loss=0.08022 grad_norm=24.445
[20188.578s] step         step=232600 epoch=33 lr=6.667e-05 g_loss=3.09222 d_loss=0.1696 cycle_loss=0.12499 identity_loss=0.11315 grad_norm=22.77108
[20192.550s] step         step=232650 epoch=33 lr=6.667e-05 g_loss=2.51623 d_loss=0.33988 cycle_loss=0.11525 identity_loss=0.07123 grad_norm=18.45406
[20196.456s] step         step=232700 epoch=33 lr=6.667e-05 g_loss=2.98098 d_loss=0.26715 cycle_loss=0.12959 identity_loss=0.10391 grad_norm=16.5911
[20200.777s] step         step=232750 epoch=33 lr=6.667e-05 g_loss=3.91126 d_loss=0.24812 cycle_loss=0.18231 identity_loss=0.1559 grad_norm=18.36474
[20204.850s] step         step=232800 epoch=33 lr=6.667e-05 g_loss=3.28074 d_loss=0.21145 cycle_loss=0.13616 identity_loss=0.09538 grad_norm=17.21761
[20208.748s] step         step=232850 epoch=33 lr=6.667e-05 g_loss=3.5442 d_loss=0.20152 cycle_loss=0.17312 identity_loss=0.15752 grad_norm=25.63361
[20212.640s] step         step=232900 epoch=33 lr=6.667e-05 g_loss=3.24854 d_loss=0.17414 cycle_loss=0.15797 identity_loss=0.12251 grad_norm=26.97434
[20216.559s] step         step=232950 epoch=33 lr=6.667e-05 g_loss=2.66458 d_loss=0.17778 cycle_loss=0.1152 identity_loss=0.06794 grad_norm=27.6874
[20220.479s] step         step=233000 epoch=33 lr=6.667e-05 g_loss=3.96998 d_loss=0.16759 cycle_loss=0.20836 identity_loss=0.17232 grad_norm=27.86366
[20224.467s] step         step=233050 epoch=33 lr=6.667e-05 g_loss=2.08801 d_loss=0.30093 cycle_loss=0.08888 identity_loss=0.0854 grad_norm=19.45541
[20228.389s] step         step=233100 epoch=33 lr=6.667e-05 g_loss=2.48911 d_loss=0.13489 cycle_loss=0.09888 identity_loss=0.06304 grad_norm=24.24539
[20232.265s] step         step=233150 epoch=33 lr=6.667e-05 g_loss=1.83351 d_loss=0.30073 cycle_loss=0.08267 identity_loss=0.06601 grad_norm=14.46183
[20236.188s] step         step=233200 epoch=33 lr=6.667e-05 g_loss=2.75572 d_loss=0.22359 cycle_loss=0.12532 identity_loss=0.08839 grad_norm=21.93604
[20240.097s] step         step=233250 epoch=33 lr=6.667e-05 g_loss=3.57649 d_loss=0.27771 cycle_loss=0.186 identity_loss=0.1293 grad_norm=26.02073
[20244.010s] step         step=233300 epoch=33 lr=6.667e-05 g_loss=2.94757 d_loss=0.30112 cycle_loss=0.14373 identity_loss=0.10536 grad_norm=21.06986
[20247.934s] step         step=233350 epoch=33 lr=6.667e-05 g_loss=3.157 d_loss=0.18185 cycle_loss=0.12841 identity_loss=0.08572 grad_norm=16.57442
[20251.887s] step         step=233400 epoch=33 lr=6.667e-05 g_loss=2.70519 d_loss=0.35604 cycle_loss=0.13218 identity_loss=0.09272 grad_norm=21.545
[20255.785s] step         step=233450 epoch=33 lr=6.667e-05 g_loss=2.64917 d_loss=0.22785 cycle_loss=0.10327 identity_loss=0.07635 grad_norm=19.78273
[20259.691s] step         step=233500 epoch=33 lr=6.667e-05 g_loss=2.77125 d_loss=0.23756 cycle_loss=0.12344 identity_loss=0.07655 grad_norm=12.58794
[20263.658s] step         step=233550 epoch=33 lr=6.667e-05 g_loss=4.5623 d_loss=0.19574 cycle_loss=0.22296 identity_loss=0.16953 grad_norm=35.47803
[20267.591s] step         step=233600 epoch=33 lr=6.667e-05 g_loss=3.3183 d_loss=0.18554 cycle_loss=0.14188 identity_loss=0.10286 grad_norm=14.80295
[20271.694s] step         step=233650 epoch=33 lr=6.667e-05 g_loss=2.93113 d_loss=0.40356 cycle_loss=0.14599 identity_loss=0.12145 grad_norm=12.05369
[20275.616s] step         step=233700 epoch=33 lr=6.667e-05 g_loss=2.90469 d_loss=0.13788 cycle_loss=0.13192 identity_loss=0.09759 grad_norm=19.59546
[20279.497s] step         step=233750 epoch=33 lr=6.667e-05 g_loss=3.11197 d_loss=0.32815 cycle_loss=0.14292 identity_loss=0.13534 grad_norm=24.38005
[20283.509s] step         step=233800 epoch=33 lr=6.667e-05 g_loss=3.12149 d_loss=0.36367 cycle_loss=0.1197 identity_loss=0.10431 grad_norm=36.45713
[20287.433s] step         step=233850 epoch=33 lr=6.667e-05 g_loss=2.36423 d_loss=0.3366 cycle_loss=0.10575 identity_loss=0.05679 grad_norm=16.23979
[20291.353s] step         step=233900 epoch=33 lr=6.667e-05 g_loss=3.35843 d_loss=0.18264 cycle_loss=0.12628 identity_loss=0.18767 grad_norm=25.23885
[20295.298s] step         step=233950 epoch=33 lr=6.667e-05 g_loss=3.27672 d_loss=0.32462 cycle_loss=0.15645 identity_loss=0.13567 grad_norm=36.20268
[20299.243s] step         step=234000 epoch=33 lr=6.667e-05 g_loss=3.3978 d_loss=0.16207 cycle_loss=0.16304 identity_loss=0.11268 grad_norm=27.47888
[20303.252s] step         step=234050 epoch=33 lr=6.667e-05 g_loss=2.41415 d_loss=0.23859 cycle_loss=0.11397 identity_loss=0.09348 grad_norm=20.32838
[20307.670s] step         step=234100 epoch=33 lr=6.667e-05 g_loss=2.76489 d_loss=0.23468 cycle_loss=0.11555 identity_loss=0.07869 grad_norm=20.98232
[20311.684s] step         step=234150 epoch=33 lr=6.667e-05 g_loss=3.02805 d_loss=0.16211 cycle_loss=0.13175 identity_loss=0.09565 grad_norm=17.93603
[20315.608s] step         step=234200 epoch=33 lr=6.667e-05 g_loss=2.55737 d_loss=0.20393 cycle_loss=0.12039 identity_loss=0.09027 grad_norm=18.07721
[20319.544s] step         step=234250 epoch=33 lr=6.667e-05 g_loss=2.616 d_loss=0.23547 cycle_loss=0.12677 identity_loss=0.0905 grad_norm=25.41804
[20323.593s] step         step=234300 epoch=33 lr=6.667e-05 g_loss=2.88917 d_loss=0.39531 cycle_loss=0.12027 identity_loss=0.07838 grad_norm=21.88338
[20327.536s] step         step=234350 epoch=33 lr=6.667e-05 g_loss=3.0491 d_loss=0.1801 cycle_loss=0.10467 identity_loss=0.06191 grad_norm=23.24946
[20331.455s] step         step=234400 epoch=33 lr=6.667e-05 g_loss=3.41725 d_loss=0.18115 cycle_loss=0.15313 identity_loss=0.10927 grad_norm=21.01117
[20335.359s] step         step=234450 epoch=33 lr=6.667e-05 g_loss=3.33169 d_loss=0.18111 cycle_loss=0.1651 identity_loss=0.12158 grad_norm=28.48446
[20339.338s] step         step=234500 epoch=33 lr=6.667e-05 g_loss=3.11149 d_loss=0.31037 cycle_loss=0.14918 identity_loss=0.10384 grad_norm=18.25406
[20343.333s] step         step=234550 epoch=33 lr=6.667e-05 g_loss=2.93825 d_loss=0.36592 cycle_loss=0.13592 identity_loss=0.08756 grad_norm=16.85817
[20347.306s] step         step=234600 epoch=33 lr=6.667e-05 g_loss=2.90409 d_loss=0.23189 cycle_loss=0.12028 identity_loss=0.08486 grad_norm=16.54534
[20351.255s] step         step=234650 epoch=33 lr=6.667e-05 g_loss=2.91616 d_loss=0.22705 cycle_loss=0.13198 identity_loss=0.09053 grad_norm=50.00039
[20355.223s] step         step=234700 epoch=33 lr=6.667e-05 g_loss=3.30649 d_loss=0.2359 cycle_loss=0.15267 identity_loss=0.10402 grad_norm=19.30685
[20359.155s] step         step=234750 epoch=33 lr=6.667e-05 g_loss=3.10876 d_loss=0.23496 cycle_loss=0.14439 identity_loss=0.1044 grad_norm=13.69884
[20363.071s] step         step=234800 epoch=33 lr=6.667e-05 g_loss=3.51993 d_loss=0.16782 cycle_loss=0.17671 identity_loss=0.1519 grad_norm=42.09933
[20367.005s] step         step=234850 epoch=33 lr=6.667e-05 g_loss=3.99052 d_loss=0.22135 cycle_loss=0.19316 identity_loss=0.09054 grad_norm=49.5407
[20370.957s] step         step=234900 epoch=33 lr=6.667e-05 g_loss=3.0021 d_loss=0.26634 cycle_loss=0.13783 identity_loss=0.10644 grad_norm=11.9892
[20374.899s] step         step=234950 epoch=33 lr=6.667e-05 g_loss=3.0767 d_loss=0.1857 cycle_loss=0.14366 identity_loss=0.09436 grad_norm=15.95078
[20378.814s] step         step=235000 epoch=33 lr=6.667e-05 g_loss=3.57775 d_loss=0.28668 cycle_loss=0.16902 identity_loss=0.13382 grad_norm=29.23279
[20382.784s] step         step=235050 epoch=33 lr=6.667e-05 g_loss=2.7064 d_loss=0.29655 cycle_loss=0.12249 identity_loss=0.07011 grad_norm=17.70339
[20386.689s] step         step=235100 epoch=33 lr=6.667e-05 g_loss=2.59863 d_loss=0.30102 cycle_loss=0.1291 identity_loss=0.07801 grad_norm=15.98785
[20390.594s] step         step=235150 epoch=33 lr=6.667e-05 g_loss=4.22408 d_loss=0.30756 cycle_loss=0.19408 identity_loss=0.14464 grad_norm=23.57343
[20394.718s] step         step=235200 epoch=33 lr=6.667e-05 g_loss=2.77894 d_loss=0.10012 cycle_loss=0.11881 identity_loss=0.07311 grad_norm=21.32137
[20398.692s] step         step=235250 epoch=33 lr=6.667e-05 g_loss=3.01888 d_loss=0.46395 cycle_loss=0.17223 identity_loss=0.08728 grad_norm=22.57546
[20402.634s] step         step=235300 epoch=33 lr=6.667e-05 g_loss=3.50777 d_loss=0.23445 cycle_loss=0.15445 identity_loss=0.11196 grad_norm=29.95743
[20406.557s] step         step=235350 epoch=33 lr=6.667e-05 g_loss=3.43619 d_loss=0.14539 cycle_loss=0.14711 identity_loss=0.09547 grad_norm=21.37447
[20410.488s] step         step=235400 epoch=33 lr=6.667e-05 g_loss=3.69945 d_loss=0.1654 cycle_loss=0.18577 identity_loss=0.14772 grad_norm=38.34072
[20414.421s] step         step=235450 epoch=33 lr=6.667e-05 g_loss=2.55314 d_loss=0.34687 cycle_loss=0.10612 identity_loss=0.07663 grad_norm=29.94845
[20418.343s] step         step=235500 epoch=33 lr=6.667e-05 g_loss=3.20663 d_loss=0.15343 cycle_loss=0.15379 identity_loss=0.13554 grad_norm=32.71305
[20422.360s] step         step=235550 epoch=33 lr=6.667e-05 g_loss=2.778 d_loss=0.26214 cycle_loss=0.12249 identity_loss=0.10838 grad_norm=13.08318
[20426.260s] step         step=235600 epoch=33 lr=6.667e-05 g_loss=4.12234 d_loss=0.23487 cycle_loss=0.21413 identity_loss=0.12286 grad_norm=85.90571
[20430.185s] step         step=235650 epoch=33 lr=6.667e-05 g_loss=2.91094 d_loss=0.14706 cycle_loss=0.12405 identity_loss=0.12281 grad_norm=28.28237
[20434.156s] step         step=235700 epoch=33 lr=6.667e-05 g_loss=3.42877 d_loss=0.42018 cycle_loss=0.14472 identity_loss=0.10923 grad_norm=20.9345
[20438.112s] step         step=235750 epoch=33 lr=6.667e-05 g_loss=2.71201 d_loss=0.12417 cycle_loss=0.10884 identity_loss=0.0886 grad_norm=15.82801
[20442.546s] step         step=235800 epoch=33 lr=6.667e-05 g_loss=2.82976 d_loss=0.12161 cycle_loss=0.12888 identity_loss=0.08416 grad_norm=30.70824
[20446.504s] step         step=235850 epoch=33 lr=6.667e-05 g_loss=2.94757 d_loss=0.27655 cycle_loss=0.12428 identity_loss=0.10742 grad_norm=20.93955
[20450.464s] step         step=235900 epoch=33 lr=6.667e-05 g_loss=3.03415 d_loss=0.38282 cycle_loss=0.14561 identity_loss=0.11452 grad_norm=26.07118
[20454.376s] step         step=235950 epoch=33 lr=6.667e-05 g_loss=3.16052 d_loss=0.33036 cycle_loss=0.11697 identity_loss=0.08084 grad_norm=26.24556
[20458.263s] step         step=236000 epoch=33 lr=6.667e-05 g_loss=3.01116 d_loss=0.22882 cycle_loss=0.12098 identity_loss=0.09361 grad_norm=20.80547
[20462.251s] step         step=236050 epoch=33 lr=6.667e-05 g_loss=3.23095 d_loss=0.14082 cycle_loss=0.13755 identity_loss=0.10863 grad_norm=27.11422
[20466.148s] step         step=236100 epoch=33 lr=6.667e-05 g_loss=2.92111 d_loss=0.26648 cycle_loss=0.14729 identity_loss=0.09635 grad_norm=18.18979
[20470.068s] step         step=236150 epoch=33 lr=6.667e-05 g_loss=3.57943 d_loss=0.12617 cycle_loss=0.16406 identity_loss=0.12856 grad_norm=19.2191
[20473.948s] step         step=236200 epoch=33 lr=6.667e-05 g_loss=2.73769 d_loss=0.18767 cycle_loss=0.14549 identity_loss=0.10044 grad_norm=39.04024
[20477.842s] step         step=236250 epoch=33 lr=6.667e-05 g_loss=2.46421 d_loss=0.26719 cycle_loss=0.1132 identity_loss=0.08814 grad_norm=18.02853
[20481.729s] step         step=236300 epoch=33 lr=6.667e-05 g_loss=2.59207 d_loss=0.20356 cycle_loss=0.13302 identity_loss=0.06532 grad_norm=27.25298
[20485.681s] step         step=236350 epoch=33 lr=6.667e-05 g_loss=3.3033 d_loss=0.22093 cycle_loss=0.1302 identity_loss=0.09231 grad_norm=21.37993
[20489.845s] step         step=236400 epoch=33 lr=6.667e-05 g_loss=2.65527 d_loss=0.35335 cycle_loss=0.13345 identity_loss=0.11082 grad_norm=17.35399
[20493.952s] step         step=236450 epoch=33 lr=6.667e-05 g_loss=3.02257 d_loss=0.26338 cycle_loss=0.13675 identity_loss=0.12469 grad_norm=23.85288
[20497.863s] step         step=236500 epoch=33 lr=6.667e-05 g_loss=3.2509 d_loss=0.18598 cycle_loss=0.13826 identity_loss=0.10441 grad_norm=30.08699
[20501.841s] step         step=236550 epoch=33 lr=6.667e-05 g_loss=3.55336 d_loss=0.17726 cycle_loss=0.13606 identity_loss=0.12906 grad_norm=22.87139
[20505.734s] step         step=236600 epoch=33 lr=6.667e-05 g_loss=2.56185 d_loss=0.30551 cycle_loss=0.1302 identity_loss=0.06974 grad_norm=25.68818
[20509.633s] step         step=236650 epoch=33 lr=6.667e-05 g_loss=2.96597 d_loss=0.2908 cycle_loss=0.14759 identity_loss=0.13048 grad_norm=16.17338
[20513.542s] step         step=236700 epoch=33 lr=6.667e-05 g_loss=2.73091 d_loss=0.2671 cycle_loss=0.13031 identity_loss=0.09012 grad_norm=32.87501
[20517.439s] step         step=236750 epoch=33 lr=6.667e-05 g_loss=3.12128 d_loss=0.3719 cycle_loss=0.14634 identity_loss=0.10027 grad_norm=17.30405
[20521.392s] step         step=236800 epoch=33 lr=6.667e-05 g_loss=3.11437 d_loss=0.34761 cycle_loss=0.13341 identity_loss=0.17633 grad_norm=19.71283
[20525.346s] step         step=236850 epoch=33 lr=6.667e-05 g_loss=3.43302 d_loss=0.28226 cycle_loss=0.16531 identity_loss=0.11671 grad_norm=30.57731
[20529.277s] step         step=236900 epoch=33 lr=6.667e-05 g_loss=2.80288 d_loss=0.19014 cycle_loss=0.11301 identity_loss=0.08051 grad_norm=23.32193
[20533.622s] step         step=236950 epoch=33 lr=6.667e-05 g_loss=2.22732 d_loss=0.3216 cycle_loss=0.1047 identity_loss=0.08135 grad_norm=14.12497
[20537.542s] step         step=237000 epoch=33 lr=6.667e-05 g_loss=3.08746 d_loss=0.19584 cycle_loss=0.15405 identity_loss=0.09792 grad_norm=25.98553
[20541.522s] step         step=237050 epoch=33 lr=6.667e-05 g_loss=2.73115 d_loss=0.25744 cycle_loss=0.12249 identity_loss=0.09196 grad_norm=20.56571
[20545.410s] step         step=237100 epoch=33 lr=6.667e-05 g_loss=2.63075 d_loss=0.247 cycle_loss=0.11529 identity_loss=0.07527 grad_norm=21.49929
[20549.319s] step         step=237150 epoch=33 lr=6.667e-05 g_loss=3.95452 d_loss=0.18992 cycle_loss=0.19233 identity_loss=0.15064 grad_norm=28.85954
[20553.235s] step         step=237200 epoch=33 lr=6.667e-05 g_loss=3.31493 d_loss=0.23476 cycle_loss=0.13276 identity_loss=0.0971 grad_norm=23.62199
[20557.137s] step         step=237250 epoch=33 lr=6.667e-05 g_loss=2.68895 d_loss=0.25053 cycle_loss=0.11282 identity_loss=0.0929 grad_norm=18.46295
[20561.052s] step         step=237300 epoch=33 lr=6.667e-05 g_loss=2.54843 d_loss=0.29895 cycle_loss=0.11544 identity_loss=0.08206 grad_norm=27.53109
[20564.959s] step         step=237350 epoch=33 lr=6.667e-05 g_loss=4.36138 d_loss=0.19462 cycle_loss=0.23578 identity_loss=0.1374 grad_norm=23.79018
[20568.917s] step         step=237400 epoch=33 lr=6.667e-05 g_loss=2.61502 d_loss=0.23391 cycle_loss=0.119 identity_loss=0.08106 grad_norm=24.09027
[20573.011s] step         step=237450 epoch=33 lr=6.667e-05 g_loss=3.39217 d_loss=0.41105 cycle_loss=0.15845 identity_loss=0.11581 grad_norm=15.75769
[20576.898s] step         step=237500 epoch=33 lr=6.667e-05 g_loss=3.66796 d_loss=0.16401 cycle_loss=0.18605 identity_loss=0.11836 grad_norm=41.97024
[20580.880s] step         step=237550 epoch=33 lr=6.667e-05 g_loss=1.97538 d_loss=0.23315 cycle_loss=0.09618 identity_loss=0.06075 grad_norm=23.83123
[20584.825s] step         step=237600 epoch=33 lr=6.667e-05 g_loss=2.25493 d_loss=0.25684 cycle_loss=0.09911 identity_loss=0.0757 grad_norm=12.69674
[20588.735s] step         step=237650 epoch=33 lr=6.667e-05 g_loss=2.97941 d_loss=0.19427 cycle_loss=0.14683 identity_loss=0.09414 grad_norm=32.46356
[20592.658s] step         step=237700 epoch=33 lr=6.667e-05 g_loss=3.8337 d_loss=0.12189 cycle_loss=0.18201 identity_loss=0.0811 grad_norm=39.14577
[20596.584s] step         step=237750 epoch=33 lr=6.667e-05 g_loss=2.86919 d_loss=0.14282 cycle_loss=0.13106 identity_loss=0.08184 grad_norm=21.93742
[20600.476s] step         step=237800 epoch=33 lr=6.667e-05 g_loss=2.57553 d_loss=0.22703 cycle_loss=0.11964 identity_loss=0.09186 grad_norm=16.92259
[20604.393s] step         step=237850 epoch=33 lr=6.667e-05 g_loss=2.71889 d_loss=0.39697 cycle_loss=0.12472 identity_loss=0.13021 grad_norm=23.47161
[20608.319s] step         step=237900 epoch=33 lr=6.667e-05 g_loss=3.03924 d_loss=0.24515 cycle_loss=0.12812 identity_loss=0.0786 grad_norm=16.44718
[20612.241s] step         step=237950 epoch=33 lr=6.667e-05 g_loss=2.4025 d_loss=0.16029 cycle_loss=0.12333 identity_loss=0.06866 grad_norm=17.1662
[20616.148s] step         step=238000 epoch=33 lr=6.667e-05 g_loss=2.68623 d_loss=0.26055 cycle_loss=0.13991 identity_loss=0.10959 grad_norm=18.03023
[20620.138s] step         step=238050 epoch=33 lr=6.667e-05 g_loss=3.32712 d_loss=0.14558 cycle_loss=0.1351 identity_loss=0.12544 grad_norm=24.56398
[20624.060s] step         step=238100 epoch=33 lr=6.667e-05 g_loss=2.51559 d_loss=0.40159 cycle_loss=0.14466 identity_loss=0.11421 grad_norm=26.64756
[20627.967s] step         step=238150 epoch=33 lr=6.667e-05 g_loss=3.44528 d_loss=0.15012 cycle_loss=0.10818 identity_loss=0.0894 grad_norm=18.99481
[20631.923s] step         step=238200 epoch=33 lr=6.667e-05 g_loss=2.75861 d_loss=0.25698 cycle_loss=0.12028 identity_loss=0.10391 grad_norm=19.06145
[20635.828s] step         step=238250 epoch=33 lr=6.667e-05 g_loss=2.66775 d_loss=0.31993 cycle_loss=0.125 identity_loss=0.0857 grad_norm=21.1832
[20639.701s] step         step=238300 epoch=33 lr=6.667e-05 g_loss=3.67397 d_loss=0.29432 cycle_loss=0.19599 identity_loss=0.1736 grad_norm=31.19155
[20643.636s] step         step=238350 epoch=33 lr=6.667e-05 g_loss=3.51998 d_loss=0.30746 cycle_loss=0.17301 identity_loss=0.15477 grad_norm=25.3025
[20647.548s] step         step=238400 epoch=33 lr=6.667e-05 g_loss=3.51417 d_loss=0.14586 cycle_loss=0.17726 identity_loss=0.09486 grad_norm=25.0079
[20651.462s] step         step=238450 epoch=33 lr=6.667e-05 g_loss=3.24632 d_loss=0.22808 cycle_loss=0.1708 identity_loss=0.09225 grad_norm=22.84442
[20655.369s] step         step=238500 epoch=33 lr=6.667e-05 g_loss=3.17629 d_loss=0.16287 cycle_loss=0.11915 identity_loss=0.0846 grad_norm=47.65466
[20659.389s] step         step=238550 epoch=33 lr=6.667e-05 g_loss=3.41692 d_loss=0.12684 cycle_loss=0.1801 identity_loss=0.11697 grad_norm=18.95323
[20663.275s] step         step=238600 epoch=33 lr=6.667e-05 g_loss=2.54254 d_loss=0.41913 cycle_loss=0.13278 identity_loss=0.08804 grad_norm=16.84082
[20667.184s] step         step=238650 epoch=33 lr=6.667e-05 g_loss=3.53357 d_loss=0.28608 cycle_loss=0.11988 identity_loss=0.08304 grad_norm=20.30869
[20671.099s] step         step=238700 epoch=33 lr=6.667e-05 g_loss=3.48297 d_loss=0.34894 cycle_loss=0.13733 identity_loss=0.10889 grad_norm=33.39646
[20675.005s] step         step=238750 epoch=33 lr=6.667e-05 g_loss=2.76818 d_loss=0.43317 cycle_loss=0.12912 identity_loss=0.08021 grad_norm=22.80174
[20678.914s] step         step=238800 epoch=33 lr=6.667e-05 g_loss=2.84271 d_loss=0.30549 cycle_loss=0.14218 identity_loss=0.09946 grad_norm=16.55157
[20683.027s] step         step=238850 epoch=33 lr=6.667e-05 g_loss=3.18423 d_loss=0.1828 cycle_loss=0.14308 identity_loss=0.09542 grad_norm=27.83807
[20686.935s] step         step=238900 epoch=33 lr=6.667e-05 g_loss=2.76327 d_loss=0.21501 cycle_loss=0.15165 identity_loss=0.08127 grad_norm=15.99643
[20690.844s] step         step=238950 epoch=33 lr=6.667e-05 g_loss=2.76645 d_loss=0.2937 cycle_loss=0.13314 identity_loss=0.09318 grad_norm=18.3212
[20694.765s] step         step=239000 epoch=33 lr=6.667e-05 g_loss=2.47873 d_loss=0.15754 cycle_loss=0.12411 identity_loss=0.10269 grad_norm=17.41876
[20698.731s] step         step=239050 epoch=33 lr=6.667e-05 g_loss=2.43431 d_loss=0.30052 cycle_loss=0.10964 identity_loss=0.07556 grad_norm=16.89
[20702.683s] step         step=239100 epoch=33 lr=6.667e-05 g_loss=2.99874 d_loss=0.1838 cycle_loss=0.1264 identity_loss=0.08576 grad_norm=22.45167
[20706.629s] step         step=239150 epoch=33 lr=6.667e-05 g_loss=4.39843 d_loss=0.31964 cycle_loss=0.2204 identity_loss=0.2383 grad_norm=26.59806
[20710.560s] step         step=239200 epoch=33 lr=6.667e-05 g_loss=2.59638 d_loss=0.28886 cycle_loss=0.10441 identity_loss=0.08372 grad_norm=27.07441
[20714.489s] step         step=239250 epoch=33 lr=6.667e-05 g_loss=3.37224 d_loss=0.47468 cycle_loss=0.163 identity_loss=0.0995 grad_norm=18.64656
[20717.776s] epoch        epoch=33 step=239292 seconds=20703.8
[20718.083s] checkpoint   epoch=34 step=239292
[20718.729s] step         step=239300 epoch=34 lr=5.714e-05 g_loss=2.59363 d_loss=0.22064 cycle_loss=0.11631 identity_loss=0.10155 grad_norm=14.94588
[20723.106s] step         step=239350 epoch=34 lr=5.714e-05 g_loss=3.55677 d_loss=0.25395 cycle_loss=0.15728 identity_loss=0.11371 grad_norm=15.52314
[20727.046s] step         step=239400 epoch=34 lr=5.714e-05 g_loss=2.53329 d_loss=0.49983 cycle_loss=0.11968 identity_loss=0.10655 grad_norm=14.0242
[20730.979s] step         step=239450 epoch=34 lr=5.714e-05 g_loss=2.83967 d_loss=0.21855 cycle_loss=0.14023 identity_loss=0.07595 grad_norm=23.80943
[20734.887s] step         step=239500 epoch=34 lr=5.714e-05 g_loss=3.64766 d_loss=0.25288 cycle_loss=0.20361 identity_loss=0.12516 grad_norm=26.50915
[20738.898s] step         step=239550 epoch=34 lr=5.714e-05 g_loss=2.97937 d_loss=0.23854 cycle_loss=0.16068 identity_loss=0.108 grad_norm=20.81727
[20742.818s] step         step=239600 epoch=34 lr=5.714e-05 g_loss=3.57856 d_loss=0.40843 cycle_loss=0.1645 identity_loss=0.11996 grad_norm=13.11952
[20746.742s] step         step=239650 epoch=34 lr=5.714e-05 g_loss=2.81523 d_loss=0.27942 cycle_loss=0.15744 identity_loss=0.10706 grad_norm=21.20104
[20750.748s] step         step=239700 epoch=34 lr=5.714e-05 g_loss=3.25254 d_loss=0.29914 cycle_loss=0.14978 identity_loss=0.14061 grad_norm=22.86977
[20754.708s] step         step=239750 epoch=34 lr=5.714e-05 g_loss=2.44765 d_loss=0.27318 cycle_loss=0.09842 identity_loss=0.06735 grad_norm=19.78531
[20758.740s] step         step=239800 epoch=34 lr=5.714e-05 g_loss=3.44398 d_loss=0.24055 cycle_loss=0.17397 identity_loss=0.15248 grad_norm=29.83238
[20762.627s] step         step=239850 epoch=34 lr=5.714e-05 g_loss=2.83953 d_loss=0.17363 cycle_loss=0.134 identity_loss=0.06178 grad_norm=24.07986
[20766.574s] step         step=239900 epoch=34 lr=5.714e-05 g_loss=5.17265 d_loss=0.20165 cycle_loss=0.27368 identity_loss=0.26341 grad_norm=30.15995
[20770.475s] step         step=239950 epoch=34 lr=5.714e-05 g_loss=2.71278 d_loss=0.16869 cycle_loss=0.13116 identity_loss=0.09505 grad_norm=22.11132
[20774.396s] step         step=240000 epoch=34 lr=5.714e-05 g_loss=2.65831 d_loss=0.27762 cycle_loss=0.12469 identity_loss=0.07945 grad_norm=19.18624
[20778.389s] step         step=240050 epoch=34 lr=5.714e-05 g_loss=2.95099 d_loss=0.29593 cycle_loss=0.13853 identity_loss=0.10577 grad_norm=16.36637
[20782.317s] step         step=240100 epoch=34 lr=5.714e-05 g_loss=3.2515 d_loss=0.25334 cycle_loss=0.12296 identity_loss=0.1089 grad_norm=32.4748
[20786.223s] step         step=240150 epoch=34 lr=5.714e-05 g_loss=3.18557 d_loss=0.1444 cycle_loss=0.13595 identity_loss=0.1096 grad_norm=20.76522
[20790.165s] step         step=240200 epoch=34 lr=5.714e-05 g_loss=2.48183 d_loss=0.2679 cycle_loss=0.09581 identity_loss=0.05725 grad_norm=13.42645
[20794.156s] step         step=240250 epoch=34 lr=5.714e-05 g_loss=2.91066 d_loss=0.20187 cycle_loss=0.13089 identity_loss=0.10323 grad_norm=24.04355
[20798.055s] step         step=240300 epoch=34 lr=5.714e-05 g_loss=2.80021 d_loss=0.34071 cycle_loss=0.09753 identity_loss=0.06891 grad_norm=18.53091
[20801.979s] step         step=240350 epoch=34 lr=5.714e-05 g_loss=3.12825 d_loss=0.19996 cycle_loss=0.14083 identity_loss=0.10412 grad_norm=21.39744
[20805.897s] step         step=240400 epoch=34 lr=5.714e-05 g_loss=2.37606 d_loss=0.21426 cycle_loss=0.11776 identity_loss=0.06279 grad_norm=16.59303
[20810.069s] step         step=240450 epoch=34 lr=5.714e-05 g_loss=2.83889 d_loss=0.29723 cycle_loss=0.11184 identity_loss=0.08727 grad_norm=21.10662
[20813.988s] step         step=240500 epoch=34 lr=5.714e-05 g_loss=3.76924 d_loss=0.15757 cycle_loss=0.16262 identity_loss=0.1551 grad_norm=32.91394
[20817.944s] step         step=240550 epoch=34 lr=5.714e-05 g_loss=2.7278 d_loss=0.30307 cycle_loss=0.15505 identity_loss=0.09138 grad_norm=24.09859
[20821.875s] step         step=240600 epoch=34 lr=5.714e-05 g_loss=2.91624 d_loss=0.29181 cycle_loss=0.14101 identity_loss=0.09709 grad_norm=20.76952
[20825.794s] step         step=240650 epoch=34 lr=5.714e-05 g_loss=3.09236 d_loss=0.15036 cycle_loss=0.15091 identity_loss=0.08606 grad_norm=38.3254
[20829.702s] step         step=240700 epoch=34 lr=5.714e-05 g_loss=3.41733 d_loss=0.11827 cycle_loss=0.1259 identity_loss=0.06985 grad_norm=23.96835
[20833.620s] step         step=240750 epoch=34 lr=5.714e-05 g_loss=2.51491 d_loss=0.47311 cycle_loss=0.1109 identity_loss=0.07832 grad_norm=11.56876
[20837.524s] step         step=240800 epoch=34 lr=5.714e-05 g_loss=2.65461 d_loss=0.26562 cycle_loss=0.12178 identity_loss=0.09572 grad_norm=13.80638
[20841.470s] step         step=240850 epoch=34 lr=5.714e-05 g_loss=2.2088 d_loss=0.21219 cycle_loss=0.11402 identity_loss=0.08335 grad_norm=15.30038
[20845.384s] step         step=240900 epoch=34 lr=5.714e-05 g_loss=2.81038 d_loss=0.37412 cycle_loss=0.13201 identity_loss=0.0868 grad_norm=15.83305
[20849.317s] step         step=240950 epoch=34 lr=5.714e-05 g_loss=3.02391 d_loss=0.25735 cycle_loss=0.14027 identity_loss=0.0922 grad_norm=27.79257
[20853.252s] step         step=241000 epoch=34 lr=5.714e-05 g_loss=3.20497 d_loss=0.31645 cycle_loss=0.13223 identity_loss=0.09083 grad_norm=18.77474
[20857.226s] step         step=241050 epoch=34 lr=5.714e-05 g_loss=3.39745 d_loss=0.23857 cycle_loss=0.16183 identity_loss=0.09879 grad_norm=33.93814
[20861.151s] step         step=241100 epoch=34 lr=5.714e-05 g_loss=2.65091 d_loss=0.26008 cycle_loss=0.12271 identity_loss=0.09982 grad_norm=16.2677
[20865.084s] step         step=241150 epoch=34 lr=5.714e-05 g_loss=2.02578 d_loss=0.42352 cycle_loss=0.10143 identity_loss=0.05908 grad_norm=14.98682
[20869.066s] step         step=241200 epoch=34 lr=5.714e-05 g_loss=2.68227 d_loss=0.36185 cycle_loss=0.13033 identity_loss=0.06922 grad_norm=22.59043
[20873.224s] step         step=241250 epoch=34 lr=5.714e-05 g_loss=2.60594 d_loss=0.29645 cycle_loss=0.11925 identity_loss=0.09378 grad_norm=20.69649
[20877.149s] step         step=241300 epoch=34 lr=5.714e-05 g_loss=2.1189 d_loss=0.25204 cycle_loss=0.09796 identity_loss=0.06851 grad_norm=22.97628
[20881.087s] step         step=241350 epoch=34 lr=5.714e-05 g_loss=2.68687 d_loss=0.23907 cycle_loss=0.1136 identity_loss=0.07175 grad_norm=26.43933
[20885.047s] step         step=241400 epoch=34 lr=5.714e-05 g_loss=3.60537 d_loss=0.26735 cycle_loss=0.18014 identity_loss=0.13488 grad_norm=25.49967
[20888.978s] step         step=241450 epoch=34 lr=5.714e-05 g_loss=2.77032 d_loss=0.23062 cycle_loss=0.12985 identity_loss=0.09469 grad_norm=25.62593
[20892.887s] step         step=241500 epoch=34 lr=5.714e-05 g_loss=2.58415 d_loss=0.25032 cycle_loss=0.11734 identity_loss=0.08665 grad_norm=13.95751
[20896.897s] step         step=241550 epoch=34 lr=5.714e-05 g_loss=3.64422 d_loss=0.1869 cycle_loss=0.15552 identity_loss=0.10781 grad_norm=15.0197
[20900.888s] step         step=241600 epoch=34 lr=5.714e-05 g_loss=3.72546 d_loss=0.20192 cycle_loss=0.17584 identity_loss=0.11244 grad_norm=16.2632
[20904.850s] step         step=241650 epoch=34 lr=5.714e-05 g_loss=2.40963 d_loss=0.31989 cycle_loss=0.12794 identity_loss=0.07452 grad_norm=15.33822
[20908.763s] step         step=241700 epoch=34 lr=5.714e-05 g_loss=3.82253 d_loss=0.13341 cycle_loss=0.1779 identity_loss=0.17373 grad_norm=26.191
[20912.685s] step         step=241750 epoch=34 lr=5.714e-05 g_loss=2.65494 d_loss=0.3434 cycle_loss=0.13009 identity_loss=0.097 grad_norm=14.07349
[20916.592s] step         step=241800 epoch=34 lr=5.714e-05 g_loss=3.10923 d_loss=0.19822 cycle_loss=0.14869 identity_loss=0.11717 grad_norm=25.65355
[20920.498s] step         step=241850 epoch=34 lr=5.714e-05 g_loss=2.12053 d_loss=0.44336 cycle_loss=0.10132 identity_loss=0.08598 grad_norm=19.70958
[20924.883s] step         step=241900 epoch=34 lr=5.714e-05 g_loss=3.14018 d_loss=0.21527 cycle_loss=0.13609 identity_loss=0.09851 grad_norm=11.75124
[20928.864s] step         step=241950 epoch=34 lr=5.714e-05 g_loss=3.52256 d_loss=0.28294 cycle_loss=0.11474 identity_loss=0.1267 grad_norm=40.94956
[20932.787s] step         step=242000 epoch=34 lr=5.714e-05 g_loss=3.32934 d_loss=0.27326 cycle_loss=0.13974 identity_loss=0.07991 grad_norm=13.12622
[20936.773s] step         step=242050 epoch=34 lr=5.714e-05 g_loss=2.56727 d_loss=0.20881 cycle_loss=0.12261 identity_loss=0.06937 grad_norm=19.46827
[20940.690s] step         step=242100 epoch=34 lr=5.714e-05 g_loss=3.28859 d_loss=0.26456 cycle_loss=0.15477 identity_loss=0.12135 grad_norm=20.25439
[20944.652s] step         step=242150 epoch=34 lr=5.714e-05 g_loss=3.33399 d_loss=0.27434 cycle_loss=0.16299 identity_loss=0.11221 grad_norm=19.37884
[20948.567s] step         step=242200 epoch=34 lr=5.714e-05 g_loss=3.04055 d_loss=0.19349 cycle_loss=0.12613 identity_loss=0.0939 grad_norm=17.65527
[20952.490s] step         step=242250 epoch=34 lr=5.714e-05 g_loss=3.54032 d_loss=0.22076 cycle_loss=0.20017 identity_loss=0.12111 grad_norm=24.45792
[20956.414s] step         step=242300 epoch=34 lr=5.714e-05 g_loss=2.60142 d_loss=0.32538 cycle_loss=0.11892 identity_loss=0.07711 grad_norm=12.68495
[20960.324s] step         step=242350 epoch=34 lr=5.714e-05 g_loss=2.78752 d_loss=0.35627 cycle_loss=0.12291 identity_loss=0.08008 grad_norm=19.44142
[20964.249s] step         step=242400 epoch=34 lr=5.714e-05 g_loss=2.83949 d_loss=0.33274 cycle_loss=0.12855 identity_loss=0.09049 grad_norm=28.78732
[20968.151s] step         step=242450 epoch=34 lr=5.714e-05 g_loss=3.48625 d_loss=0.09444 cycle_loss=0.16176 identity_loss=0.0844 grad_norm=31.10646
[20972.125s] step         step=242500 epoch=34 lr=5.714e-05 g_loss=2.80791 d_loss=0.3226 cycle_loss=0.14255 identity_loss=0.09289 grad_norm=16.34654
[20976.100s] step         step=242550 epoch=34 lr=5.714e-05 g_loss=2.0729 d_loss=0.38706 cycle_loss=0.10665 identity_loss=0.06068 grad_norm=17.21036
[20980.011s] step         step=242600 epoch=34 lr=5.714e-05 g_loss=2.38007 d_loss=0.19094 cycle_loss=0.11488 identity_loss=0.08017 grad_norm=16.14886
[20984.171s] step         step=242650 epoch=34 lr=5.714e-05 g_loss=2.40271 d_loss=0.33134 cycle_loss=0.11726 identity_loss=0.07973 grad_norm=13.82376
[20988.080s] step         step=242700 epoch=34 lr=5.714e-05 g_loss=3.77593 d_loss=0.10526 cycle_loss=0.16761 identity_loss=0.10528 grad_norm=30.6515
[20992.177s] step         step=242750 epoch=34 lr=5.714e-05 g_loss=3.12855 d_loss=0.36773 cycle_loss=0.1759 identity_loss=0.14332 grad_norm=18.11285
[20996.076s] step         step=242800 epoch=34 lr=5.714e-05 g_loss=3.25459 d_loss=0.29371 cycle_loss=0.14078 identity_loss=0.08823 grad_norm=16.06627
[20999.970s] step         step=242850 epoch=34 lr=5.714e-05 g_loss=2.76956 d_loss=0.33206 cycle_loss=0.13591 identity_loss=0.09021 grad_norm=13.12704
[21003.911s] step         step=242900 epoch=34 lr=5.714e-05 g_loss=3.47175 d_loss=0.27622 cycle_loss=0.15982 identity_loss=0.14809 grad_norm=26.48888
[21007.839s] step         step=242950 epoch=34 lr=5.714e-05 g_loss=2.76032 d_loss=0.31196 cycle_loss=0.12671 identity_loss=0.08858 grad_norm=20.87108
[21011.741s] step         step=243000 epoch=34 lr=5.714e-05 g_loss=3.76147 d_loss=0.12233 cycle_loss=0.14063 identity_loss=0.12122 grad_norm=23.84414
[21015.710s] step         step=243050 epoch=34 lr=5.714e-05 g_loss=2.8521 d_loss=0.23 cycle_loss=0.14484 identity_loss=0.10932 grad_norm=28.60825
[21019.622s] step         step=243100 epoch=34 lr=5.714e-05 g_loss=2.90433 d_loss=0.19241 cycle_loss=0.13875 identity_loss=0.0856 grad_norm=19.27885
[21023.612s] step         step=243150 epoch=34 lr=5.714e-05 g_loss=2.9012 d_loss=0.2959 cycle_loss=0.12536 identity_loss=0.08785 grad_norm=21.43702
[21027.517s] step         step=243200 epoch=34 lr=5.714e-05 g_loss=2.82705 d_loss=0.22543 cycle_loss=0.13613 identity_loss=0.08066 grad_norm=20.90614
[21031.434s] step         step=243250 epoch=34 lr=5.714e-05 g_loss=2.71888 d_loss=0.24862 cycle_loss=0.10317 identity_loss=0.07627 grad_norm=22.34354
[21035.358s] step         step=243300 epoch=34 lr=5.714e-05 g_loss=3.54043 d_loss=0.37076 cycle_loss=0.12811 identity_loss=0.08446 grad_norm=20.68253
[21039.257s] step         step=243350 epoch=34 lr=5.714e-05 g_loss=2.85583 d_loss=0.24441 cycle_loss=0.15152 identity_loss=0.0919 grad_norm=30.00067
[21043.164s] step         step=243400 epoch=34 lr=5.714e-05 g_loss=2.90064 d_loss=0.36818 cycle_loss=0.12365 identity_loss=0.11193 grad_norm=20.44688
[21047.052s] step         step=243450 epoch=34 lr=5.714e-05 g_loss=2.81504 d_loss=0.26476 cycle_loss=0.1447 identity_loss=0.08076 grad_norm=17.38245
[21050.974s] step         step=243500 epoch=34 lr=5.714e-05 g_loss=3.22653 d_loss=0.22068 cycle_loss=0.17361 identity_loss=0.1212 grad_norm=12.06808
[21054.945s] step         step=243550 epoch=34 lr=5.714e-05 g_loss=2.17846 d_loss=0.44048 cycle_loss=0.13027 identity_loss=0.08518 grad_norm=21.61625
[21058.870s] step         step=243600 epoch=34 lr=5.714e-05 g_loss=3.03663 d_loss=0.2814 cycle_loss=0.15149 identity_loss=0.11433 grad_norm=30.65773
[21063.231s] step         step=243650 epoch=34 lr=5.714e-05 g_loss=2.67579 d_loss=0.25124 cycle_loss=0.13138 identity_loss=0.08302 grad_norm=21.03021
[21067.163s] step         step=243700 epoch=34 lr=5.714e-05 g_loss=3.14696 d_loss=0.22462 cycle_loss=0.1233 identity_loss=0.08961 grad_norm=16.59647
[21071.085s] step         step=243750 epoch=34 lr=5.714e-05 g_loss=2.76128 d_loss=0.34668 cycle_loss=0.12764 identity_loss=0.07806 grad_norm=14.27244
[21075.003s] step         step=243800 epoch=34 lr=5.714e-05 g_loss=3.74653 d_loss=0.45225 cycle_loss=0.17675 identity_loss=0.17681 grad_norm=19.09008
[21078.960s] step         step=243850 epoch=34 lr=5.714e-05 g_loss=2.49595 d_loss=0.48135 cycle_loss=0.10913 identity_loss=0.08275 grad_norm=15.96749
[21082.866s] step         step=243900 epoch=34 lr=5.714e-05 g_loss=4.52932 d_loss=0.23736 cycle_loss=0.20379 identity_loss=0.18486 grad_norm=40.44275
[21086.791s] step         step=243950 epoch=34 lr=5.714e-05 g_loss=3.05047 d_loss=0.26855 cycle_loss=0.14287 identity_loss=0.11453 grad_norm=22.65084
[21090.765s] step         step=244000 epoch=34 lr=5.714e-05 g_loss=2.48971 d_loss=0.21211 cycle_loss=0.10012 identity_loss=0.07565 grad_norm=19.23034
[21094.743s] step         step=244050 epoch=34 lr=5.714e-05 g_loss=3.13611 d_loss=0.24876 cycle_loss=0.13157 identity_loss=0.10798 grad_norm=23.61678
[21098.665s] step         step=244100 epoch=34 lr=5.714e-05 g_loss=3.0313 d_loss=0.24563 cycle_loss=0.1399 identity_loss=0.111 grad_norm=24.98822
[21102.590s] step         step=244150 epoch=34 lr=5.714e-05 g_loss=2.73786 d_loss=0.21348 cycle_loss=0.13517 identity_loss=0.09185 grad_norm=20.36574
[21106.508s] step         step=244200 epoch=34 lr=5.714e-05 g_loss=2.99753 d_loss=0.25415 cycle_loss=0.12015 identity_loss=0.08378 grad_norm=25.08843
[21110.434s] step         step=244250 epoch=34 lr=5.714e-05 g_loss=3.2527 d_loss=0.22992 cycle_loss=0.16598 identity_loss=0.12752 grad_norm=18.88445
[21114.365s] step         step=244300 epoch=34 lr=5.714e-05 g_loss=2.47325 d_loss=0.20662 cycle_loss=0.11723 identity_loss=0.08288 grad_norm=15.88911
[21118.291s] step         step=244350 epoch=34 lr=5.714e-05 g_loss=2.47479 d_loss=0.36666 cycle_loss=0.14114 identity_loss=0.08912 grad_norm=12.80245
[21122.215s] step         step=244400 epoch=34 lr=5.714e-05 g_loss=3.29924 d_loss=0.28705 cycle_loss=0.13268 identity_loss=0.13215 grad_norm=21.06114
[21126.164s] step         step=244450 epoch=34 lr=5.714e-05 g_loss=2.36629 d_loss=0.32636 cycle_loss=0.13237 identity_loss=0.10679 grad_norm=20.18541
[21130.086s] step         step=244500 epoch=34 lr=5.714e-05 g_loss=3.46886 d_loss=0.25132 cycle_loss=0.14013 identity_loss=0.14523 grad_norm=23.69543
[21134.065s] step         step=244550 epoch=34 lr=5.714e-05 g_loss=1.99476 d_loss=0.61928 cycle_loss=0.10739 identity_loss=0.06746 grad_norm=22.85885
[21138.008s] step         step=244600 epoch=34 lr=5.714e-05 g_loss=3.22056 d_loss=0.28215 cycle_loss=0.16414 identity_loss=0.1049 grad_norm=16.30756
[21141.975s] step         step=244650 epoch=34 lr=5.714e-05 g_loss=2.44788 d_loss=0.18771 cycle_loss=0.10512 identity_loss=0.08536 grad_norm=19.72148
[21145.889s] step         step=244700 epoch=34 lr=5.714e-05 g_loss=2.68387 d_loss=0.13773 cycle_loss=0.12529 identity_loss=0.08935 grad_norm=14.61564
[21149.815s] step         step=244750 epoch=34 lr=5.714e-05 g_loss=3.34493 d_loss=0.13738 cycle_loss=0.13916 identity_loss=0.09999 grad_norm=17.57104
[21153.765s] step         step=244800 epoch=34 lr=5.714e-05 g_loss=2.70196 d_loss=0.22185 cycle_loss=0.11905 identity_loss=0.08708 grad_norm=15.45345
[21157.686s] step         step=244850 epoch=34 lr=5.714e-05 g_loss=4.24603 d_loss=0.13369 cycle_loss=0.19782 identity_loss=0.14735 grad_norm=34.44078
[21161.604s] step         step=244900 epoch=34 lr=5.714e-05 g_loss=3.35106 d_loss=0.19676 cycle_loss=0.13183 identity_loss=0.09294 grad_norm=19.31316
[21165.688s] step         step=244950 epoch=34 lr=5.714e-05 g_loss=3.84449 d_loss=0.26395 cycle_loss=0.18336 identity_loss=0.1908 grad_norm=25.53321
[21169.625s] step         step=245000 epoch=34 lr=5.714e-05 g_loss=2.40956 d_loss=0.20667 cycle_loss=0.11261 identity_loss=0.07299 grad_norm=18.82295
[21173.820s] step         step=245050 epoch=34 lr=5.714e-05 g_loss=2.66594 d_loss=0.24381 cycle_loss=0.11722 identity_loss=0.07943 grad_norm=14.91099
[21177.727s] step         step=245100 epoch=34 lr=5.714e-05 g_loss=2.63418 d_loss=0.24943 cycle_loss=0.12887 identity_loss=0.08295 grad_norm=19.86485
[21181.655s] step         step=245150 epoch=34 lr=5.714e-05 g_loss=3.27699 d_loss=0.22946 cycle_loss=0.14297 identity_loss=0.11538 grad_norm=18.74659
[21185.601s] step         step=245200 epoch=34 lr=5.714e-05 g_loss=2.30845 d_loss=0.2019 cycle_loss=0.08932 identity_loss=0.06176 grad_norm=19.27705
[21189.521s] step         step=245250 epoch=34 lr=5.714e-05 g_loss=2.48978 d_loss=0.21436 cycle_loss=0.10522 identity_loss=0.08285 grad_norm=22.51308
[21193.437s] step         step=245300 epoch=34 lr=5.714e-05 g_loss=2.58604 d_loss=0.20826 cycle_loss=0.12075 identity_loss=0.08414 grad_norm=20.70739
[21197.490s] step         step=245350 epoch=34 lr=5.714e-05 g_loss=2.07839 d_loss=0.26724 cycle_loss=0.08414 identity_loss=0.10518 grad_norm=17.95934
[21201.400s] step         step=245400 epoch=34 lr=5.714e-05 g_loss=2.60075 d_loss=0.16359 cycle_loss=0.11405 identity_loss=0.08376 grad_norm=21.9972
[21205.417s] step         step=245450 epoch=34 lr=5.714e-05 g_loss=3.72562 d_loss=0.15715 cycle_loss=0.1766 identity_loss=0.08421 grad_norm=47.45834
[21209.336s] step         step=245500 epoch=34 lr=5.714e-05 g_loss=2.46419 d_loss=0.35203 cycle_loss=0.10814 identity_loss=0.09588 grad_norm=19.40716
[21213.318s] step         step=245550 epoch=34 lr=5.714e-05 g_loss=3.4054 d_loss=0.20897 cycle_loss=0.20188 identity_loss=0.09508 grad_norm=40.15674
[21217.233s] step         step=245600 epoch=34 lr=5.714e-05 g_loss=3.2701 d_loss=0.52761 cycle_loss=0.16038 identity_loss=0.12747 grad_norm=13.17879
[21221.156s] step         step=245650 epoch=34 lr=5.714e-05 g_loss=2.85784 d_loss=0.15801 cycle_loss=0.11819 identity_loss=0.11313 grad_norm=21.02227
[21225.079s] step         step=245700 epoch=34 lr=5.714e-05 g_loss=3.04652 d_loss=0.313 cycle_loss=0.14067 identity_loss=0.09469 grad_norm=20.67532
[21228.983s] step         step=245750 epoch=34 lr=5.714e-05 g_loss=3.3533 d_loss=0.27997 cycle_loss=0.16783 identity_loss=0.10064 grad_norm=27.13583
[21232.897s] step         step=245800 epoch=34 lr=5.714e-05 g_loss=2.70399 d_loss=0.32366 cycle_loss=0.13931 identity_loss=0.11429 grad_norm=18.00761
[21236.814s] step         step=245850 epoch=34 lr=5.714e-05 g_loss=3.05333 d_loss=0.23537 cycle_loss=0.14196 identity_loss=0.10446 grad_norm=19.70406
[21240.732s] step         step=245900 epoch=34 lr=5.714e-05 g_loss=2.70564 d_loss=0.20001 cycle_loss=0.1098 identity_loss=0.07525 grad_norm=14.10775
[21245.314s] step         step=245950 epoch=34 lr=5.714e-05 g_loss=3.36688 d_loss=0.17503 cycle_loss=0.15886 identity_loss=0.12989 grad_norm=23.05554
[21249.233s] step         step=246000 epoch=34 lr=5.714e-05 g_loss=2.51153 d_loss=0.34504 cycle_loss=0.13593 identity_loss=0.08785 grad_norm=20.76279
[21253.226s] step         step=246050 epoch=34 lr=5.714e-05 g_loss=2.69467 d_loss=0.21755 cycle_loss=0.14157 identity_loss=0.08478 grad_norm=18.18236
[21257.158s] step         step=246100 epoch=34 lr=5.714e-05 g_loss=2.33643 d_loss=0.23079 cycle_loss=0.09061 identity_loss=0.07169 grad_norm=24.18894
[21261.091s] step         step=246150 epoch=34 lr=5.714e-05 g_loss=3.77023 d_loss=0.1983 cycle_loss=0.17118 identity_loss=0.09949 grad_norm=31.86722
[21264.980s] step         step=246200 epoch=34 lr=5.714e-05 g_loss=3.41295 d_loss=0.13891 cycle_loss=0.15341 identity_loss=0.13714 grad_norm=22.64252
[21268.903s] step         step=246250 epoch=34 lr=5.714e-05 g_loss=3.23276 d_loss=0.38712 cycle_loss=0.13554 identity_loss=0.11764 grad_norm=16.57891
[21272.814s] step         step=246300 epoch=34 lr=5.714e-05 g_loss=2.7217 d_loss=0.24552 cycle_loss=0.12857 identity_loss=0.09734 grad_norm=19.93799
[21275.176s] epoch        epoch=34 step=246330 seconds=21261.2
[21275.747s] checkpoint   epoch=35 step=246330
[21277.592s] step         step=246350 epoch=35 lr=4.762e-05 g_loss=3.68936 d_loss=0.13537 cycle_loss=0.14723 identity_loss=0.11213 grad_norm=18.87206
[21281.624s] step         step=246400 epoch=35 lr=4.762e-05 g_loss=2.9729 d_loss=0.20033 cycle_loss=0.1227 identity_loss=0.08249 grad_norm=23.38521
[21285.534s] step         step=246450 epoch=35 lr=4.762e-05 g_loss=2.56963 d_loss=0.26649 cycle_loss=0.12411 identity_loss=0.09856 grad_norm=21.5446
[21289.457s] step         step=246500 epoch=35 lr=4.762e-05 g_loss=3.061 d_loss=0.48807 cycle_loss=0.13308 identity_loss=0.09549 grad_norm=18.16004
[21293.468s] step         step=246550 epoch=35 lr=4.762e-05 g_loss=2.81219 d_loss=0.1423 cycle_loss=0.10536 identity_loss=0.07864 grad_norm=17.52564
[21297.387s] step         step=246600 epoch=35 lr=4.762e-05 g_loss=2.92864 d_loss=0.22385 cycle_loss=0.1447 identity_loss=0.08298 grad_norm=28.36196
[21301.267s] step         step=246650 epoch=35 lr=4.762e-05 g_loss=3.4091 d_loss=0.20309 cycle_loss=0.14266 identity_loss=0.09758 grad_norm=15.7598
[21305.248s] step         step=246700 epoch=35 lr=4.762e-05 g_loss=2.7404 d_loss=0.25928 cycle_loss=0.12469 identity_loss=0.09779 grad_norm=21.22346
[21309.155s] step         step=246750 epoch=35 lr=4.762e-05 g_loss=2.81005 d_loss=0.20883 cycle_loss=0.10998 identity_loss=0.07178 grad_norm=12.98587
[21313.146s] step         step=246800 epoch=35 lr=4.762e-05 g_loss=3.14 d_loss=0.20983 cycle_loss=0.13178 identity_loss=0.08721 grad_norm=20.28624
[21317.086s] step         step=246850 epoch=35 lr=4.762e-05 g_loss=4.64517 d_loss=0.1741 cycle_loss=0.20247 identity_loss=0.14725 grad_norm=40.29741
[21321.027s] step         step=246900 epoch=35 lr=4.762e-05 g_loss=3.06727 d_loss=0.10577 cycle_loss=0.13463 identity_loss=0.09465 grad_norm=26.40413
[21324.973s] step         step=246950 epoch=35 lr=4.762e-05 g_loss=3.36001 d_loss=0.19727 cycle_loss=0.14524 identity_loss=0.10948 grad_norm=20.05873
[21328.929s] step         step=247000 epoch=35 lr=4.762e-05 g_loss=4.29032 d_loss=0.15697 cycle_loss=0.2195 identity_loss=0.16048 grad_norm=17.32879
[21332.915s] step         step=247050 epoch=35 lr=4.762e-05 g_loss=3.71594 d_loss=0.41435 cycle_loss=0.17992 identity_loss=0.1377 grad_norm=13.90135
[21336.827s] step         step=247100 epoch=35 lr=4.762e-05 g_loss=2.93496 d_loss=0.25859 cycle_loss=0.15712 identity_loss=0.1148 grad_norm=22.64095
[21340.813s] step         step=247150 epoch=35 lr=4.762e-05 g_loss=3.81039 d_loss=0.17024 cycle_loss=0.16303 identity_loss=0.15187 grad_norm=31.21886
[21344.745s] step         step=247200 epoch=35 lr=4.762e-05 g_loss=2.28181 d_loss=0.34315 cycle_loss=0.10637 identity_loss=0.09138 grad_norm=27.15085
[21348.659s] step         step=247250 epoch=35 lr=4.762e-05 g_loss=2.89326 d_loss=0.26161 cycle_loss=0.11602 identity_loss=0.08645 grad_norm=34.85778
[21352.588s] step         step=247300 epoch=35 lr=4.762e-05 g_loss=3.22593 d_loss=0.19592 cycle_loss=0.15038 identity_loss=0.11007 grad_norm=23.5978
[21356.625s] step         step=247350 epoch=35 lr=4.762e-05 g_loss=2.68435 d_loss=0.35247 cycle_loss=0.09958 identity_loss=0.07008 grad_norm=11.91869
[21360.792s] step         step=247400 epoch=35 lr=4.762e-05 g_loss=3.0594 d_loss=0.36531 cycle_loss=0.12682 identity_loss=0.11933 grad_norm=22.6263
[21365.048s] step         step=247450 epoch=35 lr=4.762e-05 g_loss=2.72049 d_loss=0.40048 cycle_loss=0.12452 identity_loss=0.08567 grad_norm=19.30092
[21368.946s] step         step=247500 epoch=35 lr=4.762e-05 g_loss=3.5367 d_loss=0.29522 cycle_loss=0.16146 identity_loss=0.12421 grad_norm=21.75815
[21372.888s] step         step=247550 epoch=35 lr=4.762e-05 g_loss=2.63937 d_loss=0.24191 cycle_loss=0.12969 identity_loss=0.08049 grad_norm=13.28612
[21376.777s] step         step=247600 epoch=35 lr=4.762e-05 g_loss=3.45111 d_loss=0.26486 cycle_loss=0.17105 identity_loss=0.11154 grad_norm=19.89332
[21380.647s] step         step=247650 epoch=35 lr=4.762e-05 g_loss=3.18868 d_loss=0.38764 cycle_loss=0.14937 identity_loss=0.09525 grad_norm=36.12872
[21385.100s] step         step=247700 epoch=35 lr=4.762e-05 g_loss=2.97646 d_loss=0.23878 cycle_loss=0.11812 identity_loss=0.07907 grad_norm=20.90221
[21389.005s] step         step=247750 epoch=35 lr=4.762e-05 g_loss=3.001 d_loss=0.2506 cycle_loss=0.1362 identity_loss=0.13856 grad_norm=15.68785
[21392.921s] step         step=247800 epoch=35 lr=4.762e-05 g_loss=3.03228 d_loss=0.18908 cycle_loss=0.13203 identity_loss=0.12268 grad_norm=24.37553
[21396.837s] step         step=247850 epoch=35 lr=4.762e-05 g_loss=3.15216 d_loss=0.29161 cycle_loss=0.1184 identity_loss=0.07783 grad_norm=15.58656
[21400.732s] step         step=247900 epoch=35 lr=4.762e-05 g_loss=3.08538 d_loss=0.43317 cycle_loss=0.14824 identity_loss=0.10138 grad_norm=17.3329
[21404.641s] step         step=247950 epoch=35 lr=4.762e-05 g_loss=2.95496 d_loss=0.25454 cycle_loss=0.13649 identity_loss=0.13031 grad_norm=20.96339
[21408.543s] step         step=248000 epoch=35 lr=4.762e-05 g_loss=3.28066 d_loss=0.40612 cycle_loss=0.17128 identity_loss=0.13268 grad_norm=23.66037
[21412.532s] step         step=248050 epoch=35 lr=4.762e-05 g_loss=3.23155 d_loss=0.16636 cycle_loss=0.13378 identity_loss=0.09013 grad_norm=26.01012
[21417.025s] step         step=248100 epoch=35 lr=4.762e-05 g_loss=2.70565 d_loss=0.14462 cycle_loss=0.10939 identity_loss=0.07526 grad_norm=20.54539
[21420.923s] step         step=248150 epoch=35 lr=4.762e-05 g_loss=4.11963 d_loss=0.21494 cycle_loss=0.15592 identity_loss=0.13144 grad_norm=27.74728
[21424.878s] step         step=248200 epoch=35 lr=4.762e-05 g_loss=2.61264 d_loss=0.37765 cycle_loss=0.12631 identity_loss=0.08799 grad_norm=16.29759
[21428.904s] step         step=248250 epoch=35 lr=4.762e-05 g_loss=2.96779 d_loss=0.37524 cycle_loss=0.13765 identity_loss=0.09351 grad_norm=19.12758
[21432.907s] step         step=248300 epoch=35 lr=4.762e-05 g_loss=3.0307 d_loss=0.31213 cycle_loss=0.12386 identity_loss=0.11203 grad_norm=18.17493
[21436.828s] step         step=248350 epoch=35 lr=4.762e-05 g_loss=2.73727 d_loss=0.22459 cycle_loss=0.12684 identity_loss=0.10239 grad_norm=23.42862
[21440.721s] step         step=248400 epoch=35 lr=4.762e-05 g_loss=3.02652 d_loss=0.13379 cycle_loss=0.12629 identity_loss=0.07297 grad_norm=26.97338
[21444.627s] step         step=248450 epoch=35 lr=4.762e-05 g_loss=2.82712 d_loss=0.14026 cycle_loss=0.12676 identity_loss=0.09716 grad_norm=16.14078
[21448.582s] step         step=248500 epoch=35 lr=4.762e-05 g_loss=2.95585 d_loss=0.3463 cycle_loss=0.13967 identity_loss=0.09048 grad_norm=18.38884
[21452.618s] step         step=248550 epoch=35 lr=4.762e-05 g_loss=2.99156 d_loss=0.26568 cycle_loss=0.10161 identity_loss=0.07994 grad_norm=15.92856
[21456.522s] step         step=248600 epoch=35 lr=4.762e-05 g_loss=2.92344 d_loss=0.12696 cycle_loss=0.11755 identity_loss=0.0909 grad_norm=27.6055
[21460.440s] step         step=248650 epoch=35 lr=4.762e-05 g_loss=2.52202 d_loss=0.32301 cycle_loss=0.10779 identity_loss=0.07788 grad_norm=24.8021
[21464.336s] step         step=248700 epoch=35 lr=4.762e-05 g_loss=3.49772 d_loss=0.16689 cycle_loss=0.1444 identity_loss=0.12709 grad_norm=25.9702
[21468.241s] step         step=248750 epoch=35 lr=4.762e-05 g_loss=2.76834 d_loss=0.21983 cycle_loss=0.11558 identity_loss=0.0888 grad_norm=13.85214
[21472.408s] step         step=248800 epoch=35 lr=4.762e-05 g_loss=4.33909 d_loss=0.21885 cycle_loss=0.19924 identity_loss=0.23897 grad_norm=32.48273
[21476.294s] step         step=248850 epoch=35 lr=4.762e-05 g_loss=3.10546 d_loss=0.22044 cycle_loss=0.14473 identity_loss=0.08958 grad_norm=16.79862
[21480.184s] step         step=248900 epoch=35 lr=4.762e-05 g_loss=2.62574 d_loss=0.26456 cycle_loss=0.13298 identity_loss=0.09153 grad_norm=22.35646
[21484.105s] step         step=248950 epoch=35 lr=4.762e-05 g_loss=2.87898 d_loss=0.2135 cycle_loss=0.13077 identity_loss=0.07037 grad_norm=15.12633
[21488.042s] step         step=249000 epoch=35 lr=4.762e-05 g_loss=2.99589 d_loss=0.24676 cycle_loss=0.13838 identity_loss=0.0916 grad_norm=18.5644
[21492.029s] step         step=249050 epoch=35 lr=4.762e-05 g_loss=3.32601 d_loss=0.15184 cycle_loss=0.16307 identity_loss=0.14725 grad_norm=13.77991
[21495.985s] step         step=249100 epoch=35 lr=4.762e-05 g_loss=2.56395 d_loss=0.14311 cycle_loss=0.10139 identity_loss=0.06992 grad_norm=36.55288
[21499.911s] step         step=249150 epoch=35 lr=4.762e-05 g_loss=2.71984 d_loss=0.29748 cycle_loss=0.10698 identity_loss=0.09277 grad_norm=16.34913
[21503.959s] step         step=249200 epoch=35 lr=4.762e-05 g_loss=2.18287 d_loss=0.29051 cycle_loss=0.08796 identity_loss=0.06462 grad_norm=17.54197
[21507.885s] step         step=249250 epoch=35 lr=4.762e-05 g_loss=2.72218 d_loss=0.2595 cycle_loss=0.11722 identity_loss=0.10089 grad_norm=26.52541
[21511.793s] step         step=249300 epoch=35 lr=4.762e-05 g_loss=2.41024 d_loss=0.23105 cycle_loss=0.12515 identity_loss=0.08784 grad_norm=22.35892
[21515.672s] step         step=249350 epoch=35 lr=4.762e-05 g_loss=2.27071 d_loss=0.20097 cycle_loss=0.12333 identity_loss=0.07844 grad_norm=17.18795
[21519.556s] step         step=249400 epoch=35 lr=4.762e-05 g_loss=4.01815 d_loss=0.13232 cycle_loss=0.15452 identity_loss=0.13806 grad_norm=22.43834
[21523.446s] step         step=249450 epoch=35 lr=4.762e-05 g_loss=3.22844 d_loss=0.18706 cycle_loss=0.16626 identity_loss=0.11723 grad_norm=18.58905
[21527.815s] step         step=249500 epoch=35 lr=4.762e-05 g_loss=3.096 d_loss=0.16391 cycle_loss=0.14698 identity_loss=0.08325 grad_norm=25.2112
[21532.145s] step         step=249550 epoch=35 lr=4.762e-05 g_loss=3.1055 d_loss=0.25263 cycle_loss=0.16723 identity_loss=0.11656 grad_norm=20.40842
[21536.255s] step         step=249600 epoch=35 lr=4.762e-05 g_loss=2.69269 d_loss=0.22559 cycle_loss=0.09578 identity_loss=0.0675 grad_norm=19.58662
[21540.150s] step         step=249650 epoch=35 lr=4.762e-05 g_loss=3.35271 d_loss=0.39267 cycle_loss=0.18689 identity_loss=0.0942 grad_norm=27.76073
[21544.037s] step         step=249700 epoch=35 lr=4.762e-05 g_loss=2.73839 d_loss=0.17826 cycle_loss=0.12839 identity_loss=0.09457 grad_norm=20.43177
[21547.977s] step         step=249750 epoch=35 lr=4.762e-05 g_loss=3.24985 d_loss=0.15886 cycle_loss=0.14394 identity_loss=0.10987 grad_norm=22.26864
[21551.872s] step         step=249800 epoch=35 lr=4.762e-05 g_loss=3.71376 d_loss=0.16631 cycle_loss=0.1879 identity_loss=0.13999 grad_norm=20.78529
[21555.783s] step         step=249850 epoch=35 lr=4.762e-05 g_loss=3.42945 d_loss=0.18736 cycle_loss=0.1562 identity_loss=0.10455 grad_norm=26.81907
[21559.700s] step         step=249900 epoch=35 lr=4.762e-05 g_loss=3.67051 d_loss=0.26292 cycle_loss=0.14988 identity_loss=0.13634 grad_norm=37.17527
[21563.594s] step         step=249950 epoch=35 lr=4.762e-05 g_loss=3.26612 d_loss=0.18652 cycle_loss=0.1386 identity_loss=0.10953 grad_norm=24.60452
[21567.505s] step         step=250000 epoch=35 lr=4.762e-05 g_loss=2.65113 d_loss=0.2823 cycle_loss=0.11553 identity_loss=0.09573 grad_norm=12.89527
[21571.476s] step         step=250050 epoch=35 lr=4.762e-05 g_loss=2.27465 d_loss=0.32867 cycle_loss=0.10708 identity_loss=0.08272 grad_norm=19.93312
[21575.386s] step         step=250100 epoch=35 lr=4.762e-05 g_loss=3.64568 d_loss=0.37753 cycle_loss=0.18184 identity_loss=0.1873 grad_norm=31.34017
[21579.274s] step         step=250150 epoch=35 lr=4.762e-05 g_loss=3.37019 d_loss=0.20563 cycle_loss=0.12291 identity_loss=0.10014 grad_norm=22.69377
[21583.194s] step         step=250200 epoch=35 lr=4.762e-05 g_loss=2.66545 d_loss=0.31134 cycle_loss=0.12758 identity_loss=0.08221 grad_norm=16.23647
[21587.078s] step         step=250250 epoch=35 lr=4.762e-05 g_loss=2.90659 d_loss=0.30853 cycle_loss=0.11806 identity_loss=0.09225 grad_norm=16.65874
[21591.022s] step         step=250300 epoch=35 lr=4.762e-05 g_loss=2.90345 d_loss=0.1435 cycle_loss=0.10614 identity_loss=0.16558 grad_norm=18.65155
[21595.059s] step         step=250350 epoch=35 lr=4.762e-05 g_loss=2.52761 d_loss=0.35635 cycle_loss=0.134 identity_loss=0.09716 grad_norm=25.85151
[21598.968s] step         step=250400 epoch=35 lr=4.762e-05 g_loss=2.9103 d_loss=0.34315 cycle_loss=0.1321 identity_loss=0.0921 grad_norm=15.13415
[21602.887s] step         step=250450 epoch=35 lr=4.762e-05 g_loss=2.14741 d_loss=0.22569 cycle_loss=0.08617 identity_loss=0.06265 grad_norm=15.66227
[21606.816s] step         step=250500 epoch=35 lr=4.762e-05 g_loss=2.7379 d_loss=0.21674 cycle_loss=0.15194 identity_loss=0.11275 grad_norm=17.6406
[21610.803s] step         step=250550 epoch=35 lr=4.762e-05 g_loss=2.87621 d_loss=0.4285 cycle_loss=0.13064 identity_loss=0.08102 grad_norm=28.54556
[21614.726s] step         step=250600 epoch=35 lr=4.762e-05 g_loss=3.80916 d_loss=0.19813 cycle_loss=0.15537 identity_loss=0.11507 grad_norm=20.28968
[21618.619s] step         step=250650 epoch=35 lr=4.762e-05 g_loss=3.03237 d_loss=0.31407 cycle_loss=0.14743 identity_loss=0.08469 grad_norm=29.8018
[21622.746s] step         step=250700 epoch=35 lr=4.762e-05 g_loss=3.11718 d_loss=0.24729 cycle_loss=0.14365 identity_loss=0.10764 grad_norm=18.0558
[21627.209s] step         step=250750 epoch=35 lr=4.762e-05 g_loss=3.41558 d_loss=0.24581 cycle_loss=0.18347 identity_loss=0.12317 grad_norm=19.41844
[21631.163s] step         step=250800 epoch=35 lr=4.762e-05 g_loss=3.22457 d_loss=0.31636 cycle_loss=0.14601 identity_loss=0.1051 grad_norm=17.95314
[21635.128s] step         step=250850 epoch=35 lr=4.762e-05 g_loss=5.0505 d_loss=0.19269 cycle_loss=0.27191 identity_loss=0.23423 grad_norm=30.27737
[21639.098s] step         step=250900 epoch=35 lr=4.762e-05 g_loss=2.69613 d_loss=0.38045 cycle_loss=0.14502 identity_loss=0.10131 grad_norm=29.61572
[21643.015s] step         step=250950 epoch=35 lr=4.762e-05 g_loss=3.95036 d_loss=0.17582 cycle_loss=0.17044 identity_loss=0.14035 grad_norm=33.93642
[21646.959s] step         step=251000 epoch=35 lr=4.762e-05 g_loss=2.78259 d_loss=0.27595 cycle_loss=0.12578 identity_loss=0.08251 grad_norm=20.21006
[21650.939s] step         step=251050 epoch=35 lr=4.762e-05 g_loss=2.72721 d_loss=0.25856 cycle_loss=0.11775 identity_loss=0.07355 grad_norm=22.98468
[21654.837s] step         step=251100 epoch=35 lr=4.762e-05 g_loss=3.60928 d_loss=0.22989 cycle_loss=0.18041 identity_loss=0.11159 grad_norm=24.57433
[21658.737s] step         step=251150 epoch=35 lr=4.762e-05 g_loss=1.72417 d_loss=0.39061 cycle_loss=0.06769 identity_loss=0.05357 grad_norm=14.28275
[21662.763s] step         step=251200 epoch=35 lr=4.762e-05 g_loss=3.44349 d_loss=0.16124 cycle_loss=0.1512 identity_loss=0.13933 grad_norm=24.38616
[21666.707s] step         step=251250 epoch=35 lr=4.762e-05 g_loss=2.62431 d_loss=0.16518 cycle_loss=0.11314 identity_loss=0.07763 grad_norm=28.84158
[21670.616s] step         step=251300 epoch=35 lr=4.762e-05 g_loss=3.33491 d_loss=0.1837 cycle_loss=0.16946 identity_loss=0.11507 grad_norm=25.74575
[21674.547s] step         step=251350 epoch=35 lr=4.762e-05 g_loss=2.89696 d_loss=0.18853 cycle_loss=0.13193 identity_loss=0.06952 grad_norm=17.85822
[21678.445s] step         step=251400 epoch=35 lr=4.762e-05 g_loss=2.85606 d_loss=0.21534 cycle_loss=0.15211 identity_loss=0.11562 grad_norm=20.26605
[21682.338s] step         step=251450 epoch=35 lr=4.762e-05 g_loss=2.95486 d_loss=0.19857 cycle_loss=0.13279 identity_loss=0.07463 grad_norm=23.84415
[21686.212s] step         step=251500 epoch=35 lr=4.762e-05 g_loss=3.27352 d_loss=0.36939 cycle_loss=0.14889 identity_loss=0.11603 grad_norm=17.08131
[21690.162s] step         step=251550 epoch=35 lr=4.762e-05 g_loss=2.4212 d_loss=0.34191 cycle_loss=0.13443 identity_loss=0.0814 grad_norm=16.18284
[21694.112s] step         step=251600 epoch=35 lr=4.762e-05 g_loss=2.5908 d_loss=0.34706 cycle_loss=0.13697 identity_loss=0.08344 grad_norm=32.03632
[21698.007s] step         step=251650 epoch=35 lr=4.762e-05 g_loss=3.37079 d_loss=0.17924 cycle_loss=0.14869 identity_loss=0.11078 grad_norm=25.87567
[21701.897s] step         step=251700 epoch=35 lr=4.762e-05 g_loss=3.85999 d_loss=0.26459 cycle_loss=0.15699 identity_loss=0.11987 grad_norm=16.5589
[21705.810s] step         step=251750 epoch=35 lr=4.762e-05 g_loss=3.16906 d_loss=0.1423 cycle_loss=0.15791 identity_loss=0.09246 grad_norm=19.95103
[21709.784s] step         step=251800 epoch=35 lr=4.762e-05 g_loss=2.29668 d_loss=0.52183 cycle_loss=0.10629 identity_loss=0.08256 grad_norm=11.25945
[21713.699s] step         step=251850 epoch=35 lr=4.762e-05 g_loss=2.53313 d_loss=0.28851 cycle_loss=0.10894 identity_loss=0.12081 grad_norm=36.40813
[21717.599s] step         step=251900 epoch=35 lr=4.762e-05 g_loss=2.72355 d_loss=0.24063 cycle_loss=0.13871 identity_loss=0.10003 grad_norm=11.50296
[21721.515s] step         step=251950 epoch=35 lr=4.762e-05 g_loss=3.00287 d_loss=0.20562 cycle_loss=0.14667 identity_loss=0.10374 grad_norm=24.90798
[21725.449s] step         step=252000 epoch=35 lr=4.762e-05 g_loss=2.79586 d_loss=0.16571 cycle_loss=0.13879 identity_loss=0.10563 grad_norm=19.85835
[21729.412s] step         step=252050 epoch=35 lr=4.762e-05 g_loss=2.25851 d_loss=0.17093 cycle_loss=0.09859 identity_loss=0.07654 grad_norm=17.88537
[21733.330s] step         step=252100 epoch=35 lr=4.762e-05 g_loss=3.46077 d_loss=0.23346 cycle_loss=0.16985 identity_loss=0.11647 grad_norm=17.68597
[21737.245s] step         step=252150 epoch=35 lr=4.762e-05 g_loss=2.62192 d_loss=0.2361 cycle_loss=0.13643 identity_loss=0.07547 grad_norm=26.4127
[21741.153s] step         step=252200 epoch=35 lr=4.762e-05 g_loss=2.26208 d_loss=0.36587 cycle_loss=0.07728 identity_loss=0.05848 grad_norm=12.56854
[21745.032s] step         step=252250 epoch=35 lr=4.762e-05 g_loss=3.30858 d_loss=0.27715 cycle_loss=0.14247 identity_loss=0.10221 grad_norm=18.3278
[21748.918s] step         step=252300 epoch=35 lr=4.762e-05 g_loss=2.73189 d_loss=0.15975 cycle_loss=0.13948 identity_loss=0.08368 grad_norm=18.04761
[21752.850s] step         step=252350 epoch=35 lr=4.762e-05 g_loss=3.07528 d_loss=0.2916 cycle_loss=0.15572 identity_loss=0.10311 grad_norm=15.87464
[21756.731s] step         step=252400 epoch=35 lr=4.762e-05 g_loss=2.6232 d_loss=0.32582 cycle_loss=0.15747 identity_loss=0.06588 grad_norm=26.65238
[21760.851s] step         step=252450 epoch=35 lr=4.762e-05 g_loss=3.57289 d_loss=0.18397 cycle_loss=0.18372 identity_loss=0.13255 grad_norm=30.69499
[21764.800s] step         step=252500 epoch=35 lr=4.762e-05 g_loss=3.79963 d_loss=0.31769 cycle_loss=0.1526 identity_loss=0.1197 grad_norm=23.19426
[21768.758s] step         step=252550 epoch=35 lr=4.762e-05 g_loss=3.1885 d_loss=0.19446 cycle_loss=0.14491 identity_loss=0.09766 grad_norm=15.19501
[21772.918s] step         step=252600 epoch=35 lr=4.762e-05 g_loss=2.56649 d_loss=0.35997 cycle_loss=0.13612 identity_loss=0.09461 grad_norm=12.08106
[21776.838s] step         step=252650 epoch=35 lr=4.762e-05 g_loss=3.03588 d_loss=0.183 cycle_loss=0.14247 identity_loss=0.07462 grad_norm=33.53037
[21780.775s] step         step=252700 epoch=35 lr=4.762e-05 g_loss=3.04971 d_loss=0.08366 cycle_loss=0.14511 identity_loss=0.1203 grad_norm=22.87871
[21784.809s] step         step=252750 epoch=35 lr=4.762e-05 g_loss=3.05062 d_loss=0.19872 cycle_loss=0.12472 identity_loss=0.08273 grad_norm=35.07434
[21788.756s] step         step=252800 epoch=35 lr=4.762e-05 g_loss=2.88502 d_loss=0.18448 cycle_loss=0.13362 identity_loss=0.10154 grad_norm=18.91059
[21792.673s] step         step=252850 epoch=35 lr=4.762e-05 g_loss=2.92739 d_loss=0.35951 cycle_loss=0.12735 identity_loss=0.08918 grad_norm=14.74979
[21796.610s] step         step=252900 epoch=35 lr=4.762e-05 g_loss=2.73229 d_loss=0.24976 cycle_loss=0.11079 identity_loss=0.0752 grad_norm=25.25469
[21800.570s] step         step=252950 epoch=35 lr=4.762e-05 g_loss=2.75626 d_loss=0.19772 cycle_loss=0.11709 identity_loss=0.08482 grad_norm=19.47014
[21804.467s] step         step=253000 epoch=35 lr=4.762e-05 g_loss=3.23188 d_loss=0.23471 cycle_loss=0.12685 identity_loss=0.09464 grad_norm=14.80267
[21808.458s] step         step=253050 epoch=35 lr=4.762e-05 g_loss=3.11219 d_loss=0.19201 cycle_loss=0.14214 identity_loss=0.10514 grad_norm=19.26732
[21812.383s] step         step=253100 epoch=35 lr=4.762e-05 g_loss=3.16092 d_loss=0.2346 cycle_loss=0.15196 identity_loss=0.10301 grad_norm=24.39066
[21816.289s] step         step=253150 epoch=35 lr=4.762e-05 g_loss=3.01334 d_loss=0.28475 cycle_loss=0.14363 identity_loss=0.13505 grad_norm=16.88344
[21820.208s] step         step=253200 epoch=35 lr=4.762e-05 g_loss=2.36313 d_loss=0.29283 cycle_loss=0.11266 identity_loss=0.11305 grad_norm=14.00288
[21824.581s] step         step=253250 epoch=35 lr=4.762e-05 g_loss=2.953 d_loss=0.24266 cycle_loss=0.13524 identity_loss=0.09264 grad_norm=18.74893
[21828.484s] step         step=253300 epoch=35 lr=4.762e-05 g_loss=3.91783 d_loss=0.25025 cycle_loss=0.16147 identity_loss=0.1026 grad_norm=22.15901
[21832.462s] step         step=253350 epoch=35 lr=4.762e-05 g_loss=3.42123 d_loss=0.38555 cycle_loss=0.16825 identity_loss=0.1317 grad_norm=19.83645
[21833.868s] epoch        epoch=35 step=253368 seconds=21819.9
[21834.165s] checkpoint   epoch=36 step=253368
[21836.716s] step         step=253400 epoch=36 lr=3.81e-05 g_loss=3.39136 d_loss=0.18158 cycle_loss=0.14852 identity_loss=0.11447 grad_norm=16.9716
[21840.685s] step         step=253450 epoch=36 lr=3.81e-05 g_loss=2.79867 d_loss=0.23938 cycle_loss=0.10935 identity_loss=0.06917 grad_norm=19.39544
[21844.599s] step         step=253500 epoch=36 lr=3.81e-05 g_loss=2.35788 d_loss=0.3019 cycle_loss=0.11394 identity_loss=0.08408 grad_norm=29.00348
[21848.590s] step         step=253550 epoch=36 lr=3.81e-05 g_loss=3.56634 d_loss=0.13004 cycle_loss=0.16466 identity_loss=0.13077 grad_norm=33.32903
[21852.545s] step         step=253600 epoch=36 lr=3.81e-05 g_loss=4.04583 d_loss=0.43399 cycle_loss=0.21095 identity_loss=0.16713 grad_norm=24.5716
[21856.489s] step         step=253650 epoch=36 lr=3.81e-05 g_loss=2.40681 d_loss=0.37599 cycle_loss=0.11936 identity_loss=0.0789 grad_norm=11.68209
[21860.432s] step         step=253700 epoch=36 lr=3.81e-05 g_loss=3.01574 d_loss=0.18978 cycle_loss=0.11694 identity_loss=0.09012 grad_norm=22.86652
[21864.536s] step         step=253750 epoch=36 lr=3.81e-05 g_loss=2.5706 d_loss=0.22062 cycle_loss=0.1181 identity_loss=0.08043 grad_norm=11.65122
[21868.430s] step         step=253800 epoch=36 lr=3.81e-05 g_loss=2.84596 d_loss=0.1892 cycle_loss=0.11649 identity_loss=0.0757 grad_norm=28.36806
[21872.348s] step         step=253850 epoch=36 lr=3.81e-05 g_loss=3.85818 d_loss=0.17376 cycle_loss=0.19394 identity_loss=0.18746 grad_norm=30.47568
[21876.265s] step         step=253900 epoch=36 lr=3.81e-05 g_loss=2.32877 d_loss=0.30816 cycle_loss=0.09727 identity_loss=0.07809 grad_norm=24.27686
[21880.191s] step         step=253950 epoch=36 lr=3.81e-05 g_loss=2.48496 d_loss=0.29555 cycle_loss=0.11968 identity_loss=0.0818 grad_norm=18.357
[21884.317s] step         step=254000 epoch=36 lr=3.81e-05 g_loss=2.91718 d_loss=0.3876 cycle_loss=0.12126 identity_loss=0.09519 grad_norm=21.08424
[21888.303s] step         step=254050 epoch=36 lr=3.81e-05 g_loss=3.8762 d_loss=0.1812 cycle_loss=0.19321 identity_loss=0.15862 grad_norm=32.85176
[21892.381s] step         step=254100 epoch=36 lr=3.81e-05 g_loss=3.63042 d_loss=0.2555 cycle_loss=0.18343 identity_loss=0.11541 grad_norm=28.51266
[21896.364s] step         step=254150 epoch=36 lr=3.81e-05 g_loss=3.30527 d_loss=0.24367 cycle_loss=0.14987 identity_loss=0.10414 grad_norm=19.18676
[21900.295s] step         step=254200 epoch=36 lr=3.81e-05 g_loss=2.2126 d_loss=0.28744 cycle_loss=0.0979 identity_loss=0.0626 grad_norm=18.06407
[21904.230s] step         step=254250 epoch=36 lr=3.81e-05 g_loss=2.77168 d_loss=0.18181 cycle_loss=0.10793 identity_loss=0.06956 grad_norm=16.33425
[21908.173s] step         step=254300 epoch=36 lr=3.81e-05 g_loss=3.02766 d_loss=0.10932 cycle_loss=0.10734 identity_loss=0.08732 grad_norm=22.01384
[21912.095s] step         step=254350 epoch=36 lr=3.81e-05 g_loss=3.09957 d_loss=0.15082 cycle_loss=0.13296 identity_loss=0.07635 grad_norm=20.78374
[21916.018s] step         step=254400 epoch=36 lr=3.81e-05 g_loss=2.81527 d_loss=0.26996 cycle_loss=0.12825 identity_loss=0.11246 grad_norm=15.47246
[21919.933s] step         step=254450 epoch=36 lr=3.81e-05 g_loss=2.25187 d_loss=0.28629 cycle_loss=0.09524 identity_loss=0.06221 grad_norm=19.69683
[21923.869s] step         step=254500 epoch=36 lr=3.81e-05 g_loss=5.75191 d_loss=0.23091 cycle_loss=0.28087 identity_loss=0.3452 grad_norm=29.21313
[21927.827s] step         step=254550 epoch=36 lr=3.81e-05 g_loss=2.80199 d_loss=0.24603 cycle_loss=0.13299 identity_loss=0.08353 grad_norm=22.41279
[21931.751s] step         step=254600 epoch=36 lr=3.81e-05 g_loss=2.40589 d_loss=0.47346 cycle_loss=0.10303 identity_loss=0.10162 grad_norm=15.23167
[21935.681s] step         step=254650 epoch=36 lr=3.81e-05 g_loss=2.83552 d_loss=0.2712 cycle_loss=0.11987 identity_loss=0.0885 grad_norm=36.32825
[21939.660s] step         step=254700 epoch=36 lr=3.81e-05 g_loss=2.23053 d_loss=0.27321 cycle_loss=0.09126 identity_loss=0.06476 grad_norm=17.30502
[21943.601s] step         step=254750 epoch=36 lr=3.81e-05 g_loss=3.2553 d_loss=0.20538 cycle_loss=0.13653 identity_loss=0.09803 grad_norm=15.36507
[21947.539s] step         step=254800 epoch=36 lr=3.81e-05 g_loss=3.56822 d_loss=0.25578 cycle_loss=0.12303 identity_loss=0.07653 grad_norm=31.83175
[21951.530s] step         step=254850 epoch=36 lr=3.81e-05 g_loss=2.80277 d_loss=0.36851 cycle_loss=0.11411 identity_loss=0.07663 grad_norm=15.6586
[21955.443s] step         step=254900 epoch=36 lr=3.81e-05 g_loss=3.3798 d_loss=0.20847 cycle_loss=0.15454 identity_loss=0.09679 grad_norm=18.5623
[21959.331s] step         step=254950 epoch=36 lr=3.81e-05 g_loss=2.6643 d_loss=0.28085 cycle_loss=0.13121 identity_loss=0.08623 grad_norm=21.39638
[21963.758s] step         step=255000 epoch=36 lr=3.81e-05 g_loss=3.46405 d_loss=0.17291 cycle_loss=0.14171 identity_loss=0.108 grad_norm=18.47537
[21967.779s] step         step=255050 epoch=36 lr=3.81e-05 g_loss=2.98447 d_loss=0.2011 cycle_loss=0.12313 identity_loss=0.08379 grad_norm=13.76563
[21971.680s] step         step=255100 epoch=36 lr=3.81e-05 g_loss=3.0793 d_loss=0.17824 cycle_loss=0.13229 identity_loss=0.07445 grad_norm=25.49307
[21975.588s] step         step=255150 epoch=36 lr=3.81e-05 g_loss=2.8701 d_loss=0.21558 cycle_loss=0.1152 identity_loss=0.09436 grad_norm=24.64682
[21979.526s] step         step=255200 epoch=36 lr=3.81e-05 g_loss=2.80813 d_loss=0.17717 cycle_loss=0.12195 identity_loss=0.07773 grad_norm=26.33935
[21983.426s] step         step=255250 epoch=36 lr=3.81e-05 g_loss=3.11738 d_loss=0.21306 cycle_loss=0.1669 identity_loss=0.12828 grad_norm=25.9057
[21987.332s] step         step=255300 epoch=36 lr=3.81e-05 g_loss=2.7067 d_loss=0.38508 cycle_loss=0.14029 identity_loss=0.08502 grad_norm=19.24438
[21991.456s] step         step=255350 epoch=36 lr=3.81e-05 g_loss=3.02744 d_loss=0.2217 cycle_loss=0.1274 identity_loss=0.09043 grad_norm=14.13699
[21995.363s] step         step=255400 epoch=36 lr=3.81e-05 g_loss=3.3219 d_loss=0.1838 cycle_loss=0.14321 identity_loss=0.08688 grad_norm=23.97342
[21999.270s] step         step=255450 epoch=36 lr=3.81e-05 g_loss=3.13763 d_loss=0.28292 cycle_loss=0.1331 identity_loss=0.08472 grad_norm=22.83445
[22003.183s] step         step=255500 epoch=36 lr=3.81e-05 g_loss=3.26796 d_loss=0.26737 cycle_loss=0.15821 identity_loss=0.12447 grad_norm=24.9649
[22007.126s] step         step=255550 epoch=36 lr=3.81e-05 g_loss=2.66718 d_loss=0.28494 cycle_loss=0.12769 identity_loss=0.0751 grad_norm=15.86807
[22011.036s] step         step=255600 epoch=36 lr=3.81e-05 g_loss=3.03305 d_loss=0.13244 cycle_loss=0.10628 identity_loss=0.06853 grad_norm=28.79265
[22014.944s] step         step=255650 epoch=36 lr=3.81e-05 g_loss=2.21017 d_loss=0.34449 cycle_loss=0.11345 identity_loss=0.08277 grad_norm=21.28117
[22018.850s] step         step=255700 epoch=36 lr=3.81e-05 g_loss=2.31065 d_loss=0.38674 cycle_loss=0.10789 identity_loss=0.07379 grad_norm=19.38675
[22022.899s] step         step=255750 epoch=36 lr=3.81e-05 g_loss=3.64149 d_loss=0.18514 cycle_loss=0.19481 identity_loss=0.12987 grad_norm=30.32835
[22026.886s] step         step=255800 epoch=36 lr=3.81e-05 g_loss=3.68779 d_loss=0.26349 cycle_loss=0.16891 identity_loss=0.12217 grad_norm=29.74519
[22031.142s] step         step=255850 epoch=36 lr=3.81e-05 g_loss=4.25404 d_loss=0.1659 cycle_loss=0.21483 identity_loss=0.1753 grad_norm=32.52913
[22035.051s] step         step=255900 epoch=36 lr=3.81e-05 g_loss=3.49949 d_loss=0.23637 cycle_loss=0.16422 identity_loss=0.14517 grad_norm=27.18992
[22038.950s] step         step=255950 epoch=36 lr=3.81e-05 g_loss=3.1638 d_loss=0.16649 cycle_loss=0.15623 identity_loss=0.09548 grad_norm=33.92813
[22042.855s] step         step=256000 epoch=36 lr=3.81e-05 g_loss=2.58134 d_loss=0.3304 cycle_loss=0.10966 identity_loss=0.07178 grad_norm=14.47057
[22046.807s] step         step=256050 epoch=36 lr=3.81e-05 g_loss=3.29209 d_loss=0.36235 cycle_loss=0.15008 identity_loss=0.11312 grad_norm=15.83163
[22050.840s] step         step=256100 epoch=36 lr=3.81e-05 g_loss=3.16167 d_loss=0.27993 cycle_loss=0.13336 identity_loss=0.09002 grad_norm=21.29268
[22054.771s] step         step=256150 epoch=36 lr=3.81e-05 g_loss=2.6559 d_loss=0.37593 cycle_loss=0.1139 identity_loss=0.07155 grad_norm=14.22872
[22058.701s] step         step=256200 epoch=36 lr=3.81e-05 g_loss=2.34254 d_loss=0.42691 cycle_loss=0.10825 identity_loss=0.07453 grad_norm=24.35912
[22062.621s] step         step=256250 epoch=36 lr=3.81e-05 g_loss=2.72675 d_loss=0.22462 cycle_loss=0.12429 identity_loss=0.08134 grad_norm=16.89728
[22066.542s] step         step=256300 epoch=36 lr=3.81e-05 g_loss=2.70872 d_loss=0.2491 cycle_loss=0.12737 identity_loss=0.10046 grad_norm=15.43542
[22070.497s] step         step=256350 epoch=36 lr=3.81e-05 g_loss=2.40282 d_loss=0.25678 cycle_loss=0.11327 identity_loss=0.07787 grad_norm=20.29671
[22074.551s] step         step=256400 epoch=36 lr=3.81e-05 g_loss=2.92667 d_loss=0.15852 cycle_loss=0.12783 identity_loss=0.09363 grad_norm=27.52676
[22078.473s] step         step=256450 epoch=36 lr=3.81e-05 g_loss=3.21359 d_loss=0.21026 cycle_loss=0.14848 identity_loss=0.09073 grad_norm=26.94754
[22082.431s] step         step=256500 epoch=36 lr=3.81e-05 g_loss=3.23404 d_loss=0.19811 cycle_loss=0.1351 identity_loss=0.08374 grad_norm=21.36546
[22086.453s] step         step=256550 epoch=36 lr=3.81e-05 g_loss=3.23567 d_loss=0.30859 cycle_loss=0.1634 identity_loss=0.11322 grad_norm=10.44839
[22090.357s] step         step=256600 epoch=36 lr=3.81e-05 g_loss=2.84753 d_loss=0.31653 cycle_loss=0.12857 identity_loss=0.08401 grad_norm=13.7604
[22094.265s] step         step=256650 epoch=36 lr=3.81e-05 g_loss=2.39942 d_loss=0.23848 cycle_loss=0.11548 identity_loss=0.07341 grad_norm=20.96712
[22098.228s] step         step=256700 epoch=36 lr=3.81e-05 g_loss=3.00966 d_loss=0.311 cycle_loss=0.1359 identity_loss=0.09329 grad_norm=22.81729
[22102.127s] step         step=256750 epoch=36 lr=3.81e-05 g_loss=3.44897 d_loss=0.18302 cycle_loss=0.18934 identity_loss=0.12208 grad_norm=54.86728
[22106.051s] step         step=256800 epoch=36 lr=3.81e-05 g_loss=2.67596 d_loss=0.18697 cycle_loss=0.12113 identity_loss=0.07351 grad_norm=21.90843
[22109.959s] step         step=256850 epoch=36 lr=3.81e-05 g_loss=3.27984 d_loss=0.1338 cycle_loss=0.15017 identity_loss=0.08711 grad_norm=23.89174
[22113.879s] step         step=256900 epoch=36 lr=3.81e-05 g_loss=2.62588 d_loss=0.26396 cycle_loss=0.12683 identity_loss=0.08069 grad_norm=22.21274
[22117.792s] step         step=256950 epoch=36 lr=3.81e-05 g_loss=2.42947 d_loss=0.50716 cycle_loss=0.1168 identity_loss=0.08412 grad_norm=16.04914
[22122.135s] step         step=257000 epoch=36 lr=3.81e-05 g_loss=2.38697 d_loss=0.27185 cycle_loss=0.12407 identity_loss=0.10565 grad_norm=13.55925
[22126.394s] step         step=257050 epoch=36 lr=3.81e-05 g_loss=4.72079 d_loss=0.20072 cycle_loss=0.27063 identity_loss=0.27029 grad_norm=40.4233
[22130.323s] step         step=257100 epoch=36 lr=3.81e-05 g_loss=2.87049 d_loss=0.13045 cycle_loss=0.08094 identity_loss=0.07251 grad_norm=21.68059
[22134.224s] step         step=257150 epoch=36 lr=3.81e-05 g_loss=2.79493 d_loss=0.2461 cycle_loss=0.12965 identity_loss=0.07838 grad_norm=24.70674
[22138.130s] step         step=257200 epoch=36 lr=3.81e-05 g_loss=2.54424 d_loss=0.25528 cycle_loss=0.0943 identity_loss=0.06554 grad_norm=19.85454
[22142.056s] step         step=257250 epoch=36 lr=3.81e-05 g_loss=3.9952 d_loss=0.29709 cycle_loss=0.18472 identity_loss=0.13556 grad_norm=23.83819
[22145.979s] step         step=257300 epoch=36 lr=3.81e-05 g_loss=3.42113 d_loss=0.23359 cycle_loss=0.1548 identity_loss=0.14457 grad_norm=23.38541
[22149.943s] step         step=257350 epoch=36 lr=3.81e-05 g_loss=3.00981 d_loss=0.23669 cycle_loss=0.14791 identity_loss=0.11304 grad_norm=18.78868
[22153.862s] step         step=257400 epoch=36 lr=3.81e-05 g_loss=3.81349 d_loss=0.19343 cycle_loss=0.15384 identity_loss=0.0899 grad_norm=56.24375
[22157.785s] step         step=257450 epoch=36 lr=3.81e-05 g_loss=3.18371 d_loss=0.11488 cycle_loss=0.1249 identity_loss=0.0951 grad_norm=17.42512
[22161.684s] step         step=257500 epoch=36 lr=3.81e-05 g_loss=3.42349 d_loss=0.53905 cycle_loss=0.16108 identity_loss=0.12274 grad_norm=19.11902
[22165.664s] step         step=257550 epoch=36 lr=3.81e-05 g_loss=2.59042 d_loss=0.19669 cycle_loss=0.10232 identity_loss=0.06603 grad_norm=17.66386
[22169.571s] step         step=257600 epoch=36 lr=3.81e-05 g_loss=2.78562 d_loss=0.27982 cycle_loss=0.1222 identity_loss=0.09129 grad_norm=25.39265
[22173.471s] step         step=257650 epoch=36 lr=3.81e-05 g_loss=4.21841 d_loss=0.23972 cycle_loss=0.20464 identity_loss=0.19068 grad_norm=29.27548
[22177.403s] step         step=257700 epoch=36 lr=3.81e-05 g_loss=2.96157 d_loss=0.29757 cycle_loss=0.15492 identity_loss=0.09923 grad_norm=14.01355
[22181.319s] step         step=257750 epoch=36 lr=3.81e-05 g_loss=2.44914 d_loss=0.38183 cycle_loss=0.12119 identity_loss=0.10609 grad_norm=18.26723
[22185.290s] step         step=257800 epoch=36 lr=3.81e-05 g_loss=2.36901 d_loss=0.25107 cycle_loss=0.12353 identity_loss=0.07602 grad_norm=12.93871
[22189.212s] step         step=257850 epoch=36 lr=3.81e-05 g_loss=3.09804 d_loss=0.20173 cycle_loss=0.14418 identity_loss=0.19116 grad_norm=25.41785
[22193.257s] step         step=257900 epoch=36 lr=3.81e-05 g_loss=3.37202 d_loss=0.2441 cycle_loss=0.17345 identity_loss=0.14139 grad_norm=22.43501
[22197.161s] step         step=257950 epoch=36 lr=3.81e-05 g_loss=3.16356 d_loss=0.15365 cycle_loss=0.12429 identity_loss=0.08663 grad_norm=21.06459
[22201.068s] step         step=258000 epoch=36 lr=3.81e-05 g_loss=2.7655 d_loss=0.26833 cycle_loss=0.13049 identity_loss=0.09647 grad_norm=30.89007
[22205.056s] step         step=258050 epoch=36 lr=3.81e-05 g_loss=2.82026 d_loss=0.2301 cycle_loss=0.11596 identity_loss=0.07904 grad_norm=19.15233
[22208.967s] step         step=258100 epoch=36 lr=3.81e-05 g_loss=2.82526 d_loss=0.30084 cycle_loss=0.12909 identity_loss=0.08779 grad_norm=12.17724
[22212.871s] step         step=258150 epoch=36 lr=3.81e-05 g_loss=2.71961 d_loss=0.23676 cycle_loss=0.13585 identity_loss=0.0949 grad_norm=22.60913
[22216.792s] step         step=258200 epoch=36 lr=3.81e-05 g_loss=2.52238 d_loss=0.34736 cycle_loss=0.12563 identity_loss=0.08093 grad_norm=11.87822
[22220.723s] step         step=258250 epoch=36 lr=3.81e-05 g_loss=3.04777 d_loss=0.0999 cycle_loss=0.11973 identity_loss=0.0747 grad_norm=23.28339
[22224.622s] step         step=258300 epoch=36 lr=3.81e-05 g_loss=2.41489 d_loss=0.16162 cycle_loss=0.09709 identity_loss=0.07625 grad_norm=24.66505
[22228.548s] step         step=258350 epoch=36 lr=3.81e-05 g_loss=2.42456 d_loss=0.32627 cycle_loss=0.11769 identity_loss=0.07184 grad_norm=21.58469
[22232.459s] step         step=258400 epoch=36 lr=3.81e-05 g_loss=5.30344 d_loss=0.39725 cycle_loss=0.29412 identity_loss=0.29358 grad_norm=29.15202
[22236.356s] step         step=258450 epoch=36 lr=3.81e-05 g_loss=3.93431 d_loss=0.22561 cycle_loss=0.19658 identity_loss=0.16231 grad_norm=25.4502
[22240.282s] step         step=258500 epoch=36 lr=3.81e-05 g_loss=3.2156 d_loss=0.25734 cycle_loss=0.13653 identity_loss=0.08806 grad_norm=17.83819
[22244.728s] step         step=258550 epoch=36 lr=3.81e-05 g_loss=2.49571 d_loss=0.20021 cycle_loss=0.11797 identity_loss=0.07544 grad_norm=20.5219
[22248.621s] step         step=258600 epoch=36 lr=3.81e-05 g_loss=3.0249 d_loss=0.23463 cycle_loss=0.13256 identity_loss=0.10373 grad_norm=18.62992
[22252.532s] step         step=258650 epoch=36 lr=3.81e-05 g_loss=2.87563 d_loss=0.30043 cycle_loss=0.10585 identity_loss=0.07632 grad_norm=17.57125
[22256.488s] step         step=258700 epoch=36 lr=3.81e-05 g_loss=2.91126 d_loss=0.1706 cycle_loss=0.11688 identity_loss=0.08958 grad_norm=31.91347
[22260.527s] step         step=258750 epoch=36 lr=3.81e-05 g_loss=2.79911 d_loss=0.24009 cycle_loss=0.11942 identity_loss=0.08427 grad_norm=19.92755
[22264.566s] step         step=258800 epoch=36 lr=3.81e-05 g_loss=2.9022 d_loss=0.20397 cycle_loss=0.11957 identity_loss=0.07991 grad_norm=14.60744
[22268.614s] step         step=258850 epoch=36 lr=3.81e-05 g_loss=2.72415 d_loss=0.38289 cycle_loss=0.13569 identity_loss=0.09153 grad_norm=28.03091
[22272.518s] step         step=258900 epoch=36 lr=3.81e-05 g_loss=3.06167 d_loss=0.24849 cycle_loss=0.14138 identity_loss=0.08805 grad_norm=15.30727
[22276.444s] step         step=258950 epoch=36 lr=3.81e-05 g_loss=2.64662 d_loss=0.22593 cycle_loss=0.0928 identity_loss=0.07809 grad_norm=19.66134
[22280.352s] step         step=259000 epoch=36 lr=3.81e-05 g_loss=2.50803 d_loss=0.23637 cycle_loss=0.12754 identity_loss=0.07093 grad_norm=24.19616
[22284.302s] step         step=259050 epoch=36 lr=3.81e-05 g_loss=3.29116 d_loss=0.18607 cycle_loss=0.13744 identity_loss=0.12119 grad_norm=31.33998
[22288.226s] step         step=259100 epoch=36 lr=3.81e-05 g_loss=2.75494 d_loss=0.22132 cycle_loss=0.12806 identity_loss=0.08619 grad_norm=16.66825
[22292.590s] step         step=259150 epoch=36 lr=3.81e-05 g_loss=2.59284 d_loss=0.33259 cycle_loss=0.12362 identity_loss=0.07661 grad_norm=13.36631
[22296.486s] step         step=259200 epoch=36 lr=3.81e-05 g_loss=3.09192 d_loss=0.23623 cycle_loss=0.14162 identity_loss=0.09254 grad_norm=15.96191
[22300.406s] step         step=259250 epoch=36 lr=3.81e-05 g_loss=3.09147 d_loss=0.23384 cycle_loss=0.152 identity_loss=0.10002 grad_norm=18.74104
[22304.329s] step         step=259300 epoch=36 lr=3.81e-05 g_loss=3.46842 d_loss=0.20024 cycle_loss=0.14856 identity_loss=0.12247 grad_norm=16.94552
[22308.305s] step         step=259350 epoch=36 lr=3.81e-05 g_loss=2.81834 d_loss=0.3593 cycle_loss=0.12947 identity_loss=0.08662 grad_norm=18.34565
[22312.327s] step         step=259400 epoch=36 lr=3.81e-05 g_loss=2.82637 d_loss=0.29455 cycle_loss=0.12068 identity_loss=0.08314 grad_norm=22.5407
[22316.346s] step         step=259450 epoch=36 lr=3.81e-05 g_loss=3.05138 d_loss=0.24436 cycle_loss=0.12294 identity_loss=0.07956 grad_norm=30.38881
[22320.270s] step         step=259500 epoch=36 lr=3.81e-05 g_loss=2.83647 d_loss=0.27344 cycle_loss=0.11923 identity_loss=0.0968 grad_norm=29.32721
[22324.711s] step         step=259550 epoch=36 lr=3.81e-05 g_loss=3.05152 d_loss=0.26923 cycle_loss=0.15836 identity_loss=0.11254 grad_norm=17.09615
[22329.098s] step         step=259600 epoch=36 lr=3.81e-05 g_loss=2.70229 d_loss=0.29816 cycle_loss=0.12501 identity_loss=0.09684 grad_norm=12.59788
[22333.566s] step         step=259650 epoch=36 lr=3.81e-05 g_loss=3.74086 d_loss=0.20263 cycle_loss=0.12456 identity_loss=0.14451 grad_norm=22.79059
[22338.253s] step         step=259700 epoch=36 lr=3.81e-05 g_loss=2.76207 d_loss=0.17931 cycle_loss=0.12774 identity_loss=0.0804 grad_norm=26.14581
[22342.904s] step         step=259750 epoch=36 lr=3.81e-05 g_loss=3.73249 d_loss=0.18299 cycle_loss=0.16822 identity_loss=0.13286 grad_norm=19.76438
[22347.823s] step         step=259800 epoch=36 lr=3.81e-05 g_loss=2.83997 d_loss=0.24885 cycle_loss=0.12721 identity_loss=0.08206 grad_norm=16.78317
[22352.820s] step         step=259850 epoch=36 lr=3.81e-05 g_loss=3.45094 d_loss=0.23217 cycle_loss=0.1329 identity_loss=0.14981 grad_norm=31.42547
[22358.197s] step         step=259900 epoch=36 lr=3.81e-05 g_loss=3.76022 d_loss=0.152 cycle_loss=0.16856 identity_loss=0.12753 grad_norm=31.53042
[22363.583s] step         step=259950 epoch=36 lr=3.81e-05 g_loss=2.98105 d_loss=0.18377 cycle_loss=0.1261 identity_loss=0.0902 grad_norm=23.6515
[22368.914s] step         step=260000 epoch=36 lr=3.81e-05 g_loss=3.47827 d_loss=0.20041 cycle_loss=0.16961 identity_loss=0.12783 grad_norm=23.94457
[22373.739s] step         step=260050 epoch=36 lr=3.81e-05 g_loss=2.51289 d_loss=0.31667 cycle_loss=0.11166 identity_loss=0.08429 grad_norm=18.74763
[22378.602s] step         step=260100 epoch=36 lr=3.81e-05 g_loss=3.04636 d_loss=0.49676 cycle_loss=0.1321 identity_loss=0.12 grad_norm=17.86905
[22383.469s] step         step=260150 epoch=36 lr=3.81e-05 g_loss=2.26739 d_loss=0.19512 cycle_loss=0.10687 identity_loss=0.0889 grad_norm=51.45638
[22388.617s] step         step=260200 epoch=36 lr=3.81e-05 g_loss=3.63991 d_loss=0.36659 cycle_loss=0.18586 identity_loss=0.12886 grad_norm=13.93488
[22393.778s] step         step=260250 epoch=36 lr=3.81e-05 g_loss=3.01789 d_loss=0.37683 cycle_loss=0.12959 identity_loss=0.08492 grad_norm=16.66584
[22398.821s] step         step=260300 epoch=36 lr=3.81e-05 g_loss=2.50075 d_loss=0.2979 cycle_loss=0.13155 identity_loss=0.08113 grad_norm=65.62568
[22403.983s] step         step=260350 epoch=36 lr=3.81e-05 g_loss=2.71965 d_loss=0.26477 cycle_loss=0.11517 identity_loss=0.10681 grad_norm=16.1624
[22409.437s] step         step=260400 epoch=36 lr=3.81e-05 g_loss=3.14874 d_loss=0.19066 cycle_loss=0.12119 identity_loss=0.09244 grad_norm=16.50275
[22410.085s] epoch        epoch=36 step=260406 seconds=22396.1
[22410.421s] checkpoint   epoch=37 step=260406
[22415.304s] step         step=260450 epoch=37 lr=2.857e-05 g_loss=2.88637 d_loss=0.15016 cycle_loss=0.12407 identity_loss=0.07119 grad_norm=27.85723
[22421.026s] step         step=260500 epoch=37 lr=2.857e-05 g_loss=4.61517 d_loss=0.19573 cycle_loss=0.24304 identity_loss=0.19447 grad_norm=46.64365
[22425.761s] step         step=260550 epoch=37 lr=2.857e-05 g_loss=2.21732 d_loss=0.37509 cycle_loss=0.09931 identity_loss=0.06144 grad_norm=14.32403
[22430.319s] step         step=260600 epoch=37 lr=2.857e-05 g_loss=3.04327 d_loss=0.32868 cycle_loss=0.14423 identity_loss=0.16363 grad_norm=21.06762
[22434.928s] step         step=260650 epoch=37 lr=2.857e-05 g_loss=3.19617 d_loss=0.21364 cycle_loss=0.15773 identity_loss=0.09747 grad_norm=20.57339
[22439.513s] step         step=260700 epoch=37 lr=2.857e-05 g_loss=2.69893 d_loss=0.3438 cycle_loss=0.12922 identity_loss=0.09535 grad_norm=20.7783
[22444.039s] step         step=260750 epoch=37 lr=2.857e-05 g_loss=2.3551 d_loss=0.48568 cycle_loss=0.10272 identity_loss=0.06694 grad_norm=20.02426
[22448.570s] step         step=260800 epoch=37 lr=2.857e-05 g_loss=2.68553 d_loss=0.18211 cycle_loss=0.1216 identity_loss=0.0884 grad_norm=16.16098
[22453.063s] step         step=260850 epoch=37 lr=2.857e-05 g_loss=3.47308 d_loss=0.21096 cycle_loss=0.13121 identity_loss=0.08571 grad_norm=35.03005
[22457.553s] step         step=260900 epoch=37 lr=2.857e-05 g_loss=2.18749 d_loss=0.31661 cycle_loss=0.09635 identity_loss=0.08518 grad_norm=13.45798
[22462.240s] step         step=260950 epoch=37 lr=2.857e-05 g_loss=3.06978 d_loss=0.11591 cycle_loss=0.11612 identity_loss=0.09835 grad_norm=26.41432
[22466.878s] step         step=261000 epoch=37 lr=2.857e-05 g_loss=4.00454 d_loss=0.28434 cycle_loss=0.20636 identity_loss=0.17616 grad_norm=35.83506
[22470.855s] step         step=261050 epoch=37 lr=2.857e-05 g_loss=2.84376 d_loss=0.23858 cycle_loss=0.11099 identity_loss=0.07746 grad_norm=25.37097
[22474.750s] step         step=261100 epoch=37 lr=2.857e-05 g_loss=2.50124 d_loss=0.29718 cycle_loss=0.09685 identity_loss=0.06573 grad_norm=26.96127
[22478.669s] step         step=261150 epoch=37 lr=2.857e-05 g_loss=3.11688 d_loss=0.12627 cycle_loss=0.1294 identity_loss=0.09252 grad_norm=17.97099
[22482.559s] step         step=261200 epoch=37 lr=2.857e-05 g_loss=2.25814 d_loss=0.2575 cycle_loss=0.09094 identity_loss=0.06578 grad_norm=23.15407
[22486.432s] step         step=261250 epoch=37 lr=2.857e-05 g_loss=2.81406 d_loss=0.20184 cycle_loss=0.13991 identity_loss=0.09936 grad_norm=10.21116
[22490.334s] step         step=261300 epoch=37 lr=2.857e-05 g_loss=2.33292 d_loss=0.25736 cycle_loss=0.1151 identity_loss=0.0725 grad_norm=15.03395
[22494.313s] step         step=261350 epoch=37 lr=2.857e-05 g_loss=3.13099 d_loss=0.15378 cycle_loss=0.13602 identity_loss=0.10336 grad_norm=35.14219
[22498.220s] step         step=261400 epoch=37 lr=2.857e-05 g_loss=3.03844 d_loss=0.27044 cycle_loss=0.15545 identity_loss=0.0867 grad_norm=22.46888
[22502.118s] step         step=261450 epoch=37 lr=2.857e-05 g_loss=3.38474 d_loss=0.21422 cycle_loss=0.14082 identity_loss=0.09442 grad_norm=21.25055
[22506.068s] step         step=261500 epoch=37 lr=2.857e-05 g_loss=2.65884 d_loss=0.28114 cycle_loss=0.1228 identity_loss=0.10347 grad_norm=28.11446
[22510.073s] step         step=261550 epoch=37 lr=2.857e-05 g_loss=2.23261 d_loss=0.29903 cycle_loss=0.10248 identity_loss=0.07253 grad_norm=13.91533
[22514.076s] step         step=261600 epoch=37 lr=2.857e-05 g_loss=2.90249 d_loss=0.19551 cycle_loss=0.1002 identity_loss=0.06846 grad_norm=18.5207
[22518.053s] step         step=261650 epoch=37 lr=2.857e-05 g_loss=2.85174 d_loss=0.3796 cycle_loss=0.13633 identity_loss=0.09057 grad_norm=17.56333
[22522.008s] step         step=261700 epoch=37 lr=2.857e-05 g_loss=3.05998 d_loss=0.17494 cycle_loss=0.11456 identity_loss=0.08134 grad_norm=17.6194
[22526.077s] step         step=261750 epoch=37 lr=2.857e-05 g_loss=2.06734 d_loss=0.2683 cycle_loss=0.08214 identity_loss=0.05072 grad_norm=16.78479
[22530.006s] step         step=261800 epoch=37 lr=2.857e-05 g_loss=2.72959 d_loss=0.20016 cycle_loss=0.11344 identity_loss=0.08809 grad_norm=27.93026
[22533.914s] step         step=261850 epoch=37 lr=2.857e-05 g_loss=3.09058 d_loss=0.40955 cycle_loss=0.12417 identity_loss=0.10676 grad_norm=25.08294
[22537.838s] step         step=261900 epoch=37 lr=2.857e-05 g_loss=3.75359 d_loss=0.1579 cycle_loss=0.17091 identity_loss=0.13564 grad_norm=13.69099
[22541.746s] step         step=261950 epoch=37 lr=2.857e-05 g_loss=2.7634 d_loss=0.19746 cycle_loss=0.13657 identity_loss=0.08896 grad_norm=25.36227
[22545.679s] step         step=262000 epoch=37 lr=2.857e-05 g_loss=3.07863 d_loss=0.20031 cycle_loss=0.08701 identity_loss=0.08672 grad_norm=20.40853
[22549.654s] step         step=262050 epoch=37 lr=2.857e-05 g_loss=3.27088 d_loss=0.13698 cycle_loss=0.15542 identity_loss=0.09581 grad_norm=32.26608
[22553.592s] step         step=262100 epoch=37 lr=2.857e-05 g_loss=3.05285 d_loss=0.22741 cycle_loss=0.14019 identity_loss=0.10172 grad_norm=13.79967
[22557.519s] step         step=262150 epoch=37 lr=2.857e-05 g_loss=2.40291 d_loss=0.20674 cycle_loss=0.10907 identity_loss=0.11551 grad_norm=18.11966
[22561.450s] step         step=262200 epoch=37 lr=2.857e-05 g_loss=2.85803 d_loss=0.21506 cycle_loss=0.12208 identity_loss=0.11891 grad_norm=25.97372
[22565.786s] step         step=262250 epoch=37 lr=2.857e-05 g_loss=3.33723 d_loss=0.12797 cycle_loss=0.13043 identity_loss=0.07963 grad_norm=31.76407
[22569.856s] step         step=262300 epoch=37 lr=2.857e-05 g_loss=2.35496 d_loss=0.2647 cycle_loss=0.10782 identity_loss=0.06742 grad_norm=24.55591
[22573.766s] step         step=262350 epoch=37 lr=2.857e-05 g_loss=2.65579 d_loss=0.27348 cycle_loss=0.10249 identity_loss=0.07092 grad_norm=20.34728
[22577.701s] step         step=262400 epoch=37 lr=2.857e-05 g_loss=2.59632 d_loss=0.26733 cycle_loss=0.10439 identity_loss=0.07002 grad_norm=14.62847
[22581.609s] step         step=262450 epoch=37 lr=2.857e-05 g_loss=3.2859 d_loss=0.1997 cycle_loss=0.12827 identity_loss=0.09384 grad_norm=16.33896
[22585.541s] step         step=262500 epoch=37 lr=2.857e-05 g_loss=2.79499 d_loss=0.24098 cycle_loss=0.14497 identity_loss=0.10319 grad_norm=23.62718
[22589.514s] step         step=262550 epoch=37 lr=2.857e-05 g_loss=3.38619 d_loss=0.23025 cycle_loss=0.16622 identity_loss=0.11734 grad_norm=16.18039
[22593.436s] step         step=262600 epoch=37 lr=2.857e-05 g_loss=2.76501 d_loss=0.23435 cycle_loss=0.12543 identity_loss=0.09309 grad_norm=12.94926
[22597.347s] step         step=262650 epoch=37 lr=2.857e-05 g_loss=2.55695 d_loss=0.22666 cycle_loss=0.12591 identity_loss=0.08385 grad_norm=19.1863
[22601.263s] step         step=262700 epoch=37 lr=2.857e-05 g_loss=3.19453 d_loss=0.09025 cycle_loss=0.11511 identity_loss=0.07283 grad_norm=20.48137
[22605.146s] step         step=262750 epoch=37 lr=2.857e-05 g_loss=3.04982 d_loss=0.29113 cycle_loss=0.17205 identity_loss=0.10139 grad_norm=33.36818
[22609.133s] step         step=262800 epoch=37 lr=2.857e-05 g_loss=2.49677 d_loss=0.21681 cycle_loss=0.11728 identity_loss=0.09154 grad_norm=14.39096
[22613.052s] step         step=262850 epoch=37 lr=2.857e-05 g_loss=3.61262 d_loss=0.16745 cycle_loss=0.15514 identity_loss=0.16467 grad_norm=23.77378
[22616.945s] step         step=262900 epoch=37 lr=2.857e-05 g_loss=3.51854 d_loss=0.19208 cycle_loss=0.12622 identity_loss=0.08341 grad_norm=17.20217
[22620.872s] step         step=262950 epoch=37 lr=2.857e-05 g_loss=2.62877 d_loss=0.27972 cycle_loss=0.12516 identity_loss=0.07631 grad_norm=12.96704
[22624.781s] step         step=263000 epoch=37 lr=2.857e-05 g_loss=3.40936 d_loss=0.21346 cycle_loss=0.17515 identity_loss=0.11064 grad_norm=18.86968
[22628.767s] step         step=263050 epoch=37 lr=2.857e-05 g_loss=2.20657 d_loss=0.35133 cycle_loss=0.11629 identity_loss=0.06477 grad_norm=21.62418
[22632.664s] step         step=263100 epoch=37 lr=2.857e-05 g_loss=3.29072 d_loss=0.2187 cycle_loss=0.16581 identity_loss=0.1058 grad_norm=18.44076
[22636.574s] step         step=263150 epoch=37 lr=2.857e-05 g_loss=2.88991 d_loss=0.30183 cycle_loss=0.13836 identity_loss=0.09404 grad_norm=15.13506
[22640.506s] step         step=263200 epoch=37 lr=2.857e-05 g_loss=2.95174 d_loss=0.34015 cycle_loss=0.13108 identity_loss=0.0941 grad_norm=20.24797
[22644.414s] step         step=263250 epoch=37 lr=2.857e-05 g_loss=2.60113 d_loss=0.32841 cycle_loss=0.10647 identity_loss=0.10121 grad_norm=20.41294
[22648.355s] step         step=263300 epoch=37 lr=2.857e-05 g_loss=3.53829 d_loss=0.19171 cycle_loss=0.17263 identity_loss=0.10425 grad_norm=52.49602
[22652.299s] step         step=263350 epoch=37 lr=2.857e-05 g_loss=2.41816 d_loss=0.15676 cycle_loss=0.12709 identity_loss=0.09178 grad_norm=31.28407
[22656.254s] step         step=263400 epoch=37 lr=2.857e-05 g_loss=3.13624 d_loss=0.12669 cycle_loss=0.12664 identity_loss=0.08602 grad_norm=53.62871
[22660.182s] step         step=263450 epoch=37 lr=2.857e-05 g_loss=3.11152 d_loss=0.16589 cycle_loss=0.12906 identity_loss=0.08893 grad_norm=20.89704
[22664.095s] step         step=263500 epoch=37 lr=2.857e-05 g_loss=3.70466 d_loss=0.28268 cycle_loss=0.16287 identity_loss=0.18741 grad_norm=27.56351
[22668.076s] step         step=263550 epoch=37 lr=2.857e-05 g_loss=2.87709 d_loss=0.36588 cycle_loss=0.12878 identity_loss=0.10307 grad_norm=14.41772
[22672.242s] step         step=263600 epoch=37 lr=2.857e-05 g_loss=3.02904 d_loss=0.12901 cycle_loss=0.13247 identity_loss=0.08672 grad_norm=39.55133
[22676.144s] step         step=263650 epoch=37 lr=2.857e-05 g_loss=3.5247 d_loss=0.20287 cycle_loss=0.14613 identity_loss=0.10465 grad_norm=24.62829
[22680.082s] step         step=263700 epoch=37 lr=2.857e-05 g_loss=2.82495 d_loss=0.28722 cycle_loss=0.12023 identity_loss=0.06868 grad_norm=37.96809
[22684.004s] step         step=263750 epoch=37 lr=2.857e-05 g_loss=2.94281 d_loss=0.1161 cycle_loss=0.12378 identity_loss=0.13952 grad_norm=17.06038
[22688.110s] step         step=263800 epoch=37 lr=2.857e-05 g_loss=2.77996 d_loss=0.24239 cycle_loss=0.11554 identity_loss=0.08643 grad_norm=22.0952
[22692.030s] step         step=263850 epoch=37 lr=2.857e-05 g_loss=3.14407 d_loss=0.30458 cycle_loss=0.11654 identity_loss=0.08598 grad_norm=21.89324
[22695.921s] step         step=263900 epoch=37 lr=2.857e-05 g_loss=2.94361 d_loss=0.16773 cycle_loss=0.12615 identity_loss=0.07756 grad_norm=14.57663
[22699.892s] step         step=263950 epoch=37 lr=2.857e-05 g_loss=2.5527 d_loss=0.33732 cycle_loss=0.09998 identity_loss=0.1275 grad_norm=26.43232
[22703.792s] step         step=264000 epoch=37 lr=2.857e-05 g_loss=3.09467 d_loss=0.20564 cycle_loss=0.14894 identity_loss=0.11116 grad_norm=44.59769
[22707.754s] step         step=264050 epoch=37 lr=2.857e-05 g_loss=3.38201 d_loss=0.29768 cycle_loss=0.15288 identity_loss=0.09928 grad_norm=18.46847
[22711.653s] step         step=264100 epoch=37 lr=2.857e-05 g_loss=3.45313 d_loss=0.21488 cycle_loss=0.12819 identity_loss=0.09639 grad_norm=25.66762
[22715.574s] step         step=264150 epoch=37 lr=2.857e-05 g_loss=2.95648 d_loss=0.10126 cycle_loss=0.11956 identity_loss=0.08145 grad_norm=17.63452
[22719.495s] step         step=264200 epoch=37 lr=2.857e-05 g_loss=2.96988 d_loss=0.29093 cycle_loss=0.13132 identity_loss=0.08872 grad_norm=16.26289
[22723.881s] step         step=264250 epoch=37 lr=2.857e-05 g_loss=2.54826 d_loss=0.25607 cycle_loss=0.10942 identity_loss=0.08579 grad_norm=20.57451
[22727.782s] step         step=264300 epoch=37 lr=2.857e-05 g_loss=3.23422 d_loss=0.27647 cycle_loss=0.14167 identity_loss=0.0925 grad_norm=21.80583
[22731.662s] step         step=264350 epoch=37 lr=2.857e-05 g_loss=2.81205 d_loss=0.30145 cycle_loss=0.12641 identity_loss=0.11607 grad_norm=20.04324
[22735.601s] step         step=264400 epoch=37 lr=2.857e-05 g_loss=2.72544 d_loss=0.20903 cycle_loss=0.12747 identity_loss=0.09265 grad_norm=19.22221
[22739.488s] step         step=264450 epoch=37 lr=2.857e-05 g_loss=2.82433 d_loss=0.34587 cycle_loss=0.14436 identity_loss=0.07612 grad_norm=28.66232
[22743.382s] step         step=264500 epoch=37 lr=2.857e-05 g_loss=2.18751 d_loss=0.19534 cycle_loss=0.09951 identity_loss=0.08725 grad_norm=29.75229
[22747.332s] step         step=264550 epoch=37 lr=2.857e-05 g_loss=3.15822 d_loss=0.16613 cycle_loss=0.11977 identity_loss=0.09175 grad_norm=18.30935
[22751.294s] step         step=264600 epoch=37 lr=2.857e-05 g_loss=3.48686 d_loss=0.16412 cycle_loss=0.12126 identity_loss=0.09427 grad_norm=21.45775
[22755.179s] step         step=264650 epoch=37 lr=2.857e-05 g_loss=2.36689 d_loss=0.26496 cycle_loss=0.10353 identity_loss=0.06932 grad_norm=15.64629
[22759.095s] step         step=264700 epoch=37 lr=2.857e-05 g_loss=2.73282 d_loss=0.28971 cycle_loss=0.12205 identity_loss=0.07884 grad_norm=18.33474
[22763.018s] step         step=264750 epoch=37 lr=2.857e-05 g_loss=2.9962 d_loss=0.31351 cycle_loss=0.13156 identity_loss=0.14678 grad_norm=22.70096
[22766.904s] step         step=264800 epoch=37 lr=2.857e-05 g_loss=2.80418 d_loss=0.19521 cycle_loss=0.11342 identity_loss=0.07288 grad_norm=21.4586
[22770.824s] step         step=264850 epoch=37 lr=2.857e-05 g_loss=2.98158 d_loss=0.20234 cycle_loss=0.14698 identity_loss=0.10317 grad_norm=45.63517
[22774.734s] step         step=264900 epoch=37 lr=2.857e-05 g_loss=2.38505 d_loss=0.23055 cycle_loss=0.09734 identity_loss=0.06082 grad_norm=18.66644
[22778.625s] step         step=264950 epoch=37 lr=2.857e-05 g_loss=2.47232 d_loss=0.20152 cycle_loss=0.10554 identity_loss=0.06853 grad_norm=16.4402
[22782.761s] step         step=265000 epoch=37 lr=2.857e-05 g_loss=2.66882 d_loss=0.44095 cycle_loss=0.11793 identity_loss=0.06357 grad_norm=21.36367
[22786.776s] step         step=265050 epoch=37 lr=2.857e-05 g_loss=3.29366 d_loss=0.20295 cycle_loss=0.14468 identity_loss=0.10307 grad_norm=18.03793
[22790.694s] step         step=265100 epoch=37 lr=2.857e-05 g_loss=2.93871 d_loss=0.41168 cycle_loss=0.1387 identity_loss=0.10722 grad_norm=21.24643
[22794.720s] step         step=265150 epoch=37 lr=2.857e-05 g_loss=3.26597 d_loss=0.34916 cycle_loss=0.15634 identity_loss=0.11487 grad_norm=16.03684
[22798.624s] step         step=265200 epoch=37 lr=2.857e-05 g_loss=2.4354 d_loss=0.28635 cycle_loss=0.1036 identity_loss=0.07111 grad_norm=17.12248
[22802.529s] step         step=265250 epoch=37 lr=2.857e-05 g_loss=3.00747 d_loss=0.21655 cycle_loss=0.118 identity_loss=0.07643 grad_norm=16.75879
[22806.458s] step         step=265300 epoch=37 lr=2.857e-05 g_loss=3.19831 d_loss=0.27194 cycle_loss=0.1641 identity_loss=0.10609 grad_norm=19.77965
[22810.415s] step         step=265350 epoch=37 lr=2.857e-05 g_loss=2.58428 d_loss=0.4465 cycle_loss=0.11566 identity_loss=0.08346 grad_norm=14.19492
[22814.314s] step         step=265400 epoch=37 lr=2.857e-05 g_loss=2.84429 d_loss=0.37347 cycle_loss=0.12857 identity_loss=0.08711 grad_norm=21.24791
[22818.223s] step         step=265450 epoch=37 lr=2.857e-05 g_loss=2.75964 d_loss=0.1412 cycle_loss=0.09931 identity_loss=0.06119 grad_norm=26.7803
[22822.130s] step         step=265500 epoch=37 lr=2.857e-05 g_loss=2.68018 d_loss=0.13785 cycle_loss=0.12024 identity_loss=0.08998 grad_norm=22.63651
[22826.222s] step         step=265550 epoch=37 lr=2.857e-05 g_loss=2.73864 d_loss=0.23771 cycle_loss=0.11994 identity_loss=0.09011 grad_norm=17.54663
[22830.170s] step         step=265600 epoch=37 lr=2.857e-05 g_loss=2.62773 d_loss=0.36301 cycle_loss=0.15983 identity_loss=0.08547 grad_norm=16.12771
[22834.104s] step         step=265650 epoch=37 lr=2.857e-05 g_loss=3.13124 d_loss=0.20666 cycle_loss=0.12512 identity_loss=0.10363 grad_norm=26.1902
[22838.077s] step         step=265700 epoch=37 lr=2.857e-05 g_loss=6.43187 d_loss=0.1847 cycle_loss=0.37387 identity_loss=0.39609 grad_norm=51.2754
[22841.985s] step         step=265750 epoch=37 lr=2.857e-05 g_loss=3.03286 d_loss=0.30009 cycle_loss=0.13345 identity_loss=0.08891 grad_norm=16.41541
[22845.885s] step         step=265800 epoch=37 lr=2.857e-05 g_loss=2.83147 d_loss=0.16197 cycle_loss=0.11835 identity_loss=0.09062 grad_norm=17.58272
[22849.975s] step         step=265850 epoch=37 lr=2.857e-05 g_loss=2.78484 d_loss=0.1386 cycle_loss=0.11092 identity_loss=0.07412 grad_norm=19.64899
[22854.121s] step         step=265900 epoch=37 lr=2.857e-05 g_loss=2.63442 d_loss=0.28951 cycle_loss=0.12693 identity_loss=0.0813 grad_norm=22.59605
[22858.058s] step         step=265950 epoch=37 lr=2.857e-05 g_loss=3.25523 d_loss=0.19196 cycle_loss=0.11942 identity_loss=0.14808 grad_norm=28.6246
[22862.370s] step         step=266000 epoch=37 lr=2.857e-05 g_loss=2.75211 d_loss=0.24099 cycle_loss=0.14493 identity_loss=0.11147 grad_norm=24.71278
[22866.462s] step         step=266050 epoch=37 lr=2.857e-05 g_loss=2.45317 d_loss=0.26729 cycle_loss=0.10209 identity_loss=0.07616 grad_norm=21.45415
[22870.401s] step         step=266100 epoch=37 lr=2.857e-05 g_loss=2.87714 d_loss=0.13875 cycle_loss=0.12942 identity_loss=0.07348 grad_norm=20.12462
[22874.326s] step         step=266150 epoch=37 lr=2.857e-05 g_loss=3.33219 d_loss=0.31906 cycle_loss=0.16253 identity_loss=0.1176 grad_norm=27.08691
[22878.238s] step         step=266200 epoch=37 lr=2.857e-05 g_loss=2.31661 d_loss=0.26044 cycle_loss=0.12835 identity_loss=0.06114 grad_norm=26.75753
[22882.163s] step         step=266250 epoch=37 lr=2.857e-05 g_loss=4.06193 d_loss=0.34849 cycle_loss=0.1713 identity_loss=0.1689 grad_norm=22.29806
[22886.102s] step         step=266300 epoch=37 lr=2.857e-05 g_loss=3.2805 d_loss=0.31622 cycle_loss=0.17613 identity_loss=0.10884 grad_norm=28.35467
[22890.074s] step         step=266350 epoch=37 lr=2.857e-05 g_loss=2.62592 d_loss=0.40974 cycle_loss=0.13368 identity_loss=0.08124 grad_norm=24.27777
[22894.005s] step         step=266400 epoch=37 lr=2.857e-05 g_loss=2.74771 d_loss=0.34535 cycle_loss=0.12916 identity_loss=0.12648 grad_norm=15.73987
[22897.931s] step         step=266450 epoch=37 lr=2.857e-05 g_loss=3.05089 d_loss=0.21471 cycle_loss=0.12974 identity_loss=0.08209 grad_norm=19.99665
[22901.862s] step         step=266500 epoch=37 lr=2.857e-05 g_loss=2.63732 d_loss=0.26174 cycle_loss=0.11105 identity_loss=0.06666 grad_norm=22.20408
[22905.839s] step         step=266550 epoch=37 lr=2.857e-05 g_loss=4.14 d_loss=0.1747 cycle_loss=0.17421 identity_loss=0.12915 grad_norm=29.86597
[22909.750s] step         step=266600 epoch=37 lr=2.857e-05 g_loss=2.36996 d_loss=0.23491 cycle_loss=0.10382 identity_loss=0.0717 grad_norm=17.43935
[22913.655s] step         step=266650 epoch=37 lr=2.857e-05 g_loss=2.34869 d_loss=0.2805 cycle_loss=0.11829 identity_loss=0.11741 grad_norm=24.54609
[22917.563s] step         step=266700 epoch=37 lr=2.857e-05 g_loss=3.01816 d_loss=0.24899 cycle_loss=0.13119 identity_loss=0.08595 grad_norm=21.77506
[22921.478s] step         step=266750 epoch=37 lr=2.857e-05 g_loss=3.59915 d_loss=0.3135 cycle_loss=0.12525 identity_loss=0.10793 grad_norm=24.38562
[22925.426s] step         step=266800 epoch=37 lr=2.857e-05 g_loss=2.98151 d_loss=0.23685 cycle_loss=0.13151 identity_loss=0.08757 grad_norm=18.28654
[22929.371s] step         step=266850 epoch=37 lr=2.857e-05 g_loss=5.3446 d_loss=0.27517 cycle_loss=0.30617 identity_loss=0.28357 grad_norm=33.36542
[22933.305s] step         step=266900 epoch=37 lr=2.857e-05 g_loss=3.20474 d_loss=0.14633 cycle_loss=0.15373 identity_loss=0.11678 grad_norm=21.3759
[22937.238s] step         step=266950 epoch=37 lr=2.857e-05 g_loss=2.54236 d_loss=0.18984 cycle_loss=0.11688 identity_loss=0.07466 grad_norm=15.41747
[22941.156s] step         step=267000 epoch=37 lr=2.857e-05 g_loss=2.40353 d_loss=0.20579 cycle_loss=0.10796 identity_loss=0.08887 grad_norm=12.31153
[22945.145s] step         step=267050 epoch=37 lr=2.857e-05 g_loss=3.0469 d_loss=0.33735 cycle_loss=0.13732 identity_loss=0.16522 grad_norm=23.51175
[22949.082s] step         step=267100 epoch=37 lr=2.857e-05 g_loss=3.13104 d_loss=0.18435 cycle_loss=0.13653 identity_loss=0.09385 grad_norm=24.14013
[22953.110s] step         step=267150 epoch=37 lr=2.857e-05 g_loss=3.10668 d_loss=0.28036 cycle_loss=0.14129 identity_loss=0.10459 grad_norm=14.6918
[22957.047s] step         step=267200 epoch=37 lr=2.857e-05 g_loss=3.0435 d_loss=0.20326 cycle_loss=0.13124 identity_loss=0.09072 grad_norm=23.35675
[22960.957s] step         step=267250 epoch=37 lr=2.857e-05 g_loss=3.4299 d_loss=0.31667 cycle_loss=0.13603 identity_loss=0.08458 grad_norm=24.32866
[22964.890s] step         step=267300 epoch=37 lr=2.857e-05 g_loss=2.80214 d_loss=0.20775 cycle_loss=0.12891 identity_loss=0.08169 grad_norm=15.58723
[22968.821s] step         step=267350 epoch=37 lr=2.857e-05 g_loss=2.5611 d_loss=0.21105 cycle_loss=0.11128 identity_loss=0.1267 grad_norm=22.84354
[22972.940s] step         step=267400 epoch=37 lr=2.857e-05 g_loss=2.93388 d_loss=0.2035 cycle_loss=0.12184 identity_loss=0.07981 grad_norm=18.13606
[22976.381s] epoch        epoch=37 step=267444 seconds=22962.4
[22976.666s] checkpoint   epoch=38 step=267444
[22977.180s] step         step=267450 epoch=38 lr=1.905e-05 g_loss=2.88437 d_loss=0.3095 cycle_loss=0.12591 identity_loss=0.08274 grad_norm=22.7944
[22981.107s] step         step=267500 epoch=38 lr=1.905e-05 g_loss=3.05285 d_loss=0.3877 cycle_loss=0.14606 identity_loss=0.10895 grad_norm=22.82923
[22985.066s] step         step=267550 epoch=38 lr=1.905e-05 g_loss=3.28721 d_loss=0.19899 cycle_loss=0.16759 identity_loss=0.10537 grad_norm=14.33434
[22989.016s] step         step=267600 epoch=38 lr=1.905e-05 g_loss=2.99173 d_loss=0.21056 cycle_loss=0.1232 identity_loss=0.08939 grad_norm=20.66758
[22992.921s] step         step=267650 epoch=38 lr=1.905e-05 g_loss=3.86255 d_loss=0.21148 cycle_loss=0.17951 identity_loss=0.13394 grad_norm=22.36554
[22996.916s] step         step=267700 epoch=38 lr=1.905e-05 g_loss=3.35002 d_loss=0.2601 cycle_loss=0.16711 identity_loss=0.12433 grad_norm=33.11771
[23000.816s] step         step=267750 epoch=38 lr=1.905e-05 g_loss=2.63379 d_loss=0.38832 cycle_loss=0.13287 identity_loss=0.09552 grad_norm=13.9338
[23004.849s] step         step=267800 epoch=38 lr=1.905e-05 g_loss=2.46695 d_loss=0.3995 cycle_loss=0.10644 identity_loss=0.08665 grad_norm=19.41618
[23008.775s] step         step=267850 epoch=38 lr=1.905e-05 g_loss=2.42912 d_loss=0.26278 cycle_loss=0.12047 identity_loss=0.07487 grad_norm=18.22156
[23012.778s] step         step=267900 epoch=38 lr=1.905e-05 g_loss=2.9602 d_loss=0.32758 cycle_loss=0.12043 identity_loss=0.08699 grad_norm=15.9422
[23016.698s] step         step=267950 epoch=38 lr=1.905e-05 g_loss=2.84232 d_loss=0.131 cycle_loss=0.13667 identity_loss=0.08975 grad_norm=21.07619
[23020.651s] step         step=268000 epoch=38 lr=1.905e-05 g_loss=3.20398 d_loss=0.22208 cycle_loss=0.14144 identity_loss=0.0906 grad_norm=17.10261
[23024.652s] step         step=268050 epoch=38 lr=1.905e-05 g_loss=3.41619 d_loss=0.3152 cycle_loss=0.15806 identity_loss=0.17218 grad_norm=21.30505
[23028.567s] step         step=268100 epoch=38 lr=1.905e-05 g_loss=3.33324 d_loss=0.11144 cycle_loss=0.12819 identity_loss=0.0911 grad_norm=22.39212
[23032.498s] step         step=268150 epoch=38 lr=1.905e-05 g_loss=2.69174 d_loss=0.26439 cycle_loss=0.12779 identity_loss=0.0802 grad_norm=15.19804
[23036.424s] step         step=268200 epoch=38 lr=1.905e-05 g_loss=2.7641 d_loss=0.2508 cycle_loss=0.1205 identity_loss=0.08723 grad_norm=22.18195
[23040.358s] step         step=268250 epoch=38 lr=1.905e-05 g_loss=3.53577 d_loss=0.14806 cycle_loss=0.17021 identity_loss=0.12696 grad_norm=21.01259
[23044.368s] step         step=268300 epoch=38 lr=1.905e-05 g_loss=3.65333 d_loss=0.20117 cycle_loss=0.16543 identity_loss=0.10357 grad_norm=31.88722
[23048.447s] step         step=268350 epoch=38 lr=1.905e-05 g_loss=3.1051 d_loss=0.24325 cycle_loss=0.11815 identity_loss=0.11992 grad_norm=20.6866
[23052.379s] step         step=268400 epoch=38 lr=1.905e-05 g_loss=3.64911 d_loss=0.26117 cycle_loss=0.16816 identity_loss=0.15446 grad_norm=22.98414
[23056.344s] step         step=268450 epoch=38 lr=1.905e-05 g_loss=2.66708 d_loss=0.32278 cycle_loss=0.11301 identity_loss=0.0845 grad_norm=14.66072
[23060.291s] step         step=268500 epoch=38 lr=1.905e-05 g_loss=2.61856 d_loss=0.21893 cycle_loss=0.10884 identity_loss=0.07881 grad_norm=13.70038
[23064.303s] step         step=268550 epoch=38 lr=1.905e-05 g_loss=3.57429 d_loss=0.18252 cycle_loss=0.15485 identity_loss=0.12625 grad_norm=20.01377
[23068.233s] step         step=268600 epoch=38 lr=1.905e-05 g_loss=2.51766 d_loss=0.20703 cycle_loss=0.11155 identity_loss=0.07097 grad_norm=14.0881
[23072.155s] step         step=268650 epoch=38 lr=1.905e-05 g_loss=3.37483 d_loss=0.28867 cycle_loss=0.1839 identity_loss=0.1485 grad_norm=28.94412
[23076.081s] step         step=268700 epoch=38 lr=1.905e-05 g_loss=2.55698 d_loss=0.29857 cycle_loss=0.12313 identity_loss=0.07841 grad_norm=13.00406
[23080.005s] step         step=268750 epoch=38 lr=1.905e-05 g_loss=2.79455 d_loss=0.18023 cycle_loss=0.12959 identity_loss=0.13294 grad_norm=27.97637
[23083.933s] step         step=268800 epoch=38 lr=1.905e-05 g_loss=3.3136 d_loss=0.17893 cycle_loss=0.12303 identity_loss=0.10055 grad_norm=17.78094
[23087.875s] step         step=268850 epoch=38 lr=1.905e-05 g_loss=3.09914 d_loss=0.28188 cycle_loss=0.11473 identity_loss=0.12431 grad_norm=21.58913
[23091.826s] step         step=268900 epoch=38 lr=1.905e-05 g_loss=3.10451 d_loss=0.12412 cycle_loss=0.10867 identity_loss=0.06755 grad_norm=24.5381
[23095.774s] step         step=268950 epoch=38 lr=1.905e-05 g_loss=2.85593 d_loss=0.28177 cycle_loss=0.12477 identity_loss=0.0941 grad_norm=18.4261
[23099.682s] step         step=269000 epoch=38 lr=1.905e-05 g_loss=3.25551 d_loss=0.11737 cycle_loss=0.14566 identity_loss=0.12364 grad_norm=19.51185
[23103.722s] step         step=269050 epoch=38 lr=1.905e-05 g_loss=3.10511 d_loss=0.23297 cycle_loss=0.14473 identity_loss=0.10016 grad_norm=14.98253
[23107.640s] step         step=269100 epoch=38 lr=1.905e-05 g_loss=2.41178 d_loss=0.2492 cycle_loss=0.10629 identity_loss=0.07962 grad_norm=17.67317
[23111.599s] step         step=269150 epoch=38 lr=1.905e-05 g_loss=2.64136 d_loss=0.25176 cycle_loss=0.11268 identity_loss=0.07241 grad_norm=13.94318
[23115.526s] step         step=269200 epoch=38 lr=1.905e-05 g_loss=4.15074 d_loss=0.11307 cycle_loss=0.16748 identity_loss=0.12531 grad_norm=23.59317
[23119.445s] step         step=269250 epoch=38 lr=1.905e-05 g_loss=2.77699 d_loss=0.26301 cycle_loss=0.12763 identity_loss=0.10508 grad_norm=19.75113
[23123.376s] step         step=269300 epoch=38 lr=1.905e-05 g_loss=2.35991 d_loss=0.42238 cycle_loss=0.10476 identity_loss=0.06488 grad_norm=20.30001
[23127.316s] step         step=269350 epoch=38 lr=1.905e-05 g_loss=3.1174 d_loss=0.15577 cycle_loss=0.12912 identity_loss=0.0687 grad_norm=18.77897
[23131.215s] step         step=269400 epoch=38 lr=1.905e-05 g_loss=2.27663 d_loss=0.41067 cycle_loss=0.10432 identity_loss=0.08055 grad_norm=16.00787
[23135.199s] step         step=269450 epoch=38 lr=1.905e-05 g_loss=2.55728 d_loss=0.25239 cycle_loss=0.12619 identity_loss=0.0724 grad_norm=19.4857
[23139.151s] step         step=269500 epoch=38 lr=1.905e-05 g_loss=3.1262 d_loss=0.20464 cycle_loss=0.13941 identity_loss=0.11062 grad_norm=23.20765
[23143.515s] step         step=269550 epoch=38 lr=1.905e-05 g_loss=3.70256 d_loss=0.38947 cycle_loss=0.1638 identity_loss=0.13191 grad_norm=14.41973
[23147.718s] step         step=269600 epoch=38 lr=1.905e-05 g_loss=3.01008 d_loss=0.25812 cycle_loss=0.11719 identity_loss=0.0879 grad_norm=25.93677
[23151.688s] step         step=269650 epoch=38 lr=1.905e-05 g_loss=3.38063 d_loss=0.16076 cycle_loss=0.13276 identity_loss=0.0899 grad_norm=36.01701
[23155.626s] step         step=269700 epoch=38 lr=1.905e-05 g_loss=3.39316 d_loss=0.2704 cycle_loss=0.18427 identity_loss=0.11531 grad_norm=20.75536
[23159.550s] step         step=269750 epoch=38 lr=1.905e-05 g_loss=2.69031 d_loss=0.2715 cycle_loss=0.11669 identity_loss=0.10448 grad_norm=19.88991
[23163.460s] step         step=269800 epoch=38 lr=1.905e-05 g_loss=3.41246 d_loss=0.14804 cycle_loss=0.17354 identity_loss=0.10125 grad_norm=37.47648
[23167.367s] step         step=269850 epoch=38 lr=1.905e-05 g_loss=2.46305 d_loss=0.23569 cycle_loss=0.11215 identity_loss=0.08025 grad_norm=17.74448
[23171.325s] step         step=269900 epoch=38 lr=1.905e-05 g_loss=2.64574 d_loss=0.33867 cycle_loss=0.11123 identity_loss=0.06546 grad_norm=18.58065
[23175.247s] step         step=269950 epoch=38 lr=1.905e-05 g_loss=3.62849 d_loss=0.14616 cycle_loss=0.13933 identity_loss=0.08595 grad_norm=19.31671
[23179.372s] step         step=270000 epoch=38 lr=1.905e-05 g_loss=2.35155 d_loss=0.24591 cycle_loss=0.10805 identity_loss=0.07039 grad_norm=25.22126
[23183.452s] step         step=270050 epoch=38 lr=1.905e-05 g_loss=3.17269 d_loss=0.30507 cycle_loss=0.13878 identity_loss=0.08185 grad_norm=20.59935
[23187.374s] step         step=270100 epoch=38 lr=1.905e-05 g_loss=2.40911 d_loss=0.38045 cycle_loss=0.11922 identity_loss=0.08307 grad_norm=16.68293
[23191.290s] step         step=270150 epoch=38 lr=1.905e-05 g_loss=4.23039 d_loss=0.27066 cycle_loss=0.19273 identity_loss=0.10699 grad_norm=26.84469
[23195.210s] step         step=270200 epoch=38 lr=1.905e-05 g_loss=2.59359 d_loss=0.39479 cycle_loss=0.13005 identity_loss=0.09102 grad_norm=21.59331
[23199.152s] step         step=270250 epoch=38 lr=1.905e-05 g_loss=3.1409 d_loss=0.1974 cycle_loss=0.15816 identity_loss=0.09316 grad_norm=21.26309
[23203.068s] step         step=270300 epoch=38 lr=1.905e-05 g_loss=2.41096 d_loss=0.23406 cycle_loss=0.12393 identity_loss=0.06992 grad_norm=17.81844
[23207.285s] step         step=270350 epoch=38 lr=1.905e-05 g_loss=2.8657 d_loss=0.32082 cycle_loss=0.12623 identity_loss=0.0679 grad_norm=20.68176
[23211.647s] step         step=270400 epoch=38 lr=1.905e-05 g_loss=3.17072 d_loss=0.28824 cycle_loss=0.14252 identity_loss=0.17005 grad_norm=35.57341
[23216.434s] step         step=270450 epoch=38 lr=1.905e-05 g_loss=2.67207 d_loss=0.35895 cycle_loss=0.09839 identity_loss=0.09147 grad_norm=18.52976
[23221.247s] step         step=270500 epoch=38 lr=1.905e-05 g_loss=2.9991 d_loss=0.20148 cycle_loss=0.12129 identity_loss=0.07794 grad_norm=12.46616
[23225.987s] step         step=270550 epoch=38 lr=1.905e-05 g_loss=2.93889 d_loss=0.29283 cycle_loss=0.10391 identity_loss=0.06983 grad_norm=19.88669
[23229.989s] step         step=270600 epoch=38 lr=1.905e-05 g_loss=2.65872 d_loss=0.24973 cycle_loss=0.11038 identity_loss=0.08718 grad_norm=17.16042
[23233.885s] step         step=270650 epoch=38 lr=1.905e-05 g_loss=2.82729 d_loss=0.15323 cycle_loss=0.08514 identity_loss=0.07738 grad_norm=23.08987
[23237.822s] step         step=270700 epoch=38 lr=1.905e-05 g_loss=2.7295 d_loss=0.30441 cycle_loss=0.13606 identity_loss=0.09711 grad_norm=18.8904
[23241.728s] step         step=270750 epoch=38 lr=1.905e-05 g_loss=3.04043 d_loss=0.27522 cycle_loss=0.13335 identity_loss=0.10114 grad_norm=23.42603
[23245.636s] step         step=270800 epoch=38 lr=1.905e-05 g_loss=2.36539 d_loss=0.15867 cycle_loss=0.08293 identity_loss=0.05177 grad_norm=30.07832
[23249.569s] step         step=270850 epoch=38 lr=1.905e-05 g_loss=3.0932 d_loss=0.24652 cycle_loss=0.14613 identity_loss=0.09807 grad_norm=16.36195
[23253.476s] step         step=270900 epoch=38 lr=1.905e-05 g_loss=2.47626 d_loss=0.34122 cycle_loss=0.1024 identity_loss=0.07765 grad_norm=24.45702
[23257.396s] step         step=270950 epoch=38 lr=1.905e-05 g_loss=2.79975 d_loss=0.22001 cycle_loss=0.15204 identity_loss=0.08709 grad_norm=67.1013
[23261.357s] step         step=271000 epoch=38 lr=1.905e-05 g_loss=3.96899 d_loss=0.3011 cycle_loss=0.18364 identity_loss=0.15482 grad_norm=19.40551
[23265.356s] step         step=271050 epoch=38 lr=1.905e-05 g_loss=3.23953 d_loss=0.16535 cycle_loss=0.12716 identity_loss=0.11722 grad_norm=30.49179
[23269.361s] step         step=271100 epoch=38 lr=1.905e-05 g_loss=2.63156 d_loss=0.15229 cycle_loss=0.09714 identity_loss=0.07959 grad_norm=26.24329
[23273.879s] step         step=271150 epoch=38 lr=1.905e-05 g_loss=2.79138 d_loss=0.23652 cycle_loss=0.1228 identity_loss=0.08476 grad_norm=26.43993
[23277.784s] step         step=271200 epoch=38 lr=1.905e-05 g_loss=3.20549 d_loss=0.20387 cycle_loss=0.1337 identity_loss=0.07632 grad_norm=20.45918
[23281.690s] step         step=271250 epoch=38 lr=1.905e-05 g_loss=3.43455 d_loss=0.21974 cycle_loss=0.1529 identity_loss=0.07954 grad_norm=27.29661
[23285.876s] step         step=271300 epoch=38 lr=1.905e-05 g_loss=2.69685 d_loss=0.30853 cycle_loss=0.14085 identity_loss=0.09778 grad_norm=16.66143
[23290.456s] step         step=271350 epoch=38 lr=1.905e-05 g_loss=2.39197 d_loss=0.16759 cycle_loss=0.10081 identity_loss=0.06181 grad_norm=21.36324
[23294.619s] step         step=271400 epoch=38 lr=1.905e-05 g_loss=2.61562 d_loss=0.37722 cycle_loss=0.14892 identity_loss=0.10545 grad_norm=21.84789
[23298.834s] step         step=271450 epoch=38 lr=1.905e-05 g_loss=2.9852 d_loss=0.20896 cycle_loss=0.13683 identity_loss=0.08416 grad_norm=18.79774
[23302.950s] step         step=271500 epoch=38 lr=1.905e-05 g_loss=2.58669 d_loss=0.32913 cycle_loss=0.12503 identity_loss=0.08483 grad_norm=17.20173
[23307.257s] step         step=271550 epoch=38 lr=1.905e-05 g_loss=2.69984 d_loss=0.21608 cycle_loss=0.11805 identity_loss=0.07371 grad_norm=17.97777
[23311.146s] step         step=271600 epoch=38 lr=1.905e-05 g_loss=2.99266 d_loss=0.29835 cycle_loss=0.14645 identity_loss=0.11285 grad_norm=20.6452
[23315.051s] step         step=271650 epoch=38 lr=1.905e-05 g_loss=5.64895 d_loss=0.1177 cycle_loss=0.2859 identity_loss=0.2788 grad_norm=35.37278
[23319.025s] step         step=271700 epoch=38 lr=1.905e-05 g_loss=3.00449 d_loss=0.22565 cycle_loss=0.13667 identity_loss=0.07911 grad_norm=19.475
[23322.949s] step         step=271750 epoch=38 lr=1.905e-05 g_loss=3.63863 d_loss=0.22653 cycle_loss=0.14466 identity_loss=0.14515 grad_norm=27.1112
[23327.339s] step         step=271800 epoch=38 lr=1.905e-05 g_loss=2.61499 d_loss=0.20253 cycle_loss=0.10441 identity_loss=0.07637 grad_norm=21.7315
[23331.428s] step         step=271850 epoch=38 lr=1.905e-05 g_loss=2.00559 d_loss=0.37085 cycle_loss=0.10176 identity_loss=0.07107 grad_norm=24.9318
[23335.686s] step         step=271900 epoch=38 lr=1.905e-05 g_loss=2.75215 d_loss=0.24476 cycle_loss=0.14088 identity_loss=0.09625 grad_norm=16.67801
[23339.607s] step         step=271950 epoch=38 lr=1.905e-05 g_loss=2.7159 d_loss=0.29573 cycle_loss=0.12991 identity_loss=0.07505 grad_norm=15.53254
[23343.534s] step         step=272000 epoch=38 lr=1.905e-05 g_loss=2.90682 d_loss=0.28563 cycle_loss=0.09832 identity_loss=0.05381 grad_norm=20.64553
[23347.508s] step         step=272050 epoch=38 lr=1.905e-05 g_loss=3.21779 d_loss=0.32922 cycle_loss=0.15669 identity_loss=0.12034 grad_norm=26.67395
[23351.459s] step         step=272100 epoch=38 lr=1.905e-05 g_loss=2.743 d_loss=0.29695 cycle_loss=0.12941 identity_loss=0.07945 grad_norm=21.37692
[23355.366s] step         step=272150 epoch=38 lr=1.905e-05 g_loss=3.28973 d_loss=0.3776 cycle_loss=0.14317 identity_loss=0.09716 grad_norm=15.17733
[23359.298s] step         step=272200 epoch=38 lr=1.905e-05 g_loss=2.69246 d_loss=0.36851 cycle_loss=0.13464 identity_loss=0.09382 grad_norm=18.34426
[23363.212s] step         step=272250 epoch=38 lr=1.905e-05 g_loss=2.98485 d_loss=0.31632 cycle_loss=0.14286 identity_loss=0.09692 grad_norm=19.52657
[23367.128s] step         step=272300 epoch=38 lr=1.905e-05 g_loss=2.82875 d_loss=0.232 cycle_loss=0.1481 identity_loss=0.09912 grad_norm=20.33792
[23371.029s] step         step=272350 epoch=38 lr=1.905e-05 g_loss=2.89102 d_loss=0.41934 cycle_loss=0.11412 identity_loss=0.13505 grad_norm=19.11976
[23374.969s] step         step=272400 epoch=38 lr=1.905e-05 g_loss=3.2744 d_loss=0.24495 cycle_loss=0.12111 identity_loss=0.0917 grad_norm=25.33494
[23378.872s] step         step=272450 epoch=38 lr=1.905e-05 g_loss=2.4793 d_loss=0.26559 cycle_loss=0.12986 identity_loss=0.0887 grad_norm=14.98435
[23382.784s] step         step=272500 epoch=38 lr=1.905e-05 g_loss=2.68812 d_loss=0.15035 cycle_loss=0.13223 identity_loss=0.07852 grad_norm=12.86622
[23386.798s] step         step=272550 epoch=38 lr=1.905e-05 g_loss=2.64313 d_loss=0.45749 cycle_loss=0.11524 identity_loss=0.08591 grad_norm=15.46672
[23390.773s] step         step=272600 epoch=38 lr=1.905e-05 g_loss=3.20036 d_loss=0.24653 cycle_loss=0.1245 identity_loss=0.12785 grad_norm=51.84969
[23394.801s] step         step=272650 epoch=38 lr=1.905e-05 g_loss=3.29703 d_loss=0.3301 cycle_loss=0.15706 identity_loss=0.12216 grad_norm=29.37454
[23398.707s] step         step=272700 epoch=38 lr=1.905e-05 g_loss=2.05197 d_loss=0.22565 cycle_loss=0.09772 identity_loss=0.06111 grad_norm=15.22717
[23402.640s] step         step=272750 epoch=38 lr=1.905e-05 g_loss=3.17173 d_loss=0.18604 cycle_loss=0.13277 identity_loss=0.11413 grad_norm=30.8326
[23406.567s] step         step=272800 epoch=38 lr=1.905e-05 g_loss=2.60978 d_loss=0.17803 cycle_loss=0.11709 identity_loss=0.0694 grad_norm=50.9678
[23410.503s] step         step=272850 epoch=38 lr=1.905e-05 g_loss=3.91484 d_loss=0.28502 cycle_loss=0.19894 identity_loss=0.17658 grad_norm=24.89514
[23414.416s] step         step=272900 epoch=38 lr=1.905e-05 g_loss=3.37795 d_loss=0.31543 cycle_loss=0.16006 identity_loss=0.11921 grad_norm=14.30728
[23418.351s] step         step=272950 epoch=38 lr=1.905e-05 g_loss=3.05748 d_loss=0.10136 cycle_loss=0.10852 identity_loss=0.08909 grad_norm=26.63952
[23422.274s] step         step=273000 epoch=38 lr=1.905e-05 g_loss=2.63502 d_loss=0.27493 cycle_loss=0.10051 identity_loss=0.08731 grad_norm=13.5317
[23426.799s] step         step=273050 epoch=38 lr=1.905e-05 g_loss=3.19827 d_loss=0.16003 cycle_loss=0.13164 identity_loss=0.08473 grad_norm=28.67266
[23430.728s] step         step=273100 epoch=38 lr=1.905e-05 g_loss=3.08361 d_loss=0.12775 cycle_loss=0.12847 identity_loss=0.11077 grad_norm=26.83561
[23434.642s] step         step=273150 epoch=38 lr=1.905e-05 g_loss=2.7158 d_loss=0.28125 cycle_loss=0.11045 identity_loss=0.09368 grad_norm=23.03698
[23438.575s] step         step=273200 epoch=38 lr=1.905e-05 g_loss=3.12503 d_loss=0.18341 cycle_loss=0.14844 identity_loss=0.09827 grad_norm=22.96674
[23442.507s] step         step=273250 epoch=38 lr=1.905e-05 g_loss=4.06206 d_loss=0.18376 cycle_loss=0.18034 identity_loss=0.16829 grad_norm=28.67681
[23446.423s] step         step=273300 epoch=38 lr=1.905e-05 g_loss=3.81378 d_loss=0.31627 cycle_loss=0.15649 identity_loss=0.11319 grad_norm=18.14724
[23450.341s] step         step=273350 epoch=38 lr=1.905e-05 g_loss=2.79568 d_loss=0.17732 cycle_loss=0.12029 identity_loss=0.08463 grad_norm=21.20074
[23454.262s] step         step=273400 epoch=38 lr=1.905e-05 g_loss=3.24259 d_loss=0.33815 cycle_loss=0.11782 identity_loss=0.10856 grad_norm=34.07757
[23458.212s] step         step=273450 epoch=38 lr=1.905e-05 g_loss=2.48771 d_loss=0.3548 cycle_loss=0.10691 identity_loss=0.06487 grad_norm=13.37914
[23462.138s] step         step=273500 epoch=38 lr=1.905e-05 g_loss=2.49632 d_loss=0.27754 cycle_loss=0.0936 identity_loss=0.08034 grad_norm=15.63077
[23466.132s] step         step=273550 epoch=38 lr=1.905e-05 g_loss=3.7503 d_loss=0.21501 cycle_loss=0.18119 identity_loss=0.12017 grad_norm=25.24837
[23470.070s] step         step=273600 epoch=38 lr=1.905e-05 g_loss=2.75683 d_loss=0.41581 cycle_loss=0.12222 identity_loss=0.0816 grad_norm=16.44271
[23474.012s] step         step=273650 epoch=38 lr=1.905e-05 g_loss=2.53835 d_loss=0.37569 cycle_loss=0.12134 identity_loss=0.07916 grad_norm=13.46002
[23477.950s] step         step=273700 epoch=38 lr=1.905e-05 g_loss=2.91841 d_loss=0.26325 cycle_loss=0.11702 identity_loss=0.09231 grad_norm=21.70813
[23481.916s] step         step=273750 epoch=38 lr=1.905e-05 g_loss=2.47641 d_loss=0.27314 cycle_loss=0.11433 identity_loss=0.08057 grad_norm=14.7993
[23485.815s] step         step=273800 epoch=38 lr=1.905e-05 g_loss=2.65071 d_loss=0.20153 cycle_loss=0.11026 identity_loss=0.07274 grad_norm=18.96118
[23489.721s] step         step=273850 epoch=38 lr=1.905e-05 g_loss=2.25724 d_loss=0.21365 cycle_loss=0.10323 identity_loss=0.06673 grad_norm=16.12472
[23493.625s] step         step=273900 epoch=38 lr=1.905e-05 g_loss=3.1279 d_loss=0.20451 cycle_loss=0.16099 identity_loss=0.1102 grad_norm=20.22587
[23497.528s] step         step=273950 epoch=38 lr=1.905e-05 g_loss=4.8557 d_loss=0.27815 cycle_loss=0.20312 identity_loss=0.3066 grad_norm=35.01588
[23501.435s] step         step=274000 epoch=38 lr=1.905e-05 g_loss=3.43737 d_loss=0.16436 cycle_loss=0.12236 identity_loss=0.08981 grad_norm=25.30781
[23505.414s] step         step=274050 epoch=38 lr=1.905e-05 g_loss=3.32048 d_loss=0.13094 cycle_loss=0.13488 identity_loss=0.08684 grad_norm=21.13463
[23509.392s] step         step=274100 epoch=38 lr=1.905e-05 g_loss=2.59587 d_loss=0.18314 cycle_loss=0.11086 identity_loss=0.07303 grad_norm=18.09869
[23513.308s] step         step=274150 epoch=38 lr=1.905e-05 g_loss=3.04228 d_loss=0.31587 cycle_loss=0.15523 identity_loss=0.08796 grad_norm=19.3761
[23517.201s] step         step=274200 epoch=38 lr=1.905e-05 g_loss=3.19996 d_loss=0.22951 cycle_loss=0.09198 identity_loss=0.06556 grad_norm=33.1671
[23521.126s] step         step=274250 epoch=38 lr=1.905e-05 g_loss=3.02803 d_loss=0.14285 cycle_loss=0.12015 identity_loss=0.0714 grad_norm=23.96833
[23525.093s] step         step=274300 epoch=38 lr=1.905e-05 g_loss=2.29 d_loss=0.23375 cycle_loss=0.10145 identity_loss=0.06311 grad_norm=15.22362
[23529.014s] step         step=274350 epoch=38 lr=1.905e-05 g_loss=2.64339 d_loss=0.14627 cycle_loss=0.10522 identity_loss=0.07031 grad_norm=22.91682
[23532.939s] step         step=274400 epoch=38 lr=1.905e-05 g_loss=2.92278 d_loss=0.27784 cycle_loss=0.131 identity_loss=0.08776 grad_norm=14.68353
[23536.858s] step         step=274450 epoch=38 lr=1.905e-05 g_loss=2.88216 d_loss=0.28195 cycle_loss=0.10868 identity_loss=0.07347 grad_norm=21.21687
[23539.410s] epoch        epoch=38 step=274482 seconds=23525.4
[23539.696s] checkpoint   epoch=39 step=274482
[23541.140s] step         step=274500 epoch=39 lr=9.52e-06 g_loss=1.89869 d_loss=0.3296 cycle_loss=0.09779 identity_loss=0.06154 grad_norm=14.50731
[23545.121s] step         step=274550 epoch=39 lr=9.52e-06 g_loss=2.59811 d_loss=0.37193 cycle_loss=0.11981 identity_loss=0.08085 grad_norm=15.83925
[23549.025s] step         step=274600 epoch=39 lr=9.52e-06 g_loss=3.36789 d_loss=0.22492 cycle_loss=0.12335 identity_loss=0.09454 grad_norm=47.44516
[23552.942s] step         step=274650 epoch=39 lr=9.52e-06 g_loss=2.61267 d_loss=0.38374 cycle_loss=0.11437 identity_loss=0.08547 grad_norm=16.38709
[23556.847s] step         step=274700 epoch=39 lr=9.52e-06 g_loss=2.89236 d_loss=0.27226 cycle_loss=0.14749 identity_loss=0.11343 grad_norm=17.79897
[23560.726s] step         step=274750 epoch=39 lr=9.52e-06 g_loss=3.71988 d_loss=0.21911 cycle_loss=0.18143 identity_loss=0.1441 grad_norm=31.12922
[23564.634s] step         step=274800 epoch=39 lr=9.52e-06 g_loss=2.54672 d_loss=0.28296 cycle_loss=0.11093 identity_loss=0.07139 grad_norm=13.65798
[23568.547s] step         step=274850 epoch=39 lr=9.52e-06 g_loss=3.16427 d_loss=0.24982 cycle_loss=0.11505 identity_loss=0.11196 grad_norm=19.6444
[23572.709s] step         step=274900 epoch=39 lr=9.52e-06 g_loss=3.37025 d_loss=0.42499 cycle_loss=0.13003 identity_loss=0.10229 grad_norm=10.80834
[23576.596s] step         step=274950 epoch=39 lr=9.52e-06 g_loss=2.96116 d_loss=0.30597 cycle_loss=0.1218 identity_loss=0.11275 grad_norm=18.34195
[23580.517s] step         step=275000 epoch=39 lr=9.52e-06 g_loss=3.24623 d_loss=0.21767 cycle_loss=0.13798 identity_loss=0.12328 grad_norm=16.97351
[23584.613s] step         step=275050 epoch=39 lr=9.52e-06 g_loss=2.75757 d_loss=0.2571 cycle_loss=0.12232 identity_loss=0.08554 grad_norm=27.09049
[23588.510s] step         step=275100 epoch=39 lr=9.52e-06 g_loss=3.23666 d_loss=0.3374 cycle_loss=0.14385 identity_loss=0.10419 grad_norm=15.07554
[23592.434s] step         step=275150 epoch=39 lr=9.52e-06 g_loss=2.56566 d_loss=0.30768 cycle_loss=0.11838 identity_loss=0.07391 grad_norm=16.81283
[23596.363s] step         step=275200 epoch=39 lr=9.52e-06 g_loss=2.17905 d_loss=0.32915 cycle_loss=0.1125 identity_loss=0.07044 grad_norm=17.65432
[23600.256s] step         step=275250 epoch=39 lr=9.52e-06 g_loss=2.74317 d_loss=0.21252 cycle_loss=0.10793 identity_loss=0.07499 grad_norm=17.89904
[23604.167s] step         step=275300 epoch=39 lr=9.52e-06 g_loss=1.9422 d_loss=0.20556 cycle_loss=0.08839 identity_loss=0.05867 grad_norm=16.80799
[23608.071s] step         step=275350 epoch=39 lr=9.52e-06 g_loss=2.50333 d_loss=0.28479 cycle_loss=0.1168 identity_loss=0.07426 grad_norm=25.46964
[23611.981s] step         step=275400 epoch=39 lr=9.52e-06 g_loss=2.17716 d_loss=0.35919 cycle_loss=0.10147 identity_loss=0.08335 grad_norm=18.76515
[23615.901s] step         step=275450 epoch=39 lr=9.52e-06 g_loss=3.04549 d_loss=0.28442 cycle_loss=0.13798 identity_loss=0.08753 grad_norm=31.79078
[23619.807s] step         step=275500 epoch=39 lr=9.52e-06 g_loss=2.75928 d_loss=0.23125 cycle_loss=0.12532 identity_loss=0.09085 grad_norm=24.14345
[23624.231s] step         step=275550 epoch=39 lr=9.52e-06 g_loss=2.97484 d_loss=0.18837 cycle_loss=0.12673 identity_loss=0.08933 grad_norm=14.24115
[23628.129s] step         step=275600 epoch=39 lr=9.52e-06 g_loss=2.37139 d_loss=0.26785 cycle_loss=0.12623 identity_loss=0.07852 grad_norm=18.56981
[23632.091s] step         step=275650 epoch=39 lr=9.52e-06 g_loss=2.8349 d_loss=0.27321 cycle_loss=0.1191 identity_loss=0.07096 grad_norm=84.01485
[23636.002s] step         step=275700 epoch=39 lr=9.52e-06 g_loss=2.83706 d_loss=0.16934 cycle_loss=0.10448 identity_loss=0.07108 grad_norm=15.26167
[23639.898s] step         step=275750 epoch=39 lr=9.52e-06 g_loss=3.00065 d_loss=0.39242 cycle_loss=0.14874 identity_loss=0.13777 grad_norm=17.52878
[23643.797s] step         step=275800 epoch=39 lr=9.52e-06 g_loss=2.3605 d_loss=0.436 cycle_loss=0.10182 identity_loss=0.05558 grad_norm=18.02784
[23647.694s] step         step=275850 epoch=39 lr=9.52e-06 g_loss=3.13246 d_loss=0.13809 cycle_loss=0.12756 identity_loss=0.07599 grad_norm=26.10662
[23651.635s] step         step=275900 epoch=39 lr=9.52e-06 g_loss=2.8185 d_loss=0.21622 cycle_loss=0.11686 identity_loss=0.07505 grad_norm=24.49217
[23655.579s] step         step=275950 epoch=39 lr=9.52e-06 g_loss=2.91125 d_loss=0.24222 cycle_loss=0.12725 identity_loss=0.07248 grad_norm=18.63574
[23659.489s] step         step=276000 epoch=39 lr=9.52e-06 g_loss=2.40362 d_loss=0.3503 cycle_loss=0.10968 identity_loss=0.05546 grad_norm=20.14077
[23663.491s] step         step=276050 epoch=39 lr=9.52e-06 g_loss=3.5488 d_loss=0.25224 cycle_loss=0.15097 identity_loss=0.10148 grad_norm=14.15735
[23667.402s] step         step=276100 epoch=39 lr=9.52e-06 g_loss=2.43752 d_loss=0.29525 cycle_loss=0.11482 identity_loss=0.06971 grad_norm=13.34343
[23671.424s] step         step=276150 epoch=39 lr=9.52e-06 g_loss=3.03347 d_loss=0.20137 cycle_loss=0.1279 identity_loss=0.09548 grad_norm=20.502
[23675.339s] step         step=276200 epoch=39 lr=9.52e-06 g_loss=3.53262 d_loss=0.24859 cycle_loss=0.14674 identity_loss=0.09264 grad_norm=19.79422
[23679.241s] step         step=276250 epoch=39 lr=9.52e-06 g_loss=2.69901 d_loss=0.28885 cycle_loss=0.11876 identity_loss=0.07281 grad_norm=20.21365
[23683.378s] step         step=276300 epoch=39 lr=9.52e-06 g_loss=2.6641 d_loss=0.33722 cycle_loss=0.11742 identity_loss=0.07283 grad_norm=16.31771
[23687.275s] step         step=276350 epoch=39 lr=9.52e-06 g_loss=2.44784 d_loss=0.27861 cycle_loss=0.12368 identity_loss=0.07605 grad_norm=13.01216
[23691.166s] step         step=276400 epoch=39 lr=9.52e-06 g_loss=3.22684 d_loss=0.17133 cycle_loss=0.1287 identity_loss=0.07763 grad_norm=22.82587
[23695.379s] step         step=276450 epoch=39 lr=9.52e-06 g_loss=2.58406 d_loss=0.23837 cycle_loss=0.14384 identity_loss=0.07671 grad_norm=21.87351
[23699.367s] step         step=276500 epoch=39 lr=9.52e-06 g_loss=2.61264 d_loss=0.14026 cycle_loss=0.11034 identity_loss=0.07283 grad_norm=15.48798
[23703.355s] step         step=276550 epoch=39 lr=9.52e-06 g_loss=2.81461 d_loss=0.16122 cycle_loss=0.1286 identity_loss=0.07197 grad_norm=18.06542
[23707.261s] step         step=276600 epoch=39 lr=9.52e-06 g_loss=2.66853 d_loss=0.19951 cycle_loss=0.09354 identity_loss=0.07723 grad_norm=21.26664
[23711.254s] step         step=276650 epoch=39 lr=9.52e-06 g_loss=2.76632 d_loss=0.31958 cycle_loss=0.10881 identity_loss=0.07547 grad_norm=19.00476
[23715.196s] step         step=276700 epoch=39 lr=9.52e-06 g_loss=2.83138 d_loss=0.35623 cycle_loss=0.13155 identity_loss=0.08021 grad_norm=16.87716
[23719.142s] step         step=276750 epoch=39 lr=9.52e-06 g_loss=2.59789 d_loss=0.46259 cycle_loss=0.11524 identity_loss=0.08622 grad_norm=12.88032
[23723.092s] step         step=276800 epoch=39 lr=9.52e-06 g_loss=2.82776 d_loss=0.29353 cycle_loss=0.12801 identity_loss=0.09381 grad_norm=10.77385
[23727.078s] step         step=276850 epoch=39 lr=9.52e-06 g_loss=2.92299 d_loss=0.13579 cycle_loss=0.11381 identity_loss=0.07546 grad_norm=22.54808
[23731.030s] step         step=276900 epoch=39 lr=9.52e-06 g_loss=2.71539 d_loss=0.19942 cycle_loss=0.10276 identity_loss=0.07483 grad_norm=21.83215
[23734.997s] step         step=276950 epoch=39 lr=9.52e-06 g_loss=3.25625 d_loss=0.17579 cycle_loss=0.11883 identity_loss=0.07481 grad_norm=22.96704
[23738.914s] step         step=277000 epoch=39 lr=9.52e-06 g_loss=2.98017 d_loss=0.18435 cycle_loss=0.12098 identity_loss=0.11196 grad_norm=21.54305
[23742.891s] step         step=277050 epoch=39 lr=9.52e-06 g_loss=3.34593 d_loss=0.19212 cycle_loss=0.13461 identity_loss=0.08954 grad_norm=23.48771
[23746.796s] step         step=277100 epoch=39 lr=9.52e-06 g_loss=3.61906 d_loss=0.1817 cycle_loss=0.1427 identity_loss=0.0924 grad_norm=18.84852
[23750.712s] step         step=277150 epoch=39 lr=9.52e-06 g_loss=2.60922 d_loss=0.29795 cycle_loss=0.11804 identity_loss=0.07394 grad_norm=15.52919
[23754.614s] step         step=277200 epoch=39 lr=9.52e-06 g_loss=3.33046 d_loss=0.26998 cycle_loss=0.12959 identity_loss=0.10107 grad_norm=28.6571
[23758.546s] step         step=277250 epoch=39 lr=9.52e-06 g_loss=3.3267 d_loss=0.14378 cycle_loss=0.16312 identity_loss=0.1252 grad_norm=17.59117
[23762.584s] step         step=277300 epoch=39 lr=9.52e-06 g_loss=2.41931 d_loss=0.18551 cycle_loss=0.0748 identity_loss=0.05589 grad_norm=25.62463
[23766.511s] step         step=277350 epoch=39 lr=9.52e-06 g_loss=2.35383 d_loss=0.3363 cycle_loss=0.10924 identity_loss=0.07161 grad_norm=14.72957
[23770.450s] step         step=277400 epoch=39 lr=9.52e-06 g_loss=3.70886 d_loss=0.19534 cycle_loss=0.14729 identity_loss=0.12127 grad_norm=35.44485
[23774.356s] step         step=277450 epoch=39 lr=9.52e-06 g_loss=2.23746 d_loss=0.28174 cycle_loss=0.10613 identity_loss=0.08071 grad_norm=18.79924
[23778.258s] step         step=277500 epoch=39 lr=9.52e-06 g_loss=2.73731 d_loss=0.14289 cycle_loss=0.11199 identity_loss=0.0651 grad_norm=16.45847
[23782.240s] step         step=277550 epoch=39 lr=9.52e-06 g_loss=2.72169 d_loss=0.23802 cycle_loss=0.13108 identity_loss=0.08208 grad_norm=18.71484
[23786.148s] step         step=277600 epoch=39 lr=9.52e-06 g_loss=2.42674 d_loss=0.34488 cycle_loss=0.09303 identity_loss=0.07437 grad_norm=22.93764
[23790.135s] step         step=277650 epoch=39 lr=9.52e-06 g_loss=3.03063 d_loss=0.35224 cycle_loss=0.1356 identity_loss=0.09334 grad_norm=11.88831
[23794.059s] step         step=277700 epoch=39 lr=9.52e-06 g_loss=2.38021 d_loss=0.24309 cycle_loss=0.09735 identity_loss=0.07861 grad_norm=19.08712
[23797.949s] step         step=277750 epoch=39 lr=9.52e-06 g_loss=2.81284 d_loss=0.21309 cycle_loss=0.12648 identity_loss=0.12277 grad_norm=39.44137
[23801.894s] step         step=277800 epoch=39 lr=9.52e-06 g_loss=2.30679 d_loss=0.33867 cycle_loss=0.11283 identity_loss=0.06912 grad_norm=11.26337
[23806.385s] step         step=277850 epoch=39 lr=9.52e-06 g_loss=2.07632 d_loss=0.24061 cycle_loss=0.09755 identity_loss=0.05359 grad_norm=12.85462
[23810.313s] step         step=277900 epoch=39 lr=9.52e-06 g_loss=3.7661 d_loss=0.24538 cycle_loss=0.15165 identity_loss=0.1911 grad_norm=28.87645
[23814.238s] step         step=277950 epoch=39 lr=9.52e-06 g_loss=3.38213 d_loss=0.2481 cycle_loss=0.16371 identity_loss=0.13501 grad_norm=12.71482
[23818.172s] step         step=278000 epoch=39 lr=9.52e-06 g_loss=2.43996 d_loss=0.29149 cycle_loss=0.10011 identity_loss=0.06255 grad_norm=20.92907
[23822.135s] step         step=278050 epoch=39 lr=9.52e-06 g_loss=2.79226 d_loss=0.42316 cycle_loss=0.14272 identity_loss=0.0932 grad_norm=13.48414
[23826.104s] step         step=278100 epoch=39 lr=9.52e-06 g_loss=2.3607 d_loss=0.20272 cycle_loss=0.10715 identity_loss=0.06502 grad_norm=15.71148
[23830.066s] step         step=278150 epoch=39 lr=9.52e-06 g_loss=2.98183 d_loss=0.2663 cycle_loss=0.15024 identity_loss=0.11638 grad_norm=26.29161
[23833.966s] step         step=278200 epoch=39 lr=9.52e-06 g_loss=3.53396 d_loss=0.23944 cycle_loss=0.17441 identity_loss=0.1018 grad_norm=18.78001
[23837.875s] step         step=278250 epoch=39 lr=9.52e-06 g_loss=2.99035 d_loss=0.2068 cycle_loss=0.13062 identity_loss=0.1253 grad_norm=33.12278
[23841.803s] step         step=278300 epoch=39 lr=9.52e-06 g_loss=3.08298 d_loss=0.2577 cycle_loss=0.14832 identity_loss=0.09858 grad_norm=20.84307
[23845.712s] step         step=278350 epoch=39 lr=9.52e-06 g_loss=5.34151 d_loss=0.19094 cycle_loss=0.27588 identity_loss=0.28163 grad_norm=36.11142
[23849.648s] step         step=278400 epoch=39 lr=9.52e-06 g_loss=2.41805 d_loss=0.24719 cycle_loss=0.11069 identity_loss=0.06834 grad_norm=24.34853
[23853.632s] step         step=278450 epoch=39 lr=9.52e-06 g_loss=2.42692 d_loss=0.3057 cycle_loss=0.09643 identity_loss=0.0669 grad_norm=15.26223
[23857.565s] step         step=278500 epoch=39 lr=9.52e-06 g_loss=2.96853 d_loss=0.30844 cycle_loss=0.13947 identity_loss=0.10402 grad_norm=19.72341
[23861.526s] step         step=278550 epoch=39 lr=9.52e-06 g_loss=2.86394 d_loss=0.25421 cycle_loss=0.13604 identity_loss=0.06722 grad_norm=23.98825
[23865.485s] step         step=278600 epoch=39 lr=9.52e-06 g_loss=2.41465 d_loss=0.25567 cycle_loss=0.08845 identity_loss=0.05199 grad_norm=15.53542
[23869.401s] step         step=278650 epoch=39 lr=9.52e-06 g_loss=3.5468 d_loss=0.18679 cycle_loss=0.15348 identity_loss=0.10072 grad_norm=38.54205
[23873.530s] step         step=278700 epoch=39 lr=9.52e-06 g_loss=2.72918 d_loss=0.20493 cycle_loss=0.12982 identity_loss=0.09003 grad_norm=30.08262
[23877.439s] step         step=278750 epoch=39 lr=9.52e-06 g_loss=3.36843 d_loss=0.23231 cycle_loss=0.15754 identity_loss=0.12603 grad_norm=17.21726
[23881.366s] step         step=278800 epoch=39 lr=9.52e-06 g_loss=3.30824 d_loss=0.1579 cycle_loss=0.16612 identity_loss=0.14002 grad_norm=36.83336
[23885.332s] step         step=278850 epoch=39 lr=9.52e-06 g_loss=2.817 d_loss=0.41159 cycle_loss=0.14078 identity_loss=0.08833 grad_norm=34.74973
[23889.235s] step         step=278900 epoch=39 lr=9.52e-06 g_loss=3.28486 d_loss=0.16968 cycle_loss=0.13829 identity_loss=0.09308 grad_norm=29.11924
[23893.157s] step         step=278950 epoch=39 lr=9.52e-06 g_loss=2.77581 d_loss=0.19765 cycle_loss=0.11278 identity_loss=0.08364 grad_norm=23.27983
[23897.211s] step         step=279000 epoch=39 lr=9.52e-06 g_loss=2.56159 d_loss=0.22499 cycle_loss=0.11839 identity_loss=0.08293 grad_norm=12.09341
[23901.222s] step         step=279050 epoch=39 lr=9.52e-06 g_loss=2.84809 d_loss=0.2345 cycle_loss=0.14948 identity_loss=0.09491 grad_norm=20.05425
[23905.158s] step         step=279100 epoch=39 lr=9.52e-06 g_loss=2.77113 d_loss=0.22955 cycle_loss=0.12791 identity_loss=0.08739 grad_norm=14.87967
[23909.033s] step         step=279150 epoch=39 lr=9.52e-06 g_loss=3.22433 d_loss=0.13612 cycle_loss=0.13648 identity_loss=0.09475 grad_norm=14.11611
[23912.907s] step         step=279200 epoch=39 lr=9.52e-06 g_loss=2.56966 d_loss=0.2517 cycle_loss=0.11087 identity_loss=0.07117 grad_norm=14.93271
[23916.796s] step         step=279250 epoch=39 lr=9.52e-06 g_loss=3.04537 d_loss=0.19476 cycle_loss=0.14791 identity_loss=0.11681 grad_norm=17.53998
[23920.694s] step         step=279300 epoch=39 lr=9.52e-06 g_loss=2.69536 d_loss=0.29347 cycle_loss=0.12618 identity_loss=0.09501 grad_norm=20.2872
[23924.725s] step         step=279350 epoch=39 lr=9.52e-06 g_loss=2.64802 d_loss=0.18945 cycle_loss=0.13207 identity_loss=0.07425 grad_norm=12.20252
[23928.617s] step         step=279400 epoch=39 lr=9.52e-06 g_loss=2.8444 d_loss=0.35773 cycle_loss=0.15004 identity_loss=0.08613 grad_norm=18.33217
[23932.549s] step         step=279450 epoch=39 lr=9.52e-06 g_loss=3.45558 d_loss=0.26027 cycle_loss=0.15649 identity_loss=0.11413 grad_norm=13.31503
[23936.453s] step         step=279500 epoch=39 lr=9.52e-06 g_loss=2.475 d_loss=0.30547 cycle_loss=0.11219 identity_loss=0.0752 grad_norm=17.73042
[23940.433s] step         step=279550 epoch=39 lr=9.52e-06 g_loss=3.23755 d_loss=0.15202 cycle_loss=0.14788 identity_loss=0.11749 grad_norm=17.10947
[23944.340s] step         step=279600 epoch=39 lr=9.52e-06 g_loss=3.43292 d_loss=0.15831 cycle_loss=0.11038 identity_loss=0.08923 grad_norm=26.88201
[23948.241s] step         step=279650 epoch=39 lr=9.52e-06 g_loss=2.24684 d_loss=0.16018 cycle_loss=0.10333 identity_loss=0.0726 grad_norm=15.23851
[23952.281s] step         step=279700 epoch=39 lr=9.52e-06 g_loss=2.61 d_loss=0.21107 cycle_loss=0.13345 identity_loss=0.08117 grad_norm=20.92028
[23956.197s] step         step=279750 epoch=39 lr=9.52e-06 g_loss=2.59029 d_loss=0.255 cycle_loss=0.112 identity_loss=0.0704 grad_norm=13.63254
[23960.113s] step         step=279800 epoch=39 lr=9.52e-06 g_loss=3.26521 d_loss=0.24918 cycle_loss=0.15359 identity_loss=0.1135 grad_norm=22.08986
[23964.002s] step         step=279850 epoch=39 lr=9.52e-06 g_loss=2.25092 d_loss=0.37814 cycle_loss=0.09681 identity_loss=0.07901 grad_norm=14.67099
[23967.894s] step         step=279900 epoch=39 lr=9.52e-06 g_loss=2.80228 d_loss=0.17581 cycle_loss=0.10366 identity_loss=0.07748 grad_norm=14.75974
[23971.880s] step         step=279950 epoch=39 lr=9.52e-06 g_loss=2.72851 d_loss=0.20825 cycle_loss=0.12422 identity_loss=0.07517 grad_norm=22.53041
[23975.784s] step         step=280000 epoch=39 lr=9.52e-06 g_loss=3.0687 d_loss=0.30103 cycle_loss=0.12529 identity_loss=0.08814 grad_norm=21.73938
[23979.729s] step         step=280050 epoch=39 lr=9.52e-06 g_loss=2.65304 d_loss=0.34273 cycle_loss=0.11617 identity_loss=0.07159 grad_norm=17.96202
[23983.619s] step         step=280100 epoch=39 lr=9.52e-06 g_loss=2.84653 d_loss=0.28555 cycle_loss=0.11104 identity_loss=0.11111 grad_norm=26.64477
[23987.527s] step         step=280150 epoch=39 lr=9.52e-06 g_loss=2.69689 d_loss=0.29481 cycle_loss=0.10913 identity_loss=0.07374 grad_norm=19.39737
[23991.445s] step         step=280200 epoch=39 lr=9.52e-06 g_loss=3.09955 d_loss=0.22271 cycle_loss=0.14985 identity_loss=0.10406 grad_norm=25.10219
[23995.454s] step         step=280250 epoch=39 lr=9.52e-06 g_loss=2.81733 d_loss=0.19268 cycle_loss=0.1119 identity_loss=0.0778 grad_norm=18.69923
[23999.359s] step         step=280300 epoch=39 lr=9.52e-06 g_loss=3.98562 d_loss=0.39858 cycle_loss=0.21168 identity_loss=0.14628 grad_norm=16.07406
[24003.265s] step         step=280350 epoch=39 lr=9.52e-06 g_loss=3.65828 d_loss=0.26108 cycle_loss=0.15485 identity_loss=0.10472 grad_norm=14.93083
[24007.185s] step         step=280400 epoch=39 lr=9.52e-06 g_loss=3.15735 d_loss=0.14096 cycle_loss=0.1269 identity_loss=0.08852 grad_norm=27.06635
[24011.104s] step         step=280450 epoch=39 lr=9.52e-06 g_loss=3.05356 d_loss=0.21084 cycle_loss=0.15034 identity_loss=0.10289 grad_norm=24.35826
[24014.997s] step         step=280500 epoch=39 lr=9.52e-06 g_loss=2.54784 d_loss=0.1868 cycle_loss=0.11609 identity_loss=0.07739 grad_norm=19.11574
[24018.979s] step         step=280550 epoch=39 lr=9.52e-06 g_loss=2.54768 d_loss=0.34092 cycle_loss=0.11466 identity_loss=0.08221 grad_norm=13.87171
[24022.869s] step         step=280600 epoch=39 lr=9.52e-06 g_loss=2.85436 d_loss=0.13413 cycle_loss=0.11639 identity_loss=0.09613 grad_norm=22.0804
[24026.768s] step         step=280650 epoch=39 lr=9.52e-06 g_loss=3.27928 d_loss=0.12114 cycle_loss=0.14325 identity_loss=0.06405 grad_norm=36.06012
[24030.739s] step         step=280700 epoch=39 lr=9.52e-06 g_loss=2.74113 d_loss=0.21947 cycle_loss=0.11057 identity_loss=0.07297 grad_norm=16.92363
[24034.670s] step         step=280750 epoch=39 lr=9.52e-06 g_loss=2.79981 d_loss=0.141 cycle_loss=0.1292 identity_loss=0.08826 grad_norm=30.59711
[24038.610s] step         step=280800 epoch=39 lr=9.52e-06 g_loss=2.7253 d_loss=0.3286 cycle_loss=0.13333 identity_loss=0.08683 grad_norm=23.75652
[24042.595s] step         step=280850 epoch=39 lr=9.52e-06 g_loss=3.71545 d_loss=0.24043 cycle_loss=0.17994 identity_loss=0.11437 grad_norm=28.71478
[24047.049s] step         step=280900 epoch=39 lr=9.52e-06 g_loss=3.09161 d_loss=0.18226 cycle_loss=0.13049 identity_loss=0.09671 grad_norm=23.59034
[24050.949s] step         step=280950 epoch=39 lr=9.52e-06 g_loss=3.15269 d_loss=0.28684 cycle_loss=0.13369 identity_loss=0.08699 grad_norm=22.76121
[24054.869s] step         step=281000 epoch=39 lr=9.52e-06 g_loss=2.87604 d_loss=0.23253 cycle_loss=0.12825 identity_loss=0.07628 grad_norm=14.14374
[24058.828s] step         step=281050 epoch=39 lr=9.52e-06 g_loss=2.88923 d_loss=0.22605 cycle_loss=0.09621 identity_loss=0.07837 grad_norm=21.54801
[24062.737s] step         step=281100 epoch=39 lr=9.52e-06 g_loss=2.95175 d_loss=0.24009 cycle_loss=0.13248 identity_loss=0.09756 grad_norm=26.78743
[24066.639s] step         step=281150 epoch=39 lr=9.52e-06 g_loss=3.32684 d_loss=0.19665 cycle_loss=0.1349 identity_loss=0.10039 grad_norm=18.53379
[24070.571s] step         step=281200 epoch=39 lr=9.52e-06 g_loss=3.224 d_loss=0.44857 cycle_loss=0.13912 identity_loss=0.11006 grad_norm=18.47881
[24074.471s] step         step=281250 epoch=39 lr=9.52e-06 g_loss=2.8245 d_loss=0.14566 cycle_loss=0.10731 identity_loss=0.06804 grad_norm=23.46835
[24078.381s] step         step=281300 epoch=39 lr=9.52e-06 g_loss=3.24859 d_loss=0.21359 cycle_loss=0.12225 identity_loss=0.08157 grad_norm=30.10589
[24082.297s] step         step=281350 epoch=39 lr=9.52e-06 g_loss=2.79157 d_loss=0.18223 cycle_loss=0.12697 identity_loss=0.08967 grad_norm=25.62614
[24086.192s] step         step=281400 epoch=39 lr=9.52e-06 g_loss=2.77244 d_loss=0.34863 cycle_loss=0.12175 identity_loss=0.1683 grad_norm=31.70338
[24090.476s] step         step=281450 epoch=39 lr=9.52e-06 g_loss=3.24287 d_loss=0.22404 cycle_loss=0.15285 identity_loss=0.09863 grad_norm=22.12404
[24094.508s] step         step=281500 epoch=39 lr=9.52e-06 g_loss=2.7461 d_loss=0.25576 cycle_loss=0.11932 identity_loss=0.09439 grad_norm=18.31974
[24096.128s] epoch        epoch=39 step=281520 seconds=24082.1
[24096.625s] checkpoint   epoch=40 step=281520
[24096.718s] train_summary param_count=28285832 train_seconds=24082.61 images_per_sec=11.69 peak_memory_gb=12.7792 steps=281520 checkpoint=t3_baseline_20260929-235720_final.pt
[24096.718s] run_end      status=ok wall_seconds=24096.718
