Run: t3_shreya_unet_128_20261002_023102
Config: /content/drive/MyDrive/DATA266_Lab1/task3_gan/shreya_akotiya/config.yaml
Device: cuda
Image size: 256
Epochs: 80

Starting training: 80 epochs, 7038 batches/epoch
============================================================
Epoch 1/80 | Step 50 | G: 6.7960 | D_A: 0.2890 | D_B: 0.2496 | Cycle: 4.3323
Epoch 1/80 | Step 100 | G: 6.9182 | D_A: 0.2322 | D_B: 0.3040 | Cycle: 4.4824
Epoch 1/80 | Step 150 | G: 4.5547 | D_A: 0.2721 | D_B: 0.2333 | Cycle: 2.8787
Epoch 1/80 | Step 200 | G: 4.9973 | D_A: 0.2506 | D_B: 0.2708 | Cycle: 3.0488
Epoch 1/80 | Step 250 | G: 4.4429 | D_A: 0.2608 | D_B: 0.2860 | Cycle: 2.6400
Epoch 1/80 | Step 300 | G: 3.9816 | D_A: 0.2134 | D_B: 0.2246 | Cycle: 2.2282
Epoch 1/80 | Step 350 | G: 3.3046 | D_A: 0.1343 | D_B: 0.2106 | Cycle: 1.7120
Epoch 1/80 | Step 400 | G: 4.3255 | D_A: 0.2121 | D_B: 0.2529 | Cycle: 2.5347
Epoch 1/80 | Step 450 | G: 3.2034 | D_A: 0.1703 | D_B: 0.1005 | Cycle: 1.7016
Epoch 1/80 | Step 500 | G: 3.2038 | D_A: 0.1341 | D_B: 0.1820 | Cycle: 1.7124
Epoch 1/80 | Step 550 | G: 2.8466 | D_A: 0.1560 | D_B: 0.0865 | Cycle: 1.4261
Epoch 1/80 | Step 600 | G: 3.7225 | D_A: 0.3345 | D_B: 0.3060 | Cycle: 2.2662
Epoch 1/80 | Step 650 | G: 3.1971 | D_A: 0.2429 | D_B: 0.2677 | Cycle: 1.7774
Epoch 1/80 | Step 700 | G: 3.9000 | D_A: 0.1812 | D_B: 0.1688 | Cycle: 1.8185
Epoch 1/80 | Step 750 | G: 3.6189 | D_A: 0.3538 | D_B: 0.2724 | Cycle: 2.1392
Epoch 1/80 | Step 800 | G: 3.9887 | D_A: 0.3061 | D_B: 0.3876 | Cycle: 2.5554
Epoch 1/80 | Step 850 | G: 2.8237 | D_A: 0.2268 | D_B: 0.3095 | Cycle: 1.6332
Epoch 1/80 | Step 900 | G: 2.9610 | D_A: 0.2015 | D_B: 0.3227 | Cycle: 1.7463
Epoch 1/80 | Step 950 | G: 3.0338 | D_A: 0.1272 | D_B: 0.1559 | Cycle: 1.2476
Epoch 1/80 | Step 1000 | G: 3.1048 | D_A: 0.1229 | D_B: 0.2061 | Cycle: 1.6376
Epoch 1/80 | Step 1050 | G: 3.2092 | D_A: 0.2715 | D_B: 0.4043 | Cycle: 1.6256
Epoch 1/80 | Step 1100 | G: 2.4927 | D_A: 0.2696 | D_B: 0.2345 | Cycle: 1.3114
Epoch 1/80 | Step 1150 | G: 2.3504 | D_A: 0.2274 | D_B: 0.2155 | Cycle: 1.2277
Epoch 1/80 | Step 1200 | G: 3.6560 | D_A: 0.1046 | D_B: 0.1363 | Cycle: 1.6099
Epoch 1/80 | Step 1250 | G: 3.2566 | D_A: 0.1834 | D_B: 0.2001 | Cycle: 1.7349
Epoch 1/80 | Step 1300 | G: 3.0971 | D_A: 0.1647 | D_B: 0.1470 | Cycle: 1.6093
Epoch 1/80 | Step 1350 | G: 3.3927 | D_A: 0.2632 | D_B: 0.1622 | Cycle: 1.9741
Epoch 1/80 | Step 1400 | G: 2.9071 | D_A: 0.1638 | D_B: 0.1032 | Cycle: 1.4398
Epoch 1/80 | Step 1450 | G: 1.9719 | D_A: 0.4574 | D_B: 0.4776 | Cycle: 1.1963
Epoch 1/80 | Step 1500 | G: 2.2513 | D_A: 0.2979 | D_B: 0.2478 | Cycle: 1.2589
Epoch 1/80 | Step 1550 | G: 2.1620 | D_A: 0.1113 | D_B: 0.1801 | Cycle: 1.1326
Epoch 1/80 | Step 1600 | G: 3.0684 | D_A: 0.1865 | D_B: 0.2678 | Cycle: 1.4904
Epoch 1/80 | Step 1650 | G: 2.1306 | D_A: 0.2848 | D_B: 0.2994 | Cycle: 1.2445
Epoch 1/80 | Step 1700 | G: 2.3726 | D_A: 0.1325 | D_B: 0.1711 | Cycle: 0.9308
Epoch 1/80 | Step 1750 | G: 2.2927 | D_A: 0.1524 | D_B: 0.1782 | Cycle: 0.9896
Epoch 1/80 | Step 1800 | G: 2.9139 | D_A: 0.3071 | D_B: 0.1589 | Cycle: 1.2626
Epoch 1/80 | Step 1850 | G: 2.9515 | D_A: 0.2074 | D_B: 0.1707 | Cycle: 1.4605
Epoch 1/80 | Step 1900 | G: 2.3491 | D_A: 0.2321 | D_B: 0.2092 | Cycle: 1.2473
Epoch 1/80 | Step 1950 | G: 2.3628 | D_A: 0.2975 | D_B: 0.2698 | Cycle: 1.1168
Epoch 1/80 | Step 2000 | G: 3.3768 | D_A: 0.0864 | D_B: 0.0702 | Cycle: 1.4730
Epoch 1/80 | Step 2050 | G: 2.6112 | D_A: 0.2066 | D_B: 0.3377 | Cycle: 1.2882
Epoch 1/80 | Step 2100 | G: 2.1031 | D_A: 0.1883 | D_B: 0.1943 | Cycle: 1.0182
Epoch 1/80 | Step 2150 | G: 2.9810 | D_A: 0.1913 | D_B: 0.1476 | Cycle: 1.4493
Epoch 1/80 | Step 2200 | G: 1.9924 | D_A: 0.4435 | D_B: 0.3908 | Cycle: 1.1794
Epoch 1/80 | Step 2250 | G: 2.1255 | D_A: 0.2163 | D_B: 0.1743 | Cycle: 1.0520
Epoch 1/80 | Step 2300 | G: 2.4171 | D_A: 0.2852 | D_B: 0.1905 | Cycle: 0.8222
Epoch 1/80 | Step 2350 | G: 2.2450 | D_A: 0.1714 | D_B: 0.2347 | Cycle: 1.1256
Epoch 1/80 | Step 2400 | G: 1.9420 | D_A: 0.3095 | D_B: 0.2236 | Cycle: 0.9194
Epoch 1/80 | Step 2450 | G: 2.5849 | D_A: 0.1307 | D_B: 0.1773 | Cycle: 0.8854
Epoch 1/80 | Step 2500 | G: 2.0497 | D_A: 0.3419 | D_B: 0.3292 | Cycle: 1.0965
Epoch 1/80 | Step 2550 | G: 2.1837 | D_A: 0.4564 | D_B: 0.1601 | Cycle: 1.0806
Epoch 1/80 | Step 2600 | G: 1.9126 | D_A: 0.2937 | D_B: 0.3590 | Cycle: 0.9740
Epoch 1/80 | Step 2650 | G: 3.4152 | D_A: 0.0496 | D_B: 0.1843 | Cycle: 1.4664
Epoch 1/80 | Step 2700 | G: 3.5090 | D_A: 0.0541 | D_B: 0.0471 | Cycle: 1.5268
Epoch 1/80 | Step 2750 | G: 2.1130 | D_A: 0.2613 | D_B: 0.2080 | Cycle: 1.0536
Epoch 1/80 | Step 2800 | G: 2.4703 | D_A: 0.4169 | D_B: 0.2326 | Cycle: 1.2596
Epoch 1/80 | Step 2850 | G: 2.7121 | D_A: 0.1551 | D_B: 0.0397 | Cycle: 1.1418
Epoch 1/80 | Step 2900 | G: 2.3198 | D_A: 0.1833 | D_B: 0.1741 | Cycle: 1.0991
Epoch 1/80 | Step 2950 | G: 2.8470 | D_A: 0.1457 | D_B: 0.1240 | Cycle: 1.3431
Epoch 1/80 | Step 3000 | G: 2.7156 | D_A: 0.1483 | D_B: 0.2108 | Cycle: 1.1527
Epoch 1/80 | Step 3050 | G: 2.0991 | D_A: 0.1609 | D_B: 0.1978 | Cycle: 1.0761
Epoch 1/80 | Step 3100 | G: 2.7022 | D_A: 0.2129 | D_B: 0.2443 | Cycle: 1.4737
Epoch 1/80 | Step 3150 | G: 3.0165 | D_A: 0.2195 | D_B: 0.2037 | Cycle: 1.6657
Epoch 1/80 | Step 3200 | G: 2.7086 | D_A: 0.3558 | D_B: 0.4093 | Cycle: 1.3569
Epoch 1/80 | Step 3250 | G: 2.3778 | D_A: 0.2073 | D_B: 0.1728 | Cycle: 0.9461
Epoch 1/80 | Step 3300 | G: 2.2761 | D_A: 0.1878 | D_B: 0.1477 | Cycle: 1.1164
Epoch 1/80 | Step 3350 | G: 2.5007 | D_A: 0.3174 | D_B: 0.1644 | Cycle: 1.3549
Epoch 1/80 | Step 3400 | G: 2.1012 | D_A: 0.3096 | D_B: 0.1225 | Cycle: 0.8688
Epoch 1/80 | Step 3450 | G: 2.1388 | D_A: 0.1595 | D_B: 0.1279 | Cycle: 0.9106
Epoch 1/80 | Step 3500 | G: 2.7636 | D_A: 0.1895 | D_B: 0.3034 | Cycle: 1.4242
Epoch 1/80 | Step 3550 | G: 4.5396 | D_A: 0.0669 | D_B: 0.1289 | Cycle: 2.3080
Epoch 1/80 | Step 3600 | G: 2.8686 | D_A: 0.2046 | D_B: 0.1509 | Cycle: 1.4577
Epoch 1/80 | Step 3650 | G: 1.7334 | D_A: 0.3164 | D_B: 0.2102 | Cycle: 0.7960
Epoch 1/80 | Step 3700 | G: 2.1572 | D_A: 0.3435 | D_B: 0.3989 | Cycle: 1.1339
Epoch 1/80 | Step 3750 | G: 2.8933 | D_A: 0.2022 | D_B: 0.4114 | Cycle: 1.6342
Epoch 1/80 | Step 3800 | G: 2.1565 | D_A: 0.2159 | D_B: 0.4492 | Cycle: 1.1295
Epoch 1/80 | Step 3850 | G: 2.0995 | D_A: 0.1049 | D_B: 0.2752 | Cycle: 0.8060
Epoch 1/80 | Step 3900 | G: 2.3944 | D_A: 0.2424 | D_B: 0.3909 | Cycle: 1.2121
Epoch 1/80 | Step 3950 | G: 3.0685 | D_A: 0.3581 | D_B: 0.1486 | Cycle: 1.4028
Epoch 1/80 | Step 4000 | G: 2.4795 | D_A: 0.1111 | D_B: 0.1252 | Cycle: 1.0716
Epoch 1/80 | Step 4050 | G: 2.2126 | D_A: 0.2870 | D_B: 0.4812 | Cycle: 1.2833
Epoch 1/80 | Step 4100 | G: 1.9489 | D_A: 0.2358 | D_B: 0.1451 | Cycle: 1.1932
Epoch 1/80 | Step 4150 | G: 2.1206 | D_A: 0.1317 | D_B: 0.2372 | Cycle: 0.9463
Epoch 1/80 | Step 4200 | G: 2.7386 | D_A: 0.3305 | D_B: 0.0919 | Cycle: 0.9037
Epoch 1/80 | Step 4250 | G: 2.0893 | D_A: 0.2700 | D_B: 0.2783 | Cycle: 0.9612
Epoch 1/80 | Step 4300 | G: 1.8136 | D_A: 0.2135 | D_B: 0.2155 | Cycle: 0.7655
Epoch 1/80 | Step 4350 | G: 2.2531 | D_A: 0.1249 | D_B: 0.0671 | Cycle: 0.8416
Epoch 1/80 | Step 4400 | G: 2.1362 | D_A: 0.1787 | D_B: 0.1239 | Cycle: 0.9456
Epoch 1/80 | Step 4450 | G: 2.5525 | D_A: 0.1520 | D_B: 0.2218 | Cycle: 1.0052
Epoch 1/80 | Step 4500 | G: 1.6701 | D_A: 0.4160 | D_B: 0.2872 | Cycle: 0.8335
Epoch 1/80 | Step 4550 | G: 2.8623 | D_A: 0.2410 | D_B: 0.2202 | Cycle: 1.2829
Epoch 1/80 | Step 4600 | G: 2.1915 | D_A: 0.0788 | D_B: 0.1880 | Cycle: 1.1133
Epoch 1/80 | Step 4650 | G: 1.9009 | D_A: 0.2389 | D_B: 0.4734 | Cycle: 0.9447
Epoch 1/80 | Step 4700 | G: 2.2301 | D_A: 0.1757 | D_B: 0.2704 | Cycle: 0.9098
Epoch 1/80 | Step 4750 | G: 3.2756 | D_A: 0.2913 | D_B: 0.3185 | Cycle: 1.8665
Epoch 1/80 | Step 4800 | G: 3.1001 | D_A: 0.1122 | D_B: 0.1602 | Cycle: 1.1992
Epoch 1/80 | Step 4850 | G: 2.8494 | D_A: 0.3189 | D_B: 0.2765 | Cycle: 1.5476
Epoch 1/80 | Step 4900 | G: 1.7010 | D_A: 0.2638 | D_B: 0.2814 | Cycle: 0.9343
Epoch 1/80 | Step 4950 | G: 2.2449 | D_A: 0.2947 | D_B: 0.2966 | Cycle: 1.2183
Epoch 1/80 | Step 5000 | G: 1.9168 | D_A: 0.3021 | D_B: 0.2599 | Cycle: 0.7973
Epoch 1/80 | Step 5050 | G: 2.5809 | D_A: 0.1984 | D_B: 0.1500 | Cycle: 1.2834
Epoch 1/80 | Step 5100 | G: 2.4954 | D_A: 0.4305 | D_B: 0.1819 | Cycle: 0.9835
Epoch 1/80 | Step 5150 | G: 2.6879 | D_A: 0.1364 | D_B: 0.0850 | Cycle: 0.8443
Epoch 1/80 | Step 5200 | G: 2.4407 | D_A: 0.1641 | D_B: 0.1560 | Cycle: 1.1556
Epoch 1/80 | Step 5250 | G: 2.4627 | D_A: 0.1542 | D_B: 0.1819 | Cycle: 1.1287
Epoch 1/80 | Step 5300 | G: 2.3362 | D_A: 0.2191 | D_B: 0.1887 | Cycle: 1.0083
Epoch 1/80 | Step 5350 | G: 2.1323 | D_A: 0.0879 | D_B: 0.2168 | Cycle: 1.0404
Epoch 1/80 | Step 5400 | G: 1.7605 | D_A: 0.2395 | D_B: 0.1993 | Cycle: 0.8140
Epoch 1/80 | Step 5450 | G: 1.7210 | D_A: 0.4591 | D_B: 0.4162 | Cycle: 0.8252
Epoch 1/80 | Step 5500 | G: 2.0429 | D_A: 0.0924 | D_B: 0.0835 | Cycle: 0.7508
Epoch 1/80 | Step 5550 | G: 2.4448 | D_A: 0.1827 | D_B: 0.2129 | Cycle: 1.0774
Epoch 1/80 | Step 5600 | G: 2.4987 | D_A: 0.2081 | D_B: 0.1930 | Cycle: 1.3337
Epoch 1/80 | Step 5650 | G: 2.8511 | D_A: 0.0896 | D_B: 0.0903 | Cycle: 1.2579
Epoch 1/80 | Step 5700 | G: 1.9074 | D_A: 0.2396 | D_B: 0.1753 | Cycle: 1.0527
Epoch 1/80 | Step 5750 | G: 2.6339 | D_A: 0.2033 | D_B: 0.1199 | Cycle: 1.1281
Epoch 1/80 | Step 5800 | G: 2.2867 | D_A: 0.1109 | D_B: 0.1273 | Cycle: 0.9690
Epoch 1/80 | Step 5850 | G: 1.8802 | D_A: 0.4250 | D_B: 0.4681 | Cycle: 0.9429
Epoch 1/80 | Step 5900 | G: 2.9494 | D_A: 0.0797 | D_B: 0.0519 | Cycle: 1.1649
Epoch 1/80 | Step 5950 | G: 2.6404 | D_A: 0.0662 | D_B: 0.0527 | Cycle: 0.8784
Epoch 1/80 | Step 6000 | G: 2.7579 | D_A: 0.2233 | D_B: 0.0532 | Cycle: 1.1521
Epoch 1/80 | Step 6050 | G: 2.0180 | D_A: 0.2059 | D_B: 0.1842 | Cycle: 0.8032
Epoch 1/80 | Step 6100 | G: 2.6848 | D_A: 0.0933 | D_B: 0.1074 | Cycle: 1.1659
Epoch 1/80 | Step 6150 | G: 2.9441 | D_A: 0.2616 | D_B: 0.1811 | Cycle: 1.3331
Epoch 1/80 | Step 6200 | G: 2.6343 | D_A: 0.0807 | D_B: 0.4416 | Cycle: 1.0768
Epoch 1/80 | Step 6250 | G: 2.5115 | D_A: 0.1680 | D_B: 0.2231 | Cycle: 1.1554
Epoch 1/80 | Step 6300 | G: 2.4910 | D_A: 0.1327 | D_B: 0.1174 | Cycle: 1.2453
Epoch 1/80 | Step 6350 | G: 2.2906 | D_A: 0.0965 | D_B: 0.1562 | Cycle: 1.0601
Epoch 1/80 | Step 6400 | G: 2.5112 | D_A: 0.0769 | D_B: 0.0943 | Cycle: 1.0401
Epoch 1/80 | Step 6450 | G: 1.5808 | D_A: 0.3818 | D_B: 0.4188 | Cycle: 0.9214
Epoch 1/80 | Step 6500 | G: 1.6866 | D_A: 0.5388 | D_B: 0.1382 | Cycle: 0.5609
Epoch 1/80 | Step 6550 | G: 2.2075 | D_A: 0.1728 | D_B: 0.2172 | Cycle: 0.9813
Epoch 1/80 | Step 6600 | G: 3.3532 | D_A: 0.0974 | D_B: 0.0962 | Cycle: 1.3969
Epoch 1/80 | Step 6650 | G: 2.1749 | D_A: 0.2683 | D_B: 0.2322 | Cycle: 0.8696
Epoch 1/80 | Step 6700 | G: 1.9352 | D_A: 0.2151 | D_B: 0.2162 | Cycle: 0.9584
Epoch 1/80 | Step 6750 | G: 1.8731 | D_A: 0.3647 | D_B: 0.0910 | Cycle: 0.9307
Epoch 1/80 | Step 6800 | G: 2.1123 | D_A: 0.2505 | D_B: 0.1156 | Cycle: 1.0306
Epoch 1/80 | Step 6850 | G: 2.4419 | D_A: 0.0332 | D_B: 0.1294 | Cycle: 0.9359
Epoch 1/80 | Step 6900 | G: 2.7512 | D_A: 0.0996 | D_B: 0.0219 | Cycle: 1.3392
Epoch 1/80 | Step 6950 | G: 1.6139 | D_A: 0.2231 | D_B: 0.4032 | Cycle: 0.8454
Epoch 1/80 | Step 7000 | G: 2.3493 | D_A: 0.5553 | D_B: 0.2898 | Cycle: 1.0349
Epoch 1/80 complete | Time: 800s | Avg G: 2.7551 | Avg D: 0.2267
Epoch 2/80 | Step 7050 | G: 2.5290 | D_A: 0.1998 | D_B: 0.2865 | Cycle: 1.0153
Epoch 2/80 | Step 7100 | G: 2.4406 | D_A: 0.1863 | D_B: 0.1018 | Cycle: 1.1014
Epoch 2/80 | Step 7150 | G: 2.5662 | D_A: 0.1674 | D_B: 0.1682 | Cycle: 1.2466
Epoch 2/80 | Step 7200 | G: 2.0443 | D_A: 0.5128 | D_B: 0.5829 | Cycle: 1.2797
Epoch 2/80 | Step 7250 | G: 1.8869 | D_A: 0.3195 | D_B: 0.2055 | Cycle: 0.8585
Epoch 2/80 | Step 7300 | G: 2.1426 | D_A: 0.3636 | D_B: 0.2199 | Cycle: 1.2017
Epoch 2/80 | Step 7350 | G: 2.4257 | D_A: 0.1893 | D_B: 0.2475 | Cycle: 0.9999
Epoch 2/80 | Step 7400 | G: 2.0837 | D_A: 0.2608 | D_B: 0.2779 | Cycle: 0.9342
Epoch 2/80 | Step 7450 | G: 2.1856 | D_A: 0.1576 | D_B: 0.1862 | Cycle: 1.0328
Epoch 2/80 | Step 7500 | G: 2.0217 | D_A: 0.1886 | D_B: 0.2781 | Cycle: 0.9574
Epoch 2/80 | Step 7550 | G: 2.7187 | D_A: 0.3717 | D_B: 0.2110 | Cycle: 1.4846
Epoch 2/80 | Step 7600 | G: 2.1289 | D_A: 0.0541 | D_B: 0.1691 | Cycle: 0.9911
Epoch 2/80 | Step 7650 | G: 1.7205 | D_A: 0.5674 | D_B: 0.5438 | Cycle: 0.8961
Epoch 2/80 | Step 7700 | G: 2.9909 | D_A: 0.0873 | D_B: 0.1429 | Cycle: 1.3744
Epoch 2/80 | Step 7750 | G: 2.5583 | D_A: 0.1469 | D_B: 0.1634 | Cycle: 1.0884
Epoch 2/80 | Step 7800 | G: 2.0878 | D_A: 0.2377 | D_B: 0.1607 | Cycle: 0.9127
Epoch 2/80 | Step 7850 | G: 2.1262 | D_A: 0.1579 | D_B: 0.2384 | Cycle: 1.0937
Epoch 2/80 | Step 7900 | G: 1.8433 | D_A: 0.3886 | D_B: 0.3055 | Cycle: 0.8569
Epoch 2/80 | Step 7950 | G: 2.4853 | D_A: 0.1907 | D_B: 0.1606 | Cycle: 1.1708
Epoch 2/80 | Step 8000 | G: 2.8857 | D_A: 0.2095 | D_B: 0.2035 | Cycle: 1.3882
Epoch 2/80 | Step 8050 | G: 1.8330 | D_A: 0.2649 | D_B: 0.3112 | Cycle: 0.9348
Epoch 2/80 | Step 8100 | G: 1.7693 | D_A: 0.3231 | D_B: 0.3336 | Cycle: 0.9272
Epoch 2/80 | Step 8150 | G: 2.6557 | D_A: 0.2510 | D_B: 0.2385 | Cycle: 1.1927
Epoch 2/80 | Step 8200 | G: 1.9561 | D_A: 0.2807 | D_B: 0.5703 | Cycle: 1.3055
Epoch 2/80 | Step 8250 | G: 1.8097 | D_A: 0.5561 | D_B: 0.4316 | Cycle: 0.9120
Epoch 2/80 | Step 8300 | G: 2.2266 | D_A: 0.1415 | D_B: 0.2569 | Cycle: 1.1045
Epoch 2/80 | Step 8350 | G: 2.6924 | D_A: 0.2181 | D_B: 0.2478 | Cycle: 1.0441
Epoch 2/80 | Step 8400 | G: 2.2515 | D_A: 0.7232 | D_B: 0.2360 | Cycle: 1.1906
Epoch 2/80 | Step 8450 | G: 2.3847 | D_A: 0.2112 | D_B: 0.0671 | Cycle: 0.7930
Epoch 2/80 | Step 8500 | G: 2.1701 | D_A: 0.2795 | D_B: 0.4065 | Cycle: 1.0508
Epoch 2/80 | Step 8550 | G: 3.3104 | D_A: 0.0700 | D_B: 0.1494 | Cycle: 1.5408
Epoch 2/80 | Step 8600 | G: 1.9521 | D_A: 0.2548 | D_B: 0.3651 | Cycle: 0.8131
Epoch 2/80 | Step 8650 | G: 2.6746 | D_A: 0.1010 | D_B: 0.1395 | Cycle: 1.1190
Epoch 2/80 | Step 8700 | G: 1.7602 | D_A: 0.3756 | D_B: 0.2752 | Cycle: 0.7793
Epoch 2/80 | Step 8750 | G: 2.2843 | D_A: 0.0315 | D_B: 0.1072 | Cycle: 0.8346
Epoch 2/80 | Step 8800 | G: 2.4350 | D_A: 0.5514 | D_B: 0.6492 | Cycle: 1.5664
Epoch 2/80 | Step 8850 | G: 2.4621 | D_A: 0.2653 | D_B: 0.2021 | Cycle: 1.0253
Epoch 2/80 | Step 8900 | G: 1.9840 | D_A: 0.0779 | D_B: 0.1462 | Cycle: 0.9253
Epoch 2/80 | Step 8950 | G: 2.5215 | D_A: 0.2744 | D_B: 0.3935 | Cycle: 1.3689
Epoch 2/80 | Step 9000 | G: 2.1666 | D_A: 0.1397 | D_B: 0.1890 | Cycle: 1.0329
Epoch 2/80 | Step 9050 | G: 1.9410 | D_A: 0.1449 | D_B: 0.1791 | Cycle: 0.8543
Epoch 2/80 | Step 9100 | G: 2.1818 | D_A: 0.3150 | D_B: 0.4510 | Cycle: 1.0120
Epoch 2/80 | Step 9150 | G: 2.2394 | D_A: 0.3183 | D_B: 0.3398 | Cycle: 1.1062
Epoch 2/80 | Step 9200 | G: 2.2110 | D_A: 0.0850 | D_B: 0.1497 | Cycle: 0.8760
Epoch 2/80 | Step 9250 | G: 2.2608 | D_A: 0.0866 | D_B: 0.0908 | Cycle: 0.9348
Epoch 2/80 | Step 9300 | G: 2.3210 | D_A: 0.1309 | D_B: 0.1886 | Cycle: 0.7963
Epoch 2/80 | Step 9350 | G: 2.3298 | D_A: 0.5249 | D_B: 0.1819 | Cycle: 1.1371
Epoch 2/80 | Step 9400 | G: 2.4710 | D_A: 0.0917 | D_B: 0.0822 | Cycle: 0.9181
Epoch 2/80 | Step 9450 | G: 2.9417 | D_A: 0.2747 | D_B: 0.1799 | Cycle: 1.4214
Epoch 2/80 | Step 9500 | G: 2.3864 | D_A: 0.1909 | D_B: 0.2319 | Cycle: 1.0755
Epoch 2/80 | Step 9550 | G: 2.3461 | D_A: 0.3899 | D_B: 0.1641 | Cycle: 1.0707
Epoch 2/80 | Step 9600 | G: 2.1403 | D_A: 0.0721 | D_B: 0.1530 | Cycle: 0.9403
Epoch 2/80 | Step 9650 | G: 2.1566 | D_A: 0.3529 | D_B: 0.1581 | Cycle: 0.8786
Epoch 2/80 | Step 9700 | G: 2.3868 | D_A: 0.1123 | D_B: 0.1291 | Cycle: 1.0865
Epoch 2/80 | Step 9750 | G: 2.7159 | D_A: 0.1359 | D_B: 0.1048 | Cycle: 1.3473
Epoch 2/80 | Step 9800 | G: 2.0560 | D_A: 0.3007 | D_B: 0.1082 | Cycle: 0.9088
Epoch 2/80 | Step 9850 | G: 2.0914 | D_A: 0.2011 | D_B: 0.3444 | Cycle: 0.9436
Epoch 2/80 | Step 9900 | G: 2.0813 | D_A: 0.1271 | D_B: 0.2586 | Cycle: 0.9957
Epoch 2/80 | Step 9950 | G: 2.0214 | D_A: 0.1672 | D_B: 0.1213 | Cycle: 0.6876
Epoch 2/80 | Step 10000 | G: 2.1647 | D_A: 0.1945 | D_B: 0.2959 | Cycle: 0.8481
Epoch 2/80 | Step 10050 | G: 2.3617 | D_A: 0.1873 | D_B: 0.3450 | Cycle: 1.0862
Epoch 2/80 | Step 10100 | G: 1.7988 | D_A: 0.1716 | D_B: 0.2517 | Cycle: 0.7756
Epoch 2/80 | Step 10150 | G: 1.8561 | D_A: 0.2078 | D_B: 0.1660 | Cycle: 0.8701
Epoch 2/80 | Step 10200 | G: 1.9427 | D_A: 0.1392 | D_B: 0.2223 | Cycle: 0.8692
Epoch 2/80 | Step 10250 | G: 2.2649 | D_A: 0.2375 | D_B: 0.2611 | Cycle: 0.8261
Epoch 2/80 | Step 10300 | G: 1.7960 | D_A: 0.1029 | D_B: 0.3580 | Cycle: 0.9820
Epoch 2/80 | Step 10350 | G: 1.8554 | D_A: 0.1630 | D_B: 0.2819 | Cycle: 0.9915
Epoch 2/80 | Step 10400 | G: 2.3076 | D_A: 0.0859 | D_B: 0.1554 | Cycle: 0.8071
Epoch 2/80 | Step 10450 | G: 1.5133 | D_A: 0.2797 | D_B: 0.3416 | Cycle: 0.6844
Epoch 2/80 | Step 10500 | G: 2.4479 | D_A: 0.2540 | D_B: 0.2807 | Cycle: 1.1915
Epoch 2/80 | Step 10550 | G: 1.6704 | D_A: 0.0414 | D_B: 0.3861 | Cycle: 0.6938
Epoch 2/80 | Step 10600 | G: 2.3608 | D_A: 0.2488 | D_B: 0.1952 | Cycle: 0.8755
Epoch 2/80 | Step 10650 | G: 2.7548 | D_A: 0.1315 | D_B: 0.1362 | Cycle: 1.0199
Epoch 2/80 | Step 10700 | G: 2.6203 | D_A: 0.1789 | D_B: 0.1867 | Cycle: 1.2678
Epoch 2/80 | Step 10750 | G: 2.8150 | D_A: 0.3990 | D_B: 0.1675 | Cycle: 0.9147
Epoch 2/80 | Step 10800 | G: 1.5972 | D_A: 0.1135 | D_B: 0.1799 | Cycle: 0.9072
Epoch 2/80 | Step 10850 | G: 2.6223 | D_A: 0.0738 | D_B: 0.0632 | Cycle: 0.9712
Epoch 2/80 | Step 10900 | G: 2.1362 | D_A: 0.2254 | D_B: 0.1465 | Cycle: 0.9402
Epoch 2/80 | Step 10950 | G: 2.5084 | D_A: 0.1380 | D_B: 0.1321 | Cycle: 1.1332
Epoch 2/80 | Step 11000 | G: 2.1287 | D_A: 0.1288 | D_B: 0.1453 | Cycle: 1.1499
Epoch 2/80 | Step 11050 | G: 2.1119 | D_A: 0.1579 | D_B: 0.1526 | Cycle: 0.6606
Epoch 2/80 | Step 11100 | G: 2.1722 | D_A: 0.1858 | D_B: 0.2622 | Cycle: 0.9803
Epoch 2/80 | Step 11150 | G: 2.1423 | D_A: 0.0996 | D_B: 0.3837 | Cycle: 1.2388
Epoch 2/80 | Step 11200 | G: 1.6795 | D_A: 0.3368 | D_B: 0.3772 | Cycle: 0.7192
Epoch 2/80 | Step 11250 | G: 2.1601 | D_A: 0.1141 | D_B: 0.1390 | Cycle: 0.6757
Epoch 2/80 | Step 11300 | G: 2.2784 | D_A: 0.1189 | D_B: 0.1900 | Cycle: 0.9391
Epoch 2/80 | Step 11350 | G: 1.9602 | D_A: 0.3130 | D_B: 0.2369 | Cycle: 0.8678
Epoch 2/80 | Step 11400 | G: 2.4008 | D_A: 0.3397 | D_B: 0.0959 | Cycle: 0.7129
Epoch 2/80 | Step 11450 | G: 2.4369 | D_A: 0.1023 | D_B: 0.1176 | Cycle: 1.0046
Epoch 2/80 | Step 11500 | G: 1.9104 | D_A: 0.1116 | D_B: 0.1143 | Cycle: 0.6767
Epoch 2/80 | Step 11550 | G: 2.0684 | D_A: 0.2549 | D_B: 0.3974 | Cycle: 0.6848
Epoch 2/80 | Step 11600 | G: 2.0237 | D_A: 0.0901 | D_B: 0.1511 | Cycle: 0.9636
Epoch 2/80 | Step 11650 | G: 2.3452 | D_A: 0.1053 | D_B: 0.1800 | Cycle: 1.1297
Epoch 2/80 | Step 11700 | G: 2.4328 | D_A: 0.0495 | D_B: 0.0819 | Cycle: 0.9865
Epoch 2/80 | Step 11750 | G: 2.2759 | D_A: 0.3099 | D_B: 0.3105 | Cycle: 1.0925
Epoch 2/80 | Step 11800 | G: 2.0909 | D_A: 0.2086 | D_B: 0.2084 | Cycle: 1.0348
Epoch 2/80 | Step 11850 | G: 2.3805 | D_A: 0.1837 | D_B: 0.2740 | Cycle: 1.0578
Epoch 2/80 | Step 11900 | G: 2.5804 | D_A: 0.0941 | D_B: 0.1945 | Cycle: 1.1590
Epoch 2/80 | Step 11950 | G: 2.2171 | D_A: 0.1484 | D_B: 0.1961 | Cycle: 0.9430
Epoch 2/80 | Step 12000 | G: 1.9165 | D_A: 0.2793 | D_B: 0.1291 | Cycle: 0.8452
Epoch 2/80 | Step 12050 | G: 2.0121 | D_A: 0.3260 | D_B: 0.1951 | Cycle: 0.8872
Epoch 2/80 | Step 12100 | G: 2.3046 | D_A: 0.0627 | D_B: 0.1164 | Cycle: 0.8993
Epoch 2/80 | Step 12150 | G: 1.9150 | D_A: 0.3044 | D_B: 0.3194 | Cycle: 0.9244
Epoch 2/80 | Step 12200 | G: 2.9340 | D_A: 0.1803 | D_B: 0.1911 | Cycle: 1.1370
Epoch 2/80 | Step 12250 | G: 1.6843 | D_A: 0.1451 | D_B: 0.3053 | Cycle: 0.9170
Epoch 2/80 | Step 12300 | G: 1.9073 | D_A: 0.1764 | D_B: 0.1715 | Cycle: 0.9012
Epoch 2/80 | Step 12350 | G: 3.0085 | D_A: 0.1509 | D_B: 0.1756 | Cycle: 0.9888
Epoch 2/80 | Step 12400 | G: 1.7322 | D_A: 0.0855 | D_B: 0.2440 | Cycle: 0.8360
Epoch 2/80 | Step 12450 | G: 3.0691 | D_A: 0.1707 | D_B: 0.1833 | Cycle: 1.1344
Epoch 2/80 | Step 12500 | G: 2.1264 | D_A: 0.1121 | D_B: 0.1927 | Cycle: 0.9764
Epoch 2/80 | Step 12550 | G: 2.6770 | D_A: 0.1194 | D_B: 0.1637 | Cycle: 1.1642
Epoch 2/80 | Step 12600 | G: 1.9542 | D_A: 0.2941 | D_B: 0.2508 | Cycle: 0.8809
Epoch 2/80 | Step 12650 | G: 1.4363 | D_A: 0.1303 | D_B: 0.1586 | Cycle: 0.6628
Epoch 2/80 | Step 12700 | G: 1.7660 | D_A: 0.1471 | D_B: 0.2190 | Cycle: 0.7031
Epoch 2/80 | Step 12750 | G: 1.6908 | D_A: 0.2198 | D_B: 0.3011 | Cycle: 0.7819
Epoch 2/80 | Step 12800 | G: 2.5387 | D_A: 0.0580 | D_B: 0.1049 | Cycle: 0.8561
Epoch 2/80 | Step 12850 | G: 3.0465 | D_A: 0.1665 | D_B: 0.0447 | Cycle: 1.0130
Epoch 2/80 | Step 12900 | G: 1.9253 | D_A: 0.1722 | D_B: 0.1239 | Cycle: 0.8401
Epoch 2/80 | Step 12950 | G: 2.2720 | D_A: 0.0986 | D_B: 0.1993 | Cycle: 0.8988
Epoch 2/80 | Step 13000 | G: 2.0547 | D_A: 0.0800 | D_B: 0.0721 | Cycle: 0.8222
Epoch 2/80 | Step 13050 | G: 2.6146 | D_A: 0.1166 | D_B: 0.0421 | Cycle: 1.1901
Epoch 2/80 | Step 13100 | G: 2.1190 | D_A: 0.2084 | D_B: 0.0906 | Cycle: 0.9095
Epoch 2/80 | Step 13150 | G: 1.8243 | D_A: 0.1147 | D_B: 0.1891 | Cycle: 0.9709
Epoch 2/80 | Step 13200 | G: 1.9070 | D_A: 0.3939 | D_B: 0.2486 | Cycle: 0.8177
Epoch 2/80 | Step 13250 | G: 1.8300 | D_A: 0.2163 | D_B: 0.2866 | Cycle: 0.7140
Epoch 2/80 | Step 13300 | G: 1.9921 | D_A: 0.1338 | D_B: 0.1173 | Cycle: 0.8591
Epoch 2/80 | Step 13350 | G: 2.6060 | D_A: 0.0710 | D_B: 0.1795 | Cycle: 1.0863
Epoch 2/80 | Step 13400 | G: 2.6247 | D_A: 0.2106 | D_B: 0.2070 | Cycle: 1.3695
Epoch 2/80 | Step 13450 | G: 2.6113 | D_A: 0.2981 | D_B: 0.1426 | Cycle: 1.0768
Epoch 2/80 | Step 13500 | G: 2.6874 | D_A: 0.1435 | D_B: 0.1992 | Cycle: 1.3581
Epoch 2/80 | Step 13550 | G: 2.2468 | D_A: 0.0828 | D_B: 0.1814 | Cycle: 0.7347
Epoch 2/80 | Step 13600 | G: 2.1593 | D_A: 0.0970 | D_B: 0.2565 | Cycle: 0.9730
Epoch 2/80 | Step 13650 | G: 2.3503 | D_A: 0.2521 | D_B: 0.1489 | Cycle: 0.9093
Epoch 2/80 | Step 13700 | G: 2.4268 | D_A: 0.0979 | D_B: 0.2117 | Cycle: 0.9632
Epoch 2/80 | Step 13750 | G: 1.8156 | D_A: 0.2780 | D_B: 0.0670 | Cycle: 0.8388
Epoch 2/80 | Step 13800 | G: 1.7959 | D_A: 0.1934 | D_B: 0.0866 | Cycle: 0.8037
Epoch 2/80 | Step 13850 | G: 1.8104 | D_A: 0.1192 | D_B: 0.0944 | Cycle: 0.6850
Epoch 2/80 | Step 13900 | G: 2.1294 | D_A: 0.0713 | D_B: 0.1883 | Cycle: 0.9610
Epoch 2/80 | Step 13950 | G: 2.0000 | D_A: 0.2792 | D_B: 0.2374 | Cycle: 0.8278
Epoch 2/80 | Step 14000 | G: 2.4059 | D_A: 0.0966 | D_B: 0.2339 | Cycle: 0.9501
Epoch 2/80 | Step 14050 | G: 2.2732 | D_A: 0.1214 | D_B: 0.2444 | Cycle: 0.9775
Epoch 2/80 complete | Time: 430s | Avg G: 2.2120 | Avg D: 0.2080
Epoch 3/80 | Step 14100 | G: 1.6404 | D_A: 0.1061 | D_B: 0.2404 | Cycle: 0.7280
Epoch 3/80 | Step 14150 | G: 1.6119 | D_A: 0.2453 | D_B: 0.2335 | Cycle: 0.6937
Epoch 3/80 | Step 14200 | G: 3.6209 | D_A: 0.1074 | D_B: 0.0424 | Cycle: 1.5465
Epoch 3/80 | Step 14250 | G: 1.9644 | D_A: 0.1773 | D_B: 0.5662 | Cycle: 1.0012
Epoch 3/80 | Step 14300 | G: 2.6423 | D_A: 0.2223 | D_B: 0.2823 | Cycle: 1.2319
Epoch 3/80 | Step 14350 | G: 2.0089 | D_A: 0.1499 | D_B: 0.2354 | Cycle: 1.0068
Epoch 3/80 | Step 14400 | G: 2.7651 | D_A: 0.0742 | D_B: 0.1878 | Cycle: 0.9884
Epoch 3/80 | Step 14450 | G: 1.9064 | D_A: 0.1584 | D_B: 0.1791 | Cycle: 0.7149
Epoch 3/80 | Step 14500 | G: 2.3724 | D_A: 0.1430 | D_B: 0.1389 | Cycle: 0.9681
Epoch 3/80 | Step 14550 | G: 2.1290 | D_A: 0.4755 | D_B: 0.1649 | Cycle: 1.0727
Epoch 3/80 | Step 14600 | G: 2.9379 | D_A: 0.0856 | D_B: 0.2050 | Cycle: 1.4065
Epoch 3/80 | Step 14650 | G: 1.5703 | D_A: 0.3018 | D_B: 0.3436 | Cycle: 0.8232
Epoch 3/80 | Step 14700 | G: 2.1367 | D_A: 0.1340 | D_B: 0.2411 | Cycle: 1.1337
Epoch 3/80 | Step 14750 | G: 2.2041 | D_A: 0.1738 | D_B: 0.3325 | Cycle: 1.3176
Epoch 3/80 | Step 14800 | G: 2.0650 | D_A: 0.5503 | D_B: 0.3113 | Cycle: 0.9411
Epoch 3/80 | Step 14850 | G: 1.8346 | D_A: 0.2120 | D_B: 0.1582 | Cycle: 0.8624
Epoch 3/80 | Step 14900 | G: 2.5353 | D_A: 0.1058 | D_B: 0.3516 | Cycle: 1.2660
Epoch 3/80 | Step 14950 | G: 1.9828 | D_A: 0.2008 | D_B: 0.0789 | Cycle: 1.2691
Epoch 3/80 | Step 15000 | G: 2.3171 | D_A: 0.0766 | D_B: 0.1547 | Cycle: 1.0286
Epoch 3/80 | Step 15050 | G: 2.0957 | D_A: 0.3135 | D_B: 0.2256 | Cycle: 0.9205
Epoch 3/80 | Step 15100 | G: 1.9667 | D_A: 0.1515 | D_B: 0.3112 | Cycle: 0.8943
Epoch 3/80 | Step 15150 | G: 2.2739 | D_A: 0.3292 | D_B: 0.1201 | Cycle: 1.0325
Epoch 3/80 | Step 15200 | G: 1.8825 | D_A: 0.1667 | D_B: 0.2688 | Cycle: 0.9077
Epoch 3/80 | Step 15250 | G: 1.7092 | D_A: 0.3873 | D_B: 0.3392 | Cycle: 0.7521
Epoch 3/80 | Step 15300 | G: 1.6428 | D_A: 0.2654 | D_B: 0.2420 | Cycle: 0.6529
Epoch 3/80 | Step 15350 | G: 2.0658 | D_A: 0.0816 | D_B: 0.1161 | Cycle: 0.8443
Epoch 3/80 | Step 15400 | G: 1.7517 | D_A: 0.1561 | D_B: 0.3296 | Cycle: 0.8230
Epoch 3/80 | Step 15450 | G: 1.9393 | D_A: 0.2183 | D_B: 0.3154 | Cycle: 0.9735
Epoch 3/80 | Step 15500 | G: 2.6396 | D_A: 0.0166 | D_B: 0.1975 | Cycle: 1.0817
Epoch 3/80 | Step 15550 | G: 2.0227 | D_A: 0.3383 | D_B: 0.4608 | Cycle: 1.0062
Epoch 3/80 | Step 15600 | G: 2.5761 | D_A: 0.1281 | D_B: 0.1072 | Cycle: 1.2873
Epoch 3/80 | Step 15650 | G: 1.6613 | D_A: 0.1240 | D_B: 0.3560 | Cycle: 0.8821
Epoch 3/80 | Step 15700 | G: 2.6498 | D_A: 0.0489 | D_B: 0.1860 | Cycle: 1.1525
Epoch 3/80 | Step 15750 | G: 1.7287 | D_A: 0.2894 | D_B: 0.2773 | Cycle: 0.8157
Epoch 3/80 | Step 15800 | G: 2.0108 | D_A: 0.1292 | D_B: 0.1812 | Cycle: 1.0206
Epoch 3/80 | Step 15850 | G: 2.3681 | D_A: 0.1763 | D_B: 0.1909 | Cycle: 0.8990
Epoch 3/80 | Step 15900 | G: 1.7487 | D_A: 0.4344 | D_B: 0.3300 | Cycle: 0.8198
Epoch 3/80 | Step 15950 | G: 2.4983 | D_A: 0.1117 | D_B: 0.0995 | Cycle: 1.0529
Epoch 3/80 | Step 16000 | G: 2.2627 | D_A: 0.1384 | D_B: 0.2566 | Cycle: 1.0439
Epoch 3/80 | Step 16050 | G: 2.6849 | D_A: 0.0459 | D_B: 0.0968 | Cycle: 1.0719
Epoch 3/80 | Step 16100 | G: 1.7306 | D_A: 0.2252 | D_B: 0.1705 | Cycle: 0.6450
Epoch 3/80 | Step 16150 | G: 2.5077 | D_A: 0.0522 | D_B: 0.2452 | Cycle: 1.0285
Epoch 3/80 | Step 16200 | G: 1.8715 | D_A: 0.1876 | D_B: 0.1989 | Cycle: 0.7930
Epoch 3/80 | Step 16250 | G: 1.4324 | D_A: 0.2268 | D_B: 0.2470 | Cycle: 0.7886
Epoch 3/80 | Step 16300 | G: 2.3796 | D_A: 0.1274 | D_B: 0.1974 | Cycle: 1.1786
Epoch 3/80 | Step 16350 | G: 2.3774 | D_A: 0.1670 | D_B: 0.1583 | Cycle: 0.9084
Epoch 3/80 | Step 16400 | G: 1.7242 | D_A: 0.3423 | D_B: 0.2558 | Cycle: 0.8698
Epoch 3/80 | Step 16450 | G: 1.8749 | D_A: 0.1291 | D_B: 0.2260 | Cycle: 0.7972
Epoch 3/80 | Step 16500 | G: 2.1362 | D_A: 0.3693 | D_B: 0.1093 | Cycle: 0.9276
Epoch 3/80 | Step 16550 | G: 1.6088 | D_A: 0.2125 | D_B: 0.2647 | Cycle: 0.6708
Epoch 3/80 | Step 16600 | G: 1.9799 | D_A: 0.1878 | D_B: 0.1730 | Cycle: 0.8131
Epoch 3/80 | Step 16650 | G: 3.3140 | D_A: 0.0588 | D_B: 0.1381 | Cycle: 1.2489
Epoch 3/80 | Step 16700 | G: 1.7806 | D_A: 0.1239 | D_B: 0.1189 | Cycle: 0.8098
Epoch 3/80 | Step 16750 | G: 1.9990 | D_A: 0.1429 | D_B: 0.1791 | Cycle: 0.9564
Epoch 3/80 | Step 16800 | G: 3.1337 | D_A: 0.1282 | D_B: 0.1480 | Cycle: 1.3815
Epoch 3/80 | Step 16850 | G: 1.6197 | D_A: 0.1868 | D_B: 0.5045 | Cycle: 0.8695
Epoch 3/80 | Step 16900 | G: 1.6071 | D_A: 0.2960 | D_B: 0.1284 | Cycle: 0.8914
Epoch 3/80 | Step 16950 | G: 2.1878 | D_A: 0.1151 | D_B: 0.4124 | Cycle: 0.9688
Epoch 3/80 | Step 17000 | G: 2.0631 | D_A: 0.1919 | D_B: 0.1774 | Cycle: 1.0599
Epoch 3/80 | Step 17050 | G: 2.1460 | D_A: 0.1212 | D_B: 0.2704 | Cycle: 0.8964
Epoch 3/80 | Step 17100 | G: 1.5681 | D_A: 0.1149 | D_B: 0.2671 | Cycle: 0.6744
Epoch 3/80 | Step 17150 | G: 2.1076 | D_A: 0.2222 | D_B: 0.2098 | Cycle: 0.9832
Epoch 3/80 | Step 17200 | G: 2.0920 | D_A: 0.2213 | D_B: 0.1587 | Cycle: 1.0688
Epoch 3/80 | Step 17250 | G: 2.2090 | D_A: 0.1645 | D_B: 0.1307 | Cycle: 0.8132
Epoch 3/80 | Step 17300 | G: 2.4192 | D_A: 0.0322 | D_B: 0.1040 | Cycle: 1.0195
Epoch 3/80 | Step 17350 | G: 2.2704 | D_A: 0.1085 | D_B: 0.2640 | Cycle: 0.9727
Epoch 3/80 | Step 17400 | G: 1.8503 | D_A: 0.1567 | D_B: 0.2681 | Cycle: 0.7120
Epoch 3/80 | Step 17450 | G: 1.5934 | D_A: 0.4153 | D_B: 0.1541 | Cycle: 0.8121
Epoch 3/80 | Step 17500 | G: 1.9048 | D_A: 0.1777 | D_B: 0.1665 | Cycle: 0.6170
Epoch 3/80 | Step 17550 | G: 2.0031 | D_A: 0.2265 | D_B: 0.1821 | Cycle: 0.8952
Epoch 3/80 | Step 17600 | G: 2.5781 | D_A: 0.1827 | D_B: 0.2180 | Cycle: 1.1009
Epoch 3/80 | Step 17650 | G: 2.9828 | D_A: 0.0618 | D_B: 0.2579 | Cycle: 1.1497
Epoch 3/80 | Step 17700 | G: 1.9947 | D_A: 0.0968 | D_B: 0.2344 | Cycle: 0.9410
Epoch 3/80 | Step 17750 | G: 2.3638 | D_A: 0.2120 | D_B: 0.1570 | Cycle: 0.9289
Epoch 3/80 | Step 17800 | G: 2.6930 | D_A: 0.1202 | D_B: 0.1906 | Cycle: 1.0973
Epoch 3/80 | Step 17850 | G: 2.2051 | D_A: 0.1842 | D_B: 0.2015 | Cycle: 0.9191
Epoch 3/80 | Step 17900 | G: 1.7183 | D_A: 0.1389 | D_B: 0.3242 | Cycle: 0.8772
Epoch 3/80 | Step 17950 | G: 1.3962 | D_A: 0.2629 | D_B: 0.2885 | Cycle: 0.7427
Epoch 3/80 | Step 18000 | G: 1.8963 | D_A: 0.1428 | D_B: 0.2397 | Cycle: 0.8520
Epoch 3/80 | Step 18050 | G: 1.8123 | D_A: 0.0945 | D_B: 0.2179 | Cycle: 0.8183
Epoch 3/80 | Step 18100 | G: 2.2239 | D_A: 0.0995 | D_B: 0.1907 | Cycle: 0.9356
Epoch 3/80 | Step 18150 | G: 2.3242 | D_A: 0.0725 | D_B: 0.2505 | Cycle: 1.0735
Epoch 3/80 | Step 18200 | G: 2.1153 | D_A: 0.1345 | D_B: 0.2192 | Cycle: 0.7328
Epoch 3/80 | Step 18250 | G: 2.8190 | D_A: 0.0461 | D_B: 0.2029 | Cycle: 1.3639
Epoch 3/80 | Step 18300 | G: 1.5954 | D_A: 0.0650 | D_B: 0.2718 | Cycle: 0.6216
Epoch 3/80 | Step 18350 | G: 1.7685 | D_A: 0.3421 | D_B: 0.4279 | Cycle: 1.1413
Epoch 3/80 | Step 18400 | G: 2.2244 | D_A: 0.1361 | D_B: 0.2468 | Cycle: 0.9314
Epoch 3/80 | Step 18450 | G: 2.0970 | D_A: 0.1355 | D_B: 0.1238 | Cycle: 0.8583
Epoch 3/80 | Step 18500 | G: 2.7678 | D_A: 0.1601 | D_B: 0.3021 | Cycle: 1.3264
Epoch 3/80 | Step 18550 | G: 1.9369 | D_A: 0.1900 | D_B: 0.2158 | Cycle: 0.6890
Epoch 3/80 | Step 18600 | G: 2.0646 | D_A: 0.2177 | D_B: 0.1647 | Cycle: 0.7136
Epoch 3/80 | Step 18650 | G: 1.5678 | D_A: 0.1329 | D_B: 0.3665 | Cycle: 0.7614
Epoch 3/80 | Step 18700 | G: 2.0695 | D_A: 0.0574 | D_B: 0.2942 | Cycle: 0.8441
Epoch 3/80 | Step 18750 | G: 1.8303 | D_A: 0.0799 | D_B: 0.2380 | Cycle: 0.7570
Epoch 3/80 | Step 18800 | G: 2.2521 | D_A: 0.2276 | D_B: 0.1733 | Cycle: 0.8056
Epoch 3/80 | Step 18850 | G: 1.8171 | D_A: 0.2015 | D_B: 0.1830 | Cycle: 0.7536
Epoch 3/80 | Step 18900 | G: 1.6513 | D_A: 0.1291 | D_B: 0.2038 | Cycle: 0.9068
Epoch 3/80 | Step 18950 | G: 2.4080 | D_A: 0.3801 | D_B: 0.2407 | Cycle: 1.0040
Epoch 3/80 | Step 19000 | G: 2.3017 | D_A: 0.2436 | D_B: 0.1633 | Cycle: 0.9322
Epoch 3/80 | Step 19050 | G: 2.0672 | D_A: 0.0963 | D_B: 0.2428 | Cycle: 0.9781
Epoch 3/80 | Step 19100 | G: 2.3579 | D_A: 0.0903 | D_B: 0.1719 | Cycle: 1.0600
Epoch 3/80 | Step 19150 | G: 1.5940 | D_A: 0.3863 | D_B: 0.2424 | Cycle: 0.6474
Epoch 3/80 | Step 19200 | G: 2.5740 | D_A: 0.1325 | D_B: 0.1095 | Cycle: 1.0801
Epoch 3/80 | Step 19250 | G: 1.8197 | D_A: 0.0578 | D_B: 0.2502 | Cycle: 0.8653
Epoch 3/80 | Step 19300 | G: 2.1807 | D_A: 0.0230 | D_B: 0.1230 | Cycle: 0.7996
Epoch 3/80 | Step 19350 | G: 2.3110 | D_A: 0.1767 | D_B: 0.1366 | Cycle: 0.9977
Epoch 3/80 | Step 19400 | G: 2.3215 | D_A: 0.2091 | D_B: 0.1727 | Cycle: 1.0765
Epoch 3/80 | Step 19450 | G: 2.3650 | D_A: 0.1946 | D_B: 0.2405 | Cycle: 0.8459
Epoch 3/80 | Step 19500 | G: 2.1074 | D_A: 0.0600 | D_B: 0.0753 | Cycle: 0.8527
Epoch 3/80 | Step 19550 | G: 2.1125 | D_A: 0.4562 | D_B: 0.3253 | Cycle: 0.9894
Epoch 3/80 | Step 19600 | G: 2.1735 | D_A: 0.2089 | D_B: 0.5154 | Cycle: 1.0750
Epoch 3/80 | Step 19650 | G: 1.9800 | D_A: 0.1704 | D_B: 0.3268 | Cycle: 0.9556
Epoch 3/80 | Step 19700 | G: 1.7762 | D_A: 0.2391 | D_B: 0.3128 | Cycle: 0.7217
Epoch 3/80 | Step 19750 | G: 2.7000 | D_A: 0.1795 | D_B: 0.3434 | Cycle: 1.1424
Epoch 3/80 | Step 19800 | G: 1.9888 | D_A: 0.2034 | D_B: 0.3337 | Cycle: 0.9284
Epoch 3/80 | Step 19850 | G: 1.7993 | D_A: 0.3021 | D_B: 0.1938 | Cycle: 0.8560
Epoch 3/80 | Step 19900 | G: 1.4924 | D_A: 0.3419 | D_B: 0.2116 | Cycle: 0.7724
Epoch 3/80 | Step 19950 | G: 1.6364 | D_A: 0.2536 | D_B: 0.4893 | Cycle: 0.8285
Epoch 3/80 | Step 20000 | G: 2.5771 | D_A: 0.1986 | D_B: 0.1174 | Cycle: 1.1182
Epoch 3/80 | Step 20050 | G: 1.7165 | D_A: 0.1330 | D_B: 0.2906 | Cycle: 0.7812
Epoch 3/80 | Step 20100 | G: 2.2801 | D_A: 0.2645 | D_B: 0.1294 | Cycle: 1.0992
Epoch 3/80 | Step 20150 | G: 2.0119 | D_A: 0.2516 | D_B: 0.1781 | Cycle: 0.9320
Epoch 3/80 | Step 20200 | G: 1.8539 | D_A: 0.1633 | D_B: 0.2523 | Cycle: 1.0198
Epoch 3/80 | Step 20250 | G: 2.8534 | D_A: 0.2776 | D_B: 0.1572 | Cycle: 1.5783
Epoch 3/80 | Step 20300 | G: 1.7536 | D_A: 0.0874 | D_B: 0.3092 | Cycle: 0.8513
Epoch 3/80 | Step 20350 | G: 2.1913 | D_A: 0.1320 | D_B: 0.3970 | Cycle: 1.0662
Epoch 3/80 | Step 20400 | G: 2.0905 | D_A: 0.2461 | D_B: 0.2906 | Cycle: 0.8942
Epoch 3/80 | Step 20450 | G: 3.0318 | D_A: 0.1057 | D_B: 0.0838 | Cycle: 1.4454
Epoch 3/80 | Step 20500 | G: 2.1606 | D_A: 0.1769 | D_B: 0.3486 | Cycle: 0.8389
Epoch 3/80 | Step 20550 | G: 2.5507 | D_A: 0.1290 | D_B: 0.2757 | Cycle: 1.1434
Epoch 3/80 | Step 20600 | G: 2.5813 | D_A: 0.2767 | D_B: 0.2982 | Cycle: 1.5063
Epoch 3/80 | Step 20650 | G: 2.0824 | D_A: 0.2125 | D_B: 0.1377 | Cycle: 0.7107
Epoch 3/80 | Step 20700 | G: 2.1393 | D_A: 0.0827 | D_B: 0.2024 | Cycle: 0.8095
Epoch 3/80 | Step 20750 | G: 2.6034 | D_A: 0.3386 | D_B: 0.2444 | Cycle: 1.3271
Epoch 3/80 | Step 20800 | G: 1.7730 | D_A: 0.4594 | D_B: 0.2788 | Cycle: 0.8581
Epoch 3/80 | Step 20850 | G: 2.6233 | D_A: 0.0495 | D_B: 0.1939 | Cycle: 1.0739
Epoch 3/80 | Step 20900 | G: 3.2666 | D_A: 0.2493 | D_B: 0.2136 | Cycle: 1.2204
Epoch 3/80 | Step 20950 | G: 1.6527 | D_A: 0.1027 | D_B: 0.2744 | Cycle: 0.9095
Epoch 3/80 | Step 21000 | G: 2.2744 | D_A: 0.0757 | D_B: 0.1536 | Cycle: 0.7789
Epoch 3/80 | Step 21050 | G: 2.0310 | D_A: 0.3206 | D_B: 0.2548 | Cycle: 1.0327
Epoch 3/80 | Step 21100 | G: 2.0151 | D_A: 0.3786 | D_B: 0.3513 | Cycle: 0.8068
Epoch 3/80 complete | Time: 430s | Avg G: 2.1295 | Avg D: 0.2056
Epoch 4/80 | Step 21150 | G: 2.2590 | D_A: 0.0684 | D_B: 0.2580 | Cycle: 1.2417
Epoch 4/80 | Step 21200 | G: 2.1860 | D_A: 0.0618 | D_B: 0.1639 | Cycle: 0.8742
Epoch 4/80 | Step 21250 | G: 2.5033 | D_A: 0.1255 | D_B: 0.0725 | Cycle: 1.0548
Epoch 4/80 | Step 21300 | G: 2.0382 | D_A: 0.2569 | D_B: 0.3536 | Cycle: 0.9766
Epoch 4/80 | Step 21350 | G: 1.6540 | D_A: 0.4314 | D_B: 0.0897 | Cycle: 0.9569
Epoch 4/80 | Step 21400 | G: 1.8123 | D_A: 0.1264 | D_B: 0.1764 | Cycle: 0.9853
Epoch 4/80 | Step 21450 | G: 2.7503 | D_A: 0.0423 | D_B: 0.1017 | Cycle: 1.1015
Epoch 4/80 | Step 21500 | G: 1.6204 | D_A: 0.2483 | D_B: 0.3092 | Cycle: 0.7431
Epoch 4/80 | Step 21550 | G: 2.6803 | D_A: 0.0796 | D_B: 0.2374 | Cycle: 1.0822
Epoch 4/80 | Step 21600 | G: 2.4728 | D_A: 0.0737 | D_B: 0.0648 | Cycle: 1.0172
Epoch 4/80 | Step 21650 | G: 2.4014 | D_A: 0.1332 | D_B: 0.1184 | Cycle: 0.9913
Epoch 4/80 | Step 21700 | G: 1.6830 | D_A: 0.2516 | D_B: 0.2668 | Cycle: 0.7789
Epoch 4/80 | Step 21750 | G: 1.8409 | D_A: 0.2490 | D_B: 0.1855 | Cycle: 0.7893
Epoch 4/80 | Step 21800 | G: 2.7100 | D_A: 0.1644 | D_B: 0.1579 | Cycle: 1.2890
Epoch 4/80 | Step 21850 | G: 1.7042 | D_A: 0.3177 | D_B: 0.2326 | Cycle: 0.7639
Epoch 4/80 | Step 21900 | G: 2.1318 | D_A: 0.2688 | D_B: 0.1808 | Cycle: 1.2176
Epoch 4/80 | Step 21950 | G: 2.1355 | D_A: 0.2094 | D_B: 0.1370 | Cycle: 0.9913
Epoch 4/80 | Step 22000 | G: 1.4465 | D_A: 0.1944 | D_B: 0.1709 | Cycle: 0.6378
Epoch 4/80 | Step 22050 | G: 1.9154 | D_A: 0.0643 | D_B: 0.1933 | Cycle: 0.9563
Epoch 4/80 | Step 22100 | G: 1.6702 | D_A: 0.2963 | D_B: 0.1548 | Cycle: 0.7169
Epoch 4/80 | Step 22150 | G: 1.9919 | D_A: 0.0883 | D_B: 0.2146 | Cycle: 0.8942
Epoch 4/80 | Step 22200 | G: 1.9787 | D_A: 0.4119 | D_B: 0.2546 | Cycle: 0.7325
Epoch 4/80 | Step 22250 | G: 2.1736 | D_A: 0.0519 | D_B: 0.2410 | Cycle: 0.9715
Epoch 4/80 | Step 22300 | G: 2.0274 | D_A: 0.3507 | D_B: 0.3029 | Cycle: 0.8371
Epoch 4/80 | Step 22350 | G: 1.3348 | D_A: 0.3755 | D_B: 0.2484 | Cycle: 0.6212
Epoch 4/80 | Step 22400 | G: 2.7656 | D_A: 0.0786 | D_B: 0.0615 | Cycle: 0.6669
Epoch 4/80 | Step 22450 | G: 1.9012 | D_A: 0.3537 | D_B: 0.5231 | Cycle: 0.6883
Epoch 4/80 | Step 22500 | G: 1.7589 | D_A: 0.1198 | D_B: 0.2689 | Cycle: 0.8185
Epoch 4/80 | Step 22550 | G: 1.6740 | D_A: 0.3840 | D_B: 0.1687 | Cycle: 0.7275
Epoch 4/80 | Step 22600 | G: 1.8095 | D_A: 0.2290 | D_B: 0.3115 | Cycle: 1.0962
Epoch 4/80 | Step 22650 | G: 1.8020 | D_A: 0.1882 | D_B: 0.2593 | Cycle: 0.8589
Epoch 4/80 | Step 22700 | G: 1.6822 | D_A: 0.2666 | D_B: 0.3266 | Cycle: 0.7841
Epoch 4/80 | Step 22750 | G: 2.3747 | D_A: 0.2421 | D_B: 0.1354 | Cycle: 1.0026
Epoch 4/80 | Step 22800 | G: 2.4150 | D_A: 0.0413 | D_B: 0.2567 | Cycle: 0.9201
Epoch 4/80 | Step 22850 | G: 2.2383 | D_A: 0.1234 | D_B: 0.2468 | Cycle: 0.8830
Epoch 4/80 | Step 22900 | G: 2.0518 | D_A: 0.4070 | D_B: 0.1829 | Cycle: 1.1831
Epoch 4/80 | Step 22950 | G: 1.9063 | D_A: 0.1507 | D_B: 0.1299 | Cycle: 0.8293
Epoch 4/80 | Step 23000 | G: 2.2759 | D_A: 0.1232 | D_B: 0.2814 | Cycle: 0.9071
Epoch 4/80 | Step 23050 | G: 1.7085 | D_A: 0.1635 | D_B: 0.3248 | Cycle: 0.9907
Epoch 4/80 | Step 23100 | G: 1.5711 | D_A: 0.2878 | D_B: 0.3285 | Cycle: 0.7415
Epoch 4/80 | Step 23150 | G: 2.1657 | D_A: 0.1442 | D_B: 0.2981 | Cycle: 1.1330
Epoch 4/80 | Step 23200 | G: 2.4452 | D_A: 0.1174 | D_B: 0.2816 | Cycle: 1.2848
Epoch 4/80 | Step 23250 | G: 1.5687 | D_A: 0.0940 | D_B: 0.2553 | Cycle: 0.7211
Epoch 4/80 | Step 23300 | G: 2.9299 | D_A: 0.1302 | D_B: 0.0856 | Cycle: 1.0106
Epoch 4/80 | Step 23350 | G: 2.0222 | D_A: 0.0792 | D_B: 0.1317 | Cycle: 0.9543
Epoch 4/80 | Step 23400 | G: 2.0133 | D_A: 0.1479 | D_B: 0.1328 | Cycle: 0.6728
Epoch 4/80 | Step 23450 | G: 1.7497 | D_A: 0.1756 | D_B: 0.1141 | Cycle: 0.8582
Epoch 4/80 | Step 23500 | G: 2.3008 | D_A: 0.3285 | D_B: 0.2426 | Cycle: 0.9110
Epoch 4/80 | Step 23550 | G: 2.1788 | D_A: 0.2124 | D_B: 0.1411 | Cycle: 0.8062
Epoch 4/80 | Step 23600 | G: 2.0356 | D_A: 0.1437 | D_B: 0.2133 | Cycle: 1.0261
Epoch 4/80 | Step 23650 | G: 2.1030 | D_A: 0.1299 | D_B: 0.2226 | Cycle: 0.8034
Epoch 4/80 | Step 23700 | G: 2.2482 | D_A: 0.0500 | D_B: 0.1519 | Cycle: 1.0123
Epoch 4/80 | Step 23750 | G: 2.0546 | D_A: 0.1644 | D_B: 0.1680 | Cycle: 0.9066
Epoch 4/80 | Step 23800 | G: 2.0239 | D_A: 0.1438 | D_B: 0.1348 | Cycle: 0.8567
Epoch 4/80 | Step 23850 | G: 2.1409 | D_A: 0.2262 | D_B: 0.2513 | Cycle: 1.2868
Epoch 4/80 | Step 23900 | G: 1.5683 | D_A: 0.4994 | D_B: 0.4468 | Cycle: 0.7916
Epoch 4/80 | Step 23950 | G: 2.5610 | D_A: 0.2189 | D_B: 0.2705 | Cycle: 1.6290
Epoch 4/80 | Step 24000 | G: 2.9763 | D_A: 0.3073 | D_B: 0.1849 | Cycle: 1.2237
Epoch 4/80 | Step 24050 | G: 2.1258 | D_A: 0.1242 | D_B: 0.1422 | Cycle: 0.8985
Epoch 4/80 | Step 24100 | G: 2.8419 | D_A: 0.0411 | D_B: 0.0609 | Cycle: 1.1018
Epoch 4/80 | Step 24150 | G: 1.8009 | D_A: 0.1866 | D_B: 0.2843 | Cycle: 0.8378
Epoch 4/80 | Step 24200 | G: 2.2597 | D_A: 0.1655 | D_B: 0.1304 | Cycle: 1.0170
Epoch 4/80 | Step 24250 | G: 1.6425 | D_A: 0.2955 | D_B: 0.3782 | Cycle: 0.8043
Epoch 4/80 | Step 24300 | G: 1.7953 | D_A: 0.1874 | D_B: 0.1008 | Cycle: 0.8864
Epoch 4/80 | Step 24350 | G: 2.5863 | D_A: 0.1784 | D_B: 0.1698 | Cycle: 1.1459
Epoch 4/80 | Step 24400 | G: 2.3809 | D_A: 0.0583 | D_B: 0.1506 | Cycle: 0.8865
Epoch 4/80 | Step 24450 | G: 2.2812 | D_A: 0.0699 | D_B: 0.2496 | Cycle: 1.1207
Epoch 4/80 | Step 24500 | G: 2.2477 | D_A: 0.1314 | D_B: 0.2310 | Cycle: 1.1537
Epoch 4/80 | Step 24550 | G: 1.7189 | D_A: 0.1873 | D_B: 0.3088 | Cycle: 0.8216
Epoch 4/80 | Step 24600 | G: 2.4712 | D_A: 0.1451 | D_B: 0.1006 | Cycle: 0.9216
Epoch 4/80 | Step 24650 | G: 1.9461 | D_A: 0.3433 | D_B: 0.2851 | Cycle: 0.9330
Epoch 4/80 | Step 24700 | G: 2.1854 | D_A: 0.1186 | D_B: 0.1524 | Cycle: 1.0268
Epoch 4/80 | Step 24750 | G: 2.0713 | D_A: 0.1239 | D_B: 0.2053 | Cycle: 1.1102
Epoch 4/80 | Step 24800 | G: 2.0745 | D_A: 0.1977 | D_B: 0.1809 | Cycle: 0.9770
Epoch 4/80 | Step 24850 | G: 2.5402 | D_A: 0.0553 | D_B: 0.1761 | Cycle: 1.0664
Epoch 4/80 | Step 24900 | G: 2.2059 | D_A: 0.3217 | D_B: 0.1404 | Cycle: 0.8382
Epoch 4/80 | Step 24950 | G: 1.6436 | D_A: 0.2254 | D_B: 0.3316 | Cycle: 0.7980
Epoch 4/80 | Step 25000 | G: 2.3153 | D_A: 0.2562 | D_B: 0.2158 | Cycle: 1.1433
Epoch 4/80 | Step 25050 | G: 1.7163 | D_A: 0.1322 | D_B: 0.1780 | Cycle: 0.8608
Epoch 4/80 | Step 25100 | G: 1.7228 | D_A: 0.1546 | D_B: 0.3300 | Cycle: 0.8521
Epoch 4/80 | Step 25150 | G: 1.8822 | D_A: 0.3300 | D_B: 0.4999 | Cycle: 1.1130
Epoch 4/80 | Step 25200 | G: 2.0487 | D_A: 0.2527 | D_B: 0.2520 | Cycle: 1.3509
Epoch 4/80 | Step 25250 | G: 1.9565 | D_A: 0.1938 | D_B: 0.1698 | Cycle: 0.9129
Epoch 4/80 | Step 25300 | G: 1.8475 | D_A: 0.2127 | D_B: 0.2474 | Cycle: 0.9437
Epoch 4/80 | Step 25350 | G: 2.0308 | D_A: 0.2571 | D_B: 0.0708 | Cycle: 1.2417
Epoch 4/80 | Step 25400 | G: 2.2577 | D_A: 0.3279 | D_B: 0.2060 | Cycle: 0.8315
Epoch 4/80 | Step 25450 | G: 1.6706 | D_A: 0.1206 | D_B: 0.1870 | Cycle: 0.7245
Epoch 4/80 | Step 25500 | G: 2.1896 | D_A: 0.1011 | D_B: 0.1829 | Cycle: 0.9506
Epoch 4/80 | Step 25550 | G: 2.1590 | D_A: 0.1814 | D_B: 0.0983 | Cycle: 0.7830
Epoch 4/80 | Step 25600 | G: 2.1608 | D_A: 0.2489 | D_B: 0.1846 | Cycle: 0.9569
Epoch 4/80 | Step 25650 | G: 1.7402 | D_A: 0.1789 | D_B: 0.2202 | Cycle: 0.8703
Epoch 4/80 | Step 25700 | G: 2.4290 | D_A: 0.1495 | D_B: 0.1375 | Cycle: 0.7664
Epoch 4/80 | Step 25750 | G: 1.8981 | D_A: 0.1404 | D_B: 0.3645 | Cycle: 0.7741
Epoch 4/80 | Step 25800 | G: 1.9082 | D_A: 0.1960 | D_B: 0.2605 | Cycle: 0.8555
Epoch 4/80 | Step 25850 | G: 2.4179 | D_A: 0.1878 | D_B: 0.3653 | Cycle: 1.4186
Epoch 4/80 | Step 25900 | G: 1.6935 | D_A: 0.1599 | D_B: 0.2227 | Cycle: 0.8231
Epoch 4/80 | Step 25950 | G: 1.8269 | D_A: 0.0714 | D_B: 0.2082 | Cycle: 0.9195
Epoch 4/80 | Step 26000 | G: 1.7985 | D_A: 0.3106 | D_B: 0.1807 | Cycle: 0.9351
Epoch 4/80 | Step 26050 | G: 2.2023 | D_A: 0.2511 | D_B: 0.2427 | Cycle: 0.8063
Epoch 4/80 | Step 26100 | G: 1.9668 | D_A: 0.1934 | D_B: 0.2262 | Cycle: 0.8789
Epoch 4/80 | Step 26150 | G: 2.0104 | D_A: 0.1924 | D_B: 0.2649 | Cycle: 0.9135
Epoch 4/80 | Step 26200 | G: 2.7262 | D_A: 0.3702 | D_B: 0.2916 | Cycle: 1.0701
Epoch 4/80 | Step 26250 | G: 1.8714 | D_A: 0.1189 | D_B: 0.1794 | Cycle: 0.7877
Epoch 4/80 | Step 26300 | G: 1.8123 | D_A: 0.0788 | D_B: 0.4508 | Cycle: 0.9755
Epoch 4/80 | Step 26350 | G: 2.2303 | D_A: 0.0937 | D_B: 0.1708 | Cycle: 0.9201
Epoch 4/80 | Step 26400 | G: 1.7667 | D_A: 0.1356 | D_B: 0.3213 | Cycle: 0.8145
Epoch 4/80 | Step 26450 | G: 1.8611 | D_A: 0.1614 | D_B: 0.2412 | Cycle: 0.8719
Epoch 4/80 | Step 26500 | G: 2.0984 | D_A: 0.3299 | D_B: 0.3805 | Cycle: 0.8392
Epoch 4/80 | Step 26550 | G: 2.5116 | D_A: 0.3189 | D_B: 0.1969 | Cycle: 1.1757
Epoch 4/80 | Step 26600 | G: 2.0727 | D_A: 0.1541 | D_B: 0.1887 | Cycle: 0.9103
Epoch 4/80 | Step 26650 | G: 2.2258 | D_A: 0.2292 | D_B: 0.1972 | Cycle: 0.9751
Epoch 4/80 | Step 26700 | G: 2.3531 | D_A: 0.1933 | D_B: 0.1949 | Cycle: 1.2048
Epoch 4/80 | Step 26750 | G: 1.9492 | D_A: 0.3510 | D_B: 0.1787 | Cycle: 0.6965
Epoch 4/80 | Step 26800 | G: 2.0078 | D_A: 0.0640 | D_B: 0.0646 | Cycle: 0.8834
Epoch 4/80 | Step 26850 | G: 2.4324 | D_A: 0.2565 | D_B: 0.3455 | Cycle: 1.2810
Epoch 4/80 | Step 26900 | G: 2.0523 | D_A: 0.1788 | D_B: 0.1482 | Cycle: 0.8454
Epoch 4/80 | Step 26950 | G: 2.2788 | D_A: 0.1419 | D_B: 0.1380 | Cycle: 0.8965
Epoch 4/80 | Step 27000 | G: 2.6893 | D_A: 0.1010 | D_B: 0.1547 | Cycle: 1.2994
Epoch 4/80 | Step 27050 | G: 2.1875 | D_A: 0.3567 | D_B: 0.2504 | Cycle: 1.0776
Epoch 4/80 | Step 27100 | G: 1.9773 | D_A: 0.2578 | D_B: 0.2060 | Cycle: 0.8171
Epoch 4/80 | Step 27150 | G: 1.8365 | D_A: 0.1447 | D_B: 0.2891 | Cycle: 0.9131
Epoch 4/80 | Step 27200 | G: 1.7253 | D_A: 0.2436 | D_B: 0.2246 | Cycle: 1.0398
Epoch 4/80 | Step 27250 | G: 2.3250 | D_A: 0.0854 | D_B: 0.1400 | Cycle: 1.1258
Epoch 4/80 | Step 27300 | G: 2.1576 | D_A: 0.1084 | D_B: 0.1797 | Cycle: 0.9020
Epoch 4/80 | Step 27350 | G: 1.9292 | D_A: 0.2962 | D_B: 0.1963 | Cycle: 0.8081
Epoch 4/80 | Step 27400 | G: 1.8780 | D_A: 0.1493 | D_B: 0.2115 | Cycle: 0.8347
Epoch 4/80 | Step 27450 | G: 2.4561 | D_A: 0.1909 | D_B: 0.1272 | Cycle: 1.0161
Epoch 4/80 | Step 27500 | G: 1.2642 | D_A: 0.1695 | D_B: 0.4523 | Cycle: 0.7191
Epoch 4/80 | Step 27550 | G: 2.1366 | D_A: 0.1272 | D_B: 0.1209 | Cycle: 0.8508
Epoch 4/80 | Step 27600 | G: 2.2346 | D_A: 0.2494 | D_B: 0.2031 | Cycle: 1.1220
Epoch 4/80 | Step 27650 | G: 2.3664 | D_A: 0.3145 | D_B: 0.2725 | Cycle: 1.2828
Epoch 4/80 | Step 27700 | G: 1.8640 | D_A: 0.1218 | D_B: 0.2736 | Cycle: 0.9198
Epoch 4/80 | Step 27750 | G: 1.9244 | D_A: 0.1313 | D_B: 0.2162 | Cycle: 0.9313
Epoch 4/80 | Step 27800 | G: 2.3192 | D_A: 0.1825 | D_B: 0.2294 | Cycle: 1.2638
Epoch 4/80 | Step 27850 | G: 2.5378 | D_A: 0.0907 | D_B: 0.2395 | Cycle: 1.1026
Epoch 4/80 | Step 27900 | G: 2.1356 | D_A: 0.1631 | D_B: 0.2203 | Cycle: 0.9138
Epoch 4/80 | Step 27950 | G: 2.6413 | D_A: 0.6346 | D_B: 0.2194 | Cycle: 1.5103
Epoch 4/80 | Step 28000 | G: 1.9797 | D_A: 0.2020 | D_B: 0.1603 | Cycle: 0.9932
Epoch 4/80 | Step 28050 | G: 1.9425 | D_A: 0.1752 | D_B: 0.2151 | Cycle: 0.7407
Epoch 4/80 | Step 28100 | G: 2.5682 | D_A: 0.0441 | D_B: 0.2282 | Cycle: 1.0080
Epoch 4/80 | Step 28150 | G: 1.9700 | D_A: 0.2512 | D_B: 0.3159 | Cycle: 1.0373
Epoch 4/80 complete | Time: 430s | Avg G: 2.0904 | Avg D: 0.2053
Epoch 5/80 | Step 28200 | G: 2.3066 | D_A: 0.0630 | D_B: 0.2256 | Cycle: 1.0203
Epoch 5/80 | Step 28250 | G: 1.7143 | D_A: 0.1394 | D_B: 0.1864 | Cycle: 0.9513
Epoch 5/80 | Step 28300 | G: 1.9282 | D_A: 0.2631 | D_B: 0.2878 | Cycle: 1.0578
Epoch 5/80 | Step 28350 | G: 1.9582 | D_A: 0.2845 | D_B: 0.2775 | Cycle: 1.1398
Epoch 5/80 | Step 28400 | G: 1.9615 | D_A: 0.1926 | D_B: 0.2661 | Cycle: 1.0453
Epoch 5/80 | Step 28450 | G: 2.3804 | D_A: 0.0802 | D_B: 0.2301 | Cycle: 1.1328
Epoch 5/80 | Step 28500 | G: 2.4841 | D_A: 0.1032 | D_B: 0.0944 | Cycle: 1.0324
Epoch 5/80 | Step 28550 | G: 2.0226 | D_A: 0.1936 | D_B: 0.1628 | Cycle: 1.0459
Epoch 5/80 | Step 28600 | G: 1.6182 | D_A: 0.0912 | D_B: 0.2096 | Cycle: 0.7900
Epoch 5/80 | Step 28650 | G: 1.9511 | D_A: 0.2292 | D_B: 0.2267 | Cycle: 0.8732
Epoch 5/80 | Step 28700 | G: 1.7927 | D_A: 0.1722 | D_B: 0.1357 | Cycle: 0.6969
Epoch 5/80 | Step 28750 | G: 2.1342 | D_A: 0.2777 | D_B: 0.2766 | Cycle: 0.9028
Epoch 5/80 | Step 28800 | G: 2.0704 | D_A: 0.2728 | D_B: 0.1509 | Cycle: 0.8804
Epoch 5/80 | Step 28850 | G: 2.0339 | D_A: 0.1572 | D_B: 0.1727 | Cycle: 1.0339
Epoch 5/80 | Step 28900 | G: 1.5059 | D_A: 0.2653 | D_B: 0.2904 | Cycle: 0.6781
Epoch 5/80 | Step 28950 | G: 2.7995 | D_A: 0.0509 | D_B: 0.0658 | Cycle: 0.8628
Epoch 5/80 | Step 29000 | G: 2.3429 | D_A: 0.0885 | D_B: 0.1319 | Cycle: 1.0322
Epoch 5/80 | Step 29050 | G: 1.6233 | D_A: 0.1880 | D_B: 0.2420 | Cycle: 0.7557
Epoch 5/80 | Step 29100 | G: 1.7518 | D_A: 0.4912 | D_B: 0.2115 | Cycle: 0.7253
Epoch 5/80 | Step 29150 | G: 2.2043 | D_A: 0.1581 | D_B: 0.2486 | Cycle: 0.9365
Epoch 5/80 | Step 29200 | G: 2.1233 | D_A: 0.2076 | D_B: 0.1923 | Cycle: 0.8491
Epoch 5/80 | Step 29250 | G: 2.0895 | D_A: 0.1893 | D_B: 0.1127 | Cycle: 0.8383
Epoch 5/80 | Step 29300 | G: 1.8568 | D_A: 0.0293 | D_B: 0.2280 | Cycle: 0.9256
Epoch 5/80 | Step 29350 | G: 1.8173 | D_A: 0.2657 | D_B: 0.2381 | Cycle: 0.7939
Epoch 5/80 | Step 29400 | G: 1.9113 | D_A: 0.2145 | D_B: 0.1573 | Cycle: 0.7486
Epoch 5/80 | Step 29450 | G: 1.8922 | D_A: 0.1324 | D_B: 0.2193 | Cycle: 0.9364
Epoch 5/80 | Step 29500 | G: 1.4303 | D_A: 0.2605 | D_B: 0.2184 | Cycle: 0.7903
Epoch 5/80 | Step 29550 | G: 1.8751 | D_A: 0.3782 | D_B: 0.2931 | Cycle: 1.1339
Epoch 5/80 | Step 29600 | G: 1.5995 | D_A: 0.2989 | D_B: 0.2349 | Cycle: 0.9437
Epoch 5/80 | Step 29650 | G: 2.0145 | D_A: 0.1214 | D_B: 0.4194 | Cycle: 1.2531
Epoch 5/80 | Step 29700 | G: 2.1168 | D_A: 0.2910 | D_B: 0.2693 | Cycle: 0.9638
Epoch 5/80 | Step 29750 | G: 1.9102 | D_A: 0.0734 | D_B: 0.1407 | Cycle: 0.6108
Epoch 5/80 | Step 29800 | G: 1.5265 | D_A: 0.3745 | D_B: 0.3497 | Cycle: 0.8075
Epoch 5/80 | Step 29850 | G: 1.8497 | D_A: 0.1285 | D_B: 0.1713 | Cycle: 0.8444
Epoch 5/80 | Step 29900 | G: 1.7426 | D_A: 0.3358 | D_B: 0.2726 | Cycle: 0.9395
Epoch 5/80 | Step 29950 | G: 2.3114 | D_A: 0.2567 | D_B: 0.2758 | Cycle: 0.9512
Epoch 5/80 | Step 30000 | G: 2.0561 | D_A: 0.1945 | D_B: 0.0742 | Cycle: 0.7745
Epoch 5/80 | Step 30050 | G: 2.1079 | D_A: 0.3165 | D_B: 0.1759 | Cycle: 1.0541
Epoch 5/80 | Step 30100 | G: 1.9027 | D_A: 0.1901 | D_B: 0.1207 | Cycle: 0.7667
Epoch 5/80 | Step 30150 | G: 1.8893 | D_A: 0.1783 | D_B: 0.3600 | Cycle: 1.0190
Epoch 5/80 | Step 30200 | G: 2.4660 | D_A: 0.1855 | D_B: 0.1652 | Cycle: 0.8475
Epoch 5/80 | Step 30250 | G: 2.0914 | D_A: 0.1397 | D_B: 0.2765 | Cycle: 0.9544
Epoch 5/80 | Step 30300 | G: 2.0738 | D_A: 0.0543 | D_B: 0.3344 | Cycle: 0.9735
Epoch 5/80 | Step 30350 | G: 1.5109 | D_A: 0.2163 | D_B: 0.2382 | Cycle: 0.8945
Epoch 5/80 | Step 30400 | G: 1.6994 | D_A: 0.1368 | D_B: 0.1492 | Cycle: 0.7148
Epoch 5/80 | Step 30450 | G: 1.7788 | D_A: 0.2738 | D_B: 0.2493 | Cycle: 1.0121
Epoch 5/80 | Step 30500 | G: 2.2149 | D_A: 0.1294 | D_B: 0.1993 | Cycle: 1.0560
Epoch 5/80 | Step 30550 | G: 1.8850 | D_A: 0.3479 | D_B: 0.2446 | Cycle: 1.0053
Epoch 5/80 | Step 30600 | G: 1.7630 | D_A: 0.1843 | D_B: 0.1427 | Cycle: 0.7904
Epoch 5/80 | Step 30650 | G: 2.1139 | D_A: 0.1359 | D_B: 0.1470 | Cycle: 1.0128
Epoch 5/80 | Step 30700 | G: 1.9329 | D_A: 0.2309 | D_B: 0.0969 | Cycle: 0.7941
Epoch 5/80 | Step 30750 | G: 1.8086 | D_A: 0.2204 | D_B: 0.1454 | Cycle: 0.8950
Epoch 5/80 | Step 30800 | G: 2.0092 | D_A: 0.1888 | D_B: 0.2547 | Cycle: 0.9018
Epoch 5/80 | Step 30850 | G: 2.4417 | D_A: 0.3145 | D_B: 0.2480 | Cycle: 1.0200
Epoch 5/80 | Step 30900 | G: 2.1530 | D_A: 0.1933 | D_B: 0.2567 | Cycle: 1.1069
Epoch 5/80 | Step 30950 | G: 2.0639 | D_A: 0.1211 | D_B: 0.1137 | Cycle: 0.9263
Epoch 5/80 | Step 31000 | G: 1.4035 | D_A: 0.3474 | D_B: 0.2408 | Cycle: 0.8279
Epoch 5/80 | Step 31050 | G: 1.8560 | D_A: 0.2846 | D_B: 0.1997 | Cycle: 0.8467
Epoch 5/80 | Step 31100 | G: 1.7309 | D_A: 0.2416 | D_B: 0.2656 | Cycle: 0.8123
Epoch 5/80 | Step 31150 | G: 1.6047 | D_A: 0.1884 | D_B: 0.2357 | Cycle: 0.8984
Epoch 5/80 | Step 31200 | G: 2.3013 | D_A: 0.1997 | D_B: 0.1262 | Cycle: 1.0668
Epoch 5/80 | Step 31250 | G: 1.9338 | D_A: 0.2223 | D_B: 0.1359 | Cycle: 0.9816
Epoch 5/80 | Step 31300 | G: 2.1392 | D_A: 0.2590 | D_B: 0.2130 | Cycle: 1.0305
Epoch 5/80 | Step 31350 | G: 2.4673 | D_A: 0.2230 | D_B: 0.1617 | Cycle: 0.9248
Epoch 5/80 | Step 31400 | G: 2.0858 | D_A: 0.0388 | D_B: 0.0724 | Cycle: 1.0090
Epoch 5/80 | Step 31450 | G: 2.3137 | D_A: 0.1651 | D_B: 0.2957 | Cycle: 0.9123
Epoch 5/80 | Step 31500 | G: 2.2973 | D_A: 0.0995 | D_B: 0.2116 | Cycle: 1.0610
Epoch 5/80 | Step 31550 | G: 1.8870 | D_A: 0.1556 | D_B: 0.2279 | Cycle: 0.9777
Epoch 5/80 | Step 31600 | G: 2.0785 | D_A: 0.3026 | D_B: 0.1680 | Cycle: 0.8531
Epoch 5/80 | Step 31650 | G: 2.0144 | D_A: 0.1428 | D_B: 0.1774 | Cycle: 1.0080
Epoch 5/80 | Step 31700 | G: 2.2262 | D_A: 0.2041 | D_B: 0.2482 | Cycle: 0.8931
Epoch 5/80 | Step 31750 | G: 1.8695 | D_A: 0.3026 | D_B: 0.1947 | Cycle: 0.9703
Epoch 5/80 | Step 31800 | G: 2.2369 | D_A: 0.2155 | D_B: 0.2480 | Cycle: 1.0021
Epoch 5/80 | Step 31850 | G: 2.0397 | D_A: 0.0796 | D_B: 0.1906 | Cycle: 0.9071
Epoch 5/80 | Step 31900 | G: 1.7485 | D_A: 0.2999 | D_B: 0.3946 | Cycle: 0.7274
Epoch 5/80 | Step 31950 | G: 2.4697 | D_A: 0.2098 | D_B: 0.1784 | Cycle: 1.0515
Epoch 5/80 | Step 32000 | G: 1.7856 | D_A: 0.2730 | D_B: 0.1723 | Cycle: 0.8217
Epoch 5/80 | Step 32050 | G: 1.8452 | D_A: 0.1384 | D_B: 0.0965 | Cycle: 0.7926
Epoch 5/80 | Step 32100 | G: 2.6506 | D_A: 0.2210 | D_B: 0.1098 | Cycle: 1.3450
Epoch 5/80 | Step 32150 | G: 2.4381 | D_A: 0.0377 | D_B: 0.1184 | Cycle: 0.7938
Epoch 5/80 | Step 32200 | G: 1.9314 | D_A: 0.0696 | D_B: 0.1200 | Cycle: 0.8846
Epoch 5/80 | Step 32250 | G: 2.3711 | D_A: 0.3638 | D_B: 0.3213 | Cycle: 0.9510
Epoch 5/80 | Step 32300 | G: 1.7376 | D_A: 0.2518 | D_B: 0.1424 | Cycle: 0.8959
Epoch 5/80 | Step 32350 | G: 2.1725 | D_A: 0.2201 | D_B: 0.2027 | Cycle: 1.0339
Epoch 5/80 | Step 32400 | G: 1.5754 | D_A: 0.1647 | D_B: 0.1908 | Cycle: 0.6852
Epoch 5/80 | Step 32450 | G: 2.8322 | D_A: 0.0500 | D_B: 0.1451 | Cycle: 1.2116
Epoch 5/80 | Step 32500 | G: 1.8051 | D_A: 0.1231 | D_B: 0.1791 | Cycle: 0.8372
Epoch 5/80 | Step 32550 | G: 1.6561 | D_A: 0.2441 | D_B: 0.3368 | Cycle: 0.9605
Epoch 5/80 | Step 32600 | G: 2.4345 | D_A: 0.0384 | D_B: 0.2506 | Cycle: 1.0732
Epoch 5/80 | Step 32650 | G: 2.0126 | D_A: 0.2804 | D_B: 0.2092 | Cycle: 0.8885
Epoch 5/80 | Step 32700 | G: 1.9089 | D_A: 0.2343 | D_B: 0.3683 | Cycle: 1.1077
Epoch 5/80 | Step 32750 | G: 2.2093 | D_A: 0.1171 | D_B: 0.1143 | Cycle: 1.0304
Epoch 5/80 | Step 32800 | G: 1.6068 | D_A: 0.2498 | D_B: 0.1937 | Cycle: 0.9344
Epoch 5/80 | Step 32850 | G: 1.5132 | D_A: 0.4063 | D_B: 0.2958 | Cycle: 0.8104
Epoch 5/80 | Step 32900 | G: 2.1093 | D_A: 0.1439 | D_B: 0.2943 | Cycle: 1.1548
Epoch 5/80 | Step 32950 | G: 1.7849 | D_A: 0.1849 | D_B: 0.2262 | Cycle: 0.9199
Epoch 5/80 | Step 33000 | G: 2.7684 | D_A: 0.1923 | D_B: 0.2166 | Cycle: 0.9734
Epoch 5/80 | Step 33050 | G: 2.5505 | D_A: 0.0766 | D_B: 0.1627 | Cycle: 1.0480
Epoch 5/80 | Step 33100 | G: 2.5043 | D_A: 0.2690 | D_B: 0.2162 | Cycle: 1.1866
Epoch 5/80 | Step 33150 | G: 2.0533 | D_A: 0.1420 | D_B: 0.3049 | Cycle: 0.9401
Epoch 5/80 | Step 33200 | G: 2.0310 | D_A: 0.1988 | D_B: 0.1340 | Cycle: 0.9127
Epoch 5/80 | Step 33250 | G: 2.0476 | D_A: 0.2101 | D_B: 0.1001 | Cycle: 0.8660
Epoch 5/80 | Step 33300 | G: 2.4097 | D_A: 0.1209 | D_B: 0.2048 | Cycle: 1.2149
Epoch 5/80 | Step 33350 | G: 2.0474 | D_A: 0.1808 | D_B: 0.2011 | Cycle: 0.9865
Epoch 5/80 | Step 33400 | G: 1.8011 | D_A: 0.2446 | D_B: 0.1967 | Cycle: 0.7622
Epoch 5/80 | Step 33450 | G: 2.2499 | D_A: 0.2734 | D_B: 0.1348 | Cycle: 0.7661
Epoch 5/80 | Step 33500 | G: 1.8311 | D_A: 0.1619 | D_B: 0.2089 | Cycle: 0.6661
Epoch 5/80 | Step 33550 | G: 1.8079 | D_A: 0.1286 | D_B: 0.3454 | Cycle: 0.8230
Epoch 5/80 | Step 33600 | G: 2.2802 | D_A: 0.2341 | D_B: 0.3476 | Cycle: 0.7226
Epoch 5/80 | Step 33650 | G: 2.4002 | D_A: 0.2463 | D_B: 0.1829 | Cycle: 0.9005
Epoch 5/80 | Step 33700 | G: 1.8637 | D_A: 0.4218 | D_B: 0.2484 | Cycle: 1.0266
Epoch 5/80 | Step 33750 | G: 1.7820 | D_A: 0.2331 | D_B: 0.1842 | Cycle: 0.8072
Epoch 5/80 | Step 33800 | G: 2.0864 | D_A: 0.0932 | D_B: 0.1799 | Cycle: 0.9342
Epoch 5/80 | Step 33850 | G: 2.1374 | D_A: 0.3167 | D_B: 0.3735 | Cycle: 0.7679
Epoch 5/80 | Step 33900 | G: 2.0840 | D_A: 0.1547 | D_B: 0.2032 | Cycle: 1.1078
Epoch 5/80 | Step 33950 | G: 1.8947 | D_A: 0.2587 | D_B: 0.2687 | Cycle: 0.7830
Epoch 5/80 | Step 34000 | G: 1.6876 | D_A: 0.2281 | D_B: 0.1497 | Cycle: 0.7117
Epoch 5/80 | Step 34050 | G: 2.3280 | D_A: 0.1700 | D_B: 0.2063 | Cycle: 0.8539
Epoch 5/80 | Step 34100 | G: 1.8995 | D_A: 0.1628 | D_B: 0.2487 | Cycle: 1.0435
Epoch 5/80 | Step 34150 | G: 2.1024 | D_A: 0.2825 | D_B: 0.2886 | Cycle: 0.8989
Epoch 5/80 | Step 34200 | G: 1.6217 | D_A: 0.1713 | D_B: 0.2840 | Cycle: 0.8962
Epoch 5/80 | Step 34250 | G: 4.0568 | D_A: 0.0699 | D_B: 0.0970 | Cycle: 2.1473
Epoch 5/80 | Step 34300 | G: 2.1283 | D_A: 0.4086 | D_B: 0.1655 | Cycle: 0.9494
Epoch 5/80 | Step 34350 | G: 2.0746 | D_A: 0.0903 | D_B: 0.1310 | Cycle: 0.8728
Epoch 5/80 | Step 34400 | G: 1.6371 | D_A: 0.2523 | D_B: 0.4647 | Cycle: 0.9466
Epoch 5/80 | Step 34450 | G: 1.9188 | D_A: 0.2554 | D_B: 0.1828 | Cycle: 1.0169
Epoch 5/80 | Step 34500 | G: 1.7700 | D_A: 0.1688 | D_B: 0.2756 | Cycle: 1.0991
Epoch 5/80 | Step 34550 | G: 1.7326 | D_A: 0.1799 | D_B: 0.1486 | Cycle: 0.7266
Epoch 5/80 | Step 34600 | G: 1.6651 | D_A: 0.3400 | D_B: 0.4431 | Cycle: 0.9326
Epoch 5/80 | Step 34650 | G: 1.8750 | D_A: 0.1639 | D_B: 0.1475 | Cycle: 0.7643
Epoch 5/80 | Step 34700 | G: 1.9899 | D_A: 0.2026 | D_B: 0.0489 | Cycle: 0.9027
Epoch 5/80 | Step 34750 | G: 2.9039 | D_A: 0.0641 | D_B: 0.1583 | Cycle: 1.3789
Epoch 5/80 | Step 34800 | G: 2.1598 | D_A: 0.1702 | D_B: 0.3347 | Cycle: 0.9957
Epoch 5/80 | Step 34850 | G: 1.9968 | D_A: 0.3866 | D_B: 0.2962 | Cycle: 1.0770
Epoch 5/80 | Step 34900 | G: 1.7969 | D_A: 0.1861 | D_B: 0.2280 | Cycle: 0.7312
Epoch 5/80 | Step 34950 | G: 1.9318 | D_A: 0.2927 | D_B: 0.3597 | Cycle: 0.9736
Epoch 5/80 | Step 35000 | G: 1.8193 | D_A: 0.3101 | D_B: 0.2856 | Cycle: 1.1322
Epoch 5/80 | Step 35050 | G: 1.8148 | D_A: 0.1130 | D_B: 0.2391 | Cycle: 0.8419
Epoch 5/80 | Step 35100 | G: 2.1720 | D_A: 0.1629 | D_B: 0.1229 | Cycle: 0.9282
Epoch 5/80 | Step 35150 | G: 2.3394 | D_A: 0.4650 | D_B: 0.2691 | Cycle: 0.8827
Epoch 5/80 complete | Time: 429s | Avg G: 2.0535 | Avg D: 0.2048
Epoch 6/80 | Step 35200 | G: 1.8519 | D_A: 0.1982 | D_B: 0.0529 | Cycle: 0.7902
Epoch 6/80 | Step 35250 | G: 2.2807 | D_A: 0.2739 | D_B: 0.2339 | Cycle: 1.1327
Epoch 6/80 | Step 35300 | G: 2.3409 | D_A: 0.0970 | D_B: 0.2124 | Cycle: 1.1000
Epoch 6/80 | Step 35350 | G: 1.9457 | D_A: 0.2317 | D_B: 0.0856 | Cycle: 0.7677
Epoch 6/80 | Step 35400 | G: 1.8074 | D_A: 0.1745 | D_B: 0.2695 | Cycle: 0.8823
Epoch 6/80 | Step 35450 | G: 1.9503 | D_A: 0.2860 | D_B: 0.3008 | Cycle: 0.6690
Epoch 6/80 | Step 35500 | G: 1.7799 | D_A: 0.1648 | D_B: 0.1244 | Cycle: 0.8750
Epoch 6/80 | Step 35550 | G: 1.6788 | D_A: 0.2406 | D_B: 0.1392 | Cycle: 0.6990
Epoch 6/80 | Step 35600 | G: 2.0174 | D_A: 0.2801 | D_B: 0.2174 | Cycle: 0.7305
Epoch 6/80 | Step 35650 | G: 2.0605 | D_A: 0.1031 | D_B: 0.0987 | Cycle: 0.9296
Epoch 6/80 | Step 35700 | G: 2.1667 | D_A: 0.0647 | D_B: 0.1177 | Cycle: 0.9032
Epoch 6/80 | Step 35750 | G: 2.4378 | D_A: 0.1769 | D_B: 0.2991 | Cycle: 0.9052
Epoch 6/80 | Step 35800 | G: 1.8152 | D_A: 0.1644 | D_B: 0.2342 | Cycle: 0.8644
Epoch 6/80 | Step 35850 | G: 2.0134 | D_A: 0.3067 | D_B: 0.1663 | Cycle: 0.9973
Epoch 6/80 | Step 35900 | G: 2.1294 | D_A: 0.0937 | D_B: 0.2053 | Cycle: 0.9827
Epoch 6/80 | Step 35950 | G: 1.8928 | D_A: 0.1636 | D_B: 0.1995 | Cycle: 0.9300
Epoch 6/80 | Step 36000 | G: 2.1975 | D_A: 0.2486 | D_B: 0.2401 | Cycle: 0.9839
Epoch 6/80 | Step 36050 | G: 1.8649 | D_A: 0.1445 | D_B: 0.2525 | Cycle: 0.6697
Epoch 6/80 | Step 36100 | G: 1.6304 | D_A: 0.2738 | D_B: 0.2117 | Cycle: 0.7457
Epoch 6/80 | Step 36150 | G: 2.5734 | D_A: 0.0373 | D_B: 0.3311 | Cycle: 1.0855
Epoch 6/80 | Step 36200 | G: 1.8234 | D_A: 0.2537 | D_B: 0.1991 | Cycle: 0.7809
Epoch 6/80 | Step 36250 | G: 1.8421 | D_A: 0.1557 | D_B: 0.3015 | Cycle: 0.9823
Epoch 6/80 | Step 36300 | G: 2.0223 | D_A: 0.1484 | D_B: 0.3649 | Cycle: 1.0771
Epoch 6/80 | Step 36350 | G: 2.1712 | D_A: 0.2742 | D_B: 0.1536 | Cycle: 0.8176
Epoch 6/80 | Step 36400 | G: 1.9385 | D_A: 0.2769 | D_B: 0.2199 | Cycle: 0.9390
Epoch 6/80 | Step 36450 | G: 1.6002 | D_A: 0.1701 | D_B: 0.2820 | Cycle: 0.8367
Epoch 6/80 | Step 36500 | G: 1.8827 | D_A: 0.2058 | D_B: 0.0626 | Cycle: 1.0698
Epoch 6/80 | Step 36550 | G: 2.6883 | D_A: 0.0718 | D_B: 0.2680 | Cycle: 1.3238
Epoch 6/80 | Step 36600 | G: 2.4445 | D_A: 0.3460 | D_B: 0.3834 | Cycle: 1.1930
Epoch 6/80 | Step 36650 | G: 2.8345 | D_A: 0.1587 | D_B: 0.1121 | Cycle: 1.3410
Epoch 6/80 | Step 36700 | G: 2.0629 | D_A: 0.2831 | D_B: 0.2734 | Cycle: 0.9537
Epoch 6/80 | Step 36750 | G: 1.4754 | D_A: 0.3150 | D_B: 0.3780 | Cycle: 0.8863
Epoch 6/80 | Step 36800 | G: 1.7378 | D_A: 0.1974 | D_B: 0.2464 | Cycle: 0.8650
Epoch 6/80 | Step 36850 | G: 1.9598 | D_A: 0.2872 | D_B: 0.2330 | Cycle: 0.7321
Epoch 6/80 | Step 36900 | G: 2.1847 | D_A: 0.0901 | D_B: 0.1063 | Cycle: 0.8603
Epoch 6/80 | Step 36950 | G: 2.0141 | D_A: 0.0544 | D_B: 0.1068 | Cycle: 0.7643
Epoch 6/80 | Step 37000 | G: 2.0032 | D_A: 0.1555 | D_B: 0.2350 | Cycle: 0.9216
Epoch 6/80 | Step 37050 | G: 2.3655 | D_A: 0.1316 | D_B: 0.2036 | Cycle: 0.9268
Epoch 6/80 | Step 37100 | G: 2.4339 | D_A: 0.1915 | D_B: 0.1773 | Cycle: 1.1179
Epoch 6/80 | Step 37150 | G: 1.7925 | D_A: 0.1905 | D_B: 0.3308 | Cycle: 0.8587
Epoch 6/80 | Step 37200 | G: 1.4694 | D_A: 0.2997 | D_B: 0.2174 | Cycle: 0.7857
Epoch 6/80 | Step 37250 | G: 2.3310 | D_A: 0.1864 | D_B: 0.3442 | Cycle: 1.0707
Epoch 6/80 | Step 37300 | G: 2.1635 | D_A: 0.2713 | D_B: 0.1030 | Cycle: 0.8627
Epoch 6/80 | Step 37350 | G: 1.8471 | D_A: 0.1640 | D_B: 0.1955 | Cycle: 0.8048
Epoch 6/80 | Step 37400 | G: 2.0964 | D_A: 0.1266 | D_B: 0.1510 | Cycle: 0.7117
Epoch 6/80 | Step 37450 | G: 1.8842 | D_A: 0.2012 | D_B: 0.2394 | Cycle: 0.9480
Epoch 6/80 | Step 37500 | G: 2.0033 | D_A: 0.1664 | D_B: 0.2661 | Cycle: 0.8883
Epoch 6/80 | Step 37550 | G: 1.8293 | D_A: 0.2415 | D_B: 0.2119 | Cycle: 0.8513
Epoch 6/80 | Step 37600 | G: 2.1167 | D_A: 0.2954 | D_B: 0.1121 | Cycle: 0.8612
Epoch 6/80 | Step 37650 | G: 2.9773 | D_A: 0.1984 | D_B: 0.1236 | Cycle: 1.2272
Epoch 6/80 | Step 37700 | G: 2.1344 | D_A: 0.1777 | D_B: 0.1990 | Cycle: 0.9318
Epoch 6/80 | Step 37750 | G: 1.7401 | D_A: 0.0821 | D_B: 0.2679 | Cycle: 0.9034
Epoch 6/80 | Step 37800 | G: 2.2084 | D_A: 0.1155 | D_B: 0.1568 | Cycle: 0.9059
Epoch 6/80 | Step 37850 | G: 2.1253 | D_A: 0.0773 | D_B: 0.1623 | Cycle: 1.1903
Epoch 6/80 | Step 37900 | G: 2.1085 | D_A: 0.3100 | D_B: 0.2253 | Cycle: 0.9885
Epoch 6/80 | Step 37950 | G: 1.4903 | D_A: 0.2641 | D_B: 0.2955 | Cycle: 0.8193
Epoch 6/80 | Step 38000 | G: 2.8553 | D_A: 0.1084 | D_B: 0.1492 | Cycle: 1.0905
Epoch 6/80 | Step 38050 | G: 2.1854 | D_A: 0.1007 | D_B: 0.1337 | Cycle: 0.9279
Epoch 6/80 | Step 38100 | G: 1.4390 | D_A: 0.2721 | D_B: 0.2417 | Cycle: 0.8078
Epoch 6/80 | Step 38150 | G: 2.5039 | D_A: 0.1668 | D_B: 0.1997 | Cycle: 1.3104
Epoch 6/80 | Step 38200 | G: 1.7188 | D_A: 0.2550 | D_B: 0.3818 | Cycle: 1.1567
Epoch 6/80 | Step 38250 | G: 1.7326 | D_A: 0.2118 | D_B: 0.2475 | Cycle: 0.6573
Epoch 6/80 | Step 38300 | G: 2.0608 | D_A: 0.0793 | D_B: 0.2090 | Cycle: 0.7710
Epoch 6/80 | Step 38350 | G: 2.0218 | D_A: 0.3104 | D_B: 0.2143 | Cycle: 0.8146
Epoch 6/80 | Step 38400 | G: 1.8562 | D_A: 0.1381 | D_B: 0.2395 | Cycle: 1.0261
Epoch 6/80 | Step 38450 | G: 2.5236 | D_A: 0.3695 | D_B: 0.2146 | Cycle: 0.7215
Epoch 6/80 | Step 38500 | G: 1.7760 | D_A: 0.3455 | D_B: 0.2950 | Cycle: 0.6830
Epoch 6/80 | Step 38550 | G: 2.2103 | D_A: 0.1386 | D_B: 0.1996 | Cycle: 1.4417
Epoch 6/80 | Step 38600 | G: 2.8281 | D_A: 0.0598 | D_B: 0.1540 | Cycle: 1.1688
Epoch 6/80 | Step 38650 | G: 2.0195 | D_A: 0.1182 | D_B: 0.2689 | Cycle: 0.9674
Epoch 6/80 | Step 38700 | G: 1.9994 | D_A: 0.0787 | D_B: 0.1932 | Cycle: 0.9142
Epoch 6/80 | Step 38750 | G: 1.8022 | D_A: 0.0434 | D_B: 0.2337 | Cycle: 0.8601
Epoch 6/80 | Step 38800 | G: 1.7966 | D_A: 0.1376 | D_B: 0.1680 | Cycle: 0.7515
Epoch 6/80 | Step 38850 | G: 2.3186 | D_A: 0.1551 | D_B: 0.2829 | Cycle: 1.4585
Epoch 6/80 | Step 38900 | G: 1.8440 | D_A: 0.1761 | D_B: 0.1493 | Cycle: 0.7203
Epoch 6/80 | Step 38950 | G: 2.1663 | D_A: 0.2588 | D_B: 0.0431 | Cycle: 0.8895
Epoch 6/80 | Step 39000 | G: 2.1024 | D_A: 0.3953 | D_B: 0.0333 | Cycle: 0.8601
Epoch 6/80 | Step 39050 | G: 2.1887 | D_A: 0.2274 | D_B: 0.2149 | Cycle: 1.0988
Epoch 6/80 | Step 39100 | G: 2.3161 | D_A: 0.3329 | D_B: 0.1149 | Cycle: 1.1669
Epoch 6/80 | Step 39150 | G: 2.3553 | D_A: 0.0400 | D_B: 0.1692 | Cycle: 1.1217
Epoch 6/80 | Step 39200 | G: 1.9183 | D_A: 0.2487 | D_B: 0.2947 | Cycle: 0.9241
Epoch 6/80 | Step 39250 | G: 2.1310 | D_A: 0.1896 | D_B: 0.1597 | Cycle: 0.8683
Epoch 6/80 | Step 39300 | G: 1.9372 | D_A: 0.3325 | D_B: 0.1758 | Cycle: 0.9899
Epoch 6/80 | Step 39350 | G: 2.1448 | D_A: 0.0675 | D_B: 0.1727 | Cycle: 0.9288
Epoch 6/80 | Step 39400 | G: 1.4702 | D_A: 0.2464 | D_B: 0.3180 | Cycle: 0.6255
Epoch 6/80 | Step 39450 | G: 2.9581 | D_A: 0.1531 | D_B: 0.2676 | Cycle: 1.8877
Epoch 6/80 | Step 39500 | G: 2.1878 | D_A: 0.0965 | D_B: 0.1672 | Cycle: 0.9428
Epoch 6/80 | Step 39550 | G: 2.2566 | D_A: 0.0993 | D_B: 0.0638 | Cycle: 0.7840
Epoch 6/80 | Step 39600 | G: 2.9184 | D_A: 0.1214 | D_B: 0.1950 | Cycle: 1.0599
Epoch 6/80 | Step 39650 | G: 1.5815 | D_A: 0.4376 | D_B: 0.2582 | Cycle: 0.7416
Epoch 6/80 | Step 39700 | G: 1.7271 | D_A: 0.1729 | D_B: 0.2798 | Cycle: 0.7837
Epoch 6/80 | Step 39750 | G: 2.4984 | D_A: 0.1857 | D_B: 0.1280 | Cycle: 0.9522
Epoch 6/80 | Step 39800 | G: 1.8011 | D_A: 0.1927 | D_B: 0.1898 | Cycle: 0.9057
Epoch 6/80 | Step 39850 | G: 2.3167 | D_A: 0.2408 | D_B: 0.2315 | Cycle: 1.2764
Epoch 6/80 | Step 39900 | G: 2.2372 | D_A: 0.1750 | D_B: 0.1316 | Cycle: 1.2471
Epoch 6/80 | Step 39950 | G: 1.4555 | D_A: 0.1658 | D_B: 0.1938 | Cycle: 0.7402
Epoch 6/80 | Step 40000 | G: 1.5243 | D_A: 0.2584 | D_B: 0.2655 | Cycle: 0.6765
Epoch 6/80 | Step 40050 | G: 2.0441 | D_A: 0.2891 | D_B: 0.3017 | Cycle: 1.3187
Epoch 6/80 | Step 40100 | G: 2.0397 | D_A: 0.2164 | D_B: 0.1673 | Cycle: 0.7802
Epoch 6/80 | Step 40150 | G: 1.8529 | D_A: 0.2745 | D_B: 0.2362 | Cycle: 0.7201
Epoch 6/80 | Step 40200 | G: 1.8691 | D_A: 0.2755 | D_B: 0.1781 | Cycle: 0.7827
Epoch 6/80 | Step 40250 | G: 2.3419 | D_A: 0.1862 | D_B: 0.1940 | Cycle: 0.9688
Epoch 6/80 | Step 40300 | G: 1.9832 | D_A: 0.1856 | D_B: 0.2088 | Cycle: 1.0838
Epoch 6/80 | Step 40350 | G: 2.0451 | D_A: 0.1305 | D_B: 0.1586 | Cycle: 0.9033
Epoch 6/80 | Step 40400 | G: 1.8735 | D_A: 0.1546 | D_B: 0.2441 | Cycle: 0.8143
Epoch 6/80 | Step 40450 | G: 2.6434 | D_A: 0.1438 | D_B: 0.0679 | Cycle: 1.2054
Epoch 6/80 | Step 40500 | G: 1.9795 | D_A: 0.2520 | D_B: 0.2220 | Cycle: 1.2061
Epoch 6/80 | Step 40550 | G: 2.1440 | D_A: 0.2217 | D_B: 0.3175 | Cycle: 1.2084
Epoch 6/80 | Step 40600 | G: 2.2058 | D_A: 0.0873 | D_B: 0.2027 | Cycle: 0.9502
Epoch 6/80 | Step 40650 | G: 2.3967 | D_A: 0.2535 | D_B: 0.1806 | Cycle: 1.1130
Epoch 6/80 | Step 40700 | G: 2.5532 | D_A: 0.1017 | D_B: 0.2182 | Cycle: 1.1109
Epoch 6/80 | Step 40750 | G: 2.1903 | D_A: 0.0690 | D_B: 0.1558 | Cycle: 1.0564
Epoch 6/80 | Step 40800 | G: 1.9039 | D_A: 0.0516 | D_B: 0.1285 | Cycle: 0.8714
Epoch 6/80 | Step 40850 | G: 2.4667 | D_A: 0.0982 | D_B: 0.2927 | Cycle: 1.0540
Epoch 6/80 | Step 40900 | G: 2.0854 | D_A: 0.2133 | D_B: 0.3507 | Cycle: 1.0060
Epoch 6/80 | Step 40950 | G: 2.4570 | D_A: 0.1992 | D_B: 0.1580 | Cycle: 1.1901
Epoch 6/80 | Step 41000 | G: 1.6670 | D_A: 0.2476 | D_B: 0.0796 | Cycle: 0.8913
Epoch 6/80 | Step 41050 | G: 2.0974 | D_A: 0.1256 | D_B: 0.1417 | Cycle: 0.8437
Epoch 6/80 | Step 41100 | G: 1.8311 | D_A: 0.3262 | D_B: 0.2151 | Cycle: 0.8570
Epoch 6/80 | Step 41150 | G: 1.9761 | D_A: 0.2687 | D_B: 0.2467 | Cycle: 0.8909
Epoch 6/80 | Step 41200 | G: 2.2676 | D_A: 0.3274 | D_B: 0.1773 | Cycle: 1.2278
Epoch 6/80 | Step 41250 | G: 2.5155 | D_A: 0.0654 | D_B: 0.1072 | Cycle: 1.0233
Epoch 6/80 | Step 41300 | G: 1.7528 | D_A: 0.2066 | D_B: 0.1643 | Cycle: 0.8857
Epoch 6/80 | Step 41350 | G: 2.3492 | D_A: 0.0848 | D_B: 0.1795 | Cycle: 0.8382
Epoch 6/80 | Step 41400 | G: 2.1386 | D_A: 0.1868 | D_B: 0.2457 | Cycle: 0.9251
Epoch 6/80 | Step 41450 | G: 2.4303 | D_A: 0.2878 | D_B: 0.0860 | Cycle: 0.8336
Epoch 6/80 | Step 41500 | G: 1.6919 | D_A: 0.2710 | D_B: 0.2074 | Cycle: 0.7125
Epoch 6/80 | Step 41550 | G: 1.7932 | D_A: 0.1001 | D_B: 0.1588 | Cycle: 0.7801
Epoch 6/80 | Step 41600 | G: 2.3568 | D_A: 0.2585 | D_B: 0.1334 | Cycle: 1.2338
Epoch 6/80 | Step 41650 | G: 2.5648 | D_A: 0.1593 | D_B: 0.1648 | Cycle: 0.8419
Epoch 6/80 | Step 41700 | G: 1.6558 | D_A: 0.0907 | D_B: 0.1547 | Cycle: 0.7277
Epoch 6/80 | Step 41750 | G: 2.0048 | D_A: 0.1025 | D_B: 0.1955 | Cycle: 0.9209
Epoch 6/80 | Step 41800 | G: 2.5207 | D_A: 0.1879 | D_B: 0.1400 | Cycle: 1.2757
Epoch 6/80 | Step 41850 | G: 1.9217 | D_A: 0.2506 | D_B: 0.1251 | Cycle: 0.9894
Epoch 6/80 | Step 41900 | G: 2.4572 | D_A: 0.1272 | D_B: 0.1453 | Cycle: 1.0706
Epoch 6/80 | Step 41950 | G: 2.4749 | D_A: 0.0869 | D_B: 0.1635 | Cycle: 1.0851
Epoch 6/80 | Step 42000 | G: 2.1708 | D_A: 0.1246 | D_B: 0.3558 | Cycle: 1.0083
Epoch 6/80 | Step 42050 | G: 1.6870 | D_A: 0.1755 | D_B: 0.1350 | Cycle: 0.6635
Epoch 6/80 | Step 42100 | G: 2.6596 | D_A: 0.0549 | D_B: 0.1489 | Cycle: 1.1237
Epoch 6/80 | Step 42150 | G: 2.1436 | D_A: 0.1508 | D_B: 0.1072 | Cycle: 0.9978
Epoch 6/80 | Step 42200 | G: 2.0545 | D_A: 0.1369 | D_B: 0.2806 | Cycle: 1.0762
Epoch 6/80 complete | Time: 428s | Avg G: 2.0666 | Avg D: 0.1998
Epoch 7/80 | Step 42250 | G: 2.3863 | D_A: 0.3601 | D_B: 0.1691 | Cycle: 0.9584
Epoch 7/80 | Step 42300 | G: 2.3084 | D_A: 0.2451 | D_B: 0.1379 | Cycle: 1.0787
Epoch 7/80 | Step 42350 | G: 2.5674 | D_A: 0.2719 | D_B: 0.2317 | Cycle: 1.0182
Epoch 7/80 | Step 42400 | G: 2.3168 | D_A: 0.1294 | D_B: 0.2184 | Cycle: 0.9838
Epoch 7/80 | Step 42450 | G: 2.1576 | D_A: 0.1147 | D_B: 0.1429 | Cycle: 0.7419
Epoch 7/80 | Step 42500 | G: 1.8846 | D_A: 0.1907 | D_B: 0.2605 | Cycle: 0.9953
Epoch 7/80 | Step 42550 | G: 1.6604 | D_A: 0.2538 | D_B: 0.3035 | Cycle: 0.8793
Epoch 7/80 | Step 42600 | G: 1.7041 | D_A: 0.3237 | D_B: 0.1882 | Cycle: 0.9641
Epoch 7/80 | Step 42650 | G: 2.2458 | D_A: 0.2250 | D_B: 0.2333 | Cycle: 1.2499
Epoch 7/80 | Step 42700 | G: 1.3017 | D_A: 0.2844 | D_B: 0.2415 | Cycle: 0.6105
Epoch 7/80 | Step 42750 | G: 2.5964 | D_A: 0.2143 | D_B: 0.1860 | Cycle: 0.9050
Epoch 7/80 | Step 42800 | G: 2.4139 | D_A: 0.4616 | D_B: 0.1906 | Cycle: 0.9456
Epoch 7/80 | Step 42850 | G: 1.9289 | D_A: 0.1567 | D_B: 0.1500 | Cycle: 0.8138
Epoch 7/80 | Step 42900 | G: 1.8876 | D_A: 0.3270 | D_B: 0.0595 | Cycle: 0.9390
Epoch 7/80 | Step 42950 | G: 2.0636 | D_A: 0.1046 | D_B: 0.2184 | Cycle: 1.0710
Epoch 7/80 | Step 43000 | G: 2.2110 | D_A: 0.0899 | D_B: 0.1899 | Cycle: 0.8732
Epoch 7/80 | Step 43050 | G: 2.0319 | D_A: 0.1985 | D_B: 0.1590 | Cycle: 0.9085
Epoch 7/80 | Step 43100 | G: 1.9654 | D_A: 0.3521 | D_B: 0.0987 | Cycle: 0.9196
Epoch 7/80 | Step 43150 | G: 1.6278 | D_A: 0.2086 | D_B: 0.0707 | Cycle: 0.8196
Epoch 7/80 | Step 43200 | G: 2.0630 | D_A: 0.0787 | D_B: 0.2490 | Cycle: 0.7800
Epoch 7/80 | Step 43250 | G: 2.0366 | D_A: 0.1553 | D_B: 0.1802 | Cycle: 0.9051
Epoch 7/80 | Step 43300 | G: 1.9136 | D_A: 0.1378 | D_B: 0.2072 | Cycle: 0.8139
Epoch 7/80 | Step 43350 | G: 1.6658 | D_A: 0.2107 | D_B: 0.2014 | Cycle: 0.7665
Epoch 7/80 | Step 43400 | G: 2.7295 | D_A: 0.1235 | D_B: 0.2012 | Cycle: 1.2904
Epoch 7/80 | Step 43450 | G: 1.9648 | D_A: 0.0891 | D_B: 0.1845 | Cycle: 0.8327
Epoch 7/80 | Step 43500 | G: 1.6405 | D_A: 0.1900 | D_B: 0.2210 | Cycle: 0.8727
Epoch 7/80 | Step 43550 | G: 2.0353 | D_A: 0.1966 | D_B: 0.2203 | Cycle: 1.0412
Epoch 7/80 | Step 43600 | G: 2.1513 | D_A: 0.2056 | D_B: 0.2433 | Cycle: 1.0852
Epoch 7/80 | Step 43650 | G: 2.3377 | D_A: 0.1824 | D_B: 0.1933 | Cycle: 0.7954
Epoch 7/80 | Step 43700 | G: 2.3475 | D_A: 0.2860 | D_B: 0.1937 | Cycle: 1.1937
Epoch 7/80 | Step 43750 | G: 2.3743 | D_A: 0.1472 | D_B: 0.2259 | Cycle: 0.8354
Epoch 7/80 | Step 43800 | G: 2.1672 | D_A: 0.4288 | D_B: 0.2352 | Cycle: 0.8763
Epoch 7/80 | Step 43850 | G: 2.3788 | D_A: 0.2978 | D_B: 0.1488 | Cycle: 1.4344
Epoch 7/80 | Step 43900 | G: 2.0117 | D_A: 0.1321 | D_B: 0.1136 | Cycle: 0.8669
Epoch 7/80 | Step 43950 | G: 2.2919 | D_A: 0.2482 | D_B: 0.2725 | Cycle: 0.7825
Epoch 7/80 | Step 44000 | G: 2.3722 | D_A: 0.1305 | D_B: 0.4888 | Cycle: 0.9864
Epoch 7/80 | Step 44050 | G: 2.4435 | D_A: 0.3316 | D_B: 0.2279 | Cycle: 0.7053
Epoch 7/80 | Step 44100 | G: 1.9536 | D_A: 0.3858 | D_B: 0.2925 | Cycle: 0.9420
Epoch 7/80 | Step 44150 | G: 1.5255 | D_A: 0.1297 | D_B: 0.2379 | Cycle: 0.8146
Epoch 7/80 | Step 44200 | G: 2.4737 | D_A: 0.1210 | D_B: 0.1506 | Cycle: 0.9518
Epoch 7/80 | Step 44250 | G: 2.1275 | D_A: 0.1171 | D_B: 0.1496 | Cycle: 0.9609
Epoch 7/80 | Step 44300 | G: 2.0883 | D_A: 0.2203 | D_B: 0.1301 | Cycle: 0.8192
Epoch 7/80 | Step 44350 | G: 2.5407 | D_A: 0.0874 | D_B: 0.1259 | Cycle: 0.7112
Epoch 7/80 | Step 44400 | G: 2.1008 | D_A: 0.1249 | D_B: 0.1805 | Cycle: 0.7590
Epoch 7/80 | Step 44450 | G: 1.8001 | D_A: 0.2695 | D_B: 0.2239 | Cycle: 0.8251
Epoch 7/80 | Step 44500 | G: 2.2959 | D_A: 0.0782 | D_B: 0.2430 | Cycle: 1.1095
Epoch 7/80 | Step 44550 | G: 2.7665 | D_A: 0.1737 | D_B: 0.1663 | Cycle: 0.7409
Epoch 7/80 | Step 44600 | G: 1.6403 | D_A: 0.1706 | D_B: 0.1236 | Cycle: 0.8176
Epoch 7/80 | Step 44650 | G: 1.9257 | D_A: 0.1470 | D_B: 0.2407 | Cycle: 0.8949
Epoch 7/80 | Step 44700 | G: 1.9543 | D_A: 0.0951 | D_B: 0.2529 | Cycle: 0.9315
Epoch 7/80 | Step 44750 | G: 1.9366 | D_A: 0.1432 | D_B: 0.1575 | Cycle: 0.8038
Epoch 7/80 | Step 44800 | G: 1.8928 | D_A: 0.3149 | D_B: 0.2045 | Cycle: 0.6990
Epoch 7/80 | Step 44850 | G: 1.8006 | D_A: 0.3284 | D_B: 0.1602 | Cycle: 0.8954
Epoch 7/80 | Step 44900 | G: 2.2087 | D_A: 0.3073 | D_B: 0.1920 | Cycle: 0.9721
Epoch 7/80 | Step 44950 | G: 2.3017 | D_A: 0.0801 | D_B: 0.1458 | Cycle: 1.1125
Epoch 7/80 | Step 45000 | G: 2.0983 | D_A: 0.2863 | D_B: 0.2566 | Cycle: 1.0083
Epoch 7/80 | Step 45050 | G: 2.2257 | D_A: 0.2398 | D_B: 0.2421 | Cycle: 1.1490
Epoch 7/80 | Step 45100 | G: 1.9219 | D_A: 0.2173 | D_B: 0.1093 | Cycle: 0.7619
Epoch 7/80 | Step 45150 | G: 1.8928 | D_A: 0.0877 | D_B: 0.2881 | Cycle: 0.9397
Epoch 7/80 | Step 45200 | G: 2.5609 | D_A: 0.1802 | D_B: 0.1462 | Cycle: 1.1990
Epoch 7/80 | Step 45250 | G: 1.8707 | D_A: 0.2517 | D_B: 0.1831 | Cycle: 0.9175
Epoch 7/80 | Step 45300 | G: 2.1352 | D_A: 0.2932 | D_B: 0.0477 | Cycle: 0.8391
Epoch 7/80 | Step 45350 | G: 1.8227 | D_A: 0.0954 | D_B: 0.1596 | Cycle: 0.7833
Epoch 7/80 | Step 45400 | G: 1.8853 | D_A: 0.3778 | D_B: 0.3291 | Cycle: 0.9823
Epoch 7/80 | Step 45450 | G: 2.0901 | D_A: 0.1139 | D_B: 0.1489 | Cycle: 0.8974
Epoch 7/80 | Step 45500 | G: 1.6062 | D_A: 0.3444 | D_B: 0.2643 | Cycle: 0.7950
Epoch 7/80 | Step 45550 | G: 2.3834 | D_A: 0.1157 | D_B: 0.2705 | Cycle: 1.1555
Epoch 7/80 | Step 45600 | G: 2.1225 | D_A: 0.0950 | D_B: 0.1885 | Cycle: 0.9004
Epoch 7/80 | Step 45650 | G: 1.9733 | D_A: 0.2445 | D_B: 0.2807 | Cycle: 0.9946
Epoch 7/80 | Step 45700 | G: 2.4253 | D_A: 0.1368 | D_B: 0.2208 | Cycle: 1.0559
Epoch 7/80 | Step 45750 | G: 1.8278 | D_A: 0.2147 | D_B: 0.2208 | Cycle: 0.7741
Epoch 7/80 | Step 45800 | G: 1.6643 | D_A: 0.0892 | D_B: 0.3072 | Cycle: 0.7706
Epoch 7/80 | Step 45850 | G: 2.0420 | D_A: 0.1174 | D_B: 0.2283 | Cycle: 0.7457
Epoch 7/80 | Step 45900 | G: 2.0203 | D_A: 0.1413 | D_B: 0.1144 | Cycle: 0.9188
Epoch 7/80 | Step 45950 | G: 2.3314 | D_A: 0.1161 | D_B: 0.2084 | Cycle: 0.7767
Epoch 7/80 | Step 46000 | G: 1.8276 | D_A: 0.0823 | D_B: 0.2270 | Cycle: 0.7373
Epoch 7/80 | Step 46050 | G: 2.6297 | D_A: 0.2757 | D_B: 0.1615 | Cycle: 1.2229
Epoch 7/80 | Step 46100 | G: 2.8037 | D_A: 0.0399 | D_B: 0.2280 | Cycle: 0.8433
Epoch 7/80 | Step 46150 | G: 3.3157 | D_A: 0.1827 | D_B: 0.0669 | Cycle: 1.0910
Epoch 7/80 | Step 46200 | G: 1.8941 | D_A: 0.3751 | D_B: 0.2108 | Cycle: 1.0391
Epoch 7/80 | Step 46250 | G: 2.0042 | D_A: 0.1902 | D_B: 0.0804 | Cycle: 0.9048
Epoch 7/80 | Step 46300 | G: 1.8694 | D_A: 0.2349 | D_B: 0.1593 | Cycle: 0.7825
Epoch 7/80 | Step 46350 | G: 1.8867 | D_A: 0.1555 | D_B: 0.1468 | Cycle: 0.9509
Epoch 7/80 | Step 46400 | G: 2.1167 | D_A: 0.0912 | D_B: 0.1265 | Cycle: 0.7670
Epoch 7/80 | Step 46450 | G: 1.8117 | D_A: 0.1936 | D_B: 0.0931 | Cycle: 0.8726
Epoch 7/80 | Step 46500 | G: 1.6370 | D_A: 0.2800 | D_B: 0.2941 | Cycle: 0.7483
Epoch 7/80 | Step 46550 | G: 1.5922 | D_A: 0.1914 | D_B: 0.1089 | Cycle: 0.8472
Epoch 7/80 | Step 46600 | G: 2.1876 | D_A: 0.2537 | D_B: 0.2272 | Cycle: 0.8583
Epoch 7/80 | Step 46650 | G: 1.9176 | D_A: 0.1749 | D_B: 0.2701 | Cycle: 0.8663
Epoch 7/80 | Step 46700 | G: 1.6679 | D_A: 0.1897 | D_B: 0.3041 | Cycle: 0.9613
Epoch 7/80 | Step 46750 | G: 2.2224 | D_A: 0.1629 | D_B: 0.1282 | Cycle: 0.9722
Epoch 7/80 | Step 46800 | G: 2.0473 | D_A: 0.2492 | D_B: 0.3668 | Cycle: 0.7719
Epoch 7/80 | Step 46850 | G: 2.0461 | D_A: 0.1595 | D_B: 0.2350 | Cycle: 0.8604
Epoch 7/80 | Step 46900 | G: 1.9445 | D_A: 0.3616 | D_B: 0.1589 | Cycle: 0.7891
Epoch 7/80 | Step 46950 | G: 2.2596 | D_A: 0.2857 | D_B: 0.1242 | Cycle: 0.9188
Epoch 7/80 | Step 47000 | G: 1.8519 | D_A: 0.3616 | D_B: 0.1424 | Cycle: 0.8574
Epoch 7/80 | Step 47050 | G: 2.3654 | D_A: 0.3188 | D_B: 0.1910 | Cycle: 0.9682
Epoch 7/80 | Step 47100 | G: 2.3262 | D_A: 0.2327 | D_B: 0.2092 | Cycle: 0.7522
Epoch 7/80 | Step 47150 | G: 2.3695 | D_A: 0.1171 | D_B: 0.2058 | Cycle: 1.0594
Epoch 7/80 | Step 47200 | G: 1.6599 | D_A: 0.0678 | D_B: 0.2703 | Cycle: 0.7702
Epoch 7/80 | Step 47250 | G: 1.5125 | D_A: 0.1823 | D_B: 0.3100 | Cycle: 0.5734
Epoch 7/80 | Step 47300 | G: 1.9641 | D_A: 0.3638 | D_B: 0.2495 | Cycle: 0.9579
Epoch 7/80 | Step 47350 | G: 1.6677 | D_A: 0.2559 | D_B: 0.1505 | Cycle: 0.9205
Epoch 7/80 | Step 47400 | G: 1.9618 | D_A: 0.2437 | D_B: 0.1190 | Cycle: 0.9346
Epoch 7/80 | Step 47450 | G: 2.6342 | D_A: 0.2234 | D_B: 0.1398 | Cycle: 0.8707
Epoch 7/80 | Step 47500 | G: 2.3431 | D_A: 0.2898 | D_B: 0.2196 | Cycle: 1.0205
Epoch 7/80 | Step 47550 | G: 1.8757 | D_A: 0.1495 | D_B: 0.2441 | Cycle: 0.9644
Epoch 7/80 | Step 47600 | G: 2.1995 | D_A: 0.1985 | D_B: 0.1493 | Cycle: 0.7967
Epoch 7/80 | Step 47650 | G: 3.1914 | D_A: 0.1622 | D_B: 0.1716 | Cycle: 1.2421
Epoch 7/80 | Step 47700 | G: 1.4390 | D_A: 0.2931 | D_B: 0.2040 | Cycle: 0.7697
Epoch 7/80 | Step 47750 | G: 1.9916 | D_A: 0.1508 | D_B: 0.1616 | Cycle: 0.7551
Epoch 7/80 | Step 47800 | G: 2.5403 | D_A: 0.1214 | D_B: 0.2249 | Cycle: 1.2033
Epoch 7/80 | Step 47850 | G: 2.1801 | D_A: 0.1294 | D_B: 0.1840 | Cycle: 0.8207
Epoch 7/80 | Step 47900 | G: 2.2077 | D_A: 0.1559 | D_B: 0.0982 | Cycle: 1.0716
Epoch 7/80 | Step 47950 | G: 2.3502 | D_A: 0.2314 | D_B: 0.2446 | Cycle: 0.9549
Epoch 7/80 | Step 48000 | G: 2.1066 | D_A: 0.1835 | D_B: 0.2227 | Cycle: 0.8991
Epoch 7/80 | Step 48050 | G: 1.9722 | D_A: 0.1767 | D_B: 0.1234 | Cycle: 0.8348
Epoch 7/80 | Step 48100 | G: 1.9799 | D_A: 0.2049 | D_B: 0.2521 | Cycle: 0.8522
Epoch 7/80 | Step 48150 | G: 2.5125 | D_A: 0.1311 | D_B: 0.3440 | Cycle: 1.0421
Epoch 7/80 | Step 48200 | G: 2.1098 | D_A: 0.1764 | D_B: 0.1851 | Cycle: 0.9517
Epoch 7/80 | Step 48250 | G: 2.2801 | D_A: 0.2716 | D_B: 0.1318 | Cycle: 1.2021
Epoch 7/80 | Step 48300 | G: 2.5181 | D_A: 0.1452 | D_B: 0.1065 | Cycle: 1.1510
Epoch 7/80 | Step 48350 | G: 2.3108 | D_A: 0.1708 | D_B: 0.2372 | Cycle: 0.8992
Epoch 7/80 | Step 48400 | G: 1.7122 | D_A: 0.2128 | D_B: 0.2800 | Cycle: 0.7047
Epoch 7/80 | Step 48450 | G: 2.2725 | D_A: 0.1173 | D_B: 0.1800 | Cycle: 0.9696
Epoch 7/80 | Step 48500 | G: 2.6324 | D_A: 0.0870 | D_B: 0.1282 | Cycle: 1.0786
Epoch 7/80 | Step 48550 | G: 2.0440 | D_A: 0.1228 | D_B: 0.2182 | Cycle: 0.9209
Epoch 7/80 | Step 48600 | G: 1.6286 | D_A: 0.2118 | D_B: 0.1224 | Cycle: 0.8945
Epoch 7/80 | Step 48650 | G: 2.2019 | D_A: 0.3464 | D_B: 0.1660 | Cycle: 0.7827
Epoch 7/80 | Step 48700 | G: 2.7201 | D_A: 0.0573 | D_B: 0.1653 | Cycle: 1.0346
Epoch 7/80 | Step 48750 | G: 1.4859 | D_A: 0.1814 | D_B: 0.1616 | Cycle: 0.7814
Epoch 7/80 | Step 48800 | G: 1.9752 | D_A: 0.0973 | D_B: 0.1633 | Cycle: 0.9542
Epoch 7/80 | Step 48850 | G: 2.3468 | D_A: 0.2137 | D_B: 0.0831 | Cycle: 0.7873
Epoch 7/80 | Step 48900 | G: 1.9627 | D_A: 0.1908 | D_B: 0.2589 | Cycle: 0.9651
Epoch 7/80 | Step 48950 | G: 2.0331 | D_A: 0.0607 | D_B: 0.1590 | Cycle: 0.7493
Epoch 7/80 | Step 49000 | G: 1.4914 | D_A: 0.2189 | D_B: 0.2124 | Cycle: 0.7740
Epoch 7/80 | Step 49050 | G: 1.9338 | D_A: 0.2638 | D_B: 0.3355 | Cycle: 1.0448
Epoch 7/80 | Step 49100 | G: 2.9649 | D_A: 0.3031 | D_B: 0.1269 | Cycle: 0.6838
Epoch 7/80 | Step 49150 | G: 1.7888 | D_A: 0.1974 | D_B: 0.2982 | Cycle: 0.7477
Epoch 7/80 | Step 49200 | G: 1.2485 | D_A: 0.2599 | D_B: 0.3263 | Cycle: 0.8237
Epoch 7/80 | Step 49250 | G: 2.0535 | D_A: 0.2510 | D_B: 0.1341 | Cycle: 0.8101
Epoch 7/80 complete | Time: 430s | Avg G: 2.0758 | Avg D: 0.1936
Epoch 8/80 | Step 49300 | G: 2.4854 | D_A: 0.0893 | D_B: 0.1659 | Cycle: 1.2177
Epoch 8/80 | Step 49350 | G: 1.8274 | D_A: 0.2068 | D_B: 0.1929 | Cycle: 0.6391
Epoch 8/80 | Step 49400 | G: 1.8386 | D_A: 0.2054 | D_B: 0.2954 | Cycle: 0.6188
Epoch 8/80 | Step 49450 | G: 2.5809 | D_A: 0.1783 | D_B: 0.2022 | Cycle: 1.0987
Epoch 8/80 | Step 49500 | G: 2.6472 | D_A: 0.1716 | D_B: 0.1674 | Cycle: 1.2411
Epoch 8/80 | Step 49550 | G: 2.0150 | D_A: 0.1418 | D_B: 0.2422 | Cycle: 1.1823
Epoch 8/80 | Step 49600 | G: 2.1502 | D_A: 0.1087 | D_B: 0.1394 | Cycle: 0.8893
Epoch 8/80 | Step 49650 | G: 1.8967 | D_A: 0.2548 | D_B: 0.1496 | Cycle: 0.8620
Epoch 8/80 | Step 49700 | G: 1.7916 | D_A: 0.2759 | D_B: 0.2085 | Cycle: 0.7477
Epoch 8/80 | Step 49750 | G: 1.9815 | D_A: 0.2155 | D_B: 0.3164 | Cycle: 0.8553
Epoch 8/80 | Step 49800 | G: 1.9706 | D_A: 0.1997 | D_B: 0.2021 | Cycle: 0.6813
Epoch 8/80 | Step 49850 | G: 1.8692 | D_A: 0.2015 | D_B: 0.1093 | Cycle: 0.8653
Epoch 8/80 | Step 49900 | G: 2.2510 | D_A: 0.0727 | D_B: 0.1557 | Cycle: 1.0346
Epoch 8/80 | Step 49950 | G: 1.7775 | D_A: 0.2559 | D_B: 0.1350 | Cycle: 0.8838
Epoch 8/80 | Step 50000 | G: 1.6864 | D_A: 0.1950 | D_B: 0.1555 | Cycle: 0.7275
Epoch 8/80 | Step 50050 | G: 2.2719 | D_A: 0.1109 | D_B: 0.1473 | Cycle: 0.8117
Epoch 8/80 | Step 50100 | G: 1.7168 | D_A: 0.2152 | D_B: 0.1868 | Cycle: 0.7767
Epoch 8/80 | Step 50150 | G: 1.8818 | D_A: 0.1169 | D_B: 0.1893 | Cycle: 0.6978
Epoch 8/80 | Step 50200 | G: 2.5685 | D_A: 0.0602 | D_B: 0.1997 | Cycle: 0.9625
Epoch 8/80 | Step 50250 | G: 2.1482 | D_A: 0.1310 | D_B: 0.2973 | Cycle: 0.9545
Epoch 8/80 | Step 50300 | G: 2.2961 | D_A: 0.0767 | D_B: 0.1785 | Cycle: 0.9873
Epoch 8/80 | Step 50350 | G: 2.3715 | D_A: 0.1307 | D_B: 0.1338 | Cycle: 0.8753
Epoch 8/80 | Step 50400 | G: 1.1910 | D_A: 0.3188 | D_B: 0.4783 | Cycle: 0.7232
Epoch 8/80 | Step 50450 | G: 2.1785 | D_A: 0.2275 | D_B: 0.1308 | Cycle: 0.9499
Epoch 8/80 | Step 50500 | G: 1.8186 | D_A: 0.2145 | D_B: 0.1520 | Cycle: 0.6898
Epoch 8/80 | Step 50550 | G: 1.7039 | D_A: 0.3230 | D_B: 0.1486 | Cycle: 0.9100
Epoch 8/80 | Step 50600 | G: 1.4060 | D_A: 0.1887 | D_B: 0.2604 | Cycle: 0.7956
Epoch 8/80 | Step 50650 | G: 2.0983 | D_A: 0.1860 | D_B: 0.2933 | Cycle: 0.8530
Epoch 8/80 | Step 50700 | G: 1.5445 | D_A: 0.2234 | D_B: 0.2850 | Cycle: 0.7835
Epoch 8/80 | Step 50750 | G: 1.9665 | D_A: 0.2366 | D_B: 0.1351 | Cycle: 0.8201
Epoch 8/80 | Step 50800 | G: 1.7196 | D_A: 0.2542 | D_B: 0.2429 | Cycle: 0.8430
Epoch 8/80 | Step 50850 | G: 2.8363 | D_A: 0.2805 | D_B: 0.1444 | Cycle: 1.0154
Epoch 8/80 | Step 50900 | G: 1.9798 | D_A: 0.1084 | D_B: 0.1469 | Cycle: 0.8361
Epoch 8/80 | Step 50950 | G: 2.3609 | D_A: 0.0976 | D_B: 0.2094 | Cycle: 1.0551
Epoch 8/80 | Step 51000 | G: 3.0933 | D_A: 0.1464 | D_B: 0.1326 | Cycle: 1.3988
Epoch 8/80 | Step 51050 | G: 2.4192 | D_A: 0.1304 | D_B: 0.0949 | Cycle: 0.9146
Epoch 8/80 | Step 51100 | G: 2.6016 | D_A: 0.2157 | D_B: 0.2246 | Cycle: 0.9656
Epoch 8/80 | Step 51150 | G: 1.7566 | D_A: 0.0796 | D_B: 0.1427 | Cycle: 0.6521
Epoch 8/80 | Step 51200 | G: 2.0998 | D_A: 0.3627 | D_B: 0.4147 | Cycle: 0.6246
Epoch 8/80 | Step 51250 | G: 1.8865 | D_A: 0.1700 | D_B: 0.1100 | Cycle: 1.2008
Epoch 8/80 | Step 51300 | G: 3.1277 | D_A: 0.3638 | D_B: 0.0978 | Cycle: 1.2555
Epoch 8/80 | Step 51350 | G: 2.3850 | D_A: 0.3309 | D_B: 0.2279 | Cycle: 0.7115
Epoch 8/80 | Step 51400 | G: 1.4993 | D_A: 0.2136 | D_B: 0.1830 | Cycle: 0.7245
Epoch 8/80 | Step 51450 | G: 2.1751 | D_A: 0.2472 | D_B: 0.2905 | Cycle: 0.9899
Epoch 8/80 | Step 51500 | G: 1.5630 | D_A: 0.2129 | D_B: 0.1905 | Cycle: 0.7082
Epoch 8/80 | Step 51550 | G: 1.5367 | D_A: 0.1777 | D_B: 0.1978 | Cycle: 0.7362
Epoch 8/80 | Step 51600 | G: 2.7074 | D_A: 0.1790 | D_B: 0.1716 | Cycle: 1.3320
Epoch 8/80 | Step 51650 | G: 1.6836 | D_A: 0.4074 | D_B: 0.3267 | Cycle: 0.9254
Epoch 8/80 | Step 51700 | G: 2.1625 | D_A: 0.1948 | D_B: 0.1564 | Cycle: 0.9649
Epoch 8/80 | Step 51750 | G: 2.2460 | D_A: 0.1379 | D_B: 0.1735 | Cycle: 0.8963
Epoch 8/80 | Step 51800 | G: 1.8342 | D_A: 0.0643 | D_B: 0.1146 | Cycle: 0.6938
Epoch 8/80 | Step 51850 | G: 2.1623 | D_A: 0.3183 | D_B: 0.1993 | Cycle: 1.0230
Epoch 8/80 | Step 51900 | G: 2.0233 | D_A: 0.1674 | D_B: 0.1939 | Cycle: 0.8597
Epoch 8/80 | Step 51950 | G: 3.3309 | D_A: 0.0257 | D_B: 0.1168 | Cycle: 0.9727
Epoch 8/80 | Step 52000 | G: 2.3323 | D_A: 0.1123 | D_B: 0.2237 | Cycle: 0.9827
Epoch 8/80 | Step 52050 | G: 2.0806 | D_A: 0.0980 | D_B: 0.0855 | Cycle: 0.8765
Epoch 8/80 | Step 52100 | G: 1.5415 | D_A: 0.1529 | D_B: 0.1213 | Cycle: 0.8197
Epoch 8/80 | Step 52150 | G: 2.7875 | D_A: 0.1879 | D_B: 0.1652 | Cycle: 1.0333
Epoch 8/80 | Step 52200 | G: 2.1285 | D_A: 0.1158 | D_B: 0.1787 | Cycle: 0.8449
Epoch 8/80 | Step 52250 | G: 2.3033 | D_A: 0.2560 | D_B: 0.1711 | Cycle: 0.9488
Epoch 8/80 | Step 52300 | G: 1.9162 | D_A: 0.0459 | D_B: 0.1731 | Cycle: 0.7323
Epoch 8/80 | Step 52350 | G: 1.5827 | D_A: 0.1706 | D_B: 0.1674 | Cycle: 0.6892
Epoch 8/80 | Step 52400 | G: 1.9919 | D_A: 0.2563 | D_B: 0.0939 | Cycle: 0.9087
Epoch 8/80 | Step 52450 | G: 1.9482 | D_A: 0.1383 | D_B: 0.1108 | Cycle: 0.7312
Epoch 8/80 | Step 52500 | G: 1.7086 | D_A: 0.2331 | D_B: 0.1360 | Cycle: 0.7940
Epoch 8/80 | Step 52550 | G: 1.9789 | D_A: 0.2868 | D_B: 0.1457 | Cycle: 0.8352
Epoch 8/80 | Step 52600 | G: 2.0869 | D_A: 0.2318 | D_B: 0.1476 | Cycle: 0.8856
Epoch 8/80 | Step 52650 | G: 2.3849 | D_A: 0.1833 | D_B: 0.3505 | Cycle: 0.6992
Epoch 8/80 | Step 52700 | G: 1.9310 | D_A: 0.2223 | D_B: 0.0495 | Cycle: 0.6325
Epoch 8/80 | Step 52750 | G: 2.3672 | D_A: 0.2207 | D_B: 0.1162 | Cycle: 0.9363
Epoch 8/80 | Step 52800 | G: 1.7766 | D_A: 0.3718 | D_B: 0.2131 | Cycle: 0.7294
Epoch 8/80 | Step 52850 | G: 2.2879 | D_A: 0.2274 | D_B: 0.1111 | Cycle: 0.7812
Epoch 8/80 | Step 52900 | G: 2.1527 | D_A: 0.1112 | D_B: 0.2139 | Cycle: 0.7581
Epoch 8/80 | Step 52950 | G: 2.0090 | D_A: 0.2319 | D_B: 0.1258 | Cycle: 0.8128
Epoch 8/80 | Step 53000 | G: 2.6848 | D_A: 0.2446 | D_B: 0.0492 | Cycle: 0.7911
Epoch 8/80 | Step 53050 | G: 1.8912 | D_A: 0.1657 | D_B: 0.1588 | Cycle: 0.7352
Epoch 8/80 | Step 53100 | G: 1.9528 | D_A: 0.2363 | D_B: 0.1753 | Cycle: 1.0412
Epoch 8/80 | Step 53150 | G: 1.8601 | D_A: 0.2056 | D_B: 0.1926 | Cycle: 0.8876
Epoch 8/80 | Step 53200 | G: 1.9834 | D_A: 0.2808 | D_B: 0.2731 | Cycle: 0.8820
Epoch 8/80 | Step 53250 | G: 1.8939 | D_A: 0.2818 | D_B: 0.1591 | Cycle: 1.0559
Epoch 8/80 | Step 53300 | G: 2.3682 | D_A: 0.1981 | D_B: 0.1663 | Cycle: 0.6950
Epoch 8/80 | Step 53350 | G: 1.7868 | D_A: 0.1436 | D_B: 0.1941 | Cycle: 0.8431
Epoch 8/80 | Step 53400 | G: 1.8463 | D_A: 0.2029 | D_B: 0.1849 | Cycle: 0.7762
Epoch 8/80 | Step 53450 | G: 1.7234 | D_A: 0.2387 | D_B: 0.1302 | Cycle: 0.6296
Epoch 8/80 | Step 53500 | G: 1.9622 | D_A: 0.1499 | D_B: 0.2516 | Cycle: 0.8211
Epoch 8/80 | Step 53550 | G: 2.3524 | D_A: 0.1255 | D_B: 0.0614 | Cycle: 0.8376
Epoch 8/80 | Step 53600 | G: 2.2672 | D_A: 0.1377 | D_B: 0.1851 | Cycle: 0.8749
Epoch 8/80 | Step 53650 | G: 1.8852 | D_A: 0.2195 | D_B: 0.2397 | Cycle: 0.8933
Epoch 8/80 | Step 53700 | G: 1.7748 | D_A: 0.1764 | D_B: 0.2796 | Cycle: 0.6650
Epoch 8/80 | Step 53750 | G: 1.7069 | D_A: 0.1131 | D_B: 0.0895 | Cycle: 0.7467
Epoch 8/80 | Step 53800 | G: 2.2967 | D_A: 0.0575 | D_B: 0.2296 | Cycle: 0.9689
Epoch 8/80 | Step 53850 | G: 2.6535 | D_A: 0.2775 | D_B: 0.2375 | Cycle: 0.9214
Epoch 8/80 | Step 53900 | G: 2.2158 | D_A: 0.1209 | D_B: 0.2144 | Cycle: 0.9151
Epoch 8/80 | Step 53950 | G: 1.9917 | D_A: 0.0944 | D_B: 0.1470 | Cycle: 0.7698
Epoch 8/80 | Step 54000 | G: 1.7452 | D_A: 0.1014 | D_B: 0.2247 | Cycle: 0.8890
Epoch 8/80 | Step 54050 | G: 2.2563 | D_A: 0.2220 | D_B: 0.0853 | Cycle: 1.0240
Epoch 8/80 | Step 54100 | G: 1.3832 | D_A: 0.1278 | D_B: 0.3726 | Cycle: 0.6820
Epoch 8/80 | Step 54150 | G: 2.7438 | D_A: 0.1114 | D_B: 0.2774 | Cycle: 1.0177
Epoch 8/80 | Step 54200 | G: 2.3898 | D_A: 0.2558 | D_B: 0.1487 | Cycle: 0.8159
Epoch 8/80 | Step 54250 | G: 2.0461 | D_A: 0.2522 | D_B: 0.3594 | Cycle: 0.9216
Epoch 8/80 | Step 54300 | G: 2.6303 | D_A: 0.1005 | D_B: 0.2086 | Cycle: 0.9773
Epoch 8/80 | Step 54350 | G: 2.0024 | D_A: 0.0626 | D_B: 0.1539 | Cycle: 0.7940
Epoch 8/80 | Step 54400 | G: 1.8338 | D_A: 0.1929 | D_B: 0.2334 | Cycle: 0.8446
Epoch 8/80 | Step 54450 | G: 1.5962 | D_A: 0.1382 | D_B: 0.2399 | Cycle: 0.7224
Epoch 8/80 | Step 54500 | G: 2.1109 | D_A: 0.2313 | D_B: 0.2386 | Cycle: 1.3109
Epoch 8/80 | Step 54550 | G: 2.6078 | D_A: 0.2488 | D_B: 0.2828 | Cycle: 0.8153
Epoch 8/80 | Step 54600 | G: 2.5456 | D_A: 0.1047 | D_B: 0.2139 | Cycle: 1.2343
Epoch 8/80 | Step 54650 | G: 2.6712 | D_A: 0.3084 | D_B: 0.2037 | Cycle: 0.8287
Epoch 8/80 | Step 54700 | G: 1.8490 | D_A: 0.2336 | D_B: 0.1644 | Cycle: 0.8577
Epoch 8/80 | Step 54750 | G: 1.8432 | D_A: 0.1798 | D_B: 0.1658 | Cycle: 0.8097
Epoch 8/80 | Step 54800 | G: 2.6697 | D_A: 0.2081 | D_B: 0.0814 | Cycle: 1.0286
Epoch 8/80 | Step 54850 | G: 2.4779 | D_A: 0.1452 | D_B: 0.1577 | Cycle: 0.9371
Epoch 8/80 | Step 54900 | G: 2.6139 | D_A: 0.2500 | D_B: 0.2240 | Cycle: 1.2730
Epoch 8/80 | Step 54950 | G: 2.2976 | D_A: 0.1213 | D_B: 0.1041 | Cycle: 0.8645
Epoch 8/80 | Step 55000 | G: 1.6929 | D_A: 0.2280 | D_B: 0.2833 | Cycle: 0.8205
Epoch 8/80 | Step 55050 | G: 2.9064 | D_A: 0.2443 | D_B: 0.1962 | Cycle: 0.6323
Epoch 8/80 | Step 55100 | G: 2.2756 | D_A: 0.2242 | D_B: 0.2131 | Cycle: 0.9347
Epoch 8/80 | Step 55150 | G: 2.0724 | D_A: 0.1005 | D_B: 0.0933 | Cycle: 0.9008
Epoch 8/80 | Step 55200 | G: 1.7743 | D_A: 0.2132 | D_B: 0.1383 | Cycle: 0.7380
Epoch 8/80 | Step 55250 | G: 2.5027 | D_A: 0.2082 | D_B: 0.1846 | Cycle: 1.0116
Epoch 8/80 | Step 55300 | G: 2.0722 | D_A: 0.2124 | D_B: 0.2081 | Cycle: 0.9751
Epoch 8/80 | Step 55350 | G: 1.8049 | D_A: 0.2229 | D_B: 0.2147 | Cycle: 0.7183
Epoch 8/80 | Step 55400 | G: 2.1167 | D_A: 0.0924 | D_B: 0.1026 | Cycle: 0.5722
Epoch 8/80 | Step 55450 | G: 2.2012 | D_A: 0.1085 | D_B: 0.2061 | Cycle: 1.0718
Epoch 8/80 | Step 55500 | G: 2.3526 | D_A: 0.2398 | D_B: 0.1547 | Cycle: 0.9570
Epoch 8/80 | Step 55550 | G: 2.0839 | D_A: 0.2361 | D_B: 0.2205 | Cycle: 0.8717
Epoch 8/80 | Step 55600 | G: 2.3903 | D_A: 0.3442 | D_B: 0.1754 | Cycle: 0.7786
Epoch 8/80 | Step 55650 | G: 2.0570 | D_A: 0.2116 | D_B: 0.2077 | Cycle: 0.8055
Epoch 8/80 | Step 55700 | G: 1.7510 | D_A: 0.1360 | D_B: 0.1832 | Cycle: 0.7147
Epoch 8/80 | Step 55750 | G: 2.1739 | D_A: 0.1827 | D_B: 0.0837 | Cycle: 1.0678
Epoch 8/80 | Step 55800 | G: 2.1079 | D_A: 0.1426 | D_B: 0.0694 | Cycle: 0.7795
Epoch 8/80 | Step 55850 | G: 1.4470 | D_A: 0.3178 | D_B: 0.2082 | Cycle: 0.6662
Epoch 8/80 | Step 55900 | G: 2.1324 | D_A: 0.1252 | D_B: 0.1500 | Cycle: 0.7425
Epoch 8/80 | Step 55950 | G: 1.7473 | D_A: 0.1982 | D_B: 0.1551 | Cycle: 0.9238
Epoch 8/80 | Step 56000 | G: 2.5741 | D_A: 0.3042 | D_B: 0.1413 | Cycle: 1.0072
Epoch 8/80 | Step 56050 | G: 1.8055 | D_A: 0.2302 | D_B: 0.1996 | Cycle: 0.8214
Epoch 8/80 | Step 56100 | G: 2.0676 | D_A: 0.1087 | D_B: 0.1372 | Cycle: 0.8216
Epoch 8/80 | Step 56150 | G: 1.7519 | D_A: 0.2674 | D_B: 0.1139 | Cycle: 0.7604
Epoch 8/80 | Step 56200 | G: 1.9191 | D_A: 0.2696 | D_B: 0.1542 | Cycle: 0.8270
Epoch 8/80 | Step 56250 | G: 2.1893 | D_A: 0.1440 | D_B: 0.1153 | Cycle: 0.8339
Epoch 8/80 | Step 56300 | G: 2.3449 | D_A: 0.0446 | D_B: 0.2180 | Cycle: 0.8656
Epoch 8/80 complete | Time: 428s | Avg G: 2.1160 | Avg D: 0.1847
Epoch 9/80 | Step 56350 | G: 2.1749 | D_A: 0.1897 | D_B: 0.1444 | Cycle: 0.7736
Epoch 9/80 | Step 56400 | G: 2.3097 | D_A: 0.1744 | D_B: 0.1733 | Cycle: 0.9527
Epoch 9/80 | Step 56450 | G: 2.5780 | D_A: 0.2023 | D_B: 0.1855 | Cycle: 1.1332
Epoch 9/80 | Step 56500 | G: 2.4433 | D_A: 0.0445 | D_B: 0.1256 | Cycle: 0.8172
Epoch 9/80 | Step 56550 | G: 2.0200 | D_A: 0.0969 | D_B: 0.2702 | Cycle: 0.9164
Epoch 9/80 | Step 56600 | G: 1.9298 | D_A: 0.3904 | D_B: 0.1491 | Cycle: 0.8968
Epoch 9/80 | Step 56650 | G: 3.0313 | D_A: 0.0827 | D_B: 0.0872 | Cycle: 1.0295
Epoch 9/80 | Step 56700 | G: 2.7512 | D_A: 0.3093 | D_B: 0.1712 | Cycle: 0.7697
Epoch 9/80 | Step 56750 | G: 1.6077 | D_A: 0.1666 | D_B: 0.1940 | Cycle: 0.8112
Epoch 9/80 | Step 56800 | G: 1.8720 | D_A: 0.2322 | D_B: 0.1124 | Cycle: 0.9025
Epoch 9/80 | Step 56850 | G: 2.6379 | D_A: 0.2046 | D_B: 0.2005 | Cycle: 1.3521
Epoch 9/80 | Step 56900 | G: 2.8202 | D_A: 0.2006 | D_B: 0.3599 | Cycle: 1.3633
Epoch 9/80 | Step 56950 | G: 2.4339 | D_A: 0.1614 | D_B: 0.0875 | Cycle: 0.7573
Epoch 9/80 | Step 57000 | G: 1.7172 | D_A: 0.2183 | D_B: 0.1877 | Cycle: 0.8350
Epoch 9/80 | Step 57050 | G: 2.4830 | D_A: 0.1719 | D_B: 0.3455 | Cycle: 1.0151
Epoch 9/80 | Step 57100 | G: 1.8595 | D_A: 0.2158 | D_B: 0.1753 | Cycle: 0.7379
Epoch 9/80 | Step 57150 | G: 2.0632 | D_A: 0.1613 | D_B: 0.1710 | Cycle: 0.9718
Epoch 9/80 | Step 57200 | G: 2.1334 | D_A: 0.2984 | D_B: 0.0789 | Cycle: 0.7202
Epoch 9/80 | Step 57250 | G: 1.3811 | D_A: 0.3138 | D_B: 0.1771 | Cycle: 0.8879
Epoch 9/80 | Step 57300 | G: 2.1847 | D_A: 0.0803 | D_B: 0.1230 | Cycle: 1.0850
Epoch 9/80 | Step 57350 | G: 1.6207 | D_A: 0.1315 | D_B: 0.0683 | Cycle: 0.7433
Epoch 9/80 | Step 57400 | G: 1.7727 | D_A: 0.2391 | D_B: 0.2257 | Cycle: 0.6602
Epoch 9/80 | Step 57450 | G: 1.7737 | D_A: 0.2188 | D_B: 0.1604 | Cycle: 0.8642
Epoch 9/80 | Step 57500 | G: 2.1230 | D_A: 0.1391 | D_B: 0.1401 | Cycle: 0.9765
Epoch 9/80 | Step 57550 | G: 2.1220 | D_A: 0.1627 | D_B: 0.1492 | Cycle: 0.8687
Epoch 9/80 | Step 57600 | G: 2.1977 | D_A: 0.2458 | D_B: 0.2226 | Cycle: 0.9105
Epoch 9/80 | Step 57650 | G: 1.5182 | D_A: 0.3684 | D_B: 0.2374 | Cycle: 0.7761
Epoch 9/80 | Step 57700 | G: 2.4468 | D_A: 0.1960 | D_B: 0.1867 | Cycle: 1.5566
Epoch 9/80 | Step 57750 | G: 1.8564 | D_A: 0.1616 | D_B: 0.1002 | Cycle: 0.8547
Epoch 9/80 | Step 57800 | G: 2.2167 | D_A: 0.1069 | D_B: 0.0989 | Cycle: 1.0175
Epoch 9/80 | Step 57850 | G: 1.7662 | D_A: 0.2923 | D_B: 0.1127 | Cycle: 0.8377
Epoch 9/80 | Step 57900 | G: 2.2265 | D_A: 0.1155 | D_B: 0.1278 | Cycle: 1.0619
Epoch 9/80 | Step 57950 | G: 2.6379 | D_A: 0.0701 | D_B: 0.1979 | Cycle: 1.1464
Epoch 9/80 | Step 58000 | G: 2.0336 | D_A: 0.1428 | D_B: 0.1500 | Cycle: 0.8366
Epoch 9/80 | Step 58050 | G: 1.8959 | D_A: 0.3048 | D_B: 0.3227 | Cycle: 1.0005
Epoch 9/80 | Step 58100 | G: 2.2885 | D_A: 0.1689 | D_B: 0.1690 | Cycle: 1.0599
Epoch 9/80 | Step 58150 | G: 2.4031 | D_A: 0.3304 | D_B: 0.0572 | Cycle: 0.8309
Epoch 9/80 | Step 58200 | G: 2.3209 | D_A: 0.0668 | D_B: 0.1094 | Cycle: 0.9495
Epoch 9/80 | Step 58250 | G: 1.9537 | D_A: 0.3004 | D_B: 0.0360 | Cycle: 0.9496
Epoch 9/80 | Step 58300 | G: 2.1185 | D_A: 0.5534 | D_B: 0.1896 | Cycle: 1.1313
Epoch 9/80 | Step 58350 | G: 2.3126 | D_A: 0.1577 | D_B: 0.1739 | Cycle: 0.9208
Epoch 9/80 | Step 58400 | G: 2.7796 | D_A: 0.1705 | D_B: 0.0538 | Cycle: 0.9641
Epoch 9/80 | Step 58450 | G: 1.9575 | D_A: 0.1557 | D_B: 0.1643 | Cycle: 0.7900
Epoch 9/80 | Step 58500 | G: 2.4691 | D_A: 0.0993 | D_B: 0.0978 | Cycle: 0.9477
Epoch 9/80 | Step 58550 | G: 1.6079 | D_A: 0.4529 | D_B: 0.1532 | Cycle: 0.8015
Epoch 9/80 | Step 58600 | G: 2.8520 | D_A: 0.2409 | D_B: 0.1087 | Cycle: 0.7925
Epoch 9/80 | Step 58650 | G: 2.6793 | D_A: 0.1636 | D_B: 0.1691 | Cycle: 1.0056
Epoch 9/80 | Step 58700 | G: 1.8564 | D_A: 0.1966 | D_B: 0.2159 | Cycle: 0.7608
Epoch 9/80 | Step 58750 | G: 2.4567 | D_A: 0.1887 | D_B: 0.1126 | Cycle: 1.0128
Epoch 9/80 | Step 58800 | G: 1.9794 | D_A: 0.0873 | D_B: 0.2644 | Cycle: 0.8902
Epoch 9/80 | Step 58850 | G: 1.6360 | D_A: 0.0728 | D_B: 0.2531 | Cycle: 0.6918
Epoch 9/80 | Step 58900 | G: 2.0540 | D_A: 0.2583 | D_B: 0.1302 | Cycle: 0.6518
Epoch 9/80 | Step 58950 | G: 1.8779 | D_A: 0.3221 | D_B: 0.0297 | Cycle: 0.6726
Epoch 9/80 | Step 59000 | G: 2.3088 | D_A: 0.3457 | D_B: 0.1889 | Cycle: 0.9729
Epoch 9/80 | Step 59050 | G: 1.7102 | D_A: 0.1103 | D_B: 0.1431 | Cycle: 0.7877
Epoch 9/80 | Step 59100 | G: 2.4547 | D_A: 0.1907 | D_B: 0.2029 | Cycle: 0.6878
Epoch 9/80 | Step 59150 | G: 2.4394 | D_A: 0.1033 | D_B: 0.1453 | Cycle: 1.1104
Epoch 9/80 | Step 59200 | G: 1.5982 | D_A: 0.2915 | D_B: 0.2546 | Cycle: 0.6633
Epoch 9/80 | Step 59250 | G: 2.6131 | D_A: 0.2031 | D_B: 0.1713 | Cycle: 1.3743
Epoch 9/80 | Step 59300 | G: 2.3023 | D_A: 0.1348 | D_B: 0.1878 | Cycle: 0.8197
Epoch 9/80 | Step 59350 | G: 2.2414 | D_A: 0.4162 | D_B: 0.2557 | Cycle: 0.7297
Epoch 9/80 | Step 59400 | G: 2.4966 | D_A: 0.1559 | D_B: 0.1986 | Cycle: 1.1860
Epoch 9/80 | Step 59450 | G: 1.7649 | D_A: 0.0906 | D_B: 0.2113 | Cycle: 0.8221
Epoch 9/80 | Step 59500 | G: 2.2103 | D_A: 0.2197 | D_B: 0.2313 | Cycle: 0.9485
Epoch 9/80 | Step 59550 | G: 1.6054 | D_A: 0.1415 | D_B: 0.1976 | Cycle: 0.6532
Epoch 9/80 | Step 59600 | G: 1.9739 | D_A: 0.1471 | D_B: 0.1320 | Cycle: 0.7740
Epoch 9/80 | Step 59650 | G: 1.8481 | D_A: 0.2537 | D_B: 0.1024 | Cycle: 0.7393
Epoch 9/80 | Step 59700 | G: 2.4129 | D_A: 0.1014 | D_B: 0.0914 | Cycle: 1.1550
Epoch 9/80 | Step 59750 | G: 2.1823 | D_A: 0.0733 | D_B: 0.1409 | Cycle: 0.8614
Epoch 9/80 | Step 59800 | G: 2.2625 | D_A: 0.1431 | D_B: 0.0832 | Cycle: 1.0270
Epoch 9/80 | Step 59850 | G: 2.2286 | D_A: 0.2283 | D_B: 0.1439 | Cycle: 0.8882
Epoch 9/80 | Step 59900 | G: 2.2729 | D_A: 0.1061 | D_B: 0.1106 | Cycle: 0.7743
Epoch 9/80 | Step 59950 | G: 2.2332 | D_A: 0.1467 | D_B: 0.2421 | Cycle: 1.0698
Epoch 9/80 | Step 60000 | G: 2.3674 | D_A: 0.3759 | D_B: 0.0925 | Cycle: 0.7882
Epoch 9/80 | Step 60050 | G: 2.6577 | D_A: 0.0370 | D_B: 0.1792 | Cycle: 1.0094
Epoch 9/80 | Step 60100 | G: 2.0138 | D_A: 0.1842 | D_B: 0.1691 | Cycle: 0.7537
Epoch 9/80 | Step 60150 | G: 1.7802 | D_A: 0.0968 | D_B: 0.2262 | Cycle: 0.7317
Epoch 9/80 | Step 60200 | G: 1.9898 | D_A: 0.2631 | D_B: 0.1943 | Cycle: 0.8893
Epoch 9/80 | Step 60250 | G: 1.8577 | D_A: 0.1476 | D_B: 0.2471 | Cycle: 0.9049
Epoch 9/80 | Step 60300 | G: 1.9859 | D_A: 0.3100 | D_B: 0.2411 | Cycle: 0.8448
Epoch 9/80 | Step 60350 | G: 2.3304 | D_A: 0.1572 | D_B: 0.1518 | Cycle: 1.2239
Epoch 9/80 | Step 60400 | G: 2.2452 | D_A: 0.2072 | D_B: 0.1611 | Cycle: 0.9301
Epoch 9/80 | Step 60450 | G: 2.0954 | D_A: 0.1648 | D_B: 0.1634 | Cycle: 1.0243
Epoch 9/80 | Step 60500 | G: 2.3127 | D_A: 0.2586 | D_B: 0.0888 | Cycle: 0.8823
Epoch 9/80 | Step 60550 | G: 2.1558 | D_A: 0.2853 | D_B: 0.2055 | Cycle: 0.7224
Epoch 9/80 | Step 60600 | G: 2.2487 | D_A: 0.1356 | D_B: 0.0891 | Cycle: 0.9284
Epoch 9/80 | Step 60650 | G: 2.6627 | D_A: 0.1225 | D_B: 0.1043 | Cycle: 1.0239
Epoch 9/80 | Step 60700 | G: 1.7958 | D_A: 0.1108 | D_B: 0.0904 | Cycle: 0.8727
Epoch 9/80 | Step 60750 | G: 1.7077 | D_A: 0.2780 | D_B: 0.2201 | Cycle: 0.7197
Epoch 9/80 | Step 60800 | G: 2.1228 | D_A: 0.1210 | D_B: 0.1021 | Cycle: 0.9512
Epoch 9/80 | Step 60850 | G: 2.4529 | D_A: 0.1112 | D_B: 0.0844 | Cycle: 1.0871
Epoch 9/80 | Step 60900 | G: 1.5785 | D_A: 0.2035 | D_B: 0.0610 | Cycle: 0.7290
Epoch 9/80 | Step 60950 | G: 2.0417 | D_A: 0.2769 | D_B: 0.2077 | Cycle: 0.9137
Epoch 9/80 | Step 61000 | G: 1.7958 | D_A: 0.1257 | D_B: 0.0920 | Cycle: 0.7108
Epoch 9/80 | Step 61050 | G: 2.2519 | D_A: 0.4112 | D_B: 0.1633 | Cycle: 0.9702
Epoch 9/80 | Step 61100 | G: 2.1550 | D_A: 0.3806 | D_B: 0.1818 | Cycle: 0.7256
Epoch 9/80 | Step 61150 | G: 2.5630 | D_A: 0.0769 | D_B: 0.1315 | Cycle: 0.8215
Epoch 9/80 | Step 61200 | G: 1.6480 | D_A: 0.1609 | D_B: 0.0842 | Cycle: 0.7972
Epoch 9/80 | Step 61250 | G: 1.9963 | D_A: 0.3000 | D_B: 0.1036 | Cycle: 0.9155
Epoch 9/80 | Step 61300 | G: 2.0647 | D_A: 0.1960 | D_B: 0.0943 | Cycle: 0.9789
Epoch 9/80 | Step 61350 | G: 1.8061 | D_A: 0.0930 | D_B: 0.1324 | Cycle: 0.7590
Epoch 9/80 | Step 61400 | G: 2.5998 | D_A: 0.3701 | D_B: 0.1223 | Cycle: 1.1212
Epoch 9/80 | Step 61450 | G: 2.1764 | D_A: 0.3054 | D_B: 0.1304 | Cycle: 0.9286
Epoch 9/80 | Step 61500 | G: 1.9126 | D_A: 0.3081 | D_B: 0.0976 | Cycle: 0.8265
Epoch 9/80 | Step 61550 | G: 1.9975 | D_A: 0.0605 | D_B: 0.1211 | Cycle: 1.0129
Epoch 9/80 | Step 61600 | G: 1.5322 | D_A: 0.1525 | D_B: 0.3055 | Cycle: 0.7539
Epoch 9/80 | Step 61650 | G: 2.3063 | D_A: 0.1470 | D_B: 0.1659 | Cycle: 0.9138
Epoch 9/80 | Step 61700 | G: 2.2663 | D_A: 0.3084 | D_B: 0.2047 | Cycle: 1.2552
Epoch 9/80 | Step 61750 | G: 2.6302 | D_A: 0.2343 | D_B: 0.2388 | Cycle: 0.9824
Epoch 9/80 | Step 61800 | G: 1.7643 | D_A: 0.1377 | D_B: 0.2450 | Cycle: 0.8493
Epoch 9/80 | Step 61850 | G: 2.0410 | D_A: 0.1704 | D_B: 0.1777 | Cycle: 0.7818
Epoch 9/80 | Step 61900 | G: 1.9999 | D_A: 0.0930 | D_B: 0.1956 | Cycle: 0.9838
Epoch 9/80 | Step 61950 | G: 1.6871 | D_A: 0.1943 | D_B: 0.2960 | Cycle: 0.7167
Epoch 9/80 | Step 62000 | G: 1.7151 | D_A: 0.1572 | D_B: 0.1630 | Cycle: 0.9349
Epoch 9/80 | Step 62050 | G: 2.3085 | D_A: 0.2236 | D_B: 0.1864 | Cycle: 0.8043
Epoch 9/80 | Step 62100 | G: 1.7864 | D_A: 0.2423 | D_B: 0.1550 | Cycle: 0.8141
Epoch 9/80 | Step 62150 | G: 2.2956 | D_A: 0.2242 | D_B: 0.0481 | Cycle: 0.7560
Epoch 9/80 | Step 62200 | G: 2.3944 | D_A: 0.0390 | D_B: 0.1124 | Cycle: 1.1183
Epoch 9/80 | Step 62250 | G: 2.4379 | D_A: 0.0691 | D_B: 0.1327 | Cycle: 1.1098
Epoch 9/80 | Step 62300 | G: 1.6619 | D_A: 0.3180 | D_B: 0.1704 | Cycle: 0.7576
Epoch 9/80 | Step 62350 | G: 2.6463 | D_A: 0.0744 | D_B: 0.1218 | Cycle: 1.1619
Epoch 9/80 | Step 62400 | G: 2.1016 | D_A: 0.1764 | D_B: 0.1451 | Cycle: 1.0600
Epoch 9/80 | Step 62450 | G: 2.2369 | D_A: 0.2597 | D_B: 0.2095 | Cycle: 0.9016
Epoch 9/80 | Step 62500 | G: 2.2845 | D_A: 0.1649 | D_B: 0.1291 | Cycle: 1.3561
Epoch 9/80 | Step 62550 | G: 2.4854 | D_A: 0.0689 | D_B: 0.1345 | Cycle: 1.0147
Epoch 9/80 | Step 62600 | G: 1.6891 | D_A: 0.1611 | D_B: 0.1776 | Cycle: 0.7511
Epoch 9/80 | Step 62650 | G: 2.1584 | D_A: 0.1369 | D_B: 0.0996 | Cycle: 0.8955
Epoch 9/80 | Step 62700 | G: 1.9376 | D_A: 0.1119 | D_B: 0.2343 | Cycle: 0.7935
Epoch 9/80 | Step 62750 | G: 1.8840 | D_A: 0.2047 | D_B: 0.1271 | Cycle: 0.7354
Epoch 9/80 | Step 62800 | G: 2.3081 | D_A: 0.0998 | D_B: 0.0506 | Cycle: 0.9044
Epoch 9/80 | Step 62850 | G: 1.9274 | D_A: 0.0468 | D_B: 0.1106 | Cycle: 0.7753
Epoch 9/80 | Step 62900 | G: 1.9004 | D_A: 0.3020 | D_B: 0.1727 | Cycle: 0.8028
Epoch 9/80 | Step 62950 | G: 1.9106 | D_A: 0.2567 | D_B: 0.0995 | Cycle: 0.6543
Epoch 9/80 | Step 63000 | G: 2.4102 | D_A: 0.1271 | D_B: 0.0849 | Cycle: 0.8186
Epoch 9/80 | Step 63050 | G: 2.0342 | D_A: 0.2025 | D_B: 0.1220 | Cycle: 0.9106
Epoch 9/80 | Step 63100 | G: 2.3977 | D_A: 0.1203 | D_B: 0.1258 | Cycle: 1.0754
Epoch 9/80 | Step 63150 | G: 2.0230 | D_A: 0.2297 | D_B: 0.1213 | Cycle: 0.9072
Epoch 9/80 | Step 63200 | G: 2.2903 | D_A: 0.1552 | D_B: 0.1571 | Cycle: 0.9222
Epoch 9/80 | Step 63250 | G: 2.0508 | D_A: 0.2900 | D_B: 0.1847 | Cycle: 1.0613
Epoch 9/80 | Step 63300 | G: 1.6469 | D_A: 0.3520 | D_B: 0.3463 | Cycle: 1.0206
Epoch 9/80 complete | Time: 429s | Avg G: 2.1643 | Avg D: 0.1733
Epoch 10/80 | Step 63350 | G: 1.9087 | D_A: 0.0830 | D_B: 0.1262 | Cycle: 0.8176
Epoch 10/80 | Step 63400 | G: 1.8086 | D_A: 0.1579 | D_B: 0.1249 | Cycle: 0.8040
Epoch 10/80 | Step 63450 | G: 1.9445 | D_A: 0.1105 | D_B: 0.0772 | Cycle: 0.7731
Epoch 10/80 | Step 63500 | G: 1.7273 | D_A: 0.3019 | D_B: 0.1788 | Cycle: 0.8665
Epoch 10/80 | Step 63550 | G: 2.2503 | D_A: 0.2345 | D_B: 0.0910 | Cycle: 0.8123
Epoch 10/80 | Step 63600 | G: 1.9990 | D_A: 0.2051 | D_B: 0.2143 | Cycle: 0.8816
Epoch 10/80 | Step 63650 | G: 1.7882 | D_A: 0.1903 | D_B: 0.1370 | Cycle: 0.8673
Epoch 10/80 | Step 63700 | G: 1.9820 | D_A: 0.1013 | D_B: 0.1581 | Cycle: 0.8101
Epoch 10/80 | Step 63750 | G: 2.0403 | D_A: 0.2407 | D_B: 0.0995 | Cycle: 0.7472
Epoch 10/80 | Step 63800 | G: 2.8119 | D_A: 0.1825 | D_B: 0.1436 | Cycle: 0.9247
Epoch 10/80 | Step 63850 | G: 2.1286 | D_A: 0.0916 | D_B: 0.1396 | Cycle: 0.8412
Epoch 10/80 | Step 63900 | G: 2.3575 | D_A: 0.0553 | D_B: 0.1578 | Cycle: 1.0586
Epoch 10/80 | Step 63950 | G: 2.6015 | D_A: 0.1293 | D_B: 0.1326 | Cycle: 0.8604
Epoch 10/80 | Step 64000 | G: 1.7207 | D_A: 0.3579 | D_B: 0.1476 | Cycle: 0.6857
Epoch 10/80 | Step 64050 | G: 2.1921 | D_A: 0.1590 | D_B: 0.0633 | Cycle: 1.0851
Epoch 10/80 | Step 64100 | G: 3.0981 | D_A: 0.0716 | D_B: 0.1291 | Cycle: 1.0452
Epoch 10/80 | Step 64150 | G: 2.3777 | D_A: 0.1440 | D_B: 0.1873 | Cycle: 1.0051
Epoch 10/80 | Step 64200 | G: 2.4886 | D_A: 0.1083 | D_B: 0.1547 | Cycle: 0.9659
Epoch 10/80 | Step 64250 | G: 2.7609 | D_A: 0.2594 | D_B: 0.1017 | Cycle: 0.6840
Epoch 10/80 | Step 64300 | G: 2.2558 | D_A: 0.2269 | D_B: 0.1577 | Cycle: 1.0045
Epoch 10/80 | Step 64350 | G: 1.5792 | D_A: 0.2831 | D_B: 0.0479 | Cycle: 0.7706
Epoch 10/80 | Step 64400 | G: 2.8905 | D_A: 0.1798 | D_B: 0.1442 | Cycle: 1.0553
Epoch 10/80 | Step 64450 | G: 2.3773 | D_A: 0.1224 | D_B: 0.0759 | Cycle: 1.0655
Epoch 10/80 | Step 64500 | G: 2.5190 | D_A: 0.0785 | D_B: 0.1114 | Cycle: 0.9800
Epoch 10/80 | Step 64550 | G: 2.4428 | D_A: 0.3199 | D_B: 0.2612 | Cycle: 1.2599
Epoch 10/80 | Step 64600 | G: 1.5891 | D_A: 0.3052 | D_B: 0.1199 | Cycle: 0.6339
Epoch 10/80 | Step 64650 | G: 2.1253 | D_A: 0.3034 | D_B: 0.1859 | Cycle: 0.7390
Epoch 10/80 | Step 64700 | G: 2.8176 | D_A: 0.0808 | D_B: 0.0800 | Cycle: 0.8340
Epoch 10/80 | Step 64750 | G: 2.1174 | D_A: 0.1944 | D_B: 0.1431 | Cycle: 0.9914
Epoch 10/80 | Step 64800 | G: 2.8100 | D_A: 0.1615 | D_B: 0.1097 | Cycle: 1.0946
Epoch 10/80 | Step 64850 | G: 1.7356 | D_A: 0.3588 | D_B: 0.1780 | Cycle: 0.7929
Epoch 10/80 | Step 64900 | G: 2.0833 | D_A: 0.2265 | D_B: 0.1454 | Cycle: 0.9209
Epoch 10/80 | Step 64950 | G: 2.4571 | D_A: 0.2533 | D_B: 0.1824 | Cycle: 0.9471
Epoch 10/80 | Step 65000 | G: 1.4033 | D_A: 0.2061 | D_B: 0.1628 | Cycle: 0.6748
Epoch 10/80 | Step 65050 | G: 1.9228 | D_A: 0.1502 | D_B: 0.0947 | Cycle: 0.7968
Epoch 10/80 | Step 65100 | G: 2.3210 | D_A: 0.1357 | D_B: 0.2785 | Cycle: 0.7949
Epoch 10/80 | Step 65150 | G: 2.0924 | D_A: 0.1654 | D_B: 0.1861 | Cycle: 0.8675
Epoch 10/80 | Step 65200 | G: 2.6628 | D_A: 0.0946 | D_B: 0.2053 | Cycle: 0.9231
Epoch 10/80 | Step 65250 | G: 2.0381 | D_A: 0.1712 | D_B: 0.0880 | Cycle: 0.8828
Epoch 10/80 | Step 65300 | G: 2.8558 | D_A: 0.1442 | D_B: 0.1148 | Cycle: 1.0388
Epoch 10/80 | Step 65350 | G: 2.7940 | D_A: 0.0923 | D_B: 0.0973 | Cycle: 1.0139
Epoch 10/80 | Step 65400 | G: 2.3490 | D_A: 0.1207 | D_B: 0.1636 | Cycle: 0.7440
Epoch 10/80 | Step 65450 | G: 2.3388 | D_A: 0.3403 | D_B: 0.0472 | Cycle: 0.8628
Epoch 10/80 | Step 65500 | G: 1.5999 | D_A: 0.2642 | D_B: 0.2004 | Cycle: 0.8224
Epoch 10/80 | Step 65550 | G: 2.5831 | D_A: 0.1754 | D_B: 0.0373 | Cycle: 0.7208
Epoch 10/80 | Step 65600 | G: 2.6143 | D_A: 0.0503 | D_B: 0.1121 | Cycle: 0.9056
Epoch 10/80 | Step 65650 | G: 2.5010 | D_A: 0.3034 | D_B: 0.0712 | Cycle: 1.4463
Epoch 10/80 | Step 65700 | G: 2.3932 | D_A: 0.0849 | D_B: 0.0710 | Cycle: 0.9651
Epoch 10/80 | Step 65750 | G: 2.0008 | D_A: 0.2082 | D_B: 0.1833 | Cycle: 0.8113
Epoch 10/80 | Step 65800 | G: 1.8716 | D_A: 0.1269 | D_B: 0.1281 | Cycle: 0.8239
Epoch 10/80 | Step 65850 | G: 1.6269 | D_A: 0.3711 | D_B: 0.1201 | Cycle: 0.7385
Epoch 10/80 | Step 65900 | G: 1.4400 | D_A: 0.2300 | D_B: 0.0662 | Cycle: 0.7491
Epoch 10/80 | Step 65950 | G: 1.9267 | D_A: 0.1169 | D_B: 0.2125 | Cycle: 0.8586
Epoch 10/80 | Step 66000 | G: 1.8674 | D_A: 0.0490 | D_B: 0.1357 | Cycle: 0.8195
Epoch 10/80 | Step 66050 | G: 1.7381 | D_A: 0.1679 | D_B: 0.1151 | Cycle: 0.7176
Epoch 10/80 | Step 66100 | G: 1.3844 | D_A: 0.1401 | D_B: 0.0989 | Cycle: 0.5739
Epoch 10/80 | Step 66150 | G: 2.3141 | D_A: 0.1938 | D_B: 0.1705 | Cycle: 0.7981
Epoch 10/80 | Step 66200 | G: 2.6495 | D_A: 0.2571 | D_B: 0.1141 | Cycle: 1.0352
Epoch 10/80 | Step 66250 | G: 2.4725 | D_A: 0.1445 | D_B: 0.1267 | Cycle: 1.0380
Epoch 10/80 | Step 66300 | G: 1.9133 | D_A: 0.2955 | D_B: 0.1692 | Cycle: 0.7541
Epoch 10/80 | Step 66350 | G: 1.7635 | D_A: 0.1872 | D_B: 0.1589 | Cycle: 0.8014
Epoch 10/80 | Step 66400 | G: 2.6654 | D_A: 0.1479 | D_B: 0.0596 | Cycle: 1.1660
Epoch 10/80 | Step 66450 | G: 2.3093 | D_A: 0.0843 | D_B: 0.1131 | Cycle: 1.2115
Epoch 10/80 | Step 66500 | G: 1.4022 | D_A: 0.2147 | D_B: 0.1369 | Cycle: 0.6370
Epoch 10/80 | Step 66550 | G: 2.1232 | D_A: 0.1724 | D_B: 0.1243 | Cycle: 0.8524
Epoch 10/80 | Step 66600 | G: 3.2247 | D_A: 0.1833 | D_B: 0.0952 | Cycle: 0.9367
Epoch 10/80 | Step 66650 | G: 3.4975 | D_A: 0.0784 | D_B: 0.0956 | Cycle: 1.0237
Epoch 10/80 | Step 66700 | G: 1.9438 | D_A: 0.0617 | D_B: 0.1065 | Cycle: 0.9386
Epoch 10/80 | Step 66750 | G: 2.7241 | D_A: 0.4147 | D_B: 0.0605 | Cycle: 0.9841
Epoch 10/80 | Step 66800 | G: 2.2865 | D_A: 0.1797 | D_B: 0.1229 | Cycle: 0.8079
Epoch 10/80 | Step 66850 | G: 2.8146 | D_A: 0.1758 | D_B: 0.1312 | Cycle: 0.8515
Epoch 10/80 | Step 66900 | G: 2.8565 | D_A: 0.0350 | D_B: 0.0822 | Cycle: 1.0590
Epoch 10/80 | Step 66950 | G: 2.2558 | D_A: 0.1654 | D_B: 0.1972 | Cycle: 0.8465
Epoch 10/80 | Step 67000 | G: 2.0787 | D_A: 0.1938 | D_B: 0.1678 | Cycle: 0.7929
Epoch 10/80 | Step 67050 | G: 2.6289 | D_A: 0.1837 | D_B: 0.1166 | Cycle: 1.0897
Epoch 10/80 | Step 67100 | G: 1.5633 | D_A: 0.2074 | D_B: 0.2363 | Cycle: 0.7521
Epoch 10/80 | Step 67150 | G: 1.8144 | D_A: 0.1854 | D_B: 0.1487 | Cycle: 0.9536
Epoch 10/80 | Step 67200 | G: 1.6755 | D_A: 0.2440 | D_B: 0.1344 | Cycle: 0.9093
Epoch 10/80 | Step 67250 | G: 2.9769 | D_A: 0.2195 | D_B: 0.1550 | Cycle: 1.2276
Epoch 10/80 | Step 67300 | G: 2.1240 | D_A: 0.1238 | D_B: 0.0748 | Cycle: 0.9874
Epoch 10/80 | Step 67350 | G: 2.2021 | D_A: 0.1157 | D_B: 0.0934 | Cycle: 0.9490
Epoch 10/80 | Step 67400 | G: 1.7666 | D_A: 0.1273 | D_B: 0.0848 | Cycle: 0.8322
Epoch 10/80 | Step 67450 | G: 2.7067 | D_A: 0.0892 | D_B: 0.1128 | Cycle: 1.1530
Epoch 10/80 | Step 67500 | G: 1.8564 | D_A: 0.2029 | D_B: 0.1244 | Cycle: 0.7354
Epoch 10/80 | Step 67550 | G: 2.1676 | D_A: 0.1255 | D_B: 0.1041 | Cycle: 0.7479
Epoch 10/80 | Step 67600 | G: 2.8625 | D_A: 0.2025 | D_B: 0.0853 | Cycle: 0.9307
Epoch 10/80 | Step 67650 | G: 2.0439 | D_A: 0.3136 | D_B: 0.1560 | Cycle: 0.8919
Epoch 10/80 | Step 67700 | G: 1.5667 | D_A: 0.2219 | D_B: 0.0631 | Cycle: 0.7344
Epoch 10/80 | Step 67750 | G: 1.9821 | D_A: 0.3401 | D_B: 0.2064 | Cycle: 0.9738
Epoch 10/80 | Step 67800 | G: 2.2491 | D_A: 0.2647 | D_B: 0.1332 | Cycle: 0.9218
Epoch 10/80 | Step 67850 | G: 1.6971 | D_A: 0.1423 | D_B: 0.1625 | Cycle: 0.8919
Epoch 10/80 | Step 67900 | G: 1.5936 | D_A: 0.0935 | D_B: 0.1564 | Cycle: 0.8679
Epoch 10/80 | Step 67950 | G: 2.7504 | D_A: 0.2628 | D_B: 0.3050 | Cycle: 1.2635
Epoch 10/80 | Step 68000 | G: 2.1833 | D_A: 0.1399 | D_B: 0.1180 | Cycle: 0.8405
Epoch 10/80 | Step 68050 | G: 1.9724 | D_A: 0.0674 | D_B: 0.0898 | Cycle: 0.8153
Epoch 10/80 | Step 68100 | G: 2.5980 | D_A: 0.1134 | D_B: 0.0990 | Cycle: 0.8516
Epoch 10/80 | Step 68150 | G: 1.7904 | D_A: 0.2468 | D_B: 0.1851 | Cycle: 0.8901
Epoch 10/80 | Step 68200 | G: 1.8713 | D_A: 0.2495 | D_B: 0.1718 | Cycle: 0.6793
Epoch 10/80 | Step 68250 | G: 1.8060 | D_A: 0.1138 | D_B: 0.1210 | Cycle: 0.8067
Epoch 10/80 | Step 68300 | G: 2.3518 | D_A: 0.2296 | D_B: 0.0908 | Cycle: 0.8370
Epoch 10/80 | Step 68350 | G: 2.1305 | D_A: 0.2491 | D_B: 0.0901 | Cycle: 0.9769
Epoch 10/80 | Step 68400 | G: 2.3739 | D_A: 0.1486 | D_B: 0.1960 | Cycle: 1.2292
Epoch 10/80 | Step 68450 | G: 2.5425 | D_A: 0.0826 | D_B: 0.1226 | Cycle: 0.8977
Epoch 10/80 | Step 68500 | G: 2.2192 | D_A: 0.1616 | D_B: 0.0776 | Cycle: 0.9308
Epoch 10/80 | Step 68550 | G: 3.4632 | D_A: 0.1985 | D_B: 0.2016 | Cycle: 1.3530
Epoch 10/80 | Step 68600 | G: 2.1565 | D_A: 0.0512 | D_B: 0.0472 | Cycle: 0.9604
Epoch 10/80 | Step 68650 | G: 3.4422 | D_A: 0.1601 | D_B: 0.1289 | Cycle: 1.3376
Epoch 10/80 | Step 68700 | G: 2.3380 | D_A: 0.0737 | D_B: 0.1321 | Cycle: 0.8439
Epoch 10/80 | Step 68750 | G: 3.3548 | D_A: 0.1247 | D_B: 0.0801 | Cycle: 1.0025
Epoch 10/80 | Step 68800 | G: 2.2874 | D_A: 0.1377 | D_B: 0.0915 | Cycle: 1.0500
Epoch 10/80 | Step 68850 | G: 2.3455 | D_A: 0.2292 | D_B: 0.0569 | Cycle: 0.8015
Epoch 10/80 | Step 68900 | G: 1.7970 | D_A: 0.1719 | D_B: 0.0942 | Cycle: 0.7039
Epoch 10/80 | Step 68950 | G: 1.7915 | D_A: 0.2437 | D_B: 0.1206 | Cycle: 0.8774
Epoch 10/80 | Step 69000 | G: 2.0119 | D_A: 0.0843 | D_B: 0.1299 | Cycle: 0.8376
Epoch 10/80 | Step 69050 | G: 2.5433 | D_A: 0.2104 | D_B: 0.1204 | Cycle: 0.9978
Epoch 10/80 | Step 69100 | G: 2.3408 | D_A: 0.1575 | D_B: 0.0529 | Cycle: 0.6475
Epoch 10/80 | Step 69150 | G: 2.3745 | D_A: 0.0772 | D_B: 0.0472 | Cycle: 0.8428
Epoch 10/80 | Step 69200 | G: 1.5649 | D_A: 0.2069 | D_B: 0.1084 | Cycle: 0.8182
Epoch 10/80 | Step 69250 | G: 2.8135 | D_A: 0.0532 | D_B: 0.0903 | Cycle: 0.6710
Epoch 10/80 | Step 69300 | G: 1.9894 | D_A: 0.2096 | D_B: 0.0520 | Cycle: 0.8982
Epoch 10/80 | Step 69350 | G: 2.2579 | D_A: 0.1033 | D_B: 0.1161 | Cycle: 1.2811
Epoch 10/80 | Step 69400 | G: 2.3259 | D_A: 0.1312 | D_B: 0.1331 | Cycle: 1.0119
Epoch 10/80 | Step 69450 | G: 2.0407 | D_A: 0.1657 | D_B: 0.1644 | Cycle: 1.0988
Epoch 10/80 | Step 69500 | G: 2.9793 | D_A: 0.2014 | D_B: 0.0721 | Cycle: 1.1727
Epoch 10/80 | Step 69550 | G: 2.1719 | D_A: 0.1717 | D_B: 0.1499 | Cycle: 0.9192
Epoch 10/80 | Step 69600 | G: 1.7514 | D_A: 0.2770 | D_B: 0.0560 | Cycle: 0.8107
Epoch 10/80 | Step 69650 | G: 2.1628 | D_A: 0.2215 | D_B: 0.1487 | Cycle: 0.6738
Epoch 10/80 | Step 69700 | G: 2.3229 | D_A: 0.2670 | D_B: 0.1558 | Cycle: 1.0361
Epoch 10/80 | Step 69750 | G: 2.4260 | D_A: 0.2192 | D_B: 0.0947 | Cycle: 1.0694
Epoch 10/80 | Step 69800 | G: 1.9411 | D_A: 0.1997 | D_B: 0.1125 | Cycle: 0.8165
Epoch 10/80 | Step 69850 | G: 2.5037 | D_A: 0.1690 | D_B: 0.1445 | Cycle: 1.0395
Epoch 10/80 | Step 69900 | G: 2.0111 | D_A: 0.1364 | D_B: 0.0748 | Cycle: 0.7424
Epoch 10/80 | Step 69950 | G: 1.8203 | D_A: 0.1351 | D_B: 0.1673 | Cycle: 0.6606
Epoch 10/80 | Step 70000 | G: 2.0371 | D_A: 0.1988 | D_B: 0.1424 | Cycle: 0.6886
Epoch 10/80 | Step 70050 | G: 1.3438 | D_A: 0.1111 | D_B: 0.1392 | Cycle: 0.6424
Epoch 10/80 | Step 70100 | G: 2.3455 | D_A: 0.2310 | D_B: 0.0899 | Cycle: 0.9098
Epoch 10/80 | Step 70150 | G: 1.8459 | D_A: 0.2048 | D_B: 0.1569 | Cycle: 0.6362
Epoch 10/80 | Step 70200 | G: 2.1132 | D_A: 0.1534 | D_B: 0.0663 | Cycle: 0.9419
Epoch 10/80 | Step 70250 | G: 2.0559 | D_A: 0.1437 | D_B: 0.1366 | Cycle: 0.8809
Epoch 10/80 | Step 70300 | G: 1.6852 | D_A: 0.1471 | D_B: 0.1323 | Cycle: 0.8817
Epoch 10/80 | Step 70350 | G: 2.1879 | D_A: 0.1447 | D_B: 0.0639 | Cycle: 0.9039
Epoch 10/80 complete | Time: 430s | Avg G: 2.1910 | Avg D: 0.1635
Saved checkpoint: /content/drive/MyDrive/DATA266_Lab1/task3_gan/shreya_akotiya/checkpoints/t3_shreya_unet_128_20261002_023102_epoch010.pt
Epoch 11/80 | Step 70400 | G: 2.4805 | D_A: 0.0859 | D_B: 0.1103 | Cycle: 0.8181
Epoch 11/80 | Step 70450 | G: 1.9142 | D_A: 0.1484 | D_B: 0.0887 | Cycle: 0.6486
Epoch 11/80 | Step 70500 | G: 1.9190 | D_A: 0.1707 | D_B: 0.1179 | Cycle: 0.8330
Epoch 11/80 | Step 70550 | G: 2.2195 | D_A: 0.1325 | D_B: 0.0394 | Cycle: 0.7332
Epoch 11/80 | Step 70600 | G: 2.5581 | D_A: 0.1884 | D_B: 0.1252 | Cycle: 1.1863
Epoch 11/80 | Step 70650 | G: 2.1615 | D_A: 0.3345 | D_B: 0.2050 | Cycle: 1.0132
Epoch 11/80 | Step 70700 | G: 2.1013 | D_A: 0.1481 | D_B: 0.0945 | Cycle: 1.0137
Epoch 11/80 | Step 70750 | G: 3.1602 | D_A: 0.1087 | D_B: 0.2187 | Cycle: 1.1580
Epoch 11/80 | Step 70800 | G: 2.2477 | D_A: 0.1288 | D_B: 0.0515 | Cycle: 0.7959
Epoch 11/80 | Step 70850 | G: 2.0426 | D_A: 0.3274 | D_B: 0.1264 | Cycle: 1.1192
Epoch 11/80 | Step 70900 | G: 2.3596 | D_A: 0.2465 | D_B: 0.0919 | Cycle: 0.9260
Epoch 11/80 | Step 70950 | G: 3.4908 | D_A: 0.2978 | D_B: 0.1214 | Cycle: 0.8827
Epoch 11/80 | Step 71000 | G: 2.1726 | D_A: 0.1716 | D_B: 0.0535 | Cycle: 0.8165
Epoch 11/80 | Step 71050 | G: 2.4907 | D_A: 0.1160 | D_B: 0.0446 | Cycle: 0.7812
Epoch 11/80 | Step 71100 | G: 3.3996 | D_A: 0.0888 | D_B: 0.1193 | Cycle: 1.2197
Epoch 11/80 | Step 71150 | G: 1.5887 | D_A: 0.3437 | D_B: 0.0915 | Cycle: 0.7212
Epoch 11/80 | Step 71200 | G: 2.4227 | D_A: 0.1658 | D_B: 0.0906 | Cycle: 0.9497
Epoch 11/80 | Step 71250 | G: 2.4599 | D_A: 0.1993 | D_B: 0.1047 | Cycle: 0.8039
Epoch 11/80 | Step 71300 | G: 2.4890 | D_A: 0.1567 | D_B: 0.1938 | Cycle: 1.1342
Epoch 11/80 | Step 71350 | G: 2.1550 | D_A: 0.2647 | D_B: 0.1282 | Cycle: 1.0950
Epoch 11/80 | Step 71400 | G: 2.3013 | D_A: 0.3386 | D_B: 0.1123 | Cycle: 0.5948
Epoch 11/80 | Step 71450 | G: 2.2723 | D_A: 0.2039 | D_B: 0.0676 | Cycle: 0.7865
Epoch 11/80 | Step 71500 | G: 1.9324 | D_A: 0.0427 | D_B: 0.2373 | Cycle: 0.8525
Epoch 11/80 | Step 71550 | G: 3.2707 | D_A: 0.1571 | D_B: 0.0466 | Cycle: 1.1884
Epoch 11/80 | Step 71600 | G: 2.0139 | D_A: 0.1277 | D_B: 0.0482 | Cycle: 0.9329
Epoch 11/80 | Step 71650 | G: 1.8408 | D_A: 0.1786 | D_B: 0.1868 | Cycle: 0.9236
Epoch 11/80 | Step 71700 | G: 2.1292 | D_A: 0.1338 | D_B: 0.1566 | Cycle: 0.8169
Epoch 11/80 | Step 71750 | G: 1.8251 | D_A: 0.1622 | D_B: 0.1230 | Cycle: 0.6684
Epoch 11/80 | Step 71800 | G: 2.4887 | D_A: 0.2237 | D_B: 0.0693 | Cycle: 1.0481
Epoch 11/80 | Step 71850 | G: 1.6205 | D_A: 0.1875 | D_B: 0.0558 | Cycle: 0.8237
Epoch 11/80 | Step 71900 | G: 2.3878 | D_A: 0.1485 | D_B: 0.0657 | Cycle: 0.5411
Epoch 11/80 | Step 71950 | G: 2.1670 | D_A: 0.5200 | D_B: 0.1185 | Cycle: 0.9068
Epoch 11/80 | Step 72000 | G: 2.1535 | D_A: 0.1574 | D_B: 0.1379 | Cycle: 0.8299
Epoch 11/80 | Step 72050 | G: 2.1641 | D_A: 0.0391 | D_B: 0.1290 | Cycle: 0.8890
Epoch 11/80 | Step 72100 | G: 1.6623 | D_A: 0.2175 | D_B: 0.2434 | Cycle: 0.7937
Epoch 11/80 | Step 72150 | G: 2.0714 | D_A: 0.2713 | D_B: 0.0664 | Cycle: 0.8797
Epoch 11/80 | Step 72200 | G: 2.8869 | D_A: 0.1655 | D_B: 0.1604 | Cycle: 1.0820
Epoch 11/80 | Step 72250 | G: 2.1241 | D_A: 0.2561 | D_B: 0.0859 | Cycle: 0.8665
Epoch 11/80 | Step 72300 | G: 2.3909 | D_A: 0.1882 | D_B: 0.1427 | Cycle: 1.1173
Epoch 11/80 | Step 72350 | G: 2.8644 | D_A: 0.0554 | D_B: 0.0951 | Cycle: 1.0640
Epoch 11/80 | Step 72400 | G: 1.9582 | D_A: 0.1639 | D_B: 0.0659 | Cycle: 0.7198
Epoch 11/80 | Step 72450 | G: 1.8594 | D_A: 0.2363 | D_B: 0.1277 | Cycle: 0.8514
Epoch 11/80 | Step 72500 | G: 2.0120 | D_A: 0.2370 | D_B: 0.0833 | Cycle: 0.7222
Epoch 11/80 | Step 72550 | G: 2.8812 | D_A: 0.0849 | D_B: 0.1119 | Cycle: 1.0986
Epoch 11/80 | Step 72600 | G: 2.2674 | D_A: 0.1647 | D_B: 0.0956 | Cycle: 0.8248
Epoch 11/80 | Step 72650 | G: 1.8163 | D_A: 0.2474 | D_B: 0.1094 | Cycle: 0.7395
Epoch 11/80 | Step 72700 | G: 1.7216 | D_A: 0.2269 | D_B: 0.0640 | Cycle: 0.8590
Epoch 11/80 | Step 72750 | G: 2.7536 | D_A: 0.3527 | D_B: 0.1037 | Cycle: 1.1448
Epoch 11/80 | Step 72800 | G: 3.0598 | D_A: 0.1351 | D_B: 0.0515 | Cycle: 0.8439
Epoch 11/80 | Step 72850 | G: 2.1970 | D_A: 0.2103 | D_B: 0.1159 | Cycle: 0.7499
Epoch 11/80 | Step 72900 | G: 2.7101 | D_A: 0.0656 | D_B: 0.0748 | Cycle: 0.8321
Epoch 11/80 | Step 72950 | G: 2.7530 | D_A: 0.0498 | D_B: 0.0736 | Cycle: 1.0298
Epoch 11/80 | Step 73000 | G: 2.5071 | D_A: 0.1011 | D_B: 0.0829 | Cycle: 1.2978
Epoch 11/80 | Step 73050 | G: 2.2077 | D_A: 0.0765 | D_B: 0.1281 | Cycle: 0.8738
Epoch 11/80 | Step 73100 | G: 3.1124 | D_A: 0.0743 | D_B: 0.1246 | Cycle: 1.1376
Epoch 11/80 | Step 73150 | G: 3.7667 | D_A: 0.2093 | D_B: 0.1114 | Cycle: 0.7584
Epoch 11/80 | Step 73200 | G: 2.4457 | D_A: 0.1181 | D_B: 0.1660 | Cycle: 0.6639
Epoch 11/80 | Step 73250 | G: 2.1101 | D_A: 0.1183 | D_B: 0.0642 | Cycle: 0.8015
Epoch 11/80 | Step 73300 | G: 2.7057 | D_A: 0.2543 | D_B: 0.0531 | Cycle: 0.7906
Epoch 11/80 | Step 73350 | G: 3.4095 | D_A: 0.0994 | D_B: 0.0809 | Cycle: 1.2155
Epoch 11/80 | Step 73400 | G: 2.6043 | D_A: 0.2494 | D_B: 0.0679 | Cycle: 0.8920
Epoch 11/80 | Step 73450 | G: 2.1330 | D_A: 0.2518 | D_B: 0.1117 | Cycle: 0.9459
Epoch 11/80 | Step 73500 | G: 2.3290 | D_A: 0.1852 | D_B: 0.1974 | Cycle: 1.3089
Epoch 11/80 | Step 73550 | G: 2.3014 | D_A: 0.1741 | D_B: 0.0510 | Cycle: 0.8065
Epoch 11/80 | Step 73600 | G: 2.7434 | D_A: 0.1904 | D_B: 0.0640 | Cycle: 1.1896
Epoch 11/80 | Step 73650 | G: 1.5648 | D_A: 0.1140 | D_B: 0.0989 | Cycle: 0.8629
Epoch 11/80 | Step 73700 | G: 1.8745 | D_A: 0.2247 | D_B: 0.1831 | Cycle: 0.7197
Epoch 11/80 | Step 73750 | G: 2.5329 | D_A: 0.1725 | D_B: 0.2076 | Cycle: 1.0321
Epoch 11/80 | Step 73800 | G: 1.9689 | D_A: 0.1747 | D_B: 0.1029 | Cycle: 0.7358
Epoch 11/80 | Step 73850 | G: 2.6145 | D_A: 0.1293 | D_B: 0.0585 | Cycle: 1.0088
Epoch 11/80 | Step 73900 | G: 1.9772 | D_A: 0.2776 | D_B: 0.0928 | Cycle: 1.1327
Epoch 11/80 | Step 73950 | G: 2.2187 | D_A: 0.1256 | D_B: 0.0553 | Cycle: 1.0270
Epoch 11/80 | Step 74000 | G: 2.5868 | D_A: 0.2913 | D_B: 0.1799 | Cycle: 0.9333
Epoch 11/80 | Step 74050 | G: 2.1717 | D_A: 0.1393 | D_B: 0.1500 | Cycle: 0.8394
Epoch 11/80 | Step 74100 | G: 2.3448 | D_A: 0.2563 | D_B: 0.1005 | Cycle: 0.7652
Epoch 11/80 | Step 74150 | G: 2.0162 | D_A: 0.1521 | D_B: 0.1780 | Cycle: 0.7822
Epoch 11/80 | Step 74200 | G: 1.8296 | D_A: 0.2286 | D_B: 0.1882 | Cycle: 0.7528
Epoch 11/80 | Step 74250 | G: 2.3994 | D_A: 0.3924 | D_B: 0.0579 | Cycle: 1.2449
Epoch 11/80 | Step 74300 | G: 2.5457 | D_A: 0.3370 | D_B: 0.1498 | Cycle: 0.9336
Epoch 11/80 | Step 74350 | G: 2.3964 | D_A: 0.1632 | D_B: 0.1991 | Cycle: 0.8805
Epoch 11/80 | Step 74400 | G: 2.5050 | D_A: 0.1307 | D_B: 0.1208 | Cycle: 0.8973
Epoch 11/80 | Step 74450 | G: 1.8260 | D_A: 0.1751 | D_B: 0.0437 | Cycle: 0.9002
Epoch 11/80 | Step 74500 | G: 2.5171 | D_A: 0.4224 | D_B: 0.0455 | Cycle: 0.7376
Epoch 11/80 | Step 74550 | G: 1.5401 | D_A: 0.2429 | D_B: 0.2098 | Cycle: 0.7966
Epoch 11/80 | Step 74600 | G: 2.1768 | D_A: 0.1246 | D_B: 0.0461 | Cycle: 0.8816
Epoch 11/80 | Step 74650 | G: 1.9381 | D_A: 0.1034 | D_B: 0.0551 | Cycle: 0.6389
Epoch 11/80 | Step 74700 | G: 2.5360 | D_A: 0.2136 | D_B: 0.1904 | Cycle: 0.8295
Epoch 11/80 | Step 74750 | G: 2.0074 | D_A: 0.3784 | D_B: 0.2299 | Cycle: 0.7100
Epoch 11/80 | Step 74800 | G: 3.2498 | D_A: 0.1299 | D_B: 0.0335 | Cycle: 0.9926
Epoch 11/80 | Step 74850 | G: 3.0958 | D_A: 0.2573 | D_B: 0.1505 | Cycle: 1.3893
Epoch 11/80 | Step 74900 | G: 2.0290 | D_A: 0.0532 | D_B: 0.1337 | Cycle: 0.8918
Epoch 11/80 | Step 74950 | G: 2.4111 | D_A: 0.1996 | D_B: 0.0269 | Cycle: 0.8424
Epoch 11/80 | Step 75000 | G: 1.5246 | D_A: 0.1001 | D_B: 0.1427 | Cycle: 0.6046
Epoch 11/80 | Step 75050 | G: 2.5306 | D_A: 0.2780 | D_B: 0.1147 | Cycle: 0.8840
Epoch 11/80 | Step 75100 | G: 2.2709 | D_A: 0.1806 | D_B: 0.1060 | Cycle: 0.8871
Epoch 11/80 | Step 75150 | G: 2.4797 | D_A: 0.1096 | D_B: 0.1316 | Cycle: 0.7545
Epoch 11/80 | Step 75200 | G: 1.5780 | D_A: 0.2483 | D_B: 0.1200 | Cycle: 0.7329
Epoch 11/80 | Step 75250 | G: 2.0026 | D_A: 0.2057 | D_B: 0.1771 | Cycle: 0.7974
Epoch 11/80 | Step 75300 | G: 2.2928 | D_A: 0.0853 | D_B: 0.1102 | Cycle: 0.9409
Epoch 11/80 | Step 75350 | G: 1.7653 | D_A: 0.2069 | D_B: 0.1511 | Cycle: 0.8047
Epoch 11/80 | Step 75400 | G: 1.9160 | D_A: 0.1487 | D_B: 0.1241 | Cycle: 0.7735
Epoch 11/80 | Step 75450 | G: 2.5522 | D_A: 0.1037 | D_B: 0.1492 | Cycle: 0.8745
Epoch 11/80 | Step 75500 | G: 1.6249 | D_A: 0.2127 | D_B: 0.1957 | Cycle: 0.7559
Epoch 11/80 | Step 75550 | G: 2.4595 | D_A: 0.2734 | D_B: 0.0677 | Cycle: 0.8204
Epoch 11/80 | Step 75600 | G: 1.9960 | D_A: 0.1712 | D_B: 0.1040 | Cycle: 0.8902
Epoch 11/80 | Step 75650 | G: 1.8832 | D_A: 0.2824 | D_B: 0.1735 | Cycle: 0.8998
Epoch 11/80 | Step 75700 | G: 1.8535 | D_A: 0.1799 | D_B: 0.1303 | Cycle: 0.7535
Epoch 11/80 | Step 75750 | G: 2.4192 | D_A: 0.0909 | D_B: 0.0617 | Cycle: 0.9551
Epoch 11/80 | Step 75800 | G: 2.8607 | D_A: 0.0998 | D_B: 0.0573 | Cycle: 1.0963
Epoch 11/80 | Step 75850 | G: 2.5336 | D_A: 0.3040 | D_B: 0.1039 | Cycle: 0.9922
Epoch 11/80 | Step 75900 | G: 2.1245 | D_A: 0.1695 | D_B: 0.0735 | Cycle: 0.8914
Epoch 11/80 | Step 75950 | G: 2.0602 | D_A: 0.2036 | D_B: 0.0949 | Cycle: 0.9820
Epoch 11/80 | Step 76000 | G: 3.0877 | D_A: 0.1033 | D_B: 0.0351 | Cycle: 1.1101
Epoch 11/80 | Step 76050 | G: 2.5210 | D_A: 0.1132 | D_B: 0.1244 | Cycle: 1.1080
Epoch 11/80 | Step 76100 | G: 1.7748 | D_A: 0.2166 | D_B: 0.1486 | Cycle: 0.8554
Epoch 11/80 | Step 76150 | G: 1.8838 | D_A: 0.0978 | D_B: 0.2282 | Cycle: 0.8222
Epoch 11/80 | Step 76200 | G: 2.0199 | D_A: 0.1677 | D_B: 0.0840 | Cycle: 0.7860
Epoch 11/80 | Step 76250 | G: 3.1207 | D_A: 0.0853 | D_B: 0.0846 | Cycle: 1.1972
Epoch 11/80 | Step 76300 | G: 1.6172 | D_A: 0.2541 | D_B: 0.1921 | Cycle: 0.7123
Epoch 11/80 | Step 76350 | G: 1.7759 | D_A: 0.0972 | D_B: 0.0725 | Cycle: 0.7871
Epoch 11/80 | Step 76400 | G: 2.7109 | D_A: 0.1873 | D_B: 0.0682 | Cycle: 0.9416
Epoch 11/80 | Step 76450 | G: 2.2906 | D_A: 0.1513 | D_B: 0.2251 | Cycle: 0.8545
Epoch 11/80 | Step 76500 | G: 2.2974 | D_A: 0.1230 | D_B: 0.1055 | Cycle: 0.9479
Epoch 11/80 | Step 76550 | G: 2.0102 | D_A: 0.2167 | D_B: 0.2014 | Cycle: 0.8986
Epoch 11/80 | Step 76600 | G: 2.0768 | D_A: 0.2362 | D_B: 0.0627 | Cycle: 1.0022
Epoch 11/80 | Step 76650 | G: 2.2051 | D_A: 0.1186 | D_B: 0.0780 | Cycle: 0.8520
Epoch 11/80 | Step 76700 | G: 2.2240 | D_A: 0.0843 | D_B: 0.1994 | Cycle: 1.1189
Epoch 11/80 | Step 76750 | G: 2.0639 | D_A: 0.1524 | D_B: 0.0839 | Cycle: 0.9385
Epoch 11/80 | Step 76800 | G: 2.0578 | D_A: 0.1905 | D_B: 0.2137 | Cycle: 0.9592
Epoch 11/80 | Step 76850 | G: 2.4379 | D_A: 0.1778 | D_B: 0.0495 | Cycle: 0.8782
Epoch 11/80 | Step 76900 | G: 3.0683 | D_A: 0.1148 | D_B: 0.0309 | Cycle: 1.0295
Epoch 11/80 | Step 76950 | G: 2.6539 | D_A: 0.1957 | D_B: 0.0457 | Cycle: 0.8751
Epoch 11/80 | Step 77000 | G: 2.1978 | D_A: 0.2056 | D_B: 0.0437 | Cycle: 0.9533
Epoch 11/80 | Step 77050 | G: 1.9148 | D_A: 0.3024 | D_B: 0.2258 | Cycle: 0.9014
Epoch 11/80 | Step 77100 | G: 2.1399 | D_A: 0.1626 | D_B: 0.0759 | Cycle: 0.8297
Epoch 11/80 | Step 77150 | G: 2.5615 | D_A: 0.1910 | D_B: 0.0348 | Cycle: 0.8857
Epoch 11/80 | Step 77200 | G: 2.1376 | D_A: 0.3198 | D_B: 0.1612 | Cycle: 0.7518
Epoch 11/80 | Step 77250 | G: 2.7144 | D_A: 0.0606 | D_B: 0.0227 | Cycle: 0.8870
Epoch 11/80 | Step 77300 | G: 2.3074 | D_A: 0.1919 | D_B: 0.1840 | Cycle: 1.0673
Epoch 11/80 | Step 77350 | G: 2.8102 | D_A: 0.2207 | D_B: 0.0439 | Cycle: 0.8551
Epoch 11/80 | Step 77400 | G: 1.9282 | D_A: 0.1363 | D_B: 0.0949 | Cycle: 0.6358
Epoch 11/80 complete | Time: 425s | Avg G: 2.2326 | Avg D: 0.1555
Epoch 12/80 | Step 77450 | G: 3.0283 | D_A: 0.1020 | D_B: 0.1073 | Cycle: 1.0064
Epoch 12/80 | Step 77500 | G: 1.7803 | D_A: 0.1149 | D_B: 0.2894 | Cycle: 0.8403
Epoch 12/80 | Step 77550 | G: 1.8956 | D_A: 0.1757 | D_B: 0.1838 | Cycle: 0.8787
Epoch 12/80 | Step 77600 | G: 2.3389 | D_A: 0.1135 | D_B: 0.0548 | Cycle: 0.9267
Epoch 12/80 | Step 77650 | G: 2.8773 | D_A: 0.0825 | D_B: 0.0477 | Cycle: 1.0536
Epoch 12/80 | Step 77700 | G: 1.6846 | D_A: 0.2613 | D_B: 0.2368 | Cycle: 0.9583
Epoch 12/80 | Step 77750 | G: 1.7109 | D_A: 0.1727 | D_B: 0.2131 | Cycle: 0.8334
Epoch 12/80 | Step 77800 | G: 3.1766 | D_A: 0.4375 | D_B: 0.0370 | Cycle: 1.1808
Epoch 12/80 | Step 77850 | G: 2.1352 | D_A: 0.2787 | D_B: 0.1421 | Cycle: 0.9043
Epoch 12/80 | Step 77900 | G: 2.3159 | D_A: 0.1641 | D_B: 0.1374 | Cycle: 0.9004
Epoch 12/80 | Step 77950 | G: 2.4533 | D_A: 0.2093 | D_B: 0.0993 | Cycle: 0.9893
Epoch 12/80 | Step 78000 | G: 2.0531 | D_A: 0.3535 | D_B: 0.0702 | Cycle: 0.7565
Epoch 12/80 | Step 78050 | G: 2.5001 | D_A: 0.1656 | D_B: 0.1256 | Cycle: 0.9261
Epoch 12/80 | Step 78100 | G: 2.1686 | D_A: 0.1099 | D_B: 0.1192 | Cycle: 0.8224
Epoch 12/80 | Step 78150 | G: 2.0206 | D_A: 0.2533 | D_B: 0.0796 | Cycle: 0.7303
Epoch 12/80 | Step 78200 | G: 1.4924 | D_A: 0.0745 | D_B: 0.0678 | Cycle: 0.7084
Epoch 12/80 | Step 78250 | G: 1.6164 | D_A: 0.2901 | D_B: 0.0927 | Cycle: 0.7378
Epoch 12/80 | Step 78300 | G: 2.0327 | D_A: 0.2511 | D_B: 0.0558 | Cycle: 1.0727
Epoch 12/80 | Step 78350 | G: 2.4518 | D_A: 0.1490 | D_B: 0.1215 | Cycle: 0.8736
Epoch 12/80 | Step 78400 | G: 2.2595 | D_A: 0.2450 | D_B: 0.1174 | Cycle: 0.6515
Epoch 12/80 | Step 78450 | G: 2.4837 | D_A: 0.1090 | D_B: 0.0730 | Cycle: 0.7959
Epoch 12/80 | Step 78500 | G: 3.2443 | D_A: 0.1127 | D_B: 0.0596 | Cycle: 0.9098
Epoch 12/80 | Step 78550 | G: 2.3899 | D_A: 0.0691 | D_B: 0.0791 | Cycle: 0.8487
Epoch 12/80 | Step 78600 | G: 2.0454 | D_A: 0.2345 | D_B: 0.0509 | Cycle: 0.7876
Epoch 12/80 | Step 78650 | G: 1.8777 | D_A: 0.2026 | D_B: 0.1644 | Cycle: 0.8591
Epoch 12/80 | Step 78700 | G: 1.8652 | D_A: 0.2311 | D_B: 0.2035 | Cycle: 0.6580
Epoch 12/80 | Step 78750 | G: 2.5894 | D_A: 0.1481 | D_B: 0.1489 | Cycle: 0.8146
Epoch 12/80 | Step 78800 | G: 2.2666 | D_A: 0.1412 | D_B: 0.0582 | Cycle: 0.8340
Epoch 12/80 | Step 78850 | G: 2.0393 | D_A: 0.1920 | D_B: 0.1846 | Cycle: 0.7699
Epoch 12/80 | Step 78900 | G: 2.3579 | D_A: 0.2093 | D_B: 0.0651 | Cycle: 1.0113
Epoch 12/80 | Step 78950 | G: 2.7858 | D_A: 0.0663 | D_B: 0.2225 | Cycle: 0.8749
Epoch 12/80 | Step 79000 | G: 2.2208 | D_A: 0.1255 | D_B: 0.0688 | Cycle: 0.8137
Epoch 12/80 | Step 79050 | G: 2.7746 | D_A: 0.2590 | D_B: 0.1368 | Cycle: 1.0551
Epoch 12/80 | Step 79100 | G: 1.9552 | D_A: 0.2474 | D_B: 0.0808 | Cycle: 1.0434
Epoch 12/80 | Step 79150 | G: 2.0616 | D_A: 0.3322 | D_B: 0.0657 | Cycle: 0.8672
Epoch 12/80 | Step 79200 | G: 1.7907 | D_A: 0.2956 | D_B: 0.0427 | Cycle: 0.7785
Epoch 12/80 | Step 79250 | G: 2.3137 | D_A: 0.1178 | D_B: 0.2800 | Cycle: 0.7525
Epoch 12/80 | Step 79300 | G: 1.7991 | D_A: 0.2525 | D_B: 0.1163 | Cycle: 0.7742
Epoch 12/80 | Step 79350 | G: 2.4004 | D_A: 0.0843 | D_B: 0.1082 | Cycle: 0.8820
Epoch 12/80 | Step 79400 | G: 2.3308 | D_A: 0.2681 | D_B: 0.1847 | Cycle: 0.7482
Epoch 12/80 | Step 79450 | G: 1.8383 | D_A: 0.3219 | D_B: 0.0284 | Cycle: 0.9290
Epoch 12/80 | Step 79500 | G: 3.3311 | D_A: 0.0793 | D_B: 0.0386 | Cycle: 1.2086
Epoch 12/80 | Step 79550 | G: 3.1397 | D_A: 0.0658 | D_B: 0.2363 | Cycle: 0.9501
Epoch 12/80 | Step 79600 | G: 3.2677 | D_A: 0.2475 | D_B: 0.1258 | Cycle: 0.6492
Epoch 12/80 | Step 79650 | G: 1.7945 | D_A: 0.3198 | D_B: 0.0734 | Cycle: 0.7983
Epoch 12/80 | Step 79700 | G: 2.3912 | D_A: 0.1163 | D_B: 0.0984 | Cycle: 1.0872
Epoch 12/80 | Step 79750 | G: 1.9208 | D_A: 0.2777 | D_B: 0.0531 | Cycle: 0.8632
Epoch 12/80 | Step 79800 | G: 2.7026 | D_A: 0.1819 | D_B: 0.0607 | Cycle: 0.9563
Epoch 12/80 | Step 79850 | G: 2.0682 | D_A: 0.0904 | D_B: 0.1422 | Cycle: 0.7396
Epoch 12/80 | Step 79900 | G: 2.0170 | D_A: 0.1185 | D_B: 0.0499 | Cycle: 0.8599
Epoch 12/80 | Step 79950 | G: 1.9461 | D_A: 0.1582 | D_B: 0.1015 | Cycle: 0.8369
Epoch 12/80 | Step 80000 | G: 2.1660 | D_A: 0.0920 | D_B: 0.1472 | Cycle: 0.9563
Epoch 12/80 | Step 80050 | G: 2.1973 | D_A: 0.2457 | D_B: 0.1615 | Cycle: 0.8338
Epoch 12/80 | Step 80100 | G: 2.5689 | D_A: 0.0896 | D_B: 0.0772 | Cycle: 0.8786
Epoch 12/80 | Step 80150 | G: 2.5666 | D_A: 0.2107 | D_B: 0.1551 | Cycle: 0.8363
Epoch 12/80 | Step 80200 | G: 2.5363 | D_A: 0.1015 | D_B: 0.0398 | Cycle: 0.8087
Epoch 12/80 | Step 80250 | G: 2.5473 | D_A: 0.1142 | D_B: 0.0658 | Cycle: 1.3948
Epoch 12/80 | Step 80300 | G: 1.7120 | D_A: 0.2047 | D_B: 0.0547 | Cycle: 0.6515
Epoch 12/80 | Step 80350 | G: 2.0825 | D_A: 0.1500 | D_B: 0.0996 | Cycle: 1.0794
Epoch 12/80 | Step 80400 | G: 2.0763 | D_A: 0.1976 | D_B: 0.0399 | Cycle: 0.9593
Epoch 12/80 | Step 80450 | G: 2.2257 | D_A: 0.1958 | D_B: 0.0904 | Cycle: 0.8964
Epoch 12/80 | Step 80500 | G: 2.1923 | D_A: 0.0646 | D_B: 0.0345 | Cycle: 0.7594
Epoch 12/80 | Step 80550 | G: 2.3697 | D_A: 0.1298 | D_B: 0.0339 | Cycle: 0.8298
Epoch 12/80 | Step 80600 | G: 1.7195 | D_A: 0.1870 | D_B: 0.1421 | Cycle: 0.7926
Epoch 12/80 | Step 80650 | G: 1.6016 | D_A: 0.3804 | D_B: 0.3271 | Cycle: 0.9044
Epoch 12/80 | Step 80700 | G: 2.2852 | D_A: 0.2826 | D_B: 0.0471 | Cycle: 0.9034
Epoch 12/80 | Step 80750 | G: 2.3437 | D_A: 0.1422 | D_B: 0.0543 | Cycle: 0.8754
Epoch 12/80 | Step 80800 | G: 2.1624 | D_A: 0.0613 | D_B: 0.0894 | Cycle: 0.8663
Epoch 12/80 | Step 80850 | G: 2.4761 | D_A: 0.2134 | D_B: 0.1097 | Cycle: 0.7994
Epoch 12/80 | Step 80900 | G: 2.1694 | D_A: 0.1005 | D_B: 0.1039 | Cycle: 1.0382
Epoch 12/80 | Step 80950 | G: 1.8855 | D_A: 0.2530 | D_B: 0.0687 | Cycle: 0.9166
Epoch 12/80 | Step 81000 | G: 1.8013 | D_A: 0.3718 | D_B: 0.1091 | Cycle: 0.8500
Epoch 12/80 | Step 81050 | G: 2.3421 | D_A: 0.1931 | D_B: 0.0637 | Cycle: 0.7433
Epoch 12/80 | Step 81100 | G: 2.4071 | D_A: 0.0669 | D_B: 0.1022 | Cycle: 0.8248
Epoch 12/80 | Step 81150 | G: 1.9833 | D_A: 0.2683 | D_B: 0.0840 | Cycle: 0.9613
Epoch 12/80 | Step 81200 | G: 2.1833 | D_A: 0.3441 | D_B: 0.1144 | Cycle: 0.7583
Epoch 12/80 | Step 81250 | G: 3.0917 | D_A: 0.0971 | D_B: 0.0700 | Cycle: 0.8866
Epoch 12/80 | Step 81300 | G: 2.4088 | D_A: 0.1327 | D_B: 0.1397 | Cycle: 0.9099
Epoch 12/80 | Step 81350 | G: 1.8084 | D_A: 0.1488 | D_B: 0.1678 | Cycle: 0.7248
Epoch 12/80 | Step 81400 | G: 2.1045 | D_A: 0.1768 | D_B: 0.1192 | Cycle: 0.8066
Epoch 12/80 | Step 81450 | G: 2.0487 | D_A: 0.4088 | D_B: 0.1237 | Cycle: 1.0829
Epoch 12/80 | Step 81500 | G: 2.0082 | D_A: 0.2892 | D_B: 0.3688 | Cycle: 0.9147
Epoch 12/80 | Step 81550 | G: 2.3640 | D_A: 0.2321 | D_B: 0.0553 | Cycle: 0.8199
Epoch 12/80 | Step 81600 | G: 2.7448 | D_A: 0.1943 | D_B: 0.1801 | Cycle: 0.8799
Epoch 12/80 | Step 81650 | G: 1.4169 | D_A: 0.4100 | D_B: 0.3403 | Cycle: 0.8936
Epoch 12/80 | Step 81700 | G: 1.6991 | D_A: 0.1386 | D_B: 0.2099 | Cycle: 0.7099
Epoch 12/80 | Step 81750 | G: 2.0048 | D_A: 0.1654 | D_B: 0.0527 | Cycle: 0.9067
Epoch 12/80 | Step 81800 | G: 1.4760 | D_A: 0.2038 | D_B: 0.0448 | Cycle: 0.7539
Epoch 12/80 | Step 81850 | G: 1.7396 | D_A: 0.1651 | D_B: 0.1669 | Cycle: 0.7861
Epoch 12/80 | Step 81900 | G: 1.6366 | D_A: 0.3423 | D_B: 0.0839 | Cycle: 0.7347
Epoch 12/80 | Step 81950 | G: 2.0908 | D_A: 0.3374 | D_B: 0.1442 | Cycle: 0.8027
Epoch 12/80 | Step 82000 | G: 2.4259 | D_A: 0.0987 | D_B: 0.0324 | Cycle: 0.8692
Epoch 12/80 | Step 82050 | G: 2.6425 | D_A: 0.2325 | D_B: 0.0795 | Cycle: 0.9717
Epoch 12/80 | Step 82100 | G: 1.8232 | D_A: 0.1017 | D_B: 0.0968 | Cycle: 0.6666
Epoch 12/80 | Step 82150 | G: 2.2868 | D_A: 0.0585 | D_B: 0.0628 | Cycle: 0.6509
Epoch 12/80 | Step 82200 | G: 2.5114 | D_A: 0.3068 | D_B: 0.1203 | Cycle: 0.9326
Epoch 12/80 | Step 82250 | G: 1.7016 | D_A: 0.1663 | D_B: 0.0772 | Cycle: 0.7592
Epoch 12/80 | Step 82300 | G: 3.1577 | D_A: 0.1132 | D_B: 0.0993 | Cycle: 1.1389
Epoch 12/80 | Step 82350 | G: 2.8249 | D_A: 0.1837 | D_B: 0.0787 | Cycle: 1.1613
Epoch 12/80 | Step 82400 | G: 2.0678 | D_A: 0.3833 | D_B: 0.1192 | Cycle: 0.8384
Epoch 12/80 | Step 82450 | G: 2.1526 | D_A: 0.2647 | D_B: 0.0515 | Cycle: 0.8642
Epoch 12/80 | Step 82500 | G: 1.8553 | D_A: 0.1573 | D_B: 0.2110 | Cycle: 0.8233
Epoch 12/80 | Step 82550 | G: 2.2416 | D_A: 0.1849 | D_B: 0.2140 | Cycle: 0.8076
Epoch 12/80 | Step 82600 | G: 2.4140 | D_A: 0.1477 | D_B: 0.0978 | Cycle: 1.0707
Epoch 12/80 | Step 82650 | G: 2.7549 | D_A: 0.1523 | D_B: 0.0471 | Cycle: 0.9684
Epoch 12/80 | Step 82700 | G: 2.3352 | D_A: 0.1099 | D_B: 0.0671 | Cycle: 0.8884
Epoch 12/80 | Step 82750 | G: 2.3630 | D_A: 0.2321 | D_B: 0.0413 | Cycle: 0.8564
Epoch 12/80 | Step 82800 | G: 2.1291 | D_A: 0.1841 | D_B: 0.1332 | Cycle: 0.9396
Epoch 12/80 | Step 82850 | G: 2.0182 | D_A: 0.2789 | D_B: 0.1371 | Cycle: 0.7720
Epoch 12/80 | Step 82900 | G: 2.8269 | D_A: 0.1546 | D_B: 0.1296 | Cycle: 0.9799
Epoch 12/80 | Step 82950 | G: 2.4174 | D_A: 0.1687 | D_B: 0.0817 | Cycle: 1.0644
Epoch 12/80 | Step 83000 | G: 2.0462 | D_A: 0.0953 | D_B: 0.1736 | Cycle: 0.5977
Epoch 12/80 | Step 83050 | G: 1.9038 | D_A: 0.1759 | D_B: 0.2964 | Cycle: 0.8656
Epoch 12/80 | Step 83100 | G: 2.1251 | D_A: 0.2612 | D_B: 0.1299 | Cycle: 0.6066
Epoch 12/80 | Step 83150 | G: 1.9470 | D_A: 0.2279 | D_B: 0.0585 | Cycle: 1.0686
Epoch 12/80 | Step 83200 | G: 2.1755 | D_A: 0.2070 | D_B: 0.0767 | Cycle: 0.7956
Epoch 12/80 | Step 83250 | G: 1.6673 | D_A: 0.2006 | D_B: 0.1008 | Cycle: 0.7471
Epoch 12/80 | Step 83300 | G: 2.0079 | D_A: 0.3769 | D_B: 0.1001 | Cycle: 0.7973
Epoch 12/80 | Step 83350 | G: 1.7860 | D_A: 0.2764 | D_B: 0.2075 | Cycle: 0.8797
Epoch 12/80 | Step 83400 | G: 2.6742 | D_A: 0.1163 | D_B: 0.0944 | Cycle: 0.6884
Epoch 12/80 | Step 83450 | G: 1.7517 | D_A: 0.1126 | D_B: 0.1011 | Cycle: 0.6173
Epoch 12/80 | Step 83500 | G: 2.3264 | D_A: 0.0876 | D_B: 0.0961 | Cycle: 0.8629
Epoch 12/80 | Step 83550 | G: 2.2984 | D_A: 0.1402 | D_B: 0.0707 | Cycle: 0.8535
Epoch 12/80 | Step 83600 | G: 2.6976 | D_A: 0.2387 | D_B: 0.2588 | Cycle: 0.9605
Epoch 12/80 | Step 83650 | G: 2.3338 | D_A: 0.2583 | D_B: 0.0806 | Cycle: 1.2374
Epoch 12/80 | Step 83700 | G: 2.1519 | D_A: 0.2063 | D_B: 0.0919 | Cycle: 1.0002
Epoch 12/80 | Step 83750 | G: 2.3493 | D_A: 0.1571 | D_B: 0.1123 | Cycle: 0.9836
Epoch 12/80 | Step 83800 | G: 2.5610 | D_A: 0.3939 | D_B: 0.0433 | Cycle: 0.8518
Epoch 12/80 | Step 83850 | G: 3.2392 | D_A: 0.0617 | D_B: 0.1533 | Cycle: 0.8763
Epoch 12/80 | Step 83900 | G: 2.0335 | D_A: 0.2091 | D_B: 0.1385 | Cycle: 0.8197
Epoch 12/80 | Step 83950 | G: 2.6018 | D_A: 0.1232 | D_B: 0.0381 | Cycle: 0.8365
Epoch 12/80 | Step 84000 | G: 2.0488 | D_A: 0.0567 | D_B: 0.1489 | Cycle: 1.0225
Epoch 12/80 | Step 84050 | G: 2.0481 | D_A: 0.1409 | D_B: 0.1036 | Cycle: 0.9066
Epoch 12/80 | Step 84100 | G: 2.0831 | D_A: 0.2899 | D_B: 0.2141 | Cycle: 1.1722
Epoch 12/80 | Step 84150 | G: 1.8382 | D_A: 0.1577 | D_B: 0.0601 | Cycle: 0.7986
Epoch 12/80 | Step 84200 | G: 1.8471 | D_A: 0.1222 | D_B: 0.0964 | Cycle: 0.7154
Epoch 12/80 | Step 84250 | G: 2.2254 | D_A: 0.1173 | D_B: 0.0872 | Cycle: 0.9026
Epoch 12/80 | Step 84300 | G: 1.7486 | D_A: 0.1729 | D_B: 0.1202 | Cycle: 0.6253
Epoch 12/80 | Step 84350 | G: 2.0644 | D_A: 0.2347 | D_B: 0.0860 | Cycle: 0.6997
Epoch 12/80 | Step 84400 | G: 2.5418 | D_A: 0.0658 | D_B: 0.1377 | Cycle: 0.8274
Epoch 12/80 | Step 84450 | G: 2.1592 | D_A: 0.1008 | D_B: 0.2506 | Cycle: 0.9651
Epoch 12/80 complete | Time: 429s | Avg G: 2.2313 | Avg D: 0.1534
Epoch 13/80 | Step 84500 | G: 2.7094 | D_A: 0.1980 | D_B: 0.1089 | Cycle: 1.3291
Epoch 13/80 | Step 84550 | G: 2.0489 | D_A: 0.2063 | D_B: 0.1957 | Cycle: 1.0549
Epoch 13/80 | Step 84600 | G: 1.5548 | D_A: 0.1531 | D_B: 0.1857 | Cycle: 0.6325
Epoch 13/80 | Step 84650 | G: 2.2293 | D_A: 0.1976 | D_B: 0.0752 | Cycle: 0.6386
Epoch 13/80 | Step 84700 | G: 2.2384 | D_A: 0.0917 | D_B: 0.2397 | Cycle: 0.8687
Epoch 13/80 | Step 84750 | G: 2.4264 | D_A: 0.2989 | D_B: 0.0958 | Cycle: 0.9787
Epoch 13/80 | Step 84800 | G: 2.6110 | D_A: 0.1962 | D_B: 0.1094 | Cycle: 0.8419
Epoch 13/80 | Step 84850 | G: 2.1999 | D_A: 0.1310 | D_B: 0.1071 | Cycle: 0.7972
Epoch 13/80 | Step 84900 | G: 2.4732 | D_A: 0.1393 | D_B: 0.0353 | Cycle: 0.9301
Epoch 13/80 | Step 84950 | G: 2.2555 | D_A: 0.3415 | D_B: 0.0612 | Cycle: 0.8974
Epoch 13/80 | Step 85000 | G: 2.1490 | D_A: 0.2495 | D_B: 0.0980 | Cycle: 0.8662
Epoch 13/80 | Step 85050 | G: 1.9504 | D_A: 0.1185 | D_B: 0.0534 | Cycle: 0.8546
Epoch 13/80 | Step 85100 | G: 2.0830 | D_A: 0.2592 | D_B: 0.1022 | Cycle: 0.6806
Epoch 13/80 | Step 85150 | G: 1.8327 | D_A: 0.1749 | D_B: 0.0307 | Cycle: 0.8321
Epoch 13/80 | Step 85200 | G: 2.3593 | D_A: 0.1160 | D_B: 0.0473 | Cycle: 0.9339
Epoch 13/80 | Step 85250 | G: 2.1931 | D_A: 0.1479 | D_B: 0.1392 | Cycle: 0.9945
Epoch 13/80 | Step 85300 | G: 2.5368 | D_A: 0.3000 | D_B: 0.0911 | Cycle: 0.8361
Epoch 13/80 | Step 85350 | G: 2.0984 | D_A: 0.1575 | D_B: 0.1444 | Cycle: 0.9005
Epoch 13/80 | Step 85400 | G: 1.8745 | D_A: 0.3518 | D_B: 0.0978 | Cycle: 0.7550
Epoch 13/80 | Step 85450 | G: 2.6628 | D_A: 0.3329 | D_B: 0.2060 | Cycle: 0.8725
Epoch 13/80 | Step 85500 | G: 3.0605 | D_A: 0.1615 | D_B: 0.2102 | Cycle: 0.8994
Epoch 13/80 | Step 85550 | G: 1.8772 | D_A: 0.0954 | D_B: 0.4239 | Cycle: 0.7855
Epoch 13/80 | Step 85600 | G: 2.5609 | D_A: 0.2358 | D_B: 0.0396 | Cycle: 0.9114
Epoch 13/80 | Step 85650 | G: 1.6285 | D_A: 0.2415 | D_B: 0.3247 | Cycle: 0.8142
Epoch 13/80 | Step 85700 | G: 2.1416 | D_A: 0.2920 | D_B: 0.1108 | Cycle: 0.9259
Epoch 13/80 | Step 85750 | G: 2.1569 | D_A: 0.2008 | D_B: 0.1173 | Cycle: 0.8691
Epoch 13/80 | Step 85800 | G: 2.1885 | D_A: 0.1127 | D_B: 0.1518 | Cycle: 0.8186
Epoch 13/80 | Step 85850 | G: 2.2035 | D_A: 0.0367 | D_B: 0.1380 | Cycle: 0.9306
Epoch 13/80 | Step 85900 | G: 2.2033 | D_A: 0.2555 | D_B: 0.0995 | Cycle: 0.9721
Epoch 13/80 | Step 85950 | G: 2.0994 | D_A: 0.0976 | D_B: 0.1484 | Cycle: 0.8205
Epoch 13/80 | Step 86000 | G: 1.9212 | D_A: 0.3098 | D_B: 0.1816 | Cycle: 0.8126
Epoch 13/80 | Step 86050 | G: 1.7642 | D_A: 0.3809 | D_B: 0.2913 | Cycle: 0.8443
Epoch 13/80 | Step 86100 | G: 2.0937 | D_A: 0.3104 | D_B: 0.2188 | Cycle: 0.6712
Epoch 13/80 | Step 86150 | G: 1.8661 | D_A: 0.2592 | D_B: 0.1197 | Cycle: 0.8107
Epoch 13/80 | Step 86200 | G: 2.9815 | D_A: 0.0983 | D_B: 0.0945 | Cycle: 1.0340
Epoch 13/80 | Step 86250 | G: 1.9914 | D_A: 0.1354 | D_B: 0.1552 | Cycle: 0.7875
Epoch 13/80 | Step 86300 | G: 2.2067 | D_A: 0.1163 | D_B: 0.1109 | Cycle: 0.7869
Epoch 13/80 | Step 86350 | G: 1.9851 | D_A: 0.1405 | D_B: 0.1291 | Cycle: 0.9341
Epoch 13/80 | Step 86400 | G: 1.9484 | D_A: 0.1471 | D_B: 0.1693 | Cycle: 0.8940
Epoch 13/80 | Step 86450 | G: 2.4806 | D_A: 0.2316 | D_B: 0.0534 | Cycle: 0.9094
Epoch 13/80 | Step 86500 | G: 1.9268 | D_A: 0.1915 | D_B: 0.0617 | Cycle: 0.7316
Epoch 13/80 | Step 86550 | G: 2.2182 | D_A: 0.1465 | D_B: 0.0897 | Cycle: 0.8078
Epoch 13/80 | Step 86600 | G: 1.8837 | D_A: 0.2251 | D_B: 0.2585 | Cycle: 0.7841
Epoch 13/80 | Step 86650 | G: 1.8304 | D_A: 0.2674 | D_B: 0.2011 | Cycle: 0.6634
Epoch 13/80 | Step 86700 | G: 2.1419 | D_A: 0.1180 | D_B: 0.0950 | Cycle: 0.7525
Epoch 13/80 | Step 86750 | G: 2.4293 | D_A: 0.0890 | D_B: 0.0465 | Cycle: 0.8031
Epoch 13/80 | Step 86800 | G: 2.0330 | D_A: 0.1780 | D_B: 0.1433 | Cycle: 0.7675
Epoch 13/80 | Step 86850 | G: 2.1476 | D_A: 0.1600 | D_B: 0.1068 | Cycle: 0.9609
Epoch 13/80 | Step 86900 | G: 2.1147 | D_A: 0.1412 | D_B: 0.1494 | Cycle: 0.9807
Epoch 13/80 | Step 86950 | G: 2.7355 | D_A: 0.1026 | D_B: 0.1198 | Cycle: 1.4099
Epoch 13/80 | Step 87000 | G: 1.9764 | D_A: 0.2671 | D_B: 0.1278 | Cycle: 0.6963
Epoch 13/80 | Step 87050 | G: 2.7524 | D_A: 0.2694 | D_B: 0.0407 | Cycle: 1.0590
Epoch 13/80 | Step 87100 | G: 2.5718 | D_A: 0.2538 | D_B: 0.0642 | Cycle: 0.8712
Epoch 13/80 | Step 87150 | G: 2.2712 | D_A: 0.4537 | D_B: 0.0676 | Cycle: 1.0162
Epoch 13/80 | Step 87200 | G: 2.3358 | D_A: 0.1880 | D_B: 0.0900 | Cycle: 1.0642
Epoch 13/80 | Step 87250 | G: 2.7852 | D_A: 0.1883 | D_B: 0.0359 | Cycle: 0.9671
Epoch 13/80 | Step 87300 | G: 3.2610 | D_A: 0.2080 | D_B: 0.0635 | Cycle: 0.9493
Epoch 13/80 | Step 87350 | G: 2.0978 | D_A: 0.2788 | D_B: 0.1240 | Cycle: 0.6975
Epoch 13/80 | Step 87400 | G: 2.6822 | D_A: 0.2559 | D_B: 0.1997 | Cycle: 1.0721
Epoch 13/80 | Step 87450 | G: 2.5475 | D_A: 0.2679 | D_B: 0.0778 | Cycle: 0.9050
Epoch 13/80 | Step 87500 | G: 1.7491 | D_A: 0.1391 | D_B: 0.1447 | Cycle: 0.8506
Epoch 13/80 | Step 87550 | G: 3.2311 | D_A: 0.0999 | D_B: 0.1131 | Cycle: 1.4463
Epoch 13/80 | Step 87600 | G: 2.3715 | D_A: 0.1003 | D_B: 0.1459 | Cycle: 0.8619
Epoch 13/80 | Step 87650 | G: 2.4636 | D_A: 0.1931 | D_B: 0.2558 | Cycle: 0.8696
Epoch 13/80 | Step 87700 | G: 2.4309 | D_A: 0.0613 | D_B: 0.0976 | Cycle: 0.8132
Epoch 13/80 | Step 87750 | G: 2.8112 | D_A: 0.1192 | D_B: 0.0503 | Cycle: 0.7627
Epoch 13/80 | Step 87800 | G: 1.8051 | D_A: 0.1071 | D_B: 0.1300 | Cycle: 0.7863
Epoch 13/80 | Step 87850 | G: 2.3317 | D_A: 0.0834 | D_B: 0.1249 | Cycle: 0.8638
Epoch 13/80 | Step 87900 | G: 1.6299 | D_A: 0.3316 | D_B: 0.1943 | Cycle: 0.7709
Epoch 13/80 | Step 87950 | G: 2.0636 | D_A: 0.2330 | D_B: 0.1794 | Cycle: 1.1013
Epoch 13/80 | Step 88000 | G: 2.6578 | D_A: 0.0728 | D_B: 0.1654 | Cycle: 0.9348
Epoch 13/80 | Step 88050 | G: 1.6586 | D_A: 0.2227 | D_B: 0.1342 | Cycle: 0.7291
Epoch 13/80 | Step 88100 | G: 2.0752 | D_A: 0.1194 | D_B: 0.1014 | Cycle: 0.8382
Epoch 13/80 | Step 88150 | G: 1.5417 | D_A: 0.4018 | D_B: 0.1248 | Cycle: 0.7212
Epoch 13/80 | Step 88200 | G: 2.4470 | D_A: 0.0550 | D_B: 0.0946 | Cycle: 0.9324
Epoch 13/80 | Step 88250 | G: 2.3301 | D_A: 0.0919 | D_B: 0.0743 | Cycle: 0.9376
Epoch 13/80 | Step 88300 | G: 2.1410 | D_A: 0.1791 | D_B: 0.2055 | Cycle: 0.9939
Epoch 13/80 | Step 88350 | G: 1.9708 | D_A: 0.1152 | D_B: 0.0603 | Cycle: 0.7144
Epoch 13/80 | Step 88400 | G: 2.9713 | D_A: 0.3083 | D_B: 0.1333 | Cycle: 0.9657
Epoch 13/80 | Step 88450 | G: 2.0455 | D_A: 0.0465 | D_B: 0.1641 | Cycle: 0.8182
Epoch 13/80 | Step 88500 | G: 1.7646 | D_A: 0.1459 | D_B: 0.2390 | Cycle: 0.6931
Epoch 13/80 | Step 88550 | G: 2.1830 | D_A: 0.2805 | D_B: 0.0694 | Cycle: 0.8023
Epoch 13/80 | Step 88600 | G: 2.5345 | D_A: 0.0868 | D_B: 0.1990 | Cycle: 0.8684
Epoch 13/80 | Step 88650 | G: 2.1869 | D_A: 0.2087 | D_B: 0.0750 | Cycle: 0.8255
Epoch 13/80 | Step 88700 | G: 1.8329 | D_A: 0.2062 | D_B: 0.1364 | Cycle: 0.6849
Epoch 13/80 | Step 88750 | G: 2.3734 | D_A: 0.2059 | D_B: 0.1085 | Cycle: 0.9609
Epoch 13/80 | Step 88800 | G: 2.3432 | D_A: 0.1952 | D_B: 0.0842 | Cycle: 0.7596
Epoch 13/80 | Step 88850 | G: 2.0755 | D_A: 0.1773 | D_B: 0.1321 | Cycle: 0.8460
Epoch 13/80 | Step 88900 | G: 2.7105 | D_A: 0.1630 | D_B: 0.1528 | Cycle: 1.1662
Epoch 13/80 | Step 88950 | G: 1.7146 | D_A: 0.1298 | D_B: 0.1757 | Cycle: 0.7362
Epoch 13/80 | Step 89000 | G: 2.8564 | D_A: 0.0376 | D_B: 0.0554 | Cycle: 0.8412
Epoch 13/80 | Step 89050 | G: 1.6037 | D_A: 0.2744 | D_B: 0.1465 | Cycle: 0.7719
Epoch 13/80 | Step 89100 | G: 2.4495 | D_A: 0.3435 | D_B: 0.0616 | Cycle: 0.9730
Epoch 13/80 | Step 89150 | G: 2.2195 | D_A: 0.3642 | D_B: 0.0463 | Cycle: 0.7585
Epoch 13/80 | Step 89200 | G: 1.9852 | D_A: 0.1966 | D_B: 0.1642 | Cycle: 0.8297
Epoch 13/80 | Step 89250 | G: 1.7462 | D_A: 0.1241 | D_B: 0.0901 | Cycle: 0.6948
Epoch 13/80 | Step 89300 | G: 2.6507 | D_A: 0.3213 | D_B: 0.0482 | Cycle: 0.9286
Epoch 13/80 | Step 89350 | G: 1.6879 | D_A: 0.1274 | D_B: 0.2263 | Cycle: 0.7404
Epoch 13/80 | Step 89400 | G: 2.4049 | D_A: 0.2381 | D_B: 0.1089 | Cycle: 0.7968
Epoch 13/80 | Step 89450 | G: 2.3616 | D_A: 0.0732 | D_B: 0.0624 | Cycle: 1.1150
Epoch 13/80 | Step 89500 | G: 2.6181 | D_A: 0.1721 | D_B: 0.0833 | Cycle: 0.9377
Epoch 13/80 | Step 89550 | G: 2.3105 | D_A: 0.3245 | D_B: 0.1012 | Cycle: 0.9068
Epoch 13/80 | Step 89600 | G: 2.1052 | D_A: 0.2175 | D_B: 0.0521 | Cycle: 0.9593
Epoch 13/80 | Step 89650 | G: 2.0601 | D_A: 0.2507 | D_B: 0.0905 | Cycle: 0.8688
Epoch 13/80 | Step 89700 | G: 2.7180 | D_A: 0.0224 | D_B: 0.0943 | Cycle: 0.8190
Epoch 13/80 | Step 89750 | G: 2.4759 | D_A: 0.1347 | D_B: 0.0536 | Cycle: 0.7128
Epoch 13/80 | Step 89800 | G: 3.1368 | D_A: 0.1023 | D_B: 0.0688 | Cycle: 0.8716
Epoch 13/80 | Step 89850 | G: 2.5452 | D_A: 0.0586 | D_B: 0.0510 | Cycle: 0.8370
Epoch 13/80 | Step 89900 | G: 1.8301 | D_A: 0.3066 | D_B: 0.1849 | Cycle: 0.8402
Epoch 13/80 | Step 89950 | G: 1.8603 | D_A: 0.2060 | D_B: 0.1235 | Cycle: 0.7001
Epoch 13/80 | Step 90000 | G: 1.6723 | D_A: 0.2421 | D_B: 0.2229 | Cycle: 0.8337
Epoch 13/80 | Step 90050 | G: 2.3109 | D_A: 0.0529 | D_B: 0.1865 | Cycle: 0.7796
Epoch 13/80 | Step 90100 | G: 2.5145 | D_A: 0.0898 | D_B: 0.1881 | Cycle: 0.8036
Epoch 13/80 | Step 90150 | G: 2.0779 | D_A: 0.5276 | D_B: 0.0532 | Cycle: 0.9330
Epoch 13/80 | Step 90200 | G: 2.2118 | D_A: 0.1663 | D_B: 0.0559 | Cycle: 0.6169
Epoch 13/80 | Step 90250 | G: 1.9061 | D_A: 0.3087 | D_B: 0.1272 | Cycle: 1.0018
Epoch 13/80 | Step 90300 | G: 2.2055 | D_A: 0.0922 | D_B: 0.0960 | Cycle: 0.8935
Epoch 13/80 | Step 90350 | G: 1.8608 | D_A: 0.2864 | D_B: 0.2848 | Cycle: 0.8125
Epoch 13/80 | Step 90400 | G: 3.4818 | D_A: 0.1669 | D_B: 0.1170 | Cycle: 0.9024
Epoch 13/80 | Step 90450 | G: 1.7877 | D_A: 0.1759 | D_B: 0.0622 | Cycle: 0.7941
Epoch 13/80 | Step 90500 | G: 1.8336 | D_A: 0.1674 | D_B: 0.3728 | Cycle: 0.6563
Epoch 13/80 | Step 90550 | G: 2.0503 | D_A: 0.3143 | D_B: 0.0963 | Cycle: 0.8296
Epoch 13/80 | Step 90600 | G: 1.3487 | D_A: 0.2304 | D_B: 0.2453 | Cycle: 0.7123
Epoch 13/80 | Step 90650 | G: 1.8699 | D_A: 0.1498 | D_B: 0.1669 | Cycle: 0.7203
Epoch 13/80 | Step 90700 | G: 1.5448 | D_A: 0.2672 | D_B: 0.1059 | Cycle: 0.7348
Epoch 13/80 | Step 90750 | G: 2.8654 | D_A: 0.1470 | D_B: 0.1714 | Cycle: 1.1909
Epoch 13/80 | Step 90800 | G: 2.2134 | D_A: 0.2292 | D_B: 0.0405 | Cycle: 0.8814
Epoch 13/80 | Step 90850 | G: 2.1537 | D_A: 0.1799 | D_B: 0.0674 | Cycle: 1.0585
Epoch 13/80 | Step 90900 | G: 2.3511 | D_A: 0.0785 | D_B: 0.0830 | Cycle: 0.7853
Epoch 13/80 | Step 90950 | G: 1.9216 | D_A: 0.1985 | D_B: 0.0973 | Cycle: 0.9210
Epoch 13/80 | Step 91000 | G: 2.3229 | D_A: 0.1725 | D_B: 0.1072 | Cycle: 0.8527
Epoch 13/80 | Step 91050 | G: 2.1145 | D_A: 0.2328 | D_B: 0.2593 | Cycle: 0.7389
Epoch 13/80 | Step 91100 | G: 1.9116 | D_A: 0.2176 | D_B: 0.1823 | Cycle: 0.9691
Epoch 13/80 | Step 91150 | G: 2.2255 | D_A: 0.3172 | D_B: 0.0826 | Cycle: 0.6603
Epoch 13/80 | Step 91200 | G: 2.4662 | D_A: 0.1058 | D_B: 0.0729 | Cycle: 0.9452
Epoch 13/80 | Step 91250 | G: 1.9165 | D_A: 0.1328 | D_B: 0.0877 | Cycle: 0.8483
Epoch 13/80 | Step 91300 | G: 2.4482 | D_A: 0.2290 | D_B: 0.0505 | Cycle: 0.9586
Epoch 13/80 | Step 91350 | G: 2.2438 | D_A: 0.1506 | D_B: 0.0649 | Cycle: 1.0751
Epoch 13/80 | Step 91400 | G: 2.3850 | D_A: 0.2495 | D_B: 0.0670 | Cycle: 1.0377
Epoch 13/80 | Step 91450 | G: 1.8032 | D_A: 0.1936 | D_B: 0.2283 | Cycle: 0.8242
Epoch 13/80 complete | Time: 426s | Avg G: 2.2229 | Avg D: 0.1529
Epoch 14/80 | Step 91500 | G: 1.8250 | D_A: 0.2171 | D_B: 0.0917 | Cycle: 0.7592
Epoch 14/80 | Step 91550 | G: 2.6571 | D_A: 0.0959 | D_B: 0.0484 | Cycle: 0.9994
Epoch 14/80 | Step 91600 | G: 2.9633 | D_A: 0.1405 | D_B: 0.1420 | Cycle: 0.8644
Epoch 14/80 | Step 91650 | G: 2.2682 | D_A: 0.1524 | D_B: 0.0758 | Cycle: 0.9269
Epoch 14/80 | Step 91700 | G: 1.9747 | D_A: 0.0964 | D_B: 0.0806 | Cycle: 0.8360
Epoch 14/80 | Step 91750 | G: 2.5212 | D_A: 0.0711 | D_B: 0.0765 | Cycle: 0.8054
Epoch 14/80 | Step 91800 | G: 2.4806 | D_A: 0.1687 | D_B: 0.0413 | Cycle: 0.8651
Epoch 14/80 | Step 91850 | G: 2.4074 | D_A: 0.1454 | D_B: 0.2018 | Cycle: 0.6418
Epoch 14/80 | Step 91900 | G: 1.9485 | D_A: 0.1633 | D_B: 0.3429 | Cycle: 1.0579
Epoch 14/80 | Step 91950 | G: 2.1565 | D_A: 0.2496 | D_B: 0.1434 | Cycle: 1.3414
Epoch 14/80 | Step 92000 | G: 2.1947 | D_A: 0.0667 | D_B: 0.0756 | Cycle: 0.8211
Epoch 14/80 | Step 92050 | G: 2.2664 | D_A: 0.0936 | D_B: 0.0691 | Cycle: 0.7707
Epoch 14/80 | Step 92100 | G: 2.1172 | D_A: 0.1213 | D_B: 0.0908 | Cycle: 0.9849
Epoch 14/80 | Step 92150 | G: 2.2966 | D_A: 0.1097 | D_B: 0.1533 | Cycle: 0.8488
Epoch 14/80 | Step 92200 | G: 1.9499 | D_A: 0.4078 | D_B: 0.1729 | Cycle: 0.7188
Epoch 14/80 | Step 92250 | G: 1.8215 | D_A: 0.4408 | D_B: 0.0729 | Cycle: 0.8419
Epoch 14/80 | Step 92300 | G: 2.1148 | D_A: 0.2316 | D_B: 0.1454 | Cycle: 1.0814
Epoch 14/80 | Step 92350 | G: 1.8375 | D_A: 0.2987 | D_B: 0.1986 | Cycle: 0.8266
Epoch 14/80 | Step 92400 | G: 2.4095 | D_A: 0.0727 | D_B: 0.0528 | Cycle: 0.7733
Epoch 14/80 | Step 92450 | G: 3.3082 | D_A: 0.1572 | D_B: 0.1190 | Cycle: 0.8927
Epoch 14/80 | Step 92500 | G: 2.0571 | D_A: 0.0809 | D_B: 0.0979 | Cycle: 0.8072
Epoch 14/80 | Step 92550 | G: 2.4434 | D_A: 0.1360 | D_B: 0.1914 | Cycle: 0.7452
Epoch 14/80 | Step 92600 | G: 1.8506 | D_A: 0.1389 | D_B: 0.0687 | Cycle: 0.8047
Epoch 14/80 | Step 92650 | G: 2.3258 | D_A: 0.2759 | D_B: 0.0640 | Cycle: 0.8007
Epoch 14/80 | Step 92700 | G: 3.1841 | D_A: 0.0598 | D_B: 0.0344 | Cycle: 1.0775
Epoch 14/80 | Step 92750 | G: 2.4095 | D_A: 0.1800 | D_B: 0.0811 | Cycle: 0.9092
Epoch 14/80 | Step 92800 | G: 3.2021 | D_A: 0.1250 | D_B: 0.1405 | Cycle: 1.5087
Epoch 14/80 | Step 92850 | G: 2.2337 | D_A: 0.5765 | D_B: 0.0795 | Cycle: 0.9337
Epoch 14/80 | Step 92900 | G: 1.7547 | D_A: 0.2526 | D_B: 0.1937 | Cycle: 0.9518
Epoch 14/80 | Step 92950 | G: 1.9253 | D_A: 0.1420 | D_B: 0.0609 | Cycle: 0.5926
Epoch 14/80 | Step 93000 | G: 2.2634 | D_A: 0.2018 | D_B: 0.1318 | Cycle: 0.7264
Epoch 14/80 | Step 93050 | G: 3.1620 | D_A: 0.1573 | D_B: 0.0842 | Cycle: 1.1426
Epoch 14/80 | Step 93100 | G: 2.3090 | D_A: 0.1176 | D_B: 0.2531 | Cycle: 0.7462
Epoch 14/80 | Step 93150 | G: 1.6196 | D_A: 0.1103 | D_B: 0.1393 | Cycle: 0.8343
Epoch 14/80 | Step 93200 | G: 3.0331 | D_A: 0.0782 | D_B: 0.0865 | Cycle: 0.9863
Epoch 14/80 | Step 93250 | G: 2.0660 | D_A: 0.1051 | D_B: 0.0583 | Cycle: 0.9895
Epoch 14/80 | Step 93300 | G: 2.3478 | D_A: 0.2876 | D_B: 0.1061 | Cycle: 0.9804
Epoch 14/80 | Step 93350 | G: 1.8187 | D_A: 0.1912 | D_B: 0.0802 | Cycle: 0.7217
Epoch 14/80 | Step 93400 | G: 2.2325 | D_A: 0.2206 | D_B: 0.1855 | Cycle: 0.7315
Epoch 14/80 | Step 93450 | G: 2.3341 | D_A: 0.1570 | D_B: 0.1385 | Cycle: 0.8181
Epoch 14/80 | Step 93500 | G: 1.8620 | D_A: 0.3131 | D_B: 0.0845 | Cycle: 0.7263
Epoch 14/80 | Step 93550 | G: 2.2515 | D_A: 0.1615 | D_B: 0.0939 | Cycle: 0.7912
Epoch 14/80 | Step 93600 | G: 2.7082 | D_A: 0.2272 | D_B: 0.1503 | Cycle: 1.4190
Epoch 14/80 | Step 93650 | G: 1.9002 | D_A: 0.1420 | D_B: 0.0679 | Cycle: 0.6233
Epoch 14/80 | Step 93700 | G: 2.6807 | D_A: 0.0997 | D_B: 0.1033 | Cycle: 1.1334
Epoch 14/80 | Step 93750 | G: 3.7190 | D_A: 0.1572 | D_B: 0.1276 | Cycle: 1.2484
Epoch 14/80 | Step 93800 | G: 2.2898 | D_A: 0.2057 | D_B: 0.1183 | Cycle: 0.6747
Epoch 14/80 | Step 93850 | G: 2.0137 | D_A: 0.1882 | D_B: 0.0660 | Cycle: 0.8751
Epoch 14/80 | Step 93900 | G: 1.8602 | D_A: 0.1385 | D_B: 0.4040 | Cycle: 1.0271
Epoch 14/80 | Step 93950 | G: 2.5228 | D_A: 0.0339 | D_B: 0.0961 | Cycle: 0.7608
Epoch 14/80 | Step 94000 | G: 2.3786 | D_A: 0.1500 | D_B: 0.1420 | Cycle: 1.1556
Epoch 14/80 | Step 94050 | G: 2.1066 | D_A: 0.1663 | D_B: 0.0749 | Cycle: 0.6046
Epoch 14/80 | Step 94100 | G: 2.6402 | D_A: 0.3922 | D_B: 0.0664 | Cycle: 0.8640
Epoch 14/80 | Step 94150 | G: 2.4013 | D_A: 0.0566 | D_B: 0.0816 | Cycle: 0.9574
Epoch 14/80 | Step 94200 | G: 1.8046 | D_A: 0.3959 | D_B: 0.0880 | Cycle: 0.9446
Epoch 14/80 | Step 94250 | G: 1.4689 | D_A: 0.5384 | D_B: 0.1190 | Cycle: 0.8047
Epoch 14/80 | Step 94300 | G: 2.4617 | D_A: 0.1924 | D_B: 0.1307 | Cycle: 0.8536
Epoch 14/80 | Step 94350 | G: 1.9590 | D_A: 0.2558 | D_B: 0.0648 | Cycle: 0.8411
Epoch 14/80 | Step 94400 | G: 1.8933 | D_A: 0.2732 | D_B: 0.1851 | Cycle: 0.7733
Epoch 14/80 | Step 94450 | G: 1.8545 | D_A: 0.2295 | D_B: 0.1876 | Cycle: 0.9202
Epoch 14/80 | Step 94500 | G: 1.9758 | D_A: 0.2095 | D_B: 0.0723 | Cycle: 0.8540
Epoch 14/80 | Step 94550 | G: 2.7363 | D_A: 0.1068 | D_B: 0.0496 | Cycle: 0.9139
Epoch 14/80 | Step 94600 | G: 2.4767 | D_A: 0.1348 | D_B: 0.0644 | Cycle: 0.8508
Epoch 14/80 | Step 94650 | G: 1.9354 | D_A: 0.1170 | D_B: 0.0711 | Cycle: 0.7300
Epoch 14/80 | Step 94700 | G: 2.3401 | D_A: 0.2035 | D_B: 0.1277 | Cycle: 0.9475
Epoch 14/80 | Step 94750 | G: 2.2359 | D_A: 0.1060 | D_B: 0.0849 | Cycle: 0.6616
Epoch 14/80 | Step 94800 | G: 2.6796 | D_A: 0.3794 | D_B: 0.1655 | Cycle: 1.0608
Epoch 14/80 | Step 94850 | G: 1.8340 | D_A: 0.2277 | D_B: 0.2506 | Cycle: 0.9141
Epoch 14/80 | Step 94900 | G: 2.4481 | D_A: 0.0902 | D_B: 0.0996 | Cycle: 0.9391
Epoch 14/80 | Step 94950 | G: 2.1245 | D_A: 0.3093 | D_B: 0.0522 | Cycle: 1.0826
Epoch 14/80 | Step 95000 | G: 2.5582 | D_A: 0.2242 | D_B: 0.1650 | Cycle: 0.8888
Epoch 14/80 | Step 95050 | G: 2.3446 | D_A: 0.1455 | D_B: 0.0515 | Cycle: 0.9396
Epoch 14/80 | Step 95100 | G: 2.7060 | D_A: 0.2594 | D_B: 0.0449 | Cycle: 0.8531
Epoch 14/80 | Step 95150 | G: 1.9102 | D_A: 0.1567 | D_B: 0.1576 | Cycle: 0.7809
Epoch 14/80 | Step 95200 | G: 1.6770 | D_A: 0.1789 | D_B: 0.1578 | Cycle: 0.7081
Epoch 14/80 | Step 95250 | G: 1.8705 | D_A: 0.2162 | D_B: 0.1614 | Cycle: 0.9485
Epoch 14/80 | Step 95300 | G: 1.9763 | D_A: 0.2864 | D_B: 0.1035 | Cycle: 0.8332
Epoch 14/80 | Step 95350 | G: 2.3119 | D_A: 0.0715 | D_B: 0.3021 | Cycle: 0.8048
Epoch 14/80 | Step 95400 | G: 1.7385 | D_A: 0.1284 | D_B: 0.2350 | Cycle: 0.7145
Epoch 14/80 | Step 95450 | G: 2.3574 | D_A: 0.1285 | D_B: 0.0779 | Cycle: 1.0177
Epoch 14/80 | Step 95500 | G: 1.6842 | D_A: 0.1532 | D_B: 0.1391 | Cycle: 0.8636
Epoch 14/80 | Step 95550 | G: 1.8781 | D_A: 0.1887 | D_B: 0.1816 | Cycle: 0.8326
Epoch 14/80 | Step 95600 | G: 1.8670 | D_A: 0.1553 | D_B: 0.2311 | Cycle: 0.9648
Epoch 14/80 | Step 95650 | G: 1.9805 | D_A: 0.1414 | D_B: 0.0747 | Cycle: 0.7575
Epoch 14/80 | Step 95700 | G: 1.7948 | D_A: 0.1061 | D_B: 0.0380 | Cycle: 0.9399
Epoch 14/80 | Step 95750 | G: 2.7388 | D_A: 0.1779 | D_B: 0.0531 | Cycle: 0.8261
Epoch 14/80 | Step 95800 | G: 2.6231 | D_A: 0.1968 | D_B: 0.0434 | Cycle: 0.8612
Epoch 14/80 | Step 95850 | G: 2.9262 | D_A: 0.1866 | D_B: 0.0659 | Cycle: 0.9965
Epoch 14/80 | Step 95900 | G: 2.4571 | D_A: 0.3082 | D_B: 0.1983 | Cycle: 0.8497
Epoch 14/80 | Step 95950 | G: 2.5851 | D_A: 0.1069 | D_B: 0.0376 | Cycle: 0.7798
Epoch 14/80 | Step 96000 | G: 2.2760 | D_A: 0.1301 | D_B: 0.1024 | Cycle: 0.9747
Epoch 14/80 | Step 96050 | G: 2.3907 | D_A: 0.1035 | D_B: 0.2439 | Cycle: 1.2312
Epoch 14/80 | Step 96100 | G: 2.1268 | D_A: 0.2707 | D_B: 0.0914 | Cycle: 0.9997
Epoch 14/80 | Step 96150 | G: 1.9674 | D_A: 0.0647 | D_B: 0.0706 | Cycle: 0.7002
Epoch 14/80 | Step 96200 | G: 2.3896 | D_A: 0.1832 | D_B: 0.0765 | Cycle: 0.9066
Epoch 14/80 | Step 96250 | G: 1.9187 | D_A: 0.2085 | D_B: 0.2730 | Cycle: 0.8428
Epoch 14/80 | Step 96300 | G: 1.6904 | D_A: 0.2924 | D_B: 0.1801 | Cycle: 0.8025
Epoch 14/80 | Step 96350 | G: 1.9445 | D_A: 0.2051 | D_B: 0.1299 | Cycle: 0.8673
Epoch 14/80 | Step 96400 | G: 2.5279 | D_A: 0.1297 | D_B: 0.1285 | Cycle: 1.1684
Epoch 14/80 | Step 96450 | G: 1.5060 | D_A: 0.1879 | D_B: 0.1815 | Cycle: 0.6542
Epoch 14/80 | Step 96500 | G: 1.8115 | D_A: 0.3185 | D_B: 0.0570 | Cycle: 0.9058
Epoch 14/80 | Step 96550 | G: 2.1498 | D_A: 0.3128 | D_B: 0.1079 | Cycle: 0.6835
Epoch 14/80 | Step 96600 | G: 2.9588 | D_A: 0.2368 | D_B: 0.1095 | Cycle: 1.0014
Epoch 14/80 | Step 96650 | G: 1.4453 | D_A: 0.2710 | D_B: 0.3175 | Cycle: 0.7361
Epoch 14/80 | Step 96700 | G: 2.2958 | D_A: 0.0892 | D_B: 0.0418 | Cycle: 0.9138
Epoch 14/80 | Step 96750 | G: 1.6000 | D_A: 0.2130 | D_B: 0.1915 | Cycle: 0.9379
Epoch 14/80 | Step 96800 | G: 2.2812 | D_A: 0.1728 | D_B: 0.0678 | Cycle: 0.9669
Epoch 14/80 | Step 96850 | G: 1.8321 | D_A: 0.3518 | D_B: 0.1482 | Cycle: 0.6368
Epoch 14/80 | Step 96900 | G: 2.0006 | D_A: 0.1619 | D_B: 0.1201 | Cycle: 0.7614
Epoch 14/80 | Step 96950 | G: 2.2455 | D_A: 0.2410 | D_B: 0.1130 | Cycle: 0.8922
Epoch 14/80 | Step 97000 | G: 2.1315 | D_A: 0.1252 | D_B: 0.1450 | Cycle: 0.8784
Epoch 14/80 | Step 97050 | G: 2.3991 | D_A: 0.2320 | D_B: 0.1134 | Cycle: 0.8316
Epoch 14/80 | Step 97100 | G: 2.9884 | D_A: 0.2467 | D_B: 0.2545 | Cycle: 0.8404
Epoch 14/80 | Step 97150 | G: 2.6723 | D_A: 0.2465 | D_B: 0.0830 | Cycle: 0.7783
Epoch 14/80 | Step 97200 | G: 1.6991 | D_A: 0.2389 | D_B: 0.1866 | Cycle: 0.7237
Epoch 14/80 | Step 97250 | G: 2.5837 | D_A: 0.4084 | D_B: 0.0725 | Cycle: 0.8280
Epoch 14/80 | Step 97300 | G: 2.5252 | D_A: 0.0908 | D_B: 0.0496 | Cycle: 1.1766
Epoch 14/80 | Step 97350 | G: 2.0041 | D_A: 0.1604 | D_B: 0.0691 | Cycle: 0.7390
Epoch 14/80 | Step 97400 | G: 1.8153 | D_A: 0.0705 | D_B: 0.1225 | Cycle: 0.6823
Epoch 14/80 | Step 97450 | G: 2.3936 | D_A: 0.2216 | D_B: 0.0675 | Cycle: 0.8472
Epoch 14/80 | Step 97500 | G: 1.6788 | D_A: 0.4162 | D_B: 0.0475 | Cycle: 0.7877
Epoch 14/80 | Step 97550 | G: 1.7916 | D_A: 0.2599 | D_B: 0.3295 | Cycle: 0.8066
Epoch 14/80 | Step 97600 | G: 2.0888 | D_A: 0.1883 | D_B: 0.1073 | Cycle: 0.9270
Epoch 14/80 | Step 97650 | G: 1.9717 | D_A: 0.2878 | D_B: 0.1268 | Cycle: 1.0172
Epoch 14/80 | Step 97700 | G: 2.8468 | D_A: 0.0920 | D_B: 0.0644 | Cycle: 1.1500
Epoch 14/80 | Step 97750 | G: 2.1306 | D_A: 0.2316 | D_B: 0.2321 | Cycle: 0.7713
Epoch 14/80 | Step 97800 | G: 2.1214 | D_A: 0.2805 | D_B: 0.0951 | Cycle: 0.8579
Epoch 14/80 | Step 97850 | G: 1.7004 | D_A: 0.3889 | D_B: 0.0580 | Cycle: 0.7607
Epoch 14/80 | Step 97900 | G: 2.0148 | D_A: 0.1277 | D_B: 0.2036 | Cycle: 0.8247
Epoch 14/80 | Step 97950 | G: 2.8028 | D_A: 0.1213 | D_B: 0.2114 | Cycle: 0.8196
Epoch 14/80 | Step 98000 | G: 2.9373 | D_A: 0.3888 | D_B: 0.1176 | Cycle: 0.6318
Epoch 14/80 | Step 98050 | G: 1.6175 | D_A: 0.1408 | D_B: 0.2896 | Cycle: 0.6723
Epoch 14/80 | Step 98100 | G: 2.1155 | D_A: 0.1468 | D_B: 0.0449 | Cycle: 0.6531
Epoch 14/80 | Step 98150 | G: 3.1266 | D_A: 0.1647 | D_B: 0.0353 | Cycle: 1.0594
Epoch 14/80 | Step 98200 | G: 1.7790 | D_A: 0.1766 | D_B: 0.0863 | Cycle: 0.8225
Epoch 14/80 | Step 98250 | G: 2.4489 | D_A: 0.2286 | D_B: 0.1071 | Cycle: 1.0014
Epoch 14/80 | Step 98300 | G: 2.8626 | D_A: 0.0564 | D_B: 0.0688 | Cycle: 0.8530
Epoch 14/80 | Step 98350 | G: 2.0735 | D_A: 0.3046 | D_B: 0.1221 | Cycle: 0.8421
Epoch 14/80 | Step 98400 | G: 2.0043 | D_A: 0.5448 | D_B: 0.0709 | Cycle: 0.9166
Epoch 14/80 | Step 98450 | G: 1.7475 | D_A: 0.2469 | D_B: 0.1478 | Cycle: 0.8217
Epoch 14/80 | Step 98500 | G: 1.6093 | D_A: 0.1544 | D_B: 0.1303 | Cycle: 0.7341
Epoch 14/80 complete | Time: 426s | Avg G: 2.2344 | Avg D: 0.1510
Epoch 15/80 | Step 98550 | G: 2.9908 | D_A: 0.1920 | D_B: 0.0999 | Cycle: 0.8773
Epoch 15/80 | Step 98600 | G: 2.9451 | D_A: 0.1190 | D_B: 0.0665 | Cycle: 1.0684
Epoch 15/80 | Step 98650 | G: 2.1008 | D_A: 0.2755 | D_B: 0.0864 | Cycle: 0.9596
Epoch 15/80 | Step 98700 | G: 1.6673 | D_A: 0.2233 | D_B: 0.2327 | Cycle: 0.8271
Epoch 15/80 | Step 98750 | G: 2.7985 | D_A: 0.0655 | D_B: 0.0440 | Cycle: 0.7387
Epoch 15/80 | Step 98800 | G: 1.9578 | D_A: 0.1278 | D_B: 0.1148 | Cycle: 0.6582
Epoch 15/80 | Step 98850 | G: 2.1560 | D_A: 0.0995 | D_B: 0.2197 | Cycle: 0.7834
Epoch 15/80 | Step 98900 | G: 1.9289 | D_A: 0.1257 | D_B: 0.0438 | Cycle: 0.9414
Epoch 15/80 | Step 98950 | G: 2.2700 | D_A: 0.4056 | D_B: 0.0918 | Cycle: 0.9141
Epoch 15/80 | Step 99000 | G: 1.8573 | D_A: 0.2031 | D_B: 0.0813 | Cycle: 0.6364
Epoch 15/80 | Step 99050 | G: 1.8348 | D_A: 0.1055 | D_B: 0.1267 | Cycle: 0.7576
Epoch 15/80 | Step 99100 | G: 2.0816 | D_A: 0.1871 | D_B: 0.0927 | Cycle: 0.7949
Epoch 15/80 | Step 99150 | G: 1.7417 | D_A: 0.1167 | D_B: 0.0659 | Cycle: 0.8258
Epoch 15/80 | Step 99200 | G: 2.5146 | D_A: 0.1062 | D_B: 0.1110 | Cycle: 0.8274
Epoch 15/80 | Step 99250 | G: 2.4082 | D_A: 0.2979 | D_B: 0.0696 | Cycle: 0.9548
Epoch 15/80 | Step 99300 | G: 1.9647 | D_A: 0.2175 | D_B: 0.2378 | Cycle: 0.9559
Epoch 15/80 | Step 99350 | G: 2.2965 | D_A: 0.1988 | D_B: 0.0978 | Cycle: 1.0767
Epoch 15/80 | Step 99400 | G: 1.9003 | D_A: 0.2621 | D_B: 0.1255 | Cycle: 0.8904
Epoch 15/80 | Step 99450 | G: 2.7933 | D_A: 0.1141 | D_B: 0.0283 | Cycle: 0.9683
Epoch 15/80 | Step 99500 | G: 1.9695 | D_A: 0.0834 | D_B: 0.1102 | Cycle: 0.6922
Epoch 15/80 | Step 99550 | G: 2.1991 | D_A: 0.1881 | D_B: 0.0673 | Cycle: 0.7975
Epoch 15/80 | Step 99600 | G: 1.8660 | D_A: 0.1492 | D_B: 0.0317 | Cycle: 0.8553
Epoch 15/80 | Step 99650 | G: 1.9569 | D_A: 0.1758 | D_B: 0.1391 | Cycle: 0.8716
Epoch 15/80 | Step 99700 | G: 2.1604 | D_A: 0.0956 | D_B: 0.0975 | Cycle: 1.0439
Epoch 15/80 | Step 99750 | G: 2.3523 | D_A: 0.2217 | D_B: 0.0881 | Cycle: 1.0992
Epoch 15/80 | Step 99800 | G: 1.6979 | D_A: 0.3152 | D_B: 0.1223 | Cycle: 0.8241
Epoch 15/80 | Step 99850 | G: 2.7835 | D_A: 0.0976 | D_B: 0.0263 | Cycle: 0.9252
Epoch 15/80 | Step 99900 | G: 2.3669 | D_A: 0.0456 | D_B: 0.0893 | Cycle: 0.9062
Epoch 15/80 | Step 99950 | G: 2.0659 | D_A: 0.2368 | D_B: 0.0879 | Cycle: 0.7067
Epoch 15/80 | Step 100000 | G: 1.6749 | D_A: 0.1045 | D_B: 0.0901 | Cycle: 0.7911
Epoch 15/80 | Step 100050 | G: 1.6003 | D_A: 0.3228 | D_B: 0.1356 | Cycle: 0.7051
Epoch 15/80 | Step 100100 | G: 1.6873 | D_A: 0.1643 | D_B: 0.2022 | Cycle: 0.7931
Epoch 15/80 | Step 100150 | G: 1.9720 | D_A: 0.2305 | D_B: 0.1213 | Cycle: 0.7328
Epoch 15/80 | Step 100200 | G: 1.6903 | D_A: 0.2308 | D_B: 0.0677 | Cycle: 0.8515
Epoch 15/80 | Step 100250 | G: 2.1908 | D_A: 0.0612 | D_B: 0.0675 | Cycle: 0.7724
Epoch 15/80 | Step 100300 | G: 2.6147 | D_A: 0.2398 | D_B: 0.0809 | Cycle: 1.0754
Epoch 15/80 | Step 100350 | G: 1.8231 | D_A: 0.2166 | D_B: 0.0855 | Cycle: 0.7725
Epoch 15/80 | Step 100400 | G: 2.2308 | D_A: 0.1139 | D_B: 0.0404 | Cycle: 0.7731
Epoch 15/80 | Step 100450 | G: 1.8493 | D_A: 0.1995 | D_B: 0.1307 | Cycle: 0.7173
Epoch 15/80 | Step 100500 | G: 2.8263 | D_A: 0.1733 | D_B: 0.1008 | Cycle: 0.9164
Epoch 15/80 | Step 100550 | G: 2.2087 | D_A: 0.1273 | D_B: 0.3691 | Cycle: 0.6509
Epoch 15/80 | Step 100600 | G: 2.2672 | D_A: 0.2198 | D_B: 0.0951 | Cycle: 0.9479
Epoch 15/80 | Step 100650 | G: 2.5756 | D_A: 0.2150 | D_B: 0.2073 | Cycle: 0.8889
Epoch 15/80 | Step 100700 | G: 1.7096 | D_A: 0.0632 | D_B: 0.1094 | Cycle: 0.7845
Epoch 15/80 | Step 100750 | G: 2.2048 | D_A: 0.2328 | D_B: 0.0457 | Cycle: 1.0050
Epoch 15/80 | Step 100800 | G: 1.9211 | D_A: 0.0631 | D_B: 0.1360 | Cycle: 0.7299
Epoch 15/80 | Step 100850 | G: 2.0120 | D_A: 0.0410 | D_B: 0.1238 | Cycle: 0.8322
Epoch 15/80 | Step 100900 | G: 2.1157 | D_A: 0.3016 | D_B: 0.0981 | Cycle: 0.9312
Epoch 15/80 | Step 100950 | G: 2.1510 | D_A: 0.1664 | D_B: 0.0717 | Cycle: 0.9514
Epoch 15/80 | Step 101000 | G: 1.9305 | D_A: 0.1555 | D_B: 0.0435 | Cycle: 0.7203
Epoch 15/80 | Step 101050 | G: 2.3586 | D_A: 0.2107 | D_B: 0.1063 | Cycle: 0.9029
Epoch 15/80 | Step 101100 | G: 1.7458 | D_A: 0.2424 | D_B: 0.0524 | Cycle: 0.7695
Epoch 15/80 | Step 101150 | G: 2.0009 | D_A: 0.1979 | D_B: 0.1417 | Cycle: 0.7492
Epoch 15/80 | Step 101200 | G: 2.0126 | D_A: 0.0981 | D_B: 0.2067 | Cycle: 0.9351
Epoch 15/80 | Step 101250 | G: 2.6036 | D_A: 0.1134 | D_B: 0.0399 | Cycle: 0.8661
Epoch 15/80 | Step 101300 | G: 1.7122 | D_A: 0.1062 | D_B: 0.0685 | Cycle: 0.8058
Epoch 15/80 | Step 101350 | G: 2.7521 | D_A: 0.0815 | D_B: 0.1201 | Cycle: 1.4962
Epoch 15/80 | Step 101400 | G: 2.0538 | D_A: 0.1688 | D_B: 0.1501 | Cycle: 0.8174
Epoch 15/80 | Step 101450 | G: 2.1788 | D_A: 0.1816 | D_B: 0.1523 | Cycle: 0.9256
Epoch 15/80 | Step 101500 | G: 2.1409 | D_A: 0.1349 | D_B: 0.1257 | Cycle: 0.9194
Epoch 15/80 | Step 101550 | G: 1.6682 | D_A: 0.2441 | D_B: 0.0920 | Cycle: 0.7281
Epoch 15/80 | Step 101600 | G: 1.8738 | D_A: 0.2140 | D_B: 0.1361 | Cycle: 0.8863
Epoch 15/80 | Step 101650 | G: 1.8463 | D_A: 0.1416 | D_B: 0.1572 | Cycle: 0.8950
Epoch 15/80 | Step 101700 | G: 2.3122 | D_A: 0.1710 | D_B: 0.1774 | Cycle: 0.8423
Epoch 15/80 | Step 101750 | G: 2.4026 | D_A: 0.1405 | D_B: 0.1683 | Cycle: 1.0959
Epoch 15/80 | Step 101800 | G: 2.7759 | D_A: 0.2992 | D_B: 0.0387 | Cycle: 0.9593
Epoch 15/80 | Step 101850 | G: 2.2272 | D_A: 0.1631 | D_B: 0.0665 | Cycle: 0.7795
Epoch 15/80 | Step 101900 | G: 2.6182 | D_A: 0.1546 | D_B: 0.0573 | Cycle: 0.9364
Epoch 15/80 | Step 101950 | G: 2.4362 | D_A: 0.2066 | D_B: 0.0642 | Cycle: 0.7706
Epoch 15/80 | Step 102000 | G: 1.8016 | D_A: 0.1805 | D_B: 0.1464 | Cycle: 0.7838
Epoch 15/80 | Step 102050 | G: 2.5765 | D_A: 0.2829 | D_B: 0.0500 | Cycle: 0.9891
Epoch 15/80 | Step 102100 | G: 2.1526 | D_A: 0.4420 | D_B: 0.1443 | Cycle: 0.8186
Epoch 15/80 | Step 102150 | G: 1.6098 | D_A: 0.2040 | D_B: 0.0781 | Cycle: 0.8084
Epoch 15/80 | Step 102200 | G: 1.4839 | D_A: 0.3573 | D_B: 0.2251 | Cycle: 0.7377
Epoch 15/80 | Step 102250 | G: 2.6886 | D_A: 0.1608 | D_B: 0.0761 | Cycle: 0.8793
Epoch 15/80 | Step 102300 | G: 2.5086 | D_A: 0.1292 | D_B: 0.0296 | Cycle: 0.8178
Epoch 15/80 | Step 102350 | G: 2.2186 | D_A: 0.2641 | D_B: 0.1410 | Cycle: 1.0785
Epoch 15/80 | Step 102400 | G: 1.8894 | D_A: 0.1538 | D_B: 0.1125 | Cycle: 0.7886
Epoch 15/80 | Step 102450 | G: 2.3948 | D_A: 0.0629 | D_B: 0.1566 | Cycle: 0.6536
Epoch 15/80 | Step 102500 | G: 2.3540 | D_A: 0.1337 | D_B: 0.0779 | Cycle: 0.8885
Epoch 15/80 | Step 102550 | G: 1.9232 | D_A: 0.0842 | D_B: 0.0282 | Cycle: 0.8278
Epoch 15/80 | Step 102600 | G: 1.6848 | D_A: 0.3478 | D_B: 0.1104 | Cycle: 0.6736
Epoch 15/80 | Step 102650 | G: 2.1886 | D_A: 0.1581 | D_B: 0.0863 | Cycle: 0.9738
Epoch 15/80 | Step 102700 | G: 2.2583 | D_A: 0.1093 | D_B: 0.0775 | Cycle: 0.8388
Epoch 15/80 | Step 102750 | G: 1.7005 | D_A: 0.2557 | D_B: 0.1652 | Cycle: 0.7929
Epoch 15/80 | Step 102800 | G: 1.7640 | D_A: 0.3895 | D_B: 0.0698 | Cycle: 0.7913
Epoch 15/80 | Step 102850 | G: 1.8701 | D_A: 0.2380 | D_B: 0.1337 | Cycle: 0.8101
Epoch 15/80 | Step 102900 | G: 3.5390 | D_A: 0.0946 | D_B: 0.3295 | Cycle: 0.7935
Epoch 15/80 | Step 102950 | G: 2.2476 | D_A: 0.2906 | D_B: 0.1153 | Cycle: 0.8528
Epoch 15/80 | Step 103000 | G: 2.1490 | D_A: 0.1112 | D_B: 0.1990 | Cycle: 0.7897
Epoch 15/80 | Step 103050 | G: 1.6077 | D_A: 0.0466 | D_B: 0.1657 | Cycle: 0.6155
Epoch 15/80 | Step 103100 | G: 2.9920 | D_A: 0.0684 | D_B: 0.0504 | Cycle: 1.0180
Epoch 15/80 | Step 103150 | G: 1.7206 | D_A: 0.0846 | D_B: 0.2152 | Cycle: 0.8819
Epoch 15/80 | Step 103200 | G: 1.8727 | D_A: 0.1978 | D_B: 0.1135 | Cycle: 0.9495
Epoch 15/80 | Step 103250 | G: 2.2318 | D_A: 0.1419 | D_B: 0.1360 | Cycle: 0.9934
Epoch 15/80 | Step 103300 | G: 2.2007 | D_A: 0.3424 | D_B: 0.0965 | Cycle: 0.9301
Epoch 15/80 | Step 103350 | G: 2.0639 | D_A: 0.2568 | D_B: 0.0791 | Cycle: 0.8647
Epoch 15/80 | Step 103400 | G: 2.2283 | D_A: 0.1768 | D_B: 0.0760 | Cycle: 0.9613
Epoch 15/80 | Step 103450 | G: 1.8452 | D_A: 0.0713 | D_B: 0.0758 | Cycle: 0.6518
Epoch 15/80 | Step 103500 | G: 2.3617 | D_A: 0.1884 | D_B: 0.0711 | Cycle: 0.9208
Epoch 15/80 | Step 103550 | G: 1.7805 | D_A: 0.1524 | D_B: 0.1225 | Cycle: 0.7827
Epoch 15/80 | Step 103600 | G: 1.9654 | D_A: 0.1210 | D_B: 0.1026 | Cycle: 0.8293
Epoch 15/80 | Step 103650 | G: 2.5049 | D_A: 0.1500 | D_B: 0.0554 | Cycle: 1.0073
Epoch 15/80 | Step 103700 | G: 2.7415 | D_A: 0.0992 | D_B: 0.0996 | Cycle: 1.0399
Epoch 15/80 | Step 103750 | G: 2.1766 | D_A: 0.1441 | D_B: 0.0387 | Cycle: 0.7691
Epoch 15/80 | Step 103800 | G: 1.8200 | D_A: 0.1521 | D_B: 0.0528 | Cycle: 0.7285
Epoch 15/80 | Step 103850 | G: 2.2288 | D_A: 0.2622 | D_B: 0.0514 | Cycle: 0.9033
Epoch 15/80 | Step 103900 | G: 1.5244 | D_A: 0.1983 | D_B: 0.1684 | Cycle: 0.7224
Epoch 15/80 | Step 103950 | G: 1.9582 | D_A: 0.3784 | D_B: 0.0800 | Cycle: 0.7360
Epoch 15/80 | Step 104000 | G: 2.5177 | D_A: 0.1980 | D_B: 0.2881 | Cycle: 0.7665
Epoch 15/80 | Step 104050 | G: 2.0994 | D_A: 0.2594 | D_B: 0.0819 | Cycle: 0.8769
Epoch 15/80 | Step 104100 | G: 1.7722 | D_A: 0.2789 | D_B: 0.1108 | Cycle: 0.7474
Epoch 15/80 | Step 104150 | G: 4.3487 | D_A: 0.1875 | D_B: 0.1928 | Cycle: 1.0904
Epoch 15/80 | Step 104200 | G: 2.1158 | D_A: 0.2894 | D_B: 0.1029 | Cycle: 0.8102
Epoch 15/80 | Step 104250 | G: 1.8274 | D_A: 0.2179 | D_B: 0.1640 | Cycle: 0.8709
Epoch 15/80 | Step 104300 | G: 2.0091 | D_A: 0.1054 | D_B: 0.2349 | Cycle: 0.8817
Epoch 15/80 | Step 104350 | G: 1.9081 | D_A: 0.1744 | D_B: 0.2637 | Cycle: 0.7495
Epoch 15/80 | Step 104400 | G: 1.9122 | D_A: 0.1668 | D_B: 0.1416 | Cycle: 0.6669
Epoch 15/80 | Step 104450 | G: 2.7255 | D_A: 0.1165 | D_B: 0.0732 | Cycle: 1.1692
Epoch 15/80 | Step 104500 | G: 2.4502 | D_A: 0.2471 | D_B: 0.0880 | Cycle: 0.9877
Epoch 15/80 | Step 104550 | G: 2.0849 | D_A: 0.1040 | D_B: 0.1591 | Cycle: 0.9154
Epoch 15/80 | Step 104600 | G: 2.0151 | D_A: 0.1385 | D_B: 0.0966 | Cycle: 0.7650
Epoch 15/80 | Step 104650 | G: 2.3725 | D_A: 0.1218 | D_B: 0.0985 | Cycle: 0.8105
Epoch 15/80 | Step 104700 | G: 1.7592 | D_A: 0.1031 | D_B: 0.1119 | Cycle: 0.7024
Epoch 15/80 | Step 104750 | G: 2.2710 | D_A: 0.1294 | D_B: 0.1848 | Cycle: 1.0168
Epoch 15/80 | Step 104800 | G: 1.8570 | D_A: 0.1372 | D_B: 0.0873 | Cycle: 0.7514
Epoch 15/80 | Step 104850 | G: 1.6799 | D_A: 0.1108 | D_B: 0.3658 | Cycle: 0.8012
Epoch 15/80 | Step 104900 | G: 1.9665 | D_A: 0.1046 | D_B: 0.0999 | Cycle: 0.9032
Epoch 15/80 | Step 104950 | G: 1.9938 | D_A: 0.1158 | D_B: 0.1287 | Cycle: 0.8870
Epoch 15/80 | Step 105000 | G: 1.7702 | D_A: 0.1518 | D_B: 0.2040 | Cycle: 0.5786
Epoch 15/80 | Step 105050 | G: 2.8111 | D_A: 0.1499 | D_B: 0.0530 | Cycle: 1.0560
Epoch 15/80 | Step 105100 | G: 1.9937 | D_A: 0.1015 | D_B: 0.1062 | Cycle: 0.8379
Epoch 15/80 | Step 105150 | G: 1.6818 | D_A: 0.2322 | D_B: 0.2586 | Cycle: 0.6673
Epoch 15/80 | Step 105200 | G: 1.6479 | D_A: 0.1046 | D_B: 0.2037 | Cycle: 0.8042
Epoch 15/80 | Step 105250 | G: 2.1639 | D_A: 0.1226 | D_B: 0.0969 | Cycle: 0.7386
Epoch 15/80 | Step 105300 | G: 1.4844 | D_A: 0.3265 | D_B: 0.0780 | Cycle: 0.7286
Epoch 15/80 | Step 105350 | G: 3.3903 | D_A: 0.0637 | D_B: 0.0268 | Cycle: 1.1054
Epoch 15/80 | Step 105400 | G: 2.2897 | D_A: 0.2796 | D_B: 0.0750 | Cycle: 0.8613
Epoch 15/80 | Step 105450 | G: 2.0780 | D_A: 0.1124 | D_B: 0.1000 | Cycle: 0.9262
Epoch 15/80 | Step 105500 | G: 2.1297 | D_A: 0.1463 | D_B: 0.0807 | Cycle: 0.8005
Epoch 15/80 | Step 105550 | G: 2.3105 | D_A: 0.0797 | D_B: 0.0823 | Cycle: 0.9598
Epoch 15/80 complete | Time: 428s | Avg G: 2.2077 | Avg D: 0.1509
Epoch 16/80 | Step 105600 | G: 2.3376 | D_A: 0.1604 | D_B: 0.1110 | Cycle: 0.9342
Epoch 16/80 | Step 105650 | G: 1.9748 | D_A: 0.1713 | D_B: 0.0872 | Cycle: 0.6749
Epoch 16/80 | Step 105700 | G: 1.8529 | D_A: 0.1354 | D_B: 0.1403 | Cycle: 0.8464
Epoch 16/80 | Step 105750 | G: 1.8723 | D_A: 0.1560 | D_B: 0.1710 | Cycle: 0.8758
Epoch 16/80 | Step 105800 | G: 1.7176 | D_A: 0.3075 | D_B: 0.1312 | Cycle: 0.7165
Epoch 16/80 | Step 105850 | G: 2.1947 | D_A: 0.1997 | D_B: 0.0470 | Cycle: 0.6641
Epoch 16/80 | Step 105900 | G: 1.7008 | D_A: 0.1337 | D_B: 0.1171 | Cycle: 0.6561
Epoch 16/80 | Step 105950 | G: 2.6270 | D_A: 0.1610 | D_B: 0.1072 | Cycle: 1.1661
Epoch 16/80 | Step 106000 | G: 1.9598 | D_A: 0.2666 | D_B: 0.0813 | Cycle: 0.8541
Epoch 16/80 | Step 106050 | G: 1.9907 | D_A: 0.0869 | D_B: 0.0361 | Cycle: 0.8515
Epoch 16/80 | Step 106100 | G: 1.9864 | D_A: 0.3288 | D_B: 0.1064 | Cycle: 0.5827
Epoch 16/80 | Step 106150 | G: 1.9693 | D_A: 0.3977 | D_B: 0.1714 | Cycle: 0.9152
Epoch 16/80 | Step 106200 | G: 1.6829 | D_A: 0.2071 | D_B: 0.2653 | Cycle: 0.6483
Epoch 16/80 | Step 106250 | G: 2.3472 | D_A: 0.1020 | D_B: 0.0772 | Cycle: 1.0448
Epoch 16/80 | Step 106300 | G: 1.9732 | D_A: 0.2508 | D_B: 0.1299 | Cycle: 0.6719
Epoch 16/80 | Step 106350 | G: 2.6923 | D_A: 0.1812 | D_B: 0.0396 | Cycle: 0.9614
Epoch 16/80 | Step 106400 | G: 1.9984 | D_A: 0.3114 | D_B: 0.0641 | Cycle: 0.8068
Epoch 16/80 | Step 106450 | G: 2.1250 | D_A: 0.2432 | D_B: 0.0695 | Cycle: 0.6266
Epoch 16/80 | Step 106500 | G: 2.8603 | D_A: 0.4375 | D_B: 0.0378 | Cycle: 0.9387
Epoch 16/80 | Step 106550 | G: 2.4754 | D_A: 0.1394 | D_B: 0.0720 | Cycle: 1.0660
Epoch 16/80 | Step 106600 | G: 1.9301 | D_A: 0.1099 | D_B: 0.1380 | Cycle: 0.6324
Epoch 16/80 | Step 106650 | G: 2.3214 | D_A: 0.3835 | D_B: 0.1489 | Cycle: 0.8683
Epoch 16/80 | Step 106700 | G: 2.6068 | D_A: 0.2044 | D_B: 0.1079 | Cycle: 1.0640
Epoch 16/80 | Step 106750 | G: 2.0369 | D_A: 0.1320 | D_B: 0.0664 | Cycle: 1.0019
Epoch 16/80 | Step 106800 | G: 2.3622 | D_A: 0.1806 | D_B: 0.0434 | Cycle: 0.8882
Epoch 16/80 | Step 106850 | G: 1.8520 | D_A: 0.2598 | D_B: 0.1672 | Cycle: 0.7532
Epoch 16/80 | Step 106900 | G: 2.8495 | D_A: 0.2373 | D_B: 0.1081 | Cycle: 1.2432
Epoch 16/80 | Step 106950 | G: 2.0403 | D_A: 0.2807 | D_B: 0.1407 | Cycle: 0.7772
Epoch 16/80 | Step 107000 | G: 2.2974 | D_A: 0.2553 | D_B: 0.0475 | Cycle: 1.0707
Epoch 16/80 | Step 107050 | G: 2.1924 | D_A: 0.1631 | D_B: 0.0405 | Cycle: 0.9933
Epoch 16/80 | Step 107100 | G: 1.9456 | D_A: 0.1109 | D_B: 0.0446 | Cycle: 0.9182
Epoch 16/80 | Step 107150 | G: 1.9632 | D_A: 0.1255 | D_B: 0.1101 | Cycle: 0.8389
Epoch 16/80 | Step 107200 | G: 3.1869 | D_A: 0.0614 | D_B: 0.0935 | Cycle: 1.1719
Epoch 16/80 | Step 107250 | G: 3.6414 | D_A: 0.2511 | D_B: 0.0651 | Cycle: 1.4719
Epoch 16/80 | Step 107300 | G: 1.8920 | D_A: 0.2435 | D_B: 0.1227 | Cycle: 0.7746
Epoch 16/80 | Step 107350 | G: 2.2350 | D_A: 0.1033 | D_B: 0.0462 | Cycle: 0.7410
Epoch 16/80 | Step 107400 | G: 2.0445 | D_A: 0.0553 | D_B: 0.2503 | Cycle: 0.7485
Epoch 16/80 | Step 107450 | G: 3.3958 | D_A: 0.1062 | D_B: 0.0485 | Cycle: 1.2995
Epoch 16/80 | Step 107500 | G: 1.7983 | D_A: 0.1475 | D_B: 0.1610 | Cycle: 0.8261
Epoch 16/80 | Step 107550 | G: 2.1797 | D_A: 0.3006 | D_B: 0.0994 | Cycle: 0.8487
Epoch 16/80 | Step 107600 | G: 2.3142 | D_A: 0.1571 | D_B: 0.0288 | Cycle: 0.7299
Epoch 16/80 | Step 107650 | G: 1.8324 | D_A: 0.1514 | D_B: 0.0797 | Cycle: 0.7297
Epoch 16/80 | Step 107700 | G: 2.3254 | D_A: 0.1514 | D_B: 0.0733 | Cycle: 0.9040
Epoch 16/80 | Step 107750 | G: 2.0370 | D_A: 0.0729 | D_B: 0.1203 | Cycle: 0.7899
Epoch 16/80 | Step 107800 | G: 2.2064 | D_A: 0.1903 | D_B: 0.1205 | Cycle: 0.7616
Epoch 16/80 | Step 107850 | G: 1.9068 | D_A: 0.1973 | D_B: 0.0457 | Cycle: 0.8315
Epoch 16/80 | Step 107900 | G: 2.3907 | D_A: 0.1072 | D_B: 0.1112 | Cycle: 0.8746
Epoch 16/80 | Step 107950 | G: 2.6707 | D_A: 0.0443 | D_B: 0.0473 | Cycle: 0.9082
Epoch 16/80 | Step 108000 | G: 3.1902 | D_A: 0.1071 | D_B: 0.0634 | Cycle: 1.0237
Epoch 16/80 | Step 108050 | G: 2.2858 | D_A: 0.2161 | D_B: 0.2482 | Cycle: 0.8263
Epoch 16/80 | Step 108100 | G: 2.1508 | D_A: 0.1144 | D_B: 0.0717 | Cycle: 0.6949
Epoch 16/80 | Step 108150 | G: 2.6556 | D_A: 0.2341 | D_B: 0.0333 | Cycle: 0.8065
Epoch 16/80 | Step 108200 | G: 2.3689 | D_A: 0.1431 | D_B: 0.1174 | Cycle: 0.9185
Epoch 16/80 | Step 108250 | G: 2.8377 | D_A: 0.1790 | D_B: 0.0369 | Cycle: 1.0711
Epoch 16/80 | Step 108300 | G: 1.8173 | D_A: 0.0796 | D_B: 0.1956 | Cycle: 0.9933
Epoch 16/80 | Step 108350 | G: 1.8393 | D_A: 0.1492 | D_B: 0.0678 | Cycle: 0.8326
Epoch 16/80 | Step 108400 | G: 2.5372 | D_A: 0.0934 | D_B: 0.0586 | Cycle: 1.0977
Epoch 16/80 | Step 108450 | G: 2.2296 | D_A: 0.0641 | D_B: 0.1140 | Cycle: 0.8671
Epoch 16/80 | Step 108500 | G: 2.3084 | D_A: 0.1558 | D_B: 0.1272 | Cycle: 1.0433
Epoch 16/80 | Step 108550 | G: 1.7902 | D_A: 0.3610 | D_B: 0.1501 | Cycle: 0.8117
Epoch 16/80 | Step 108600 | G: 2.6215 | D_A: 0.3812 | D_B: 0.0608 | Cycle: 1.1064
Epoch 16/80 | Step 108650 | G: 1.8020 | D_A: 0.1685 | D_B: 0.2231 | Cycle: 0.6816
Epoch 16/80 | Step 108700 | G: 2.1027 | D_A: 0.0940 | D_B: 0.0820 | Cycle: 0.7538
Epoch 16/80 | Step 108750 | G: 2.0997 | D_A: 0.3272 | D_B: 0.2983 | Cycle: 1.1346
Epoch 16/80 | Step 108800 | G: 2.0651 | D_A: 0.2637 | D_B: 0.1905 | Cycle: 0.9095
Epoch 16/80 | Step 108850 | G: 2.4155 | D_A: 0.1228 | D_B: 0.1819 | Cycle: 0.8739
Epoch 16/80 | Step 108900 | G: 1.7050 | D_A: 0.1667 | D_B: 0.0270 | Cycle: 0.8284
Epoch 16/80 | Step 108950 | G: 2.6315 | D_A: 0.2417 | D_B: 0.0858 | Cycle: 0.8190
Epoch 16/80 | Step 109000 | G: 2.0278 | D_A: 0.1825 | D_B: 0.1406 | Cycle: 0.9261
Epoch 16/80 | Step 109050 | G: 2.8102 | D_A: 0.0897 | D_B: 0.0363 | Cycle: 1.0266
Epoch 16/80 | Step 109100 | G: 1.8616 | D_A: 0.1114 | D_B: 0.1175 | Cycle: 0.6289
Epoch 16/80 | Step 109150 | G: 2.1710 | D_A: 0.0930 | D_B: 0.0528 | Cycle: 0.8963
Epoch 16/80 | Step 109200 | G: 3.0583 | D_A: 0.1739 | D_B: 0.0705 | Cycle: 0.6842
Epoch 16/80 | Step 109250 | G: 3.0213 | D_A: 0.2852 | D_B: 0.2013 | Cycle: 0.6962
Epoch 16/80 | Step 109300 | G: 1.7563 | D_A: 0.2525 | D_B: 0.0725 | Cycle: 0.7779
Epoch 16/80 | Step 109350 | G: 1.5456 | D_A: 0.2072 | D_B: 0.1060 | Cycle: 0.7056
Epoch 16/80 | Step 109400 | G: 2.1755 | D_A: 0.2665 | D_B: 0.1876 | Cycle: 0.6629
Epoch 16/80 | Step 109450 | G: 2.9559 | D_A: 0.1860 | D_B: 0.0702 | Cycle: 0.9869
Epoch 16/80 | Step 109500 | G: 1.8787 | D_A: 0.1377 | D_B: 0.2128 | Cycle: 0.8753
Epoch 16/80 | Step 109550 | G: 2.1202 | D_A: 0.1392 | D_B: 0.0685 | Cycle: 0.8149
Epoch 16/80 | Step 109600 | G: 1.7084 | D_A: 0.1705 | D_B: 0.0937 | Cycle: 0.6086
Epoch 16/80 | Step 109650 | G: 2.2234 | D_A: 0.1980 | D_B: 0.0896 | Cycle: 1.1184
Epoch 16/80 | Step 109700 | G: 2.3535 | D_A: 0.1135 | D_B: 0.0975 | Cycle: 0.8262
Epoch 16/80 | Step 109750 | G: 2.2509 | D_A: 0.2107 | D_B: 0.0275 | Cycle: 0.7423
Epoch 16/80 | Step 109800 | G: 3.7306 | D_A: 0.1576 | D_B: 0.0815 | Cycle: 1.5337
Epoch 16/80 | Step 109850 | G: 2.0734 | D_A: 0.2268 | D_B: 0.0609 | Cycle: 0.6566
Epoch 16/80 | Step 109900 | G: 2.0540 | D_A: 0.2382 | D_B: 0.0711 | Cycle: 0.9471
Epoch 16/80 | Step 109950 | G: 2.3566 | D_A: 0.4317 | D_B: 0.2028 | Cycle: 0.7966
Epoch 16/80 | Step 110000 | G: 2.1265 | D_A: 0.1641 | D_B: 0.1361 | Cycle: 0.9318
Epoch 16/80 | Step 110050 | G: 2.2336 | D_A: 0.1324 | D_B: 0.0740 | Cycle: 0.6826
Epoch 16/80 | Step 110100 | G: 1.9268 | D_A: 0.0882 | D_B: 0.0950 | Cycle: 0.7451
Epoch 16/80 | Step 110150 | G: 2.2077 | D_A: 0.2376 | D_B: 0.0710 | Cycle: 0.8094
Epoch 16/80 | Step 110200 | G: 1.8422 | D_A: 0.2190 | D_B: 0.1173 | Cycle: 0.7164
Epoch 16/80 | Step 110250 | G: 2.7358 | D_A: 0.2484 | D_B: 0.1861 | Cycle: 0.7434
Epoch 16/80 | Step 110300 | G: 2.0194 | D_A: 0.2104 | D_B: 0.2047 | Cycle: 0.6798
Epoch 16/80 | Step 110350 | G: 2.6206 | D_A: 0.3004 | D_B: 0.1759 | Cycle: 1.0306
Epoch 16/80 | Step 110400 | G: 1.9004 | D_A: 0.3074 | D_B: 0.0936 | Cycle: 0.7524
Epoch 16/80 | Step 110450 | G: 2.1196 | D_A: 0.2393 | D_B: 0.0750 | Cycle: 0.8554
Epoch 16/80 | Step 110500 | G: 2.2751 | D_A: 0.1636 | D_B: 0.0494 | Cycle: 0.8457
Epoch 16/80 | Step 110550 | G: 1.7823 | D_A: 0.2141 | D_B: 0.1069 | Cycle: 0.8148
Epoch 16/80 | Step 110600 | G: 2.3798 | D_A: 0.1281 | D_B: 0.1152 | Cycle: 0.8985
Epoch 16/80 | Step 110650 | G: 1.7922 | D_A: 0.1833 | D_B: 0.0274 | Cycle: 0.6761
Epoch 16/80 | Step 110700 | G: 2.4709 | D_A: 0.0614 | D_B: 0.0898 | Cycle: 0.7741
Epoch 16/80 | Step 110750 | G: 2.2311 | D_A: 0.2481 | D_B: 0.0366 | Cycle: 0.7696
Epoch 16/80 | Step 110800 | G: 1.4666 | D_A: 0.2703 | D_B: 0.1660 | Cycle: 0.8116
Epoch 16/80 | Step 110850 | G: 2.0707 | D_A: 0.1167 | D_B: 0.0878 | Cycle: 0.9832
Epoch 16/80 | Step 110900 | G: 2.4749 | D_A: 0.1529 | D_B: 0.1420 | Cycle: 0.8788
Epoch 16/80 | Step 110950 | G: 2.6073 | D_A: 0.2830 | D_B: 0.1131 | Cycle: 0.7839
Epoch 16/80 | Step 111000 | G: 2.9656 | D_A: 0.1106 | D_B: 0.0807 | Cycle: 0.9755
Epoch 16/80 | Step 111050 | G: 2.2275 | D_A: 0.1670 | D_B: 0.0846 | Cycle: 0.8699
Epoch 16/80 | Step 111100 | G: 2.6488 | D_A: 0.0769 | D_B: 0.1574 | Cycle: 1.0461
Epoch 16/80 | Step 111150 | G: 1.8652 | D_A: 0.2841 | D_B: 0.1477 | Cycle: 0.8993
Epoch 16/80 | Step 111200 | G: 2.5942 | D_A: 0.2388 | D_B: 0.0749 | Cycle: 0.6990
Epoch 16/80 | Step 111250 | G: 1.8683 | D_A: 0.2123 | D_B: 0.0855 | Cycle: 0.8296
Epoch 16/80 | Step 111300 | G: 3.0107 | D_A: 0.1820 | D_B: 0.0203 | Cycle: 1.1410
Epoch 16/80 | Step 111350 | G: 2.0169 | D_A: 0.3617 | D_B: 0.2473 | Cycle: 0.8973
Epoch 16/80 | Step 111400 | G: 2.0090 | D_A: 0.1267 | D_B: 0.0460 | Cycle: 0.7289
Epoch 16/80 | Step 111450 | G: 2.6864 | D_A: 0.0781 | D_B: 0.0713 | Cycle: 1.1192
Epoch 16/80 | Step 111500 | G: 1.9277 | D_A: 0.1013 | D_B: 0.0770 | Cycle: 0.8582
Epoch 16/80 | Step 111550 | G: 2.8812 | D_A: 0.0969 | D_B: 0.0847 | Cycle: 1.1614
Epoch 16/80 | Step 111600 | G: 1.9957 | D_A: 0.1357 | D_B: 0.2359 | Cycle: 0.8426
Epoch 16/80 | Step 111650 | G: 2.0800 | D_A: 0.1716 | D_B: 0.1739 | Cycle: 0.8089
Epoch 16/80 | Step 111700 | G: 2.2075 | D_A: 0.2301 | D_B: 0.1165 | Cycle: 0.9343
Epoch 16/80 | Step 111750 | G: 2.3410 | D_A: 0.2782 | D_B: 0.1484 | Cycle: 0.7780
Epoch 16/80 | Step 111800 | G: 2.2587 | D_A: 0.1074 | D_B: 0.0947 | Cycle: 0.7569
Epoch 16/80 | Step 111850 | G: 2.1871 | D_A: 0.0730 | D_B: 0.0538 | Cycle: 0.7866
Epoch 16/80 | Step 111900 | G: 3.2037 | D_A: 0.0974 | D_B: 0.0497 | Cycle: 1.2116
Epoch 16/80 | Step 111950 | G: 2.4232 | D_A: 0.2045 | D_B: 0.2252 | Cycle: 0.9147
Epoch 16/80 | Step 112000 | G: 1.9407 | D_A: 0.2408 | D_B: 0.0729 | Cycle: 0.7716
Epoch 16/80 | Step 112050 | G: 1.7454 | D_A: 0.2578 | D_B: 0.3965 | Cycle: 0.7778
Epoch 16/80 | Step 112100 | G: 2.5971 | D_A: 0.0846 | D_B: 0.1305 | Cycle: 0.9600
Epoch 16/80 | Step 112150 | G: 2.0346 | D_A: 0.2665 | D_B: 0.0916 | Cycle: 0.8943
Epoch 16/80 | Step 112200 | G: 2.4430 | D_A: 0.1995 | D_B: 0.1247 | Cycle: 0.9243
Epoch 16/80 | Step 112250 | G: 1.9354 | D_A: 0.0617 | D_B: 0.0739 | Cycle: 0.7696
Epoch 16/80 | Step 112300 | G: 1.5264 | D_A: 0.0716 | D_B: 0.1080 | Cycle: 0.6691
Epoch 16/80 | Step 112350 | G: 2.4497 | D_A: 0.2529 | D_B: 0.0638 | Cycle: 0.9827
Epoch 16/80 | Step 112400 | G: 3.1663 | D_A: 0.1456 | D_B: 0.0492 | Cycle: 0.9797
Epoch 16/80 | Step 112450 | G: 1.6632 | D_A: 0.1884 | D_B: 0.1629 | Cycle: 0.6823
Epoch 16/80 | Step 112500 | G: 2.3147 | D_A: 0.2161 | D_B: 0.0955 | Cycle: 0.9863
Epoch 16/80 | Step 112550 | G: 2.1720 | D_A: 0.0940 | D_B: 0.0427 | Cycle: 0.8810
Epoch 16/80 | Step 112600 | G: 2.0232 | D_A: 0.1672 | D_B: 0.0691 | Cycle: 0.8787
Epoch 16/80 complete | Time: 429s | Avg G: 2.2054 | Avg D: 0.1489
Epoch 17/80 | Step 112650 | G: 1.8669 | D_A: 0.1140 | D_B: 0.0397 | Cycle: 0.9425
Epoch 17/80 | Step 112700 | G: 2.3626 | D_A: 0.0753 | D_B: 0.1852 | Cycle: 0.5614
Epoch 17/80 | Step 112750 | G: 2.7873 | D_A: 0.3073 | D_B: 0.0457 | Cycle: 1.1621
Epoch 17/80 | Step 112800 | G: 2.3740 | D_A: 0.1008 | D_B: 0.0510 | Cycle: 1.1492
Epoch 17/80 | Step 112850 | G: 2.2591 | D_A: 0.2138 | D_B: 0.0603 | Cycle: 0.8530
Epoch 17/80 | Step 112900 | G: 2.7162 | D_A: 0.1587 | D_B: 0.0703 | Cycle: 0.9351
Epoch 17/80 | Step 112950 | G: 2.3805 | D_A: 0.0645 | D_B: 0.1188 | Cycle: 0.6136
Epoch 17/80 | Step 113000 | G: 1.3303 | D_A: 0.1756 | D_B: 0.2484 | Cycle: 0.6326
Epoch 17/80 | Step 113050 | G: 1.6627 | D_A: 0.2061 | D_B: 0.1921 | Cycle: 0.6824
Epoch 17/80 | Step 113100 | G: 2.2349 | D_A: 0.1831 | D_B: 0.0572 | Cycle: 0.8186
Epoch 17/80 | Step 113150 | G: 2.6757 | D_A: 0.2897 | D_B: 0.0620 | Cycle: 0.9483
Epoch 17/80 | Step 113200 | G: 1.9606 | D_A: 0.2218 | D_B: 0.1044 | Cycle: 0.8612
Epoch 17/80 | Step 113250 | G: 2.3779 | D_A: 0.1742 | D_B: 0.2750 | Cycle: 1.0265
Epoch 17/80 | Step 113300 | G: 2.9805 | D_A: 0.1972 | D_B: 0.0690 | Cycle: 0.8077
Epoch 17/80 | Step 113350 | G: 2.0828 | D_A: 0.1528 | D_B: 0.1699 | Cycle: 1.0202
Epoch 17/80 | Step 113400 | G: 1.8309 | D_A: 0.1260 | D_B: 0.0580 | Cycle: 0.7086
Epoch 17/80 | Step 113450 | G: 2.3098 | D_A: 0.1426 | D_B: 0.0915 | Cycle: 0.9113
Epoch 17/80 | Step 113500 | G: 1.9697 | D_A: 0.2153 | D_B: 0.0743 | Cycle: 1.1355
Epoch 17/80 | Step 113550 | G: 2.1787 | D_A: 0.1083 | D_B: 0.0337 | Cycle: 0.7790
Epoch 17/80 | Step 113600 | G: 1.4645 | D_A: 0.1809 | D_B: 0.1661 | Cycle: 0.7093
Epoch 17/80 | Step 113650 | G: 2.3125 | D_A: 0.1849 | D_B: 0.0869 | Cycle: 0.8199
Epoch 17/80 | Step 113700 | G: 2.1833 | D_A: 0.2720 | D_B: 0.0691 | Cycle: 0.8040
Epoch 17/80 | Step 113750 | G: 1.9430 | D_A: 0.1908 | D_B: 0.1234 | Cycle: 0.7057
Epoch 17/80 | Step 113800 | G: 2.0239 | D_A: 0.2486 | D_B: 0.0846 | Cycle: 0.9997
Epoch 17/80 | Step 113850 | G: 2.5003 | D_A: 0.1804 | D_B: 0.1015 | Cycle: 0.8154
Epoch 17/80 | Step 113900 | G: 1.5988 | D_A: 0.2338 | D_B: 0.1188 | Cycle: 0.7115
Epoch 17/80 | Step 113950 | G: 2.2030 | D_A: 0.2234 | D_B: 0.0883 | Cycle: 0.8469
Epoch 17/80 | Step 114000 | G: 2.5048 | D_A: 0.1700 | D_B: 0.0516 | Cycle: 0.9924
Epoch 17/80 | Step 114050 | G: 1.8134 | D_A: 0.2283 | D_B: 0.1480 | Cycle: 0.8136
Epoch 17/80 | Step 114100 | G: 2.4076 | D_A: 0.1327 | D_B: 0.0358 | Cycle: 0.7515
Epoch 17/80 | Step 114150 | G: 2.2063 | D_A: 0.0912 | D_B: 0.1355 | Cycle: 0.7678
Epoch 17/80 | Step 114200 | G: 2.5775 | D_A: 0.1790 | D_B: 0.0735 | Cycle: 0.8434
Epoch 17/80 | Step 114250 | G: 2.1863 | D_A: 0.1162 | D_B: 0.0989 | Cycle: 0.8562
Epoch 17/80 | Step 114300 | G: 2.2002 | D_A: 0.2445 | D_B: 0.1395 | Cycle: 0.6038
Epoch 17/80 | Step 114350 | G: 1.6144 | D_A: 0.1926 | D_B: 0.1255 | Cycle: 0.7927
Epoch 17/80 | Step 114400 | G: 2.3085 | D_A: 0.1753 | D_B: 0.0872 | Cycle: 0.8120
Epoch 17/80 | Step 114450 | G: 2.1418 | D_A: 0.1617 | D_B: 0.0845 | Cycle: 0.8275
Epoch 17/80 | Step 114500 | G: 2.1032 | D_A: 0.2173 | D_B: 0.0718 | Cycle: 0.7671
Epoch 17/80 | Step 114550 | G: 2.0323 | D_A: 0.1894 | D_B: 0.0643 | Cycle: 0.7981
Epoch 17/80 | Step 114600 | G: 2.8108 | D_A: 0.1599 | D_B: 0.0399 | Cycle: 0.9180
Epoch 17/80 | Step 114650 | G: 1.8355 | D_A: 0.1395 | D_B: 0.2829 | Cycle: 0.9475
Epoch 17/80 | Step 114700 | G: 1.9221 | D_A: 0.2044 | D_B: 0.0418 | Cycle: 0.6437
Epoch 17/80 | Step 114750 | G: 2.5950 | D_A: 0.1773 | D_B: 0.1216 | Cycle: 1.0600
Epoch 17/80 | Step 114800 | G: 1.9767 | D_A: 0.1078 | D_B: 0.1301 | Cycle: 0.7931
Epoch 17/80 | Step 114850 | G: 2.6361 | D_A: 0.2035 | D_B: 0.0663 | Cycle: 0.8836
Epoch 17/80 | Step 114900 | G: 4.1449 | D_A: 0.5171 | D_B: 0.0785 | Cycle: 1.6271
Epoch 17/80 | Step 114950 | G: 2.1308 | D_A: 0.3165 | D_B: 0.1625 | Cycle: 0.7306
Epoch 17/80 | Step 115000 | G: 2.3319 | D_A: 0.0852 | D_B: 0.0949 | Cycle: 1.0370
Epoch 17/80 | Step 115050 | G: 3.3769 | D_A: 0.1574 | D_B: 0.1539 | Cycle: 1.2024
Epoch 17/80 | Step 115100 | G: 1.8998 | D_A: 0.2084 | D_B: 0.0579 | Cycle: 0.9181
Epoch 17/80 | Step 115150 | G: 2.2792 | D_A: 0.1308 | D_B: 0.1080 | Cycle: 0.7518
Epoch 17/80 | Step 115200 | G: 2.2520 | D_A: 0.0778 | D_B: 0.0545 | Cycle: 0.9261
Epoch 17/80 | Step 115250 | G: 1.9171 | D_A: 0.2880 | D_B: 0.2142 | Cycle: 0.8010
Epoch 17/80 | Step 115300 | G: 2.4386 | D_A: 0.2317 | D_B: 0.0746 | Cycle: 1.0467
Epoch 17/80 | Step 115350 | G: 1.7442 | D_A: 0.1752 | D_B: 0.0896 | Cycle: 0.7102
Epoch 17/80 | Step 115400 | G: 2.6857 | D_A: 0.0870 | D_B: 0.2366 | Cycle: 0.9518
Epoch 17/80 | Step 115450 | G: 2.8428 | D_A: 0.0984 | D_B: 0.0884 | Cycle: 0.6841
Epoch 17/80 | Step 115500 | G: 2.1431 | D_A: 0.1876 | D_B: 0.0979 | Cycle: 0.9213
Epoch 17/80 | Step 115550 | G: 2.4529 | D_A: 0.1834 | D_B: 0.0584 | Cycle: 1.0651
Epoch 17/80 | Step 115600 | G: 3.2464 | D_A: 0.0643 | D_B: 0.0338 | Cycle: 1.4483
Epoch 17/80 | Step 115650 | G: 1.9765 | D_A: 0.1101 | D_B: 0.0781 | Cycle: 0.7786
Epoch 17/80 | Step 115700 | G: 2.0434 | D_A: 0.1866 | D_B: 0.1517 | Cycle: 0.7570
Epoch 17/80 | Step 115750 | G: 2.2380 | D_A: 0.1440 | D_B: 0.1935 | Cycle: 0.9591
Epoch 17/80 | Step 115800 | G: 2.1986 | D_A: 0.1471 | D_B: 0.0502 | Cycle: 0.8029
Epoch 17/80 | Step 115850 | G: 2.2419 | D_A: 0.0389 | D_B: 0.1093 | Cycle: 0.7169
Epoch 17/80 | Step 115900 | G: 2.0106 | D_A: 0.3422 | D_B: 0.2382 | Cycle: 0.9369
Epoch 17/80 | Step 115950 | G: 2.3842 | D_A: 0.1595 | D_B: 0.1616 | Cycle: 0.9386
Epoch 17/80 | Step 116000 | G: 2.3260 | D_A: 0.1512 | D_B: 0.0702 | Cycle: 0.6206
Epoch 17/80 | Step 116050 | G: 2.3007 | D_A: 0.2619 | D_B: 0.1665 | Cycle: 0.9847
Epoch 17/80 | Step 116100 | G: 1.7965 | D_A: 0.2174 | D_B: 0.1939 | Cycle: 0.7840
Epoch 17/80 | Step 116150 | G: 1.6378 | D_A: 0.0584 | D_B: 0.0968 | Cycle: 0.6769
Epoch 17/80 | Step 116200 | G: 1.3840 | D_A: 0.2876 | D_B: 0.1518 | Cycle: 0.6063
Epoch 17/80 | Step 116250 | G: 2.3709 | D_A: 0.0921 | D_B: 0.1053 | Cycle: 0.8020
Epoch 17/80 | Step 116300 | G: 2.0615 | D_A: 0.1842 | D_B: 0.0673 | Cycle: 0.7789
Epoch 17/80 | Step 116350 | G: 1.8384 | D_A: 0.0331 | D_B: 0.1242 | Cycle: 0.7218
Epoch 17/80 | Step 116400 | G: 1.8423 | D_A: 0.1877 | D_B: 0.1346 | Cycle: 0.6858
Epoch 17/80 | Step 116450 | G: 1.5895 | D_A: 0.1712 | D_B: 0.1319 | Cycle: 0.6050
Epoch 17/80 | Step 116500 | G: 2.4902 | D_A: 0.2075 | D_B: 0.0568 | Cycle: 0.8411
Epoch 17/80 | Step 116550 | G: 2.1900 | D_A: 0.3937 | D_B: 0.0536 | Cycle: 0.9831
Epoch 17/80 | Step 116600 | G: 3.2524 | D_A: 0.0906 | D_B: 0.0598 | Cycle: 0.9265
Epoch 17/80 | Step 116650 | G: 1.8564 | D_A: 0.2000 | D_B: 0.1178 | Cycle: 0.6898
Epoch 17/80 | Step 116700 | G: 2.5331 | D_A: 0.1357 | D_B: 0.1214 | Cycle: 0.8771
Epoch 17/80 | Step 116750 | G: 2.2496 | D_A: 0.1529 | D_B: 0.0919 | Cycle: 1.0411
Epoch 17/80 | Step 116800 | G: 2.2294 | D_A: 0.1478 | D_B: 0.0462 | Cycle: 0.6995
Epoch 17/80 | Step 116850 | G: 2.2136 | D_A: 0.1068 | D_B: 0.0654 | Cycle: 0.8753
Epoch 17/80 | Step 116900 | G: 2.2460 | D_A: 0.1494 | D_B: 0.1505 | Cycle: 0.7194
Epoch 17/80 | Step 116950 | G: 2.3782 | D_A: 0.1232 | D_B: 0.0948 | Cycle: 0.8629
Epoch 17/80 | Step 117000 | G: 2.4071 | D_A: 0.1833 | D_B: 0.0592 | Cycle: 0.8000
Epoch 17/80 | Step 117050 | G: 2.5943 | D_A: 0.1841 | D_B: 0.1397 | Cycle: 1.1861
Epoch 17/80 | Step 117100 | G: 2.0461 | D_A: 0.2506 | D_B: 0.1151 | Cycle: 0.8214
Epoch 17/80 | Step 117150 | G: 1.7136 | D_A: 0.1806 | D_B: 0.0520 | Cycle: 0.6665
Epoch 17/80 | Step 117200 | G: 2.2876 | D_A: 0.1573 | D_B: 0.0460 | Cycle: 0.8940
Epoch 17/80 | Step 117250 | G: 2.3026 | D_A: 0.2200 | D_B: 0.1377 | Cycle: 1.1156
Epoch 17/80 | Step 117300 | G: 1.5497 | D_A: 0.1975 | D_B: 0.2025 | Cycle: 0.7076
Epoch 17/80 | Step 117350 | G: 1.8222 | D_A: 0.2038 | D_B: 0.0410 | Cycle: 0.6983
Epoch 17/80 | Step 117400 | G: 2.3824 | D_A: 0.1806 | D_B: 0.0328 | Cycle: 0.8312
Epoch 17/80 | Step 117450 | G: 2.2033 | D_A: 0.1435 | D_B: 0.1170 | Cycle: 1.0247
Epoch 17/80 | Step 117500 | G: 2.0539 | D_A: 0.1424 | D_B: 0.1551 | Cycle: 1.0115
Epoch 17/80 | Step 117550 | G: 1.9231 | D_A: 0.2283 | D_B: 0.0719 | Cycle: 0.7550
Epoch 17/80 | Step 117600 | G: 2.0272 | D_A: 0.3460 | D_B: 0.0437 | Cycle: 0.7442
Epoch 17/80 | Step 117650 | G: 1.6006 | D_A: 0.2124 | D_B: 0.0681 | Cycle: 0.7967
Epoch 17/80 | Step 117700 | G: 1.6964 | D_A: 0.2235 | D_B: 0.1225 | Cycle: 0.7947
Epoch 17/80 | Step 117750 | G: 2.4454 | D_A: 0.2639 | D_B: 0.0595 | Cycle: 1.0677
Epoch 17/80 | Step 117800 | G: 2.4566 | D_A: 0.1150 | D_B: 0.1059 | Cycle: 0.9686
Epoch 17/80 | Step 117850 | G: 2.1294 | D_A: 0.1594 | D_B: 0.0858 | Cycle: 0.7532
Epoch 17/80 | Step 117900 | G: 1.9534 | D_A: 0.4694 | D_B: 0.1284 | Cycle: 0.6684
Epoch 17/80 | Step 117950 | G: 2.8790 | D_A: 0.0672 | D_B: 0.1249 | Cycle: 0.8188
Epoch 17/80 | Step 118000 | G: 2.2151 | D_A: 0.3081 | D_B: 0.0841 | Cycle: 0.7755
Epoch 17/80 | Step 118050 | G: 1.7445 | D_A: 0.3089 | D_B: 0.0518 | Cycle: 0.8277
Epoch 17/80 | Step 118100 | G: 2.7912 | D_A: 0.1536 | D_B: 0.0740 | Cycle: 1.1079
Epoch 17/80 | Step 118150 | G: 2.0596 | D_A: 0.1680 | D_B: 0.0806 | Cycle: 0.6339
Epoch 17/80 | Step 118200 | G: 1.6586 | D_A: 0.1292 | D_B: 0.2294 | Cycle: 0.7643
Epoch 17/80 | Step 118250 | G: 2.0607 | D_A: 0.1525 | D_B: 0.0760 | Cycle: 0.7330
Epoch 17/80 | Step 118300 | G: 3.3081 | D_A: 0.1769 | D_B: 0.1691 | Cycle: 1.0075
Epoch 17/80 | Step 118350 | G: 1.8480 | D_A: 0.2258 | D_B: 0.1355 | Cycle: 0.8971
Epoch 17/80 | Step 118400 | G: 2.0499 | D_A: 0.1277 | D_B: 0.1487 | Cycle: 0.6293
Epoch 17/80 | Step 118450 | G: 2.4389 | D_A: 0.2796 | D_B: 0.0929 | Cycle: 0.7246
Epoch 17/80 | Step 118500 | G: 2.4739 | D_A: 0.0843 | D_B: 0.1706 | Cycle: 0.8223
Epoch 17/80 | Step 118550 | G: 2.1797 | D_A: 0.1603 | D_B: 0.1697 | Cycle: 0.8736
Epoch 17/80 | Step 118600 | G: 2.3488 | D_A: 0.2474 | D_B: 0.0583 | Cycle: 0.8111
Epoch 17/80 | Step 118650 | G: 2.2517 | D_A: 0.1351 | D_B: 0.0811 | Cycle: 0.6883
Epoch 17/80 | Step 118700 | G: 2.2039 | D_A: 0.1622 | D_B: 0.0498 | Cycle: 0.7810
Epoch 17/80 | Step 118750 | G: 2.3583 | D_A: 0.0416 | D_B: 0.0335 | Cycle: 0.7301
Epoch 17/80 | Step 118800 | G: 2.0074 | D_A: 0.1977 | D_B: 0.1606 | Cycle: 0.8274
Epoch 17/80 | Step 118850 | G: 2.2574 | D_A: 0.1441 | D_B: 0.1722 | Cycle: 0.9708
Epoch 17/80 | Step 118900 | G: 1.7519 | D_A: 0.1531 | D_B: 0.0735 | Cycle: 0.7093
Epoch 17/80 | Step 118950 | G: 2.3629 | D_A: 0.0825 | D_B: 0.0682 | Cycle: 0.9059
Epoch 17/80 | Step 119000 | G: 2.0663 | D_A: 0.1546 | D_B: 0.1817 | Cycle: 0.8584
Epoch 17/80 | Step 119050 | G: 2.1903 | D_A: 0.1702 | D_B: 0.1335 | Cycle: 0.9223
Epoch 17/80 | Step 119100 | G: 1.9426 | D_A: 0.2319 | D_B: 0.0979 | Cycle: 0.6834
Epoch 17/80 | Step 119150 | G: 1.8631 | D_A: 0.2768 | D_B: 0.1797 | Cycle: 0.8825
Epoch 17/80 | Step 119200 | G: 1.8387 | D_A: 0.0951 | D_B: 0.0792 | Cycle: 0.8329
Epoch 17/80 | Step 119250 | G: 2.0917 | D_A: 0.0887 | D_B: 0.0784 | Cycle: 0.9256
Epoch 17/80 | Step 119300 | G: 2.2160 | D_A: 0.1249 | D_B: 0.0568 | Cycle: 0.8693
Epoch 17/80 | Step 119350 | G: 2.3190 | D_A: 0.3106 | D_B: 0.0513 | Cycle: 0.6747
Epoch 17/80 | Step 119400 | G: 2.0252 | D_A: 0.2457 | D_B: 0.1770 | Cycle: 0.9807
Epoch 17/80 | Step 119450 | G: 1.8977 | D_A: 0.2263 | D_B: 0.1251 | Cycle: 0.9645
Epoch 17/80 | Step 119500 | G: 2.1626 | D_A: 0.1654 | D_B: 0.0639 | Cycle: 0.9266
Epoch 17/80 | Step 119550 | G: 2.2832 | D_A: 0.2944 | D_B: 0.1172 | Cycle: 0.9103
Epoch 17/80 | Step 119600 | G: 2.5292 | D_A: 0.1088 | D_B: 0.0418 | Cycle: 0.9326
Epoch 17/80 complete | Time: 435s | Avg G: 2.2289 | Avg D: 0.1437
Epoch 18/80 | Step 119650 | G: 2.5631 | D_A: 0.2190 | D_B: 0.0620 | Cycle: 0.9894
Epoch 18/80 | Step 119700 | G: 2.4429 | D_A: 0.2381 | D_B: 0.0556 | Cycle: 0.8628
Epoch 18/80 | Step 119750 | G: 1.7816 | D_A: 0.2544 | D_B: 0.0963 | Cycle: 0.9069
Epoch 18/80 | Step 119800 | G: 1.6551 | D_A: 0.2966 | D_B: 0.0601 | Cycle: 0.8323
Epoch 18/80 | Step 119850 | G: 1.5941 | D_A: 0.2983 | D_B: 0.0482 | Cycle: 0.7712
Epoch 18/80 | Step 119900 | G: 2.3404 | D_A: 0.2359 | D_B: 0.1293 | Cycle: 0.7220
Epoch 18/80 | Step 119950 | G: 2.2330 | D_A: 0.1144 | D_B: 0.1849 | Cycle: 0.6421
Epoch 18/80 | Step 120000 | G: 2.2705 | D_A: 0.1511 | D_B: 0.1222 | Cycle: 0.8701
Epoch 18/80 | Step 120050 | G: 2.9485 | D_A: 0.0906 | D_B: 0.0878 | Cycle: 0.7920
Epoch 18/80 | Step 120100 | G: 2.0813 | D_A: 0.1981 | D_B: 0.1950 | Cycle: 0.9088
Epoch 18/80 | Step 120150 | G: 2.7281 | D_A: 0.0838 | D_B: 0.1221 | Cycle: 1.0635
Epoch 18/80 | Step 120200 | G: 2.0504 | D_A: 0.0809 | D_B: 0.1435 | Cycle: 0.8243
Epoch 18/80 | Step 120250 | G: 1.6376 | D_A: 0.1242 | D_B: 0.0796 | Cycle: 0.7055
Epoch 18/80 | Step 120300 | G: 1.5247 | D_A: 0.3691 | D_B: 0.1398 | Cycle: 0.9409
Epoch 18/80 | Step 120350 | G: 1.7874 | D_A: 0.2035 | D_B: 0.0603 | Cycle: 0.7433
Epoch 18/80 | Step 120400 | G: 2.3041 | D_A: 0.1712 | D_B: 0.1204 | Cycle: 0.8754
Epoch 18/80 | Step 120450 | G: 1.6284 | D_A: 0.2813 | D_B: 0.1010 | Cycle: 0.6825
Epoch 18/80 | Step 120500 | G: 1.6245 | D_A: 0.0928 | D_B: 0.2183 | Cycle: 0.8034
Epoch 18/80 | Step 120550 | G: 2.3252 | D_A: 0.1971 | D_B: 0.1337 | Cycle: 0.9574
Epoch 18/80 | Step 120600 | G: 2.3223 | D_A: 0.2411 | D_B: 0.0798 | Cycle: 0.9132
Epoch 18/80 | Step 120650 | G: 1.9439 | D_A: 0.2585 | D_B: 0.0678 | Cycle: 0.8506
Epoch 18/80 | Step 120700 | G: 2.6972 | D_A: 0.0393 | D_B: 0.0518 | Cycle: 0.7249
Epoch 18/80 | Step 120750 | G: 1.5221 | D_A: 0.2535 | D_B: 0.1050 | Cycle: 0.6948
Epoch 18/80 | Step 120800 | G: 1.6083 | D_A: 0.1558 | D_B: 0.0382 | Cycle: 0.7615
Epoch 18/80 | Step 120850 | G: 2.3966 | D_A: 0.0906 | D_B: 0.0476 | Cycle: 1.0066
Epoch 18/80 | Step 120900 | G: 1.8584 | D_A: 0.2030 | D_B: 0.0318 | Cycle: 0.6530
Epoch 18/80 | Step 120950 | G: 2.6783 | D_A: 0.2363 | D_B: 0.0885 | Cycle: 1.1078
Epoch 18/80 | Step 121000 | G: 1.7003 | D_A: 0.1370 | D_B: 0.1526 | Cycle: 0.7925
Epoch 18/80 | Step 121050 | G: 1.8126 | D_A: 0.2769 | D_B: 0.1195 | Cycle: 0.7516
Epoch 18/80 | Step 121100 | G: 1.8065 | D_A: 0.2992 | D_B: 0.1166 | Cycle: 0.7282
Epoch 18/80 | Step 121150 | G: 2.2910 | D_A: 0.4114 | D_B: 0.1144 | Cycle: 1.0210
Epoch 18/80 | Step 121200 | G: 2.1526 | D_A: 0.4867 | D_B: 0.0700 | Cycle: 0.8214
Epoch 18/80 | Step 121250 | G: 1.7207 | D_A: 0.2370 | D_B: 0.1867 | Cycle: 0.9328
Epoch 18/80 | Step 121300 | G: 2.2424 | D_A: 0.2272 | D_B: 0.0814 | Cycle: 1.0101
Epoch 18/80 | Step 121350 | G: 2.6068 | D_A: 0.1965 | D_B: 0.0501 | Cycle: 1.0365
Epoch 18/80 | Step 121400 | G: 1.9927 | D_A: 0.2386 | D_B: 0.1708 | Cycle: 0.8020
Epoch 18/80 | Step 121450 | G: 2.2252 | D_A: 0.0514 | D_B: 0.1301 | Cycle: 0.8881
Epoch 18/80 | Step 121500 | G: 2.3278 | D_A: 0.1412 | D_B: 0.0381 | Cycle: 0.8415
Epoch 18/80 | Step 121550 | G: 2.4539 | D_A: 0.1139 | D_B: 0.0465 | Cycle: 1.0394
Epoch 18/80 | Step 121600 | G: 2.4723 | D_A: 0.1296 | D_B: 0.0697 | Cycle: 0.7807
Epoch 18/80 | Step 121650 | G: 1.8554 | D_A: 0.1866 | D_B: 0.0655 | Cycle: 0.7330
Epoch 18/80 | Step 121700 | G: 1.9706 | D_A: 0.0645 | D_B: 0.0435 | Cycle: 0.7895
Epoch 18/80 | Step 121750 | G: 2.8611 | D_A: 0.2151 | D_B: 0.0651 | Cycle: 0.8795
Epoch 18/80 | Step 121800 | G: 2.0368 | D_A: 0.1226 | D_B: 0.0619 | Cycle: 0.6976
Epoch 18/80 | Step 121850 | G: 1.9231 | D_A: 0.1385 | D_B: 0.0340 | Cycle: 0.6952
Epoch 18/80 | Step 121900 | G: 1.7777 | D_A: 0.2753 | D_B: 0.0915 | Cycle: 0.7909
Epoch 18/80 | Step 121950 | G: 2.5555 | D_A: 0.1560 | D_B: 0.1482 | Cycle: 0.8694
Epoch 18/80 | Step 122000 | G: 1.8619 | D_A: 0.1190 | D_B: 0.0684 | Cycle: 0.6827
Epoch 18/80 | Step 122050 | G: 2.2992 | D_A: 0.1662 | D_B: 0.0613 | Cycle: 0.8761
Epoch 18/80 | Step 122100 | G: 1.7791 | D_A: 0.2536 | D_B: 0.1664 | Cycle: 0.7300
Epoch 18/80 | Step 122150 | G: 2.4630 | D_A: 0.1353 | D_B: 0.0738 | Cycle: 0.9642
Epoch 18/80 | Step 122200 | G: 1.8397 | D_A: 0.3361 | D_B: 0.0581 | Cycle: 0.9385
Epoch 18/80 | Step 122250 | G: 2.1030 | D_A: 0.1486 | D_B: 0.1850 | Cycle: 1.0011
Epoch 18/80 | Step 122300 | G: 2.5395 | D_A: 0.2386 | D_B: 0.0842 | Cycle: 0.8142
Epoch 18/80 | Step 122350 | G: 2.0757 | D_A: 0.1455 | D_B: 0.0434 | Cycle: 0.9343
Epoch 18/80 | Step 122400 | G: 2.0069 | D_A: 0.1929 | D_B: 0.0895 | Cycle: 0.6867
Epoch 18/80 | Step 122450 | G: 1.9706 | D_A: 0.1504 | D_B: 0.1016 | Cycle: 0.7964
Epoch 18/80 | Step 122500 | G: 1.7664 | D_A: 0.1136 | D_B: 0.1106 | Cycle: 0.8344
Epoch 18/80 | Step 122550 | G: 2.1014 | D_A: 0.1986 | D_B: 0.0253 | Cycle: 0.7316
Epoch 18/80 | Step 122600 | G: 2.2745 | D_A: 0.1694 | D_B: 0.0778 | Cycle: 0.8979
Epoch 18/80 | Step 122650 | G: 2.3272 | D_A: 0.1522 | D_B: 0.0693 | Cycle: 0.9469
Epoch 18/80 | Step 122700 | G: 2.3161 | D_A: 0.1228 | D_B: 0.0437 | Cycle: 0.7777
Epoch 18/80 | Step 122750 | G: 2.4401 | D_A: 0.0466 | D_B: 0.0951 | Cycle: 0.7735
Epoch 18/80 | Step 122800 | G: 1.8993 | D_A: 0.2422 | D_B: 0.0905 | Cycle: 0.6988
Epoch 18/80 | Step 122850 | G: 2.1666 | D_A: 0.0428 | D_B: 0.0919 | Cycle: 0.7878
Epoch 18/80 | Step 122900 | G: 2.3591 | D_A: 0.3171 | D_B: 0.1117 | Cycle: 0.8619
Epoch 18/80 | Step 122950 | G: 1.9750 | D_A: 0.2472 | D_B: 0.0603 | Cycle: 0.7986
Epoch 18/80 | Step 123000 | G: 1.4728 | D_A: 0.2647 | D_B: 0.2230 | Cycle: 0.7048
Epoch 18/80 | Step 123050 | G: 1.7801 | D_A: 0.2256 | D_B: 0.1164 | Cycle: 0.8288
Epoch 18/80 | Step 123100 | G: 2.0806 | D_A: 0.1707 | D_B: 0.0951 | Cycle: 0.8298
Epoch 18/80 | Step 123150 | G: 1.5544 | D_A: 0.1457 | D_B: 0.2005 | Cycle: 0.6886
Epoch 18/80 | Step 123200 | G: 2.2341 | D_A: 0.1959 | D_B: 0.1233 | Cycle: 0.8354
Epoch 18/80 | Step 123250 | G: 1.8330 | D_A: 0.2958 | D_B: 0.1959 | Cycle: 0.8800
Epoch 18/80 | Step 123300 | G: 2.1744 | D_A: 0.2435 | D_B: 0.0977 | Cycle: 0.7771
Epoch 18/80 | Step 123350 | G: 2.0798 | D_A: 0.1413 | D_B: 0.1224 | Cycle: 0.7552
Epoch 18/80 | Step 123400 | G: 2.1466 | D_A: 0.2427 | D_B: 0.0702 | Cycle: 0.9139
Epoch 18/80 | Step 123450 | G: 2.0284 | D_A: 0.2021 | D_B: 0.1126 | Cycle: 0.9557
Epoch 18/80 | Step 123500 | G: 2.2755 | D_A: 0.1132 | D_B: 0.1602 | Cycle: 0.6549
Epoch 18/80 | Step 123550 | G: 2.6430 | D_A: 0.1200 | D_B: 0.0857 | Cycle: 1.1912
Epoch 18/80 | Step 123600 | G: 2.3983 | D_A: 0.2499 | D_B: 0.0457 | Cycle: 0.7302
Epoch 18/80 | Step 123650 | G: 2.0247 | D_A: 0.0759 | D_B: 0.1383 | Cycle: 0.7197
Epoch 18/80 | Step 123700 | G: 2.0918 | D_A: 0.3096 | D_B: 0.0784 | Cycle: 0.8634
Epoch 18/80 | Step 123750 | G: 1.9014 | D_A: 0.0967 | D_B: 0.0675 | Cycle: 0.7216
Epoch 18/80 | Step 123800 | G: 2.0549 | D_A: 0.2879 | D_B: 0.1145 | Cycle: 0.7725
Epoch 18/80 | Step 123850 | G: 1.4994 | D_A: 0.4755 | D_B: 0.1089 | Cycle: 0.7636
Epoch 18/80 | Step 123900 | G: 2.3847 | D_A: 0.1983 | D_B: 0.0603 | Cycle: 1.0049
Epoch 18/80 | Step 123950 | G: 1.6632 | D_A: 0.2780 | D_B: 0.1154 | Cycle: 0.8347
Epoch 18/80 | Step 124000 | G: 1.6758 | D_A: 0.3254 | D_B: 0.0443 | Cycle: 0.7723
Epoch 18/80 | Step 124050 | G: 2.0154 | D_A: 0.1584 | D_B: 0.0977 | Cycle: 0.7958
Epoch 18/80 | Step 124100 | G: 1.8025 | D_A: 0.1252 | D_B: 0.2974 | Cycle: 0.6430
Epoch 18/80 | Step 124150 | G: 2.4657 | D_A: 0.0638 | D_B: 0.0661 | Cycle: 0.8506
Epoch 18/80 | Step 124200 | G: 1.9315 | D_A: 0.1604 | D_B: 0.0660 | Cycle: 0.7464
Epoch 18/80 | Step 124250 | G: 2.8391 | D_A: 0.1142 | D_B: 0.0381 | Cycle: 0.7592
Epoch 18/80 | Step 124300 | G: 2.4432 | D_A: 0.1099 | D_B: 0.0354 | Cycle: 0.7846
Epoch 18/80 | Step 124350 | G: 2.5948 | D_A: 0.0727 | D_B: 0.2786 | Cycle: 0.7887
Epoch 18/80 | Step 124400 | G: 2.1692 | D_A: 0.3579 | D_B: 0.1043 | Cycle: 0.9646
Epoch 18/80 | Step 124450 | G: 2.8161 | D_A: 0.2553 | D_B: 0.1793 | Cycle: 0.8931
Epoch 18/80 | Step 124500 | G: 3.3775 | D_A: 0.1905 | D_B: 0.0763 | Cycle: 0.8998
Epoch 18/80 | Step 124550 | G: 2.0576 | D_A: 0.2587 | D_B: 0.1645 | Cycle: 0.6741
Epoch 18/80 | Step 124600 | G: 2.2031 | D_A: 0.2346 | D_B: 0.0786 | Cycle: 0.9027
Epoch 18/80 | Step 124650 | G: 2.5690 | D_A: 0.1554 | D_B: 0.0809 | Cycle: 0.7309
Epoch 18/80 | Step 124700 | G: 2.4221 | D_A: 0.2112 | D_B: 0.0608 | Cycle: 0.7295
Epoch 18/80 | Step 124750 | G: 2.0417 | D_A: 0.1350 | D_B: 0.1047 | Cycle: 0.9743
Epoch 18/80 | Step 124800 | G: 1.9148 | D_A: 0.0983 | D_B: 0.1591 | Cycle: 0.9994
Epoch 18/80 | Step 124850 | G: 2.7543 | D_A: 0.2717 | D_B: 0.1200 | Cycle: 1.3780
Epoch 18/80 | Step 124900 | G: 3.4147 | D_A: 0.1673 | D_B: 0.0682 | Cycle: 1.2693
Epoch 18/80 | Step 124950 | G: 1.8297 | D_A: 0.0649 | D_B: 0.0632 | Cycle: 0.6223
Epoch 18/80 | Step 125000 | G: 1.9085 | D_A: 0.1975 | D_B: 0.0402 | Cycle: 0.9116
Epoch 18/80 | Step 125050 | G: 2.7808 | D_A: 0.0927 | D_B: 0.0613 | Cycle: 1.0670
Epoch 18/80 | Step 125100 | G: 1.6320 | D_A: 0.2404 | D_B: 0.0692 | Cycle: 0.7406
Epoch 18/80 | Step 125150 | G: 2.0741 | D_A: 0.1937 | D_B: 0.1004 | Cycle: 0.7881
Epoch 18/80 | Step 125200 | G: 2.1427 | D_A: 0.1249 | D_B: 0.0516 | Cycle: 0.7957
Epoch 18/80 | Step 125250 | G: 2.3792 | D_A: 0.2580 | D_B: 0.1289 | Cycle: 0.9810
Epoch 18/80 | Step 125300 | G: 2.5288 | D_A: 0.2637 | D_B: 0.1076 | Cycle: 1.2614
Epoch 18/80 | Step 125350 | G: 2.5479 | D_A: 0.1161 | D_B: 0.1860 | Cycle: 1.0543
Epoch 18/80 | Step 125400 | G: 1.5366 | D_A: 0.1104 | D_B: 0.1572 | Cycle: 0.7733
Epoch 18/80 | Step 125450 | G: 2.3572 | D_A: 0.2219 | D_B: 0.0414 | Cycle: 0.7004
Epoch 18/80 | Step 125500 | G: 2.1961 | D_A: 0.0973 | D_B: 0.1427 | Cycle: 0.7761
Epoch 18/80 | Step 125550 | G: 2.2559 | D_A: 0.0929 | D_B: 0.0737 | Cycle: 0.7936
Epoch 18/80 | Step 125600 | G: 1.9859 | D_A: 0.2094 | D_B: 0.1103 | Cycle: 0.8331
Epoch 18/80 | Step 125650 | G: 2.9661 | D_A: 0.1130 | D_B: 0.0301 | Cycle: 1.0926
Epoch 18/80 | Step 125700 | G: 2.4299 | D_A: 0.3124 | D_B: 0.1209 | Cycle: 0.9577
Epoch 18/80 | Step 125750 | G: 2.3667 | D_A: 0.2833 | D_B: 0.1418 | Cycle: 0.9867
Epoch 18/80 | Step 125800 | G: 2.1623 | D_A: 0.1568 | D_B: 0.1046 | Cycle: 0.8325
Epoch 18/80 | Step 125850 | G: 2.1499 | D_A: 0.1861 | D_B: 0.0545 | Cycle: 0.9892
Epoch 18/80 | Step 125900 | G: 2.2401 | D_A: 0.1755 | D_B: 0.1434 | Cycle: 0.7598
Epoch 18/80 | Step 125950 | G: 2.0325 | D_A: 0.2543 | D_B: 0.1161 | Cycle: 0.8423
Epoch 18/80 | Step 126000 | G: 1.7980 | D_A: 0.2584 | D_B: 0.0942 | Cycle: 0.8171
Epoch 18/80 | Step 126050 | G: 1.8777 | D_A: 0.2341 | D_B: 0.1514 | Cycle: 0.8179
Epoch 18/80 | Step 126100 | G: 1.5571 | D_A: 0.2783 | D_B: 0.2788 | Cycle: 0.7057
Epoch 18/80 | Step 126150 | G: 1.4655 | D_A: 0.1058 | D_B: 0.4328 | Cycle: 0.7496
Epoch 18/80 | Step 126200 | G: 2.4143 | D_A: 0.2386 | D_B: 0.1205 | Cycle: 1.0596
Epoch 18/80 | Step 126250 | G: 2.6800 | D_A: 0.1334 | D_B: 0.0926 | Cycle: 0.9926
Epoch 18/80 | Step 126300 | G: 1.7317 | D_A: 0.2211 | D_B: 0.0383 | Cycle: 0.7340
Epoch 18/80 | Step 126350 | G: 1.9876 | D_A: 0.2210 | D_B: 0.0952 | Cycle: 0.7388
Epoch 18/80 | Step 126400 | G: 2.5144 | D_A: 0.1682 | D_B: 0.0348 | Cycle: 0.8077
Epoch 18/80 | Step 126450 | G: 2.3233 | D_A: 0.2376 | D_B: 0.0787 | Cycle: 0.8255
Epoch 18/80 | Step 126500 | G: 2.0396 | D_A: 0.1613 | D_B: 0.1236 | Cycle: 0.8282
Epoch 18/80 | Step 126550 | G: 2.3573 | D_A: 0.1477 | D_B: 0.0768 | Cycle: 0.9557
Epoch 18/80 | Step 126600 | G: 2.2294 | D_A: 0.3007 | D_B: 0.0963 | Cycle: 0.9123
Epoch 18/80 | Step 126650 | G: 1.6966 | D_A: 0.2151 | D_B: 0.0659 | Cycle: 0.6390
Epoch 18/80 complete | Time: 438s | Avg G: 2.2153 | Avg D: 0.1431
Epoch 19/80 | Step 126700 | G: 2.3004 | D_A: 0.3323 | D_B: 0.3200 | Cycle: 0.7630
Epoch 19/80 | Step 126750 | G: 2.0616 | D_A: 0.2320 | D_B: 0.0992 | Cycle: 0.8194
Epoch 19/80 | Step 126800 | G: 1.9115 | D_A: 0.2146 | D_B: 0.0631 | Cycle: 0.7167
Epoch 19/80 | Step 126850 | G: 1.6270 | D_A: 0.2885 | D_B: 0.1566 | Cycle: 0.7028
Epoch 19/80 | Step 126900 | G: 2.7893 | D_A: 0.1224 | D_B: 0.0522 | Cycle: 0.9219
Epoch 19/80 | Step 126950 | G: 2.2948 | D_A: 0.2314 | D_B: 0.0311 | Cycle: 0.9605
Epoch 19/80 | Step 127000 | G: 1.9642 | D_A: 0.2349 | D_B: 0.2599 | Cycle: 0.9440
Epoch 19/80 | Step 127050 | G: 2.2500 | D_A: 0.4063 | D_B: 0.0633 | Cycle: 1.0220
Epoch 19/80 | Step 127100 | G: 2.7518 | D_A: 0.2483 | D_B: 0.0317 | Cycle: 0.9287
Epoch 19/80 | Step 127150 | G: 1.7706 | D_A: 0.1448 | D_B: 0.0986 | Cycle: 0.6151
Epoch 19/80 | Step 127200 | G: 3.7804 | D_A: 0.0947 | D_B: 0.0812 | Cycle: 1.0473
Epoch 19/80 | Step 127250 | G: 2.0272 | D_A: 0.2854 | D_B: 0.1915 | Cycle: 0.8859
Epoch 19/80 | Step 127300 | G: 2.5455 | D_A: 0.0907 | D_B: 0.0757 | Cycle: 0.8514
Epoch 19/80 | Step 127350 | G: 2.3145 | D_A: 0.0943 | D_B: 0.1311 | Cycle: 0.6777
Epoch 19/80 | Step 127400 | G: 2.5370 | D_A: 0.2188 | D_B: 0.0546 | Cycle: 0.9495
Epoch 19/80 | Step 127450 | G: 2.5030 | D_A: 0.0971 | D_B: 0.1179 | Cycle: 0.9751
Epoch 19/80 | Step 127500 | G: 2.2022 | D_A: 0.2038 | D_B: 0.1038 | Cycle: 0.7241
Epoch 19/80 | Step 127550 | G: 2.0679 | D_A: 0.3788 | D_B: 0.1446 | Cycle: 0.7988
Epoch 19/80 | Step 127600 | G: 3.0516 | D_A: 0.1119 | D_B: 0.1234 | Cycle: 1.0094
Epoch 19/80 | Step 127650 | G: 2.4535 | D_A: 0.1387 | D_B: 0.1498 | Cycle: 0.7983
Epoch 19/80 | Step 127700 | G: 1.8281 | D_A: 0.1330 | D_B: 0.1153 | Cycle: 0.7616
Epoch 19/80 | Step 127750 | G: 3.1431 | D_A: 0.3072 | D_B: 0.1290 | Cycle: 0.9412
Epoch 19/80 | Step 127800 | G: 2.5657 | D_A: 0.0428 | D_B: 0.0372 | Cycle: 0.8645
Epoch 19/80 | Step 127850 | G: 1.4526 | D_A: 0.1333 | D_B: 0.1574 | Cycle: 0.6542
Epoch 19/80 | Step 127900 | G: 1.6641 | D_A: 0.2556 | D_B: 0.1371 | Cycle: 0.6560
Epoch 19/80 | Step 127950 | G: 1.6396 | D_A: 0.1788 | D_B: 0.1448 | Cycle: 0.6118
Epoch 19/80 | Step 128000 | G: 2.0781 | D_A: 0.1381 | D_B: 0.1010 | Cycle: 0.8967
Epoch 19/80 | Step 128050 | G: 1.9029 | D_A: 0.1400 | D_B: 0.1881 | Cycle: 0.9121
Epoch 19/80 | Step 128100 | G: 2.2941 | D_A: 0.3118 | D_B: 0.1094 | Cycle: 0.9556
Epoch 19/80 | Step 128150 | G: 2.0843 | D_A: 0.3347 | D_B: 0.1470 | Cycle: 0.9466
Epoch 19/80 | Step 128200 | G: 2.3242 | D_A: 0.2985 | D_B: 0.0620 | Cycle: 0.8334
Epoch 19/80 | Step 128250 | G: 2.5376 | D_A: 0.2993 | D_B: 0.0283 | Cycle: 0.8751
Epoch 19/80 | Step 128300 | G: 1.9448 | D_A: 0.1201 | D_B: 0.0288 | Cycle: 0.8200
Epoch 19/80 | Step 128350 | G: 2.3691 | D_A: 0.2372 | D_B: 0.1534 | Cycle: 0.9077
Epoch 19/80 | Step 128400 | G: 2.2222 | D_A: 0.1597 | D_B: 0.0323 | Cycle: 0.9008
Epoch 19/80 | Step 128450 | G: 2.3171 | D_A: 0.1574 | D_B: 0.1750 | Cycle: 0.9644
Epoch 19/80 | Step 128500 | G: 1.8529 | D_A: 0.1187 | D_B: 0.0767 | Cycle: 0.6984
Epoch 19/80 | Step 128550 | G: 2.1764 | D_A: 0.1344 | D_B: 0.0797 | Cycle: 0.9713
Epoch 19/80 | Step 128600 | G: 2.0072 | D_A: 0.2172 | D_B: 0.1625 | Cycle: 0.7477
Epoch 19/80 | Step 128650 | G: 1.9639 | D_A: 0.0888 | D_B: 0.0776 | Cycle: 0.7706
Epoch 19/80 | Step 128700 | G: 2.1132 | D_A: 0.1133 | D_B: 0.0588 | Cycle: 0.8576
Epoch 19/80 | Step 128750 | G: 1.9046 | D_A: 0.1645 | D_B: 0.0639 | Cycle: 0.6425
Epoch 19/80 | Step 128800 | G: 2.0871 | D_A: 0.2982 | D_B: 0.0953 | Cycle: 0.9473
Epoch 19/80 | Step 128850 | G: 2.1508 | D_A: 0.1680 | D_B: 0.0673 | Cycle: 0.7846
Epoch 19/80 | Step 128900 | G: 1.9196 | D_A: 0.2381 | D_B: 0.0621 | Cycle: 0.6851
Epoch 19/80 | Step 128950 | G: 1.6667 | D_A: 0.1556 | D_B: 0.1603 | Cycle: 0.7762
Epoch 19/80 | Step 129000 | G: 3.4626 | D_A: 0.0847 | D_B: 0.0686 | Cycle: 1.0995
Epoch 19/80 | Step 129050 | G: 1.6220 | D_A: 0.1839 | D_B: 0.1226 | Cycle: 0.5879
Epoch 19/80 | Step 129100 | G: 1.7685 | D_A: 0.1447 | D_B: 0.2213 | Cycle: 0.6646
Epoch 19/80 | Step 129150 | G: 2.4128 | D_A: 0.1345 | D_B: 0.1920 | Cycle: 0.8188
Epoch 19/80 | Step 129200 | G: 2.5102 | D_A: 0.1048 | D_B: 0.0624 | Cycle: 0.8934
Epoch 19/80 | Step 129250 | G: 2.4881 | D_A: 0.1169 | D_B: 0.0520 | Cycle: 0.8566
Epoch 19/80 | Step 129300 | G: 2.6290 | D_A: 0.1879 | D_B: 0.0978 | Cycle: 0.7866
Epoch 19/80 | Step 129350 | G: 1.9835 | D_A: 0.1783 | D_B: 0.2644 | Cycle: 0.7376
Epoch 19/80 | Step 129400 | G: 1.8062 | D_A: 0.2293 | D_B: 0.1669 | Cycle: 0.8011
Epoch 19/80 | Step 129450 | G: 2.5423 | D_A: 0.2776 | D_B: 0.0811 | Cycle: 1.0484
Epoch 19/80 | Step 129500 | G: 2.8045 | D_A: 0.1870 | D_B: 0.0705 | Cycle: 0.7857
Epoch 19/80 | Step 129550 | G: 2.5304 | D_A: 0.2587 | D_B: 0.0428 | Cycle: 0.8929
Epoch 19/80 | Step 129600 | G: 2.5097 | D_A: 0.1668 | D_B: 0.0699 | Cycle: 0.7192
Epoch 19/80 | Step 129650 | G: 2.0855 | D_A: 0.1280 | D_B: 0.1497 | Cycle: 0.7122
Epoch 19/80 | Step 129700 | G: 2.7537 | D_A: 0.0492 | D_B: 0.1228 | Cycle: 0.9860
Epoch 19/80 | Step 129750 | G: 2.1853 | D_A: 0.1045 | D_B: 0.0395 | Cycle: 0.6452
Epoch 19/80 | Step 129800 | G: 2.5218 | D_A: 0.0749 | D_B: 0.0781 | Cycle: 0.8677
Epoch 19/80 | Step 129850 | G: 1.9716 | D_A: 0.1971 | D_B: 0.0751 | Cycle: 0.8695
Epoch 19/80 | Step 129900 | G: 1.4852 | D_A: 0.1435 | D_B: 0.1281 | Cycle: 0.7583
Epoch 19/80 | Step 129950 | G: 1.7970 | D_A: 0.2391 | D_B: 0.0496 | Cycle: 0.5903
Epoch 19/80 | Step 130000 | G: 1.9148 | D_A: 0.1695 | D_B: 0.0523 | Cycle: 0.6880
Epoch 19/80 | Step 130050 | G: 2.1821 | D_A: 0.0989 | D_B: 0.0336 | Cycle: 0.7320
Epoch 19/80 | Step 130100 | G: 2.8614 | D_A: 0.0643 | D_B: 0.0403 | Cycle: 0.9043
Epoch 19/80 | Step 130150 | G: 2.3807 | D_A: 0.0892 | D_B: 0.0594 | Cycle: 0.9335
Epoch 19/80 | Step 130200 | G: 2.2120 | D_A: 0.2004 | D_B: 0.1731 | Cycle: 0.9012
Epoch 19/80 | Step 130250 | G: 2.5065 | D_A: 0.1257 | D_B: 0.0722 | Cycle: 0.9654
Epoch 19/80 | Step 130300 | G: 2.4823 | D_A: 0.1990 | D_B: 0.1931 | Cycle: 0.8590
Epoch 19/80 | Step 130350 | G: 2.1186 | D_A: 0.1157 | D_B: 0.0550 | Cycle: 0.8164
Epoch 19/80 | Step 130400 | G: 2.0311 | D_A: 0.1326 | D_B: 0.1276 | Cycle: 0.7517
Epoch 19/80 | Step 130450 | G: 2.6457 | D_A: 0.1205 | D_B: 0.0479 | Cycle: 0.9417
Epoch 19/80 | Step 130500 | G: 2.1680 | D_A: 0.0680 | D_B: 0.0455 | Cycle: 0.7361
Epoch 19/80 | Step 130550 | G: 1.4382 | D_A: 0.0981 | D_B: 0.0519 | Cycle: 0.5369
Epoch 19/80 | Step 130600 | G: 2.4423 | D_A: 0.1777 | D_B: 0.0735 | Cycle: 0.8764
Epoch 19/80 | Step 130650 | G: 2.4970 | D_A: 0.1638 | D_B: 0.0720 | Cycle: 0.7788
Epoch 19/80 | Step 130700 | G: 1.9214 | D_A: 0.3599 | D_B: 0.1073 | Cycle: 0.7705
Epoch 19/80 | Step 130750 | G: 1.8804 | D_A: 0.2803 | D_B: 0.0784 | Cycle: 0.7574
Epoch 19/80 | Step 130800 | G: 2.2060 | D_A: 0.1424 | D_B: 0.0706 | Cycle: 1.0642
Epoch 19/80 | Step 130850 | G: 1.8218 | D_A: 0.1571 | D_B: 0.0564 | Cycle: 0.7534
Epoch 19/80 | Step 130900 | G: 2.1862 | D_A: 0.1003 | D_B: 0.1766 | Cycle: 0.7663
Epoch 19/80 | Step 130950 | G: 2.1912 | D_A: 0.1533 | D_B: 0.0680 | Cycle: 0.7101
Epoch 19/80 | Step 131000 | G: 1.8934 | D_A: 0.2047 | D_B: 0.0910 | Cycle: 0.6710
Epoch 19/80 | Step 131050 | G: 1.8469 | D_A: 0.2378 | D_B: 0.1074 | Cycle: 0.6010
Epoch 19/80 | Step 131100 | G: 1.8975 | D_A: 0.1419 | D_B: 0.0622 | Cycle: 0.8164
Epoch 19/80 | Step 131150 | G: 1.8924 | D_A: 0.2810 | D_B: 0.0938 | Cycle: 0.7817
Epoch 19/80 | Step 131200 | G: 2.0224 | D_A: 0.2514 | D_B: 0.1215 | Cycle: 0.6800
Epoch 19/80 | Step 131250 | G: 1.9609 | D_A: 0.1736 | D_B: 0.0738 | Cycle: 0.9025
Epoch 19/80 | Step 131300 | G: 1.8927 | D_A: 0.2836 | D_B: 0.0296 | Cycle: 0.7974
Epoch 19/80 | Step 131350 | G: 2.2046 | D_A: 0.1400 | D_B: 0.0649 | Cycle: 0.7408
Epoch 19/80 | Step 131400 | G: 1.5679 | D_A: 0.1921 | D_B: 0.1736 | Cycle: 0.7344
Epoch 19/80 | Step 131450 | G: 1.8606 | D_A: 0.1340 | D_B: 0.0557 | Cycle: 0.6743
Epoch 19/80 | Step 131500 | G: 2.3846 | D_A: 0.2530 | D_B: 0.0507 | Cycle: 0.9262
Epoch 19/80 | Step 131550 | G: 1.7077 | D_A: 0.1395 | D_B: 0.1229 | Cycle: 0.8080
Epoch 19/80 | Step 131600 | G: 1.7741 | D_A: 0.1931 | D_B: 0.2523 | Cycle: 0.6435
Epoch 19/80 | Step 131650 | G: 1.9360 | D_A: 0.1229 | D_B: 0.1384 | Cycle: 0.7860
Epoch 19/80 | Step 131700 | G: 2.3143 | D_A: 0.1566 | D_B: 0.1540 | Cycle: 0.7747
Epoch 19/80 | Step 131750 | G: 2.5893 | D_A: 0.1335 | D_B: 0.0446 | Cycle: 0.8871
Epoch 19/80 | Step 131800 | G: 2.5651 | D_A: 0.1719 | D_B: 0.0274 | Cycle: 0.7981
Epoch 19/80 | Step 131850 | G: 2.2288 | D_A: 0.0825 | D_B: 0.1124 | Cycle: 0.8349
Epoch 19/80 | Step 131900 | G: 3.0621 | D_A: 0.1347 | D_B: 0.1113 | Cycle: 0.9603
Epoch 19/80 | Step 131950 | G: 2.0163 | D_A: 0.2277 | D_B: 0.1024 | Cycle: 0.7919
Epoch 19/80 | Step 132000 | G: 3.1057 | D_A: 0.0653 | D_B: 0.0841 | Cycle: 0.8441
Epoch 19/80 | Step 132050 | G: 2.3467 | D_A: 0.3095 | D_B: 0.0911 | Cycle: 0.8626
Epoch 19/80 | Step 132100 | G: 2.7904 | D_A: 0.0791 | D_B: 0.0836 | Cycle: 1.1987
Epoch 19/80 | Step 132150 | G: 2.2601 | D_A: 0.1705 | D_B: 0.0648 | Cycle: 0.9973
Epoch 19/80 | Step 132200 | G: 3.1164 | D_A: 0.1355 | D_B: 0.1235 | Cycle: 0.9536
Epoch 19/80 | Step 132250 | G: 2.5666 | D_A: 0.0783 | D_B: 0.1735 | Cycle: 0.8901
Epoch 19/80 | Step 132300 | G: 1.8215 | D_A: 0.3212 | D_B: 0.1259 | Cycle: 0.8074
Epoch 19/80 | Step 132350 | G: 1.9076 | D_A: 0.2249 | D_B: 0.1019 | Cycle: 0.8571
Epoch 19/80 | Step 132400 | G: 2.7847 | D_A: 0.1376 | D_B: 0.0681 | Cycle: 0.9073
Epoch 19/80 | Step 132450 | G: 1.7555 | D_A: 0.1209 | D_B: 0.2136 | Cycle: 0.6976
Epoch 19/80 | Step 132500 | G: 2.2479 | D_A: 0.0661 | D_B: 0.1946 | Cycle: 0.6768
Epoch 19/80 | Step 132550 | G: 2.0608 | D_A: 0.2621 | D_B: 0.1570 | Cycle: 0.9525
Epoch 19/80 | Step 132600 | G: 2.1209 | D_A: 0.3807 | D_B: 0.0683 | Cycle: 0.8528
Epoch 19/80 | Step 132650 | G: 2.8109 | D_A: 0.1138 | D_B: 0.1169 | Cycle: 1.1444
Epoch 19/80 | Step 132700 | G: 2.0976 | D_A: 0.1333 | D_B: 0.1435 | Cycle: 0.9583
Epoch 19/80 | Step 132750 | G: 2.5754 | D_A: 0.1168 | D_B: 0.0808 | Cycle: 0.9911
Epoch 19/80 | Step 132800 | G: 2.3320 | D_A: 0.1595 | D_B: 0.0337 | Cycle: 0.7051
Epoch 19/80 | Step 132850 | G: 2.1513 | D_A: 0.1721 | D_B: 0.1959 | Cycle: 0.7227
Epoch 19/80 | Step 132900 | G: 2.0838 | D_A: 0.0901 | D_B: 0.1661 | Cycle: 0.7480
Epoch 19/80 | Step 132950 | G: 1.9054 | D_A: 0.1276 | D_B: 0.1093 | Cycle: 0.7998
Epoch 19/80 | Step 133000 | G: 2.0207 | D_A: 0.2459 | D_B: 0.0739 | Cycle: 0.7662
Epoch 19/80 | Step 133050 | G: 2.5223 | D_A: 0.1700 | D_B: 0.0247 | Cycle: 1.0333
Epoch 19/80 | Step 133100 | G: 1.9355 | D_A: 0.2971 | D_B: 0.0775 | Cycle: 0.8429
Epoch 19/80 | Step 133150 | G: 2.3441 | D_A: 0.2987 | D_B: 0.1015 | Cycle: 0.7785
Epoch 19/80 | Step 133200 | G: 1.8292 | D_A: 0.3709 | D_B: 0.2361 | Cycle: 0.8667
Epoch 19/80 | Step 133250 | G: 2.0639 | D_A: 0.2652 | D_B: 0.2336 | Cycle: 0.8846
Epoch 19/80 | Step 133300 | G: 1.8971 | D_A: 0.1588 | D_B: 0.0702 | Cycle: 0.7540
Epoch 19/80 | Step 133350 | G: 2.6977 | D_A: 0.1331 | D_B: 0.0711 | Cycle: 0.8305
Epoch 19/80 | Step 133400 | G: 2.2577 | D_A: 0.1103 | D_B: 0.0887 | Cycle: 0.8833
Epoch 19/80 | Step 133450 | G: 2.0809 | D_A: 0.1414 | D_B: 0.1265 | Cycle: 0.8564
Epoch 19/80 | Step 133500 | G: 3.1455 | D_A: 0.1232 | D_B: 0.0682 | Cycle: 0.9656
Epoch 19/80 | Step 133550 | G: 2.4598 | D_A: 0.1805 | D_B: 0.0373 | Cycle: 0.9438
Epoch 19/80 | Step 133600 | G: 1.9407 | D_A: 0.1911 | D_B: 0.0676 | Cycle: 0.8146
Epoch 19/80 | Step 133650 | G: 1.4661 | D_A: 0.1342 | D_B: 0.0692 | Cycle: 0.6969
Epoch 19/80 | Step 133700 | G: 2.7926 | D_A: 0.1101 | D_B: 0.0813 | Cycle: 0.9604
Epoch 19/80 complete | Time: 439s | Avg G: 2.2345 | Avg D: 0.1403
Epoch 20/80 | Step 133750 | G: 1.7970 | D_A: 0.0747 | D_B: 0.2729 | Cycle: 0.8411
Epoch 20/80 | Step 133800 | G: 1.6063 | D_A: 0.2402 | D_B: 0.4130 | Cycle: 0.7806
Epoch 20/80 | Step 133850 | G: 2.9147 | D_A: 0.1193 | D_B: 0.0495 | Cycle: 1.0464
Epoch 20/80 | Step 133900 | G: 2.0571 | D_A: 0.1478 | D_B: 0.0646 | Cycle: 0.8222
Epoch 20/80 | Step 133950 | G: 1.6274 | D_A: 0.2266 | D_B: 0.2655 | Cycle: 0.8623
Epoch 20/80 | Step 134000 | G: 1.5622 | D_A: 0.3129 | D_B: 0.1309 | Cycle: 0.7412
Epoch 20/80 | Step 134050 | G: 2.5573 | D_A: 0.1937 | D_B: 0.0392 | Cycle: 0.9221
Epoch 20/80 | Step 134100 | G: 2.0077 | D_A: 0.2366 | D_B: 0.1595 | Cycle: 0.9279
Epoch 20/80 | Step 134150 | G: 2.3048 | D_A: 0.2806 | D_B: 0.0483 | Cycle: 0.9757
Epoch 20/80 | Step 134200 | G: 1.6238 | D_A: 0.2111 | D_B: 0.0252 | Cycle: 0.6595
Epoch 20/80 | Step 134250 | G: 2.7713 | D_A: 0.1225 | D_B: 0.0514 | Cycle: 0.8951
Epoch 20/80 | Step 134300 | G: 2.1094 | D_A: 0.2015 | D_B: 0.1129 | Cycle: 0.9012
Epoch 20/80 | Step 134350 | G: 1.9947 | D_A: 0.1309 | D_B: 0.0509 | Cycle: 0.8768
Epoch 20/80 | Step 134400 | G: 1.3955 | D_A: 0.1662 | D_B: 0.2625 | Cycle: 0.7230
Epoch 20/80 | Step 134450 | G: 2.0477 | D_A: 0.1292 | D_B: 0.2084 | Cycle: 0.7865
Epoch 20/80 | Step 134500 | G: 2.3853 | D_A: 0.1434 | D_B: 0.0728 | Cycle: 0.8860
Epoch 20/80 | Step 134550 | G: 2.9762 | D_A: 0.1356 | D_B: 0.1389 | Cycle: 0.9841
Epoch 20/80 | Step 134600 | G: 2.4678 | D_A: 0.2426 | D_B: 0.0919 | Cycle: 1.0895
Epoch 20/80 | Step 134650 | G: 2.7331 | D_A: 0.1695 | D_B: 0.0702 | Cycle: 1.0316
Epoch 20/80 | Step 134700 | G: 1.6217 | D_A: 0.0739 | D_B: 0.0381 | Cycle: 0.8584
Epoch 20/80 | Step 134750 | G: 2.0945 | D_A: 0.1835 | D_B: 0.1333 | Cycle: 0.8995
Epoch 20/80 | Step 134800 | G: 1.7405 | D_A: 0.1725 | D_B: 0.1751 | Cycle: 0.6822
Epoch 20/80 | Step 134850 | G: 3.1523 | D_A: 0.1622 | D_B: 0.0997 | Cycle: 1.1018
Epoch 20/80 | Step 134900 | G: 2.9022 | D_A: 0.2280 | D_B: 0.1104 | Cycle: 0.9536
Epoch 20/80 | Step 134950 | G: 2.7734 | D_A: 0.1241 | D_B: 0.1228 | Cycle: 0.7829
Epoch 20/80 | Step 135000 | G: 2.1223 | D_A: 0.2504 | D_B: 0.0863 | Cycle: 0.7612
Epoch 20/80 | Step 135050 | G: 1.9657 | D_A: 0.1269 | D_B: 0.1230 | Cycle: 0.7946
Epoch 20/80 | Step 135100 | G: 2.5428 | D_A: 0.1014 | D_B: 0.0554 | Cycle: 1.0333
Epoch 20/80 | Step 135150 | G: 2.4728 | D_A: 0.1572 | D_B: 0.0784 | Cycle: 0.8916
Epoch 20/80 | Step 135200 | G: 3.6223 | D_A: 0.1286 | D_B: 0.1036 | Cycle: 1.1561
Epoch 20/80 | Step 135250 | G: 1.6250 | D_A: 0.1810 | D_B: 0.1978 | Cycle: 0.7337
Epoch 20/80 | Step 135300 | G: 2.1092 | D_A: 0.0813 | D_B: 0.0449 | Cycle: 0.8484
Epoch 20/80 | Step 135350 | G: 2.7332 | D_A: 0.1568 | D_B: 0.1870 | Cycle: 0.9701
Epoch 20/80 | Step 135400 | G: 2.5882 | D_A: 0.0561 | D_B: 0.0603 | Cycle: 0.8129
Epoch 20/80 | Step 135450 | G: 2.6155 | D_A: 0.1028 | D_B: 0.0417 | Cycle: 0.6802
Epoch 20/80 | Step 135500 | G: 2.5817 | D_A: 0.1188 | D_B: 0.0522 | Cycle: 0.7212
Epoch 20/80 | Step 135550 | G: 2.0758 | D_A: 0.0701 | D_B: 0.0869 | Cycle: 0.6843
Epoch 20/80 | Step 135600 | G: 1.7931 | D_A: 0.1542 | D_B: 0.1503 | Cycle: 0.7817
Epoch 20/80 | Step 135650 | G: 2.1337 | D_A: 0.1994 | D_B: 0.0782 | Cycle: 0.9480
Epoch 20/80 | Step 135700 | G: 1.8140 | D_A: 0.2756 | D_B: 0.1260 | Cycle: 0.7749
Epoch 20/80 | Step 135750 | G: 1.5668 | D_A: 0.2070 | D_B: 0.1994 | Cycle: 0.6911
Epoch 20/80 | Step 135800 | G: 1.8757 | D_A: 0.2020 | D_B: 0.0956 | Cycle: 0.7216
Epoch 20/80 | Step 135850 | G: 2.6567 | D_A: 0.0639 | D_B: 0.0953 | Cycle: 1.0484
Epoch 20/80 | Step 135900 | G: 2.4392 | D_A: 0.1982 | D_B: 0.1523 | Cycle: 0.7656
Epoch 20/80 | Step 135950 | G: 2.4964 | D_A: 0.1765 | D_B: 0.0925 | Cycle: 0.9585
Epoch 20/80 | Step 136000 | G: 2.6149 | D_A: 0.0577 | D_B: 0.1124 | Cycle: 1.0002
Epoch 20/80 | Step 136050 | G: 2.3806 | D_A: 0.2009 | D_B: 0.1063 | Cycle: 0.9744
Epoch 20/80 | Step 136100 | G: 2.7276 | D_A: 0.1876 | D_B: 0.1034 | Cycle: 1.0538
Epoch 20/80 | Step 136150 | G: 1.9716 | D_A: 0.2002 | D_B: 0.0964 | Cycle: 0.9238
Epoch 20/80 | Step 136200 | G: 1.8406 | D_A: 0.2037 | D_B: 0.1429 | Cycle: 0.7738
Epoch 20/80 | Step 136250 | G: 3.0194 | D_A: 0.2235 | D_B: 0.1682 | Cycle: 0.5844
Epoch 20/80 | Step 136300 | G: 1.9389 | D_A: 0.2061 | D_B: 0.0621 | Cycle: 0.9213
Epoch 20/80 | Step 136350 | G: 2.1284 | D_A: 0.1831 | D_B: 0.0964 | Cycle: 0.7745
Epoch 20/80 | Step 136400 | G: 2.2428 | D_A: 0.1972 | D_B: 0.0722 | Cycle: 0.7627
Epoch 20/80 | Step 136450 | G: 1.9828 | D_A: 0.1695 | D_B: 0.0674 | Cycle: 0.7812
Epoch 20/80 | Step 136500 | G: 1.8948 | D_A: 0.0831 | D_B: 0.0531 | Cycle: 0.9013
Epoch 20/80 | Step 136550 | G: 2.3447 | D_A: 0.3399 | D_B: 0.1515 | Cycle: 0.8627
Epoch 20/80 | Step 136600 | G: 3.0858 | D_A: 0.0608 | D_B: 0.0567 | Cycle: 0.7684
Epoch 20/80 | Step 136650 | G: 1.7265 | D_A: 0.2755 | D_B: 0.1272 | Cycle: 0.8040
Epoch 20/80 | Step 136700 | G: 2.7418 | D_A: 0.2293 | D_B: 0.0985 | Cycle: 0.8126
Epoch 20/80 | Step 136750 | G: 2.0796 | D_A: 0.1767 | D_B: 0.1093 | Cycle: 0.8787
Epoch 20/80 | Step 136800 | G: 1.9911 | D_A: 0.0953 | D_B: 0.1186 | Cycle: 0.6709
Epoch 20/80 | Step 136850 | G: 3.3798 | D_A: 0.0677 | D_B: 0.1125 | Cycle: 1.1088
Epoch 20/80 | Step 136900 | G: 2.5775 | D_A: 0.0796 | D_B: 0.0451 | Cycle: 0.9229
Epoch 20/80 | Step 136950 | G: 2.1385 | D_A: 0.3139 | D_B: 0.0423 | Cycle: 0.9104
Epoch 20/80 | Step 137000 | G: 1.8368 | D_A: 0.2339 | D_B: 0.0503 | Cycle: 0.7598
Epoch 20/80 | Step 137050 | G: 2.5271 | D_A: 0.1460 | D_B: 0.0635 | Cycle: 0.8060
Epoch 20/80 | Step 137100 | G: 1.9969 | D_A: 0.1993 | D_B: 0.0620 | Cycle: 0.8383
Epoch 20/80 | Step 137150 | G: 2.7988 | D_A: 0.0994 | D_B: 0.0646 | Cycle: 1.0018
Epoch 20/80 | Step 137200 | G: 1.4622 | D_A: 0.2417 | D_B: 0.1224 | Cycle: 0.7882
Epoch 20/80 | Step 137250 | G: 2.5705 | D_A: 0.1073 | D_B: 0.1659 | Cycle: 0.7787
Epoch 20/80 | Step 137300 | G: 2.0263 | D_A: 0.1094 | D_B: 0.0562 | Cycle: 0.9436
Epoch 20/80 | Step 137350 | G: 2.0745 | D_A: 0.3516 | D_B: 0.0770 | Cycle: 0.8529
Epoch 20/80 | Step 137400 | G: 2.2280 | D_A: 0.0994 | D_B: 0.1064 | Cycle: 0.7311
Epoch 20/80 | Step 137450 | G: 2.5600 | D_A: 0.1386 | D_B: 0.1921 | Cycle: 0.9557
Epoch 20/80 | Step 137500 | G: 2.5580 | D_A: 0.1909 | D_B: 0.0438 | Cycle: 0.8415
Epoch 20/80 | Step 137550 | G: 2.6160 | D_A: 0.2186 | D_B: 0.0555 | Cycle: 0.9201
Epoch 20/80 | Step 137600 | G: 2.0216 | D_A: 0.1400 | D_B: 0.1504 | Cycle: 0.7111
Epoch 20/80 | Step 137650 | G: 2.1466 | D_A: 0.1770 | D_B: 0.1721 | Cycle: 0.8360
Epoch 20/80 | Step 137700 | G: 1.7739 | D_A: 0.1804 | D_B: 0.1012 | Cycle: 0.6701
Epoch 20/80 | Step 137750 | G: 2.0067 | D_A: 0.0986 | D_B: 0.1487 | Cycle: 0.6361
Epoch 20/80 | Step 137800 | G: 2.7445 | D_A: 0.1805 | D_B: 0.1122 | Cycle: 1.0336
Epoch 20/80 | Step 137850 | G: 3.0078 | D_A: 0.1393 | D_B: 0.0454 | Cycle: 1.0971
Epoch 20/80 | Step 137900 | G: 1.7633 | D_A: 0.1269 | D_B: 0.1646 | Cycle: 0.7227
Epoch 20/80 | Step 137950 | G: 3.4516 | D_A: 0.2054 | D_B: 0.0662 | Cycle: 1.0944
Epoch 20/80 | Step 138000 | G: 1.8679 | D_A: 0.1503 | D_B: 0.0382 | Cycle: 0.8582
Epoch 20/80 | Step 138050 | G: 2.6083 | D_A: 0.0830 | D_B: 0.1541 | Cycle: 0.8794
Epoch 20/80 | Step 138100 | G: 2.0782 | D_A: 0.0815 | D_B: 0.1389 | Cycle: 0.6958
Epoch 20/80 | Step 138150 | G: 2.5926 | D_A: 0.1708 | D_B: 0.0623 | Cycle: 0.8931
Epoch 20/80 | Step 138200 | G: 1.6160 | D_A: 0.2854 | D_B: 0.0466 | Cycle: 0.7224
Epoch 20/80 | Step 138250 | G: 1.4877 | D_A: 0.1742 | D_B: 0.0273 | Cycle: 0.6611
Epoch 20/80 | Step 138300 | G: 2.2617 | D_A: 0.1989 | D_B: 0.0521 | Cycle: 0.6243
Epoch 20/80 | Step 138350 | G: 1.9899 | D_A: 0.1505 | D_B: 0.1669 | Cycle: 0.8834
Epoch 20/80 | Step 138400 | G: 1.7323 | D_A: 0.2697 | D_B: 0.1919 | Cycle: 0.7283
Epoch 20/80 | Step 138450 | G: 2.2872 | D_A: 0.1801 | D_B: 0.0997 | Cycle: 0.9438
Epoch 20/80 | Step 138500 | G: 2.7939 | D_A: 0.0455 | D_B: 0.0421 | Cycle: 1.0005
Epoch 20/80 | Step 138550 | G: 2.9007 | D_A: 0.1193 | D_B: 0.0777 | Cycle: 0.9076
Epoch 20/80 | Step 138600 | G: 2.5558 | D_A: 0.2621 | D_B: 0.0731 | Cycle: 0.8411
Epoch 20/80 | Step 138650 | G: 2.6095 | D_A: 0.2205 | D_B: 0.0605 | Cycle: 0.7478
Epoch 20/80 | Step 138700 | G: 1.6789 | D_A: 0.1754 | D_B: 0.2964 | Cycle: 0.8232
Epoch 20/80 | Step 138750 | G: 2.1178 | D_A: 0.1565 | D_B: 0.0501 | Cycle: 0.7753
Epoch 20/80 | Step 138800 | G: 2.1067 | D_A: 0.2435 | D_B: 0.1469 | Cycle: 0.7804
Epoch 20/80 | Step 138850 | G: 2.3983 | D_A: 0.0695 | D_B: 0.1685 | Cycle: 0.8947
Epoch 20/80 | Step 138900 | G: 2.4746 | D_A: 0.2200 | D_B: 0.1346 | Cycle: 0.8574
Epoch 20/80 | Step 138950 | G: 2.7910 | D_A: 0.1986 | D_B: 0.0620 | Cycle: 0.8749
Epoch 20/80 | Step 139000 | G: 1.8470 | D_A: 0.2114 | D_B: 0.1100 | Cycle: 0.6516
Epoch 20/80 | Step 139050 | G: 1.6467 | D_A: 0.1786 | D_B: 0.1880 | Cycle: 0.6393
Epoch 20/80 | Step 139100 | G: 2.7949 | D_A: 0.1602 | D_B: 0.0684 | Cycle: 1.0871
Epoch 20/80 | Step 139150 | G: 2.3024 | D_A: 0.2428 | D_B: 0.0856 | Cycle: 0.8187
Epoch 20/80 | Step 139200 | G: 2.2305 | D_A: 0.1324 | D_B: 0.0898 | Cycle: 0.7805
Epoch 20/80 | Step 139250 | G: 1.9014 | D_A: 0.2712 | D_B: 0.1007 | Cycle: 0.7040
Epoch 20/80 | Step 139300 | G: 2.6486 | D_A: 0.1428 | D_B: 0.0766 | Cycle: 0.9614
Epoch 20/80 | Step 139350 | G: 2.1154 | D_A: 0.1494 | D_B: 0.1670 | Cycle: 0.7536
Epoch 20/80 | Step 139400 | G: 2.6355 | D_A: 0.1974 | D_B: 0.0457 | Cycle: 1.0981
Epoch 20/80 | Step 139450 | G: 1.9481 | D_A: 0.1995 | D_B: 0.0716 | Cycle: 0.7476
Epoch 20/80 | Step 139500 | G: 1.7972 | D_A: 0.1359 | D_B: 0.0867 | Cycle: 0.6614
Epoch 20/80 | Step 139550 | G: 2.3541 | D_A: 0.3199 | D_B: 0.0808 | Cycle: 0.9554
Epoch 20/80 | Step 139600 | G: 2.6758 | D_A: 0.0986 | D_B: 0.0700 | Cycle: 0.8868
Epoch 20/80 | Step 139650 | G: 2.1176 | D_A: 0.2563 | D_B: 0.0925 | Cycle: 0.8580
Epoch 20/80 | Step 139700 | G: 2.3364 | D_A: 0.1830 | D_B: 0.0741 | Cycle: 0.7643
Epoch 20/80 | Step 139750 | G: 1.8870 | D_A: 0.0730 | D_B: 0.0833 | Cycle: 0.7243
Epoch 20/80 | Step 139800 | G: 2.6271 | D_A: 0.1420 | D_B: 0.0871 | Cycle: 1.0645
Epoch 20/80 | Step 139850 | G: 2.0124 | D_A: 0.1658 | D_B: 0.0395 | Cycle: 0.7873
Epoch 20/80 | Step 139900 | G: 1.9378 | D_A: 0.1450 | D_B: 0.0760 | Cycle: 0.6145
Epoch 20/80 | Step 139950 | G: 2.5974 | D_A: 0.1465 | D_B: 0.0971 | Cycle: 0.8609
Epoch 20/80 | Step 140000 | G: 2.3684 | D_A: 0.1656 | D_B: 0.0920 | Cycle: 0.9596
Epoch 20/80 | Step 140050 | G: 2.6452 | D_A: 0.1516 | D_B: 0.0621 | Cycle: 0.8195
Epoch 20/80 | Step 140100 | G: 2.4882 | D_A: 0.0964 | D_B: 0.0534 | Cycle: 0.8022
Epoch 20/80 | Step 140150 | G: 2.3310 | D_A: 0.1371 | D_B: 0.0302 | Cycle: 0.8425
Epoch 20/80 | Step 140200 | G: 2.4473 | D_A: 0.1169 | D_B: 0.1678 | Cycle: 0.7844
Epoch 20/80 | Step 140250 | G: 2.1581 | D_A: 0.2277 | D_B: 0.0871 | Cycle: 0.8246
Epoch 20/80 | Step 140300 | G: 2.6813 | D_A: 0.1060 | D_B: 0.1022 | Cycle: 0.9036
Epoch 20/80 | Step 140350 | G: 2.1791 | D_A: 0.2448 | D_B: 0.1491 | Cycle: 0.7818
Epoch 20/80 | Step 140400 | G: 1.5780 | D_A: 0.1244 | D_B: 0.1376 | Cycle: 0.6260
Epoch 20/80 | Step 140450 | G: 1.9561 | D_A: 0.2703 | D_B: 0.2450 | Cycle: 0.7508
Epoch 20/80 | Step 140500 | G: 1.8247 | D_A: 0.1514 | D_B: 0.0761 | Cycle: 0.9613
Epoch 20/80 | Step 140550 | G: 2.1243 | D_A: 0.1694 | D_B: 0.1447 | Cycle: 0.7193
Epoch 20/80 | Step 140600 | G: 1.7462 | D_A: 0.1661 | D_B: 0.1934 | Cycle: 0.6797
Epoch 20/80 | Step 140650 | G: 1.6000 | D_A: 0.2607 | D_B: 0.1440 | Cycle: 0.8363
Epoch 20/80 | Step 140700 | G: 2.5533 | D_A: 0.1164 | D_B: 0.0372 | Cycle: 0.8522
Epoch 20/80 | Step 140750 | G: 2.5917 | D_A: 0.1457 | D_B: 0.2155 | Cycle: 1.1227
Epoch 20/80 complete | Time: 436s | Avg G: 2.2286 | Avg D: 0.1397
Saved checkpoint: /content/drive/MyDrive/DATA266_Lab1/task3_gan/shreya_akotiya/checkpoints/t3_shreya_unet_128_20261002_023102_epoch020.pt
Epoch 21/80 | Step 140800 | G: 2.6611 | D_A: 0.1325 | D_B: 0.1142 | Cycle: 0.7907
Epoch 21/80 | Step 140850 | G: 3.3054 | D_A: 0.1333 | D_B: 0.0537 | Cycle: 1.1102
Epoch 21/80 | Step 140900 | G: 2.2684 | D_A: 0.1979 | D_B: 0.0389 | Cycle: 0.7854
Epoch 21/80 | Step 140950 | G: 1.4924 | D_A: 0.1746 | D_B: 0.1857 | Cycle: 0.7401
Epoch 21/80 | Step 141000 | G: 2.8831 | D_A: 0.1659 | D_B: 0.1027 | Cycle: 0.9042
Epoch 21/80 | Step 141050 | G: 2.9231 | D_A: 0.0759 | D_B: 0.0450 | Cycle: 1.0378
Epoch 21/80 | Step 141100 | G: 3.2767 | D_A: 0.1005 | D_B: 0.0752 | Cycle: 1.1962
Epoch 21/80 | Step 141150 | G: 2.7421 | D_A: 0.2162 | D_B: 0.0849 | Cycle: 0.9901
Epoch 21/80 | Step 141200 | G: 3.2750 | D_A: 0.1189 | D_B: 0.0965 | Cycle: 0.9478
Epoch 21/80 | Step 141250 | G: 2.0116 | D_A: 0.1648 | D_B: 0.0752 | Cycle: 0.9091
Epoch 21/80 | Step 141300 | G: 2.2514 | D_A: 0.0479 | D_B: 0.0897 | Cycle: 0.7731
Epoch 21/80 | Step 141350 | G: 1.9357 | D_A: 0.2495 | D_B: 0.1513 | Cycle: 0.7830
Epoch 21/80 | Step 141400 | G: 1.5655 | D_A: 0.1156 | D_B: 0.1615 | Cycle: 0.7081
Epoch 21/80 | Step 141450 | G: 1.4928 | D_A: 0.1880 | D_B: 0.1020 | Cycle: 0.7367
Epoch 21/80 | Step 141500 | G: 2.0654 | D_A: 0.1300 | D_B: 0.0893 | Cycle: 0.8068
Epoch 21/80 | Step 141550 | G: 1.9476 | D_A: 0.0822 | D_B: 0.0826 | Cycle: 0.7575
Epoch 21/80 | Step 141600 | G: 2.5973 | D_A: 0.1195 | D_B: 0.0585 | Cycle: 0.9034
Epoch 21/80 | Step 141650 | G: 2.0392 | D_A: 0.4300 | D_B: 0.1859 | Cycle: 0.9785
Epoch 21/80 | Step 141700 | G: 2.4009 | D_A: 0.2193 | D_B: 0.0246 | Cycle: 0.8556
Epoch 21/80 | Step 141750 | G: 1.9704 | D_A: 0.2991 | D_B: 0.1868 | Cycle: 0.8049
Epoch 21/80 | Step 141800 | G: 2.6716 | D_A: 0.1043 | D_B: 0.0505 | Cycle: 0.7942
Epoch 21/80 | Step 141850 | G: 2.5079 | D_A: 0.1544 | D_B: 0.0801 | Cycle: 0.7379
Epoch 21/80 | Step 141900 | G: 3.2530 | D_A: 0.2975 | D_B: 0.0338 | Cycle: 0.9476
Epoch 21/80 | Step 141950 | G: 1.8718 | D_A: 0.2592 | D_B: 0.0467 | Cycle: 0.7584
Epoch 21/80 | Step 142000 | G: 2.0499 | D_A: 0.2639 | D_B: 0.1988 | Cycle: 0.8165
Epoch 21/80 | Step 142050 | G: 1.9050 | D_A: 0.1541 | D_B: 0.0733 | Cycle: 0.8427
Epoch 21/80 | Step 142100 | G: 2.4770 | D_A: 0.1278 | D_B: 0.1570 | Cycle: 1.2282
Epoch 21/80 | Step 142150 | G: 2.3039 | D_A: 0.2165 | D_B: 0.0730 | Cycle: 0.8052
Epoch 21/80 | Step 142200 | G: 2.1942 | D_A: 0.1287 | D_B: 0.2180 | Cycle: 0.7561
Epoch 21/80 | Step 142250 | G: 2.0001 | D_A: 0.1754 | D_B: 0.0384 | Cycle: 0.6662
Epoch 21/80 | Step 142300 | G: 2.5432 | D_A: 0.3213 | D_B: 0.0346 | Cycle: 0.8695
Epoch 21/80 | Step 142350 | G: 2.1192 | D_A: 0.1142 | D_B: 0.1004 | Cycle: 0.7744
Epoch 21/80 | Step 142400 | G: 2.1520 | D_A: 0.1528 | D_B: 0.0492 | Cycle: 0.7286
Epoch 21/80 | Step 142450 | G: 2.8136 | D_A: 0.0914 | D_B: 0.0323 | Cycle: 1.0269
Epoch 21/80 | Step 142500 | G: 2.5868 | D_A: 0.2670 | D_B: 0.1427 | Cycle: 0.8714
Epoch 21/80 | Step 142550 | G: 2.0582 | D_A: 0.1356 | D_B: 0.1053 | Cycle: 0.6483
Epoch 21/80 | Step 142600 | G: 2.8800 | D_A: 0.1655 | D_B: 0.1145 | Cycle: 0.8393
Epoch 21/80 | Step 142650 | G: 1.9252 | D_A: 0.2079 | D_B: 0.1419 | Cycle: 0.7707
Epoch 21/80 | Step 142700 | G: 2.5396 | D_A: 0.2614 | D_B: 0.2792 | Cycle: 0.9095
Epoch 21/80 | Step 142750 | G: 1.8995 | D_A: 0.1300 | D_B: 0.2250 | Cycle: 0.9862
Epoch 21/80 | Step 142800 | G: 1.4681 | D_A: 0.2651 | D_B: 0.2441 | Cycle: 0.6893
Epoch 21/80 | Step 142850 | G: 1.9306 | D_A: 0.0902 | D_B: 0.0912 | Cycle: 0.8992
Epoch 21/80 | Step 142900 | G: 2.1846 | D_A: 0.1325 | D_B: 0.1590 | Cycle: 0.7747
Epoch 21/80 | Step 142950 | G: 2.0239 | D_A: 0.2392 | D_B: 0.0702 | Cycle: 0.7841
Epoch 21/80 | Step 143000 | G: 2.7830 | D_A: 0.2529 | D_B: 0.0567 | Cycle: 1.0063
Epoch 21/80 | Step 143050 | G: 2.0024 | D_A: 0.2270 | D_B: 0.1616 | Cycle: 0.9963
Epoch 21/80 | Step 143100 | G: 2.5623 | D_A: 0.1203 | D_B: 0.0471 | Cycle: 0.6731
Epoch 21/80 | Step 143150 | G: 2.4983 | D_A: 0.2044 | D_B: 0.0364 | Cycle: 1.0926
Epoch 21/80 | Step 143200 | G: 1.8067 | D_A: 0.2439 | D_B: 0.0436 | Cycle: 0.8676
Epoch 21/80 | Step 143250 | G: 2.7876 | D_A: 0.0754 | D_B: 0.0652 | Cycle: 1.0014
Epoch 21/80 | Step 143300 | G: 2.4279 | D_A: 0.3109 | D_B: 0.0695 | Cycle: 0.7785
Epoch 21/80 | Step 143350 | G: 2.5513 | D_A: 0.2854 | D_B: 0.0940 | Cycle: 1.0954
Epoch 21/80 | Step 143400 | G: 1.9644 | D_A: 0.1617 | D_B: 0.0450 | Cycle: 0.7396
Epoch 21/80 | Step 143450 | G: 1.8339 | D_A: 0.2420 | D_B: 0.1000 | Cycle: 0.5863
Epoch 21/80 | Step 143500 | G: 2.2269 | D_A: 0.1844 | D_B: 0.0377 | Cycle: 0.8896
Epoch 21/80 | Step 143550 | G: 1.8661 | D_A: 0.1577 | D_B: 0.1225 | Cycle: 0.7745
Epoch 21/80 | Step 143600 | G: 1.7617 | D_A: 0.1306 | D_B: 0.1432 | Cycle: 0.7776
Epoch 21/80 | Step 143650 | G: 2.4633 | D_A: 0.1201 | D_B: 0.0749 | Cycle: 1.0161
Epoch 21/80 | Step 143700 | G: 2.5341 | D_A: 0.2159 | D_B: 0.1035 | Cycle: 0.9024
Epoch 21/80 | Step 143750 | G: 2.3544 | D_A: 0.1444 | D_B: 0.0695 | Cycle: 0.8240
Epoch 21/80 | Step 143800 | G: 2.1783 | D_A: 0.1846 | D_B: 0.0479 | Cycle: 0.8678
Epoch 21/80 | Step 143850 | G: 1.9699 | D_A: 0.1285 | D_B: 0.0433 | Cycle: 0.7719
Epoch 21/80 | Step 143900 | G: 1.7715 | D_A: 0.2760 | D_B: 0.0748 | Cycle: 0.7115
Epoch 21/80 | Step 143950 | G: 1.9561 | D_A: 0.2335 | D_B: 0.1055 | Cycle: 0.6662
Epoch 21/80 | Step 144000 | G: 2.8484 | D_A: 0.1213 | D_B: 0.1726 | Cycle: 1.0567
Epoch 21/80 | Step 144050 | G: 2.2563 | D_A: 0.2800 | D_B: 0.0690 | Cycle: 0.8569
Epoch 21/80 | Step 144100 | G: 1.5443 | D_A: 0.1787 | D_B: 0.2315 | Cycle: 0.6851
Epoch 21/80 | Step 144150 | G: 1.9029 | D_A: 0.2631 | D_B: 0.0865 | Cycle: 0.7528
Epoch 21/80 | Step 144200 | G: 1.7135 | D_A: 0.2636 | D_B: 0.1473 | Cycle: 0.6743
Epoch 21/80 | Step 144250 | G: 1.4324 | D_A: 0.1464 | D_B: 0.0493 | Cycle: 0.6748
Epoch 21/80 | Step 144300 | G: 1.8451 | D_A: 0.3796 | D_B: 0.1074 | Cycle: 0.8965
Epoch 21/80 | Step 144350 | G: 1.8573 | D_A: 0.1326 | D_B: 0.0569 | Cycle: 0.7903
Epoch 21/80 | Step 144400 | G: 2.8878 | D_A: 0.0383 | D_B: 0.0216 | Cycle: 1.0834
Epoch 21/80 | Step 144450 | G: 2.7595 | D_A: 0.0734 | D_B: 0.0500 | Cycle: 1.0132
Epoch 21/80 | Step 144500 | G: 2.0625 | D_A: 0.1395 | D_B: 0.1925 | Cycle: 1.0181
Epoch 21/80 | Step 144550 | G: 2.3687 | D_A: 0.1055 | D_B: 0.1107 | Cycle: 0.8458
Epoch 21/80 | Step 144600 | G: 2.0774 | D_A: 0.1090 | D_B: 0.0896 | Cycle: 0.8146
Epoch 21/80 | Step 144650 | G: 2.0897 | D_A: 0.1290 | D_B: 0.0958 | Cycle: 0.8115
Epoch 21/80 | Step 144700 | G: 1.9894 | D_A: 0.2700 | D_B: 0.0829 | Cycle: 0.7707
Epoch 21/80 | Step 144750 | G: 2.5313 | D_A: 0.1640 | D_B: 0.0708 | Cycle: 0.7348
Epoch 21/80 | Step 144800 | G: 2.8925 | D_A: 0.3193 | D_B: 0.0395 | Cycle: 1.0275
Epoch 21/80 | Step 144850 | G: 2.3267 | D_A: 0.2098 | D_B: 0.0988 | Cycle: 0.6568
Epoch 21/80 | Step 144900 | G: 2.1146 | D_A: 0.2239 | D_B: 0.0500 | Cycle: 0.9168
Epoch 21/80 | Step 144950 | G: 2.4777 | D_A: 0.1897 | D_B: 0.0770 | Cycle: 0.9421
Epoch 21/80 | Step 145000 | G: 3.3386 | D_A: 0.1137 | D_B: 0.0922 | Cycle: 1.0441
Epoch 21/80 | Step 145050 | G: 1.8320 | D_A: 0.2089 | D_B: 0.0400 | Cycle: 0.6548
Epoch 21/80 | Step 145100 | G: 1.9461 | D_A: 0.2481 | D_B: 0.0795 | Cycle: 0.8135
Epoch 21/80 | Step 145150 | G: 2.5926 | D_A: 0.0809 | D_B: 0.0956 | Cycle: 1.1351
Epoch 21/80 | Step 145200 | G: 1.8789 | D_A: 0.1433 | D_B: 0.1841 | Cycle: 0.6589
Epoch 21/80 | Step 145250 | G: 2.2584 | D_A: 0.1159 | D_B: 0.0568 | Cycle: 0.7828
Epoch 21/80 | Step 145300 | G: 2.1842 | D_A: 0.0717 | D_B: 0.0426 | Cycle: 0.8174
Epoch 21/80 | Step 145350 | G: 2.5153 | D_A: 0.0274 | D_B: 0.1092 | Cycle: 0.6754
Epoch 21/80 | Step 145400 | G: 2.1744 | D_A: 0.1377 | D_B: 0.0655 | Cycle: 0.8787
Epoch 21/80 | Step 145450 | G: 2.2701 | D_A: 0.2383 | D_B: 0.1373 | Cycle: 0.9559
Epoch 21/80 | Step 145500 | G: 2.0224 | D_A: 0.1461 | D_B: 0.1205 | Cycle: 0.8933
Epoch 21/80 | Step 145550 | G: 2.1756 | D_A: 0.2009 | D_B: 0.0956 | Cycle: 0.8167
Epoch 21/80 | Step 145600 | G: 1.8727 | D_A: 0.1213 | D_B: 0.1013 | Cycle: 0.8038
Epoch 21/80 | Step 145650 | G: 2.1181 | D_A: 0.1405 | D_B: 0.0366 | Cycle: 0.7891
Epoch 21/80 | Step 145700 | G: 1.7237 | D_A: 0.1827 | D_B: 0.0278 | Cycle: 0.6054
Epoch 21/80 | Step 145750 | G: 1.8354 | D_A: 0.1659 | D_B: 0.0902 | Cycle: 0.8733
Epoch 21/80 | Step 145800 | G: 1.9603 | D_A: 0.1729 | D_B: 0.1902 | Cycle: 0.8534
Epoch 21/80 | Step 145850 | G: 1.9899 | D_A: 0.2086 | D_B: 0.1291 | Cycle: 0.7241
Epoch 21/80 | Step 145900 | G: 2.6706 | D_A: 0.1129 | D_B: 0.1090 | Cycle: 0.8788
Epoch 21/80 | Step 145950 | G: 2.0436 | D_A: 0.1437 | D_B: 0.1753 | Cycle: 0.6685
Epoch 21/80 | Step 146000 | G: 1.9251 | D_A: 0.1396 | D_B: 0.2011 | Cycle: 0.9825
Epoch 21/80 | Step 146050 | G: 1.7313 | D_A: 0.1238 | D_B: 0.1606 | Cycle: 0.5859
Epoch 21/80 | Step 146100 | G: 2.5114 | D_A: 0.3198 | D_B: 0.0910 | Cycle: 0.9769
Epoch 21/80 | Step 146150 | G: 3.1545 | D_A: 0.1999 | D_B: 0.0962 | Cycle: 0.8398
Epoch 21/80 | Step 146200 | G: 1.8127 | D_A: 0.2434 | D_B: 0.0666 | Cycle: 0.7264
Epoch 21/80 | Step 146250 | G: 1.8400 | D_A: 0.1740 | D_B: 0.0587 | Cycle: 0.9200
Epoch 21/80 | Step 146300 | G: 2.6272 | D_A: 0.0866 | D_B: 0.1149 | Cycle: 0.7481
Epoch 21/80 | Step 146350 | G: 2.6301 | D_A: 0.0869 | D_B: 0.0777 | Cycle: 0.9330
Epoch 21/80 | Step 146400 | G: 2.5347 | D_A: 0.1205 | D_B: 0.0820 | Cycle: 0.7783
Epoch 21/80 | Step 146450 | G: 2.7915 | D_A: 0.1576 | D_B: 0.0396 | Cycle: 0.9991
Epoch 21/80 | Step 146500 | G: 2.5349 | D_A: 0.0930 | D_B: 0.1684 | Cycle: 0.8226
Epoch 21/80 | Step 146550 | G: 2.3522 | D_A: 0.1814 | D_B: 0.0852 | Cycle: 0.7678
Epoch 21/80 | Step 146600 | G: 2.3338 | D_A: 0.1277 | D_B: 0.0572 | Cycle: 0.6276
Epoch 21/80 | Step 146650 | G: 1.9450 | D_A: 0.1000 | D_B: 0.0859 | Cycle: 0.8591
Epoch 21/80 | Step 146700 | G: 2.3277 | D_A: 0.2652 | D_B: 0.1105 | Cycle: 0.8821
Epoch 21/80 | Step 146750 | G: 2.7620 | D_A: 0.0825 | D_B: 0.0406 | Cycle: 0.8408
Epoch 21/80 | Step 146800 | G: 2.6921 | D_A: 0.0554 | D_B: 0.0977 | Cycle: 0.8984
Epoch 21/80 | Step 146850 | G: 2.2094 | D_A: 0.1489 | D_B: 0.0875 | Cycle: 0.7673
Epoch 21/80 | Step 146900 | G: 2.3278 | D_A: 0.0783 | D_B: 0.2229 | Cycle: 0.6652
Epoch 21/80 | Step 146950 | G: 2.0605 | D_A: 0.1733 | D_B: 0.0324 | Cycle: 0.8476
Epoch 21/80 | Step 147000 | G: 2.1172 | D_A: 0.1209 | D_B: 0.1911 | Cycle: 0.7837
Epoch 21/80 | Step 147050 | G: 1.7581 | D_A: 0.0857 | D_B: 0.1791 | Cycle: 0.7484
Epoch 21/80 | Step 147100 | G: 3.5039 | D_A: 0.1040 | D_B: 0.1058 | Cycle: 0.9088
Epoch 21/80 | Step 147150 | G: 2.8717 | D_A: 0.1790 | D_B: 0.0382 | Cycle: 0.7882
Epoch 21/80 | Step 147200 | G: 1.7255 | D_A: 0.0607 | D_B: 0.1318 | Cycle: 0.6859
Epoch 21/80 | Step 147250 | G: 1.9946 | D_A: 0.0604 | D_B: 0.1343 | Cycle: 0.8878
Epoch 21/80 | Step 147300 | G: 2.7944 | D_A: 0.2755 | D_B: 0.0592 | Cycle: 1.1585
Epoch 21/80 | Step 147350 | G: 1.8058 | D_A: 0.1057 | D_B: 0.1457 | Cycle: 0.8237
Epoch 21/80 | Step 147400 | G: 2.2114 | D_A: 0.1419 | D_B: 0.0566 | Cycle: 0.8286
Epoch 21/80 | Step 147450 | G: 1.8390 | D_A: 0.1733 | D_B: 0.0734 | Cycle: 0.8043
Epoch 21/80 | Step 147500 | G: 2.3008 | D_A: 0.0788 | D_B: 0.1038 | Cycle: 0.7742
Epoch 21/80 | Step 147550 | G: 1.9007 | D_A: 0.2052 | D_B: 0.1051 | Cycle: 0.6083
Epoch 21/80 | Step 147600 | G: 2.8357 | D_A: 0.3370 | D_B: 0.1756 | Cycle: 1.0711
Epoch 21/80 | Step 147650 | G: 1.7844 | D_A: 0.2572 | D_B: 0.0327 | Cycle: 0.8254
Epoch 21/80 | Step 147700 | G: 2.8425 | D_A: 0.2733 | D_B: 0.0381 | Cycle: 0.9896
Epoch 21/80 | Step 147750 | G: 2.4788 | D_A: 0.1278 | D_B: 0.0874 | Cycle: 0.9269
Epoch 21/80 complete | Time: 430s | Avg G: 2.2502 | Avg D: 0.1347
Epoch 22/80 | Step 147800 | G: 2.5050 | D_A: 0.1460 | D_B: 0.1249 | Cycle: 1.0270
Epoch 22/80 | Step 147850 | G: 1.9499 | D_A: 0.2144 | D_B: 0.0382 | Cycle: 0.8400
Epoch 22/80 | Step 147900 | G: 2.2922 | D_A: 0.1308 | D_B: 0.0643 | Cycle: 1.0357
Epoch 22/80 | Step 147950 | G: 1.9471 | D_A: 0.2796 | D_B: 0.0329 | Cycle: 0.9299
Epoch 22/80 | Step 148000 | G: 2.2504 | D_A: 0.2135 | D_B: 0.0542 | Cycle: 0.8672
Epoch 22/80 | Step 148050 | G: 3.4689 | D_A: 0.1763 | D_B: 0.1369 | Cycle: 0.9492
Epoch 22/80 | Step 148100 | G: 2.2309 | D_A: 0.0694 | D_B: 0.0799 | Cycle: 0.8069
Epoch 22/80 | Step 148150 | G: 1.9964 | D_A: 0.1210 | D_B: 0.1520 | Cycle: 0.7613
Epoch 22/80 | Step 148200 | G: 2.7432 | D_A: 0.1524 | D_B: 0.2019 | Cycle: 0.6519
Epoch 22/80 | Step 148250 | G: 1.9651 | D_A: 0.2033 | D_B: 0.0512 | Cycle: 0.8254
Epoch 22/80 | Step 148300 | G: 2.6061 | D_A: 0.1675 | D_B: 0.1000 | Cycle: 0.7779
Epoch 22/80 | Step 148350 | G: 1.6909 | D_A: 0.1348 | D_B: 0.0515 | Cycle: 0.7575
Epoch 22/80 | Step 148400 | G: 2.2281 | D_A: 0.2065 | D_B: 0.1063 | Cycle: 0.8331
Epoch 22/80 | Step 148450 | G: 2.4934 | D_A: 0.0842 | D_B: 0.0611 | Cycle: 0.7965
Epoch 22/80 | Step 148500 | G: 1.9529 | D_A: 0.1539 | D_B: 0.0825 | Cycle: 0.7118
Epoch 22/80 | Step 148550 | G: 1.7246 | D_A: 0.1020 | D_B: 0.1626 | Cycle: 0.7712
Epoch 22/80 | Step 148600 | G: 2.6761 | D_A: 0.2514 | D_B: 0.0980 | Cycle: 0.9509
Epoch 22/80 | Step 148650 | G: 2.7878 | D_A: 0.3313 | D_B: 0.0704 | Cycle: 0.9460
Epoch 22/80 | Step 148700 | G: 2.4417 | D_A: 0.1509 | D_B: 0.0792 | Cycle: 0.9484
Epoch 22/80 | Step 148750 | G: 2.3742 | D_A: 0.0594 | D_B: 0.0793 | Cycle: 0.8210
Epoch 22/80 | Step 148800 | G: 2.8270 | D_A: 0.1653 | D_B: 0.0395 | Cycle: 1.1517
Epoch 22/80 | Step 148850 | G: 2.0128 | D_A: 0.2817 | D_B: 0.1412 | Cycle: 0.7882
Epoch 22/80 | Step 148900 | G: 1.8901 | D_A: 0.1616 | D_B: 0.0426 | Cycle: 0.9185
Epoch 22/80 | Step 148950 | G: 2.3406 | D_A: 0.2865 | D_B: 0.2916 | Cycle: 0.8439
Epoch 22/80 | Step 149000 | G: 2.4874 | D_A: 0.3269 | D_B: 0.0856 | Cycle: 0.7433
Epoch 22/80 | Step 149050 | G: 2.3033 | D_A: 0.0600 | D_B: 0.0295 | Cycle: 0.6857
Epoch 22/80 | Step 149100 | G: 1.9545 | D_A: 0.1382 | D_B: 0.0393 | Cycle: 0.7675
Epoch 22/80 | Step 149150 | G: 2.1395 | D_A: 0.1589 | D_B: 0.1081 | Cycle: 0.8110
Epoch 22/80 | Step 149200 | G: 2.6175 | D_A: 0.0455 | D_B: 0.1168 | Cycle: 0.8874
Epoch 22/80 | Step 149250 | G: 2.2288 | D_A: 0.1488 | D_B: 0.0403 | Cycle: 0.8350
Epoch 22/80 | Step 149300 | G: 1.5759 | D_A: 0.1963 | D_B: 0.2067 | Cycle: 0.7974
Epoch 22/80 | Step 149350 | G: 1.8769 | D_A: 0.1268 | D_B: 0.1015 | Cycle: 0.7064
Epoch 22/80 | Step 149400 | G: 1.8709 | D_A: 0.2406 | D_B: 0.0906 | Cycle: 0.6304
Epoch 22/80 | Step 149450 | G: 1.9095 | D_A: 0.0942 | D_B: 0.1017 | Cycle: 0.6692
Epoch 22/80 | Step 149500 | G: 2.9755 | D_A: 0.1542 | D_B: 0.1138 | Cycle: 0.8351
Epoch 22/80 | Step 149550 | G: 1.9109 | D_A: 0.2126 | D_B: 0.1650 | Cycle: 0.6851
Epoch 22/80 | Step 149600 | G: 2.4372 | D_A: 0.1695 | D_B: 0.1263 | Cycle: 0.9553
Epoch 22/80 | Step 149650 | G: 2.2072 | D_A: 0.0994 | D_B: 0.2055 | Cycle: 0.8297
Epoch 22/80 | Step 149700 | G: 3.1018 | D_A: 0.1094 | D_B: 0.0490 | Cycle: 0.9359
Epoch 22/80 | Step 149750 | G: 2.9119 | D_A: 0.0531 | D_B: 0.1119 | Cycle: 1.0739
Epoch 22/80 | Step 149800 | G: 2.0403 | D_A: 0.2304 | D_B: 0.1923 | Cycle: 0.7685
Epoch 22/80 | Step 149850 | G: 2.9811 | D_A: 0.1265 | D_B: 0.0463 | Cycle: 0.8248
Epoch 22/80 | Step 149900 | G: 1.9836 | D_A: 0.2213 | D_B: 0.0322 | Cycle: 0.6044
Epoch 22/80 | Step 149950 | G: 2.5323 | D_A: 0.1185 | D_B: 0.0562 | Cycle: 0.7322
Epoch 22/80 | Step 150000 | G: 1.8907 | D_A: 0.3389 | D_B: 0.1103 | Cycle: 0.7578
Epoch 22/80 | Step 150050 | G: 1.8036 | D_A: 0.1135 | D_B: 0.1596 | Cycle: 0.7447
Epoch 22/80 | Step 150100 | G: 1.9599 | D_A: 0.2164 | D_B: 0.0841 | Cycle: 0.6586
Epoch 22/80 | Step 150150 | G: 2.1074 | D_A: 0.0802 | D_B: 0.1254 | Cycle: 0.8320
Epoch 22/80 | Step 150200 | G: 2.7447 | D_A: 0.0816 | D_B: 0.1185 | Cycle: 0.7357
Epoch 22/80 | Step 150250 | G: 2.5949 | D_A: 0.2233 | D_B: 0.0599 | Cycle: 0.8993
Epoch 22/80 | Step 150300 | G: 2.0357 | D_A: 0.3112 | D_B: 0.0664 | Cycle: 0.7887
Epoch 22/80 | Step 150350 | G: 2.3572 | D_A: 0.1219 | D_B: 0.0806 | Cycle: 0.9595
Epoch 22/80 | Step 150400 | G: 1.8530 | D_A: 0.2013 | D_B: 0.0725 | Cycle: 0.7569
Epoch 22/80 | Step 150450 | G: 2.5856 | D_A: 0.0679 | D_B: 0.0295 | Cycle: 0.9273
Epoch 22/80 | Step 150500 | G: 1.6348 | D_A: 0.1063 | D_B: 0.1492 | Cycle: 0.7511
Epoch 22/80 | Step 150550 | G: 2.0308 | D_A: 0.1258 | D_B: 0.0313 | Cycle: 0.7543
Epoch 22/80 | Step 150600 | G: 1.9921 | D_A: 0.1601 | D_B: 0.1494 | Cycle: 0.8991
Epoch 22/80 | Step 150650 | G: 2.7899 | D_A: 0.1575 | D_B: 0.0363 | Cycle: 0.7591
Epoch 22/80 | Step 150700 | G: 2.0418 | D_A: 0.2659 | D_B: 0.2285 | Cycle: 0.8955
Epoch 22/80 | Step 150750 | G: 2.5494 | D_A: 0.1092 | D_B: 0.1113 | Cycle: 0.8166
Epoch 22/80 | Step 150800 | G: 2.4193 | D_A: 0.2303 | D_B: 0.0585 | Cycle: 0.7322
Epoch 22/80 | Step 150850 | G: 2.1250 | D_A: 0.2392 | D_B: 0.0874 | Cycle: 0.7928
Epoch 22/80 | Step 150900 | G: 2.4117 | D_A: 0.1253 | D_B: 0.0607 | Cycle: 0.7550
Epoch 22/80 | Step 150950 | G: 2.6269 | D_A: 0.1368 | D_B: 0.0947 | Cycle: 1.0341
Epoch 22/80 | Step 151000 | G: 2.0344 | D_A: 0.1127 | D_B: 0.0768 | Cycle: 0.7503
Epoch 22/80 | Step 151050 | G: 2.1622 | D_A: 0.2116 | D_B: 0.1027 | Cycle: 0.9842
Epoch 22/80 | Step 151100 | G: 1.8289 | D_A: 0.1878 | D_B: 0.1080 | Cycle: 0.6485
Epoch 22/80 | Step 151150 | G: 2.1037 | D_A: 0.1566 | D_B: 0.0889 | Cycle: 0.6519
Epoch 22/80 | Step 151200 | G: 2.6919 | D_A: 0.2221 | D_B: 0.3477 | Cycle: 0.9171
Epoch 22/80 | Step 151250 | G: 3.2948 | D_A: 0.1136 | D_B: 0.0464 | Cycle: 1.0268
Epoch 22/80 | Step 151300 | G: 2.0312 | D_A: 0.1847 | D_B: 0.0458 | Cycle: 0.9135
Epoch 22/80 | Step 151350 | G: 1.7977 | D_A: 0.0506 | D_B: 0.1680 | Cycle: 0.6856
Epoch 22/80 | Step 151400 | G: 1.9587 | D_A: 0.2751 | D_B: 0.1259 | Cycle: 0.7049
Epoch 22/80 | Step 151450 | G: 1.8823 | D_A: 0.1794 | D_B: 0.0738 | Cycle: 0.6100
Epoch 22/80 | Step 151500 | G: 3.3735 | D_A: 0.2187 | D_B: 0.0745 | Cycle: 0.9216
Epoch 22/80 | Step 151550 | G: 1.5918 | D_A: 0.0855 | D_B: 0.1955 | Cycle: 0.7497
Epoch 22/80 | Step 151600 | G: 2.1167 | D_A: 0.0932 | D_B: 0.1112 | Cycle: 0.9094
Epoch 22/80 | Step 151650 | G: 3.0366 | D_A: 0.1134 | D_B: 0.0852 | Cycle: 1.2293
Epoch 22/80 | Step 151700 | G: 2.3820 | D_A: 0.0738 | D_B: 0.0652 | Cycle: 0.7344
Epoch 22/80 | Step 151750 | G: 2.2395 | D_A: 0.0977 | D_B: 0.0530 | Cycle: 0.6853
Epoch 22/80 | Step 151800 | G: 2.8999 | D_A: 0.1325 | D_B: 0.0664 | Cycle: 0.9807
Epoch 22/80 | Step 151850 | G: 3.4572 | D_A: 0.2669 | D_B: 0.1561 | Cycle: 1.1913
Epoch 22/80 | Step 151900 | G: 2.4286 | D_A: 0.1586 | D_B: 0.0901 | Cycle: 1.0048
Epoch 22/80 | Step 151950 | G: 2.2719 | D_A: 0.1926 | D_B: 0.0883 | Cycle: 0.8042
Epoch 22/80 | Step 152000 | G: 1.8154 | D_A: 0.1139 | D_B: 0.0478 | Cycle: 0.7745
Epoch 22/80 | Step 152050 | G: 2.6762 | D_A: 0.0931 | D_B: 0.0846 | Cycle: 0.7830
Epoch 22/80 | Step 152100 | G: 2.3144 | D_A: 0.1627 | D_B: 0.0654 | Cycle: 0.8801
Epoch 22/80 | Step 152150 | G: 2.6022 | D_A: 0.1229 | D_B: 0.0556 | Cycle: 0.7967
Epoch 22/80 | Step 152200 | G: 2.0373 | D_A: 0.2663 | D_B: 0.1044 | Cycle: 0.9573
Epoch 22/80 | Step 152250 | G: 1.8386 | D_A: 0.0716 | D_B: 0.0984 | Cycle: 0.8253
Epoch 22/80 | Step 152300 | G: 2.3318 | D_A: 0.1384 | D_B: 0.0766 | Cycle: 0.8079
Epoch 22/80 | Step 152350 | G: 2.6514 | D_A: 0.1066 | D_B: 0.0780 | Cycle: 0.7466
Epoch 22/80 | Step 152400 | G: 1.9360 | D_A: 0.1910 | D_B: 0.0896 | Cycle: 0.6316
Epoch 22/80 | Step 152450 | G: 2.6168 | D_A: 0.1739 | D_B: 0.0500 | Cycle: 0.9535
Epoch 22/80 | Step 152500 | G: 1.5570 | D_A: 0.1890 | D_B: 0.1603 | Cycle: 0.7385
Epoch 22/80 | Step 152550 | G: 2.1145 | D_A: 0.2492 | D_B: 0.1059 | Cycle: 0.8545
Epoch 22/80 | Step 152600 | G: 2.4158 | D_A: 0.1215 | D_B: 0.0668 | Cycle: 0.8180
Epoch 22/80 | Step 152650 | G: 2.5930 | D_A: 0.1830 | D_B: 0.1327 | Cycle: 0.6828
Epoch 22/80 | Step 152700 | G: 2.3262 | D_A: 0.2606 | D_B: 0.0370 | Cycle: 0.9586
Epoch 22/80 | Step 152750 | G: 1.6142 | D_A: 0.2047 | D_B: 0.0641 | Cycle: 0.7799
Epoch 22/80 | Step 152800 | G: 2.5756 | D_A: 0.2727 | D_B: 0.0839 | Cycle: 0.9952
Epoch 22/80 | Step 152850 | G: 2.1002 | D_A: 0.1140 | D_B: 0.0885 | Cycle: 0.7173
Epoch 22/80 | Step 152900 | G: 1.2818 | D_A: 0.1667 | D_B: 0.2338 | Cycle: 0.5805
Epoch 22/80 | Step 152950 | G: 2.5298 | D_A: 0.2817 | D_B: 0.0643 | Cycle: 0.8688
Epoch 22/80 | Step 153000 | G: 2.2954 | D_A: 0.2123 | D_B: 0.0326 | Cycle: 0.6309
Epoch 22/80 | Step 153050 | G: 1.8165 | D_A: 0.3258 | D_B: 0.0989 | Cycle: 0.7522
Epoch 22/80 | Step 153100 | G: 3.2233 | D_A: 0.2545 | D_B: 0.0899 | Cycle: 1.1570
Epoch 22/80 | Step 153150 | G: 2.4475 | D_A: 0.0986 | D_B: 0.1275 | Cycle: 0.8084
Epoch 22/80 | Step 153200 | G: 1.9614 | D_A: 0.1778 | D_B: 0.0967 | Cycle: 0.7462
Epoch 22/80 | Step 153250 | G: 2.7343 | D_A: 0.1524 | D_B: 0.0949 | Cycle: 0.6955
Epoch 22/80 | Step 153300 | G: 1.9078 | D_A: 0.1328 | D_B: 0.0792 | Cycle: 0.7404
Epoch 22/80 | Step 153350 | G: 2.1586 | D_A: 0.3177 | D_B: 0.1220 | Cycle: 0.9201
Epoch 22/80 | Step 153400 | G: 1.9796 | D_A: 0.1306 | D_B: 0.1198 | Cycle: 0.7159
Epoch 22/80 | Step 153450 | G: 1.8162 | D_A: 0.2658 | D_B: 0.1438 | Cycle: 0.7395
Epoch 22/80 | Step 153500 | G: 2.6419 | D_A: 0.1619 | D_B: 0.0603 | Cycle: 0.7536
Epoch 22/80 | Step 153550 | G: 2.1624 | D_A: 0.1625 | D_B: 0.1281 | Cycle: 0.7746
Epoch 22/80 | Step 153600 | G: 2.0107 | D_A: 0.1884 | D_B: 0.1162 | Cycle: 0.9954
Epoch 22/80 | Step 153650 | G: 2.0668 | D_A: 0.0919 | D_B: 0.0940 | Cycle: 0.6839
Epoch 22/80 | Step 153700 | G: 1.8501 | D_A: 0.1398 | D_B: 0.2533 | Cycle: 0.8484
Epoch 22/80 | Step 153750 | G: 1.6747 | D_A: 0.1024 | D_B: 0.2064 | Cycle: 0.5874
Epoch 22/80 | Step 153800 | G: 2.6685 | D_A: 0.1646 | D_B: 0.0638 | Cycle: 1.0257
Epoch 22/80 | Step 153850 | G: 2.2639 | D_A: 0.1839 | D_B: 0.1255 | Cycle: 0.7502
Epoch 22/80 | Step 153900 | G: 2.4675 | D_A: 0.1023 | D_B: 0.0410 | Cycle: 0.8553
Epoch 22/80 | Step 153950 | G: 2.0336 | D_A: 0.1770 | D_B: 0.1661 | Cycle: 0.7191
Epoch 22/80 | Step 154000 | G: 2.5765 | D_A: 0.1094 | D_B: 0.0965 | Cycle: 0.9148
Epoch 22/80 | Step 154050 | G: 2.3776 | D_A: 0.0536 | D_B: 0.1401 | Cycle: 0.8341
Epoch 22/80 | Step 154100 | G: 1.6919 | D_A: 0.1682 | D_B: 0.0907 | Cycle: 0.6953
Epoch 22/80 | Step 154150 | G: 2.3733 | D_A: 0.1477 | D_B: 0.1142 | Cycle: 1.0615
Epoch 22/80 | Step 154200 | G: 2.8181 | D_A: 0.0841 | D_B: 0.0883 | Cycle: 0.8428
Epoch 22/80 | Step 154250 | G: 2.6348 | D_A: 0.0725 | D_B: 0.0599 | Cycle: 1.3818
Epoch 22/80 | Step 154300 | G: 1.8434 | D_A: 0.2539 | D_B: 0.0542 | Cycle: 0.7835
Epoch 22/80 | Step 154350 | G: 2.8658 | D_A: 0.1309 | D_B: 0.1394 | Cycle: 0.7602
Epoch 22/80 | Step 154400 | G: 2.6750 | D_A: 0.2456 | D_B: 0.0923 | Cycle: 1.2107
Epoch 22/80 | Step 154450 | G: 2.7392 | D_A: 0.1662 | D_B: 0.0979 | Cycle: 1.0620
Epoch 22/80 | Step 154500 | G: 2.2764 | D_A: 0.1324 | D_B: 0.0366 | Cycle: 0.9782
Epoch 22/80 | Step 154550 | G: 1.8626 | D_A: 0.1882 | D_B: 0.0428 | Cycle: 0.8116
Epoch 22/80 | Step 154600 | G: 2.3126 | D_A: 0.1240 | D_B: 0.1227 | Cycle: 0.6515
Epoch 22/80 | Step 154650 | G: 1.8034 | D_A: 0.2339 | D_B: 0.0720 | Cycle: 0.7085
Epoch 22/80 | Step 154700 | G: 1.8005 | D_A: 0.2337 | D_B: 0.0733 | Cycle: 0.7027
Epoch 22/80 | Step 154750 | G: 2.2407 | D_A: 0.1165 | D_B: 0.0429 | Cycle: 0.7271
Epoch 22/80 | Step 154800 | G: 2.1217 | D_A: 0.1955 | D_B: 0.0392 | Cycle: 0.7600
Epoch 22/80 complete | Time: 431s | Avg G: 2.2544 | Avg D: 0.1332
Epoch 23/80 | Step 154850 | G: 1.6634 | D_A: 0.1365 | D_B: 0.1792 | Cycle: 0.7904
Epoch 23/80 | Step 154900 | G: 2.5055 | D_A: 0.0948 | D_B: 0.0445 | Cycle: 0.9679
Epoch 23/80 | Step 154950 | G: 2.0299 | D_A: 0.1636 | D_B: 0.0950 | Cycle: 0.6615
Epoch 23/80 | Step 155000 | G: 2.8420 | D_A: 0.0645 | D_B: 0.0498 | Cycle: 1.0985
Epoch 23/80 | Step 155050 | G: 1.7912 | D_A: 0.1923 | D_B: 0.1063 | Cycle: 0.6754
Epoch 23/80 | Step 155100 | G: 2.4247 | D_A: 0.1221 | D_B: 0.0546 | Cycle: 0.7775
Epoch 23/80 | Step 155150 | G: 2.8887 | D_A: 0.1117 | D_B: 0.0672 | Cycle: 0.7565
Epoch 23/80 | Step 155200 | G: 2.5669 | D_A: 0.1579 | D_B: 0.0499 | Cycle: 1.0830
Epoch 23/80 | Step 155250 | G: 2.5417 | D_A: 0.1185 | D_B: 0.1474 | Cycle: 0.8966
Epoch 23/80 | Step 155300 | G: 2.6904 | D_A: 0.0433 | D_B: 0.0374 | Cycle: 0.7450
Epoch 23/80 | Step 155350 | G: 2.4504 | D_A: 0.2546 | D_B: 0.0525 | Cycle: 0.7792
Epoch 23/80 | Step 155400 | G: 2.4170 | D_A: 0.1453 | D_B: 0.0799 | Cycle: 1.0275
Epoch 23/80 | Step 155450 | G: 2.8949 | D_A: 0.0710 | D_B: 0.1409 | Cycle: 0.8146
Epoch 23/80 | Step 155500 | G: 2.2842 | D_A: 0.1617 | D_B: 0.0451 | Cycle: 0.7582
Epoch 23/80 | Step 155550 | G: 2.6605 | D_A: 0.1108 | D_B: 0.0846 | Cycle: 0.9147
Epoch 23/80 | Step 155600 | G: 2.4975 | D_A: 0.2160 | D_B: 0.1033 | Cycle: 0.9698
Epoch 23/80 | Step 155650 | G: 2.0913 | D_A: 0.2209 | D_B: 0.0327 | Cycle: 0.9249
Epoch 23/80 | Step 155700 | G: 2.1137 | D_A: 0.2517 | D_B: 0.1575 | Cycle: 0.7351
Epoch 23/80 | Step 155750 | G: 1.8269 | D_A: 0.0781 | D_B: 0.0931 | Cycle: 0.7366
Epoch 23/80 | Step 155800 | G: 2.5664 | D_A: 0.1164 | D_B: 0.2507 | Cycle: 0.8037
Epoch 23/80 | Step 155850 | G: 1.5841 | D_A: 0.1180 | D_B: 0.1817 | Cycle: 0.6773
Epoch 23/80 | Step 155900 | G: 2.0906 | D_A: 0.0903 | D_B: 0.0684 | Cycle: 0.7207
Epoch 23/80 | Step 155950 | G: 2.6722 | D_A: 0.0638 | D_B: 0.0771 | Cycle: 1.0359
Epoch 23/80 | Step 156000 | G: 1.8357 | D_A: 0.1136 | D_B: 0.1557 | Cycle: 0.6785
Epoch 23/80 | Step 156050 | G: 2.2464 | D_A: 0.1823 | D_B: 0.0854 | Cycle: 0.9219
Epoch 23/80 | Step 156100 | G: 2.8684 | D_A: 0.1944 | D_B: 0.0535 | Cycle: 1.0231
Epoch 23/80 | Step 156150 | G: 2.2530 | D_A: 0.3584 | D_B: 0.0793 | Cycle: 1.0102
Epoch 23/80 | Step 156200 | G: 1.8752 | D_A: 0.0566 | D_B: 0.1048 | Cycle: 0.7450
Epoch 23/80 | Step 156250 | G: 2.4806 | D_A: 0.0845 | D_B: 0.0743 | Cycle: 0.9751
Epoch 23/80 | Step 156300 | G: 1.8486 | D_A: 0.2562 | D_B: 0.1125 | Cycle: 0.8001
Epoch 23/80 | Step 156350 | G: 2.1327 | D_A: 0.2392 | D_B: 0.0337 | Cycle: 0.7694
Epoch 23/80 | Step 156400 | G: 2.8837 | D_A: 0.2038 | D_B: 0.0522 | Cycle: 0.8481
Epoch 23/80 | Step 156450 | G: 2.4186 | D_A: 0.1093 | D_B: 0.0856 | Cycle: 0.9145
Epoch 23/80 | Step 156500 | G: 2.0929 | D_A: 0.2258 | D_B: 0.1579 | Cycle: 0.8062
Epoch 23/80 | Step 156550 | G: 2.7223 | D_A: 0.2218 | D_B: 0.0563 | Cycle: 0.9325
Epoch 23/80 | Step 156600 | G: 2.9691 | D_A: 0.0846 | D_B: 0.1304 | Cycle: 0.8691
Epoch 23/80 | Step 156650 | G: 2.3522 | D_A: 0.1637 | D_B: 0.0596 | Cycle: 0.8128
Epoch 23/80 | Step 156700 | G: 1.6921 | D_A: 0.1033 | D_B: 0.1454 | Cycle: 0.8183
Epoch 23/80 | Step 156750 | G: 2.2274 | D_A: 0.1780 | D_B: 0.1478 | Cycle: 1.0159
Epoch 23/80 | Step 156800 | G: 1.9262 | D_A: 0.1396 | D_B: 0.1760 | Cycle: 0.7063
Epoch 23/80 | Step 156850 | G: 1.6881 | D_A: 0.1342 | D_B: 0.1737 | Cycle: 0.6882
Epoch 23/80 | Step 156900 | G: 2.6146 | D_A: 0.0628 | D_B: 0.1005 | Cycle: 0.9563
Epoch 23/80 | Step 156950 | G: 2.3827 | D_A: 0.0741 | D_B: 0.0536 | Cycle: 0.8036
Epoch 23/80 | Step 157000 | G: 2.2410 | D_A: 0.1966 | D_B: 0.1037 | Cycle: 0.6971
Epoch 23/80 | Step 157050 | G: 2.8285 | D_A: 0.1714 | D_B: 0.1422 | Cycle: 0.8354
Epoch 23/80 | Step 157100 | G: 1.7229 | D_A: 0.2577 | D_B: 0.1532 | Cycle: 0.7007
Epoch 23/80 | Step 157150 | G: 2.4809 | D_A: 0.1804 | D_B: 0.0763 | Cycle: 0.8854
Epoch 23/80 | Step 157200 | G: 2.5869 | D_A: 0.1558 | D_B: 0.1146 | Cycle: 1.0124
Epoch 23/80 | Step 157250 | G: 1.7282 | D_A: 0.1936 | D_B: 0.2466 | Cycle: 0.8519
Epoch 23/80 | Step 157300 | G: 2.4920 | D_A: 0.1394 | D_B: 0.0474 | Cycle: 0.8592
Epoch 23/80 | Step 157350 | G: 3.1995 | D_A: 0.0748 | D_B: 0.0641 | Cycle: 1.1225
Epoch 23/80 | Step 157400 | G: 1.8121 | D_A: 0.0808 | D_B: 0.2693 | Cycle: 0.7245
Epoch 23/80 | Step 157450 | G: 2.5002 | D_A: 0.1835 | D_B: 0.0360 | Cycle: 0.9163
Epoch 23/80 | Step 157500 | G: 2.5271 | D_A: 0.0633 | D_B: 0.0420 | Cycle: 0.9227
Epoch 23/80 | Step 157550 | G: 2.2393 | D_A: 0.1851 | D_B: 0.0298 | Cycle: 0.8162
Epoch 23/80 | Step 157600 | G: 3.2997 | D_A: 0.1216 | D_B: 0.0967 | Cycle: 0.8590
Epoch 23/80 | Step 157650 | G: 2.4803 | D_A: 0.1599 | D_B: 0.0444 | Cycle: 1.0186
Epoch 23/80 | Step 157700 | G: 2.3434 | D_A: 0.2949 | D_B: 0.0968 | Cycle: 0.8341
Epoch 23/80 | Step 157750 | G: 3.6929 | D_A: 0.0902 | D_B: 0.0434 | Cycle: 1.0287
Epoch 23/80 | Step 157800 | G: 3.3051 | D_A: 0.4132 | D_B: 0.1007 | Cycle: 1.0355
Epoch 23/80 | Step 157850 | G: 2.6399 | D_A: 0.1484 | D_B: 0.1050 | Cycle: 1.0148
Epoch 23/80 | Step 157900 | G: 2.0968 | D_A: 0.1567 | D_B: 0.0437 | Cycle: 0.9501
Epoch 23/80 | Step 157950 | G: 2.4015 | D_A: 0.0907 | D_B: 0.0622 | Cycle: 1.0465
Epoch 23/80 | Step 158000 | G: 2.2098 | D_A: 0.1651 | D_B: 0.1948 | Cycle: 0.9409
Epoch 23/80 | Step 158050 | G: 1.7629 | D_A: 0.1483 | D_B: 0.0801 | Cycle: 0.6175
Epoch 23/80 | Step 158100 | G: 1.9698 | D_A: 0.2683 | D_B: 0.1339 | Cycle: 0.7774
Epoch 23/80 | Step 158150 | G: 1.9649 | D_A: 0.1081 | D_B: 0.0690 | Cycle: 0.7399
Epoch 23/80 | Step 158200 | G: 3.2290 | D_A: 0.2194 | D_B: 0.0760 | Cycle: 0.9081
Epoch 23/80 | Step 158250 | G: 3.5055 | D_A: 0.1349 | D_B: 0.0541 | Cycle: 1.2844
Epoch 23/80 | Step 158300 | G: 1.9867 | D_A: 0.1988 | D_B: 0.0793 | Cycle: 0.8612
Epoch 23/80 | Step 158350 | G: 2.5635 | D_A: 0.0520 | D_B: 0.0689 | Cycle: 0.8088
Epoch 23/80 | Step 158400 | G: 3.2519 | D_A: 0.0609 | D_B: 0.0844 | Cycle: 0.9335
Epoch 23/80 | Step 158450 | G: 2.7485 | D_A: 0.1582 | D_B: 0.0612 | Cycle: 0.9120
Epoch 23/80 | Step 158500 | G: 2.3566 | D_A: 0.1811 | D_B: 0.1340 | Cycle: 0.8242
Epoch 23/80 | Step 158550 | G: 2.2600 | D_A: 0.1677 | D_B: 0.0976 | Cycle: 0.9876
Epoch 23/80 | Step 158600 | G: 2.3516 | D_A: 0.0912 | D_B: 0.1136 | Cycle: 0.6363
Epoch 23/80 | Step 158650 | G: 2.4289 | D_A: 0.2437 | D_B: 0.0382 | Cycle: 0.8604
Epoch 23/80 | Step 158700 | G: 1.8869 | D_A: 0.1419 | D_B: 0.1261 | Cycle: 0.8141
Epoch 23/80 | Step 158750 | G: 2.3749 | D_A: 0.0700 | D_B: 0.0454 | Cycle: 0.8030
Epoch 23/80 | Step 158800 | G: 1.8645 | D_A: 0.3098 | D_B: 0.0886 | Cycle: 0.6657
Epoch 23/80 | Step 158850 | G: 1.9563 | D_A: 0.1120 | D_B: 0.0940 | Cycle: 0.6468
Epoch 23/80 | Step 158900 | G: 2.4856 | D_A: 0.1071 | D_B: 0.0675 | Cycle: 0.7509
Epoch 23/80 | Step 158950 | G: 1.8420 | D_A: 0.1965 | D_B: 0.1886 | Cycle: 0.7799
Epoch 23/80 | Step 159000 | G: 2.3284 | D_A: 0.1235 | D_B: 0.0688 | Cycle: 0.7605
Epoch 23/80 | Step 159050 | G: 2.3128 | D_A: 0.1582 | D_B: 0.0896 | Cycle: 0.7328
Epoch 23/80 | Step 159100 | G: 2.3006 | D_A: 0.1367 | D_B: 0.2111 | Cycle: 0.7707
Epoch 23/80 | Step 159150 | G: 2.2350 | D_A: 0.1316 | D_B: 0.1352 | Cycle: 0.7619
Epoch 23/80 | Step 159200 | G: 2.2436 | D_A: 0.1687 | D_B: 0.2416 | Cycle: 1.0532
Epoch 23/80 | Step 159250 | G: 2.2544 | D_A: 0.0481 | D_B: 0.0794 | Cycle: 0.8737
Epoch 23/80 | Step 159300 | G: 1.8120 | D_A: 0.1033 | D_B: 0.1041 | Cycle: 0.7788
Epoch 23/80 | Step 159350 | G: 2.4337 | D_A: 0.1506 | D_B: 0.1491 | Cycle: 0.6971
Epoch 23/80 | Step 159400 | G: 2.8251 | D_A: 0.1776 | D_B: 0.2331 | Cycle: 0.7844
Epoch 23/80 | Step 159450 | G: 1.9177 | D_A: 0.2296 | D_B: 0.1171 | Cycle: 0.6458
Epoch 23/80 | Step 159500 | G: 2.0787 | D_A: 0.1713 | D_B: 0.1074 | Cycle: 0.8850
Epoch 23/80 | Step 159550 | G: 2.6321 | D_A: 0.1879 | D_B: 0.0628 | Cycle: 0.8347
Epoch 23/80 | Step 159600 | G: 2.9307 | D_A: 0.1450 | D_B: 0.0666 | Cycle: 1.1049
Epoch 23/80 | Step 159650 | G: 1.8004 | D_A: 0.2534 | D_B: 0.0423 | Cycle: 0.7358
Epoch 23/80 | Step 159700 | G: 3.4680 | D_A: 0.0476 | D_B: 0.0594 | Cycle: 0.9419
Epoch 23/80 | Step 159750 | G: 3.0093 | D_A: 0.0801 | D_B: 0.0303 | Cycle: 0.9896
Epoch 23/80 | Step 159800 | G: 1.9590 | D_A: 0.0735 | D_B: 0.1007 | Cycle: 0.7208
Epoch 23/80 | Step 159850 | G: 2.6784 | D_A: 0.1502 | D_B: 0.0474 | Cycle: 0.8940
Epoch 23/80 | Step 159900 | G: 1.7591 | D_A: 0.1406 | D_B: 0.2031 | Cycle: 0.7724
Epoch 23/80 | Step 159950 | G: 2.2653 | D_A: 0.1414 | D_B: 0.1280 | Cycle: 0.9691
Epoch 23/80 | Step 160000 | G: 2.3263 | D_A: 0.1444 | D_B: 0.0744 | Cycle: 0.7805
Epoch 23/80 | Step 160050 | G: 2.9194 | D_A: 0.0549 | D_B: 0.0485 | Cycle: 1.0249
Epoch 23/80 | Step 160100 | G: 2.4300 | D_A: 0.1375 | D_B: 0.0895 | Cycle: 0.7564
Epoch 23/80 | Step 160150 | G: 2.0245 | D_A: 0.2157 | D_B: 0.1647 | Cycle: 0.8348
Epoch 23/80 | Step 160200 | G: 1.7783 | D_A: 0.1345 | D_B: 0.1177 | Cycle: 0.7518
Epoch 23/80 | Step 160250 | G: 1.9061 | D_A: 0.1913 | D_B: 0.0981 | Cycle: 0.7291
Epoch 23/80 | Step 160300 | G: 2.7383 | D_A: 0.2240 | D_B: 0.0251 | Cycle: 0.9496
Epoch 23/80 | Step 160350 | G: 2.3659 | D_A: 0.1784 | D_B: 0.0515 | Cycle: 0.8899
Epoch 23/80 | Step 160400 | G: 2.9635 | D_A: 0.0560 | D_B: 0.2028 | Cycle: 0.7494
Epoch 23/80 | Step 160450 | G: 1.4201 | D_A: 0.1119 | D_B: 0.1322 | Cycle: 0.5901
Epoch 23/80 | Step 160500 | G: 2.9212 | D_A: 0.1340 | D_B: 0.0475 | Cycle: 0.7610
Epoch 23/80 | Step 160550 | G: 2.0796 | D_A: 0.0459 | D_B: 0.1049 | Cycle: 0.8500
Epoch 23/80 | Step 160600 | G: 1.5074 | D_A: 0.1187 | D_B: 0.0600 | Cycle: 0.6945
Epoch 23/80 | Step 160650 | G: 2.3862 | D_A: 0.1626 | D_B: 0.1276 | Cycle: 0.8627
Epoch 23/80 | Step 160700 | G: 2.5368 | D_A: 0.0649 | D_B: 0.1184 | Cycle: 1.2751
Epoch 23/80 | Step 160750 | G: 2.6054 | D_A: 0.0734 | D_B: 0.1278 | Cycle: 0.8187
Epoch 23/80 | Step 160800 | G: 2.7289 | D_A: 0.1359 | D_B: 0.1434 | Cycle: 0.9132
Epoch 23/80 | Step 160850 | G: 2.1134 | D_A: 0.1209 | D_B: 0.0831 | Cycle: 0.8001
Epoch 23/80 | Step 160900 | G: 2.2682 | D_A: 0.1229 | D_B: 0.0363 | Cycle: 0.8962
Epoch 23/80 | Step 160950 | G: 2.5350 | D_A: 0.1983 | D_B: 0.0469 | Cycle: 0.8148
Epoch 23/80 | Step 161000 | G: 2.7150 | D_A: 0.0801 | D_B: 0.0369 | Cycle: 0.7754
Epoch 23/80 | Step 161050 | G: 1.5947 | D_A: 0.2459 | D_B: 0.0569 | Cycle: 0.7492
Epoch 23/80 | Step 161100 | G: 2.3367 | D_A: 0.0888 | D_B: 0.1026 | Cycle: 0.8957
Epoch 23/80 | Step 161150 | G: 2.8253 | D_A: 0.1944 | D_B: 0.0572 | Cycle: 0.8213
Epoch 23/80 | Step 161200 | G: 2.5180 | D_A: 0.2267 | D_B: 0.0764 | Cycle: 0.8946
Epoch 23/80 | Step 161250 | G: 2.8330 | D_A: 0.0746 | D_B: 0.0532 | Cycle: 0.7889
Epoch 23/80 | Step 161300 | G: 2.1241 | D_A: 0.1380 | D_B: 0.0391 | Cycle: 0.9650
Epoch 23/80 | Step 161350 | G: 2.5125 | D_A: 0.0300 | D_B: 0.0478 | Cycle: 0.8899
Epoch 23/80 | Step 161400 | G: 1.7869 | D_A: 0.0888 | D_B: 0.0491 | Cycle: 0.6701
Epoch 23/80 | Step 161450 | G: 2.9420 | D_A: 0.3478 | D_B: 0.0501 | Cycle: 0.7750
Epoch 23/80 | Step 161500 | G: 2.1272 | D_A: 0.1263 | D_B: 0.2248 | Cycle: 0.9009
Epoch 23/80 | Step 161550 | G: 2.0953 | D_A: 0.1353 | D_B: 0.1077 | Cycle: 0.9509
Epoch 23/80 | Step 161600 | G: 2.2532 | D_A: 0.0876 | D_B: 0.0747 | Cycle: 0.9266
Epoch 23/80 | Step 161650 | G: 2.7308 | D_A: 0.1320 | D_B: 0.0721 | Cycle: 1.0694
Epoch 23/80 | Step 161700 | G: 2.1635 | D_A: 0.0725 | D_B: 0.0817 | Cycle: 0.8216
Epoch 23/80 | Step 161750 | G: 2.3530 | D_A: 0.2986 | D_B: 0.1430 | Cycle: 0.8531
Epoch 23/80 | Step 161800 | G: 1.9685 | D_A: 0.2909 | D_B: 0.0790 | Cycle: 1.0251
Epoch 23/80 | Step 161850 | G: 1.7953 | D_A: 0.2768 | D_B: 0.0821 | Cycle: 0.8890
Epoch 23/80 complete | Time: 434s | Avg G: 2.2617 | Avg D: 0.1307
Epoch 24/80 | Step 161900 | G: 1.3298 | D_A: 0.1183 | D_B: 0.2659 | Cycle: 0.5912
Epoch 24/80 | Step 161950 | G: 2.3576 | D_A: 0.0996 | D_B: 0.0982 | Cycle: 0.6501
Epoch 24/80 | Step 162000 | G: 2.4181 | D_A: 0.2226 | D_B: 0.0549 | Cycle: 0.6266
Epoch 24/80 | Step 162050 | G: 1.9957 | D_A: 0.1741 | D_B: 0.0545 | Cycle: 0.6958
Epoch 24/80 | Step 162100 | G: 1.9544 | D_A: 0.1174 | D_B: 0.0644 | Cycle: 0.8331
Epoch 24/80 | Step 162150 | G: 2.3411 | D_A: 0.1435 | D_B: 0.2061 | Cycle: 0.6967
Epoch 24/80 | Step 162200 | G: 2.0994 | D_A: 0.1588 | D_B: 0.1181 | Cycle: 0.8115
Epoch 24/80 | Step 162250 | G: 2.3170 | D_A: 0.1649 | D_B: 0.0874 | Cycle: 0.7932
Epoch 24/80 | Step 162300 | G: 2.3126 | D_A: 0.0569 | D_B: 0.1485 | Cycle: 0.8689
Epoch 24/80 | Step 162350 | G: 2.7872 | D_A: 0.0996 | D_B: 0.0304 | Cycle: 0.8877
Epoch 24/80 | Step 162400 | G: 3.4637 | D_A: 0.0837 | D_B: 0.0419 | Cycle: 1.3029
Epoch 24/80 | Step 162450 | G: 2.0186 | D_A: 0.1352 | D_B: 0.0425 | Cycle: 0.8310
Epoch 24/80 | Step 162500 | G: 2.2617 | D_A: 0.0644 | D_B: 0.1282 | Cycle: 0.9074
Epoch 24/80 | Step 162550 | G: 2.1396 | D_A: 0.2018 | D_B: 0.0752 | Cycle: 0.8855
Epoch 24/80 | Step 162600 | G: 1.6597 | D_A: 0.1833 | D_B: 0.0545 | Cycle: 0.7415
Epoch 24/80 | Step 162650 | G: 2.7181 | D_A: 0.1620 | D_B: 0.0521 | Cycle: 1.0184
Epoch 24/80 | Step 162700 | G: 2.0487 | D_A: 0.1911 | D_B: 0.0832 | Cycle: 0.8530
Epoch 24/80 | Step 162750 | G: 2.0979 | D_A: 0.1177 | D_B: 0.0857 | Cycle: 0.6922
Epoch 24/80 | Step 162800 | G: 1.9325 | D_A: 0.0917 | D_B: 0.0483 | Cycle: 1.0835
Epoch 24/80 | Step 162850 | G: 1.9012 | D_A: 0.1834 | D_B: 0.1936 | Cycle: 0.6457
Epoch 24/80 | Step 162900 | G: 2.4260 | D_A: 0.4529 | D_B: 0.0902 | Cycle: 0.7473
Epoch 24/80 | Step 162950 | G: 2.1748 | D_A: 0.1039 | D_B: 0.1831 | Cycle: 0.5581
Epoch 24/80 | Step 163000 | G: 1.7954 | D_A: 0.0887 | D_B: 0.1864 | Cycle: 0.6957
Epoch 24/80 | Step 163050 | G: 2.2181 | D_A: 0.1634 | D_B: 0.1160 | Cycle: 1.1167
Epoch 24/80 | Step 163100 | G: 2.1421 | D_A: 0.2022 | D_B: 0.0733 | Cycle: 0.8878
Epoch 24/80 | Step 163150 | G: 2.3612 | D_A: 0.1678 | D_B: 0.0412 | Cycle: 0.9342
Epoch 24/80 | Step 163200 | G: 2.8239 | D_A: 0.2119 | D_B: 0.0893 | Cycle: 0.8904
Epoch 24/80 | Step 163250 | G: 2.2624 | D_A: 0.1141 | D_B: 0.0800 | Cycle: 0.8878
Epoch 24/80 | Step 163300 | G: 2.4300 | D_A: 0.0897 | D_B: 0.1865 | Cycle: 0.8249
Epoch 24/80 | Step 163350 | G: 1.9966 | D_A: 0.1577 | D_B: 0.0625 | Cycle: 0.7009
Epoch 24/80 | Step 163400 | G: 1.4468 | D_A: 0.2135 | D_B: 0.1312 | Cycle: 0.6891
Epoch 24/80 | Step 163450 | G: 2.2019 | D_A: 0.1453 | D_B: 0.0818 | Cycle: 0.8492
Epoch 24/80 | Step 163500 | G: 2.4217 | D_A: 0.1786 | D_B: 0.0627 | Cycle: 0.9225
Epoch 24/80 | Step 163550 | G: 3.3099 | D_A: 0.2774 | D_B: 0.0427 | Cycle: 1.4084
Epoch 24/80 | Step 163600 | G: 2.1832 | D_A: 0.1283 | D_B: 0.0982 | Cycle: 0.8228
Epoch 24/80 | Step 163650 | G: 2.3213 | D_A: 0.0857 | D_B: 0.1904 | Cycle: 0.7222
Epoch 24/80 | Step 163700 | G: 2.2484 | D_A: 0.0963 | D_B: 0.1262 | Cycle: 0.8367
Epoch 24/80 | Step 163750 | G: 2.6462 | D_A: 0.4118 | D_B: 0.0445 | Cycle: 1.0350
Epoch 24/80 | Step 163800 | G: 2.6437 | D_A: 0.0943 | D_B: 0.0729 | Cycle: 0.8012
Epoch 24/80 | Step 163850 | G: 2.0425 | D_A: 0.1984 | D_B: 0.0924 | Cycle: 0.7563
Epoch 24/80 | Step 163900 | G: 1.4423 | D_A: 0.1903 | D_B: 0.1296 | Cycle: 0.6382
Epoch 24/80 | Step 163950 | G: 2.2589 | D_A: 0.1522 | D_B: 0.1143 | Cycle: 0.9784
Epoch 24/80 | Step 164000 | G: 2.5274 | D_A: 0.0718 | D_B: 0.2024 | Cycle: 0.6919
Epoch 24/80 | Step 164050 | G: 1.9325 | D_A: 0.2203 | D_B: 0.1077 | Cycle: 0.6309
Epoch 24/80 | Step 164100 | G: 2.5437 | D_A: 0.2071 | D_B: 0.0670 | Cycle: 0.8042
Epoch 24/80 | Step 164150 | G: 2.3476 | D_A: 0.1383 | D_B: 0.0779 | Cycle: 0.8021
Epoch 24/80 | Step 164200 | G: 2.7270 | D_A: 0.2509 | D_B: 0.0402 | Cycle: 0.7282
Epoch 24/80 | Step 164250 | G: 2.2025 | D_A: 0.1027 | D_B: 0.1536 | Cycle: 0.9477
Epoch 24/80 | Step 164300 | G: 2.1724 | D_A: 0.3835 | D_B: 0.1412 | Cycle: 0.8827
Epoch 24/80 | Step 164350 | G: 3.6268 | D_A: 0.1170 | D_B: 0.0568 | Cycle: 1.1888
Epoch 24/80 | Step 164400 | G: 2.3634 | D_A: 0.0977 | D_B: 0.1421 | Cycle: 1.1118
Epoch 24/80 | Step 164450 | G: 2.0413 | D_A: 0.2423 | D_B: 0.0607 | Cycle: 0.7520
Epoch 24/80 | Step 164500 | G: 1.8896 | D_A: 0.2064 | D_B: 0.1317 | Cycle: 0.8233
Epoch 24/80 | Step 164550 | G: 1.7266 | D_A: 0.2602 | D_B: 0.2657 | Cycle: 0.6981
Epoch 24/80 | Step 164600 | G: 2.0634 | D_A: 0.2625 | D_B: 0.1299 | Cycle: 0.6903
Epoch 24/80 | Step 164650 | G: 1.9939 | D_A: 0.2119 | D_B: 0.1030 | Cycle: 0.7849
Epoch 24/80 | Step 164700 | G: 2.0862 | D_A: 0.1020 | D_B: 0.0636 | Cycle: 0.7740
Epoch 24/80 | Step 164750 | G: 2.0267 | D_A: 0.1527 | D_B: 0.0822 | Cycle: 0.7644
Epoch 24/80 | Step 164800 | G: 1.8291 | D_A: 0.1873 | D_B: 0.0399 | Cycle: 0.8204
Epoch 24/80 | Step 164850 | G: 3.0198 | D_A: 0.3853 | D_B: 0.2502 | Cycle: 0.7036
Epoch 24/80 | Step 164900 | G: 1.7395 | D_A: 0.2702 | D_B: 0.1305 | Cycle: 0.6594
Epoch 24/80 | Step 164950 | G: 2.8614 | D_A: 0.1623 | D_B: 0.0497 | Cycle: 0.9389
Epoch 24/80 | Step 165000 | G: 2.2640 | D_A: 0.2336 | D_B: 0.0415 | Cycle: 0.8259
Epoch 24/80 | Step 165050 | G: 2.6568 | D_A: 0.1743 | D_B: 0.1908 | Cycle: 0.7493
Epoch 24/80 | Step 165100 | G: 2.0578 | D_A: 0.1749 | D_B: 0.0835 | Cycle: 0.7644
Epoch 24/80 | Step 165150 | G: 2.6976 | D_A: 0.3185 | D_B: 0.0886 | Cycle: 0.9425
Epoch 24/80 | Step 165200 | G: 1.9465 | D_A: 0.1252 | D_B: 0.1057 | Cycle: 0.8060
Epoch 24/80 | Step 165250 | G: 1.8320 | D_A: 0.1782 | D_B: 0.1259 | Cycle: 0.7628
Epoch 24/80 | Step 165300 | G: 2.0913 | D_A: 0.2215 | D_B: 0.1526 | Cycle: 0.8195
Epoch 24/80 | Step 165350 | G: 2.6885 | D_A: 0.1127 | D_B: 0.0493 | Cycle: 1.1738
Epoch 24/80 | Step 165400 | G: 2.2843 | D_A: 0.0537 | D_B: 0.0505 | Cycle: 0.7771
Epoch 24/80 | Step 165450 | G: 1.9840 | D_A: 0.1221 | D_B: 0.1142 | Cycle: 0.5935
Epoch 24/80 | Step 165500 | G: 1.7145 | D_A: 0.3032 | D_B: 0.0768 | Cycle: 0.7811
Epoch 24/80 | Step 165550 | G: 2.5030 | D_A: 0.2442 | D_B: 0.0755 | Cycle: 1.0357
Epoch 24/80 | Step 165600 | G: 2.1282 | D_A: 0.1356 | D_B: 0.0724 | Cycle: 0.8196
Epoch 24/80 | Step 165650 | G: 3.1313 | D_A: 0.1181 | D_B: 0.1488 | Cycle: 0.8259
Epoch 24/80 | Step 165700 | G: 1.8378 | D_A: 0.1478 | D_B: 0.0479 | Cycle: 0.7580
Epoch 24/80 | Step 165750 | G: 2.2879 | D_A: 0.2176 | D_B: 0.2071 | Cycle: 0.9085
Epoch 24/80 | Step 165800 | G: 1.9489 | D_A: 0.1605 | D_B: 0.1079 | Cycle: 0.8572
Epoch 24/80 | Step 165850 | G: 2.1735 | D_A: 0.1348 | D_B: 0.0915 | Cycle: 0.8579
Epoch 24/80 | Step 165900 | G: 1.8415 | D_A: 0.2559 | D_B: 0.2423 | Cycle: 0.8267
Epoch 24/80 | Step 165950 | G: 2.0667 | D_A: 0.2231 | D_B: 0.1019 | Cycle: 0.7828
Epoch 24/80 | Step 166000 | G: 2.4366 | D_A: 0.1176 | D_B: 0.0402 | Cycle: 0.7826
Epoch 24/80 | Step 166050 | G: 2.3994 | D_A: 0.2045 | D_B: 0.0806 | Cycle: 0.9005
Epoch 24/80 | Step 166100 | G: 1.7622 | D_A: 0.1426 | D_B: 0.1591 | Cycle: 0.6497
Epoch 24/80 | Step 166150 | G: 2.3009 | D_A: 0.1127 | D_B: 0.1108 | Cycle: 0.8249
Epoch 24/80 | Step 166200 | G: 2.1103 | D_A: 0.1527 | D_B: 0.1092 | Cycle: 0.8208
Epoch 24/80 | Step 166250 | G: 2.4920 | D_A: 0.1339 | D_B: 0.0938 | Cycle: 0.8946
Epoch 24/80 | Step 166300 | G: 1.8676 | D_A: 0.1417 | D_B: 0.1961 | Cycle: 0.9029
Epoch 24/80 | Step 166350 | G: 1.9643 | D_A: 0.1552 | D_B: 0.0701 | Cycle: 0.8611
Epoch 24/80 | Step 166400 | G: 2.5352 | D_A: 0.1283 | D_B: 0.0955 | Cycle: 0.9647
Epoch 24/80 | Step 166450 | G: 2.0145 | D_A: 0.3120 | D_B: 0.1135 | Cycle: 0.5911
Epoch 24/80 | Step 166500 | G: 2.0981 | D_A: 0.1751 | D_B: 0.1165 | Cycle: 0.8147
Epoch 24/80 | Step 166550 | G: 2.4747 | D_A: 0.0604 | D_B: 0.0650 | Cycle: 0.7246
Epoch 24/80 | Step 166600 | G: 1.9640 | D_A: 0.2707 | D_B: 0.1629 | Cycle: 0.7027
Epoch 24/80 | Step 166650 | G: 2.0337 | D_A: 0.1020 | D_B: 0.1504 | Cycle: 0.8709
Epoch 24/80 | Step 166700 | G: 2.0537 | D_A: 0.2479 | D_B: 0.0889 | Cycle: 0.8276
Epoch 24/80 | Step 166750 | G: 1.7892 | D_A: 0.1544 | D_B: 0.1861 | Cycle: 0.7440
Epoch 24/80 | Step 166800 | G: 2.6590 | D_A: 0.1388 | D_B: 0.1047 | Cycle: 0.8347
Epoch 24/80 | Step 166850 | G: 2.9277 | D_A: 0.1272 | D_B: 0.0576 | Cycle: 1.5315
Epoch 24/80 | Step 166900 | G: 2.0363 | D_A: 0.1954 | D_B: 0.1596 | Cycle: 0.6446
Epoch 24/80 | Step 166950 | G: 2.0951 | D_A: 0.1962 | D_B: 0.2048 | Cycle: 0.8663
Epoch 24/80 | Step 167000 | G: 2.1354 | D_A: 0.0930 | D_B: 0.1094 | Cycle: 0.8266
Epoch 24/80 | Step 167050 | G: 1.5192 | D_A: 0.0703 | D_B: 0.0533 | Cycle: 0.6681
Epoch 24/80 | Step 167100 | G: 2.2807 | D_A: 0.1824 | D_B: 0.0837 | Cycle: 0.6886
Epoch 24/80 | Step 167150 | G: 2.0823 | D_A: 0.1722 | D_B: 0.2247 | Cycle: 0.8869
Epoch 24/80 | Step 167200 | G: 2.2063 | D_A: 0.1603 | D_B: 0.0745 | Cycle: 0.9092
Epoch 24/80 | Step 167250 | G: 2.4342 | D_A: 0.2262 | D_B: 0.2060 | Cycle: 0.8947
Epoch 24/80 | Step 167300 | G: 2.1041 | D_A: 0.2613 | D_B: 0.0796 | Cycle: 0.7893
Epoch 24/80 | Step 167350 | G: 2.0862 | D_A: 0.0926 | D_B: 0.1168 | Cycle: 0.9225
Epoch 24/80 | Step 167400 | G: 2.9367 | D_A: 0.1658 | D_B: 0.0998 | Cycle: 0.8300
Epoch 24/80 | Step 167450 | G: 1.8988 | D_A: 0.1069 | D_B: 0.0484 | Cycle: 0.6322
Epoch 24/80 | Step 167500 | G: 2.3854 | D_A: 0.1993 | D_B: 0.0260 | Cycle: 0.8422
Epoch 24/80 | Step 167550 | G: 2.9326 | D_A: 0.2091 | D_B: 0.0331 | Cycle: 0.9806
Epoch 24/80 | Step 167600 | G: 1.9560 | D_A: 0.1273 | D_B: 0.1109 | Cycle: 0.6561
Epoch 24/80 | Step 167650 | G: 2.3646 | D_A: 0.1424 | D_B: 0.1467 | Cycle: 0.7707
Epoch 24/80 | Step 167700 | G: 2.5627 | D_A: 0.2594 | D_B: 0.1324 | Cycle: 0.8181
Epoch 24/80 | Step 167750 | G: 2.4695 | D_A: 0.1954 | D_B: 0.1149 | Cycle: 0.9181
Epoch 24/80 | Step 167800 | G: 2.0070 | D_A: 0.1805 | D_B: 0.1006 | Cycle: 0.7490
Epoch 24/80 | Step 167850 | G: 2.5251 | D_A: 0.1610 | D_B: 0.1100 | Cycle: 0.8573
Epoch 24/80 | Step 167900 | G: 1.6390 | D_A: 0.1419 | D_B: 0.0872 | Cycle: 0.6778
Epoch 24/80 | Step 167950 | G: 2.2700 | D_A: 0.1254 | D_B: 0.0533 | Cycle: 0.7951
Epoch 24/80 | Step 168000 | G: 1.9775 | D_A: 0.1913 | D_B: 0.0567 | Cycle: 0.8656
Epoch 24/80 | Step 168050 | G: 1.9337 | D_A: 0.0788 | D_B: 0.1922 | Cycle: 0.6326
Epoch 24/80 | Step 168100 | G: 2.3735 | D_A: 0.3713 | D_B: 0.0503 | Cycle: 1.0231
Epoch 24/80 | Step 168150 | G: 2.0599 | D_A: 0.1488 | D_B: 0.0705 | Cycle: 0.9143
Epoch 24/80 | Step 168200 | G: 2.1773 | D_A: 0.1899 | D_B: 0.1437 | Cycle: 0.9954
Epoch 24/80 | Step 168250 | G: 2.5645 | D_A: 0.1732 | D_B: 0.0272 | Cycle: 0.8378
Epoch 24/80 | Step 168300 | G: 2.0687 | D_A: 0.0804 | D_B: 0.1089 | Cycle: 0.7604
Epoch 24/80 | Step 168350 | G: 2.7241 | D_A: 0.0974 | D_B: 0.0455 | Cycle: 1.0713
Epoch 24/80 | Step 168400 | G: 2.7730 | D_A: 0.1527 | D_B: 0.0563 | Cycle: 0.8911
Epoch 24/80 | Step 168450 | G: 3.5089 | D_A: 0.2234 | D_B: 0.1282 | Cycle: 0.8068
Epoch 24/80 | Step 168500 | G: 1.9007 | D_A: 0.0714 | D_B: 0.1698 | Cycle: 0.6813
Epoch 24/80 | Step 168550 | G: 1.9364 | D_A: 0.2366 | D_B: 0.1198 | Cycle: 0.8082
Epoch 24/80 | Step 168600 | G: 2.1067 | D_A: 0.1091 | D_B: 0.0712 | Cycle: 0.7550
Epoch 24/80 | Step 168650 | G: 3.7333 | D_A: 0.2096 | D_B: 0.1028 | Cycle: 1.3817
Epoch 24/80 | Step 168700 | G: 2.3058 | D_A: 0.0648 | D_B: 0.1693 | Cycle: 0.8120
Epoch 24/80 | Step 168750 | G: 2.4682 | D_A: 0.1221 | D_B: 0.0630 | Cycle: 0.8189
Epoch 24/80 | Step 168800 | G: 2.3190 | D_A: 0.1029 | D_B: 0.1038 | Cycle: 0.6307
Epoch 24/80 | Step 168850 | G: 1.9501 | D_A: 0.1407 | D_B: 0.0608 | Cycle: 0.6798
Epoch 24/80 | Step 168900 | G: 1.8644 | D_A: 0.1542 | D_B: 0.1125 | Cycle: 0.7606
Epoch 24/80 complete | Time: 435s | Avg G: 2.2639 | Avg D: 0.1295
Epoch 25/80 | Step 168950 | G: 1.9298 | D_A: 0.2059 | D_B: 0.1217 | Cycle: 0.7487
Epoch 25/80 | Step 169000 | G: 4.3397 | D_A: 0.1000 | D_B: 0.1095 | Cycle: 1.5702
Epoch 25/80 | Step 169050 | G: 2.4629 | D_A: 0.1130 | D_B: 0.0700 | Cycle: 0.8845
Epoch 25/80 | Step 169100 | G: 2.4703 | D_A: 0.1444 | D_B: 0.0485 | Cycle: 1.0177
Epoch 25/80 | Step 169150 | G: 1.8627 | D_A: 0.1985 | D_B: 0.2071 | Cycle: 0.7519
Epoch 25/80 | Step 169200 | G: 3.2286 | D_A: 0.0984 | D_B: 0.0453 | Cycle: 0.7748
Epoch 25/80 | Step 169250 | G: 1.8584 | D_A: 0.1189 | D_B: 0.1323 | Cycle: 0.8054
Epoch 25/80 | Step 169300 | G: 1.4285 | D_A: 0.1690 | D_B: 0.1305 | Cycle: 0.6959
Epoch 25/80 | Step 169350 | G: 2.2787 | D_A: 0.0750 | D_B: 0.1124 | Cycle: 0.7387
Epoch 25/80 | Step 169400 | G: 1.7851 | D_A: 0.1411 | D_B: 0.0566 | Cycle: 0.6370
Epoch 25/80 | Step 169450 | G: 2.3900 | D_A: 0.1615 | D_B: 0.1011 | Cycle: 1.0412
Epoch 25/80 | Step 169500 | G: 3.2297 | D_A: 0.1032 | D_B: 0.0505 | Cycle: 1.2284
Epoch 25/80 | Step 169550 | G: 2.3617 | D_A: 0.1433 | D_B: 0.0806 | Cycle: 0.9085
Epoch 25/80 | Step 169600 | G: 2.3504 | D_A: 0.0744 | D_B: 0.1892 | Cycle: 0.8608
Epoch 25/80 | Step 169650 | G: 2.1008 | D_A: 0.1020 | D_B: 0.0427 | Cycle: 0.8887
Epoch 25/80 | Step 169700 | G: 1.6647 | D_A: 0.1032 | D_B: 0.1368 | Cycle: 0.6528
Epoch 25/80 | Step 169750 | G: 1.6694 | D_A: 0.2298 | D_B: 0.1614 | Cycle: 0.6818
Epoch 25/80 | Step 169800 | G: 2.1286 | D_A: 0.1104 | D_B: 0.0906 | Cycle: 0.7955
Epoch 25/80 | Step 169850 | G: 1.9145 | D_A: 0.1671 | D_B: 0.0309 | Cycle: 0.7713
Epoch 25/80 | Step 169900 | G: 2.4070 | D_A: 0.1075 | D_B: 0.1034 | Cycle: 0.8257
Epoch 25/80 | Step 169950 | G: 2.2172 | D_A: 0.2384 | D_B: 0.0630 | Cycle: 0.8988
Epoch 25/80 | Step 170000 | G: 1.6007 | D_A: 0.0985 | D_B: 0.3059 | Cycle: 0.6806
Epoch 25/80 | Step 170050 | G: 2.2533 | D_A: 0.0959 | D_B: 0.0822 | Cycle: 1.0017
Epoch 25/80 | Step 170100 | G: 3.0678 | D_A: 0.1369 | D_B: 0.0504 | Cycle: 0.8656
Epoch 25/80 | Step 170150 | G: 2.3960 | D_A: 0.0781 | D_B: 0.0363 | Cycle: 0.6948
Epoch 25/80 | Step 170200 | G: 2.9435 | D_A: 0.2632 | D_B: 0.0515 | Cycle: 1.0705
Epoch 25/80 | Step 170250 | G: 2.3812 | D_A: 0.2621 | D_B: 0.0506 | Cycle: 0.8125
Epoch 25/80 | Step 170300 | G: 2.5150 | D_A: 0.1084 | D_B: 0.0696 | Cycle: 1.0560
Epoch 25/80 | Step 170350 | G: 2.4832 | D_A: 0.0585 | D_B: 0.0963 | Cycle: 0.8607
Epoch 25/80 | Step 170400 | G: 3.6230 | D_A: 0.1459 | D_B: 0.1265 | Cycle: 1.0251
Epoch 25/80 | Step 170450 | G: 2.5704 | D_A: 0.1338 | D_B: 0.0917 | Cycle: 0.7532
Epoch 25/80 | Step 170500 | G: 2.2615 | D_A: 0.2822 | D_B: 0.0593 | Cycle: 0.7653
Epoch 25/80 | Step 170550 | G: 2.6011 | D_A: 0.0686 | D_B: 0.0609 | Cycle: 1.0989
Epoch 25/80 | Step 170600 | G: 2.5294 | D_A: 0.1123 | D_B: 0.1165 | Cycle: 0.7217
Epoch 25/80 | Step 170650 | G: 2.9023 | D_A: 0.2052 | D_B: 0.1549 | Cycle: 0.8472
Epoch 25/80 | Step 170700 | G: 2.1125 | D_A: 0.1152 | D_B: 0.1251 | Cycle: 0.8570
Epoch 25/80 | Step 170750 | G: 2.4939 | D_A: 0.1519 | D_B: 0.1414 | Cycle: 0.9930
Epoch 25/80 | Step 170800 | G: 2.5952 | D_A: 0.0751 | D_B: 0.0406 | Cycle: 0.7787
Epoch 25/80 | Step 170850 | G: 2.1652 | D_A: 0.1114 | D_B: 0.0389 | Cycle: 0.8369
Epoch 25/80 | Step 170900 | G: 2.1454 | D_A: 0.1534 | D_B: 0.0959 | Cycle: 0.8304
Epoch 25/80 | Step 170950 | G: 2.9080 | D_A: 0.0873 | D_B: 0.0437 | Cycle: 0.6797
Epoch 25/80 | Step 171000 | G: 2.1083 | D_A: 0.1256 | D_B: 0.1009 | Cycle: 0.8549
Epoch 25/80 | Step 171050 | G: 2.9190 | D_A: 0.1097 | D_B: 0.0729 | Cycle: 0.8984
Epoch 25/80 | Step 171100 | G: 2.2109 | D_A: 0.1259 | D_B: 0.0737 | Cycle: 0.7000
Epoch 25/80 | Step 171150 | G: 2.5210 | D_A: 0.0612 | D_B: 0.0711 | Cycle: 0.8967
Epoch 25/80 | Step 171200 | G: 2.3039 | D_A: 0.1273 | D_B: 0.0700 | Cycle: 0.8945
Epoch 25/80 | Step 171250 | G: 2.3639 | D_A: 0.0794 | D_B: 0.0616 | Cycle: 0.8360
Epoch 25/80 | Step 171300 | G: 2.4974 | D_A: 0.0379 | D_B: 0.0787 | Cycle: 0.8709
Epoch 25/80 | Step 171350 | G: 2.7921 | D_A: 0.0602 | D_B: 0.0338 | Cycle: 0.8645
Epoch 25/80 | Step 171400 | G: 2.1048 | D_A: 0.1749 | D_B: 0.1107 | Cycle: 0.8019
Epoch 25/80 | Step 171450 | G: 2.2273 | D_A: 0.1643 | D_B: 0.0387 | Cycle: 0.8300
Epoch 25/80 | Step 171500 | G: 2.5066 | D_A: 0.2784 | D_B: 0.0728 | Cycle: 0.6736
Epoch 25/80 | Step 171550 | G: 2.9304 | D_A: 0.0589 | D_B: 0.1344 | Cycle: 0.8834
Epoch 25/80 | Step 171600 | G: 2.4277 | D_A: 0.1034 | D_B: 0.1473 | Cycle: 0.7367
Epoch 25/80 | Step 171650 | G: 3.6334 | D_A: 0.1177 | D_B: 0.0502 | Cycle: 1.1264
Epoch 25/80 | Step 171700 | G: 1.6913 | D_A: 0.1604 | D_B: 0.2187 | Cycle: 0.6384
Epoch 25/80 | Step 171750 | G: 1.9383 | D_A: 0.1458 | D_B: 0.0838 | Cycle: 0.7308
Epoch 25/80 | Step 171800 | G: 2.2788 | D_A: 0.1889 | D_B: 0.1084 | Cycle: 0.8353
Epoch 25/80 | Step 171850 | G: 3.0051 | D_A: 0.1550 | D_B: 0.3300 | Cycle: 1.3749
Epoch 25/80 | Step 171900 | G: 2.2810 | D_A: 0.0827 | D_B: 0.1343 | Cycle: 0.8548
Epoch 25/80 | Step 171950 | G: 2.7920 | D_A: 0.2144 | D_B: 0.0457 | Cycle: 1.2028
Epoch 25/80 | Step 172000 | G: 2.4434 | D_A: 0.1791 | D_B: 0.0624 | Cycle: 0.9923
Epoch 25/80 | Step 172050 | G: 3.2379 | D_A: 0.1673 | D_B: 0.0684 | Cycle: 0.9454
Epoch 25/80 | Step 172100 | G: 2.0865 | D_A: 0.1261 | D_B: 0.1202 | Cycle: 0.8461
Epoch 25/80 | Step 172150 | G: 2.1854 | D_A: 0.1891 | D_B: 0.1399 | Cycle: 1.2075
Epoch 25/80 | Step 172200 | G: 1.9623 | D_A: 0.2165 | D_B: 0.0901 | Cycle: 0.8934
Epoch 25/80 | Step 172250 | G: 2.2625 | D_A: 0.1315 | D_B: 0.0837 | Cycle: 0.7730
Epoch 25/80 | Step 172300 | G: 2.5893 | D_A: 0.0755 | D_B: 0.0639 | Cycle: 0.8091
Epoch 25/80 | Step 172350 | G: 1.7286 | D_A: 0.3132 | D_B: 0.0505 | Cycle: 0.7814
Epoch 25/80 | Step 172400 | G: 1.8776 | D_A: 0.2127 | D_B: 0.0692 | Cycle: 0.7917
Epoch 25/80 | Step 172450 | G: 2.2437 | D_A: 0.0703 | D_B: 0.0290 | Cycle: 0.8661
Epoch 25/80 | Step 172500 | G: 2.5367 | D_A: 0.2288 | D_B: 0.0991 | Cycle: 0.8471
Epoch 25/80 | Step 172550 | G: 1.8040 | D_A: 0.1538 | D_B: 0.0882 | Cycle: 0.8689
Epoch 25/80 | Step 172600 | G: 2.3711 | D_A: 0.1295 | D_B: 0.1145 | Cycle: 0.6610
Epoch 25/80 | Step 172650 | G: 3.2771 | D_A: 0.0868 | D_B: 0.0698 | Cycle: 0.8743
Epoch 25/80 | Step 172700 | G: 2.7930 | D_A: 0.1892 | D_B: 0.0599 | Cycle: 0.9925
Epoch 25/80 | Step 172750 | G: 1.9338 | D_A: 0.1633 | D_B: 0.1715 | Cycle: 0.8874
Epoch 25/80 | Step 172800 | G: 2.5898 | D_A: 0.2065 | D_B: 0.1816 | Cycle: 0.9446
Epoch 25/80 | Step 172850 | G: 2.1364 | D_A: 0.1448 | D_B: 0.0564 | Cycle: 0.8720
Epoch 25/80 | Step 172900 | G: 2.8195 | D_A: 0.2558 | D_B: 0.0490 | Cycle: 0.9702
Epoch 25/80 | Step 172950 | G: 1.8248 | D_A: 0.0801 | D_B: 0.0472 | Cycle: 0.6953
Epoch 25/80 | Step 173000 | G: 1.9808 | D_A: 0.2928 | D_B: 0.1233 | Cycle: 0.6998
Epoch 25/80 | Step 173050 | G: 1.6770 | D_A: 0.1993 | D_B: 0.0759 | Cycle: 0.8291
Epoch 25/80 | Step 173100 | G: 1.5570 | D_A: 0.0915 | D_B: 0.0422 | Cycle: 0.6341
Epoch 25/80 | Step 173150 | G: 1.9470 | D_A: 0.1198 | D_B: 0.0874 | Cycle: 0.8427
Epoch 25/80 | Step 173200 | G: 2.4692 | D_A: 0.2477 | D_B: 0.1044 | Cycle: 1.0861
Epoch 25/80 | Step 173250 | G: 2.8732 | D_A: 0.1483 | D_B: 0.0611 | Cycle: 0.9445
Epoch 25/80 | Step 173300 | G: 2.3517 | D_A: 0.2070 | D_B: 0.0566 | Cycle: 0.7191
Epoch 25/80 | Step 173350 | G: 2.5419 | D_A: 0.1296 | D_B: 0.0684 | Cycle: 0.8890
Epoch 25/80 | Step 173400 | G: 2.5844 | D_A: 0.2170 | D_B: 0.0299 | Cycle: 0.8184
Epoch 25/80 | Step 173450 | G: 3.0472 | D_A: 0.1090 | D_B: 0.1427 | Cycle: 0.8464
Epoch 25/80 | Step 173500 | G: 1.9127 | D_A: 0.0482 | D_B: 0.0833 | Cycle: 0.7802
Epoch 25/80 | Step 173550 | G: 1.6363 | D_A: 0.1546 | D_B: 0.0780 | Cycle: 0.6736
Epoch 25/80 | Step 173600 | G: 1.6949 | D_A: 0.1604 | D_B: 0.0501 | Cycle: 0.7891
Epoch 25/80 | Step 173650 | G: 2.0984 | D_A: 0.0791 | D_B: 0.1030 | Cycle: 0.6848
Epoch 25/80 | Step 173700 | G: 1.8084 | D_A: 0.2369 | D_B: 0.1752 | Cycle: 0.7352
Epoch 25/80 | Step 173750 | G: 2.2904 | D_A: 0.1428 | D_B: 0.0701 | Cycle: 0.7049
Epoch 25/80 | Step 173800 | G: 2.2390 | D_A: 0.0925 | D_B: 0.0600 | Cycle: 0.9903
Epoch 25/80 | Step 173850 | G: 1.7948 | D_A: 0.1642 | D_B: 0.0783 | Cycle: 0.5789
Epoch 25/80 | Step 173900 | G: 1.8674 | D_A: 0.2784 | D_B: 0.0365 | Cycle: 0.8290
Epoch 25/80 | Step 173950 | G: 2.0169 | D_A: 0.0775 | D_B: 0.1006 | Cycle: 0.8392
Epoch 25/80 | Step 174000 | G: 2.1387 | D_A: 0.1424 | D_B: 0.1852 | Cycle: 0.6015
Epoch 25/80 | Step 174050 | G: 2.3270 | D_A: 0.0373 | D_B: 0.0765 | Cycle: 0.8407
Epoch 25/80 | Step 174100 | G: 1.7471 | D_A: 0.1659 | D_B: 0.0376 | Cycle: 0.8465
Epoch 25/80 | Step 174150 | G: 1.7683 | D_A: 0.3227 | D_B: 0.2348 | Cycle: 0.7312
Epoch 25/80 | Step 174200 | G: 2.2471 | D_A: 0.1394 | D_B: 0.0543 | Cycle: 0.7078
Epoch 25/80 | Step 174250 | G: 2.4457 | D_A: 0.0350 | D_B: 0.0932 | Cycle: 0.9715
Epoch 25/80 | Step 174300 | G: 1.9827 | D_A: 0.0495 | D_B: 0.0299 | Cycle: 0.8281
Epoch 25/80 | Step 174350 | G: 1.9362 | D_A: 0.1320 | D_B: 0.0560 | Cycle: 0.9011
Epoch 25/80 | Step 174400 | G: 2.1622 | D_A: 0.0466 | D_B: 0.0971 | Cycle: 0.7868
Epoch 25/80 | Step 174450 | G: 2.5661 | D_A: 0.1368 | D_B: 0.1967 | Cycle: 0.7405
Epoch 25/80 | Step 174500 | G: 2.6376 | D_A: 0.2096 | D_B: 0.0792 | Cycle: 0.7983
Epoch 25/80 | Step 174550 | G: 2.2926 | D_A: 0.0898 | D_B: 0.0770 | Cycle: 0.7371
Epoch 25/80 | Step 174600 | G: 1.9283 | D_A: 0.0846 | D_B: 0.0972 | Cycle: 0.7341
Epoch 25/80 | Step 174650 | G: 2.3925 | D_A: 0.1677 | D_B: 0.1384 | Cycle: 0.8533
Epoch 25/80 | Step 174700 | G: 2.6985 | D_A: 0.1299 | D_B: 0.1191 | Cycle: 1.0937
Epoch 25/80 | Step 174750 | G: 2.3217 | D_A: 0.1233 | D_B: 0.0860 | Cycle: 0.7876
Epoch 25/80 | Step 174800 | G: 2.8849 | D_A: 0.1380 | D_B: 0.0406 | Cycle: 1.0940
Epoch 25/80 | Step 174850 | G: 3.3494 | D_A: 0.0923 | D_B: 0.0447 | Cycle: 1.2634
Epoch 25/80 | Step 174900 | G: 2.0595 | D_A: 0.1311 | D_B: 0.0744 | Cycle: 0.8487
Epoch 25/80 | Step 174950 | G: 1.8619 | D_A: 0.1780 | D_B: 0.1886 | Cycle: 0.7339
Epoch 25/80 | Step 175000 | G: 3.0531 | D_A: 0.2223 | D_B: 0.0895 | Cycle: 1.4659
Epoch 25/80 | Step 175050 | G: 1.8513 | D_A: 0.1420 | D_B: 0.0680 | Cycle: 0.7310
Epoch 25/80 | Step 175100 | G: 2.0321 | D_A: 0.1019 | D_B: 0.1209 | Cycle: 0.7902
Epoch 25/80 | Step 175150 | G: 2.6844 | D_A: 0.1367 | D_B: 0.0886 | Cycle: 0.7276
Epoch 25/80 | Step 175200 | G: 1.9584 | D_A: 0.1603 | D_B: 0.2609 | Cycle: 0.8129
Epoch 25/80 | Step 175250 | G: 2.5921 | D_A: 0.2127 | D_B: 0.1251 | Cycle: 0.8228
Epoch 25/80 | Step 175300 | G: 2.0537 | D_A: 0.0737 | D_B: 0.0431 | Cycle: 0.8922
Epoch 25/80 | Step 175350 | G: 2.3625 | D_A: 0.2011 | D_B: 0.0697 | Cycle: 0.9463
Epoch 25/80 | Step 175400 | G: 1.8887 | D_A: 0.3093 | D_B: 0.1735 | Cycle: 0.7893
Epoch 25/80 | Step 175450 | G: 1.9436 | D_A: 0.2377 | D_B: 0.1288 | Cycle: 0.7385
Epoch 25/80 | Step 175500 | G: 2.8416 | D_A: 0.2308 | D_B: 0.0676 | Cycle: 1.0961
Epoch 25/80 | Step 175550 | G: 2.9286 | D_A: 0.1064 | D_B: 0.1074 | Cycle: 1.0213
Epoch 25/80 | Step 175600 | G: 2.1202 | D_A: 0.2113 | D_B: 0.2474 | Cycle: 0.7028
Epoch 25/80 | Step 175650 | G: 2.3069 | D_A: 0.1650 | D_B: 0.0902 | Cycle: 0.7799
Epoch 25/80 | Step 175700 | G: 2.2236 | D_A: 0.0669 | D_B: 0.0344 | Cycle: 0.7278
Epoch 25/80 | Step 175750 | G: 2.1775 | D_A: 0.2326 | D_B: 0.0410 | Cycle: 0.8634
Epoch 25/80 | Step 175800 | G: 1.8247 | D_A: 0.1373 | D_B: 0.0980 | Cycle: 0.7311
Epoch 25/80 | Step 175850 | G: 2.1160 | D_A: 0.1874 | D_B: 0.1224 | Cycle: 0.6994
Epoch 25/80 | Step 175900 | G: 1.9648 | D_A: 0.0790 | D_B: 0.0873 | Cycle: 0.7848
Epoch 25/80 | Step 175950 | G: 1.8975 | D_A: 0.2673 | D_B: 0.2418 | Cycle: 0.6906
Epoch 25/80 complete | Time: 432s | Avg G: 2.2777 | Avg D: 0.1272
Epoch 26/80 | Step 176000 | G: 2.7250 | D_A: 0.1622 | D_B: 0.0458 | Cycle: 0.8554
Epoch 26/80 | Step 176050 | G: 2.2851 | D_A: 0.2749 | D_B: 0.1318 | Cycle: 0.7347
Epoch 26/80 | Step 176100 | G: 3.0823 | D_A: 0.1471 | D_B: 0.1213 | Cycle: 1.0581
Epoch 26/80 | Step 176150 | G: 2.2808 | D_A: 0.2857 | D_B: 0.0953 | Cycle: 0.7341
Epoch 26/80 | Step 176200 | G: 2.1037 | D_A: 0.1744 | D_B: 0.0594 | Cycle: 0.7670
Epoch 26/80 | Step 176250 | G: 1.7538 | D_A: 0.1323 | D_B: 0.1291 | Cycle: 0.7079
Epoch 26/80 | Step 176300 | G: 2.0994 | D_A: 0.2114 | D_B: 0.2214 | Cycle: 0.8425
Epoch 26/80 | Step 176350 | G: 2.9576 | D_A: 0.1182 | D_B: 0.0987 | Cycle: 0.9151
Epoch 26/80 | Step 176400 | G: 2.1517 | D_A: 0.1495 | D_B: 0.3013 | Cycle: 0.7605
Epoch 26/80 | Step 176450 | G: 1.7709 | D_A: 0.2025 | D_B: 0.1554 | Cycle: 0.6763
Epoch 26/80 | Step 176500 | G: 2.0975 | D_A: 0.0989 | D_B: 0.0672 | Cycle: 0.7663
Epoch 26/80 | Step 176550 | G: 1.8667 | D_A: 0.2331 | D_B: 0.0555 | Cycle: 0.7978
Epoch 26/80 | Step 176600 | G: 1.9064 | D_A: 0.0937 | D_B: 0.1155 | Cycle: 0.7125
Epoch 26/80 | Step 176650 | G: 1.8109 | D_A: 0.1482 | D_B: 0.1197 | Cycle: 0.6088
Epoch 26/80 | Step 176700 | G: 1.9392 | D_A: 0.3426 | D_B: 0.2542 | Cycle: 0.9158
Epoch 26/80 | Step 176750 | G: 2.3494 | D_A: 0.3239 | D_B: 0.0886 | Cycle: 0.9583
Epoch 26/80 | Step 176800 | G: 1.9923 | D_A: 0.1548 | D_B: 0.1775 | Cycle: 0.9061
Epoch 26/80 | Step 176850 | G: 1.9587 | D_A: 0.2428 | D_B: 0.1870 | Cycle: 0.6549
Epoch 26/80 | Step 176900 | G: 1.8105 | D_A: 0.1233 | D_B: 0.1182 | Cycle: 0.6867
Epoch 26/80 | Step 176950 | G: 2.4990 | D_A: 0.0801 | D_B: 0.0583 | Cycle: 0.8546
Epoch 26/80 | Step 177000 | G: 3.3288 | D_A: 0.1644 | D_B: 0.0353 | Cycle: 1.0804
Epoch 26/80 | Step 177050 | G: 2.0259 | D_A: 0.1501 | D_B: 0.0628 | Cycle: 0.8050
Epoch 26/80 | Step 177100 | G: 2.0361 | D_A: 0.0797 | D_B: 0.1454 | Cycle: 0.6880
Epoch 26/80 | Step 177150 | G: 1.8687 | D_A: 0.0994 | D_B: 0.0994 | Cycle: 0.7085
Epoch 26/80 | Step 177200 | G: 2.5526 | D_A: 0.1109 | D_B: 0.0757 | Cycle: 1.2391
Epoch 26/80 | Step 177250 | G: 2.9355 | D_A: 0.0761 | D_B: 0.0711 | Cycle: 1.0638
Epoch 26/80 | Step 177300 | G: 2.1025 | D_A: 0.1694 | D_B: 0.1028 | Cycle: 0.7576
Epoch 26/80 | Step 177350 | G: 1.8203 | D_A: 0.1829 | D_B: 0.1316 | Cycle: 0.6241
Epoch 26/80 | Step 177400 | G: 2.1518 | D_A: 0.1275 | D_B: 0.0778 | Cycle: 0.9361
Epoch 26/80 | Step 177450 | G: 3.2909 | D_A: 0.0698 | D_B: 0.0499 | Cycle: 1.0354
Epoch 26/80 | Step 177500 | G: 2.7286 | D_A: 0.0995 | D_B: 0.1481 | Cycle: 0.8091
Epoch 26/80 | Step 177550 | G: 2.5723 | D_A: 0.0857 | D_B: 0.0808 | Cycle: 0.8134
Epoch 26/80 | Step 177600 | G: 2.0592 | D_A: 0.0720 | D_B: 0.1041 | Cycle: 0.8382
Epoch 26/80 | Step 177650 | G: 2.5610 | D_A: 0.1422 | D_B: 0.0286 | Cycle: 0.9996
Epoch 26/80 | Step 177700 | G: 1.9868 | D_A: 0.1656 | D_B: 0.1266 | Cycle: 0.7354
Epoch 26/80 | Step 177750 | G: 2.1396 | D_A: 0.0933 | D_B: 0.0770 | Cycle: 0.7945
Epoch 26/80 | Step 177800 | G: 2.0058 | D_A: 0.1581 | D_B: 0.0919 | Cycle: 0.7140
Epoch 26/80 | Step 177850 | G: 2.4656 | D_A: 0.2100 | D_B: 0.0882 | Cycle: 1.0158
Epoch 26/80 | Step 177900 | G: 1.9584 | D_A: 0.0994 | D_B: 0.0410 | Cycle: 0.8016
Epoch 26/80 | Step 177950 | G: 2.6999 | D_A: 0.1140 | D_B: 0.0580 | Cycle: 0.7897
Epoch 26/80 | Step 178000 | G: 2.0800 | D_A: 0.2492 | D_B: 0.2159 | Cycle: 0.8124
Epoch 26/80 | Step 178050 | G: 2.0431 | D_A: 0.1987 | D_B: 0.0576 | Cycle: 0.9020
Epoch 26/80 | Step 178100 | G: 2.6181 | D_A: 0.1864 | D_B: 0.0573 | Cycle: 0.8396
Epoch 26/80 | Step 178150 | G: 2.0726 | D_A: 0.1092 | D_B: 0.1077 | Cycle: 0.8763
Epoch 26/80 | Step 178200 | G: 2.2162 | D_A: 0.1415 | D_B: 0.0855 | Cycle: 0.8158
Epoch 26/80 | Step 178250 | G: 2.0231 | D_A: 0.0909 | D_B: 0.1091 | Cycle: 0.8028
Epoch 26/80 | Step 178300 | G: 2.0617 | D_A: 0.1730 | D_B: 0.1920 | Cycle: 0.9161
Epoch 26/80 | Step 178350 | G: 2.7153 | D_A: 0.0726 | D_B: 0.1425 | Cycle: 0.9656
Epoch 26/80 | Step 178400 | G: 2.5781 | D_A: 0.1697 | D_B: 0.0368 | Cycle: 0.9168
Epoch 26/80 | Step 178450 | G: 2.6939 | D_A: 0.1785 | D_B: 0.0400 | Cycle: 1.0776
Epoch 26/80 | Step 178500 | G: 2.1887 | D_A: 0.0777 | D_B: 0.1496 | Cycle: 0.8092
Epoch 26/80 | Step 178550 | G: 2.0250 | D_A: 0.2639 | D_B: 0.0982 | Cycle: 0.8903
Epoch 26/80 | Step 178600 | G: 2.4379 | D_A: 0.0791 | D_B: 0.0167 | Cycle: 0.6265
Epoch 26/80 | Step 178650 | G: 2.1409 | D_A: 0.1036 | D_B: 0.1069 | Cycle: 0.9912
Epoch 26/80 | Step 178700 | G: 2.1264 | D_A: 0.1286 | D_B: 0.0713 | Cycle: 0.8470
Epoch 26/80 | Step 178750 | G: 2.3170 | D_A: 0.1932 | D_B: 0.1165 | Cycle: 0.9072
Epoch 26/80 | Step 178800 | G: 2.1099 | D_A: 0.1874 | D_B: 0.1242 | Cycle: 0.7884
Epoch 26/80 | Step 178850 | G: 2.0066 | D_A: 0.2134 | D_B: 0.0954 | Cycle: 0.7895
Epoch 26/80 | Step 178900 | G: 2.0344 | D_A: 0.2258 | D_B: 0.0677 | Cycle: 0.8570
Epoch 26/80 | Step 178950 | G: 2.2784 | D_A: 0.3382 | D_B: 0.1223 | Cycle: 1.0000
Epoch 26/80 | Step 179000 | G: 2.8761 | D_A: 0.1501 | D_B: 0.0529 | Cycle: 0.9213
Epoch 26/80 | Step 179050 | G: 3.1774 | D_A: 0.1037 | D_B: 0.0919 | Cycle: 1.1266
Epoch 26/80 | Step 179100 | G: 2.7010 | D_A: 0.1033 | D_B: 0.1252 | Cycle: 1.0580
Epoch 26/80 | Step 179150 | G: 1.9383 | D_A: 0.2374 | D_B: 0.1627 | Cycle: 0.7366
Epoch 26/80 | Step 179200 | G: 2.0182 | D_A: 0.1950 | D_B: 0.0943 | Cycle: 0.7375
Epoch 26/80 | Step 179250 | G: 2.6528 | D_A: 0.1001 | D_B: 0.0416 | Cycle: 0.8534
Epoch 26/80 | Step 179300 | G: 2.3125 | D_A: 0.0703 | D_B: 0.0843 | Cycle: 0.7285
Epoch 26/80 | Step 179350 | G: 2.7098 | D_A: 0.3875 | D_B: 0.0796 | Cycle: 0.8004
Epoch 26/80 | Step 179400 | G: 3.2741 | D_A: 0.0715 | D_B: 0.0434 | Cycle: 0.8357
Epoch 26/80 | Step 179450 | G: 1.9185 | D_A: 0.1664 | D_B: 0.1080 | Cycle: 0.7192
Epoch 26/80 | Step 179500 | G: 1.9616 | D_A: 0.1178 | D_B: 0.1032 | Cycle: 0.6037
Epoch 26/80 | Step 179550 | G: 2.0725 | D_A: 0.1059 | D_B: 0.0694 | Cycle: 0.7644
Epoch 26/80 | Step 179600 | G: 2.0691 | D_A: 0.2013 | D_B: 0.1507 | Cycle: 0.7902
Epoch 26/80 | Step 179650 | G: 2.7456 | D_A: 0.1828 | D_B: 0.1025 | Cycle: 1.0334
Epoch 26/80 | Step 179700 | G: 3.1743 | D_A: 0.1044 | D_B: 0.1222 | Cycle: 0.8090
Epoch 26/80 | Step 179750 | G: 2.2370 | D_A: 0.1305 | D_B: 0.1036 | Cycle: 0.8779
Epoch 26/80 | Step 179800 | G: 2.9323 | D_A: 0.2127 | D_B: 0.0333 | Cycle: 0.8713
Epoch 26/80 | Step 179850 | G: 2.0417 | D_A: 0.1238 | D_B: 0.0815 | Cycle: 0.6909
Epoch 26/80 | Step 179900 | G: 1.8869 | D_A: 0.1979 | D_B: 0.0470 | Cycle: 0.6458
Epoch 26/80 | Step 179950 | G: 2.2599 | D_A: 0.2127 | D_B: 0.0821 | Cycle: 0.6728
Epoch 26/80 | Step 180000 | G: 2.5372 | D_A: 0.0472 | D_B: 0.0941 | Cycle: 1.0470
Epoch 26/80 | Step 180050 | G: 2.1590 | D_A: 0.1962 | D_B: 0.0749 | Cycle: 0.7269
Epoch 26/80 | Step 180100 | G: 2.1186 | D_A: 0.1058 | D_B: 0.0662 | Cycle: 0.6748
Epoch 26/80 | Step 180150 | G: 1.9154 | D_A: 0.3579 | D_B: 0.0825 | Cycle: 0.7944
Epoch 26/80 | Step 180200 | G: 2.1924 | D_A: 0.1210 | D_B: 0.0636 | Cycle: 0.8207
Epoch 26/80 | Step 180250 | G: 1.6427 | D_A: 0.1605 | D_B: 0.0982 | Cycle: 1.0110
Epoch 26/80 | Step 180300 | G: 1.8639 | D_A: 0.1809 | D_B: 0.1620 | Cycle: 0.7276
Epoch 26/80 | Step 180350 | G: 1.8614 | D_A: 0.1917 | D_B: 0.0322 | Cycle: 0.8263
Epoch 26/80 | Step 180400 | G: 1.9677 | D_A: 0.1576 | D_B: 0.2041 | Cycle: 0.6708
Epoch 26/80 | Step 180450 | G: 2.0446 | D_A: 0.1450 | D_B: 0.0880 | Cycle: 0.6329
Epoch 26/80 | Step 180500 | G: 1.6883 | D_A: 0.1015 | D_B: 0.0898 | Cycle: 0.5918
Epoch 26/80 | Step 180550 | G: 2.6370 | D_A: 0.4482 | D_B: 0.0891 | Cycle: 1.0637
Epoch 26/80 | Step 180600 | G: 1.6791 | D_A: 0.1074 | D_B: 0.1503 | Cycle: 0.7496
Epoch 26/80 | Step 180650 | G: 1.7614 | D_A: 0.1511 | D_B: 0.0976 | Cycle: 0.6778
Epoch 26/80 | Step 180700 | G: 1.8235 | D_A: 0.1864 | D_B: 0.1591 | Cycle: 0.5923
Epoch 26/80 | Step 180750 | G: 1.7495 | D_A: 0.1020 | D_B: 0.0396 | Cycle: 0.7110
Epoch 26/80 | Step 180800 | G: 2.3963 | D_A: 0.3277 | D_B: 0.1742 | Cycle: 0.9832
Epoch 26/80 | Step 180850 | G: 1.7980 | D_A: 0.3851 | D_B: 0.0920 | Cycle: 0.6206
Epoch 26/80 | Step 180900 | G: 2.3629 | D_A: 0.1097 | D_B: 0.0360 | Cycle: 0.8971
Epoch 26/80 | Step 180950 | G: 2.5776 | D_A: 0.1500 | D_B: 0.1599 | Cycle: 0.8021
Epoch 26/80 | Step 181000 | G: 2.2340 | D_A: 0.2456 | D_B: 0.0728 | Cycle: 0.7470
Epoch 26/80 | Step 181050 | G: 2.1372 | D_A: 0.1084 | D_B: 0.1124 | Cycle: 0.7040
Epoch 26/80 | Step 181100 | G: 2.0107 | D_A: 0.0987 | D_B: 0.1266 | Cycle: 0.8725
Epoch 26/80 | Step 181150 | G: 2.2486 | D_A: 0.1105 | D_B: 0.1970 | Cycle: 0.8204
Epoch 26/80 | Step 181200 | G: 3.8467 | D_A: 0.0696 | D_B: 0.1328 | Cycle: 1.0040
Epoch 26/80 | Step 181250 | G: 2.5716 | D_A: 0.0862 | D_B: 0.0739 | Cycle: 1.0736
Epoch 26/80 | Step 181300 | G: 2.2194 | D_A: 0.0524 | D_B: 0.1249 | Cycle: 0.6473
Epoch 26/80 | Step 181350 | G: 2.8122 | D_A: 0.1679 | D_B: 0.0293 | Cycle: 0.9968
Epoch 26/80 | Step 181400 | G: 2.5883 | D_A: 0.1688 | D_B: 0.0737 | Cycle: 0.8366
Epoch 26/80 | Step 181450 | G: 2.8048 | D_A: 0.3020 | D_B: 0.1194 | Cycle: 1.0011
Epoch 26/80 | Step 181500 | G: 1.9444 | D_A: 0.1242 | D_B: 0.2920 | Cycle: 0.7845
Epoch 26/80 | Step 181550 | G: 1.8062 | D_A: 0.1363 | D_B: 0.1248 | Cycle: 0.6461
Epoch 26/80 | Step 181600 | G: 1.8936 | D_A: 0.0926 | D_B: 0.0607 | Cycle: 0.7505
Epoch 26/80 | Step 181650 | G: 2.4414 | D_A: 0.0633 | D_B: 0.0732 | Cycle: 0.6823
Epoch 26/80 | Step 181700 | G: 2.4191 | D_A: 0.2643 | D_B: 0.1225 | Cycle: 0.8909
Epoch 26/80 | Step 181750 | G: 2.5660 | D_A: 0.1697 | D_B: 0.0734 | Cycle: 0.8619
Epoch 26/80 | Step 181800 | G: 2.0601 | D_A: 0.0980 | D_B: 0.0425 | Cycle: 0.6585
Epoch 26/80 | Step 181850 | G: 2.2145 | D_A: 0.1997 | D_B: 0.0702 | Cycle: 0.6963
Epoch 26/80 | Step 181900 | G: 2.3319 | D_A: 0.1835 | D_B: 0.0895 | Cycle: 0.8130
Epoch 26/80 | Step 181950 | G: 2.1735 | D_A: 0.0960 | D_B: 0.1663 | Cycle: 0.8494
Epoch 26/80 | Step 182000 | G: 2.0648 | D_A: 0.1972 | D_B: 0.0636 | Cycle: 0.7673
Epoch 26/80 | Step 182050 | G: 2.0624 | D_A: 0.2297 | D_B: 0.0528 | Cycle: 0.8515
Epoch 26/80 | Step 182100 | G: 2.0030 | D_A: 0.1100 | D_B: 0.1254 | Cycle: 1.0143
Epoch 26/80 | Step 182150 | G: 2.3425 | D_A: 0.1400 | D_B: 0.1810 | Cycle: 1.2014
Epoch 26/80 | Step 182200 | G: 1.7283 | D_A: 0.1448 | D_B: 0.0329 | Cycle: 0.6981
Epoch 26/80 | Step 182250 | G: 2.5283 | D_A: 0.1379 | D_B: 0.1304 | Cycle: 0.8965
Epoch 26/80 | Step 182300 | G: 2.8038 | D_A: 0.0910 | D_B: 0.1082 | Cycle: 0.7273
Epoch 26/80 | Step 182350 | G: 1.8102 | D_A: 0.1664 | D_B: 0.1864 | Cycle: 0.7470
Epoch 26/80 | Step 182400 | G: 2.0974 | D_A: 0.1797 | D_B: 0.0744 | Cycle: 0.8757
Epoch 26/80 | Step 182450 | G: 2.3700 | D_A: 0.1605 | D_B: 0.0378 | Cycle: 0.8468
Epoch 26/80 | Step 182500 | G: 2.5302 | D_A: 0.0966 | D_B: 0.0473 | Cycle: 0.8759
Epoch 26/80 | Step 182550 | G: 2.4374 | D_A: 0.1528 | D_B: 0.1040 | Cycle: 0.9030
Epoch 26/80 | Step 182600 | G: 2.1798 | D_A: 0.0889 | D_B: 0.1138 | Cycle: 0.9486
Epoch 26/80 | Step 182650 | G: 2.6385 | D_A: 0.1472 | D_B: 0.0312 | Cycle: 0.8523
Epoch 26/80 | Step 182700 | G: 2.6461 | D_A: 0.0803 | D_B: 0.1393 | Cycle: 0.6440
Epoch 26/80 | Step 182750 | G: 1.9085 | D_A: 0.1443 | D_B: 0.1762 | Cycle: 0.7405
Epoch 26/80 | Step 182800 | G: 2.1758 | D_A: 0.1506 | D_B: 0.0748 | Cycle: 0.7836
Epoch 26/80 | Step 182850 | G: 2.2036 | D_A: 0.0571 | D_B: 0.1052 | Cycle: 0.6690
Epoch 26/80 | Step 182900 | G: 2.4823 | D_A: 0.1223 | D_B: 0.2590 | Cycle: 0.7280
Epoch 26/80 | Step 182950 | G: 2.0354 | D_A: 0.1410 | D_B: 0.0544 | Cycle: 0.8454
Epoch 26/80 complete | Time: 436s | Avg G: 2.2602 | Avg D: 0.1267
Epoch 27/80 | Step 183000 | G: 2.0505 | D_A: 0.1818 | D_B: 0.0735 | Cycle: 0.6555
Epoch 27/80 | Step 183050 | G: 2.2271 | D_A: 0.2493 | D_B: 0.0769 | Cycle: 0.8419
Epoch 27/80 | Step 183100 | G: 2.2456 | D_A: 0.0580 | D_B: 0.0536 | Cycle: 0.7681
Epoch 27/80 | Step 183150 | G: 2.7874 | D_A: 0.2490 | D_B: 0.0463 | Cycle: 1.1292
Epoch 27/80 | Step 183200 | G: 2.3259 | D_A: 0.1767 | D_B: 0.0545 | Cycle: 0.8480
Epoch 27/80 | Step 183250 | G: 2.6171 | D_A: 0.1695 | D_B: 0.0890 | Cycle: 0.6524
Epoch 27/80 | Step 183300 | G: 2.5670 | D_A: 0.1696 | D_B: 0.0997 | Cycle: 0.7795
Epoch 27/80 | Step 183350 | G: 2.0832 | D_A: 0.1422 | D_B: 0.1004 | Cycle: 0.7926
Epoch 27/80 | Step 183400 | G: 2.0803 | D_A: 0.1079 | D_B: 0.1214 | Cycle: 0.8714
Epoch 27/80 | Step 183450 | G: 2.3197 | D_A: 0.1576 | D_B: 0.0235 | Cycle: 0.8940
Epoch 27/80 | Step 183500 | G: 2.2361 | D_A: 0.0459 | D_B: 0.0753 | Cycle: 0.8194
Epoch 27/80 | Step 183550 | G: 2.3864 | D_A: 0.2931 | D_B: 0.0541 | Cycle: 0.7356
Epoch 27/80 | Step 183600 | G: 2.7964 | D_A: 0.2544 | D_B: 0.2211 | Cycle: 0.7601
Epoch 27/80 | Step 183650 | G: 2.2262 | D_A: 0.1791 | D_B: 0.2316 | Cycle: 0.8349
Epoch 27/80 | Step 183700 | G: 2.1435 | D_A: 0.0856 | D_B: 0.0830 | Cycle: 0.6688
Epoch 27/80 | Step 183750 | G: 2.4811 | D_A: 0.0628 | D_B: 0.0406 | Cycle: 0.8853
Epoch 27/80 | Step 183800 | G: 2.0492 | D_A: 0.1668 | D_B: 0.0490 | Cycle: 0.7308
Epoch 27/80 | Step 183850 | G: 2.0025 | D_A: 0.1428 | D_B: 0.0616 | Cycle: 0.7065
Epoch 27/80 | Step 183900 | G: 2.9688 | D_A: 0.2169 | D_B: 0.0606 | Cycle: 1.2034
Epoch 27/80 | Step 183950 | G: 1.9278 | D_A: 0.1793 | D_B: 0.0945 | Cycle: 0.6453
Epoch 27/80 | Step 184000 | G: 2.4327 | D_A: 0.3036 | D_B: 0.0396 | Cycle: 0.9005
Epoch 27/80 | Step 184050 | G: 2.8833 | D_A: 0.0545 | D_B: 0.1154 | Cycle: 1.3684
Epoch 27/80 | Step 184100 | G: 2.4720 | D_A: 0.2174 | D_B: 0.1336 | Cycle: 0.8605
Epoch 27/80 | Step 184150 | G: 3.3272 | D_A: 0.4219 | D_B: 0.0301 | Cycle: 1.1614
Epoch 27/80 | Step 184200 | G: 2.9006 | D_A: 0.1889 | D_B: 0.0420 | Cycle: 0.7487
Epoch 27/80 | Step 184250 | G: 3.2457 | D_A: 0.0859 | D_B: 0.4167 | Cycle: 1.0477
Epoch 27/80 | Step 184300 | G: 1.7879 | D_A: 0.1157 | D_B: 0.3041 | Cycle: 0.8176
Epoch 27/80 | Step 184350 | G: 2.2509 | D_A: 0.2839 | D_B: 0.0548 | Cycle: 0.7706
Epoch 27/80 | Step 184400 | G: 2.1542 | D_A: 0.1322 | D_B: 0.1505 | Cycle: 0.5659
Epoch 27/80 | Step 184450 | G: 2.0541 | D_A: 0.1909 | D_B: 0.0359 | Cycle: 0.8716
Epoch 27/80 | Step 184500 | G: 2.3496 | D_A: 0.1427 | D_B: 0.1237 | Cycle: 1.0236
Epoch 27/80 | Step 184550 | G: 1.8666 | D_A: 0.2331 | D_B: 0.0339 | Cycle: 0.7061
Epoch 27/80 | Step 184600 | G: 2.7614 | D_A: 0.1272 | D_B: 0.1923 | Cycle: 1.1352
Epoch 27/80 | Step 184650 | G: 2.0555 | D_A: 0.1348 | D_B: 0.1290 | Cycle: 0.8348
Epoch 27/80 | Step 184700 | G: 2.3094 | D_A: 0.2125 | D_B: 0.0619 | Cycle: 0.8338
Epoch 27/80 | Step 184750 | G: 2.0316 | D_A: 0.1736 | D_B: 0.0360 | Cycle: 0.8430
Epoch 27/80 | Step 184800 | G: 1.6217 | D_A: 0.2682 | D_B: 0.1510 | Cycle: 0.5772
Epoch 27/80 | Step 184850 | G: 1.6923 | D_A: 0.1942 | D_B: 0.1607 | Cycle: 0.7279
Epoch 27/80 | Step 184900 | G: 2.3727 | D_A: 0.0950 | D_B: 0.0981 | Cycle: 0.7946
Epoch 27/80 | Step 184950 | G: 1.6060 | D_A: 0.2364 | D_B: 0.2362 | Cycle: 0.6277
Epoch 27/80 | Step 185000 | G: 2.1848 | D_A: 0.0958 | D_B: 0.0555 | Cycle: 0.7783
Epoch 27/80 | Step 185050 | G: 2.5099 | D_A: 0.1289 | D_B: 0.0348 | Cycle: 0.9786
Epoch 27/80 | Step 185100 | G: 2.4150 | D_A: 0.1224 | D_B: 0.0416 | Cycle: 0.9887
Epoch 27/80 | Step 185150 | G: 2.2858 | D_A: 0.1206 | D_B: 0.0435 | Cycle: 0.8264
Epoch 27/80 | Step 185200 | G: 2.5133 | D_A: 0.1250 | D_B: 0.0437 | Cycle: 0.8133
Epoch 27/80 | Step 185250 | G: 1.9081 | D_A: 0.1198 | D_B: 0.0798 | Cycle: 0.8078
Epoch 27/80 | Step 185300 | G: 2.1485 | D_A: 0.1223 | D_B: 0.1115 | Cycle: 0.7480
Epoch 27/80 | Step 185350 | G: 2.7207 | D_A: 0.3132 | D_B: 0.0780 | Cycle: 0.8492
Epoch 27/80 | Step 185400 | G: 1.5096 | D_A: 0.2633 | D_B: 0.1008 | Cycle: 0.6239
Epoch 27/80 | Step 185450 | G: 1.6458 | D_A: 0.2514 | D_B: 0.0307 | Cycle: 0.8788
Epoch 27/80 | Step 185500 | G: 2.5570 | D_A: 0.1080 | D_B: 0.0393 | Cycle: 0.7548
Epoch 27/80 | Step 185550 | G: 2.2119 | D_A: 0.2369 | D_B: 0.0536 | Cycle: 0.8073
Epoch 27/80 | Step 185600 | G: 2.5141 | D_A: 0.2868 | D_B: 0.0448 | Cycle: 0.9267
Epoch 27/80 | Step 185650 | G: 1.4227 | D_A: 0.1304 | D_B: 0.0639 | Cycle: 0.6142
Epoch 27/80 | Step 185700 | G: 1.8999 | D_A: 0.1479 | D_B: 0.0760 | Cycle: 0.7970
Epoch 27/80 | Step 185750 | G: 1.8712 | D_A: 0.1038 | D_B: 0.0218 | Cycle: 0.9791
Epoch 27/80 | Step 185800 | G: 1.9307 | D_A: 0.1028 | D_B: 0.0628 | Cycle: 0.7372
Epoch 27/80 | Step 185850 | G: 2.6419 | D_A: 0.1265 | D_B: 0.1276 | Cycle: 0.7901
Epoch 27/80 | Step 185900 | G: 2.4748 | D_A: 0.1405 | D_B: 0.0905 | Cycle: 0.8350
Epoch 27/80 | Step 185950 | G: 2.2731 | D_A: 0.0924 | D_B: 0.0957 | Cycle: 0.9378
Epoch 27/80 | Step 186000 | G: 2.1312 | D_A: 0.0925 | D_B: 0.1036 | Cycle: 0.8098
Epoch 27/80 | Step 186050 | G: 2.0797 | D_A: 0.0848 | D_B: 0.0920 | Cycle: 0.7452
Epoch 27/80 | Step 186100 | G: 2.5761 | D_A: 0.1189 | D_B: 0.0467 | Cycle: 0.9759
Epoch 27/80 | Step 186150 | G: 2.3651 | D_A: 0.2969 | D_B: 0.1274 | Cycle: 0.7705
Epoch 27/80 | Step 186200 | G: 2.4744 | D_A: 0.0980 | D_B: 0.1689 | Cycle: 0.8425
Epoch 27/80 | Step 186250 | G: 2.0774 | D_A: 0.1596 | D_B: 0.1173 | Cycle: 0.7939
Epoch 27/80 | Step 186300 | G: 2.6540 | D_A: 0.1965 | D_B: 0.0758 | Cycle: 0.9975
Epoch 27/80 | Step 186350 | G: 1.7377 | D_A: 0.4267 | D_B: 0.2109 | Cycle: 0.6728
Epoch 27/80 | Step 186400 | G: 1.6283 | D_A: 0.1558 | D_B: 0.0904 | Cycle: 0.6602
Epoch 27/80 | Step 186450 | G: 2.4994 | D_A: 0.1001 | D_B: 0.0527 | Cycle: 0.8745
Epoch 27/80 | Step 186500 | G: 2.2749 | D_A: 0.1958 | D_B: 0.0662 | Cycle: 0.8759
Epoch 27/80 | Step 186550 | G: 1.4957 | D_A: 0.1075 | D_B: 0.1586 | Cycle: 0.7125
Epoch 27/80 | Step 186600 | G: 1.8209 | D_A: 0.1555 | D_B: 0.1796 | Cycle: 0.7365
Epoch 27/80 | Step 186650 | G: 2.3152 | D_A: 0.1045 | D_B: 0.0815 | Cycle: 1.0272
Epoch 27/80 | Step 186700 | G: 2.6606 | D_A: 0.1124 | D_B: 0.0408 | Cycle: 0.8723
Epoch 27/80 | Step 186750 | G: 1.9714 | D_A: 0.2143 | D_B: 0.0608 | Cycle: 0.8388
Epoch 27/80 | Step 186800 | G: 2.3062 | D_A: 0.0601 | D_B: 0.0473 | Cycle: 0.7521
Epoch 27/80 | Step 186850 | G: 2.3775 | D_A: 0.1602 | D_B: 0.1385 | Cycle: 0.7065
Epoch 27/80 | Step 186900 | G: 2.0156 | D_A: 0.1084 | D_B: 0.1141 | Cycle: 0.8051
Epoch 27/80 | Step 186950 | G: 2.4986 | D_A: 0.0974 | D_B: 0.0905 | Cycle: 0.8976
Epoch 27/80 | Step 187000 | G: 2.1443 | D_A: 0.3142 | D_B: 0.1358 | Cycle: 0.7965
Epoch 27/80 | Step 187050 | G: 1.8670 | D_A: 0.1218 | D_B: 0.1026 | Cycle: 0.6739
Epoch 27/80 | Step 187100 | G: 1.8818 | D_A: 0.0964 | D_B: 0.1392 | Cycle: 0.6482
Epoch 27/80 | Step 187150 | G: 2.5784 | D_A: 0.1827 | D_B: 0.1143 | Cycle: 0.9953
Epoch 27/80 | Step 187200 | G: 1.5983 | D_A: 0.2040 | D_B: 0.1150 | Cycle: 0.7003
Epoch 27/80 | Step 187250 | G: 2.6449 | D_A: 0.0782 | D_B: 0.1365 | Cycle: 0.8112
Epoch 27/80 | Step 187300 | G: 1.8905 | D_A: 0.0651 | D_B: 0.0725 | Cycle: 0.6657
Epoch 27/80 | Step 187350 | G: 2.1464 | D_A: 0.1346 | D_B: 0.0637 | Cycle: 0.7610
Epoch 27/80 | Step 187400 | G: 2.5995 | D_A: 0.0959 | D_B: 0.0361 | Cycle: 0.7928
Epoch 27/80 | Step 187450 | G: 2.4777 | D_A: 0.1328 | D_B: 0.0542 | Cycle: 0.8969
Epoch 27/80 | Step 187500 | G: 2.1905 | D_A: 0.1790 | D_B: 0.0892 | Cycle: 0.8364
Epoch 27/80 | Step 187550 | G: 2.0263 | D_A: 0.3216 | D_B: 0.1836 | Cycle: 0.8070
Epoch 27/80 | Step 187600 | G: 2.0464 | D_A: 0.1290 | D_B: 0.0408 | Cycle: 0.8700
Epoch 27/80 | Step 187650 | G: 1.9729 | D_A: 0.0905 | D_B: 0.2230 | Cycle: 0.9432
Epoch 27/80 | Step 187700 | G: 1.8042 | D_A: 0.1256 | D_B: 0.2291 | Cycle: 0.8611
Epoch 27/80 | Step 187750 | G: 1.9992 | D_A: 0.1716 | D_B: 0.2195 | Cycle: 0.8517
Epoch 27/80 | Step 187800 | G: 2.7283 | D_A: 0.1281 | D_B: 0.0422 | Cycle: 0.8339
Epoch 27/80 | Step 187850 | G: 2.4903 | D_A: 0.1149 | D_B: 0.0888 | Cycle: 0.7923
Epoch 27/80 | Step 187900 | G: 1.8561 | D_A: 0.0768 | D_B: 0.1173 | Cycle: 0.6651
Epoch 27/80 | Step 187950 | G: 3.1949 | D_A: 0.0560 | D_B: 0.0932 | Cycle: 1.0653
Epoch 27/80 | Step 188000 | G: 2.5302 | D_A: 0.0646 | D_B: 0.1149 | Cycle: 1.0293
Epoch 27/80 | Step 188050 | G: 1.4798 | D_A: 0.2386 | D_B: 0.1295 | Cycle: 0.7020
Epoch 27/80 | Step 188100 | G: 2.5850 | D_A: 0.1214 | D_B: 0.0315 | Cycle: 0.8171
Epoch 27/80 | Step 188150 | G: 2.2376 | D_A: 0.1562 | D_B: 0.1346 | Cycle: 0.8292
Epoch 27/80 | Step 188200 | G: 2.1686 | D_A: 0.0274 | D_B: 0.0717 | Cycle: 0.8410
Epoch 27/80 | Step 188250 | G: 2.7831 | D_A: 0.1532 | D_B: 0.0540 | Cycle: 1.1081
Epoch 27/80 | Step 188300 | G: 3.1473 | D_A: 0.0626 | D_B: 0.0592 | Cycle: 1.0727
Epoch 27/80 | Step 188350 | G: 2.9666 | D_A: 0.0839 | D_B: 0.0378 | Cycle: 0.6806
Epoch 27/80 | Step 188400 | G: 2.0287 | D_A: 0.0975 | D_B: 0.0455 | Cycle: 0.7212
Epoch 27/80 | Step 188450 | G: 1.4665 | D_A: 0.2277 | D_B: 0.0460 | Cycle: 0.6106
Epoch 27/80 | Step 188500 | G: 1.9350 | D_A: 0.1752 | D_B: 0.0533 | Cycle: 0.6378
Epoch 27/80 | Step 188550 | G: 2.1398 | D_A: 0.1362 | D_B: 0.0709 | Cycle: 0.7939
Epoch 27/80 | Step 188600 | G: 3.0429 | D_A: 0.3359 | D_B: 0.2950 | Cycle: 0.9095
Epoch 27/80 | Step 188650 | G: 2.5723 | D_A: 0.1959 | D_B: 0.0616 | Cycle: 0.8177
Epoch 27/80 | Step 188700 | G: 2.2660 | D_A: 0.0813 | D_B: 0.1610 | Cycle: 0.6969
Epoch 27/80 | Step 188750 | G: 2.5634 | D_A: 0.0826 | D_B: 0.0379 | Cycle: 0.7285
Epoch 27/80 | Step 188800 | G: 2.7744 | D_A: 0.0955 | D_B: 0.0511 | Cycle: 0.8903
Epoch 27/80 | Step 188850 | G: 2.2034 | D_A: 0.2952 | D_B: 0.0904 | Cycle: 0.7174
Epoch 27/80 | Step 188900 | G: 2.1800 | D_A: 0.2158 | D_B: 0.0806 | Cycle: 0.8660
Epoch 27/80 | Step 188950 | G: 1.9871 | D_A: 0.1992 | D_B: 0.1614 | Cycle: 0.8339
Epoch 27/80 | Step 189000 | G: 1.7761 | D_A: 0.2517 | D_B: 0.2068 | Cycle: 0.7352
Epoch 27/80 | Step 189050 | G: 1.6782 | D_A: 0.3704 | D_B: 0.2066 | Cycle: 0.8153
Epoch 27/80 | Step 189100 | G: 2.2270 | D_A: 0.1407 | D_B: 0.0702 | Cycle: 0.6370
Epoch 27/80 | Step 189150 | G: 2.0000 | D_A: 0.1775 | D_B: 0.1961 | Cycle: 0.7392
Epoch 27/80 | Step 189200 | G: 1.8651 | D_A: 0.3410 | D_B: 0.1218 | Cycle: 0.8442
Epoch 27/80 | Step 189250 | G: 1.7119 | D_A: 0.1383 | D_B: 0.0389 | Cycle: 0.7170
Epoch 27/80 | Step 189300 | G: 2.8773 | D_A: 0.1140 | D_B: 0.0263 | Cycle: 0.9142
Epoch 27/80 | Step 189350 | G: 2.5588 | D_A: 0.1735 | D_B: 0.0862 | Cycle: 0.8077
Epoch 27/80 | Step 189400 | G: 1.8762 | D_A: 0.1202 | D_B: 0.1533 | Cycle: 0.7697
Epoch 27/80 | Step 189450 | G: 2.3788 | D_A: 0.1179 | D_B: 0.0539 | Cycle: 0.6754
Epoch 27/80 | Step 189500 | G: 2.3223 | D_A: 0.1960 | D_B: 0.1336 | Cycle: 0.8739
Epoch 27/80 | Step 189550 | G: 2.7300 | D_A: 0.1227 | D_B: 0.0809 | Cycle: 0.9277
Epoch 27/80 | Step 189600 | G: 1.7762 | D_A: 0.2027 | D_B: 0.1041 | Cycle: 0.5876
Epoch 27/80 | Step 189650 | G: 2.5965 | D_A: 0.0963 | D_B: 0.0383 | Cycle: 0.7247
Epoch 27/80 | Step 189700 | G: 1.9609 | D_A: 0.2843 | D_B: 0.0903 | Cycle: 0.8307
Epoch 27/80 | Step 189750 | G: 2.3793 | D_A: 0.0813 | D_B: 0.0810 | Cycle: 0.9578
Epoch 27/80 | Step 189800 | G: 2.0062 | D_A: 0.1647 | D_B: 0.0258 | Cycle: 0.7249
Epoch 27/80 | Step 189850 | G: 2.4258 | D_A: 0.1237 | D_B: 0.0617 | Cycle: 0.9494
Epoch 27/80 | Step 189900 | G: 2.0949 | D_A: 0.1722 | D_B: 0.0829 | Cycle: 0.7859
Epoch 27/80 | Step 189950 | G: 2.5919 | D_A: 0.1622 | D_B: 0.0794 | Cycle: 0.9386
Epoch 27/80 | Step 190000 | G: 2.3238 | D_A: 0.2686 | D_B: 0.0729 | Cycle: 0.6949
Epoch 27/80 complete | Time: 436s | Avg G: 2.2781 | Avg D: 0.1246
Epoch 28/80 | Step 190050 | G: 2.0824 | D_A: 0.3507 | D_B: 0.2027 | Cycle: 0.7911
Epoch 28/80 | Step 190100 | G: 2.3496 | D_A: 0.2649 | D_B: 0.0729 | Cycle: 0.8077
Epoch 28/80 | Step 190150 | G: 2.5230 | D_A: 0.2349 | D_B: 0.0879 | Cycle: 0.9502
Epoch 28/80 | Step 190200 | G: 2.3394 | D_A: 0.1647 | D_B: 0.0457 | Cycle: 0.6135
Epoch 28/80 | Step 190250 | G: 2.0760 | D_A: 0.3042 | D_B: 0.0381 | Cycle: 0.8625
Epoch 28/80 | Step 190300 | G: 2.1962 | D_A: 0.2030 | D_B: 0.0574 | Cycle: 1.0020
Epoch 28/80 | Step 190350 | G: 2.4720 | D_A: 0.0394 | D_B: 0.0434 | Cycle: 0.9158
Epoch 28/80 | Step 190400 | G: 2.2776 | D_A: 0.0883 | D_B: 0.0658 | Cycle: 0.8095
Epoch 28/80 | Step 190450 | G: 1.5400 | D_A: 0.0645 | D_B: 0.1231 | Cycle: 0.6564
Epoch 28/80 | Step 190500 | G: 2.3313 | D_A: 0.2463 | D_B: 0.0547 | Cycle: 0.8473
Epoch 28/80 | Step 190550 | G: 2.2458 | D_A: 0.0855 | D_B: 0.0992 | Cycle: 0.6123
Epoch 28/80 | Step 190600 | G: 2.6116 | D_A: 0.0613 | D_B: 0.1527 | Cycle: 0.8626
Epoch 28/80 | Step 190650 | G: 3.0557 | D_A: 0.1025 | D_B: 0.1820 | Cycle: 0.9082
Epoch 28/80 | Step 190700 | G: 2.2855 | D_A: 0.1549 | D_B: 0.0309 | Cycle: 0.8219
Epoch 28/80 | Step 190750 | G: 2.5600 | D_A: 0.1201 | D_B: 0.0583 | Cycle: 0.9355
Epoch 28/80 | Step 190800 | G: 1.8199 | D_A: 0.1057 | D_B: 0.1099 | Cycle: 0.7250
Epoch 28/80 | Step 190850 | G: 1.9731 | D_A: 0.1306 | D_B: 0.0699 | Cycle: 0.8229
Epoch 28/80 | Step 190900 | G: 2.7965 | D_A: 0.1027 | D_B: 0.0401 | Cycle: 0.8643
Epoch 28/80 | Step 190950 | G: 2.4946 | D_A: 0.1698 | D_B: 0.1498 | Cycle: 0.8474
Epoch 28/80 | Step 191000 | G: 2.3519 | D_A: 0.0868 | D_B: 0.0844 | Cycle: 0.7884
Epoch 28/80 | Step 191050 | G: 2.0265 | D_A: 0.1532 | D_B: 0.0294 | Cycle: 0.7156
Epoch 28/80 | Step 191100 | G: 1.9244 | D_A: 0.0995 | D_B: 0.0920 | Cycle: 0.7655
Epoch 28/80 | Step 191150 | G: 2.6499 | D_A: 0.1777 | D_B: 0.4082 | Cycle: 0.8784
Epoch 28/80 | Step 191200 | G: 3.0075 | D_A: 0.2247 | D_B: 0.0813 | Cycle: 0.9578
Epoch 28/80 | Step 191250 | G: 2.6725 | D_A: 0.2906 | D_B: 0.0652 | Cycle: 0.9196
Epoch 28/80 | Step 191300 | G: 2.2212 | D_A: 0.0366 | D_B: 0.0650 | Cycle: 0.8325
Epoch 28/80 | Step 191350 | G: 2.2949 | D_A: 0.0743 | D_B: 0.1712 | Cycle: 0.7796
Epoch 28/80 | Step 191400 | G: 2.1665 | D_A: 0.2776 | D_B: 0.1230 | Cycle: 0.7995
Epoch 28/80 | Step 191450 | G: 2.6299 | D_A: 0.3683 | D_B: 0.0658 | Cycle: 0.8160
Epoch 28/80 | Step 191500 | G: 2.0010 | D_A: 0.1641 | D_B: 0.0805 | Cycle: 0.6619
Epoch 28/80 | Step 191550 | G: 2.6472 | D_A: 0.0954 | D_B: 0.2499 | Cycle: 1.0196
Epoch 28/80 | Step 191600 | G: 2.6056 | D_A: 0.0889 | D_B: 0.0653 | Cycle: 0.9156
Epoch 28/80 | Step 191650 | G: 1.9396 | D_A: 0.1901 | D_B: 0.1262 | Cycle: 0.8743
Epoch 28/80 | Step 191700 | G: 2.0778 | D_A: 0.1379 | D_B: 0.0733 | Cycle: 0.7256
Epoch 28/80 | Step 191750 | G: 1.9302 | D_A: 0.2439 | D_B: 0.0736 | Cycle: 0.7105
Epoch 28/80 | Step 191800 | G: 2.2373 | D_A: 0.1038 | D_B: 0.0731 | Cycle: 0.8372
Epoch 28/80 | Step 191850 | G: 2.9274 | D_A: 0.2352 | D_B: 0.1174 | Cycle: 0.8097
Epoch 28/80 | Step 191900 | G: 1.9486 | D_A: 0.1434 | D_B: 0.0763 | Cycle: 0.8943
Epoch 28/80 | Step 191950 | G: 2.2643 | D_A: 0.1687 | D_B: 0.0561 | Cycle: 1.0009
Epoch 28/80 | Step 192000 | G: 1.9879 | D_A: 0.1126 | D_B: 0.2290 | Cycle: 0.6403
Epoch 28/80 | Step 192050 | G: 1.9227 | D_A: 0.1899 | D_B: 0.2071 | Cycle: 0.8064
Epoch 28/80 | Step 192100 | G: 2.3233 | D_A: 0.2758 | D_B: 0.0431 | Cycle: 0.9586
Epoch 28/80 | Step 192150 | G: 2.0432 | D_A: 0.1504 | D_B: 0.1744 | Cycle: 0.7023
Epoch 28/80 | Step 192200 | G: 1.9099 | D_A: 0.2157 | D_B: 0.1632 | Cycle: 0.8748
Epoch 28/80 | Step 192250 | G: 1.6575 | D_A: 0.0927 | D_B: 0.0395 | Cycle: 0.7392
Epoch 28/80 | Step 192300 | G: 2.0197 | D_A: 0.2162 | D_B: 0.0757 | Cycle: 0.7236
Epoch 28/80 | Step 192350 | G: 1.6729 | D_A: 0.0718 | D_B: 0.0644 | Cycle: 0.7166
Epoch 28/80 | Step 192400 | G: 1.8954 | D_A: 0.2110 | D_B: 0.1014 | Cycle: 0.6720
Epoch 28/80 | Step 192450 | G: 1.8897 | D_A: 0.2081 | D_B: 0.0444 | Cycle: 0.7754
Epoch 28/80 | Step 192500 | G: 2.7515 | D_A: 0.1684 | D_B: 0.1218 | Cycle: 0.8329
Epoch 28/80 | Step 192550 | G: 1.6684 | D_A: 0.1539 | D_B: 0.1740 | Cycle: 0.6643
Epoch 28/80 | Step 192600 | G: 2.2648 | D_A: 0.1856 | D_B: 0.1107 | Cycle: 0.7134
Epoch 28/80 | Step 192650 | G: 2.3990 | D_A: 0.0989 | D_B: 0.1144 | Cycle: 0.7616
Epoch 28/80 | Step 192700 | G: 1.7254 | D_A: 0.1097 | D_B: 0.2423 | Cycle: 0.7042
Epoch 28/80 | Step 192750 | G: 2.0727 | D_A: 0.0659 | D_B: 0.1337 | Cycle: 0.8065
Epoch 28/80 | Step 192800 | G: 2.3704 | D_A: 0.2008 | D_B: 0.0693 | Cycle: 0.6439
Epoch 28/80 | Step 192850 | G: 1.5954 | D_A: 0.1507 | D_B: 0.2572 | Cycle: 0.7638
Epoch 28/80 | Step 192900 | G: 2.0080 | D_A: 0.0475 | D_B: 0.1415 | Cycle: 0.6337
Epoch 28/80 | Step 192950 | G: 2.1474 | D_A: 0.0934 | D_B: 0.0276 | Cycle: 0.6422
Epoch 28/80 | Step 193000 | G: 2.4840 | D_A: 0.0404 | D_B: 0.0538 | Cycle: 0.6941
Epoch 28/80 | Step 193050 | G: 2.4715 | D_A: 0.1483 | D_B: 0.1143 | Cycle: 0.8700
Epoch 28/80 | Step 193100 | G: 3.3631 | D_A: 0.0960 | D_B: 0.0665 | Cycle: 1.2835
Epoch 28/80 | Step 193150 | G: 1.5067 | D_A: 0.3154 | D_B: 0.1765 | Cycle: 0.7369
Epoch 28/80 | Step 193200 | G: 3.3055 | D_A: 0.2930 | D_B: 0.0496 | Cycle: 0.7279
Epoch 28/80 | Step 193250 | G: 2.3339 | D_A: 0.3029 | D_B: 0.0777 | Cycle: 0.8434
Epoch 28/80 | Step 193300 | G: 2.1816 | D_A: 0.1573 | D_B: 0.0786 | Cycle: 0.7817
Epoch 28/80 | Step 193350 | G: 2.8713 | D_A: 0.0643 | D_B: 0.0354 | Cycle: 0.8641
Epoch 28/80 | Step 193400 | G: 2.7848 | D_A: 0.2280 | D_B: 0.1672 | Cycle: 0.7806
Epoch 28/80 | Step 193450 | G: 2.5572 | D_A: 0.1968 | D_B: 0.1326 | Cycle: 0.7913
Epoch 28/80 | Step 193500 | G: 3.8007 | D_A: 0.0669 | D_B: 0.0434 | Cycle: 0.9838
Epoch 28/80 | Step 193550 | G: 2.0510 | D_A: 0.1778 | D_B: 0.0739 | Cycle: 0.7206
Epoch 28/80 | Step 193600 | G: 2.6704 | D_A: 0.1601 | D_B: 0.0523 | Cycle: 0.9022
Epoch 28/80 | Step 193650 | G: 2.7478 | D_A: 0.1370 | D_B: 0.0410 | Cycle: 0.7990
Epoch 28/80 | Step 193700 | G: 2.3964 | D_A: 0.0494 | D_B: 0.1129 | Cycle: 0.7120
Epoch 28/80 | Step 193750 | G: 2.4152 | D_A: 0.1628 | D_B: 0.0817 | Cycle: 0.8645
Epoch 28/80 | Step 193800 | G: 2.2134 | D_A: 0.1320 | D_B: 0.0582 | Cycle: 0.7319
Epoch 28/80 | Step 193850 | G: 2.5570 | D_A: 0.1085 | D_B: 0.1190 | Cycle: 0.8914
Epoch 28/80 | Step 193900 | G: 2.4132 | D_A: 0.0712 | D_B: 0.0428 | Cycle: 0.8549
Epoch 28/80 | Step 193950 | G: 2.3716 | D_A: 0.0354 | D_B: 0.0516 | Cycle: 0.7680
Epoch 28/80 | Step 194000 | G: 1.9478 | D_A: 0.1558 | D_B: 0.0641 | Cycle: 0.8414
Epoch 28/80 | Step 194050 | G: 3.3826 | D_A: 0.0731 | D_B: 0.1668 | Cycle: 1.0482
Epoch 28/80 | Step 194100 | G: 1.9321 | D_A: 0.0934 | D_B: 0.0967 | Cycle: 0.7307
Epoch 28/80 | Step 194150 | G: 1.4738 | D_A: 0.2201 | D_B: 0.1647 | Cycle: 0.6996
Epoch 28/80 | Step 194200 | G: 2.5030 | D_A: 0.0875 | D_B: 0.0679 | Cycle: 0.8227
Epoch 28/80 | Step 194250 | G: 1.9534 | D_A: 0.2007 | D_B: 0.0894 | Cycle: 0.6920
Epoch 28/80 | Step 194300 | G: 2.6757 | D_A: 0.1581 | D_B: 0.0803 | Cycle: 0.8826
Epoch 28/80 | Step 194350 | G: 2.0903 | D_A: 0.0803 | D_B: 0.1454 | Cycle: 0.7084
Epoch 28/80 | Step 194400 | G: 1.4432 | D_A: 0.1704 | D_B: 0.0447 | Cycle: 0.7573
Epoch 28/80 | Step 194450 | G: 2.0779 | D_A: 0.1558 | D_B: 0.0561 | Cycle: 0.6859
Epoch 28/80 | Step 194500 | G: 2.6635 | D_A: 0.1950 | D_B: 0.1085 | Cycle: 0.9023
Epoch 28/80 | Step 194550 | G: 1.8224 | D_A: 0.1775 | D_B: 0.1724 | Cycle: 0.7028
Epoch 28/80 | Step 194600 | G: 1.6556 | D_A: 0.1613 | D_B: 0.1573 | Cycle: 0.6250
Epoch 28/80 | Step 194650 | G: 1.8404 | D_A: 0.2525 | D_B: 0.1251 | Cycle: 0.6803
Epoch 28/80 | Step 194700 | G: 2.5022 | D_A: 0.2925 | D_B: 0.1418 | Cycle: 1.0423
Epoch 28/80 | Step 194750 | G: 2.4275 | D_A: 0.0714 | D_B: 0.0935 | Cycle: 0.6452
Epoch 28/80 | Step 194800 | G: 2.3693 | D_A: 0.0936 | D_B: 0.0670 | Cycle: 0.9255
Epoch 28/80 | Step 194850 | G: 2.4336 | D_A: 0.0596 | D_B: 0.0886 | Cycle: 0.7178
Epoch 28/80 | Step 194900 | G: 3.0913 | D_A: 0.2387 | D_B: 0.0528 | Cycle: 1.4405
Epoch 28/80 | Step 194950 | G: 2.1832 | D_A: 0.1426 | D_B: 0.0806 | Cycle: 0.8770
Epoch 28/80 | Step 195000 | G: 2.3705 | D_A: 0.1114 | D_B: 0.1024 | Cycle: 0.7590
Epoch 28/80 | Step 195050 | G: 2.1857 | D_A: 0.1893 | D_B: 0.0231 | Cycle: 0.7342
Epoch 28/80 | Step 195100 | G: 1.2911 | D_A: 0.0968 | D_B: 0.1749 | Cycle: 0.6675
Epoch 28/80 | Step 195150 | G: 2.3920 | D_A: 0.1920 | D_B: 0.2423 | Cycle: 0.8598
Epoch 28/80 | Step 195200 | G: 2.0469 | D_A: 0.1421 | D_B: 0.0744 | Cycle: 0.6604
Epoch 28/80 | Step 195250 | G: 1.7829 | D_A: 0.1776 | D_B: 0.1178 | Cycle: 0.8189
Epoch 28/80 | Step 195300 | G: 2.8272 | D_A: 0.0573 | D_B: 0.0822 | Cycle: 1.0233
Epoch 28/80 | Step 195350 | G: 2.4696 | D_A: 0.1422 | D_B: 0.0689 | Cycle: 1.0571
Epoch 28/80 | Step 195400 | G: 2.8685 | D_A: 0.1382 | D_B: 0.0817 | Cycle: 0.9513
Epoch 28/80 | Step 195450 | G: 2.1442 | D_A: 0.1683 | D_B: 0.0664 | Cycle: 0.5823
Epoch 28/80 | Step 195500 | G: 2.0018 | D_A: 0.1283 | D_B: 0.0972 | Cycle: 0.8187
Epoch 28/80 | Step 195550 | G: 1.5540 | D_A: 0.2265 | D_B: 0.0471 | Cycle: 0.7563
Epoch 28/80 | Step 195600 | G: 1.8288 | D_A: 0.0675 | D_B: 0.1454 | Cycle: 0.6822
Epoch 28/80 | Step 195650 | G: 1.8193 | D_A: 0.2290 | D_B: 0.0354 | Cycle: 0.7434
Epoch 28/80 | Step 195700 | G: 2.7112 | D_A: 0.0801 | D_B: 0.0762 | Cycle: 0.9427
Epoch 28/80 | Step 195750 | G: 2.6160 | D_A: 0.0900 | D_B: 0.0609 | Cycle: 0.7457
Epoch 28/80 | Step 195800 | G: 1.9236 | D_A: 0.0641 | D_B: 0.0873 | Cycle: 0.7904
Epoch 28/80 | Step 195850 | G: 2.1000 | D_A: 0.2496 | D_B: 0.1095 | Cycle: 1.0489
Epoch 28/80 | Step 195900 | G: 1.8904 | D_A: 0.1199 | D_B: 0.0726 | Cycle: 0.7253
Epoch 28/80 | Step 195950 | G: 2.0745 | D_A: 0.0896 | D_B: 0.0807 | Cycle: 0.6866
Epoch 28/80 | Step 196000 | G: 2.7264 | D_A: 0.1283 | D_B: 0.0672 | Cycle: 0.8664
Epoch 28/80 | Step 196050 | G: 3.2770 | D_A: 0.3003 | D_B: 0.0693 | Cycle: 0.7619
Epoch 28/80 | Step 196100 | G: 1.8577 | D_A: 0.0912 | D_B: 0.1143 | Cycle: 0.8416
Epoch 28/80 | Step 196150 | G: 2.3029 | D_A: 0.2627 | D_B: 0.0773 | Cycle: 0.6717
Epoch 28/80 | Step 196200 | G: 2.9909 | D_A: 0.0490 | D_B: 0.0837 | Cycle: 0.8658
Epoch 28/80 | Step 196250 | G: 2.5602 | D_A: 0.0898 | D_B: 0.0342 | Cycle: 0.7777
Epoch 28/80 | Step 196300 | G: 2.1905 | D_A: 0.1214 | D_B: 0.0366 | Cycle: 0.6311
Epoch 28/80 | Step 196350 | G: 2.0428 | D_A: 0.2185 | D_B: 0.0866 | Cycle: 0.7120
Epoch 28/80 | Step 196400 | G: 1.7128 | D_A: 0.0849 | D_B: 0.1999 | Cycle: 0.5837
Epoch 28/80 | Step 196450 | G: 2.8334 | D_A: 0.2448 | D_B: 0.1197 | Cycle: 0.7754
Epoch 28/80 | Step 196500 | G: 2.5685 | D_A: 0.3142 | D_B: 0.0602 | Cycle: 0.6979
Epoch 28/80 | Step 196550 | G: 1.7175 | D_A: 0.0845 | D_B: 0.2091 | Cycle: 0.8262
Epoch 28/80 | Step 196600 | G: 2.2721 | D_A: 0.1792 | D_B: 0.1144 | Cycle: 0.8040
Epoch 28/80 | Step 196650 | G: 3.0531 | D_A: 0.1383 | D_B: 0.0695 | Cycle: 0.9929
Epoch 28/80 | Step 196700 | G: 2.7660 | D_A: 0.0576 | D_B: 0.0282 | Cycle: 0.8109
Epoch 28/80 | Step 196750 | G: 2.6692 | D_A: 0.3026 | D_B: 0.0709 | Cycle: 0.8409
Epoch 28/80 | Step 196800 | G: 1.9912 | D_A: 0.1162 | D_B: 0.0975 | Cycle: 0.7553
Epoch 28/80 | Step 196850 | G: 2.3594 | D_A: 0.0804 | D_B: 0.0833 | Cycle: 0.9882
Epoch 28/80 | Step 196900 | G: 2.5457 | D_A: 0.1059 | D_B: 0.0933 | Cycle: 0.7834
Epoch 28/80 | Step 196950 | G: 1.5284 | D_A: 0.1920 | D_B: 0.3371 | Cycle: 0.8631
Epoch 28/80 | Step 197000 | G: 2.7959 | D_A: 0.1193 | D_B: 0.0639 | Cycle: 1.1210
Epoch 28/80 | Step 197050 | G: 2.6557 | D_A: 0.0509 | D_B: 0.0307 | Cycle: 0.7962
Epoch 28/80 complete | Time: 434s | Avg G: 2.2757 | Avg D: 0.1229
Epoch 29/80 | Step 197100 | G: 2.6674 | D_A: 0.2802 | D_B: 0.0469 | Cycle: 0.9614
Epoch 29/80 | Step 197150 | G: 2.0556 | D_A: 0.0589 | D_B: 0.1097 | Cycle: 0.7708
Epoch 29/80 | Step 197200 | G: 2.3031 | D_A: 0.1196 | D_B: 0.1035 | Cycle: 0.7505
Epoch 29/80 | Step 197250 | G: 1.7120 | D_A: 0.1642 | D_B: 0.1345 | Cycle: 0.8266
Epoch 29/80 | Step 197300 | G: 2.2242 | D_A: 0.1374 | D_B: 0.2112 | Cycle: 0.7317
Epoch 29/80 | Step 197350 | G: 2.2801 | D_A: 0.1082 | D_B: 0.0717 | Cycle: 0.9340
Epoch 29/80 | Step 197400 | G: 2.1505 | D_A: 0.0746 | D_B: 0.0702 | Cycle: 0.7050
Epoch 29/80 | Step 197450 | G: 2.3236 | D_A: 0.0661 | D_B: 0.0665 | Cycle: 0.8532
Epoch 29/80 | Step 197500 | G: 2.1420 | D_A: 0.0580 | D_B: 0.0896 | Cycle: 0.8491
Epoch 29/80 | Step 197550 | G: 2.4173 | D_A: 0.1297 | D_B: 0.0850 | Cycle: 0.7546
Epoch 29/80 | Step 197600 | G: 2.7352 | D_A: 0.1694 | D_B: 0.1456 | Cycle: 1.0607
Epoch 29/80 | Step 197650 | G: 2.4359 | D_A: 0.0340 | D_B: 0.0399 | Cycle: 0.8854
Epoch 29/80 | Step 197700 | G: 1.4955 | D_A: 0.2337 | D_B: 0.0239 | Cycle: 0.7148
Epoch 29/80 | Step 197750 | G: 2.3390 | D_A: 0.0684 | D_B: 0.0740 | Cycle: 0.5850
Epoch 29/80 | Step 197800 | G: 2.6386 | D_A: 0.1641 | D_B: 0.0427 | Cycle: 0.7650
Epoch 29/80 | Step 197850 | G: 2.3293 | D_A: 0.1209 | D_B: 0.0410 | Cycle: 0.8002
Epoch 29/80 | Step 197900 | G: 2.5775 | D_A: 0.1159 | D_B: 0.1451 | Cycle: 0.9309
Epoch 29/80 | Step 197950 | G: 2.1810 | D_A: 0.1717 | D_B: 0.0550 | Cycle: 0.7678
Epoch 29/80 | Step 198000 | G: 1.7298 | D_A: 0.0631 | D_B: 0.0813 | Cycle: 0.6384
Epoch 29/80 | Step 198050 | G: 2.0016 | D_A: 0.2637 | D_B: 0.0557 | Cycle: 0.7865
Epoch 29/80 | Step 198100 | G: 1.9397 | D_A: 0.0586 | D_B: 0.1181 | Cycle: 0.8010
Epoch 29/80 | Step 198150 | G: 2.3363 | D_A: 0.1290 | D_B: 0.0553 | Cycle: 0.8418
Epoch 29/80 | Step 198200 | G: 1.7332 | D_A: 0.1337 | D_B: 0.2156 | Cycle: 0.7047
Epoch 29/80 | Step 198250 | G: 2.7901 | D_A: 0.1290 | D_B: 0.0651 | Cycle: 1.1182
Epoch 29/80 | Step 198300 | G: 1.8963 | D_A: 0.1599 | D_B: 0.1377 | Cycle: 0.7614
Epoch 29/80 | Step 198350 | G: 2.3002 | D_A: 0.0685 | D_B: 0.1107 | Cycle: 0.6895
Epoch 29/80 | Step 198400 | G: 2.1003 | D_A: 0.0899 | D_B: 0.1267 | Cycle: 0.7420
Epoch 29/80 | Step 198450 | G: 1.9485 | D_A: 0.1142 | D_B: 0.0867 | Cycle: 0.7151
Epoch 29/80 | Step 198500 | G: 4.8988 | D_A: 0.1815 | D_B: 0.1438 | Cycle: 1.3115
Epoch 29/80 | Step 198550 | G: 1.9446 | D_A: 0.2229 | D_B: 0.1753 | Cycle: 0.7318
Epoch 29/80 | Step 198600 | G: 2.1407 | D_A: 0.1149 | D_B: 0.0941 | Cycle: 0.9081
Epoch 29/80 | Step 198650 | G: 1.5772 | D_A: 0.2374 | D_B: 0.2292 | Cycle: 0.7940
Epoch 29/80 | Step 198700 | G: 2.1031 | D_A: 0.2127 | D_B: 0.0611 | Cycle: 0.8166
Epoch 29/80 | Step 198750 | G: 2.0718 | D_A: 0.1143 | D_B: 0.1537 | Cycle: 0.7193
Epoch 29/80 | Step 198800 | G: 1.8152 | D_A: 0.0887 | D_B: 0.0842 | Cycle: 0.7596
Epoch 29/80 | Step 198850 | G: 2.9426 | D_A: 0.1176 | D_B: 0.0576 | Cycle: 0.7682
Epoch 29/80 | Step 198900 | G: 2.3807 | D_A: 0.0963 | D_B: 0.0405 | Cycle: 0.8307
Epoch 29/80 | Step 198950 | G: 2.2586 | D_A: 0.1051 | D_B: 0.0996 | Cycle: 0.6731
Epoch 29/80 | Step 199000 | G: 2.8213 | D_A: 0.0928 | D_B: 0.0446 | Cycle: 1.0335
Epoch 29/80 | Step 199050 | G: 1.9832 | D_A: 0.2772 | D_B: 0.1157 | Cycle: 0.8630
Epoch 29/80 | Step 199100 | G: 1.9571 | D_A: 0.1129 | D_B: 0.0701 | Cycle: 0.7146
Epoch 29/80 | Step 199150 | G: 2.7110 | D_A: 0.0959 | D_B: 0.0498 | Cycle: 0.7120
Epoch 29/80 | Step 199200 | G: 2.0087 | D_A: 0.0543 | D_B: 0.0589 | Cycle: 0.7992
Epoch 29/80 | Step 199250 | G: 2.8685 | D_A: 0.3163 | D_B: 0.0737 | Cycle: 0.9941
Epoch 29/80 | Step 199300 | G: 2.1502 | D_A: 0.2008 | D_B: 0.1469 | Cycle: 0.6532
Epoch 29/80 | Step 199350 | G: 2.8378 | D_A: 0.0671 | D_B: 0.0412 | Cycle: 0.8756
Epoch 29/80 | Step 199400 | G: 2.0098 | D_A: 0.1086 | D_B: 0.1118 | Cycle: 0.7275
Epoch 29/80 | Step 199450 | G: 2.4764 | D_A: 0.2281 | D_B: 0.0469 | Cycle: 0.9205
Epoch 29/80 | Step 199500 | G: 2.1507 | D_A: 0.1202 | D_B: 0.0780 | Cycle: 0.9100
Epoch 29/80 | Step 199550 | G: 2.2850 | D_A: 0.1296 | D_B: 0.0730 | Cycle: 0.6999
Epoch 29/80 | Step 199600 | G: 1.9542 | D_A: 0.1542 | D_B: 0.1714 | Cycle: 0.7085
Epoch 29/80 | Step 199650 | G: 1.8622 | D_A: 0.2939 | D_B: 0.0985 | Cycle: 0.7132
Epoch 29/80 | Step 199700 | G: 2.3919 | D_A: 0.1822 | D_B: 0.1643 | Cycle: 0.7584
Epoch 29/80 | Step 199750 | G: 1.9254 | D_A: 0.1305 | D_B: 0.1059 | Cycle: 0.5276
Epoch 29/80 | Step 199800 | G: 2.5723 | D_A: 0.0655 | D_B: 0.0339 | Cycle: 0.9454
Epoch 29/80 | Step 199850 | G: 2.7580 | D_A: 0.0980 | D_B: 0.1687 | Cycle: 0.8136
Epoch 29/80 | Step 199900 | G: 2.5498 | D_A: 0.0407 | D_B: 0.0608 | Cycle: 0.8938
Epoch 29/80 | Step 199950 | G: 2.6348 | D_A: 0.2790 | D_B: 0.0864 | Cycle: 1.0102
Epoch 29/80 | Step 200000 | G: 2.4954 | D_A: 0.1725 | D_B: 0.0611 | Cycle: 0.9427
Epoch 29/80 | Step 200050 | G: 2.5175 | D_A: 0.0994 | D_B: 0.0851 | Cycle: 0.8800
Epoch 29/80 | Step 200100 | G: 2.1440 | D_A: 0.1189 | D_B: 0.0493 | Cycle: 1.0712
Epoch 29/80 | Step 200150 | G: 3.1514 | D_A: 0.1458 | D_B: 0.0402 | Cycle: 0.8606
Epoch 29/80 | Step 200200 | G: 1.9593 | D_A: 0.4111 | D_B: 0.1739 | Cycle: 0.9582
Epoch 29/80 | Step 200250 | G: 2.1400 | D_A: 0.1379 | D_B: 0.0548 | Cycle: 0.8174
Epoch 29/80 | Step 200300 | G: 3.1551 | D_A: 0.1504 | D_B: 0.0461 | Cycle: 1.0199
Epoch 29/80 | Step 200350 | G: 3.0828 | D_A: 0.0963 | D_B: 0.0312 | Cycle: 1.2374
Epoch 29/80 | Step 200400 | G: 2.4790 | D_A: 0.2118 | D_B: 0.0712 | Cycle: 0.8474
Epoch 29/80 | Step 200450 | G: 2.1816 | D_A: 0.1351 | D_B: 0.0859 | Cycle: 0.7700
Epoch 29/80 | Step 200500 | G: 1.6480 | D_A: 0.2712 | D_B: 0.0731 | Cycle: 0.7415
Epoch 29/80 | Step 200550 | G: 2.3976 | D_A: 0.0837 | D_B: 0.1068 | Cycle: 0.7263
Epoch 29/80 | Step 200600 | G: 1.9550 | D_A: 0.0904 | D_B: 0.1510 | Cycle: 0.8601
Epoch 29/80 | Step 200650 | G: 1.8681 | D_A: 0.1078 | D_B: 0.1914 | Cycle: 0.7717
Epoch 29/80 | Step 200700 | G: 1.7351 | D_A: 0.0405 | D_B: 0.1718 | Cycle: 0.6625
Epoch 29/80 | Step 200750 | G: 2.5369 | D_A: 0.1227 | D_B: 0.0591 | Cycle: 0.9438
Epoch 29/80 | Step 200800 | G: 1.8608 | D_A: 0.0915 | D_B: 0.1110 | Cycle: 0.7897
Epoch 29/80 | Step 200850 | G: 2.3172 | D_A: 0.1352 | D_B: 0.1246 | Cycle: 0.7722
Epoch 29/80 | Step 200900 | G: 2.6465 | D_A: 0.1101 | D_B: 0.1158 | Cycle: 0.9964
Epoch 29/80 | Step 200950 | G: 2.2084 | D_A: 0.1526 | D_B: 0.1313 | Cycle: 0.7973
Epoch 29/80 | Step 201000 | G: 1.8604 | D_A: 0.0711 | D_B: 0.1105 | Cycle: 0.7372
Epoch 29/80 | Step 201050 | G: 1.8069 | D_A: 0.0856 | D_B: 0.0510 | Cycle: 0.6434
Epoch 29/80 | Step 201100 | G: 1.7785 | D_A: 0.1633 | D_B: 0.1679 | Cycle: 0.8558
Epoch 29/80 | Step 201150 | G: 2.7369 | D_A: 0.2825 | D_B: 0.0845 | Cycle: 0.7195
Epoch 29/80 | Step 201200 | G: 1.9435 | D_A: 0.1715 | D_B: 0.0799 | Cycle: 0.6820
Epoch 29/80 | Step 201250 | G: 2.3465 | D_A: 0.1355 | D_B: 0.1477 | Cycle: 0.8233
Epoch 29/80 | Step 201300 | G: 3.3691 | D_A: 0.3409 | D_B: 0.1456 | Cycle: 1.0290
Epoch 29/80 | Step 201350 | G: 2.8834 | D_A: 0.1417 | D_B: 0.1296 | Cycle: 0.9809
Epoch 29/80 | Step 201400 | G: 2.2487 | D_A: 0.0840 | D_B: 0.0752 | Cycle: 0.7770
Epoch 29/80 | Step 201450 | G: 1.7622 | D_A: 0.1182 | D_B: 0.1587 | Cycle: 0.9193
Epoch 29/80 | Step 201500 | G: 2.3811 | D_A: 0.1693 | D_B: 0.1272 | Cycle: 0.8972
Epoch 29/80 | Step 201550 | G: 2.0802 | D_A: 0.1123 | D_B: 0.1226 | Cycle: 0.7121
Epoch 29/80 | Step 201600 | G: 1.9822 | D_A: 0.1803 | D_B: 0.0682 | Cycle: 0.8036
Epoch 29/80 | Step 201650 | G: 2.5611 | D_A: 0.1212 | D_B: 0.0956 | Cycle: 0.7499
Epoch 29/80 | Step 201700 | G: 2.2612 | D_A: 0.2570 | D_B: 0.1561 | Cycle: 0.9786
Epoch 29/80 | Step 201750 | G: 2.2339 | D_A: 0.0496 | D_B: 0.0519 | Cycle: 0.6612
Epoch 29/80 | Step 201800 | G: 2.0541 | D_A: 0.0418 | D_B: 0.0600 | Cycle: 0.7616
Epoch 29/80 | Step 201850 | G: 1.8786 | D_A: 0.1793 | D_B: 0.1000 | Cycle: 0.7099
Epoch 29/80 | Step 201900 | G: 2.1990 | D_A: 0.1654 | D_B: 0.1186 | Cycle: 0.8965
Epoch 29/80 | Step 201950 | G: 1.6396 | D_A: 0.1470 | D_B: 0.0373 | Cycle: 0.6210
Epoch 29/80 | Step 202000 | G: 2.0658 | D_A: 0.2011 | D_B: 0.0511 | Cycle: 0.7027
Epoch 29/80 | Step 202050 | G: 2.4720 | D_A: 0.2537 | D_B: 0.0357 | Cycle: 0.9567
Epoch 29/80 | Step 202100 | G: 2.3980 | D_A: 0.0710 | D_B: 0.0614 | Cycle: 0.8021
Epoch 29/80 | Step 202150 | G: 2.7582 | D_A: 0.1824 | D_B: 0.0516 | Cycle: 1.0229
Epoch 29/80 | Step 202200 | G: 3.5789 | D_A: 0.3016 | D_B: 0.0407 | Cycle: 1.3382
Epoch 29/80 | Step 202250 | G: 2.2316 | D_A: 0.1488 | D_B: 0.0646 | Cycle: 0.9280
Epoch 29/80 | Step 202300 | G: 3.2680 | D_A: 0.1111 | D_B: 0.0321 | Cycle: 1.1212
Epoch 29/80 | Step 202350 | G: 2.2414 | D_A: 0.0907 | D_B: 0.0800 | Cycle: 1.0317
Epoch 29/80 | Step 202400 | G: 1.9601 | D_A: 0.1268 | D_B: 0.0866 | Cycle: 0.6843
Epoch 29/80 | Step 202450 | G: 1.7885 | D_A: 0.0753 | D_B: 0.1959 | Cycle: 0.7978
Epoch 29/80 | Step 202500 | G: 2.3524 | D_A: 0.1764 | D_B: 0.0870 | Cycle: 0.7154
Epoch 29/80 | Step 202550 | G: 2.4863 | D_A: 0.0595 | D_B: 0.1049 | Cycle: 0.8358
Epoch 29/80 | Step 202600 | G: 2.3236 | D_A: 0.2313 | D_B: 0.1297 | Cycle: 0.7789
Epoch 29/80 | Step 202650 | G: 2.5826 | D_A: 0.0904 | D_B: 0.0474 | Cycle: 0.8251
Epoch 29/80 | Step 202700 | G: 2.6577 | D_A: 0.0830 | D_B: 0.3096 | Cycle: 0.7014
Epoch 29/80 | Step 202750 | G: 1.9534 | D_A: 0.3319 | D_B: 0.1015 | Cycle: 0.6238
Epoch 29/80 | Step 202800 | G: 2.0972 | D_A: 0.1599 | D_B: 0.1679 | Cycle: 0.7471
Epoch 29/80 | Step 202850 | G: 1.8668 | D_A: 0.1690 | D_B: 0.1014 | Cycle: 0.6126
Epoch 29/80 | Step 202900 | G: 2.4650 | D_A: 0.2102 | D_B: 0.0678 | Cycle: 0.8792
Epoch 29/80 | Step 202950 | G: 2.6802 | D_A: 0.0924 | D_B: 0.1508 | Cycle: 0.7602
Epoch 29/80 | Step 203000 | G: 2.3660 | D_A: 0.2135 | D_B: 0.1169 | Cycle: 0.9010
Epoch 29/80 | Step 203050 | G: 2.3094 | D_A: 0.1012 | D_B: 0.0672 | Cycle: 0.6754
Epoch 29/80 | Step 203100 | G: 1.9437 | D_A: 0.1002 | D_B: 0.0867 | Cycle: 0.6961
Epoch 29/80 | Step 203150 | G: 2.2339 | D_A: 0.0774 | D_B: 0.1902 | Cycle: 0.8263
Epoch 29/80 | Step 203200 | G: 1.7213 | D_A: 0.1138 | D_B: 0.1132 | Cycle: 0.6615
Epoch 29/80 | Step 203250 | G: 2.8036 | D_A: 0.1617 | D_B: 0.0437 | Cycle: 0.8392
Epoch 29/80 | Step 203300 | G: 2.7527 | D_A: 0.1450 | D_B: 0.1086 | Cycle: 1.1425
Epoch 29/80 | Step 203350 | G: 1.7545 | D_A: 0.0551 | D_B: 0.0618 | Cycle: 0.6518
Epoch 29/80 | Step 203400 | G: 1.8056 | D_A: 0.1515 | D_B: 0.0465 | Cycle: 0.9680
Epoch 29/80 | Step 203450 | G: 1.8151 | D_A: 0.1055 | D_B: 0.2183 | Cycle: 0.8340
Epoch 29/80 | Step 203500 | G: 2.3287 | D_A: 0.1280 | D_B: 0.0277 | Cycle: 0.7729
Epoch 29/80 | Step 203550 | G: 2.7188 | D_A: 0.1211 | D_B: 0.1088 | Cycle: 1.0165
Epoch 29/80 | Step 203600 | G: 2.8323 | D_A: 0.2335 | D_B: 0.1398 | Cycle: 0.9072
Epoch 29/80 | Step 203650 | G: 2.9333 | D_A: 0.2299 | D_B: 0.0570 | Cycle: 1.0220
Epoch 29/80 | Step 203700 | G: 1.8316 | D_A: 0.1276 | D_B: 0.1364 | Cycle: 0.8217
Epoch 29/80 | Step 203750 | G: 3.5115 | D_A: 0.1249 | D_B: 0.0408 | Cycle: 1.0894
Epoch 29/80 | Step 203800 | G: 2.2758 | D_A: 0.1865 | D_B: 0.0752 | Cycle: 0.7987
Epoch 29/80 | Step 203850 | G: 2.3992 | D_A: 0.0953 | D_B: 0.0495 | Cycle: 0.6676
Epoch 29/80 | Step 203900 | G: 2.0639 | D_A: 0.1112 | D_B: 0.1201 | Cycle: 0.7829
Epoch 29/80 | Step 203950 | G: 1.8941 | D_A: 0.1542 | D_B: 0.1038 | Cycle: 0.5796
Epoch 29/80 | Step 204000 | G: 1.7827 | D_A: 0.1793 | D_B: 0.1712 | Cycle: 0.7614
Epoch 29/80 | Step 204050 | G: 2.8905 | D_A: 0.1166 | D_B: 0.0462 | Cycle: 0.8543
Epoch 29/80 | Step 204100 | G: 2.5304 | D_A: 0.1080 | D_B: 0.0458 | Cycle: 0.8015
Epoch 29/80 complete | Time: 432s | Avg G: 2.2774 | Avg D: 0.1217
Epoch 30/80 | Step 204150 | G: 2.6077 | D_A: 0.2593 | D_B: 0.1695 | Cycle: 0.5862
Epoch 30/80 | Step 204200 | G: 2.5299 | D_A: 0.1011 | D_B: 0.0320 | Cycle: 0.9770
Epoch 30/80 | Step 204250 | G: 2.2047 | D_A: 0.2054 | D_B: 0.0405 | Cycle: 0.7373
Epoch 30/80 | Step 204300 | G: 2.6257 | D_A: 0.0595 | D_B: 0.0367 | Cycle: 0.9492
Epoch 30/80 | Step 204350 | G: 2.7844 | D_A: 0.0584 | D_B: 0.0547 | Cycle: 0.8791
Epoch 30/80 | Step 204400 | G: 2.5700 | D_A: 0.0637 | D_B: 0.1881 | Cycle: 0.7848
Epoch 30/80 | Step 204450 | G: 2.3237 | D_A: 0.0755 | D_B: 0.1231 | Cycle: 0.8502
Epoch 30/80 | Step 204500 | G: 1.8103 | D_A: 0.1525 | D_B: 0.0872 | Cycle: 0.8480
Epoch 30/80 | Step 204550 | G: 2.3296 | D_A: 0.0457 | D_B: 0.0415 | Cycle: 0.7217
Epoch 30/80 | Step 204600 | G: 1.5505 | D_A: 0.0629 | D_B: 0.2323 | Cycle: 0.6465
Epoch 30/80 | Step 204650 | G: 1.9670 | D_A: 0.1700 | D_B: 0.0441 | Cycle: 0.7700
Epoch 30/80 | Step 204700 | G: 2.1872 | D_A: 0.1372 | D_B: 0.1277 | Cycle: 0.8711
Epoch 30/80 | Step 204750 | G: 1.8087 | D_A: 0.0692 | D_B: 0.0775 | Cycle: 0.6403
Epoch 30/80 | Step 204800 | G: 2.1127 | D_A: 0.1592 | D_B: 0.0514 | Cycle: 0.8437
Epoch 30/80 | Step 204850 | G: 1.8998 | D_A: 0.0898 | D_B: 0.1246 | Cycle: 0.7535
Epoch 30/80 | Step 204900 | G: 2.7234 | D_A: 0.0400 | D_B: 0.1472 | Cycle: 0.7726
Epoch 30/80 | Step 204950 | G: 2.5459 | D_A: 0.1213 | D_B: 0.1442 | Cycle: 0.8008
Epoch 30/80 | Step 205000 | G: 2.3382 | D_A: 0.2764 | D_B: 0.0491 | Cycle: 0.9437
Epoch 30/80 | Step 205050 | G: 2.1253 | D_A: 0.2739 | D_B: 0.0708 | Cycle: 0.8652
Epoch 30/80 | Step 205100 | G: 3.3886 | D_A: 0.1782 | D_B: 0.1198 | Cycle: 0.6619
Epoch 30/80 | Step 205150 | G: 2.0265 | D_A: 0.1110 | D_B: 0.0821 | Cycle: 0.7379
Epoch 30/80 | Step 205200 | G: 2.5711 | D_A: 0.1345 | D_B: 0.0867 | Cycle: 0.7183
Epoch 30/80 | Step 205250 | G: 2.2995 | D_A: 0.1059 | D_B: 0.0398 | Cycle: 0.8446
Epoch 30/80 | Step 205300 | G: 2.2910 | D_A: 0.1637 | D_B: 0.0513 | Cycle: 0.9775
Epoch 30/80 | Step 205350 | G: 2.0567 | D_A: 0.1338 | D_B: 0.0869 | Cycle: 0.8308
Epoch 30/80 | Step 205400 | G: 2.6620 | D_A: 0.1579 | D_B: 0.1859 | Cycle: 0.7574
Epoch 30/80 | Step 205450 | G: 2.5979 | D_A: 0.0626 | D_B: 0.1478 | Cycle: 0.8018
Epoch 30/80 | Step 205500 | G: 2.0016 | D_A: 0.0762 | D_B: 0.0958 | Cycle: 0.6633
Epoch 30/80 | Step 205550 | G: 1.7150 | D_A: 0.1637 | D_B: 0.1886 | Cycle: 0.6407
Epoch 30/80 | Step 205600 | G: 2.0997 | D_A: 0.0987 | D_B: 0.1225 | Cycle: 0.6929
Epoch 30/80 | Step 205650 | G: 2.1231 | D_A: 0.0873 | D_B: 0.0930 | Cycle: 0.8502
Epoch 30/80 | Step 205700 | G: 2.9233 | D_A: 0.1134 | D_B: 0.0622 | Cycle: 1.0727
Epoch 30/80 | Step 205750 | G: 2.1426 | D_A: 0.2473 | D_B: 0.0421 | Cycle: 0.7592
Epoch 30/80 | Step 205800 | G: 1.8681 | D_A: 0.1658 | D_B: 0.2408 | Cycle: 0.6685
Epoch 30/80 | Step 205850 | G: 2.5672 | D_A: 0.1134 | D_B: 0.0917 | Cycle: 1.0362
Epoch 30/80 | Step 205900 | G: 2.8901 | D_A: 0.0956 | D_B: 0.0535 | Cycle: 1.1918
Epoch 30/80 | Step 205950 | G: 2.3518 | D_A: 0.0373 | D_B: 0.0828 | Cycle: 1.0604
Epoch 30/80 | Step 206000 | G: 2.7156 | D_A: 0.1972 | D_B: 0.0826 | Cycle: 0.7739
Epoch 30/80 | Step 206050 | G: 3.8296 | D_A: 0.1253 | D_B: 0.1458 | Cycle: 1.1855
Epoch 30/80 | Step 206100 | G: 2.2233 | D_A: 0.2535 | D_B: 0.1899 | Cycle: 0.6869
Epoch 30/80 | Step 206150 | G: 2.9975 | D_A: 0.0743 | D_B: 0.2534 | Cycle: 0.7226
Epoch 30/80 | Step 206200 | G: 2.2028 | D_A: 0.0782 | D_B: 0.0517 | Cycle: 0.9066
Epoch 30/80 | Step 206250 | G: 2.0631 | D_A: 0.0972 | D_B: 0.1219 | Cycle: 0.8922
Epoch 30/80 | Step 206300 | G: 2.2017 | D_A: 0.1474 | D_B: 0.0580 | Cycle: 0.7046
Epoch 30/80 | Step 206350 | G: 1.9888 | D_A: 0.1433 | D_B: 0.0470 | Cycle: 0.7410
Epoch 30/80 | Step 206400 | G: 2.4841 | D_A: 0.0885 | D_B: 0.2587 | Cycle: 1.1858
Epoch 30/80 | Step 206450 | G: 2.8827 | D_A: 0.0930 | D_B: 0.0422 | Cycle: 0.7734
Epoch 30/80 | Step 206500 | G: 2.1460 | D_A: 0.1350 | D_B: 0.1399 | Cycle: 0.7376
Epoch 30/80 | Step 206550 | G: 2.7416 | D_A: 0.1929 | D_B: 0.0814 | Cycle: 0.8657
Epoch 30/80 | Step 206600 | G: 2.2379 | D_A: 0.3081 | D_B: 0.1028 | Cycle: 0.7287
Epoch 30/80 | Step 206650 | G: 2.2828 | D_A: 0.1648 | D_B: 0.0652 | Cycle: 0.7935
Epoch 30/80 | Step 206700 | G: 2.1827 | D_A: 0.1222 | D_B: 0.0298 | Cycle: 0.7375
Epoch 30/80 | Step 206750 | G: 2.4275 | D_A: 0.1501 | D_B: 0.1976 | Cycle: 0.6397
Epoch 30/80 | Step 206800 | G: 2.7314 | D_A: 0.0758 | D_B: 0.0445 | Cycle: 1.0275
Epoch 30/80 | Step 206850 | G: 2.1730 | D_A: 0.0925 | D_B: 0.0645 | Cycle: 0.6958
Epoch 30/80 | Step 206900 | G: 2.5179 | D_A: 0.0763 | D_B: 0.0362 | Cycle: 0.7202
Epoch 30/80 | Step 206950 | G: 1.6913 | D_A: 0.1767 | D_B: 0.0709 | Cycle: 0.6458
Epoch 30/80 | Step 207000 | G: 1.9913 | D_A: 0.1682 | D_B: 0.1098 | Cycle: 0.8106
Epoch 30/80 | Step 207050 | G: 2.1950 | D_A: 0.1314 | D_B: 0.1122 | Cycle: 0.6793
Epoch 30/80 | Step 207100 | G: 2.2694 | D_A: 0.4096 | D_B: 0.0578 | Cycle: 0.9647
Epoch 30/80 | Step 207150 | G: 1.9522 | D_A: 0.1234 | D_B: 0.1367 | Cycle: 0.8271
Epoch 30/80 | Step 207200 | G: 2.2072 | D_A: 0.1045 | D_B: 0.1084 | Cycle: 0.9396
Epoch 30/80 | Step 207250 | G: 2.6235 | D_A: 0.1038 | D_B: 0.0784 | Cycle: 0.8076
Epoch 30/80 | Step 207300 | G: 2.4116 | D_A: 0.4350 | D_B: 0.0761 | Cycle: 0.7478
Epoch 30/80 | Step 207350 | G: 2.4672 | D_A: 0.2673 | D_B: 0.0443 | Cycle: 0.8039
Epoch 30/80 | Step 207400 | G: 1.9219 | D_A: 0.2537 | D_B: 0.1368 | Cycle: 0.9648
Epoch 30/80 | Step 207450 | G: 3.0926 | D_A: 0.1022 | D_B: 0.0346 | Cycle: 1.1216
Epoch 30/80 | Step 207500 | G: 2.4457 | D_A: 0.0660 | D_B: 0.0454 | Cycle: 0.6821
Epoch 30/80 | Step 207550 | G: 2.1375 | D_A: 0.0698 | D_B: 0.0995 | Cycle: 0.7063
Epoch 30/80 | Step 207600 | G: 1.9572 | D_A: 0.0969 | D_B: 0.1906 | Cycle: 0.7957
Epoch 30/80 | Step 207650 | G: 4.2680 | D_A: 0.1231 | D_B: 0.0505 | Cycle: 0.7695
Epoch 30/80 | Step 207700 | G: 2.3130 | D_A: 0.0473 | D_B: 0.0380 | Cycle: 0.8304
Epoch 30/80 | Step 207750 | G: 2.1667 | D_A: 0.1086 | D_B: 0.1118 | Cycle: 0.7259
Epoch 30/80 | Step 207800 | G: 1.8817 | D_A: 0.2110 | D_B: 0.0528 | Cycle: 0.6142
Epoch 30/80 | Step 207850 | G: 2.0845 | D_A: 0.0531 | D_B: 0.0882 | Cycle: 0.5542
Epoch 30/80 | Step 207900 | G: 2.4283 | D_A: 0.1867 | D_B: 0.0671 | Cycle: 0.9487
Epoch 30/80 | Step 207950 | G: 2.2290 | D_A: 0.1822 | D_B: 0.1023 | Cycle: 0.9574
Epoch 30/80 | Step 208000 | G: 2.5544 | D_A: 0.1180 | D_B: 0.0592 | Cycle: 0.9872
Epoch 30/80 | Step 208050 | G: 1.9436 | D_A: 0.2129 | D_B: 0.1572 | Cycle: 0.7034
Epoch 30/80 | Step 208100 | G: 2.5482 | D_A: 0.2714 | D_B: 0.0654 | Cycle: 0.8730
Epoch 30/80 | Step 208150 | G: 2.1015 | D_A: 0.1209 | D_B: 0.0537 | Cycle: 0.6771
Epoch 30/80 | Step 208200 | G: 2.6212 | D_A: 0.0944 | D_B: 0.0998 | Cycle: 1.0281
Epoch 30/80 | Step 208250 | G: 1.9730 | D_A: 0.1204 | D_B: 0.1434 | Cycle: 0.6298
Epoch 30/80 | Step 208300 | G: 2.6250 | D_A: 0.0702 | D_B: 0.0804 | Cycle: 1.1108
Epoch 30/80 | Step 208350 | G: 2.4051 | D_A: 0.0638 | D_B: 0.0968 | Cycle: 0.9347
Epoch 30/80 | Step 208400 | G: 2.9437 | D_A: 0.0917 | D_B: 0.1412 | Cycle: 1.0180
Epoch 30/80 | Step 208450 | G: 1.8433 | D_A: 0.1944 | D_B: 0.1235 | Cycle: 0.7759
Epoch 30/80 | Step 208500 | G: 2.0490 | D_A: 0.1533 | D_B: 0.0579 | Cycle: 0.5959
Epoch 30/80 | Step 208550 | G: 1.6620 | D_A: 0.1579 | D_B: 0.0397 | Cycle: 0.7216
Epoch 30/80 | Step 208600 | G: 2.1643 | D_A: 0.1511 | D_B: 0.1514 | Cycle: 0.6931
Epoch 30/80 | Step 208650 | G: 2.3640 | D_A: 0.1014 | D_B: 0.0670 | Cycle: 0.9442
Epoch 30/80 | Step 208700 | G: 2.2164 | D_A: 0.0822 | D_B: 0.1359 | Cycle: 0.8255
Epoch 30/80 | Step 208750 | G: 2.4456 | D_A: 0.0938 | D_B: 0.1362 | Cycle: 1.1166
Epoch 30/80 | Step 208800 | G: 2.1505 | D_A: 0.0850 | D_B: 0.1118 | Cycle: 0.9310
Epoch 30/80 | Step 208850 | G: 2.2312 | D_A: 0.1283 | D_B: 0.1113 | Cycle: 0.8324
Epoch 30/80 | Step 208900 | G: 1.9655 | D_A: 0.0651 | D_B: 0.1284 | Cycle: 0.7307
Epoch 30/80 | Step 208950 | G: 2.5216 | D_A: 0.0836 | D_B: 0.0559 | Cycle: 0.7258
Epoch 30/80 | Step 209000 | G: 2.0774 | D_A: 0.1116 | D_B: 0.0509 | Cycle: 0.7209
Epoch 30/80 | Step 209050 | G: 2.2790 | D_A: 0.0563 | D_B: 0.0555 | Cycle: 0.7895
Epoch 30/80 | Step 209100 | G: 2.4134 | D_A: 0.1201 | D_B: 0.0394 | Cycle: 0.9215
Epoch 30/80 | Step 209150 | G: 2.0164 | D_A: 0.2676 | D_B: 0.0419 | Cycle: 0.7467
Epoch 30/80 | Step 209200 | G: 2.6630 | D_A: 0.0957 | D_B: 0.1372 | Cycle: 0.6326
Epoch 30/80 | Step 209250 | G: 1.8971 | D_A: 0.1099 | D_B: 0.1099 | Cycle: 0.7745
Epoch 30/80 | Step 209300 | G: 2.5518 | D_A: 0.2378 | D_B: 0.1183 | Cycle: 0.8527
Epoch 30/80 | Step 209350 | G: 2.3245 | D_A: 0.1165 | D_B: 0.0247 | Cycle: 0.7927
Epoch 30/80 | Step 209400 | G: 2.0518 | D_A: 0.1695 | D_B: 0.0975 | Cycle: 0.7595
Epoch 30/80 | Step 209450 | G: 2.4497 | D_A: 0.1082 | D_B: 0.1451 | Cycle: 0.9530
Epoch 30/80 | Step 209500 | G: 1.4952 | D_A: 0.0530 | D_B: 0.3271 | Cycle: 0.6657
Epoch 30/80 | Step 209550 | G: 4.0535 | D_A: 0.1985 | D_B: 0.0776 | Cycle: 0.8469
Epoch 30/80 | Step 209600 | G: 2.0035 | D_A: 0.1329 | D_B: 0.0724 | Cycle: 0.7076
Epoch 30/80 | Step 209650 | G: 2.7630 | D_A: 0.0549 | D_B: 0.0491 | Cycle: 0.9640
Epoch 30/80 | Step 209700 | G: 2.3114 | D_A: 0.1342 | D_B: 0.2258 | Cycle: 0.9958
Epoch 30/80 | Step 209750 | G: 2.1270 | D_A: 0.1546 | D_B: 0.0636 | Cycle: 0.9204
Epoch 30/80 | Step 209800 | G: 1.7754 | D_A: 0.1122 | D_B: 0.1279 | Cycle: 0.7167
Epoch 30/80 | Step 209850 | G: 2.2303 | D_A: 0.1332 | D_B: 0.2133 | Cycle: 0.8163
Epoch 30/80 | Step 209900 | G: 2.2185 | D_A: 0.0853 | D_B: 0.1144 | Cycle: 0.8491
Epoch 30/80 | Step 209950 | G: 2.5314 | D_A: 0.0901 | D_B: 0.1038 | Cycle: 0.9244
Epoch 30/80 | Step 210000 | G: 2.5011 | D_A: 0.0861 | D_B: 0.0664 | Cycle: 0.8517
Epoch 30/80 | Step 210050 | G: 2.3495 | D_A: 0.0649 | D_B: 0.1249 | Cycle: 0.9536
Epoch 30/80 | Step 210100 | G: 2.4258 | D_A: 0.0935 | D_B: 0.0614 | Cycle: 0.8589
Epoch 30/80 | Step 210150 | G: 2.2742 | D_A: 0.1501 | D_B: 0.0530 | Cycle: 0.6638
Epoch 30/80 | Step 210200 | G: 2.0478 | D_A: 0.2222 | D_B: 0.0711 | Cycle: 0.7874
Epoch 30/80 | Step 210250 | G: 3.2376 | D_A: 0.0549 | D_B: 0.1040 | Cycle: 0.5208
Epoch 30/80 | Step 210300 | G: 1.9860 | D_A: 0.1159 | D_B: 0.1151 | Cycle: 0.8151
Epoch 30/80 | Step 210350 | G: 2.7922 | D_A: 0.2592 | D_B: 0.1601 | Cycle: 0.7759
Epoch 30/80 | Step 210400 | G: 2.2586 | D_A: 0.1854 | D_B: 0.0983 | Cycle: 0.7607
Epoch 30/80 | Step 210450 | G: 2.1287 | D_A: 0.1805 | D_B: 0.1364 | Cycle: 0.6888
Epoch 30/80 | Step 210500 | G: 1.8591 | D_A: 0.1933 | D_B: 0.0618 | Cycle: 0.6052
Epoch 30/80 | Step 210550 | G: 2.3747 | D_A: 0.1624 | D_B: 0.0535 | Cycle: 0.7956
Epoch 30/80 | Step 210600 | G: 3.2520 | D_A: 0.1377 | D_B: 0.1299 | Cycle: 1.4237
Epoch 30/80 | Step 210650 | G: 2.4074 | D_A: 0.3004 | D_B: 0.0463 | Cycle: 0.7349
Epoch 30/80 | Step 210700 | G: 2.6745 | D_A: 0.1402 | D_B: 0.1591 | Cycle: 0.8681
Epoch 30/80 | Step 210750 | G: 3.1335 | D_A: 0.2374 | D_B: 0.0407 | Cycle: 0.9739
Epoch 30/80 | Step 210800 | G: 3.1262 | D_A: 0.1024 | D_B: 0.0740 | Cycle: 1.0302
Epoch 30/80 | Step 210850 | G: 1.7021 | D_A: 0.1066 | D_B: 0.1268 | Cycle: 0.6053
Epoch 30/80 | Step 210900 | G: 2.1422 | D_A: 0.1150 | D_B: 0.1585 | Cycle: 0.8565
Epoch 30/80 | Step 210950 | G: 1.9879 | D_A: 0.2170 | D_B: 0.0829 | Cycle: 0.8448
Epoch 30/80 | Step 211000 | G: 2.1906 | D_A: 0.2214 | D_B: 0.1306 | Cycle: 0.8564
Epoch 30/80 | Step 211050 | G: 2.1447 | D_A: 0.1240 | D_B: 0.0886 | Cycle: 0.7538
Epoch 30/80 | Step 211100 | G: 2.3005 | D_A: 0.1142 | D_B: 0.1425 | Cycle: 0.6508
Epoch 30/80 complete | Time: 432s | Avg G: 2.2905 | Avg D: 0.1189
Saved checkpoint: /content/drive/MyDrive/DATA266_Lab1/task3_gan/shreya_akotiya/checkpoints/t3_shreya_unet_128_20261002_023102_epoch030.pt
Epoch 31/80 | Step 211150 | G: 1.9044 | D_A: 0.1259 | D_B: 0.1215 | Cycle: 0.8009
Epoch 31/80 | Step 211200 | G: 2.6141 | D_A: 0.2000 | D_B: 0.0921 | Cycle: 0.8436
Epoch 31/80 | Step 211250 | G: 2.1189 | D_A: 0.2317 | D_B: 0.0350 | Cycle: 1.0010
Epoch 31/80 | Step 211300 | G: 1.6302 | D_A: 0.2757 | D_B: 0.1341 | Cycle: 0.5192
Epoch 31/80 | Step 211350 | G: 2.1872 | D_A: 0.1453 | D_B: 0.0713 | Cycle: 0.7862
Epoch 31/80 | Step 211400 | G: 2.0648 | D_A: 0.1002 | D_B: 0.0491 | Cycle: 0.7191
Epoch 31/80 | Step 211450 | G: 1.5254 | D_A: 0.0801 | D_B: 0.1812 | Cycle: 0.7722
Epoch 31/80 | Step 211500 | G: 2.1610 | D_A: 0.0707 | D_B: 0.1048 | Cycle: 0.7365
Epoch 31/80 | Step 211550 | G: 2.1632 | D_A: 0.1102 | D_B: 0.1998 | Cycle: 0.8443
Epoch 31/80 | Step 211600 | G: 1.9387 | D_A: 0.2017 | D_B: 0.1673 | Cycle: 0.6280
Epoch 31/80 | Step 211650 | G: 2.2598 | D_A: 0.1252 | D_B: 0.1498 | Cycle: 0.9472
Epoch 31/80 | Step 211700 | G: 2.0318 | D_A: 0.2167 | D_B: 0.0989 | Cycle: 0.7074
Epoch 31/80 | Step 211750 | G: 2.3673 | D_A: 0.2300 | D_B: 0.1127 | Cycle: 1.0618
Epoch 31/80 | Step 211800 | G: 1.7554 | D_A: 0.0674 | D_B: 0.1434 | Cycle: 0.5612
Epoch 31/80 | Step 211850 | G: 2.0821 | D_A: 0.0805 | D_B: 0.1156 | Cycle: 0.7174
Epoch 31/80 | Step 211900 | G: 2.1677 | D_A: 0.1212 | D_B: 0.0596 | Cycle: 0.7753
Epoch 31/80 | Step 211950 | G: 2.5330 | D_A: 0.1601 | D_B: 0.1188 | Cycle: 0.7679
Epoch 31/80 | Step 212000 | G: 1.9408 | D_A: 0.0638 | D_B: 0.1136 | Cycle: 0.7432
Epoch 31/80 | Step 212050 | G: 2.2574 | D_A: 0.2059 | D_B: 0.1150 | Cycle: 0.8294
Epoch 31/80 | Step 212100 | G: 2.2921 | D_A: 0.1158 | D_B: 0.0570 | Cycle: 0.8227
Epoch 31/80 | Step 212150 | G: 2.3162 | D_A: 0.1170 | D_B: 0.1020 | Cycle: 0.7207
Epoch 31/80 | Step 212200 | G: 2.7319 | D_A: 0.1272 | D_B: 0.0488 | Cycle: 1.0952
Epoch 31/80 | Step 212250 | G: 1.8144 | D_A: 0.1528 | D_B: 0.1653 | Cycle: 0.7187
Epoch 31/80 | Step 212300 | G: 2.3208 | D_A: 0.1906 | D_B: 0.1181 | Cycle: 0.9869
Epoch 31/80 | Step 212350 | G: 2.0422 | D_A: 0.1517 | D_B: 0.2283 | Cycle: 0.6822
Epoch 31/80 | Step 212400 | G: 2.1612 | D_A: 0.1760 | D_B: 0.0569 | Cycle: 0.7916
Epoch 31/80 | Step 212450 | G: 2.1941 | D_A: 0.1297 | D_B: 0.0590 | Cycle: 0.7745
Epoch 31/80 | Step 212500 | G: 2.4255 | D_A: 0.1589 | D_B: 0.1176 | Cycle: 0.9357
Epoch 31/80 | Step 212550 | G: 2.5992 | D_A: 0.0699 | D_B: 0.0398 | Cycle: 0.8425
Epoch 31/80 | Step 212600 | G: 1.6325 | D_A: 0.1665 | D_B: 0.1595 | Cycle: 0.7594
Epoch 31/80 | Step 212650 | G: 1.7371 | D_A: 0.0373 | D_B: 0.1294 | Cycle: 0.6554
Epoch 31/80 | Step 212700 | G: 2.1093 | D_A: 0.1695 | D_B: 0.0903 | Cycle: 0.8839
Epoch 31/80 | Step 212750 | G: 1.6883 | D_A: 0.1753 | D_B: 0.1081 | Cycle: 0.7753
Epoch 31/80 | Step 212800 | G: 1.9759 | D_A: 0.0766 | D_B: 0.0274 | Cycle: 0.6582
Epoch 31/80 | Step 212850 | G: 3.1243 | D_A: 0.2601 | D_B: 0.2179 | Cycle: 0.8992
Epoch 31/80 | Step 212900 | G: 2.3293 | D_A: 0.1482 | D_B: 0.0842 | Cycle: 0.7236
Epoch 31/80 | Step 212950 | G: 2.7861 | D_A: 0.1789 | D_B: 0.0435 | Cycle: 1.0174
Epoch 31/80 | Step 213000 | G: 1.9890 | D_A: 0.2088 | D_B: 0.1569 | Cycle: 0.7219
Epoch 31/80 | Step 213050 | G: 1.9068 | D_A: 0.1230 | D_B: 0.1885 | Cycle: 0.7329
Epoch 31/80 | Step 213100 | G: 2.1078 | D_A: 0.1585 | D_B: 0.0553 | Cycle: 0.6179
Epoch 31/80 | Step 213150 | G: 1.7936 | D_A: 0.1241 | D_B: 0.0989 | Cycle: 0.7823
Epoch 31/80 | Step 213200 | G: 1.9078 | D_A: 0.1721 | D_B: 0.1776 | Cycle: 0.7578
Epoch 31/80 | Step 213250 | G: 2.9412 | D_A: 0.0431 | D_B: 0.0456 | Cycle: 0.8946
Epoch 31/80 | Step 213300 | G: 2.3569 | D_A: 0.0879 | D_B: 0.1113 | Cycle: 0.7910
Epoch 31/80 | Step 213350 | G: 2.4510 | D_A: 0.0914 | D_B: 0.3207 | Cycle: 0.8491
Epoch 31/80 | Step 213400 | G: 1.7428 | D_A: 0.2225 | D_B: 0.1341 | Cycle: 0.7517
Epoch 31/80 | Step 213450 | G: 2.3159 | D_A: 0.0620 | D_B: 0.0692 | Cycle: 0.8304
Epoch 31/80 | Step 213500 | G: 2.1885 | D_A: 0.0967 | D_B: 0.0683 | Cycle: 0.7705
Epoch 31/80 | Step 213550 | G: 2.2987 | D_A: 0.0729 | D_B: 0.0948 | Cycle: 0.7057
Epoch 31/80 | Step 213600 | G: 2.4657 | D_A: 0.1649 | D_B: 0.1765 | Cycle: 1.0511
Epoch 31/80 | Step 213650 | G: 2.6374 | D_A: 0.1277 | D_B: 0.0478 | Cycle: 0.9050
Epoch 31/80 | Step 213700 | G: 1.8274 | D_A: 0.2991 | D_B: 0.2003 | Cycle: 0.6727
Epoch 31/80 | Step 213750 | G: 1.6998 | D_A: 0.0738 | D_B: 0.0658 | Cycle: 0.7268
Epoch 31/80 | Step 213800 | G: 2.2017 | D_A: 0.1550 | D_B: 0.0935 | Cycle: 0.8448
Epoch 31/80 | Step 213850 | G: 2.6195 | D_A: 0.1110 | D_B: 0.0385 | Cycle: 0.8515
Epoch 31/80 | Step 213900 | G: 2.3109 | D_A: 0.1719 | D_B: 0.1122 | Cycle: 0.9212
Epoch 31/80 | Step 213950 | G: 1.7119 | D_A: 0.1306 | D_B: 0.0763 | Cycle: 0.6381
Epoch 31/80 | Step 214000 | G: 2.7788 | D_A: 0.1699 | D_B: 0.0321 | Cycle: 0.9010
Epoch 31/80 | Step 214050 | G: 2.5420 | D_A: 0.0411 | D_B: 0.1074 | Cycle: 1.0118
Epoch 31/80 | Step 214100 | G: 2.4051 | D_A: 0.1193 | D_B: 0.0322 | Cycle: 0.8681
Epoch 31/80 | Step 214150 | G: 2.6370 | D_A: 0.0788 | D_B: 0.0348 | Cycle: 0.8729
Epoch 31/80 | Step 214200 | G: 2.1961 | D_A: 0.2116 | D_B: 0.0557 | Cycle: 0.8640
Epoch 31/80 | Step 214250 | G: 2.6138 | D_A: 0.2357 | D_B: 0.1185 | Cycle: 1.0418
Epoch 31/80 | Step 214300 | G: 2.4303 | D_A: 0.1446 | D_B: 0.0973 | Cycle: 0.8668
Epoch 31/80 | Step 214350 | G: 2.8748 | D_A: 0.1296 | D_B: 0.0787 | Cycle: 0.8745
Epoch 31/80 | Step 214400 | G: 2.8456 | D_A: 0.1667 | D_B: 0.1566 | Cycle: 1.1822
Epoch 31/80 | Step 214450 | G: 2.1514 | D_A: 0.2627 | D_B: 0.0766 | Cycle: 0.7691
Epoch 31/80 | Step 214500 | G: 2.5305 | D_A: 0.1231 | D_B: 0.0798 | Cycle: 0.8147
Epoch 31/80 | Step 214550 | G: 2.0115 | D_A: 0.1164 | D_B: 0.0958 | Cycle: 0.7624
Epoch 31/80 | Step 214600 | G: 2.0102 | D_A: 0.2142 | D_B: 0.1287 | Cycle: 0.8283
Epoch 31/80 | Step 214650 | G: 1.8118 | D_A: 0.0886 | D_B: 0.0966 | Cycle: 0.8814
Epoch 31/80 | Step 214700 | G: 2.1232 | D_A: 0.1905 | D_B: 0.0349 | Cycle: 0.7185
Epoch 31/80 | Step 214750 | G: 2.0524 | D_A: 0.0601 | D_B: 0.2549 | Cycle: 0.6928
Epoch 31/80 | Step 214800 | G: 2.1475 | D_A: 0.1272 | D_B: 0.0269 | Cycle: 0.6417
Epoch 31/80 | Step 214850 | G: 2.6902 | D_A: 0.1038 | D_B: 0.2038 | Cycle: 0.9958
Epoch 31/80 | Step 214900 | G: 2.1155 | D_A: 0.0588 | D_B: 0.0333 | Cycle: 0.7326
Epoch 31/80 | Step 214950 | G: 2.0496 | D_A: 0.0973 | D_B: 0.0752 | Cycle: 0.7750
Epoch 31/80 | Step 215000 | G: 2.5980 | D_A: 0.0816 | D_B: 0.0505 | Cycle: 0.8412
Epoch 31/80 | Step 215050 | G: 2.4001 | D_A: 0.1435 | D_B: 0.0660 | Cycle: 0.7808
Epoch 31/80 | Step 215100 | G: 1.6644 | D_A: 0.1407 | D_B: 0.0789 | Cycle: 0.6225
Epoch 31/80 | Step 215150 | G: 2.6607 | D_A: 0.1272 | D_B: 0.0692 | Cycle: 1.0785
Epoch 31/80 | Step 215200 | G: 2.1320 | D_A: 0.1849 | D_B: 0.0562 | Cycle: 0.8713
Epoch 31/80 | Step 215250 | G: 1.9765 | D_A: 0.0970 | D_B: 0.0856 | Cycle: 0.7790
Epoch 31/80 | Step 215300 | G: 1.6257 | D_A: 0.1451 | D_B: 0.2183 | Cycle: 0.6333
Epoch 31/80 | Step 215350 | G: 2.5560 | D_A: 0.0872 | D_B: 0.1057 | Cycle: 0.7697
Epoch 31/80 | Step 215400 | G: 1.6356 | D_A: 0.0818 | D_B: 0.1854 | Cycle: 0.7022
Epoch 31/80 | Step 215450 | G: 2.2328 | D_A: 0.1700 | D_B: 0.1237 | Cycle: 0.7298
Epoch 31/80 | Step 215500 | G: 2.0044 | D_A: 0.1272 | D_B: 0.0937 | Cycle: 0.6766
Epoch 31/80 | Step 215550 | G: 2.3992 | D_A: 0.1267 | D_B: 0.0311 | Cycle: 1.0600
Epoch 31/80 | Step 215600 | G: 2.3435 | D_A: 0.1655 | D_B: 0.1580 | Cycle: 0.7197
Epoch 31/80 | Step 215650 | G: 2.5057 | D_A: 0.1200 | D_B: 0.4384 | Cycle: 0.7457
Epoch 31/80 | Step 215700 | G: 2.0611 | D_A: 0.0928 | D_B: 0.0625 | Cycle: 0.6960
Epoch 31/80 | Step 215750 | G: 2.4644 | D_A: 0.1799 | D_B: 0.1419 | Cycle: 0.6177
Epoch 31/80 | Step 215800 | G: 2.0737 | D_A: 0.1401 | D_B: 0.0533 | Cycle: 0.6421
Epoch 31/80 | Step 215850 | G: 2.0203 | D_A: 0.1269 | D_B: 0.0741 | Cycle: 0.8496
Epoch 31/80 | Step 215900 | G: 1.9337 | D_A: 0.0874 | D_B: 0.0674 | Cycle: 0.8133
Epoch 31/80 | Step 215950 | G: 1.6589 | D_A: 0.1904 | D_B: 0.0881 | Cycle: 0.6763
Epoch 31/80 | Step 216000 | G: 1.7872 | D_A: 0.1699 | D_B: 0.0553 | Cycle: 0.6743
Epoch 31/80 | Step 216050 | G: 1.7652 | D_A: 0.2005 | D_B: 0.1495 | Cycle: 0.6489
Epoch 31/80 | Step 216100 | G: 2.6404 | D_A: 0.1077 | D_B: 0.0405 | Cycle: 0.7535
Epoch 31/80 | Step 216150 | G: 2.2897 | D_A: 0.1567 | D_B: 0.0886 | Cycle: 0.7265
Epoch 31/80 | Step 216200 | G: 3.0268 | D_A: 0.1942 | D_B: 0.0530 | Cycle: 0.9795
Epoch 31/80 | Step 216250 | G: 4.4382 | D_A: 0.1435 | D_B: 0.0306 | Cycle: 1.8554
Epoch 31/80 | Step 216300 | G: 2.5855 | D_A: 0.1087 | D_B: 0.0531 | Cycle: 0.8893
Epoch 31/80 | Step 216350 | G: 1.9849 | D_A: 0.1470 | D_B: 0.1068 | Cycle: 0.6822
Epoch 31/80 | Step 216400 | G: 2.6390 | D_A: 0.1439 | D_B: 0.1447 | Cycle: 0.7544
Epoch 31/80 | Step 216450 | G: 2.4798 | D_A: 0.1373 | D_B: 0.0651 | Cycle: 0.7582
Epoch 31/80 | Step 216500 | G: 2.9129 | D_A: 0.1196 | D_B: 0.0446 | Cycle: 0.7202
Epoch 31/80 | Step 216550 | G: 2.3219 | D_A: 0.0794 | D_B: 0.1107 | Cycle: 0.7951
Epoch 31/80 | Step 216600 | G: 3.2626 | D_A: 0.0428 | D_B: 0.0665 | Cycle: 0.8450
Epoch 31/80 | Step 216650 | G: 1.7115 | D_A: 0.1066 | D_B: 0.0982 | Cycle: 0.6548
Epoch 31/80 | Step 216700 | G: 2.3351 | D_A: 0.1103 | D_B: 0.1555 | Cycle: 0.7500
Epoch 31/80 | Step 216750 | G: 2.3244 | D_A: 0.0768 | D_B: 0.0707 | Cycle: 0.7182
Epoch 31/80 | Step 216800 | G: 2.4441 | D_A: 0.0602 | D_B: 0.0648 | Cycle: 0.8934
Epoch 31/80 | Step 216850 | G: 2.4637 | D_A: 0.1454 | D_B: 0.0561 | Cycle: 0.8369
Epoch 31/80 | Step 216900 | G: 2.6024 | D_A: 0.1997 | D_B: 0.0411 | Cycle: 0.7065
Epoch 31/80 | Step 216950 | G: 2.0590 | D_A: 0.0550 | D_B: 0.0844 | Cycle: 0.7174
Epoch 31/80 | Step 217000 | G: 1.8775 | D_A: 0.1501 | D_B: 0.1230 | Cycle: 0.7069
Epoch 31/80 | Step 217050 | G: 1.9109 | D_A: 0.3118 | D_B: 0.1037 | Cycle: 0.6821
Epoch 31/80 | Step 217100 | G: 2.0378 | D_A: 0.0692 | D_B: 0.0843 | Cycle: 0.7902
Epoch 31/80 | Step 217150 | G: 2.6097 | D_A: 0.5384 | D_B: 0.2315 | Cycle: 0.7419
Epoch 31/80 | Step 217200 | G: 2.0001 | D_A: 0.1764 | D_B: 0.0874 | Cycle: 0.9199
Epoch 31/80 | Step 217250 | G: 2.3718 | D_A: 0.4244 | D_B: 0.0387 | Cycle: 1.0738
Epoch 31/80 | Step 217300 | G: 2.3525 | D_A: 0.0740 | D_B: 0.1576 | Cycle: 0.9775
Epoch 31/80 | Step 217350 | G: 1.9856 | D_A: 0.0610 | D_B: 0.0776 | Cycle: 0.7208
Epoch 31/80 | Step 217400 | G: 1.5712 | D_A: 0.0967 | D_B: 0.2874 | Cycle: 0.6349
Epoch 31/80 | Step 217450 | G: 1.7267 | D_A: 0.0768 | D_B: 0.1515 | Cycle: 0.7009
Epoch 31/80 | Step 217500 | G: 1.9868 | D_A: 0.0740 | D_B: 0.0630 | Cycle: 0.7170
Epoch 31/80 | Step 217550 | G: 3.5673 | D_A: 0.0325 | D_B: 0.0429 | Cycle: 0.9779
Epoch 31/80 | Step 217600 | G: 2.3411 | D_A: 0.2381 | D_B: 0.0404 | Cycle: 0.7117
Epoch 31/80 | Step 217650 | G: 2.4238 | D_A: 0.1386 | D_B: 0.0832 | Cycle: 0.7202
Epoch 31/80 | Step 217700 | G: 1.9409 | D_A: 0.1500 | D_B: 0.0850 | Cycle: 0.9027
Epoch 31/80 | Step 217750 | G: 2.2480 | D_A: 0.0894 | D_B: 0.0486 | Cycle: 0.7562
Epoch 31/80 | Step 217800 | G: 1.9473 | D_A: 0.0797 | D_B: 0.0982 | Cycle: 0.7959
Epoch 31/80 | Step 217850 | G: 2.5200 | D_A: 0.1694 | D_B: 0.1193 | Cycle: 0.8196
Epoch 31/80 | Step 217900 | G: 1.6559 | D_A: 0.1679 | D_B: 0.2960 | Cycle: 0.7592
Epoch 31/80 | Step 217950 | G: 2.5971 | D_A: 0.1738 | D_B: 0.0413 | Cycle: 0.7839
Epoch 31/80 | Step 218000 | G: 1.9678 | D_A: 0.1802 | D_B: 0.0512 | Cycle: 0.8129
Epoch 31/80 | Step 218050 | G: 2.2108 | D_A: 0.0683 | D_B: 0.0575 | Cycle: 0.6474
Epoch 31/80 | Step 218100 | G: 2.7116 | D_A: 0.1461 | D_B: 0.0628 | Cycle: 0.9710
Epoch 31/80 | Step 218150 | G: 1.9653 | D_A: 0.2671 | D_B: 0.1650 | Cycle: 0.7640
Epoch 31/80 complete | Time: 431s | Avg G: 2.2964 | Avg D: 0.1177
Epoch 32/80 | Step 218200 | G: 2.9371 | D_A: 0.0908 | D_B: 0.1032 | Cycle: 0.8463
Epoch 32/80 | Step 218250 | G: 2.1781 | D_A: 0.1245 | D_B: 0.1248 | Cycle: 0.6062
Epoch 32/80 | Step 218300 | G: 2.0304 | D_A: 0.0904 | D_B: 0.0434 | Cycle: 0.8652
Epoch 32/80 | Step 218350 | G: 1.8543 | D_A: 0.0707 | D_B: 0.1264 | Cycle: 0.7919
Epoch 32/80 | Step 218400 | G: 2.8385 | D_A: 0.1288 | D_B: 0.0623 | Cycle: 0.8404
Epoch 32/80 | Step 218450 | G: 2.5481 | D_A: 0.0734 | D_B: 0.0361 | Cycle: 0.9469
Epoch 32/80 | Step 218500 | G: 2.6607 | D_A: 0.1675 | D_B: 0.1030 | Cycle: 0.7728
Epoch 32/80 | Step 218550 | G: 2.8193 | D_A: 0.0463 | D_B: 0.0249 | Cycle: 1.0660
Epoch 32/80 | Step 218600 | G: 2.1073 | D_A: 0.2941 | D_B: 0.1195 | Cycle: 0.9900
Epoch 32/80 | Step 218650 | G: 2.0302 | D_A: 0.1785 | D_B: 0.1348 | Cycle: 0.8894
Epoch 32/80 | Step 218700 | G: 2.0041 | D_A: 0.1326 | D_B: 0.1744 | Cycle: 0.7580
Epoch 32/80 | Step 218750 | G: 1.9404 | D_A: 0.1422 | D_B: 0.1400 | Cycle: 0.6406
Epoch 32/80 | Step 218800 | G: 2.1157 | D_A: 0.2291 | D_B: 0.0477 | Cycle: 0.9685
Epoch 32/80 | Step 218850 | G: 2.5220 | D_A: 0.0595 | D_B: 0.0548 | Cycle: 0.8994
Epoch 32/80 | Step 218900 | G: 2.9787 | D_A: 0.1590 | D_B: 0.0299 | Cycle: 0.8409
Epoch 32/80 | Step 218950 | G: 2.2787 | D_A: 0.1743 | D_B: 0.1022 | Cycle: 0.9955
Epoch 32/80 | Step 219000 | G: 2.5847 | D_A: 0.1847 | D_B: 0.1369 | Cycle: 0.8228
Epoch 32/80 | Step 219050 | G: 3.2200 | D_A: 0.2166 | D_B: 0.1012 | Cycle: 1.0977
Epoch 32/80 | Step 219100 | G: 3.0488 | D_A: 0.0885 | D_B: 0.0348 | Cycle: 0.9929
Epoch 32/80 | Step 219150 | G: 1.8699 | D_A: 0.1845 | D_B: 0.1104 | Cycle: 0.6608
Epoch 32/80 | Step 219200 | G: 1.8855 | D_A: 0.2325 | D_B: 0.1172 | Cycle: 0.8018
Epoch 32/80 | Step 219250 | G: 2.2720 | D_A: 0.1125 | D_B: 0.0550 | Cycle: 0.7797
Epoch 32/80 | Step 219300 | G: 2.2527 | D_A: 0.1214 | D_B: 0.1324 | Cycle: 0.8949
Epoch 32/80 | Step 219350 | G: 2.2663 | D_A: 0.0577 | D_B: 0.0729 | Cycle: 0.9228
Epoch 32/80 | Step 219400 | G: 2.6645 | D_A: 0.0378 | D_B: 0.0430 | Cycle: 0.7992
Epoch 32/80 | Step 219450 | G: 2.3936 | D_A: 0.1541 | D_B: 0.1025 | Cycle: 0.9240
Epoch 32/80 | Step 219500 | G: 2.4825 | D_A: 0.0881 | D_B: 0.1044 | Cycle: 0.9490
Epoch 32/80 | Step 219550 | G: 2.7495 | D_A: 0.1150 | D_B: 0.0494 | Cycle: 1.0943
Epoch 32/80 | Step 219600 | G: 2.4764 | D_A: 0.1708 | D_B: 0.0609 | Cycle: 0.9092
Epoch 32/80 | Step 219650 | G: 2.0979 | D_A: 0.0884 | D_B: 0.1534 | Cycle: 0.6177
Epoch 32/80 | Step 219700 | G: 2.7831 | D_A: 0.0708 | D_B: 0.0686 | Cycle: 0.7634
Epoch 32/80 | Step 219750 | G: 2.3902 | D_A: 0.0907 | D_B: 0.1541 | Cycle: 0.8254
Epoch 32/80 | Step 219800 | G: 2.2891 | D_A: 0.0663 | D_B: 0.0850 | Cycle: 0.9174
Epoch 32/80 | Step 219850 | G: 2.2822 | D_A: 0.1366 | D_B: 0.1049 | Cycle: 0.8649
Epoch 32/80 | Step 219900 | G: 2.7547 | D_A: 0.0534 | D_B: 0.0865 | Cycle: 1.0289
Epoch 32/80 | Step 219950 | G: 1.6362 | D_A: 0.3580 | D_B: 0.1660 | Cycle: 0.6222
Epoch 32/80 | Step 220000 | G: 1.9195 | D_A: 0.0843 | D_B: 0.0611 | Cycle: 0.5405
Epoch 32/80 | Step 220050 | G: 2.5829 | D_A: 0.0977 | D_B: 0.0798 | Cycle: 0.7672
Epoch 32/80 | Step 220100 | G: 1.7641 | D_A: 0.1044 | D_B: 0.0305 | Cycle: 0.6821
Epoch 32/80 | Step 220150 | G: 2.7109 | D_A: 0.1776 | D_B: 0.2447 | Cycle: 0.8780
Epoch 32/80 | Step 220200 | G: 1.7083 | D_A: 0.0586 | D_B: 0.1857 | Cycle: 0.7176
Epoch 32/80 | Step 220250 | G: 3.3760 | D_A: 0.1766 | D_B: 0.0503 | Cycle: 1.0630
Epoch 32/80 | Step 220300 | G: 1.7177 | D_A: 0.1644 | D_B: 0.1020 | Cycle: 0.6745
Epoch 32/80 | Step 220350 | G: 2.1987 | D_A: 0.1210 | D_B: 0.1925 | Cycle: 0.7271
Epoch 32/80 | Step 220400 | G: 2.7960 | D_A: 0.0677 | D_B: 0.0673 | Cycle: 0.9657
Epoch 32/80 | Step 220450 | G: 2.3332 | D_A: 0.2263 | D_B: 0.0795 | Cycle: 0.7266
Epoch 32/80 | Step 220500 | G: 2.8784 | D_A: 0.1693 | D_B: 0.0555 | Cycle: 0.9513
Epoch 32/80 | Step 220550 | G: 3.2474 | D_A: 0.0970 | D_B: 0.0445 | Cycle: 1.0222
Epoch 32/80 | Step 220600 | G: 2.6340 | D_A: 0.1413 | D_B: 0.0510 | Cycle: 0.7685
Epoch 32/80 | Step 220650 | G: 1.6528 | D_A: 0.1975 | D_B: 0.1803 | Cycle: 0.6409
Epoch 32/80 | Step 220700 | G: 2.1521 | D_A: 0.1720 | D_B: 0.0457 | Cycle: 0.8247
Epoch 32/80 | Step 220750 | G: 2.4251 | D_A: 0.1646 | D_B: 0.1313 | Cycle: 0.9034
Epoch 32/80 | Step 220800 | G: 2.8181 | D_A: 0.0498 | D_B: 0.0769 | Cycle: 0.7802
Epoch 32/80 | Step 220850 | G: 1.8686 | D_A: 0.1584 | D_B: 0.0718 | Cycle: 0.7802
Epoch 32/80 | Step 220900 | G: 2.2378 | D_A: 0.1247 | D_B: 0.0449 | Cycle: 1.0183
Epoch 32/80 | Step 220950 | G: 1.7717 | D_A: 0.3602 | D_B: 0.1501 | Cycle: 0.7328
Epoch 32/80 | Step 221000 | G: 2.8007 | D_A: 0.3366 | D_B: 0.0721 | Cycle: 0.7963
Epoch 32/80 | Step 221050 | G: 2.2739 | D_A: 0.0586 | D_B: 0.0370 | Cycle: 0.7026
Epoch 32/80 | Step 221100 | G: 1.9838 | D_A: 0.2472 | D_B: 0.1195 | Cycle: 0.6670
Epoch 32/80 | Step 221150 | G: 2.1144 | D_A: 0.2119 | D_B: 0.1714 | Cycle: 0.6787
Epoch 32/80 | Step 221200 | G: 2.1233 | D_A: 0.1276 | D_B: 0.0727 | Cycle: 0.8626
Epoch 32/80 | Step 221250 | G: 2.4004 | D_A: 0.1356 | D_B: 0.0629 | Cycle: 0.9805
Epoch 32/80 | Step 221300 | G: 2.1524 | D_A: 0.0870 | D_B: 0.0760 | Cycle: 0.8727
Epoch 32/80 | Step 221350 | G: 2.1211 | D_A: 0.1754 | D_B: 0.1395 | Cycle: 0.7924
Epoch 32/80 | Step 221400 | G: 1.9322 | D_A: 0.1934 | D_B: 0.0443 | Cycle: 0.8014
Epoch 32/80 | Step 221450 | G: 2.2176 | D_A: 0.0813 | D_B: 0.1030 | Cycle: 0.8143
Epoch 32/80 | Step 221500 | G: 2.1083 | D_A: 0.1151 | D_B: 0.0608 | Cycle: 0.7613
Epoch 32/80 | Step 221550 | G: 2.2083 | D_A: 0.0916 | D_B: 0.0770 | Cycle: 0.7930
Epoch 32/80 | Step 221600 | G: 2.7684 | D_A: 0.1556 | D_B: 0.0525 | Cycle: 0.8073
Epoch 32/80 | Step 221650 | G: 2.1704 | D_A: 0.1176 | D_B: 0.2261 | Cycle: 0.8155
Epoch 32/80 | Step 221700 | G: 2.9694 | D_A: 0.1109 | D_B: 0.1130 | Cycle: 0.8087
Epoch 32/80 | Step 221750 | G: 2.3130 | D_A: 0.1246 | D_B: 0.0562 | Cycle: 0.9547
Epoch 32/80 | Step 221800 | G: 2.3377 | D_A: 0.0984 | D_B: 0.1117 | Cycle: 1.0024
Epoch 32/80 | Step 221850 | G: 2.3839 | D_A: 0.1057 | D_B: 0.0660 | Cycle: 0.8150
Epoch 32/80 | Step 221900 | G: 1.8035 | D_A: 0.2977 | D_B: 0.1179 | Cycle: 0.7175
Epoch 32/80 | Step 221950 | G: 1.8902 | D_A: 0.0662 | D_B: 0.0903 | Cycle: 0.8090
Epoch 32/80 | Step 222000 | G: 2.2076 | D_A: 0.1090 | D_B: 0.1428 | Cycle: 0.7710
Epoch 32/80 | Step 222050 | G: 2.1896 | D_A: 0.0575 | D_B: 0.0707 | Cycle: 0.8276
Epoch 32/80 | Step 222100 | G: 1.7676 | D_A: 0.1447 | D_B: 0.1494 | Cycle: 0.7418
Epoch 32/80 | Step 222150 | G: 1.8512 | D_A: 0.0821 | D_B: 0.1260 | Cycle: 0.6256
Epoch 32/80 | Step 222200 | G: 1.7047 | D_A: 0.1350 | D_B: 0.1330 | Cycle: 0.7380
Epoch 32/80 | Step 222250 | G: 2.1539 | D_A: 0.1044 | D_B: 0.0718 | Cycle: 0.6864
Epoch 32/80 | Step 222300 | G: 2.2251 | D_A: 0.0898 | D_B: 0.0856 | Cycle: 0.7952
Epoch 32/80 | Step 222350 | G: 2.1782 | D_A: 0.1600 | D_B: 0.0809 | Cycle: 0.9076
Epoch 32/80 | Step 222400 | G: 2.6093 | D_A: 0.1215 | D_B: 0.0516 | Cycle: 0.9485
Epoch 32/80 | Step 222450 | G: 2.4863 | D_A: 0.2445 | D_B: 0.0996 | Cycle: 1.0296
Epoch 32/80 | Step 222500 | G: 2.2699 | D_A: 0.1094 | D_B: 0.1162 | Cycle: 0.8033
Epoch 32/80 | Step 222550 | G: 2.2396 | D_A: 0.0632 | D_B: 0.0651 | Cycle: 0.8810
Epoch 32/80 | Step 222600 | G: 2.1890 | D_A: 0.1036 | D_B: 0.0958 | Cycle: 0.7992
Epoch 32/80 | Step 222650 | G: 2.5490 | D_A: 0.1037 | D_B: 0.0864 | Cycle: 0.7482
Epoch 32/80 | Step 222700 | G: 1.3743 | D_A: 0.1835 | D_B: 0.0750 | Cycle: 0.6582
Epoch 32/80 | Step 222750 | G: 2.6107 | D_A: 0.0762 | D_B: 0.0431 | Cycle: 0.8490
Epoch 32/80 | Step 222800 | G: 2.1606 | D_A: 0.0802 | D_B: 0.1282 | Cycle: 0.8344
Epoch 32/80 | Step 222850 | G: 2.5806 | D_A: 0.0768 | D_B: 0.1348 | Cycle: 0.6868
Epoch 32/80 | Step 222900 | G: 1.9582 | D_A: 0.2234 | D_B: 0.1131 | Cycle: 0.6960
Epoch 32/80 | Step 222950 | G: 2.1148 | D_A: 0.2367 | D_B: 0.1229 | Cycle: 0.7246
Epoch 32/80 | Step 223000 | G: 2.6843 | D_A: 0.0884 | D_B: 0.0609 | Cycle: 0.9040
Epoch 32/80 | Step 223050 | G: 2.6228 | D_A: 0.1209 | D_B: 0.0733 | Cycle: 1.0582
Epoch 32/80 | Step 223100 | G: 2.5241 | D_A: 0.1265 | D_B: 0.0776 | Cycle: 0.8540
Epoch 32/80 | Step 223150 | G: 1.6665 | D_A: 0.1176 | D_B: 0.1063 | Cycle: 0.8003
Epoch 32/80 | Step 223200 | G: 2.1849 | D_A: 0.1329 | D_B: 0.1142 | Cycle: 0.8360
Epoch 32/80 | Step 223250 | G: 1.9003 | D_A: 0.2121 | D_B: 0.0882 | Cycle: 0.7800
Epoch 32/80 | Step 223300 | G: 1.7791 | D_A: 0.1418 | D_B: 0.1246 | Cycle: 0.7071
Epoch 32/80 | Step 223350 | G: 3.1415 | D_A: 0.0897 | D_B: 0.1458 | Cycle: 0.9561
Epoch 32/80 | Step 223400 | G: 2.1341 | D_A: 0.1497 | D_B: 0.0749 | Cycle: 0.7706
Epoch 32/80 | Step 223450 | G: 1.9203 | D_A: 0.1850 | D_B: 0.1035 | Cycle: 0.7729
Epoch 32/80 | Step 223500 | G: 2.0318 | D_A: 0.1686 | D_B: 0.0367 | Cycle: 0.9415
Epoch 32/80 | Step 223550 | G: 3.0653 | D_A: 0.0470 | D_B: 0.0281 | Cycle: 0.8792
Epoch 32/80 | Step 223600 | G: 2.5455 | D_A: 0.1063 | D_B: 0.0731 | Cycle: 0.9117
Epoch 32/80 | Step 223650 | G: 1.9174 | D_A: 0.2134 | D_B: 0.1254 | Cycle: 0.8224
Epoch 32/80 | Step 223700 | G: 1.9921 | D_A: 0.2123 | D_B: 0.0732 | Cycle: 0.6986
Epoch 32/80 | Step 223750 | G: 2.0143 | D_A: 0.1934 | D_B: 0.0456 | Cycle: 0.8765
Epoch 32/80 | Step 223800 | G: 2.8589 | D_A: 0.0706 | D_B: 0.0432 | Cycle: 0.7700
Epoch 32/80 | Step 223850 | G: 2.6394 | D_A: 0.1462 | D_B: 0.0510 | Cycle: 0.8431
Epoch 32/80 | Step 223900 | G: 2.4214 | D_A: 0.1338 | D_B: 0.0374 | Cycle: 0.8096
Epoch 32/80 | Step 223950 | G: 1.9707 | D_A: 0.0730 | D_B: 0.0569 | Cycle: 0.8399
Epoch 32/80 | Step 224000 | G: 2.2869 | D_A: 0.1069 | D_B: 0.0817 | Cycle: 0.8419
Epoch 32/80 | Step 224050 | G: 2.0374 | D_A: 0.1122 | D_B: 0.1063 | Cycle: 0.8036
Epoch 32/80 | Step 224100 | G: 2.0117 | D_A: 0.2500 | D_B: 0.0482 | Cycle: 0.7182
Epoch 32/80 | Step 224150 | G: 2.2727 | D_A: 0.2852 | D_B: 0.1179 | Cycle: 0.6815
Epoch 32/80 | Step 224200 | G: 2.4701 | D_A: 0.1002 | D_B: 0.0359 | Cycle: 0.8396
Epoch 32/80 | Step 224250 | G: 2.0122 | D_A: 0.1220 | D_B: 0.1560 | Cycle: 0.8329
Epoch 32/80 | Step 224300 | G: 1.9562 | D_A: 0.0515 | D_B: 0.1882 | Cycle: 0.7521
Epoch 32/80 | Step 224350 | G: 3.1736 | D_A: 0.1146 | D_B: 0.2081 | Cycle: 1.0256
Epoch 32/80 | Step 224400 | G: 2.1869 | D_A: 0.0682 | D_B: 0.0453 | Cycle: 0.7369
Epoch 32/80 | Step 224450 | G: 2.3221 | D_A: 0.2551 | D_B: 0.0650 | Cycle: 0.8289
Epoch 32/80 | Step 224500 | G: 2.2637 | D_A: 0.1355 | D_B: 0.0358 | Cycle: 0.7154
Epoch 32/80 | Step 224550 | G: 2.5294 | D_A: 0.1788 | D_B: 0.0892 | Cycle: 0.8148
Epoch 32/80 | Step 224600 | G: 2.8853 | D_A: 0.0890 | D_B: 0.1406 | Cycle: 0.8488
Epoch 32/80 | Step 224650 | G: 1.6337 | D_A: 0.1361 | D_B: 0.1643 | Cycle: 0.6215
Epoch 32/80 | Step 224700 | G: 2.4091 | D_A: 0.1031 | D_B: 0.0393 | Cycle: 0.8854
Epoch 32/80 | Step 224750 | G: 2.3351 | D_A: 0.1375 | D_B: 0.0493 | Cycle: 0.7851
Epoch 32/80 | Step 224800 | G: 2.0919 | D_A: 0.0560 | D_B: 0.1082 | Cycle: 0.7017
Epoch 32/80 | Step 224850 | G: 2.7596 | D_A: 0.0824 | D_B: 0.1371 | Cycle: 0.8561
Epoch 32/80 | Step 224900 | G: 1.8407 | D_A: 0.1366 | D_B: 0.1639 | Cycle: 0.6323
Epoch 32/80 | Step 224950 | G: 2.1353 | D_A: 0.1029 | D_B: 0.0453 | Cycle: 0.7230
Epoch 32/80 | Step 225000 | G: 1.6283 | D_A: 0.1803 | D_B: 0.1100 | Cycle: 0.6532
Epoch 32/80 | Step 225050 | G: 2.3715 | D_A: 0.0893 | D_B: 0.2048 | Cycle: 0.5755
Epoch 32/80 | Step 225100 | G: 2.1294 | D_A: 0.2532 | D_B: 0.0325 | Cycle: 0.8125
Epoch 32/80 | Step 225150 | G: 1.6415 | D_A: 0.1786 | D_B: 0.1875 | Cycle: 0.7974
Epoch 32/80 | Step 225200 | G: 2.2213 | D_A: 0.2091 | D_B: 0.1225 | Cycle: 0.8164
Epoch 32/80 complete | Time: 434s | Avg G: 2.2975 | Avg D: 0.1164
Epoch 33/80 | Step 225250 | G: 2.1812 | D_A: 0.0829 | D_B: 0.1593 | Cycle: 0.8291
Epoch 33/80 | Step 225300 | G: 2.5112 | D_A: 0.1028 | D_B: 0.0516 | Cycle: 0.8159
Epoch 33/80 | Step 225350 | G: 2.7147 | D_A: 0.1368 | D_B: 0.0777 | Cycle: 1.1844
Epoch 33/80 | Step 225400 | G: 2.1923 | D_A: 0.2204 | D_B: 0.2628 | Cycle: 0.6751
Epoch 33/80 | Step 225450 | G: 3.5918 | D_A: 0.0618 | D_B: 0.0313 | Cycle: 1.1266
Epoch 33/80 | Step 225500 | G: 2.6271 | D_A: 0.1434 | D_B: 0.0975 | Cycle: 1.0950
Epoch 33/80 | Step 225550 | G: 2.8168 | D_A: 0.1411 | D_B: 0.1032 | Cycle: 0.7494
Epoch 33/80 | Step 225600 | G: 2.4012 | D_A: 0.2250 | D_B: 0.1556 | Cycle: 0.8693
Epoch 33/80 | Step 225650 | G: 1.8556 | D_A: 0.1771 | D_B: 0.0542 | Cycle: 0.8355
Epoch 33/80 | Step 225700 | G: 2.3973 | D_A: 0.0892 | D_B: 0.0536 | Cycle: 0.7247
Epoch 33/80 | Step 225750 | G: 2.1588 | D_A: 0.0780 | D_B: 0.1166 | Cycle: 0.8398
Epoch 33/80 | Step 225800 | G: 1.8415 | D_A: 0.1510 | D_B: 0.1333 | Cycle: 0.6592
Epoch 33/80 | Step 225850 | G: 1.8674 | D_A: 0.1927 | D_B: 0.1381 | Cycle: 0.7688
Epoch 33/80 | Step 225900 | G: 1.6594 | D_A: 0.0750 | D_B: 0.1191 | Cycle: 0.5917
Epoch 33/80 | Step 225950 | G: 2.4716 | D_A: 0.2245 | D_B: 0.1154 | Cycle: 0.9599
Epoch 33/80 | Step 226000 | G: 2.0504 | D_A: 0.1342 | D_B: 0.1557 | Cycle: 0.7658
Epoch 33/80 | Step 226050 | G: 1.6717 | D_A: 0.1207 | D_B: 0.0619 | Cycle: 0.7575
Epoch 33/80 | Step 226100 | G: 3.1866 | D_A: 0.4569 | D_B: 0.0694 | Cycle: 0.8546
Epoch 33/80 | Step 226150 | G: 2.1632 | D_A: 0.3058 | D_B: 0.1606 | Cycle: 0.8205
Epoch 33/80 | Step 226200 | G: 2.5633 | D_A: 0.1577 | D_B: 0.0292 | Cycle: 0.8059
Epoch 33/80 | Step 226250 | G: 1.8388 | D_A: 0.1092 | D_B: 0.1346 | Cycle: 0.7319
Epoch 33/80 | Step 226300 | G: 2.8894 | D_A: 0.1136 | D_B: 0.1189 | Cycle: 0.9675
Epoch 33/80 | Step 226350 | G: 2.2048 | D_A: 0.0752 | D_B: 0.0702 | Cycle: 0.7487
Epoch 33/80 | Step 226400 | G: 2.3853 | D_A: 0.1668 | D_B: 0.0618 | Cycle: 0.9813
Epoch 33/80 | Step 226450 | G: 3.1567 | D_A: 0.1298 | D_B: 0.0348 | Cycle: 0.8016
Epoch 33/80 | Step 226500 | G: 2.1177 | D_A: 0.2225 | D_B: 0.0730 | Cycle: 0.7829
Epoch 33/80 | Step 226550 | G: 2.5599 | D_A: 0.1951 | D_B: 0.0391 | Cycle: 0.7679
Epoch 33/80 | Step 226600 | G: 2.6048 | D_A: 0.0845 | D_B: 0.1536 | Cycle: 1.0141
Epoch 33/80 | Step 226650 | G: 1.8232 | D_A: 0.1391 | D_B: 0.0797 | Cycle: 0.9564
Epoch 33/80 | Step 226700 | G: 2.3317 | D_A: 0.1555 | D_B: 0.0873 | Cycle: 1.0482
Epoch 33/80 | Step 226750 | G: 2.2195 | D_A: 0.1839 | D_B: 0.0469 | Cycle: 0.5881
Epoch 33/80 | Step 226800 | G: 1.8942 | D_A: 0.0927 | D_B: 0.0470 | Cycle: 0.8483
Epoch 33/80 | Step 226850 | G: 2.6508 | D_A: 0.1668 | D_B: 0.0375 | Cycle: 1.1148
Epoch 33/80 | Step 226900 | G: 2.7880 | D_A: 0.0564 | D_B: 0.0597 | Cycle: 0.8968
Epoch 33/80 | Step 226950 | G: 1.8166 | D_A: 0.1624 | D_B: 0.1770 | Cycle: 0.7507
Epoch 33/80 | Step 227000 | G: 2.3708 | D_A: 0.0809 | D_B: 0.0588 | Cycle: 0.6412
Epoch 33/80 | Step 227050 | G: 2.8498 | D_A: 0.1834 | D_B: 0.0861 | Cycle: 0.8517
Epoch 33/80 | Step 227100 | G: 2.2704 | D_A: 0.2659 | D_B: 0.0833 | Cycle: 0.7917
Epoch 33/80 | Step 227150 | G: 2.4986 | D_A: 0.0874 | D_B: 0.0279 | Cycle: 0.9473
Epoch 33/80 | Step 227200 | G: 1.8212 | D_A: 0.1918 | D_B: 0.1054 | Cycle: 0.9651
Epoch 33/80 | Step 227250 | G: 2.6442 | D_A: 0.1386 | D_B: 0.0739 | Cycle: 0.8108
Epoch 33/80 | Step 227300 | G: 2.7550 | D_A: 0.0864 | D_B: 0.1541 | Cycle: 1.0482
Epoch 33/80 | Step 227350 | G: 2.5155 | D_A: 0.0662 | D_B: 0.1871 | Cycle: 0.7475
Epoch 33/80 | Step 227400 | G: 1.9733 | D_A: 0.2158 | D_B: 0.0700 | Cycle: 0.7488
Epoch 33/80 | Step 227450 | G: 1.9463 | D_A: 0.1643 | D_B: 0.1122 | Cycle: 0.7737
Epoch 33/80 | Step 227500 | G: 3.0633 | D_A: 0.0614 | D_B: 0.0606 | Cycle: 1.0840
Epoch 33/80 | Step 227550 | G: 2.1994 | D_A: 0.2399 | D_B: 0.0980 | Cycle: 0.6606
Epoch 33/80 | Step 227600 | G: 1.7439 | D_A: 0.1822 | D_B: 0.1847 | Cycle: 0.6078
Epoch 33/80 | Step 227650 | G: 2.3030 | D_A: 0.1059 | D_B: 0.1831 | Cycle: 0.6432
Epoch 33/80 | Step 227700 | G: 3.5560 | D_A: 0.1273 | D_B: 0.0876 | Cycle: 0.9735
Epoch 33/80 | Step 227750 | G: 2.0619 | D_A: 0.1441 | D_B: 0.0591 | Cycle: 0.6603
Epoch 33/80 | Step 227800 | G: 2.4708 | D_A: 0.1893 | D_B: 0.0965 | Cycle: 0.9796
Epoch 33/80 | Step 227850 | G: 2.0024 | D_A: 0.0946 | D_B: 0.0902 | Cycle: 0.6936
Epoch 33/80 | Step 227900 | G: 2.1126 | D_A: 0.2298 | D_B: 0.0783 | Cycle: 0.6722
Epoch 33/80 | Step 227950 | G: 1.7394 | D_A: 0.1754 | D_B: 0.0909 | Cycle: 0.6954
Epoch 33/80 | Step 228000 | G: 1.7470 | D_A: 0.2375 | D_B: 0.1301 | Cycle: 0.7311
Epoch 33/80 | Step 228050 | G: 2.2912 | D_A: 0.1591 | D_B: 0.1105 | Cycle: 0.5820
Epoch 33/80 | Step 228100 | G: 2.3050 | D_A: 0.0805 | D_B: 0.0908 | Cycle: 0.9126
Epoch 33/80 | Step 228150 | G: 2.2054 | D_A: 0.1226 | D_B: 0.0583 | Cycle: 0.8309
Epoch 33/80 | Step 228200 | G: 2.5427 | D_A: 0.1284 | D_B: 0.0769 | Cycle: 0.6971
Epoch 33/80 | Step 228250 | G: 3.1412 | D_A: 0.1370 | D_B: 0.0811 | Cycle: 1.2816
Epoch 33/80 | Step 228300 | G: 1.9721 | D_A: 0.0569 | D_B: 0.1559 | Cycle: 0.6824
Epoch 33/80 | Step 228350 | G: 1.7683 | D_A: 0.1890 | D_B: 0.0768 | Cycle: 0.8725
Epoch 33/80 | Step 228400 | G: 1.8143 | D_A: 0.0854 | D_B: 0.1539 | Cycle: 0.7107
Epoch 33/80 | Step 228450 | G: 2.2716 | D_A: 0.0899 | D_B: 0.1098 | Cycle: 0.8088
Epoch 33/80 | Step 228500 | G: 1.9630 | D_A: 0.1223 | D_B: 0.0456 | Cycle: 0.8427
Epoch 33/80 | Step 228550 | G: 2.3331 | D_A: 0.1492 | D_B: 0.0979 | Cycle: 0.7208
Epoch 33/80 | Step 228600 | G: 2.2750 | D_A: 0.1263 | D_B: 0.1012 | Cycle: 0.7394
Epoch 33/80 | Step 228650 | G: 2.2186 | D_A: 0.1007 | D_B: 0.1732 | Cycle: 0.7422
Epoch 33/80 | Step 228700 | G: 1.8234 | D_A: 0.1472 | D_B: 0.0885 | Cycle: 0.6474
Epoch 33/80 | Step 228750 | G: 2.6817 | D_A: 0.1171 | D_B: 0.0604 | Cycle: 0.8558
Epoch 33/80 | Step 228800 | G: 2.9726 | D_A: 0.0514 | D_B: 0.0419 | Cycle: 0.9796
Epoch 33/80 | Step 228850 | G: 2.0167 | D_A: 0.0638 | D_B: 0.1087 | Cycle: 0.8145
Epoch 33/80 | Step 228900 | G: 2.9898 | D_A: 0.1059 | D_B: 0.0861 | Cycle: 0.9013
Epoch 33/80 | Step 228950 | G: 2.4182 | D_A: 0.0631 | D_B: 0.1985 | Cycle: 0.7047
Epoch 33/80 | Step 229000 | G: 1.7496 | D_A: 0.0905 | D_B: 0.0985 | Cycle: 0.6212
Epoch 33/80 | Step 229050 | G: 2.3022 | D_A: 0.1714 | D_B: 0.0896 | Cycle: 0.9867
Epoch 33/80 | Step 229100 | G: 2.0479 | D_A: 0.1746 | D_B: 0.2867 | Cycle: 1.0691
Epoch 33/80 | Step 229150 | G: 2.0495 | D_A: 0.0350 | D_B: 0.0336 | Cycle: 0.8257
Epoch 33/80 | Step 229200 | G: 2.0877 | D_A: 0.1243 | D_B: 0.0333 | Cycle: 0.7678
Epoch 33/80 | Step 229250 | G: 2.1864 | D_A: 0.1035 | D_B: 0.1819 | Cycle: 0.9328
Epoch 33/80 | Step 229300 | G: 2.2541 | D_A: 0.1842 | D_B: 0.1433 | Cycle: 0.9363
Epoch 33/80 | Step 229350 | G: 2.2326 | D_A: 0.0760 | D_B: 0.0278 | Cycle: 0.8023
Epoch 33/80 | Step 229400 | G: 1.6922 | D_A: 0.1827 | D_B: 0.2789 | Cycle: 0.8471
Epoch 33/80 | Step 229450 | G: 2.8043 | D_A: 0.1900 | D_B: 0.0300 | Cycle: 0.8165
Epoch 33/80 | Step 229500 | G: 1.9919 | D_A: 0.0759 | D_B: 0.0458 | Cycle: 0.7359
Epoch 33/80 | Step 229550 | G: 2.2544 | D_A: 0.1432 | D_B: 0.0334 | Cycle: 0.9157
Epoch 33/80 | Step 229600 | G: 3.0446 | D_A: 0.1591 | D_B: 0.0283 | Cycle: 0.7863
Epoch 33/80 | Step 229650 | G: 2.2919 | D_A: 0.1639 | D_B: 0.0653 | Cycle: 0.9801
Epoch 33/80 | Step 229700 | G: 2.2094 | D_A: 0.2736 | D_B: 0.0988 | Cycle: 0.7088
Epoch 33/80 | Step 229750 | G: 1.8953 | D_A: 0.2388 | D_B: 0.0813 | Cycle: 0.7553
Epoch 33/80 | Step 229800 | G: 2.4733 | D_A: 0.0747 | D_B: 0.1223 | Cycle: 0.9570
Epoch 33/80 | Step 229850 | G: 2.6062 | D_A: 0.0758 | D_B: 0.0349 | Cycle: 1.0737
Epoch 33/80 | Step 229900 | G: 1.8983 | D_A: 0.1544 | D_B: 0.0570 | Cycle: 0.6125
Epoch 33/80 | Step 229950 | G: 2.7446 | D_A: 0.1003 | D_B: 0.0922 | Cycle: 0.9230
Epoch 33/80 | Step 230000 | G: 2.0130 | D_A: 0.0989 | D_B: 0.0590 | Cycle: 0.8093
Epoch 33/80 | Step 230050 | G: 2.9997 | D_A: 0.0632 | D_B: 0.0371 | Cycle: 1.0765
Epoch 33/80 | Step 230100 | G: 2.2437 | D_A: 0.1191 | D_B: 0.0633 | Cycle: 0.9378
Epoch 33/80 | Step 230150 | G: 3.0781 | D_A: 0.0828 | D_B: 0.0739 | Cycle: 1.0495
Epoch 33/80 | Step 230200 | G: 2.3607 | D_A: 0.0979 | D_B: 0.1909 | Cycle: 0.7752
Epoch 33/80 | Step 230250 | G: 1.9881 | D_A: 0.0998 | D_B: 0.0667 | Cycle: 0.5106
Epoch 33/80 | Step 230300 | G: 2.2938 | D_A: 0.0932 | D_B: 0.0379 | Cycle: 0.7678
Epoch 33/80 | Step 230350 | G: 2.0349 | D_A: 0.0640 | D_B: 0.0771 | Cycle: 0.7817
Epoch 33/80 | Step 230400 | G: 2.9524 | D_A: 0.0740 | D_B: 0.0881 | Cycle: 0.9920
Epoch 33/80 | Step 230450 | G: 2.6346 | D_A: 0.1382 | D_B: 0.1008 | Cycle: 1.1878
Epoch 33/80 | Step 230500 | G: 1.6825 | D_A: 0.2259 | D_B: 0.0832 | Cycle: 0.6597
Epoch 33/80 | Step 230550 | G: 2.1007 | D_A: 0.3397 | D_B: 0.0605 | Cycle: 0.8363
Epoch 33/80 | Step 230600 | G: 3.1223 | D_A: 0.0984 | D_B: 0.1252 | Cycle: 1.0377
Epoch 33/80 | Step 230650 | G: 2.1366 | D_A: 0.1802 | D_B: 0.0942 | Cycle: 0.6993
Epoch 33/80 | Step 230700 | G: 1.9762 | D_A: 0.1591 | D_B: 0.0788 | Cycle: 0.7635
Epoch 33/80 | Step 230750 | G: 2.3706 | D_A: 0.1402 | D_B: 0.0766 | Cycle: 0.9051
Epoch 33/80 | Step 230800 | G: 1.9928 | D_A: 0.1420 | D_B: 0.0790 | Cycle: 0.7364
Epoch 33/80 | Step 230850 | G: 2.8317 | D_A: 0.1479 | D_B: 0.0540 | Cycle: 0.9454
Epoch 33/80 | Step 230900 | G: 2.0842 | D_A: 0.1188 | D_B: 0.0667 | Cycle: 0.6933
Epoch 33/80 | Step 230950 | G: 2.4425 | D_A: 0.2341 | D_B: 0.2029 | Cycle: 0.7712
Epoch 33/80 | Step 231000 | G: 2.7065 | D_A: 0.0452 | D_B: 0.0841 | Cycle: 0.8849
Epoch 33/80 | Step 231050 | G: 2.4137 | D_A: 0.1601 | D_B: 0.1194 | Cycle: 0.6613
Epoch 33/80 | Step 231100 | G: 2.0203 | D_A: 0.0463 | D_B: 0.0895 | Cycle: 0.7762
Epoch 33/80 | Step 231150 | G: 1.9532 | D_A: 0.1827 | D_B: 0.1709 | Cycle: 0.8898
Epoch 33/80 | Step 231200 | G: 2.1866 | D_A: 0.0867 | D_B: 0.1014 | Cycle: 0.8436
Epoch 33/80 | Step 231250 | G: 2.1714 | D_A: 0.1036 | D_B: 0.0731 | Cycle: 0.7986
Epoch 33/80 | Step 231300 | G: 2.7281 | D_A: 0.0854 | D_B: 0.0587 | Cycle: 0.7747
Epoch 33/80 | Step 231350 | G: 1.9226 | D_A: 0.0763 | D_B: 0.0604 | Cycle: 0.6989
Epoch 33/80 | Step 231400 | G: 2.2018 | D_A: 0.0918 | D_B: 0.0450 | Cycle: 1.0037
Epoch 33/80 | Step 231450 | G: 2.2943 | D_A: 0.0615 | D_B: 0.1213 | Cycle: 0.7286
Epoch 33/80 | Step 231500 | G: 1.8352 | D_A: 0.0955 | D_B: 0.0350 | Cycle: 0.6855
Epoch 33/80 | Step 231550 | G: 3.0323 | D_A: 0.0913 | D_B: 0.0618 | Cycle: 1.0964
Epoch 33/80 | Step 231600 | G: 2.2086 | D_A: 0.1137 | D_B: 0.0727 | Cycle: 0.8435
Epoch 33/80 | Step 231650 | G: 2.5519 | D_A: 0.1097 | D_B: 0.0532 | Cycle: 0.8235
Epoch 33/80 | Step 231700 | G: 2.1359 | D_A: 0.0933 | D_B: 0.0552 | Cycle: 0.9616
Epoch 33/80 | Step 231750 | G: 2.8970 | D_A: 0.0734 | D_B: 0.0896 | Cycle: 0.6354
Epoch 33/80 | Step 231800 | G: 2.3979 | D_A: 0.0747 | D_B: 0.1029 | Cycle: 0.9917
Epoch 33/80 | Step 231850 | G: 2.3481 | D_A: 0.0503 | D_B: 0.0314 | Cycle: 0.7271
Epoch 33/80 | Step 231900 | G: 1.8724 | D_A: 0.1921 | D_B: 0.0750 | Cycle: 0.6762
Epoch 33/80 | Step 231950 | G: 3.0365 | D_A: 0.0728 | D_B: 0.0645 | Cycle: 0.9674
Epoch 33/80 | Step 232000 | G: 2.2299 | D_A: 0.1245 | D_B: 0.0593 | Cycle: 0.9110
Epoch 33/80 | Step 232050 | G: 1.9161 | D_A: 0.1772 | D_B: 0.0539 | Cycle: 0.7595
Epoch 33/80 | Step 232100 | G: 3.2082 | D_A: 0.0649 | D_B: 0.1276 | Cycle: 0.9639
Epoch 33/80 | Step 232150 | G: 2.6791 | D_A: 0.0468 | D_B: 0.1149 | Cycle: 0.7906
Epoch 33/80 | Step 232200 | G: 2.2539 | D_A: 0.1476 | D_B: 0.0946 | Cycle: 0.6571
Epoch 33/80 | Step 232250 | G: 2.3809 | D_A: 0.1315 | D_B: 0.0967 | Cycle: 0.7949
Epoch 33/80 complete | Time: 430s | Avg G: 2.3092 | Avg D: 0.1137
Epoch 34/80 | Step 232300 | G: 2.1095 | D_A: 0.1694 | D_B: 0.1067 | Cycle: 0.7696
Epoch 34/80 | Step 232350 | G: 2.4860 | D_A: 0.1797 | D_B: 0.0533 | Cycle: 0.9208
Epoch 34/80 | Step 232400 | G: 2.2026 | D_A: 0.1103 | D_B: 0.0904 | Cycle: 0.6858
Epoch 34/80 | Step 232450 | G: 2.1056 | D_A: 0.0801 | D_B: 0.1438 | Cycle: 0.8222
Epoch 34/80 | Step 232500 | G: 2.6018 | D_A: 0.1590 | D_B: 0.0984 | Cycle: 1.1022
Epoch 34/80 | Step 232550 | G: 1.7329 | D_A: 0.1578 | D_B: 0.0326 | Cycle: 0.7169
Epoch 34/80 | Step 232600 | G: 2.0255 | D_A: 0.1615 | D_B: 0.0581 | Cycle: 0.8528
Epoch 34/80 | Step 232650 | G: 1.9249 | D_A: 0.1403 | D_B: 0.0721 | Cycle: 0.8714
Epoch 34/80 | Step 232700 | G: 1.7003 | D_A: 0.1915 | D_B: 0.2302 | Cycle: 0.6118
Epoch 34/80 | Step 232750 | G: 2.0728 | D_A: 0.1505 | D_B: 0.0687 | Cycle: 0.8523
Epoch 34/80 | Step 232800 | G: 2.4258 | D_A: 0.3200 | D_B: 0.0770 | Cycle: 0.8219
Epoch 34/80 | Step 232850 | G: 2.0274 | D_A: 0.1109 | D_B: 0.1185 | Cycle: 0.6735
Epoch 34/80 | Step 232900 | G: 2.0833 | D_A: 0.1837 | D_B: 0.0599 | Cycle: 0.6694
Epoch 34/80 | Step 232950 | G: 3.1115 | D_A: 0.1226 | D_B: 0.1341 | Cycle: 1.1811
Epoch 34/80 | Step 233000 | G: 2.1742 | D_A: 0.1822 | D_B: 0.0621 | Cycle: 0.8329
Epoch 34/80 | Step 233050 | G: 1.9303 | D_A: 0.0547 | D_B: 0.0453 | Cycle: 0.6775
Epoch 34/80 | Step 233100 | G: 1.7505 | D_A: 0.1442 | D_B: 0.0745 | Cycle: 0.6685
Epoch 34/80 | Step 233150 | G: 2.5228 | D_A: 0.0746 | D_B: 0.1451 | Cycle: 0.8102
Epoch 34/80 | Step 233200 | G: 1.9916 | D_A: 0.1293 | D_B: 0.0708 | Cycle: 0.8807
Epoch 34/80 | Step 233250 | G: 1.8487 | D_A: 0.1307 | D_B: 0.1098 | Cycle: 0.6511
Epoch 34/80 | Step 233300 | G: 2.4482 | D_A: 0.1345 | D_B: 0.0630 | Cycle: 0.7681
Epoch 34/80 | Step 233350 | G: 2.1579 | D_A: 0.1808 | D_B: 0.0787 | Cycle: 0.8147
Epoch 34/80 | Step 233400 | G: 2.4281 | D_A: 0.0768 | D_B: 0.0902 | Cycle: 0.9085
Epoch 34/80 | Step 233450 | G: 2.1417 | D_A: 0.1244 | D_B: 0.0733 | Cycle: 0.7491
Epoch 34/80 | Step 233500 | G: 2.6558 | D_A: 0.2135 | D_B: 0.0552 | Cycle: 0.8212
Epoch 34/80 | Step 233550 | G: 1.9470 | D_A: 0.0796 | D_B: 0.0599 | Cycle: 0.6742
Epoch 34/80 | Step 233600 | G: 2.0258 | D_A: 0.0776 | D_B: 0.0891 | Cycle: 0.7751
Epoch 34/80 | Step 233650 | G: 3.2790 | D_A: 0.0676 | D_B: 0.0474 | Cycle: 0.8275
Epoch 34/80 | Step 233700 | G: 2.5977 | D_A: 0.1867 | D_B: 0.0460 | Cycle: 0.7245
Epoch 34/80 | Step 233750 | G: 2.0903 | D_A: 0.1313 | D_B: 0.1417 | Cycle: 0.7539
Epoch 34/80 | Step 233800 | G: 2.9023 | D_A: 0.0886 | D_B: 0.2450 | Cycle: 0.9719
Epoch 34/80 | Step 233850 | G: 1.8932 | D_A: 0.4046 | D_B: 0.1831 | Cycle: 1.0266
Epoch 34/80 | Step 233900 | G: 2.0712 | D_A: 0.0507 | D_B: 0.1668 | Cycle: 0.8226
Epoch 34/80 | Step 233950 | G: 2.2236 | D_A: 0.1637 | D_B: 0.0385 | Cycle: 0.8575
Epoch 34/80 | Step 234000 | G: 2.5383 | D_A: 0.1136 | D_B: 0.0607 | Cycle: 0.8275
Epoch 34/80 | Step 234050 | G: 2.2597 | D_A: 0.1379 | D_B: 0.0680 | Cycle: 0.8996
Epoch 34/80 | Step 234100 | G: 2.3651 | D_A: 0.1153 | D_B: 0.1625 | Cycle: 1.0201
Epoch 34/80 | Step 234150 | G: 2.4173 | D_A: 0.1564 | D_B: 0.0767 | Cycle: 0.9615
Epoch 34/80 | Step 234200 | G: 2.4409 | D_A: 0.0649 | D_B: 0.1232 | Cycle: 0.7013
Epoch 34/80 | Step 234250 | G: 1.7498 | D_A: 0.2768 | D_B: 0.1491 | Cycle: 0.7765
Epoch 34/80 | Step 234300 | G: 1.6552 | D_A: 0.0989 | D_B: 0.1245 | Cycle: 0.6851
Epoch 34/80 | Step 234350 | G: 2.5281 | D_A: 0.0484 | D_B: 0.1113 | Cycle: 0.6848
Epoch 34/80 | Step 234400 | G: 2.4820 | D_A: 0.1225 | D_B: 0.0516 | Cycle: 0.7912
Epoch 34/80 | Step 234450 | G: 2.3861 | D_A: 0.1939 | D_B: 0.0702 | Cycle: 1.0016
Epoch 34/80 | Step 234500 | G: 2.0152 | D_A: 0.1285 | D_B: 0.0559 | Cycle: 0.7586
Epoch 34/80 | Step 234550 | G: 2.1189 | D_A: 0.0884 | D_B: 0.1006 | Cycle: 0.8876
Epoch 34/80 | Step 234600 | G: 2.3103 | D_A: 0.1642 | D_B: 0.2471 | Cycle: 0.7865
Epoch 34/80 | Step 234650 | G: 2.3826 | D_A: 0.1341 | D_B: 0.0626 | Cycle: 0.7170
Epoch 34/80 | Step 234700 | G: 2.1343 | D_A: 0.1185 | D_B: 0.0637 | Cycle: 0.7626
Epoch 34/80 | Step 234750 | G: 2.8592 | D_A: 0.0290 | D_B: 0.0933 | Cycle: 0.9031
Epoch 34/80 | Step 234800 | G: 2.6291 | D_A: 0.2802 | D_B: 0.0807 | Cycle: 0.8347
Epoch 34/80 | Step 234850 | G: 1.9598 | D_A: 0.0737 | D_B: 0.0845 | Cycle: 0.6616
Epoch 34/80 | Step 234900 | G: 2.4623 | D_A: 0.0414 | D_B: 0.0854 | Cycle: 0.6969
Epoch 34/80 | Step 234950 | G: 2.2021 | D_A: 0.1962 | D_B: 0.1292 | Cycle: 0.8433
Epoch 34/80 | Step 235000 | G: 2.4761 | D_A: 0.1209 | D_B: 0.0390 | Cycle: 0.6577
Epoch 34/80 | Step 235050 | G: 2.2047 | D_A: 0.1097 | D_B: 0.0943 | Cycle: 0.9012
Epoch 34/80 | Step 235100 | G: 1.6629 | D_A: 0.0995 | D_B: 0.1355 | Cycle: 0.8034
Epoch 34/80 | Step 235150 | G: 2.2965 | D_A: 0.1286 | D_B: 0.0995 | Cycle: 0.9467
Epoch 34/80 | Step 235200 | G: 3.1587 | D_A: 0.0417 | D_B: 0.1723 | Cycle: 0.8838
Epoch 34/80 | Step 235250 | G: 2.3613 | D_A: 0.1957 | D_B: 0.0822 | Cycle: 1.0394
Epoch 34/80 | Step 235300 | G: 2.3293 | D_A: 0.0444 | D_B: 0.0780 | Cycle: 0.7711
Epoch 34/80 | Step 235350 | G: 3.1033 | D_A: 0.1046 | D_B: 0.0329 | Cycle: 0.9195
Epoch 34/80 | Step 235400 | G: 2.3413 | D_A: 0.0807 | D_B: 0.0572 | Cycle: 0.5766
Epoch 34/80 | Step 235450 | G: 2.2395 | D_A: 0.1121 | D_B: 0.0659 | Cycle: 0.8228
Epoch 34/80 | Step 235500 | G: 2.6742 | D_A: 0.2651 | D_B: 0.1891 | Cycle: 0.7713
Epoch 34/80 | Step 235550 | G: 2.3947 | D_A: 0.1614 | D_B: 0.1638 | Cycle: 0.9181
Epoch 34/80 | Step 235600 | G: 2.2944 | D_A: 0.2651 | D_B: 0.0662 | Cycle: 0.7636
Epoch 34/80 | Step 235650 | G: 3.5501 | D_A: 0.2258 | D_B: 0.0941 | Cycle: 0.7895
Epoch 34/80 | Step 235700 | G: 3.0043 | D_A: 0.0928 | D_B: 0.0713 | Cycle: 0.9070
Epoch 34/80 | Step 235750 | G: 2.2251 | D_A: 0.0671 | D_B: 0.0902 | Cycle: 0.7515
Epoch 34/80 | Step 235800 | G: 1.7417 | D_A: 0.1775 | D_B: 0.1257 | Cycle: 0.5996
Epoch 34/80 | Step 235850 | G: 2.4055 | D_A: 0.1076 | D_B: 0.1325 | Cycle: 0.8937
Epoch 34/80 | Step 235900 | G: 1.4148 | D_A: 0.1298 | D_B: 0.3565 | Cycle: 0.6657
Epoch 34/80 | Step 235950 | G: 2.1882 | D_A: 0.1056 | D_B: 0.1193 | Cycle: 0.5948
Epoch 34/80 | Step 236000 | G: 3.2621 | D_A: 0.0788 | D_B: 0.0787 | Cycle: 1.0435
Epoch 34/80 | Step 236050 | G: 2.3138 | D_A: 0.0539 | D_B: 0.0401 | Cycle: 0.9525
Epoch 34/80 | Step 236100 | G: 2.1753 | D_A: 0.1799 | D_B: 0.1227 | Cycle: 0.8242
Epoch 34/80 | Step 236150 | G: 3.4381 | D_A: 0.1805 | D_B: 0.1269 | Cycle: 1.1041
Epoch 34/80 | Step 236200 | G: 2.1264 | D_A: 0.1251 | D_B: 0.1414 | Cycle: 0.6294
Epoch 34/80 | Step 236250 | G: 2.3307 | D_A: 0.1577 | D_B: 0.2180 | Cycle: 0.7811
Epoch 34/80 | Step 236300 | G: 2.4746 | D_A: 0.3497 | D_B: 0.1531 | Cycle: 0.9917
Epoch 34/80 | Step 236350 | G: 2.2612 | D_A: 0.0967 | D_B: 0.0340 | Cycle: 0.8536
Epoch 34/80 | Step 236400 | G: 2.2425 | D_A: 0.0522 | D_B: 0.1289 | Cycle: 1.0133
Epoch 34/80 | Step 236450 | G: 1.8869 | D_A: 0.1573 | D_B: 0.1093 | Cycle: 0.6958
Epoch 34/80 | Step 236500 | G: 2.3509 | D_A: 0.0808 | D_B: 0.1186 | Cycle: 0.6850
Epoch 34/80 | Step 236550 | G: 2.4457 | D_A: 0.1440 | D_B: 0.0404 | Cycle: 0.9426
Epoch 34/80 | Step 236600 | G: 2.5743 | D_A: 0.0438 | D_B: 0.0838 | Cycle: 0.8474
Epoch 34/80 | Step 236650 | G: 2.0539 | D_A: 0.2945 | D_B: 0.1934 | Cycle: 0.6669
Epoch 34/80 | Step 236700 | G: 1.8880 | D_A: 0.1182 | D_B: 0.0847 | Cycle: 0.7343
Epoch 34/80 | Step 236750 | G: 3.0760 | D_A: 0.1325 | D_B: 0.0633 | Cycle: 0.9991
Epoch 34/80 | Step 236800 | G: 2.4697 | D_A: 0.1121 | D_B: 0.0606 | Cycle: 0.8522
Epoch 34/80 | Step 236850 | G: 2.0230 | D_A: 0.0864 | D_B: 0.0691 | Cycle: 0.7262
Epoch 34/80 | Step 236900 | G: 2.6721 | D_A: 0.0749 | D_B: 0.0909 | Cycle: 0.9364
Epoch 34/80 | Step 236950 | G: 2.2822 | D_A: 0.0410 | D_B: 0.0957 | Cycle: 0.8093
Epoch 34/80 | Step 237000 | G: 2.6924 | D_A: 0.1322 | D_B: 0.0401 | Cycle: 1.0232
Epoch 34/80 | Step 237050 | G: 2.0383 | D_A: 0.0971 | D_B: 0.0711 | Cycle: 0.6958
Epoch 34/80 | Step 237100 | G: 3.3479 | D_A: 0.1111 | D_B: 0.3376 | Cycle: 0.9918
Epoch 34/80 | Step 237150 | G: 2.1227 | D_A: 0.0617 | D_B: 0.0771 | Cycle: 0.8134
Epoch 34/80 | Step 237200 | G: 2.6021 | D_A: 0.0938 | D_B: 0.0804 | Cycle: 0.7913
Epoch 34/80 | Step 237250 | G: 2.1003 | D_A: 0.0860 | D_B: 0.1574 | Cycle: 0.6975
Epoch 34/80 | Step 237300 | G: 2.0704 | D_A: 0.0609 | D_B: 0.0546 | Cycle: 0.7997
Epoch 34/80 | Step 237350 | G: 2.1594 | D_A: 0.1607 | D_B: 0.1410 | Cycle: 0.6775
Epoch 34/80 | Step 237400 | G: 2.2537 | D_A: 0.2017 | D_B: 0.0359 | Cycle: 0.8197
Epoch 34/80 | Step 237450 | G: 2.7842 | D_A: 0.3420 | D_B: 0.0505 | Cycle: 0.7553
Epoch 34/80 | Step 237500 | G: 1.9834 | D_A: 0.2329 | D_B: 0.2308 | Cycle: 0.7992
Epoch 34/80 | Step 237550 | G: 2.3715 | D_A: 0.0862 | D_B: 0.0911 | Cycle: 0.7822
Epoch 34/80 | Step 237600 | G: 2.2220 | D_A: 0.0600 | D_B: 0.0550 | Cycle: 0.7281
Epoch 34/80 | Step 237650 | G: 2.4434 | D_A: 0.0939 | D_B: 0.0334 | Cycle: 0.7714
Epoch 34/80 | Step 237700 | G: 2.0736 | D_A: 0.1539 | D_B: 0.1315 | Cycle: 0.7648
Epoch 34/80 | Step 237750 | G: 2.2857 | D_A: 0.0690 | D_B: 0.0573 | Cycle: 0.7480
Epoch 34/80 | Step 237800 | G: 2.1869 | D_A: 0.0450 | D_B: 0.2269 | Cycle: 0.6245
Epoch 34/80 | Step 237850 | G: 1.9164 | D_A: 0.1750 | D_B: 0.0768 | Cycle: 0.6903
Epoch 34/80 | Step 237900 | G: 2.4802 | D_A: 0.0961 | D_B: 0.1115 | Cycle: 0.7509
Epoch 34/80 | Step 237950 | G: 1.8925 | D_A: 0.0782 | D_B: 0.0655 | Cycle: 0.7186
Epoch 34/80 | Step 238000 | G: 2.3189 | D_A: 0.0838 | D_B: 0.1950 | Cycle: 0.9325
Epoch 34/80 | Step 238050 | G: 2.6454 | D_A: 0.1178 | D_B: 0.2883 | Cycle: 0.7786
Epoch 34/80 | Step 238100 | G: 1.7461 | D_A: 0.1386 | D_B: 0.0475 | Cycle: 0.5823
Epoch 34/80 | Step 238150 | G: 2.4849 | D_A: 0.0426 | D_B: 0.0734 | Cycle: 1.0734
Epoch 34/80 | Step 238200 | G: 1.8860 | D_A: 0.1128 | D_B: 0.1111 | Cycle: 0.6669
Epoch 34/80 | Step 238250 | G: 2.2219 | D_A: 0.1412 | D_B: 0.0632 | Cycle: 0.7888
Epoch 34/80 | Step 238300 | G: 2.1925 | D_A: 0.1886 | D_B: 0.1190 | Cycle: 0.9207
Epoch 34/80 | Step 238350 | G: 2.1274 | D_A: 0.2314 | D_B: 0.0771 | Cycle: 0.8133
Epoch 34/80 | Step 238400 | G: 1.9512 | D_A: 0.1335 | D_B: 0.1108 | Cycle: 0.8310
Epoch 34/80 | Step 238450 | G: 1.9482 | D_A: 0.1172 | D_B: 0.1507 | Cycle: 0.6029
Epoch 34/80 | Step 238500 | G: 1.8770 | D_A: 0.0815 | D_B: 0.2178 | Cycle: 0.6709
Epoch 34/80 | Step 238550 | G: 2.4523 | D_A: 0.0964 | D_B: 0.1043 | Cycle: 0.9946
Epoch 34/80 | Step 238600 | G: 1.7973 | D_A: 0.1173 | D_B: 0.0692 | Cycle: 0.6302
Epoch 34/80 | Step 238650 | G: 1.8356 | D_A: 0.2388 | D_B: 0.1191 | Cycle: 0.7506
Epoch 34/80 | Step 238700 | G: 2.0029 | D_A: 0.1404 | D_B: 0.1422 | Cycle: 0.6531
Epoch 34/80 | Step 238750 | G: 2.2953 | D_A: 0.0829 | D_B: 0.0690 | Cycle: 0.7172
Epoch 34/80 | Step 238800 | G: 1.2585 | D_A: 0.0835 | D_B: 0.0985 | Cycle: 0.7007
Epoch 34/80 | Step 238850 | G: 2.1322 | D_A: 0.1499 | D_B: 0.1544 | Cycle: 0.6653
Epoch 34/80 | Step 238900 | G: 2.5055 | D_A: 0.0691 | D_B: 0.1361 | Cycle: 0.9472
Epoch 34/80 | Step 238950 | G: 2.0413 | D_A: 0.2191 | D_B: 0.1053 | Cycle: 0.8757
Epoch 34/80 | Step 239000 | G: 2.4575 | D_A: 0.0435 | D_B: 0.0596 | Cycle: 1.1245
Epoch 34/80 | Step 239050 | G: 1.8104 | D_A: 0.0937 | D_B: 0.1455 | Cycle: 0.6378
Epoch 34/80 | Step 239100 | G: 1.9339 | D_A: 0.0832 | D_B: 0.0376 | Cycle: 0.7019
Epoch 34/80 | Step 239150 | G: 3.0678 | D_A: 0.1811 | D_B: 0.0559 | Cycle: 1.0561
Epoch 34/80 | Step 239200 | G: 2.0960 | D_A: 0.2731 | D_B: 0.1423 | Cycle: 1.0120
Epoch 34/80 | Step 239250 | G: 2.1169 | D_A: 0.0462 | D_B: 0.0267 | Cycle: 0.9265
Epoch 34/80 complete | Time: 431s | Avg G: 2.3063 | Avg D: 0.1138
Epoch 35/80 | Step 239300 | G: 1.8543 | D_A: 0.1830 | D_B: 0.0486 | Cycle: 0.7463
Epoch 35/80 | Step 239350 | G: 2.3713 | D_A: 0.2796 | D_B: 0.0411 | Cycle: 0.8347
Epoch 35/80 | Step 239400 | G: 2.0625 | D_A: 0.1999 | D_B: 0.0875 | Cycle: 0.6986
Epoch 35/80 | Step 239450 | G: 2.7810 | D_A: 0.0731 | D_B: 0.0426 | Cycle: 0.7871
Epoch 35/80 | Step 239500 | G: 2.3752 | D_A: 0.1055 | D_B: 0.0514 | Cycle: 1.1872
Epoch 35/80 | Step 239550 | G: 2.1299 | D_A: 0.0643 | D_B: 0.0431 | Cycle: 0.8146
Epoch 35/80 | Step 239600 | G: 2.6427 | D_A: 0.1301 | D_B: 0.0809 | Cycle: 0.8642
Epoch 35/80 | Step 239650 | G: 1.8114 | D_A: 0.1112 | D_B: 0.1089 | Cycle: 0.6257
Epoch 35/80 | Step 239700 | G: 2.1978 | D_A: 0.0580 | D_B: 0.0531 | Cycle: 0.7234
Epoch 35/80 | Step 239750 | G: 1.8048 | D_A: 0.0829 | D_B: 0.1245 | Cycle: 0.5935
Epoch 35/80 | Step 239800 | G: 2.2241 | D_A: 0.0984 | D_B: 0.1242 | Cycle: 0.7839
Epoch 35/80 | Step 239850 | G: 2.3388 | D_A: 0.0979 | D_B: 0.0273 | Cycle: 0.8095
Epoch 35/80 | Step 239900 | G: 2.5165 | D_A: 0.0467 | D_B: 0.0975 | Cycle: 0.6715
Epoch 35/80 | Step 239950 | G: 2.1934 | D_A: 0.2556 | D_B: 0.1001 | Cycle: 0.7126
Epoch 35/80 | Step 240000 | G: 2.5375 | D_A: 0.1200 | D_B: 0.0599 | Cycle: 0.9086
Epoch 35/80 | Step 240050 | G: 2.1517 | D_A: 0.1016 | D_B: 0.0676 | Cycle: 0.7599
Epoch 35/80 | Step 240100 | G: 2.4237 | D_A: 0.2790 | D_B: 0.0526 | Cycle: 0.8488
Epoch 35/80 | Step 240150 | G: 2.0238 | D_A: 0.1395 | D_B: 0.1194 | Cycle: 0.7001
Epoch 35/80 | Step 240200 | G: 1.8550 | D_A: 0.0946 | D_B: 0.1286 | Cycle: 0.6480
Epoch 35/80 | Step 240250 | G: 3.3420 | D_A: 0.1244 | D_B: 0.0474 | Cycle: 1.0122
Epoch 35/80 | Step 240300 | G: 2.3256 | D_A: 0.1664 | D_B: 0.0863 | Cycle: 0.7259
Epoch 35/80 | Step 240350 | G: 2.8950 | D_A: 0.0568 | D_B: 0.0762 | Cycle: 1.2001
Epoch 35/80 | Step 240400 | G: 2.5747 | D_A: 0.0445 | D_B: 0.1559 | Cycle: 0.7240
Epoch 35/80 | Step 240450 | G: 3.1856 | D_A: 0.1048 | D_B: 0.0791 | Cycle: 0.9054
Epoch 35/80 | Step 240500 | G: 1.6414 | D_A: 0.0750 | D_B: 0.0806 | Cycle: 0.6056
Epoch 35/80 | Step 240550 | G: 2.3198 | D_A: 0.1090 | D_B: 0.2394 | Cycle: 0.6139
Epoch 35/80 | Step 240600 | G: 2.3621 | D_A: 0.2085 | D_B: 0.0463 | Cycle: 0.8061
Epoch 35/80 | Step 240650 | G: 2.6735 | D_A: 0.1251 | D_B: 0.0918 | Cycle: 0.7846
Epoch 35/80 | Step 240700 | G: 2.5527 | D_A: 0.0929 | D_B: 0.0885 | Cycle: 0.9455
Epoch 35/80 | Step 240750 | G: 1.7648 | D_A: 0.1043 | D_B: 0.1968 | Cycle: 0.6864
Epoch 35/80 | Step 240800 | G: 2.5474 | D_A: 0.0918 | D_B: 0.0574 | Cycle: 1.0542
Epoch 35/80 | Step 240850 | G: 2.1517 | D_A: 0.0567 | D_B: 0.0857 | Cycle: 0.6905
Epoch 35/80 | Step 240900 | G: 2.7348 | D_A: 0.1145 | D_B: 0.0564 | Cycle: 0.9080
Epoch 35/80 | Step 240950 | G: 1.7799 | D_A: 0.1096 | D_B: 0.0813 | Cycle: 0.7747
Epoch 35/80 | Step 241000 | G: 2.3330 | D_A: 0.1361 | D_B: 0.1530 | Cycle: 0.7144
Epoch 35/80 | Step 241050 | G: 2.9432 | D_A: 0.1139 | D_B: 0.1510 | Cycle: 0.9038
Epoch 35/80 | Step 241100 | G: 2.1126 | D_A: 0.1555 | D_B: 0.1718 | Cycle: 0.9176
Epoch 35/80 | Step 241150 | G: 2.5082 | D_A: 0.1006 | D_B: 0.0263 | Cycle: 0.7983
Epoch 35/80 | Step 241200 | G: 2.2865 | D_A: 0.1938 | D_B: 0.1023 | Cycle: 0.6672
Epoch 35/80 | Step 241250 | G: 2.2527 | D_A: 0.0721 | D_B: 0.1201 | Cycle: 0.8922
Epoch 35/80 | Step 241300 | G: 1.5829 | D_A: 0.1762 | D_B: 0.0914 | Cycle: 0.7062
Epoch 35/80 | Step 241350 | G: 2.3803 | D_A: 0.0817 | D_B: 0.0383 | Cycle: 1.0441
Epoch 35/80 | Step 241400 | G: 1.6953 | D_A: 0.0738 | D_B: 0.1234 | Cycle: 0.6593
Epoch 35/80 | Step 241450 | G: 2.4598 | D_A: 0.0893 | D_B: 0.0518 | Cycle: 0.7657
Epoch 35/80 | Step 241500 | G: 2.0437 | D_A: 0.0899 | D_B: 0.0594 | Cycle: 0.6240
Epoch 35/80 | Step 241550 | G: 2.2552 | D_A: 0.0610 | D_B: 0.1848 | Cycle: 0.6759
Epoch 35/80 | Step 241600 | G: 2.2926 | D_A: 0.0817 | D_B: 0.0539 | Cycle: 0.7949
Epoch 35/80 | Step 241650 | G: 1.9125 | D_A: 0.0907 | D_B: 0.1642 | Cycle: 0.6243
Epoch 35/80 | Step 241700 | G: 2.4774 | D_A: 0.1185 | D_B: 0.0555 | Cycle: 0.8126
Epoch 35/80 | Step 241750 | G: 2.0425 | D_A: 0.0833 | D_B: 0.0844 | Cycle: 0.5438
Epoch 35/80 | Step 241800 | G: 1.9111 | D_A: 0.1673 | D_B: 0.0983 | Cycle: 0.7823
Epoch 35/80 | Step 241850 | G: 2.0180 | D_A: 0.0732 | D_B: 0.2486 | Cycle: 0.7731
Epoch 35/80 | Step 241900 | G: 2.4814 | D_A: 0.1111 | D_B: 0.0763 | Cycle: 0.8186
Epoch 35/80 | Step 241950 | G: 2.7842 | D_A: 0.1809 | D_B: 0.0658 | Cycle: 0.9494
Epoch 35/80 | Step 242000 | G: 1.5941 | D_A: 0.1354 | D_B: 0.1237 | Cycle: 0.6558
Epoch 35/80 | Step 242050 | G: 1.8596 | D_A: 0.1319 | D_B: 0.1094 | Cycle: 0.7055
Epoch 35/80 | Step 242100 | G: 2.8367 | D_A: 0.0675 | D_B: 0.0573 | Cycle: 0.9188
Epoch 35/80 | Step 242150 | G: 2.0970 | D_A: 0.1441 | D_B: 0.0662 | Cycle: 0.8327
Epoch 35/80 | Step 242200 | G: 2.6322 | D_A: 0.0913 | D_B: 0.0399 | Cycle: 0.7665
Epoch 35/80 | Step 242250 | G: 2.3994 | D_A: 0.1587 | D_B: 0.0369 | Cycle: 0.9485
Epoch 35/80 | Step 242300 | G: 3.6730 | D_A: 0.2083 | D_B: 0.1713 | Cycle: 1.1646
Epoch 35/80 | Step 242350 | G: 2.2108 | D_A: 0.2814 | D_B: 0.1129 | Cycle: 0.7855
Epoch 35/80 | Step 242400 | G: 2.2148 | D_A: 0.1012 | D_B: 0.1285 | Cycle: 0.8466
Epoch 35/80 | Step 242450 | G: 2.4581 | D_A: 0.0974 | D_B: 0.0485 | Cycle: 0.9741
Epoch 35/80 | Step 242500 | G: 1.9738 | D_A: 0.1768 | D_B: 0.0956 | Cycle: 0.6791
Epoch 35/80 | Step 242550 | G: 1.9772 | D_A: 0.0782 | D_B: 0.0505 | Cycle: 0.7385
Epoch 35/80 | Step 242600 | G: 2.7300 | D_A: 0.2090 | D_B: 0.1061 | Cycle: 1.2723
Epoch 35/80 | Step 242650 | G: 2.2741 | D_A: 0.0864 | D_B: 0.1114 | Cycle: 0.6697
Epoch 35/80 | Step 242700 | G: 2.5846 | D_A: 0.1355 | D_B: 0.0758 | Cycle: 0.9843
Epoch 35/80 | Step 242750 | G: 1.7120 | D_A: 0.1550 | D_B: 0.0930 | Cycle: 0.6105
Epoch 35/80 | Step 242800 | G: 1.8666 | D_A: 0.1485 | D_B: 0.0453 | Cycle: 0.8884
Epoch 35/80 | Step 242850 | G: 3.0675 | D_A: 0.0497 | D_B: 0.0320 | Cycle: 0.9804
Epoch 35/80 | Step 242900 | G: 2.5991 | D_A: 0.1502 | D_B: 0.0853 | Cycle: 0.8532
Epoch 35/80 | Step 242950 | G: 2.2651 | D_A: 0.1637 | D_B: 0.1095 | Cycle: 0.7078
Epoch 35/80 | Step 243000 | G: 1.8322 | D_A: 0.1680 | D_B: 0.1508 | Cycle: 0.8632
Epoch 35/80 | Step 243050 | G: 2.4189 | D_A: 0.1675 | D_B: 0.0603 | Cycle: 0.8055
Epoch 35/80 | Step 243100 | G: 2.5381 | D_A: 0.0708 | D_B: 0.0504 | Cycle: 0.9090
Epoch 35/80 | Step 243150 | G: 2.4746 | D_A: 0.0706 | D_B: 0.0365 | Cycle: 0.8076
Epoch 35/80 | Step 243200 | G: 2.0170 | D_A: 0.0671 | D_B: 0.1335 | Cycle: 0.7885
Epoch 35/80 | Step 243250 | G: 2.6594 | D_A: 0.0610 | D_B: 0.0569 | Cycle: 0.7768
Epoch 35/80 | Step 243300 | G: 2.0983 | D_A: 0.1060 | D_B: 0.0758 | Cycle: 0.8096
Epoch 35/80 | Step 243350 | G: 2.0084 | D_A: 0.2062 | D_B: 0.0704 | Cycle: 0.7522
Epoch 35/80 | Step 243400 | G: 2.6315 | D_A: 0.0718 | D_B: 0.0383 | Cycle: 0.9555
Epoch 35/80 | Step 243450 | G: 2.4843 | D_A: 0.0834 | D_B: 0.0924 | Cycle: 0.8849
Epoch 35/80 | Step 243500 | G: 1.9878 | D_A: 0.2383 | D_B: 0.0861 | Cycle: 0.9688
Epoch 35/80 | Step 243550 | G: 2.4234 | D_A: 0.1558 | D_B: 0.0516 | Cycle: 0.6333
Epoch 35/80 | Step 243600 | G: 2.6587 | D_A: 0.1292 | D_B: 0.0313 | Cycle: 0.8144
Epoch 35/80 | Step 243650 | G: 2.3627 | D_A: 0.1289 | D_B: 0.0564 | Cycle: 0.6551
Epoch 35/80 | Step 243700 | G: 1.6557 | D_A: 0.2075 | D_B: 0.2031 | Cycle: 0.5693
Epoch 35/80 | Step 243750 | G: 3.0084 | D_A: 0.0313 | D_B: 0.0875 | Cycle: 0.8928
Epoch 35/80 | Step 243800 | G: 2.1336 | D_A: 0.1542 | D_B: 0.0765 | Cycle: 0.6689
Epoch 35/80 | Step 243850 | G: 1.6138 | D_A: 0.3105 | D_B: 0.0916 | Cycle: 0.6820
Epoch 35/80 | Step 243900 | G: 2.3598 | D_A: 0.2549 | D_B: 0.1072 | Cycle: 0.9999
Epoch 35/80 | Step 243950 | G: 1.9357 | D_A: 0.0243 | D_B: 0.0666 | Cycle: 0.7838
Epoch 35/80 | Step 244000 | G: 1.9164 | D_A: 0.1236 | D_B: 0.1290 | Cycle: 0.7048
Epoch 35/80 | Step 244050 | G: 2.6674 | D_A: 0.0430 | D_B: 0.0697 | Cycle: 1.0025
Epoch 35/80 | Step 244100 | G: 2.0081 | D_A: 0.0872 | D_B: 0.0980 | Cycle: 0.7233
Epoch 35/80 | Step 244150 | G: 2.4171 | D_A: 0.1020 | D_B: 0.0593 | Cycle: 0.9346
Epoch 35/80 | Step 244200 | G: 2.3102 | D_A: 0.2429 | D_B: 0.0943 | Cycle: 1.0001
Epoch 35/80 | Step 244250 | G: 1.7858 | D_A: 0.1188 | D_B: 0.1054 | Cycle: 0.6936
Epoch 35/80 | Step 244300 | G: 2.5388 | D_A: 0.0661 | D_B: 0.1159 | Cycle: 0.7135
Epoch 35/80 | Step 244350 | G: 2.6458 | D_A: 0.1862 | D_B: 0.1172 | Cycle: 0.7862
Epoch 35/80 | Step 244400 | G: 2.4952 | D_A: 0.1220 | D_B: 0.0588 | Cycle: 0.8211
Epoch 35/80 | Step 244450 | G: 2.9990 | D_A: 0.1272 | D_B: 0.0590 | Cycle: 0.6734
Epoch 35/80 | Step 244500 | G: 2.7914 | D_A: 0.2786 | D_B: 0.1008 | Cycle: 0.9885
Epoch 35/80 | Step 244550 | G: 2.5360 | D_A: 0.0554 | D_B: 0.0797 | Cycle: 0.8532
Epoch 35/80 | Step 244600 | G: 2.7911 | D_A: 0.0815 | D_B: 0.0519 | Cycle: 0.7938
Epoch 35/80 | Step 244650 | G: 2.2947 | D_A: 0.1370 | D_B: 0.0612 | Cycle: 0.7292
Epoch 35/80 | Step 244700 | G: 2.3186 | D_A: 0.1668 | D_B: 0.0669 | Cycle: 0.8419
Epoch 35/80 | Step 244750 | G: 2.0379 | D_A: 0.1180 | D_B: 0.0648 | Cycle: 0.7855
Epoch 35/80 | Step 244800 | G: 2.3461 | D_A: 0.1464 | D_B: 0.0413 | Cycle: 0.9464
Epoch 35/80 | Step 244850 | G: 2.5336 | D_A: 0.0486 | D_B: 0.0918 | Cycle: 0.7966
Epoch 35/80 | Step 244900 | G: 1.8286 | D_A: 0.1191 | D_B: 0.1207 | Cycle: 0.7060
Epoch 35/80 | Step 244950 | G: 2.5045 | D_A: 0.0649 | D_B: 0.0535 | Cycle: 0.9115
Epoch 35/80 | Step 245000 | G: 2.6621 | D_A: 0.0829 | D_B: 0.0515 | Cycle: 0.9242
Epoch 35/80 | Step 245050 | G: 2.4161 | D_A: 0.2423 | D_B: 0.1427 | Cycle: 0.6527
Epoch 35/80 | Step 245100 | G: 1.8889 | D_A: 0.2658 | D_B: 0.0529 | Cycle: 0.8737
Epoch 35/80 | Step 245150 | G: 1.9474 | D_A: 0.1173 | D_B: 0.1372 | Cycle: 0.7798
Epoch 35/80 | Step 245200 | G: 2.3292 | D_A: 0.1848 | D_B: 0.0900 | Cycle: 1.0757
Epoch 35/80 | Step 245250 | G: 2.7492 | D_A: 0.1753 | D_B: 0.0553 | Cycle: 0.9228
Epoch 35/80 | Step 245300 | G: 3.5066 | D_A: 0.0909 | D_B: 0.1223 | Cycle: 1.2351
Epoch 35/80 | Step 245350 | G: 2.5909 | D_A: 0.0560 | D_B: 0.0931 | Cycle: 0.7310
Epoch 35/80 | Step 245400 | G: 2.9340 | D_A: 0.0513 | D_B: 0.0283 | Cycle: 0.7858
Epoch 35/80 | Step 245450 | G: 1.8951 | D_A: 0.1479 | D_B: 0.2299 | Cycle: 0.6456
Epoch 35/80 | Step 245500 | G: 2.8178 | D_A: 0.0844 | D_B: 0.1390 | Cycle: 0.8798
Epoch 35/80 | Step 245550 | G: 2.4100 | D_A: 0.0735 | D_B: 0.0824 | Cycle: 0.7733
Epoch 35/80 | Step 245600 | G: 2.3712 | D_A: 0.1476 | D_B: 0.0636 | Cycle: 0.9116
Epoch 35/80 | Step 245650 | G: 2.2453 | D_A: 0.0593 | D_B: 0.1444 | Cycle: 0.7116
Epoch 35/80 | Step 245700 | G: 2.3955 | D_A: 0.0945 | D_B: 0.0671 | Cycle: 0.7514
Epoch 35/80 | Step 245750 | G: 2.2695 | D_A: 0.2354 | D_B: 0.1289 | Cycle: 0.8772
Epoch 35/80 | Step 245800 | G: 1.8581 | D_A: 0.2063 | D_B: 0.0941 | Cycle: 0.8195
Epoch 35/80 | Step 245850 | G: 1.9556 | D_A: 0.3189 | D_B: 0.2700 | Cycle: 0.6199
Epoch 35/80 | Step 245900 | G: 2.1287 | D_A: 0.1502 | D_B: 0.0802 | Cycle: 0.8094
Epoch 35/80 | Step 245950 | G: 2.7891 | D_A: 0.1328 | D_B: 0.0350 | Cycle: 0.9413
Epoch 35/80 | Step 246000 | G: 2.4354 | D_A: 0.0886 | D_B: 0.1406 | Cycle: 0.8623
Epoch 35/80 | Step 246050 | G: 2.6506 | D_A: 0.0656 | D_B: 0.1069 | Cycle: 0.7489
Epoch 35/80 | Step 246100 | G: 1.8111 | D_A: 0.1785 | D_B: 0.1191 | Cycle: 0.6664
Epoch 35/80 | Step 246150 | G: 2.1998 | D_A: 0.1121 | D_B: 0.1232 | Cycle: 0.7149
Epoch 35/80 | Step 246200 | G: 2.5466 | D_A: 0.0720 | D_B: 0.0959 | Cycle: 0.8264
Epoch 35/80 | Step 246250 | G: 2.2555 | D_A: 0.1451 | D_B: 0.0328 | Cycle: 0.8045
Epoch 35/80 | Step 246300 | G: 2.5033 | D_A: 0.1077 | D_B: 0.0302 | Cycle: 0.8819
Epoch 35/80 complete | Time: 430s | Avg G: 2.3244 | Avg D: 0.1120
Epoch 36/80 | Step 246350 | G: 2.7244 | D_A: 0.0652 | D_B: 0.0678 | Cycle: 0.8361
Epoch 36/80 | Step 246400 | G: 2.6238 | D_A: 0.1296 | D_B: 0.1235 | Cycle: 0.8947
Epoch 36/80 | Step 246450 | G: 1.9713 | D_A: 0.1305 | D_B: 0.0401 | Cycle: 0.6707
Epoch 36/80 | Step 246500 | G: 2.3240 | D_A: 0.0666 | D_B: 0.0976 | Cycle: 0.8733
Epoch 36/80 | Step 246550 | G: 1.8827 | D_A: 0.0832 | D_B: 0.2107 | Cycle: 0.6874
Epoch 36/80 | Step 246600 | G: 2.1451 | D_A: 0.2252 | D_B: 0.0434 | Cycle: 0.7527
Epoch 36/80 | Step 246650 | G: 2.0276 | D_A: 0.0703 | D_B: 0.0695 | Cycle: 0.7895
Epoch 36/80 | Step 246700 | G: 1.9891 | D_A: 0.0766 | D_B: 0.0414 | Cycle: 0.7086
Epoch 36/80 | Step 246750 | G: 2.6146 | D_A: 0.0718 | D_B: 0.1003 | Cycle: 0.8396
Epoch 36/80 | Step 246800 | G: 2.9117 | D_A: 0.0421 | D_B: 0.0430 | Cycle: 1.0341
Epoch 36/80 | Step 246850 | G: 2.7131 | D_A: 0.0830 | D_B: 0.0420 | Cycle: 0.8813
Epoch 36/80 | Step 246900 | G: 2.9578 | D_A: 0.0440 | D_B: 0.1104 | Cycle: 0.9639
Epoch 36/80 | Step 246950 | G: 2.6963 | D_A: 0.1238 | D_B: 0.0926 | Cycle: 0.7587
Epoch 36/80 | Step 247000 | G: 2.4095 | D_A: 0.1006 | D_B: 0.0750 | Cycle: 0.8186
Epoch 36/80 | Step 247050 | G: 2.2892 | D_A: 0.1031 | D_B: 0.0375 | Cycle: 0.7998
Epoch 36/80 | Step 247100 | G: 2.3053 | D_A: 0.0599 | D_B: 0.1400 | Cycle: 0.9069
Epoch 36/80 | Step 247150 | G: 1.8581 | D_A: 0.0966 | D_B: 0.0982 | Cycle: 0.7776
Epoch 36/80 | Step 247200 | G: 1.9826 | D_A: 0.1277 | D_B: 0.1450 | Cycle: 0.9248
Epoch 36/80 | Step 247250 | G: 2.5854 | D_A: 0.0404 | D_B: 0.0919 | Cycle: 0.7258
Epoch 36/80 | Step 247300 | G: 2.2149 | D_A: 0.1310 | D_B: 0.0846 | Cycle: 0.8138
Epoch 36/80 | Step 247350 | G: 2.7442 | D_A: 0.0547 | D_B: 0.0961 | Cycle: 0.8973
Epoch 36/80 | Step 247400 | G: 2.1240 | D_A: 0.1160 | D_B: 0.1103 | Cycle: 0.6797
Epoch 36/80 | Step 247450 | G: 2.5192 | D_A: 0.2098 | D_B: 0.1265 | Cycle: 0.9171
Epoch 36/80 | Step 247500 | G: 2.2661 | D_A: 0.1456 | D_B: 0.1567 | Cycle: 0.7834
Epoch 36/80 | Step 247550 | G: 2.7455 | D_A: 0.0765 | D_B: 0.0401 | Cycle: 0.8683
Epoch 36/80 | Step 247600 | G: 2.6451 | D_A: 0.1672 | D_B: 0.1774 | Cycle: 0.8619
Epoch 36/80 | Step 247650 | G: 2.6647 | D_A: 0.0721 | D_B: 0.1749 | Cycle: 0.8966
Epoch 36/80 | Step 247700 | G: 2.5226 | D_A: 0.0697 | D_B: 0.1093 | Cycle: 0.7616
Epoch 36/80 | Step 247750 | G: 2.2077 | D_A: 0.0609 | D_B: 0.2002 | Cycle: 0.8323
Epoch 36/80 | Step 247800 | G: 1.4152 | D_A: 0.1626 | D_B: 0.0790 | Cycle: 0.5904
Epoch 36/80 | Step 247850 | G: 2.8567 | D_A: 0.1249 | D_B: 0.0335 | Cycle: 0.8825
Epoch 36/80 | Step 247900 | G: 1.5106 | D_A: 0.1856 | D_B: 0.1606 | Cycle: 0.5949
Epoch 36/80 | Step 247950 | G: 2.2125 | D_A: 0.2722 | D_B: 0.0656 | Cycle: 0.8343
Epoch 36/80 | Step 248000 | G: 2.5577 | D_A: 0.1701 | D_B: 0.0944 | Cycle: 0.7852
Epoch 36/80 | Step 248050 | G: 2.7698 | D_A: 0.4073 | D_B: 0.0556 | Cycle: 1.0024
Epoch 36/80 | Step 248100 | G: 2.2462 | D_A: 0.1043 | D_B: 0.0308 | Cycle: 0.8835
Epoch 36/80 | Step 248150 | G: 3.0114 | D_A: 0.1275 | D_B: 0.0311 | Cycle: 0.9840
Epoch 36/80 | Step 248200 | G: 1.9723 | D_A: 0.1173 | D_B: 0.0548 | Cycle: 0.8269
Epoch 36/80 | Step 248250 | G: 1.7418 | D_A: 0.1041 | D_B: 0.1138 | Cycle: 0.6665
Epoch 36/80 | Step 248300 | G: 1.9770 | D_A: 0.1235 | D_B: 0.0620 | Cycle: 0.7807
Epoch 36/80 | Step 248350 | G: 1.9649 | D_A: 0.1245 | D_B: 0.0976 | Cycle: 0.8918
Epoch 36/80 | Step 248400 | G: 1.4600 | D_A: 0.2981 | D_B: 0.1315 | Cycle: 0.7066
Epoch 36/80 | Step 248450 | G: 8.2661 | D_A: 2.0924 | D_B: 0.1971 | Cycle: 1.1204
Epoch 36/80 | Step 248500 | G: 2.3699 | D_A: 0.1498 | D_B: 0.0389 | Cycle: 0.8857
Epoch 36/80 | Step 248550 | G: 3.1239 | D_A: 0.0497 | D_B: 0.0546 | Cycle: 0.9443
Epoch 36/80 | Step 248600 | G: 2.5226 | D_A: 0.0462 | D_B: 0.1461 | Cycle: 0.6282
Epoch 36/80 | Step 248650 | G: 2.3971 | D_A: 0.0566 | D_B: 0.0452 | Cycle: 0.9074
Epoch 36/80 | Step 248700 | G: 2.4731 | D_A: 0.0254 | D_B: 0.0406 | Cycle: 0.7382
Epoch 36/80 | Step 248750 | G: 2.4142 | D_A: 0.0773 | D_B: 0.0510 | Cycle: 0.8325
Epoch 36/80 | Step 248800 | G: 2.1641 | D_A: 0.1443 | D_B: 0.1790 | Cycle: 0.9477
Epoch 36/80 | Step 248850 | G: 1.6696 | D_A: 0.1478 | D_B: 0.1313 | Cycle: 0.6675
Epoch 36/80 | Step 248900 | G: 2.3143 | D_A: 0.0432 | D_B: 0.1423 | Cycle: 0.7397
Epoch 36/80 | Step 248950 | G: 2.6495 | D_A: 0.0359 | D_B: 0.1092 | Cycle: 0.6955
Epoch 36/80 | Step 249000 | G: 2.6360 | D_A: 0.0426 | D_B: 0.0450 | Cycle: 0.8100
Epoch 36/80 | Step 249050 | G: 1.9466 | D_A: 0.1162 | D_B: 0.0550 | Cycle: 0.8441
Epoch 36/80 | Step 249100 | G: 1.7716 | D_A: 0.1817 | D_B: 0.1209 | Cycle: 0.5592
Epoch 36/80 | Step 249150 | G: 2.0065 | D_A: 0.2060 | D_B: 0.0452 | Cycle: 0.7095
Epoch 36/80 | Step 249200 | G: 2.5680 | D_A: 0.2299 | D_B: 0.1225 | Cycle: 0.9509
Epoch 36/80 | Step 249250 | G: 2.5268 | D_A: 0.0293 | D_B: 0.0871 | Cycle: 0.8745
Epoch 36/80 | Step 249300 | G: 2.0766 | D_A: 0.0968 | D_B: 0.0721 | Cycle: 0.7579
Epoch 36/80 | Step 249350 | G: 1.9381 | D_A: 0.2290 | D_B: 0.0492 | Cycle: 0.6643
Epoch 36/80 | Step 249400 | G: 2.5867 | D_A: 0.1123 | D_B: 0.0422 | Cycle: 0.8882
Epoch 36/80 | Step 249450 | G: 2.2356 | D_A: 0.0721 | D_B: 0.1737 | Cycle: 0.7199
Epoch 36/80 | Step 249500 | G: 2.5430 | D_A: 0.1109 | D_B: 0.0340 | Cycle: 0.6566
Epoch 36/80 | Step 249550 | G: 2.3747 | D_A: 0.1433 | D_B: 0.1641 | Cycle: 0.7334
Epoch 36/80 | Step 249600 | G: 2.2185 | D_A: 0.1592 | D_B: 0.0570 | Cycle: 0.7546
Epoch 36/80 | Step 249650 | G: 1.9114 | D_A: 0.1112 | D_B: 0.1298 | Cycle: 0.8080
Epoch 36/80 | Step 249700 | G: 2.1339 | D_A: 0.2433 | D_B: 0.0497 | Cycle: 0.8059
Epoch 36/80 | Step 249750 | G: 1.5306 | D_A: 0.0917 | D_B: 0.2471 | Cycle: 0.5872
Epoch 36/80 | Step 249800 | G: 2.5719 | D_A: 0.0672 | D_B: 0.1189 | Cycle: 0.8192
Epoch 36/80 | Step 249850 | G: 2.6513 | D_A: 0.0373 | D_B: 0.0775 | Cycle: 0.9594
Epoch 36/80 | Step 249900 | G: 2.2723 | D_A: 0.0476 | D_B: 0.1005 | Cycle: 0.7941
Epoch 36/80 | Step 249950 | G: 2.5603 | D_A: 0.0669 | D_B: 0.0567 | Cycle: 0.9430
Epoch 36/80 | Step 250000 | G: 2.3408 | D_A: 0.0427 | D_B: 0.0485 | Cycle: 0.7531
Epoch 36/80 | Step 250050 | G: 2.4352 | D_A: 0.1371 | D_B: 0.0285 | Cycle: 0.8312
Epoch 36/80 | Step 250100 | G: 1.7681 | D_A: 0.1654 | D_B: 0.0889 | Cycle: 0.5768
Epoch 36/80 | Step 250150 | G: 2.4071 | D_A: 0.0951 | D_B: 0.0865 | Cycle: 0.7787
Epoch 36/80 | Step 250200 | G: 2.3643 | D_A: 0.0888 | D_B: 0.0731 | Cycle: 0.7335
Epoch 36/80 | Step 250250 | G: 1.8193 | D_A: 0.2036 | D_B: 0.0404 | Cycle: 0.7201
Epoch 36/80 | Step 250300 | G: 1.8925 | D_A: 0.1748 | D_B: 0.0268 | Cycle: 0.7140
Epoch 36/80 | Step 250350 | G: 2.0829 | D_A: 0.1907 | D_B: 0.0891 | Cycle: 0.6882
Epoch 36/80 | Step 250400 | G: 2.0078 | D_A: 0.1477 | D_B: 0.0746 | Cycle: 0.7959
Epoch 36/80 | Step 250450 | G: 2.0697 | D_A: 0.1195 | D_B: 0.0542 | Cycle: 0.6789
Epoch 36/80 | Step 250500 | G: 1.9809 | D_A: 0.1223 | D_B: 0.0474 | Cycle: 0.8125
Epoch 36/80 | Step 250550 | G: 2.4418 | D_A: 0.0953 | D_B: 0.0732 | Cycle: 0.7390
Epoch 36/80 | Step 250600 | G: 2.0632 | D_A: 0.1702 | D_B: 0.0504 | Cycle: 0.7463
Epoch 36/80 | Step 250650 | G: 2.2572 | D_A: 0.1130 | D_B: 0.0273 | Cycle: 0.8699
Epoch 36/80 | Step 250700 | G: 2.4300 | D_A: 0.0657 | D_B: 0.1260 | Cycle: 0.7140
Epoch 36/80 | Step 250750 | G: 2.6003 | D_A: 0.1628 | D_B: 0.0487 | Cycle: 0.9223
Epoch 36/80 | Step 250800 | G: 2.3289 | D_A: 0.0689 | D_B: 0.1722 | Cycle: 0.7057
Epoch 36/80 | Step 250850 | G: 2.2701 | D_A: 0.1194 | D_B: 0.0516 | Cycle: 0.6679
Epoch 36/80 | Step 250900 | G: 2.8742 | D_A: 0.0830 | D_B: 0.0477 | Cycle: 0.6821
Epoch 36/80 | Step 250950 | G: 2.0749 | D_A: 0.1563 | D_B: 0.1071 | Cycle: 0.7438
Epoch 36/80 | Step 251000 | G: 1.9229 | D_A: 0.1734 | D_B: 0.1465 | Cycle: 0.6924
Epoch 36/80 | Step 251050 | G: 2.7155 | D_A: 0.1105 | D_B: 0.0911 | Cycle: 0.7959
Epoch 36/80 | Step 251100 | G: 2.4524 | D_A: 0.0997 | D_B: 0.0835 | Cycle: 0.7211
Epoch 36/80 | Step 251150 | G: 2.2526 | D_A: 0.0850 | D_B: 0.0745 | Cycle: 0.7832
Epoch 36/80 | Step 251200 | G: 1.7806 | D_A: 0.1499 | D_B: 0.1333 | Cycle: 0.6788
Epoch 36/80 | Step 251250 | G: 2.4662 | D_A: 0.0735 | D_B: 0.2729 | Cycle: 0.8660
Epoch 36/80 | Step 251300 | G: 1.8745 | D_A: 0.1148 | D_B: 0.0709 | Cycle: 0.7791
Epoch 36/80 | Step 251350 | G: 2.5032 | D_A: 0.1199 | D_B: 0.0451 | Cycle: 0.8923
Epoch 36/80 | Step 251400 | G: 2.2717 | D_A: 0.1898 | D_B: 0.0630 | Cycle: 0.8386
Epoch 36/80 | Step 251450 | G: 2.1760 | D_A: 0.0539 | D_B: 0.1295 | Cycle: 0.7740
Epoch 36/80 | Step 251500 | G: 2.1044 | D_A: 0.1490 | D_B: 0.1009 | Cycle: 0.5509
Epoch 36/80 | Step 251550 | G: 2.0606 | D_A: 0.0920 | D_B: 0.0686 | Cycle: 0.7644
Epoch 36/80 | Step 251600 | G: 1.4169 | D_A: 0.0771 | D_B: 0.0590 | Cycle: 0.6137
Epoch 36/80 | Step 251650 | G: 2.9176 | D_A: 0.0938 | D_B: 0.0603 | Cycle: 0.9646
Epoch 36/80 | Step 251700 | G: 2.1137 | D_A: 0.2447 | D_B: 0.0657 | Cycle: 0.6628
Epoch 36/80 | Step 251750 | G: 2.6004 | D_A: 0.1546 | D_B: 0.0931 | Cycle: 1.0373
Epoch 36/80 | Step 251800 | G: 1.6785 | D_A: 0.1164 | D_B: 0.1807 | Cycle: 0.6981
Epoch 36/80 | Step 251850 | G: 2.1843 | D_A: 0.0897 | D_B: 0.0430 | Cycle: 0.6804
Epoch 36/80 | Step 251900 | G: 3.1643 | D_A: 0.0726 | D_B: 0.1393 | Cycle: 0.9667
Epoch 36/80 | Step 251950 | G: 2.4191 | D_A: 0.0395 | D_B: 0.0553 | Cycle: 0.7069
Epoch 36/80 | Step 252000 | G: 1.8311 | D_A: 0.3954 | D_B: 0.0619 | Cycle: 0.7446
Epoch 36/80 | Step 252050 | G: 1.8297 | D_A: 0.1078 | D_B: 0.0634 | Cycle: 0.7327
Epoch 36/80 | Step 252100 | G: 3.2533 | D_A: 0.1159 | D_B: 0.0601 | Cycle: 1.2569
Epoch 36/80 | Step 252150 | G: 1.9413 | D_A: 0.0705 | D_B: 0.0807 | Cycle: 0.9325
Epoch 36/80 | Step 252200 | G: 1.8996 | D_A: 0.0497 | D_B: 0.0529 | Cycle: 0.8096
Epoch 36/80 | Step 252250 | G: 1.9278 | D_A: 0.1635 | D_B: 0.1027 | Cycle: 0.8192
Epoch 36/80 | Step 252300 | G: 2.9063 | D_A: 0.3432 | D_B: 0.1494 | Cycle: 0.5738
Epoch 36/80 | Step 252350 | G: 2.2616 | D_A: 0.1534 | D_B: 0.1356 | Cycle: 0.7218
Epoch 36/80 | Step 252400 | G: 2.6667 | D_A: 0.0689 | D_B: 0.1015 | Cycle: 1.0165
Epoch 36/80 | Step 252450 | G: 1.9555 | D_A: 0.0647 | D_B: 0.1152 | Cycle: 0.7946
Epoch 36/80 | Step 252500 | G: 2.6659 | D_A: 0.1658 | D_B: 0.1781 | Cycle: 0.9056
Epoch 36/80 | Step 252550 | G: 1.8971 | D_A: 0.1526 | D_B: 0.0616 | Cycle: 0.7213
Epoch 36/80 | Step 252600 | G: 1.9729 | D_A: 0.1144 | D_B: 0.1076 | Cycle: 0.7408
Epoch 36/80 | Step 252650 | G: 1.8573 | D_A: 0.1303 | D_B: 0.1895 | Cycle: 0.7815
Epoch 36/80 | Step 252700 | G: 2.1705 | D_A: 0.1377 | D_B: 0.1773 | Cycle: 0.7866
Epoch 36/80 | Step 252750 | G: 2.3393 | D_A: 0.0648 | D_B: 0.0410 | Cycle: 0.8660
Epoch 36/80 | Step 252800 | G: 2.2315 | D_A: 0.1479 | D_B: 0.0547 | Cycle: 0.8186
Epoch 36/80 | Step 252850 | G: 1.8549 | D_A: 0.2295 | D_B: 0.1097 | Cycle: 0.6743
Epoch 36/80 | Step 252900 | G: 2.4216 | D_A: 0.0926 | D_B: 0.1300 | Cycle: 0.7196
Epoch 36/80 | Step 252950 | G: 2.3229 | D_A: 0.2161 | D_B: 0.0421 | Cycle: 0.7964
Epoch 36/80 | Step 253000 | G: 2.3923 | D_A: 0.0713 | D_B: 0.0421 | Cycle: 0.8178
Epoch 36/80 | Step 253050 | G: 2.0376 | D_A: 0.1628 | D_B: 0.0380 | Cycle: 0.7032
Epoch 36/80 | Step 253100 | G: 2.2186 | D_A: 0.1244 | D_B: 0.0269 | Cycle: 0.7933
Epoch 36/80 | Step 253150 | G: 2.2494 | D_A: 0.1756 | D_B: 0.1195 | Cycle: 0.8058
Epoch 36/80 | Step 253200 | G: 2.6525 | D_A: 0.0556 | D_B: 0.0740 | Cycle: 0.7776
Epoch 36/80 | Step 253250 | G: 2.9454 | D_A: 0.4186 | D_B: 0.0666 | Cycle: 1.4051
Epoch 36/80 | Step 253300 | G: 2.1988 | D_A: 0.0840 | D_B: 0.0619 | Cycle: 0.6701
Epoch 36/80 | Step 253350 | G: 2.8652 | D_A: 0.1334 | D_B: 0.1144 | Cycle: 0.8909
Epoch 36/80 complete | Time: 432s | Avg G: 2.3161 | Avg D: 0.1114
Epoch 37/80 | Step 253400 | G: 2.4326 | D_A: 0.0531 | D_B: 0.1672 | Cycle: 0.9175
Epoch 37/80 | Step 253450 | G: 1.9838 | D_A: 0.1253 | D_B: 0.0919 | Cycle: 0.7531
Epoch 37/80 | Step 253500 | G: 2.0800 | D_A: 0.2132 | D_B: 0.1054 | Cycle: 1.0317
Epoch 37/80 | Step 253550 | G: 1.7286 | D_A: 0.1904 | D_B: 0.0738 | Cycle: 0.8618
Epoch 37/80 | Step 253600 | G: 2.0913 | D_A: 0.2381 | D_B: 0.1823 | Cycle: 0.7744
Epoch 37/80 | Step 253650 | G: 2.3805 | D_A: 0.1074 | D_B: 0.0807 | Cycle: 0.8409
Epoch 37/80 | Step 253700 | G: 2.3084 | D_A: 0.0990 | D_B: 0.1736 | Cycle: 0.6554
Epoch 37/80 | Step 253750 | G: 2.3315 | D_A: 0.1156 | D_B: 0.0714 | Cycle: 0.6224
Epoch 37/80 | Step 253800 | G: 2.5737 | D_A: 0.0610 | D_B: 0.0685 | Cycle: 0.9255
Epoch 37/80 | Step 253850 | G: 2.2987 | D_A: 0.1295 | D_B: 0.0618 | Cycle: 1.0205
Epoch 37/80 | Step 253900 | G: 1.8761 | D_A: 0.1613 | D_B: 0.1529 | Cycle: 0.5769
Epoch 37/80 | Step 253950 | G: 2.7774 | D_A: 0.0814 | D_B: 0.0443 | Cycle: 0.9426
Epoch 37/80 | Step 254000 | G: 2.4040 | D_A: 0.0961 | D_B: 0.0541 | Cycle: 0.9269
Epoch 37/80 | Step 254050 | G: 2.6853 | D_A: 0.1230 | D_B: 0.0538 | Cycle: 0.7757
Epoch 37/80 | Step 254100 | G: 1.9928 | D_A: 0.1290 | D_B: 0.0555 | Cycle: 0.7344
Epoch 37/80 | Step 254150 | G: 2.9364 | D_A: 0.2453 | D_B: 0.0469 | Cycle: 0.9982
Epoch 37/80 | Step 254200 | G: 2.6272 | D_A: 0.1466 | D_B: 0.0859 | Cycle: 0.7959
Epoch 37/80 | Step 254250 | G: 1.8995 | D_A: 0.1838 | D_B: 0.0414 | Cycle: 0.7690
Epoch 37/80 | Step 254300 | G: 2.1550 | D_A: 0.1570 | D_B: 0.0260 | Cycle: 0.8371
Epoch 37/80 | Step 254350 | G: 2.6724 | D_A: 0.0879 | D_B: 0.0475 | Cycle: 0.8089
Epoch 37/80 | Step 254400 | G: 1.7299 | D_A: 0.1090 | D_B: 0.1533 | Cycle: 0.7839
Epoch 37/80 | Step 254450 | G: 2.2658 | D_A: 0.1760 | D_B: 0.0568 | Cycle: 0.8060
Epoch 37/80 | Step 254500 | G: 2.3838 | D_A: 0.0404 | D_B: 0.0665 | Cycle: 0.9295
Epoch 37/80 | Step 254550 | G: 2.9336 | D_A: 0.1871 | D_B: 0.0986 | Cycle: 1.0029
Epoch 37/80 | Step 254600 | G: 2.6197 | D_A: 0.1517 | D_B: 0.1043 | Cycle: 0.8646
Epoch 37/80 | Step 254650 | G: 2.6951 | D_A: 0.1456 | D_B: 0.0532 | Cycle: 0.9636
Epoch 37/80 | Step 254700 | G: 2.1180 | D_A: 0.1991 | D_B: 0.0751 | Cycle: 0.7321
Epoch 37/80 | Step 254750 | G: 2.6262 | D_A: 0.1230 | D_B: 0.1602 | Cycle: 0.7771
Epoch 37/80 | Step 254800 | G: 1.8591 | D_A: 0.3835 | D_B: 0.0851 | Cycle: 0.7995
Epoch 37/80 | Step 254850 | G: 2.5899 | D_A: 0.1187 | D_B: 0.0409 | Cycle: 0.8991
Epoch 37/80 | Step 254900 | G: 2.2861 | D_A: 0.1536 | D_B: 0.1272 | Cycle: 0.6885
Epoch 37/80 | Step 254950 | G: 2.3555 | D_A: 0.0776 | D_B: 0.1201 | Cycle: 0.7544
Epoch 37/80 | Step 255000 | G: 2.1299 | D_A: 0.0612 | D_B: 0.0854 | Cycle: 0.7465
Epoch 37/80 | Step 255050 | G: 2.5065 | D_A: 0.0820 | D_B: 0.2161 | Cycle: 0.7691
Epoch 37/80 | Step 255100 | G: 2.6938 | D_A: 0.0357 | D_B: 0.0295 | Cycle: 0.8788
Epoch 37/80 | Step 255150 | G: 2.4702 | D_A: 0.1037 | D_B: 0.0536 | Cycle: 0.8504
Epoch 37/80 | Step 255200 | G: 2.5147 | D_A: 0.2315 | D_B: 0.0495 | Cycle: 0.7496
Epoch 37/80 | Step 255250 | G: 2.3589 | D_A: 0.1082 | D_B: 0.2173 | Cycle: 0.7850
Epoch 37/80 | Step 255300 | G: 2.1310 | D_A: 0.2559 | D_B: 0.1556 | Cycle: 0.6843
Epoch 37/80 | Step 255350 | G: 2.0338 | D_A: 0.1248 | D_B: 0.1298 | Cycle: 0.7033
Epoch 37/80 | Step 255400 | G: 2.2517 | D_A: 0.1268 | D_B: 0.1138 | Cycle: 0.7895
Epoch 37/80 | Step 255450 | G: 2.9338 | D_A: 0.0662 | D_B: 0.0445 | Cycle: 0.8486
Epoch 37/80 | Step 255500 | G: 2.3329 | D_A: 0.0545 | D_B: 0.0873 | Cycle: 0.8683
Epoch 37/80 | Step 255550 | G: 2.9136 | D_A: 0.0983 | D_B: 0.0393 | Cycle: 0.8883
Epoch 37/80 | Step 255600 | G: 2.3598 | D_A: 0.0685 | D_B: 0.0620 | Cycle: 0.7914
Epoch 37/80 | Step 255650 | G: 2.6780 | D_A: 0.0981 | D_B: 0.0928 | Cycle: 0.9070
Epoch 37/80 | Step 255700 | G: 1.8107 | D_A: 0.0991 | D_B: 0.1621 | Cycle: 0.7362
Epoch 37/80 | Step 255750 | G: 2.4555 | D_A: 0.0996 | D_B: 0.2191 | Cycle: 0.7171
Epoch 37/80 | Step 255800 | G: 3.6368 | D_A: 0.1507 | D_B: 0.0932 | Cycle: 1.3513
Epoch 37/80 | Step 255850 | G: 2.1631 | D_A: 0.1804 | D_B: 0.0460 | Cycle: 0.8653
Epoch 37/80 | Step 255900 | G: 2.6784 | D_A: 0.2136 | D_B: 0.1199 | Cycle: 0.7202
Epoch 37/80 | Step 255950 | G: 2.9000 | D_A: 0.1768 | D_B: 0.0655 | Cycle: 0.8856
Epoch 37/80 | Step 256000 | G: 2.2356 | D_A: 0.0878 | D_B: 0.0548 | Cycle: 0.8844
Epoch 37/80 | Step 256050 | G: 3.3588 | D_A: 0.0718 | D_B: 0.1095 | Cycle: 0.7045
Epoch 37/80 | Step 256100 | G: 1.9614 | D_A: 0.1987 | D_B: 0.1711 | Cycle: 0.7320
Epoch 37/80 | Step 256150 | G: 2.0238 | D_A: 0.1300 | D_B: 0.1062 | Cycle: 0.6389
Epoch 37/80 | Step 256200 | G: 1.7594 | D_A: 0.1826 | D_B: 0.0941 | Cycle: 0.6286
Epoch 37/80 | Step 256250 | G: 2.3995 | D_A: 0.1136 | D_B: 0.1393 | Cycle: 0.9340
Epoch 37/80 | Step 256300 | G: 1.8130 | D_A: 0.0811 | D_B: 0.0453 | Cycle: 0.6591
Epoch 37/80 | Step 256350 | G: 2.7151 | D_A: 0.1060 | D_B: 0.0424 | Cycle: 0.8862
Epoch 37/80 | Step 256400 | G: 1.6729 | D_A: 0.2172 | D_B: 0.1626 | Cycle: 0.7132
Epoch 37/80 | Step 256450 | G: 3.5718 | D_A: 0.0870 | D_B: 0.0971 | Cycle: 1.4949
Epoch 37/80 | Step 256500 | G: 1.8429 | D_A: 0.2101 | D_B: 0.2762 | Cycle: 0.6703
Epoch 37/80 | Step 256550 | G: 2.4148 | D_A: 0.1017 | D_B: 0.0927 | Cycle: 0.7931
Epoch 37/80 | Step 256600 | G: 3.4196 | D_A: 0.2586 | D_B: 0.0694 | Cycle: 1.0623
Epoch 37/80 | Step 256650 | G: 1.9186 | D_A: 0.1036 | D_B: 0.0874 | Cycle: 0.7986
Epoch 37/80 | Step 256700 | G: 2.0327 | D_A: 0.1912 | D_B: 0.1986 | Cycle: 0.6300
Epoch 37/80 | Step 256750 | G: 1.9557 | D_A: 0.1818 | D_B: 0.0433 | Cycle: 0.7155
Epoch 37/80 | Step 256800 | G: 2.1558 | D_A: 0.1778 | D_B: 0.1199 | Cycle: 0.7523
Epoch 37/80 | Step 256850 | G: 2.7395 | D_A: 0.0858 | D_B: 0.0390 | Cycle: 0.9134
Epoch 37/80 | Step 256900 | G: 2.2321 | D_A: 0.1719 | D_B: 0.0630 | Cycle: 0.7661
Epoch 37/80 | Step 256950 | G: 2.7309 | D_A: 0.1287 | D_B: 0.0646 | Cycle: 0.8493
Epoch 37/80 | Step 257000 | G: 1.6626 | D_A: 0.0448 | D_B: 0.0449 | Cycle: 0.6674
Epoch 37/80 | Step 257050 | G: 2.7455 | D_A: 0.1125 | D_B: 0.0548 | Cycle: 0.8721
Epoch 37/80 | Step 257100 | G: 2.7995 | D_A: 0.0631 | D_B: 0.0376 | Cycle: 0.7101
Epoch 37/80 | Step 257150 | G: 2.3234 | D_A: 0.0423 | D_B: 0.1733 | Cycle: 0.8000
Epoch 37/80 | Step 257200 | G: 2.2261 | D_A: 0.1658 | D_B: 0.0872 | Cycle: 0.7787
Epoch 37/80 | Step 257250 | G: 2.4887 | D_A: 0.1351 | D_B: 0.1503 | Cycle: 1.2102
Epoch 37/80 | Step 257300 | G: 2.6615 | D_A: 0.0989 | D_B: 0.0605 | Cycle: 0.8466
Epoch 37/80 | Step 257350 | G: 2.2689 | D_A: 0.1022 | D_B: 0.0803 | Cycle: 0.7533
Epoch 37/80 | Step 257400 | G: 3.0209 | D_A: 0.1171 | D_B: 0.2346 | Cycle: 0.9058
Epoch 37/80 | Step 257450 | G: 3.0657 | D_A: 0.0818 | D_B: 0.0596 | Cycle: 0.7722
Epoch 37/80 | Step 257500 | G: 2.6422 | D_A: 0.0862 | D_B: 0.0433 | Cycle: 0.8334
Epoch 37/80 | Step 257550 | G: 1.9353 | D_A: 0.0823 | D_B: 0.0593 | Cycle: 0.6933
Epoch 37/80 | Step 257600 | G: 2.3441 | D_A: 0.0566 | D_B: 0.1754 | Cycle: 0.6385
Epoch 37/80 | Step 257650 | G: 2.4554 | D_A: 0.0537 | D_B: 0.0526 | Cycle: 0.6436
Epoch 37/80 | Step 257700 | G: 2.2315 | D_A: 0.0597 | D_B: 0.0601 | Cycle: 0.8220
Epoch 37/80 | Step 257750 | G: 2.4387 | D_A: 0.1678 | D_B: 0.0370 | Cycle: 0.7841
Epoch 37/80 | Step 257800 | G: 2.3240 | D_A: 0.0624 | D_B: 0.0983 | Cycle: 0.8989
Epoch 37/80 | Step 257850 | G: 1.6103 | D_A: 0.1358 | D_B: 0.2157 | Cycle: 0.6081
Epoch 37/80 | Step 257900 | G: 2.0790 | D_A: 0.1300 | D_B: 0.0849 | Cycle: 0.7537
Epoch 37/80 | Step 257950 | G: 2.1765 | D_A: 0.1036 | D_B: 0.0774 | Cycle: 0.7832
Epoch 37/80 | Step 258000 | G: 2.1903 | D_A: 0.1120 | D_B: 0.0493 | Cycle: 0.7074
Epoch 37/80 | Step 258050 | G: 2.5662 | D_A: 0.0432 | D_B: 0.0431 | Cycle: 0.9074
Epoch 37/80 | Step 258100 | G: 2.2142 | D_A: 0.1899 | D_B: 0.0813 | Cycle: 0.8764
Epoch 37/80 | Step 258150 | G: 2.2692 | D_A: 0.1222 | D_B: 0.0673 | Cycle: 0.8820
Epoch 37/80 | Step 258200 | G: 1.5250 | D_A: 0.1849 | D_B: 0.2170 | Cycle: 0.6476
Epoch 37/80 | Step 258250 | G: 2.4490 | D_A: 0.0669 | D_B: 0.1072 | Cycle: 0.8199
Epoch 37/80 | Step 258300 | G: 2.1044 | D_A: 0.1501 | D_B: 0.1878 | Cycle: 0.7381
Epoch 37/80 | Step 258350 | G: 2.0443 | D_A: 0.1360 | D_B: 0.0460 | Cycle: 0.5826
Epoch 37/80 | Step 258400 | G: 2.5095 | D_A: 0.0671 | D_B: 0.0693 | Cycle: 0.7426
Epoch 37/80 | Step 258450 | G: 2.2573 | D_A: 0.1052 | D_B: 0.1107 | Cycle: 0.9501
Epoch 37/80 | Step 258500 | G: 2.1866 | D_A: 0.1424 | D_B: 0.0979 | Cycle: 0.8048
Epoch 37/80 | Step 258550 | G: 2.2450 | D_A: 0.0851 | D_B: 0.0624 | Cycle: 0.7417
Epoch 37/80 | Step 258600 | G: 2.6494 | D_A: 0.1854 | D_B: 0.1719 | Cycle: 0.8917
Epoch 37/80 | Step 258650 | G: 2.2015 | D_A: 0.2638 | D_B: 0.1782 | Cycle: 1.0457
Epoch 37/80 | Step 258700 | G: 2.4870 | D_A: 0.0676 | D_B: 0.0352 | Cycle: 0.8099
Epoch 37/80 | Step 258750 | G: 1.9050 | D_A: 0.1809 | D_B: 0.0861 | Cycle: 0.6785
Epoch 37/80 | Step 258800 | G: 2.2520 | D_A: 0.1534 | D_B: 0.0771 | Cycle: 0.7683
Epoch 37/80 | Step 258850 | G: 2.0493 | D_A: 0.0411 | D_B: 0.1158 | Cycle: 0.7107
Epoch 37/80 | Step 258900 | G: 2.3071 | D_A: 0.1274 | D_B: 0.0818 | Cycle: 0.9898
Epoch 37/80 | Step 258950 | G: 2.7192 | D_A: 0.1071 | D_B: 0.0628 | Cycle: 0.9194
Epoch 37/80 | Step 259000 | G: 2.2540 | D_A: 0.2983 | D_B: 0.0717 | Cycle: 0.7753
Epoch 37/80 | Step 259050 | G: 1.4026 | D_A: 0.0973 | D_B: 0.1226 | Cycle: 0.5511
Epoch 37/80 | Step 259100 | G: 2.0295 | D_A: 0.0147 | D_B: 0.1092 | Cycle: 0.9243
Epoch 37/80 | Step 259150 | G: 1.8046 | D_A: 0.0605 | D_B: 0.1311 | Cycle: 0.7096
Epoch 37/80 | Step 259200 | G: 4.7690 | D_A: 0.2057 | D_B: 0.0657 | Cycle: 1.0605
Epoch 37/80 | Step 259250 | G: 3.0876 | D_A: 0.1533 | D_B: 0.2549 | Cycle: 0.8534
Epoch 37/80 | Step 259300 | G: 2.2927 | D_A: 0.1037 | D_B: 0.1261 | Cycle: 0.8767
Epoch 37/80 | Step 259350 | G: 2.2153 | D_A: 0.1338 | D_B: 0.0963 | Cycle: 0.6881
Epoch 37/80 | Step 259400 | G: 1.5759 | D_A: 0.1077 | D_B: 0.1655 | Cycle: 0.6107
Epoch 37/80 | Step 259450 | G: 2.0483 | D_A: 0.1111 | D_B: 0.2451 | Cycle: 0.6514
Epoch 37/80 | Step 259500 | G: 2.1644 | D_A: 0.1047 | D_B: 0.0400 | Cycle: 0.8793
Epoch 37/80 | Step 259550 | G: 2.7798 | D_A: 0.0553 | D_B: 0.0295 | Cycle: 0.9244
Epoch 37/80 | Step 259600 | G: 1.9772 | D_A: 0.0550 | D_B: 0.0398 | Cycle: 0.6342
Epoch 37/80 | Step 259650 | G: 1.9770 | D_A: 0.0427 | D_B: 0.1344 | Cycle: 0.6964
Epoch 37/80 | Step 259700 | G: 1.9036 | D_A: 0.1055 | D_B: 0.1169 | Cycle: 0.7048
Epoch 37/80 | Step 259750 | G: 2.1797 | D_A: 0.1192 | D_B: 0.1070 | Cycle: 0.7567
Epoch 37/80 | Step 259800 | G: 2.2354 | D_A: 0.0828 | D_B: 0.0656 | Cycle: 0.8967
Epoch 37/80 | Step 259850 | G: 2.1715 | D_A: 0.1434 | D_B: 0.0933 | Cycle: 0.7990
Epoch 37/80 | Step 259900 | G: 3.0856 | D_A: 0.0765 | D_B: 0.0466 | Cycle: 0.9641
Epoch 37/80 | Step 259950 | G: 2.1507 | D_A: 0.1280 | D_B: 0.1574 | Cycle: 0.6976
Epoch 37/80 | Step 260000 | G: 2.0927 | D_A: 0.1157 | D_B: 0.1398 | Cycle: 0.6832
Epoch 37/80 | Step 260050 | G: 1.9210 | D_A: 0.0798 | D_B: 0.0594 | Cycle: 0.7474
Epoch 37/80 | Step 260100 | G: 2.6550 | D_A: 0.1423 | D_B: 0.0841 | Cycle: 1.0653
Epoch 37/80 | Step 260150 | G: 2.8653 | D_A: 0.1999 | D_B: 0.1059 | Cycle: 0.9170
Epoch 37/80 | Step 260200 | G: 1.7793 | D_A: 0.1613 | D_B: 0.1060 | Cycle: 0.7995
Epoch 37/80 | Step 260250 | G: 2.4923 | D_A: 0.0551 | D_B: 0.2037 | Cycle: 0.7965
Epoch 37/80 | Step 260300 | G: 2.3066 | D_A: 0.1490 | D_B: 0.0641 | Cycle: 0.6854
Epoch 37/80 | Step 260350 | G: 2.5613 | D_A: 0.0346 | D_B: 0.0980 | Cycle: 1.0933
Epoch 37/80 | Step 260400 | G: 1.9263 | D_A: 0.1890 | D_B: 0.1518 | Cycle: 0.7324
Epoch 37/80 complete | Time: 432s | Avg G: 2.3353 | Avg D: 0.1095
Epoch 38/80 | Step 260450 | G: 1.6809 | D_A: 0.1286 | D_B: 0.0835 | Cycle: 0.7086
Epoch 38/80 | Step 260500 | G: 3.3546 | D_A: 0.1774 | D_B: 0.1998 | Cycle: 0.8473
Epoch 38/80 | Step 260550 | G: 2.6082 | D_A: 0.1550 | D_B: 0.1489 | Cycle: 0.7754
Epoch 38/80 | Step 260600 | G: 2.4997 | D_A: 0.0490 | D_B: 0.0258 | Cycle: 0.8748
Epoch 38/80 | Step 260650 | G: 2.7067 | D_A: 0.2831 | D_B: 0.0526 | Cycle: 1.0277
Epoch 38/80 | Step 260700 | G: 2.1786 | D_A: 0.1217 | D_B: 0.2052 | Cycle: 0.6694
Epoch 38/80 | Step 260750 | G: 2.5226 | D_A: 0.1341 | D_B: 0.0583 | Cycle: 0.7815
Epoch 38/80 | Step 260800 | G: 2.4996 | D_A: 0.1413 | D_B: 0.0559 | Cycle: 0.7363
Epoch 38/80 | Step 260850 | G: 2.3574 | D_A: 0.1600 | D_B: 0.0313 | Cycle: 0.8531
Epoch 38/80 | Step 260900 | G: 2.5750 | D_A: 0.0491 | D_B: 0.1265 | Cycle: 0.9611
Epoch 38/80 | Step 260950 | G: 2.2305 | D_A: 0.1150 | D_B: 0.1956 | Cycle: 0.9771
Epoch 38/80 | Step 261000 | G: 3.0729 | D_A: 0.1931 | D_B: 0.0739 | Cycle: 1.0807
Epoch 38/80 | Step 261050 | G: 2.2943 | D_A: 0.1952 | D_B: 0.0724 | Cycle: 0.6879
Epoch 38/80 | Step 261100 | G: 1.8451 | D_A: 0.2360 | D_B: 0.0970 | Cycle: 0.6362
Epoch 38/80 | Step 261150 | G: 2.3902 | D_A: 0.3004 | D_B: 0.0429 | Cycle: 0.8085
Epoch 38/80 | Step 261200 | G: 1.8088 | D_A: 0.1826 | D_B: 0.0899 | Cycle: 0.7936
Epoch 38/80 | Step 261250 | G: 1.9378 | D_A: 0.1158 | D_B: 0.0473 | Cycle: 0.6394
Epoch 38/80 | Step 261300 | G: 3.3395 | D_A: 0.2053 | D_B: 0.2031 | Cycle: 1.0159
Epoch 38/80 | Step 261350 | G: 2.7275 | D_A: 0.0652 | D_B: 0.0914 | Cycle: 0.9123
Epoch 38/80 | Step 261400 | G: 1.6075 | D_A: 0.1471 | D_B: 0.0762 | Cycle: 0.5739
Epoch 38/80 | Step 261450 | G: 2.2428 | D_A: 0.2910 | D_B: 0.1002 | Cycle: 0.8227
Epoch 38/80 | Step 261500 | G: 2.4387 | D_A: 0.2373 | D_B: 0.0231 | Cycle: 0.8525
Epoch 38/80 | Step 261550 | G: 2.3560 | D_A: 0.0415 | D_B: 0.0811 | Cycle: 0.7727
Epoch 38/80 | Step 261600 | G: 2.0146 | D_A: 0.0863 | D_B: 0.1051 | Cycle: 0.6411
Epoch 38/80 | Step 261650 | G: 1.8580 | D_A: 0.0850 | D_B: 0.0777 | Cycle: 0.6532
Epoch 38/80 | Step 261700 | G: 2.4131 | D_A: 0.0726 | D_B: 0.0683 | Cycle: 0.7463
Epoch 38/80 | Step 261750 | G: 1.8649 | D_A: 0.2491 | D_B: 0.1025 | Cycle: 0.7946
Epoch 38/80 | Step 261800 | G: 2.3626 | D_A: 0.0867 | D_B: 0.0769 | Cycle: 0.7498
Epoch 38/80 | Step 261850 | G: 2.6078 | D_A: 0.0333 | D_B: 0.1795 | Cycle: 1.2630
Epoch 38/80 | Step 261900 | G: 2.3812 | D_A: 0.0556 | D_B: 0.0644 | Cycle: 0.7862
Epoch 38/80 | Step 261950 | G: 2.5118 | D_A: 0.1113 | D_B: 0.0397 | Cycle: 0.8554
Epoch 38/80 | Step 262000 | G: 1.9013 | D_A: 0.1499 | D_B: 0.1542 | Cycle: 0.8333
Epoch 38/80 | Step 262050 | G: 2.9009 | D_A: 0.0523 | D_B: 0.0858 | Cycle: 0.7619
Epoch 38/80 | Step 262100 | G: 2.7095 | D_A: 0.3446 | D_B: 0.0321 | Cycle: 0.7701
Epoch 38/80 | Step 262150 | G: 1.9985 | D_A: 0.1499 | D_B: 0.1499 | Cycle: 0.7524
Epoch 38/80 | Step 262200 | G: 2.1075 | D_A: 0.1770 | D_B: 0.1823 | Cycle: 0.9535
Epoch 38/80 | Step 262250 | G: 2.4285 | D_A: 0.0939 | D_B: 0.0430 | Cycle: 0.8070
Epoch 38/80 | Step 262300 | G: 2.7105 | D_A: 0.1154 | D_B: 0.0814 | Cycle: 1.0854
Epoch 38/80 | Step 262350 | G: 1.6248 | D_A: 0.0543 | D_B: 0.1751 | Cycle: 0.6192
Epoch 38/80 | Step 262400 | G: 2.1800 | D_A: 0.1596 | D_B: 0.0461 | Cycle: 0.7687
Epoch 38/80 | Step 262450 | G: 2.7016 | D_A: 0.1542 | D_B: 0.0367 | Cycle: 0.8919
Epoch 38/80 | Step 262500 | G: 2.7088 | D_A: 0.0383 | D_B: 0.0302 | Cycle: 1.0591
Epoch 38/80 | Step 262550 | G: 1.9541 | D_A: 0.2256 | D_B: 0.0633 | Cycle: 0.8572
Epoch 38/80 | Step 262600 | G: 2.9375 | D_A: 0.0836 | D_B: 0.0325 | Cycle: 0.9978
Epoch 38/80 | Step 262650 | G: 2.0192 | D_A: 0.1069 | D_B: 0.0924 | Cycle: 0.7393
Epoch 38/80 | Step 262700 | G: 2.3985 | D_A: 0.1616 | D_B: 0.1030 | Cycle: 0.9188
Epoch 38/80 | Step 262750 | G: 2.2777 | D_A: 0.1056 | D_B: 0.0774 | Cycle: 0.7737
Epoch 38/80 | Step 262800 | G: 2.2935 | D_A: 0.0748 | D_B: 0.1055 | Cycle: 0.9095
Epoch 38/80 | Step 262850 | G: 2.4283 | D_A: 0.1755 | D_B: 0.0893 | Cycle: 0.7325
Epoch 38/80 | Step 262900 | G: 2.4321 | D_A: 0.1293 | D_B: 0.1030 | Cycle: 0.7906
Epoch 38/80 | Step 262950 | G: 2.1796 | D_A: 0.0810 | D_B: 0.0538 | Cycle: 0.7682
Epoch 38/80 | Step 263000 | G: 2.7425 | D_A: 0.1311 | D_B: 0.0517 | Cycle: 0.7755
Epoch 38/80 | Step 263050 | G: 3.1793 | D_A: 0.0949 | D_B: 0.1160 | Cycle: 0.7370
Epoch 38/80 | Step 263100 | G: 1.7004 | D_A: 0.1072 | D_B: 0.0836 | Cycle: 0.7154
Epoch 38/80 | Step 263150 | G: 2.1823 | D_A: 0.1387 | D_B: 0.0745 | Cycle: 0.8428
Epoch 38/80 | Step 263200 | G: 4.1363 | D_A: 0.1146 | D_B: 0.1230 | Cycle: 1.4974
Epoch 38/80 | Step 263250 | G: 2.8364 | D_A: 0.0342 | D_B: 0.0562 | Cycle: 0.7175
Epoch 38/80 | Step 263300 | G: 2.5698 | D_A: 0.0669 | D_B: 0.1351 | Cycle: 0.7741
Epoch 38/80 | Step 263350 | G: 2.2717 | D_A: 0.0834 | D_B: 0.0411 | Cycle: 0.8100
Epoch 38/80 | Step 263400 | G: 2.9119 | D_A: 0.1034 | D_B: 0.0304 | Cycle: 0.7295
Epoch 38/80 | Step 263450 | G: 2.0229 | D_A: 0.0686 | D_B: 0.0868 | Cycle: 0.6726
Epoch 38/80 | Step 263500 | G: 1.9888 | D_A: 0.1729 | D_B: 0.0951 | Cycle: 0.7583
Epoch 38/80 | Step 263550 | G: 2.3125 | D_A: 0.0887 | D_B: 0.0913 | Cycle: 0.8334
Epoch 38/80 | Step 263600 | G: 2.1585 | D_A: 0.0983 | D_B: 0.1452 | Cycle: 0.9155
Epoch 38/80 | Step 263650 | G: 2.4315 | D_A: 0.1507 | D_B: 0.0905 | Cycle: 0.9040
Epoch 38/80 | Step 263700 | G: 1.8199 | D_A: 0.0788 | D_B: 0.0663 | Cycle: 0.7511
Epoch 38/80 | Step 263750 | G: 2.4863 | D_A: 0.2979 | D_B: 0.0890 | Cycle: 0.8721
Epoch 38/80 | Step 263800 | G: 2.3675 | D_A: 0.0738 | D_B: 0.0617 | Cycle: 0.7171
Epoch 38/80 | Step 263850 | G: 1.5792 | D_A: 0.1808 | D_B: 0.1271 | Cycle: 0.6693
Epoch 38/80 | Step 263900 | G: 2.3307 | D_A: 0.2216 | D_B: 0.2006 | Cycle: 0.6984
Epoch 38/80 | Step 263950 | G: 2.3662 | D_A: 0.2280 | D_B: 0.1597 | Cycle: 0.9767
Epoch 38/80 | Step 264000 | G: 2.1501 | D_A: 0.0928 | D_B: 0.0491 | Cycle: 0.7492
Epoch 38/80 | Step 264050 | G: 2.3002 | D_A: 0.0723 | D_B: 0.0436 | Cycle: 0.7710
Epoch 38/80 | Step 264100 | G: 2.7791 | D_A: 0.1232 | D_B: 0.0812 | Cycle: 0.8017
Epoch 38/80 | Step 264150 | G: 1.7144 | D_A: 0.1222 | D_B: 0.0344 | Cycle: 0.6311
Epoch 38/80 | Step 264200 | G: 2.2444 | D_A: 0.2321 | D_B: 0.0527 | Cycle: 0.9138
Epoch 38/80 | Step 264250 | G: 3.1364 | D_A: 0.0782 | D_B: 0.0259 | Cycle: 1.3772
Epoch 38/80 | Step 264300 | G: 2.1464 | D_A: 0.0705 | D_B: 0.1318 | Cycle: 0.6476
Epoch 38/80 | Step 264350 | G: 2.1861 | D_A: 0.0534 | D_B: 0.0642 | Cycle: 0.7664
Epoch 38/80 | Step 264400 | G: 3.1180 | D_A: 0.0636 | D_B: 0.0668 | Cycle: 0.9098
Epoch 38/80 | Step 264450 | G: 1.8511 | D_A: 0.0923 | D_B: 0.1062 | Cycle: 0.7833
Epoch 38/80 | Step 264500 | G: 2.0242 | D_A: 0.3625 | D_B: 0.1696 | Cycle: 0.6708
Epoch 38/80 | Step 264550 | G: 2.3263 | D_A: 0.0766 | D_B: 0.0992 | Cycle: 0.8224
Epoch 38/80 | Step 264600 | G: 2.4410 | D_A: 0.1255 | D_B: 0.0390 | Cycle: 0.8251
Epoch 38/80 | Step 264650 | G: 2.9137 | D_A: 0.0644 | D_B: 0.0607 | Cycle: 0.8509
Epoch 38/80 | Step 264700 | G: 2.4104 | D_A: 0.0319 | D_B: 0.0994 | Cycle: 0.6180
Epoch 38/80 | Step 264750 | G: 2.5722 | D_A: 0.0506 | D_B: 0.1605 | Cycle: 0.7858
Epoch 38/80 | Step 264800 | G: 2.2411 | D_A: 0.0970 | D_B: 0.1394 | Cycle: 0.8960
Epoch 38/80 | Step 264850 | G: 1.8701 | D_A: 0.1048 | D_B: 0.1218 | Cycle: 0.6147
Epoch 38/80 | Step 264900 | G: 2.0017 | D_A: 0.2572 | D_B: 0.0948 | Cycle: 0.7725
Epoch 38/80 | Step 264950 | G: 2.2818 | D_A: 0.0896 | D_B: 0.2099 | Cycle: 0.7306
Epoch 38/80 | Step 265000 | G: 3.0999 | D_A: 0.0397 | D_B: 0.0715 | Cycle: 0.8125
Epoch 38/80 | Step 265050 | G: 2.7048 | D_A: 0.2454 | D_B: 0.1710 | Cycle: 0.5914
Epoch 38/80 | Step 265100 | G: 2.7208 | D_A: 0.0986 | D_B: 0.0531 | Cycle: 0.9834
Epoch 38/80 | Step 265150 | G: 2.2552 | D_A: 0.1535 | D_B: 0.0824 | Cycle: 0.8018
Epoch 38/80 | Step 265200 | G: 2.4621 | D_A: 0.0547 | D_B: 0.0577 | Cycle: 1.0050
Epoch 38/80 | Step 265250 | G: 2.5325 | D_A: 0.0578 | D_B: 0.0651 | Cycle: 0.7234
Epoch 38/80 | Step 265300 | G: 3.1562 | D_A: 0.0574 | D_B: 0.0770 | Cycle: 0.8062
Epoch 38/80 | Step 265350 | G: 2.1417 | D_A: 0.0499 | D_B: 0.0982 | Cycle: 0.7098
Epoch 38/80 | Step 265400 | G: 2.3274 | D_A: 0.1795 | D_B: 0.0734 | Cycle: 0.9993
Epoch 38/80 | Step 265450 | G: 2.0926 | D_A: 0.1121 | D_B: 0.0705 | Cycle: 0.6867
Epoch 38/80 | Step 265500 | G: 3.0471 | D_A: 0.0267 | D_B: 0.0569 | Cycle: 0.6769
Epoch 38/80 | Step 265550 | G: 2.5161 | D_A: 0.0529 | D_B: 0.0621 | Cycle: 0.9640
Epoch 38/80 | Step 265600 | G: 2.5078 | D_A: 0.1386 | D_B: 0.0909 | Cycle: 0.9387
Epoch 38/80 | Step 265650 | G: 3.0470 | D_A: 0.0510 | D_B: 0.0459 | Cycle: 0.9862
Epoch 38/80 | Step 265700 | G: 2.0385 | D_A: 0.1596 | D_B: 0.0453 | Cycle: 0.8111
Epoch 38/80 | Step 265750 | G: 2.6454 | D_A: 0.2574 | D_B: 0.0628 | Cycle: 0.7690
Epoch 38/80 | Step 265800 | G: 2.1262 | D_A: 0.1655 | D_B: 0.0612 | Cycle: 0.9315
Epoch 38/80 | Step 265850 | G: 3.0714 | D_A: 0.1076 | D_B: 0.0538 | Cycle: 1.0610
Epoch 38/80 | Step 265900 | G: 2.2474 | D_A: 0.1763 | D_B: 0.0417 | Cycle: 0.8296
Epoch 38/80 | Step 265950 | G: 2.4595 | D_A: 0.0680 | D_B: 0.1204 | Cycle: 0.6336
Epoch 38/80 | Step 266000 | G: 3.0074 | D_A: 0.1644 | D_B: 0.0587 | Cycle: 0.7452
Epoch 38/80 | Step 266050 | G: 2.2951 | D_A: 0.0609 | D_B: 0.0649 | Cycle: 0.8739
Epoch 38/80 | Step 266100 | G: 1.7304 | D_A: 0.1076 | D_B: 0.0588 | Cycle: 0.5797
Epoch 38/80 | Step 266150 | G: 2.1578 | D_A: 0.1347 | D_B: 0.0478 | Cycle: 0.6735
Epoch 38/80 | Step 266200 | G: 2.2295 | D_A: 0.1183 | D_B: 0.0603 | Cycle: 0.8394
Epoch 38/80 | Step 266250 | G: 2.1892 | D_A: 0.1940 | D_B: 0.0471 | Cycle: 0.9207
Epoch 38/80 | Step 266300 | G: 2.0165 | D_A: 0.0743 | D_B: 0.1301 | Cycle: 0.6672
Epoch 38/80 | Step 266350 | G: 2.4225 | D_A: 0.0871 | D_B: 0.0598 | Cycle: 0.8764
Epoch 38/80 | Step 266400 | G: 2.4338 | D_A: 0.1134 | D_B: 0.0718 | Cycle: 0.6341
Epoch 38/80 | Step 266450 | G: 2.8295 | D_A: 0.2548 | D_B: 0.0679 | Cycle: 0.8003
Epoch 38/80 | Step 266500 | G: 2.0750 | D_A: 0.0769 | D_B: 0.1607 | Cycle: 0.9816
Epoch 38/80 | Step 266550 | G: 2.6355 | D_A: 0.1025 | D_B: 0.0716 | Cycle: 0.7568
Epoch 38/80 | Step 266600 | G: 2.4282 | D_A: 0.1610 | D_B: 0.0252 | Cycle: 0.8744
Epoch 38/80 | Step 266650 | G: 2.5475 | D_A: 0.0877 | D_B: 0.0976 | Cycle: 0.8216
Epoch 38/80 | Step 266700 | G: 2.3628 | D_A: 0.0747 | D_B: 0.2289 | Cycle: 0.6394
Epoch 38/80 | Step 266750 | G: 1.9920 | D_A: 0.0559 | D_B: 0.1280 | Cycle: 0.7608
Epoch 38/80 | Step 266800 | G: 2.1736 | D_A: 0.1544 | D_B: 0.1372 | Cycle: 0.9029
Epoch 38/80 | Step 266850 | G: 2.3880 | D_A: 0.1799 | D_B: 0.0961 | Cycle: 0.7524
Epoch 38/80 | Step 266900 | G: 2.9124 | D_A: 0.1645 | D_B: 0.0770 | Cycle: 1.1148
Epoch 38/80 | Step 266950 | G: 2.4573 | D_A: 0.1410 | D_B: 0.0663 | Cycle: 0.9125
Epoch 38/80 | Step 267000 | G: 2.3166 | D_A: 0.1128 | D_B: 0.0586 | Cycle: 0.9480
Epoch 38/80 | Step 267050 | G: 2.0598 | D_A: 0.1867 | D_B: 0.0685 | Cycle: 0.7850
Epoch 38/80 | Step 267100 | G: 2.8136 | D_A: 0.0712 | D_B: 0.0377 | Cycle: 0.9201
Epoch 38/80 | Step 267150 | G: 2.1136 | D_A: 0.0919 | D_B: 0.2138 | Cycle: 0.7775
Epoch 38/80 | Step 267200 | G: 2.2836 | D_A: 0.1640 | D_B: 0.0647 | Cycle: 0.7023
Epoch 38/80 | Step 267250 | G: 2.3947 | D_A: 0.0925 | D_B: 0.0722 | Cycle: 0.7628
Epoch 38/80 | Step 267300 | G: 1.6543 | D_A: 0.1155 | D_B: 0.1036 | Cycle: 0.6558
Epoch 38/80 | Step 267350 | G: 2.2845 | D_A: 0.0881 | D_B: 0.1001 | Cycle: 0.8104
Epoch 38/80 | Step 267400 | G: 2.9456 | D_A: 0.0463 | D_B: 0.0376 | Cycle: 1.2727
Epoch 38/80 complete | Time: 432s | Avg G: 2.3254 | Avg D: 0.1091
Epoch 39/80 | Step 267450 | G: 2.2878 | D_A: 0.1486 | D_B: 0.1304 | Cycle: 0.7405
Epoch 39/80 | Step 267500 | G: 2.6445 | D_A: 0.1291 | D_B: 0.1732 | Cycle: 0.9182
Epoch 39/80 | Step 267550 | G: 2.0071 | D_A: 0.1299 | D_B: 0.1135 | Cycle: 0.7160
Epoch 39/80 | Step 267600 | G: 2.2041 | D_A: 0.1872 | D_B: 0.0502 | Cycle: 0.7928
Epoch 39/80 | Step 267650 | G: 2.9102 | D_A: 0.0577 | D_B: 0.0517 | Cycle: 0.6613
Epoch 39/80 | Step 267700 | G: 2.2640 | D_A: 0.0682 | D_B: 0.0620 | Cycle: 0.7796
Epoch 39/80 | Step 267750 | G: 2.0875 | D_A: 0.1141 | D_B: 0.1663 | Cycle: 0.9505
Epoch 39/80 | Step 267800 | G: 2.1113 | D_A: 0.0649 | D_B: 0.0638 | Cycle: 0.9214
Epoch 39/80 | Step 267850 | G: 2.3942 | D_A: 0.0693 | D_B: 0.1029 | Cycle: 0.8149
Epoch 39/80 | Step 267900 | G: 2.2178 | D_A: 0.0523 | D_B: 0.1322 | Cycle: 0.7287
Epoch 39/80 | Step 267950 | G: 2.2575 | D_A: 0.1194 | D_B: 0.0664 | Cycle: 0.6665
Epoch 39/80 | Step 268000 | G: 2.7187 | D_A: 0.1063 | D_B: 0.1098 | Cycle: 0.8043
Epoch 39/80 | Step 268050 | G: 3.0359 | D_A: 0.2617 | D_B: 0.0418 | Cycle: 0.7898
Epoch 39/80 | Step 268100 | G: 1.4418 | D_A: 0.2786 | D_B: 0.1941 | Cycle: 0.6575
Epoch 39/80 | Step 268150 | G: 2.0044 | D_A: 0.0852 | D_B: 0.1224 | Cycle: 0.7099
Epoch 39/80 | Step 268200 | G: 2.2350 | D_A: 0.0754 | D_B: 0.0345 | Cycle: 0.8778
Epoch 39/80 | Step 268250 | G: 2.7018 | D_A: 0.0451 | D_B: 0.0686 | Cycle: 0.8452
Epoch 39/80 | Step 268300 | G: 2.4620 | D_A: 0.1185 | D_B: 0.0934 | Cycle: 0.6192
Epoch 39/80 | Step 268350 | G: 2.2138 | D_A: 0.0513 | D_B: 0.0343 | Cycle: 0.8156
Epoch 39/80 | Step 268400 | G: 1.9308 | D_A: 0.0609 | D_B: 0.1223 | Cycle: 0.7230
Epoch 39/80 | Step 268450 | G: 2.2303 | D_A: 0.1126 | D_B: 0.0877 | Cycle: 0.8457
Epoch 39/80 | Step 268500 | G: 2.4310 | D_A: 0.1416 | D_B: 0.0358 | Cycle: 0.8805
Epoch 39/80 | Step 268550 | G: 2.3093 | D_A: 0.0934 | D_B: 0.0328 | Cycle: 0.8741
Epoch 39/80 | Step 268600 | G: 2.2008 | D_A: 0.1858 | D_B: 0.1234 | Cycle: 0.8160
Epoch 39/80 | Step 268650 | G: 1.8027 | D_A: 0.1642 | D_B: 0.1098 | Cycle: 0.6329
Epoch 39/80 | Step 268700 | G: 2.1979 | D_A: 0.1306 | D_B: 0.0792 | Cycle: 0.8473
Epoch 39/80 | Step 268750 | G: 2.1197 | D_A: 0.1694 | D_B: 0.0553 | Cycle: 0.8826
Epoch 39/80 | Step 268800 | G: 2.7336 | D_A: 0.0721 | D_B: 0.0835 | Cycle: 0.7868
Epoch 39/80 | Step 268850 | G: 2.1869 | D_A: 0.0383 | D_B: 0.1163 | Cycle: 0.7388
Epoch 39/80 | Step 268900 | G: 2.3364 | D_A: 0.2418 | D_B: 0.2466 | Cycle: 0.7070
Epoch 39/80 | Step 268950 | G: 2.6910 | D_A: 0.0871 | D_B: 0.0640 | Cycle: 0.8878
Epoch 39/80 | Step 269000 | G: 2.1040 | D_A: 0.0623 | D_B: 0.1335 | Cycle: 1.0505
Epoch 39/80 | Step 269050 | G: 1.8804 | D_A: 0.1170 | D_B: 0.0461 | Cycle: 0.7654
Epoch 39/80 | Step 269100 | G: 2.5997 | D_A: 0.0986 | D_B: 0.0631 | Cycle: 1.0508
Epoch 39/80 | Step 269150 | G: 2.5732 | D_A: 0.1927 | D_B: 0.0608 | Cycle: 0.7716
Epoch 39/80 | Step 269200 | G: 1.9861 | D_A: 0.1195 | D_B: 0.0589 | Cycle: 0.8629
Epoch 39/80 | Step 269250 | G: 2.1083 | D_A: 0.1776 | D_B: 0.0812 | Cycle: 0.6682
Epoch 39/80 | Step 269300 | G: 2.4550 | D_A: 0.1191 | D_B: 0.0983 | Cycle: 0.8170
Epoch 39/80 | Step 269350 | G: 2.6077 | D_A: 0.0369 | D_B: 0.0892 | Cycle: 0.7228
Epoch 39/80 | Step 269400 | G: 2.3703 | D_A: 0.0527 | D_B: 0.1388 | Cycle: 0.6050
Epoch 39/80 | Step 269450 | G: 1.6432 | D_A: 0.1284 | D_B: 0.1024 | Cycle: 0.6513
Epoch 39/80 | Step 269500 | G: 2.8233 | D_A: 0.2748 | D_B: 0.1145 | Cycle: 0.7355
Epoch 39/80 | Step 269550 | G: 1.7525 | D_A: 0.1470 | D_B: 0.0884 | Cycle: 0.6484
Epoch 39/80 | Step 269600 | G: 3.0101 | D_A: 0.1645 | D_B: 0.0373 | Cycle: 1.0648
Epoch 39/80 | Step 269650 | G: 2.3340 | D_A: 0.0915 | D_B: 0.0715 | Cycle: 0.6729
Epoch 39/80 | Step 269700 | G: 2.2693 | D_A: 0.0692 | D_B: 0.0472 | Cycle: 0.8422
Epoch 39/80 | Step 269750 | G: 1.9002 | D_A: 0.0991 | D_B: 0.2529 | Cycle: 0.9486
Epoch 39/80 | Step 269800 | G: 2.9531 | D_A: 0.2975 | D_B: 0.0378 | Cycle: 0.7506
Epoch 39/80 | Step 269850 | G: 2.4810 | D_A: 0.0471 | D_B: 0.0536 | Cycle: 0.8058
Epoch 39/80 | Step 269900 | G: 2.0010 | D_A: 0.1147 | D_B: 0.1376 | Cycle: 0.9101
Epoch 39/80 | Step 269950 | G: 1.9427 | D_A: 0.0575 | D_B: 0.0690 | Cycle: 0.7040
Epoch 39/80 | Step 270000 | G: 1.7168 | D_A: 0.2101 | D_B: 0.0933 | Cycle: 0.6777
Epoch 39/80 | Step 270050 | G: 2.6237 | D_A: 0.0837 | D_B: 0.1351 | Cycle: 0.8795
Epoch 39/80 | Step 270100 | G: 2.8178 | D_A: 0.1588 | D_B: 0.0339 | Cycle: 0.9484
Epoch 39/80 | Step 270150 | G: 2.0441 | D_A: 0.0896 | D_B: 0.0900 | Cycle: 0.8694
Epoch 39/80 | Step 270200 | G: 1.9317 | D_A: 0.2280 | D_B: 0.1086 | Cycle: 0.7469
Epoch 39/80 | Step 270250 | G: 2.1311 | D_A: 0.0903 | D_B: 0.0867 | Cycle: 0.8171
Epoch 39/80 | Step 270300 | G: 3.1538 | D_A: 0.0507 | D_B: 0.0468 | Cycle: 1.0165
Epoch 39/80 | Step 270350 | G: 1.8619 | D_A: 0.2209 | D_B: 0.1962 | Cycle: 0.7874
Epoch 39/80 | Step 270400 | G: 2.4497 | D_A: 0.0675 | D_B: 0.0394 | Cycle: 0.7792
Epoch 39/80 | Step 270450 | G: 1.9523 | D_A: 0.0754 | D_B: 0.1011 | Cycle: 0.7001
Epoch 39/80 | Step 270500 | G: 2.1647 | D_A: 0.1322 | D_B: 0.0392 | Cycle: 0.8873
Epoch 39/80 | Step 270550 | G: 2.6339 | D_A: 0.0352 | D_B: 0.0589 | Cycle: 0.8734
Epoch 39/80 | Step 270600 | G: 3.0143 | D_A: 0.0539 | D_B: 0.0383 | Cycle: 0.9442
Epoch 39/80 | Step 270650 | G: 2.4588 | D_A: 0.0927 | D_B: 0.1187 | Cycle: 0.7109
Epoch 39/80 | Step 270700 | G: 2.2133 | D_A: 0.0186 | D_B: 0.1302 | Cycle: 0.9581
Epoch 39/80 | Step 270750 | G: 1.5568 | D_A: 0.0998 | D_B: 0.1719 | Cycle: 0.6020
Epoch 39/80 | Step 270800 | G: 2.4756 | D_A: 0.0622 | D_B: 0.1078 | Cycle: 0.5936
Epoch 39/80 | Step 270850 | G: 1.8119 | D_A: 0.2745 | D_B: 0.0871 | Cycle: 0.7080
Epoch 39/80 | Step 270900 | G: 2.2087 | D_A: 0.0866 | D_B: 0.1595 | Cycle: 0.8041
Epoch 39/80 | Step 270950 | G: 2.7450 | D_A: 0.1018 | D_B: 0.0647 | Cycle: 0.9026
Epoch 39/80 | Step 271000 | G: 1.6783 | D_A: 0.1043 | D_B: 0.0645 | Cycle: 0.7017
Epoch 39/80 | Step 271050 | G: 1.3610 | D_A: 0.1229 | D_B: 0.2275 | Cycle: 0.6863
Epoch 39/80 | Step 271100 | G: 2.0515 | D_A: 0.1653 | D_B: 0.0395 | Cycle: 0.8076
Epoch 39/80 | Step 271150 | G: 2.2811 | D_A: 0.0823 | D_B: 0.0673 | Cycle: 0.7968
Epoch 39/80 | Step 271200 | G: 2.4019 | D_A: 0.0660 | D_B: 0.0450 | Cycle: 0.8883
Epoch 39/80 | Step 271250 | G: 2.8122 | D_A: 0.0633 | D_B: 0.1471 | Cycle: 0.7303
Epoch 39/80 | Step 271300 | G: 2.8319 | D_A: 0.0577 | D_B: 0.0672 | Cycle: 1.0715
Epoch 39/80 | Step 271350 | G: 2.3178 | D_A: 0.0755 | D_B: 0.0927 | Cycle: 0.8094
Epoch 39/80 | Step 271400 | G: 2.3857 | D_A: 0.0938 | D_B: 0.1447 | Cycle: 0.8177
Epoch 39/80 | Step 271450 | G: 2.8983 | D_A: 0.0763 | D_B: 0.0572 | Cycle: 0.8459
Epoch 39/80 | Step 271500 | G: 2.2416 | D_A: 0.0785 | D_B: 0.0826 | Cycle: 0.8225
Epoch 39/80 | Step 271550 | G: 2.2522 | D_A: 0.1194 | D_B: 0.0343 | Cycle: 0.8853
Epoch 39/80 | Step 271600 | G: 2.0040 | D_A: 0.1782 | D_B: 0.0453 | Cycle: 0.7401
Epoch 39/80 | Step 271650 | G: 2.2374 | D_A: 0.0480 | D_B: 0.0956 | Cycle: 0.6296
Epoch 39/80 | Step 271700 | G: 2.0913 | D_A: 0.1620 | D_B: 0.0741 | Cycle: 0.8061
Epoch 39/80 | Step 271750 | G: 2.4633 | D_A: 0.1003 | D_B: 0.0585 | Cycle: 0.7618
Epoch 39/80 | Step 271800 | G: 2.5337 | D_A: 0.1935 | D_B: 0.0543 | Cycle: 0.6597
Epoch 39/80 | Step 271850 | G: 2.3483 | D_A: 0.0414 | D_B: 0.1740 | Cycle: 0.8163
Epoch 39/80 | Step 271900 | G: 2.7049 | D_A: 0.0569 | D_B: 0.0376 | Cycle: 0.6892
Epoch 39/80 | Step 271950 | G: 1.7931 | D_A: 0.2750 | D_B: 0.1716 | Cycle: 0.8054
Epoch 39/80 | Step 272000 | G: 2.5543 | D_A: 0.0819 | D_B: 0.0540 | Cycle: 0.7872
Epoch 39/80 | Step 272050 | G: 2.1439 | D_A: 0.2979 | D_B: 0.0602 | Cycle: 0.7452
Epoch 39/80 | Step 272100 | G: 2.1011 | D_A: 0.1918 | D_B: 0.0835 | Cycle: 0.5691
Epoch 39/80 | Step 272150 | G: 1.8597 | D_A: 0.2360 | D_B: 0.1374 | Cycle: 0.6950
Epoch 39/80 | Step 272200 | G: 3.2303 | D_A: 0.0593 | D_B: 0.1640 | Cycle: 0.7577
Epoch 39/80 | Step 272250 | G: 2.0051 | D_A: 0.1992 | D_B: 0.1280 | Cycle: 0.7711
Epoch 39/80 | Step 272300 | G: 1.9604 | D_A: 0.1664 | D_B: 0.0968 | Cycle: 0.7124
Epoch 39/80 | Step 272350 | G: 2.6732 | D_A: 0.0368 | D_B: 0.0530 | Cycle: 0.8093
Epoch 39/80 | Step 272400 | G: 2.6567 | D_A: 0.1700 | D_B: 0.0672 | Cycle: 0.9706
Epoch 39/80 | Step 272450 | G: 2.5561 | D_A: 0.0915 | D_B: 0.0383 | Cycle: 0.9152
Epoch 39/80 | Step 272500 | G: 2.3882 | D_A: 0.1211 | D_B: 0.0410 | Cycle: 0.9383
Epoch 39/80 | Step 272550 | G: 2.1009 | D_A: 0.3102 | D_B: 0.0509 | Cycle: 0.6726
Epoch 39/80 | Step 272600 | G: 1.6415 | D_A: 0.2467 | D_B: 0.1722 | Cycle: 0.6649
Epoch 39/80 | Step 272650 | G: 2.8386 | D_A: 0.0944 | D_B: 0.0938 | Cycle: 1.0070
Epoch 39/80 | Step 272700 | G: 2.4995 | D_A: 0.0565 | D_B: 0.0724 | Cycle: 0.9713
Epoch 39/80 | Step 272750 | G: 2.0575 | D_A: 0.0718 | D_B: 0.0973 | Cycle: 0.7264
Epoch 39/80 | Step 272800 | G: 2.2703 | D_A: 0.0937 | D_B: 0.0552 | Cycle: 0.6562
Epoch 39/80 | Step 272850 | G: 2.4327 | D_A: 0.0982 | D_B: 0.1345 | Cycle: 0.9391
Epoch 39/80 | Step 272900 | G: 2.3320 | D_A: 0.0948 | D_B: 0.1752 | Cycle: 0.6983
Epoch 39/80 | Step 272950 | G: 2.2998 | D_A: 0.1268 | D_B: 0.0433 | Cycle: 0.8196
Epoch 39/80 | Step 273000 | G: 3.3266 | D_A: 0.1166 | D_B: 0.0282 | Cycle: 1.0334
Epoch 39/80 | Step 273050 | G: 2.7006 | D_A: 0.1792 | D_B: 0.0874 | Cycle: 0.7786
Epoch 39/80 | Step 273100 | G: 1.5138 | D_A: 0.1430 | D_B: 0.2151 | Cycle: 0.8323
Epoch 39/80 | Step 273150 | G: 2.5520 | D_A: 0.0732 | D_B: 0.0410 | Cycle: 1.1265
Epoch 39/80 | Step 273200 | G: 1.7493 | D_A: 0.1450 | D_B: 0.0957 | Cycle: 0.7388
Epoch 39/80 | Step 273250 | G: 2.3929 | D_A: 0.0468 | D_B: 0.0252 | Cycle: 0.8191
Epoch 39/80 | Step 273300 | G: 2.0484 | D_A: 0.0620 | D_B: 0.1009 | Cycle: 0.5766
Epoch 39/80 | Step 273350 | G: 1.5652 | D_A: 0.2035 | D_B: 0.1859 | Cycle: 0.7126
Epoch 39/80 | Step 273400 | G: 2.3678 | D_A: 0.0749 | D_B: 0.0527 | Cycle: 1.1993
Epoch 39/80 | Step 273450 | G: 2.2385 | D_A: 0.1684 | D_B: 0.0486 | Cycle: 0.8511
Epoch 39/80 | Step 273500 | G: 2.7203 | D_A: 0.1259 | D_B: 0.1041 | Cycle: 0.9019
Epoch 39/80 | Step 273550 | G: 2.4025 | D_A: 0.2473 | D_B: 0.0478 | Cycle: 0.9370
Epoch 39/80 | Step 273600 | G: 1.7562 | D_A: 0.1316 | D_B: 0.1352 | Cycle: 0.6858
Epoch 39/80 | Step 273650 | G: 1.5291 | D_A: 0.1034 | D_B: 0.0917 | Cycle: 0.6458
Epoch 39/80 | Step 273700 | G: 2.4931 | D_A: 0.0812 | D_B: 0.0524 | Cycle: 0.8236
Epoch 39/80 | Step 273750 | G: 2.5933 | D_A: 0.0783 | D_B: 0.0371 | Cycle: 0.8193
Epoch 39/80 | Step 273800 | G: 2.4015 | D_A: 0.1611 | D_B: 0.1725 | Cycle: 0.8338
Epoch 39/80 | Step 273850 | G: 1.8217 | D_A: 0.0895 | D_B: 0.1886 | Cycle: 0.8821
Epoch 39/80 | Step 273900 | G: 2.3908 | D_A: 0.0660 | D_B: 0.1604 | Cycle: 0.8754
Epoch 39/80 | Step 273950 | G: 1.9097 | D_A: 0.1645 | D_B: 0.1045 | Cycle: 0.9172
Epoch 39/80 | Step 274000 | G: 2.0176 | D_A: 0.0804 | D_B: 0.0549 | Cycle: 0.7961
Epoch 39/80 | Step 274050 | G: 3.2374 | D_A: 0.1670 | D_B: 0.2130 | Cycle: 1.0867
Epoch 39/80 | Step 274100 | G: 2.5511 | D_A: 0.0481 | D_B: 0.1270 | Cycle: 0.9371
Epoch 39/80 | Step 274150 | G: 2.3471 | D_A: 0.1831 | D_B: 0.1044 | Cycle: 0.8165
Epoch 39/80 | Step 274200 | G: 2.1994 | D_A: 0.1542 | D_B: 0.1021 | Cycle: 0.6511
Epoch 39/80 | Step 274250 | G: 1.6321 | D_A: 0.1067 | D_B: 0.0579 | Cycle: 0.6343
Epoch 39/80 | Step 274300 | G: 1.9796 | D_A: 0.2241 | D_B: 0.1408 | Cycle: 0.6809
Epoch 39/80 | Step 274350 | G: 2.4274 | D_A: 0.1572 | D_B: 0.1067 | Cycle: 0.7510
Epoch 39/80 | Step 274400 | G: 2.8677 | D_A: 0.1725 | D_B: 0.0645 | Cycle: 0.7658
Epoch 39/80 | Step 274450 | G: 2.1008 | D_A: 0.2264 | D_B: 0.1006 | Cycle: 0.7844
Epoch 39/80 complete | Time: 432s | Avg G: 2.3223 | Avg D: 0.1093
Epoch 40/80 | Step 274500 | G: 2.2147 | D_A: 0.2248 | D_B: 0.1496 | Cycle: 1.0403
Epoch 40/80 | Step 274550 | G: 2.0346 | D_A: 0.1178 | D_B: 0.1317 | Cycle: 0.9385
Epoch 40/80 | Step 274600 | G: 2.4597 | D_A: 0.1334 | D_B: 0.0902 | Cycle: 0.7160
Epoch 40/80 | Step 274650 | G: 2.5463 | D_A: 0.2066 | D_B: 0.1035 | Cycle: 0.9445
Epoch 40/80 | Step 274700 | G: 2.3157 | D_A: 0.0970 | D_B: 0.0325 | Cycle: 0.7937
Epoch 40/80 | Step 274750 | G: 2.7676 | D_A: 0.0846 | D_B: 0.2241 | Cycle: 0.8145
Epoch 40/80 | Step 274800 | G: 2.2612 | D_A: 0.0564 | D_B: 0.1875 | Cycle: 0.6943
Epoch 40/80 | Step 274850 | G: 2.9765 | D_A: 0.1485 | D_B: 0.0657 | Cycle: 0.7509
Epoch 40/80 | Step 274900 | G: 1.9571 | D_A: 0.0739 | D_B: 0.0834 | Cycle: 0.6027
Epoch 40/80 | Step 274950 | G: 2.4743 | D_A: 0.1470 | D_B: 0.1074 | Cycle: 0.7943
Epoch 40/80 | Step 275000 | G: 2.5438 | D_A: 0.1581 | D_B: 0.0577 | Cycle: 0.9559
Epoch 40/80 | Step 275050 | G: 2.1557 | D_A: 0.2334 | D_B: 0.1864 | Cycle: 0.7960
Epoch 40/80 | Step 275100 | G: 2.8954 | D_A: 0.0701 | D_B: 0.0425 | Cycle: 1.0632
Epoch 40/80 | Step 275150 | G: 2.3122 | D_A: 0.1068 | D_B: 0.1534 | Cycle: 0.5512
Epoch 40/80 | Step 275200 | G: 2.6249 | D_A: 0.1080 | D_B: 0.0674 | Cycle: 0.8336
Epoch 40/80 | Step 275250 | G: 2.7474 | D_A: 0.0919 | D_B: 0.0415 | Cycle: 1.0896
Epoch 40/80 | Step 275300 | G: 2.8379 | D_A: 0.0507 | D_B: 0.0394 | Cycle: 1.0658
Epoch 40/80 | Step 275350 | G: 4.9374 | D_A: 0.0858 | D_B: 0.0876 | Cycle: 1.3103
Epoch 40/80 | Step 275400 | G: 2.1893 | D_A: 0.1061 | D_B: 0.1498 | Cycle: 1.0175
Epoch 40/80 | Step 275450 | G: 4.0525 | D_A: 0.1216 | D_B: 0.0931 | Cycle: 1.0671
Epoch 40/80 | Step 275500 | G: 2.7390 | D_A: 0.1270 | D_B: 0.0658 | Cycle: 1.0357
Epoch 40/80 | Step 275550 | G: 2.8604 | D_A: 0.0464 | D_B: 0.0495 | Cycle: 0.8668
Epoch 40/80 | Step 275600 | G: 2.3761 | D_A: 0.0384 | D_B: 0.0980 | Cycle: 0.9268
Epoch 40/80 | Step 275650 | G: 2.7994 | D_A: 0.0508 | D_B: 0.0308 | Cycle: 0.7279
Epoch 40/80 | Step 275700 | G: 1.7115 | D_A: 0.0340 | D_B: 0.0467 | Cycle: 0.6802
Epoch 40/80 | Step 275750 | G: 2.5700 | D_A: 0.0473 | D_B: 0.0452 | Cycle: 0.7932
Epoch 40/80 | Step 275800 | G: 2.6851 | D_A: 0.2235 | D_B: 0.0742 | Cycle: 0.8763
Epoch 40/80 | Step 275850 | G: 1.9610 | D_A: 0.1092 | D_B: 0.1297 | Cycle: 0.8617
Epoch 40/80 | Step 275900 | G: 1.7622 | D_A: 0.1027 | D_B: 0.1391 | Cycle: 0.6846
Epoch 40/80 | Step 275950 | G: 2.0686 | D_A: 0.0889 | D_B: 0.0706 | Cycle: 0.8235
Epoch 40/80 | Step 276000 | G: 1.8506 | D_A: 0.1392 | D_B: 0.0641 | Cycle: 0.6880
Epoch 40/80 | Step 276050 | G: 2.1930 | D_A: 0.1313 | D_B: 0.1445 | Cycle: 0.7481
Epoch 40/80 | Step 276100 | G: 2.1561 | D_A: 0.0380 | D_B: 0.0530 | Cycle: 0.6640
Epoch 40/80 | Step 276150 | G: 2.3778 | D_A: 0.0650 | D_B: 0.1773 | Cycle: 0.6955
Epoch 40/80 | Step 276200 | G: 2.4300 | D_A: 0.1077 | D_B: 0.0549 | Cycle: 0.8020
Epoch 40/80 | Step 276250 | G: 2.1487 | D_A: 0.0816 | D_B: 0.0438 | Cycle: 0.8477
Epoch 40/80 | Step 276300 | G: 2.4002 | D_A: 0.1966 | D_B: 0.0448 | Cycle: 0.9263
Epoch 40/80 | Step 276350 | G: 1.9065 | D_A: 0.1458 | D_B: 0.0384 | Cycle: 0.8453
Epoch 40/80 | Step 276400 | G: 2.0505 | D_A: 0.1137 | D_B: 0.1091 | Cycle: 0.8085
Epoch 40/80 | Step 276450 | G: 2.9077 | D_A: 0.1400 | D_B: 0.0892 | Cycle: 0.8674
Epoch 40/80 | Step 276500 | G: 2.6488 | D_A: 0.1122 | D_B: 0.1002 | Cycle: 1.0701
Epoch 40/80 | Step 276550 | G: 2.3392 | D_A: 0.1024 | D_B: 0.0994 | Cycle: 0.9173
Epoch 40/80 | Step 276600 | G: 1.7847 | D_A: 0.0500 | D_B: 0.1253 | Cycle: 0.8009
Epoch 40/80 | Step 276650 | G: 2.1854 | D_A: 0.0499 | D_B: 0.1835 | Cycle: 0.5932
Epoch 40/80 | Step 276700 | G: 1.8860 | D_A: 0.2124 | D_B: 0.0421 | Cycle: 0.7557
Epoch 40/80 | Step 276750 | G: 2.3174 | D_A: 0.0866 | D_B: 0.0496 | Cycle: 0.8402
Epoch 40/80 | Step 276800 | G: 1.9217 | D_A: 0.1421 | D_B: 0.0501 | Cycle: 0.7930
Epoch 40/80 | Step 276850 | G: 2.3778 | D_A: 0.1577 | D_B: 0.0556 | Cycle: 0.7820
Epoch 40/80 | Step 276900 | G: 1.7141 | D_A: 0.0476 | D_B: 0.1519 | Cycle: 0.6581
Epoch 40/80 | Step 276950 | G: 1.8051 | D_A: 0.3131 | D_B: 0.1684 | Cycle: 0.9701
Epoch 40/80 | Step 277000 | G: 2.4553 | D_A: 0.0726 | D_B: 0.0711 | Cycle: 0.9122
Epoch 40/80 | Step 277050 | G: 1.8467 | D_A: 0.0853 | D_B: 0.1193 | Cycle: 0.6926
Epoch 40/80 | Step 277100 | G: 2.4852 | D_A: 0.1958 | D_B: 0.1290 | Cycle: 0.7215
Epoch 40/80 | Step 277150 | G: 2.3977 | D_A: 0.0495 | D_B: 0.0521 | Cycle: 0.7326
Epoch 40/80 | Step 277200 | G: 2.0641 | D_A: 0.0832 | D_B: 0.0934 | Cycle: 0.7652
Epoch 40/80 | Step 277250 | G: 2.3396 | D_A: 0.0989 | D_B: 0.1263 | Cycle: 0.7252
Epoch 40/80 | Step 277300 | G: 2.4850 | D_A: 0.0982 | D_B: 0.0450 | Cycle: 0.8287
Epoch 40/80 | Step 277350 | G: 2.2749 | D_A: 0.0332 | D_B: 0.0464 | Cycle: 0.6381
Epoch 40/80 | Step 277400 | G: 2.8297 | D_A: 0.0437 | D_B: 0.0496 | Cycle: 0.7960
Epoch 40/80 | Step 277450 | G: 2.2988 | D_A: 0.1432 | D_B: 0.1138 | Cycle: 0.8307
Epoch 40/80 | Step 277500 | G: 2.4739 | D_A: 0.0551 | D_B: 0.0807 | Cycle: 0.9143
Epoch 40/80 | Step 277550 | G: 1.8317 | D_A: 0.1589 | D_B: 0.1308 | Cycle: 0.7043
Epoch 40/80 | Step 277600 | G: 2.4276 | D_A: 0.0642 | D_B: 0.0841 | Cycle: 0.7897
Epoch 40/80 | Step 277650 | G: 1.9712 | D_A: 0.1861 | D_B: 0.1629 | Cycle: 0.6787
Epoch 40/80 | Step 277700 | G: 2.5123 | D_A: 0.0682 | D_B: 0.0585 | Cycle: 1.0224
Epoch 40/80 | Step 277750 | G: 2.2760 | D_A: 0.1088 | D_B: 0.0902 | Cycle: 0.8554
Epoch 40/80 | Step 277800 | G: 1.8843 | D_A: 0.0491 | D_B: 0.1503 | Cycle: 0.6466
Epoch 40/80 | Step 277850 | G: 2.6482 | D_A: 0.1623 | D_B: 0.0469 | Cycle: 0.9405
Epoch 40/80 | Step 277900 | G: 1.6970 | D_A: 0.1307 | D_B: 0.1188 | Cycle: 0.6985
Epoch 40/80 | Step 277950 | G: 1.9023 | D_A: 0.1273 | D_B: 0.1350 | Cycle: 0.7527
Epoch 40/80 | Step 278000 | G: 2.2318 | D_A: 0.1523 | D_B: 0.1205 | Cycle: 0.7442
Epoch 40/80 | Step 278050 | G: 2.9646 | D_A: 0.1145 | D_B: 0.1345 | Cycle: 0.7160
Epoch 40/80 | Step 278100 | G: 2.1602 | D_A: 0.1540 | D_B: 0.1559 | Cycle: 0.6464
Epoch 40/80 | Step 278150 | G: 2.3518 | D_A: 0.1676 | D_B: 0.0392 | Cycle: 0.9169
Epoch 40/80 | Step 278200 | G: 2.2032 | D_A: 0.1257 | D_B: 0.0414 | Cycle: 0.8191
Epoch 40/80 | Step 278250 | G: 2.0817 | D_A: 0.2066 | D_B: 0.1494 | Cycle: 0.8316
Epoch 40/80 | Step 278300 | G: 2.0235 | D_A: 0.1092 | D_B: 0.0702 | Cycle: 0.7757
Epoch 40/80 | Step 278350 | G: 2.1064 | D_A: 0.1000 | D_B: 0.0597 | Cycle: 0.6729
Epoch 40/80 | Step 278400 | G: 2.6150 | D_A: 0.0353 | D_B: 0.0571 | Cycle: 0.8937
Epoch 40/80 | Step 278450 | G: 2.2923 | D_A: 0.0803 | D_B: 0.1165 | Cycle: 0.9686
Epoch 40/80 | Step 278500 | G: 1.5261 | D_A: 0.1226 | D_B: 0.1342 | Cycle: 0.6729
Epoch 40/80 | Step 278550 | G: 1.8882 | D_A: 0.0864 | D_B: 0.2243 | Cycle: 0.5693
Epoch 40/80 | Step 278600 | G: 1.8194 | D_A: 0.0943 | D_B: 0.1714 | Cycle: 0.8809
Epoch 40/80 | Step 278650 | G: 1.3967 | D_A: 0.1140 | D_B: 0.1866 | Cycle: 0.6018
Epoch 40/80 | Step 278700 | G: 2.0812 | D_A: 0.1383 | D_B: 0.0576 | Cycle: 0.6527
Epoch 40/80 | Step 278750 | G: 2.9467 | D_A: 0.1086 | D_B: 0.0741 | Cycle: 1.0568
Epoch 40/80 | Step 278800 | G: 2.4327 | D_A: 0.0948 | D_B: 0.0605 | Cycle: 0.7964
Epoch 40/80 | Step 278850 | G: 1.7174 | D_A: 0.0621 | D_B: 0.1013 | Cycle: 0.7151
Epoch 40/80 | Step 278900 | G: 2.1281 | D_A: 0.1435 | D_B: 0.1174 | Cycle: 0.7573
Epoch 40/80 | Step 278950 | G: 2.1349 | D_A: 0.2167 | D_B: 0.1277 | Cycle: 0.7299
Epoch 40/80 | Step 279000 | G: 3.1065 | D_A: 0.1165 | D_B: 0.0631 | Cycle: 0.8739
Epoch 40/80 | Step 279050 | G: 2.4769 | D_A: 0.0897 | D_B: 0.0834 | Cycle: 0.9885
Epoch 40/80 | Step 279100 | G: 1.8644 | D_A: 0.0967 | D_B: 0.0809 | Cycle: 0.6460
Epoch 40/80 | Step 279150 | G: 1.9991 | D_A: 0.0722 | D_B: 0.1286 | Cycle: 0.7194
Epoch 40/80 | Step 279200 | G: 1.8418 | D_A: 0.0820 | D_B: 0.0564 | Cycle: 0.7674
Epoch 40/80 | Step 279250 | G: 2.5130 | D_A: 0.1142 | D_B: 0.0311 | Cycle: 0.7888
Epoch 40/80 | Step 279300 | G: 2.1512 | D_A: 0.1134 | D_B: 0.0429 | Cycle: 0.8229
Epoch 40/80 | Step 279350 | G: 2.3020 | D_A: 0.1192 | D_B: 0.0789 | Cycle: 0.8473
Epoch 40/80 | Step 279400 | G: 1.8598 | D_A: 0.0986 | D_B: 0.1867 | Cycle: 0.5539
Epoch 40/80 | Step 279450 | G: 1.7598 | D_A: 0.0748 | D_B: 0.0914 | Cycle: 0.7662
Epoch 40/80 | Step 279500 | G: 2.6196 | D_A: 0.0630 | D_B: 0.0547 | Cycle: 0.7525
Epoch 40/80 | Step 279550 | G: 2.3860 | D_A: 0.0772 | D_B: 0.0625 | Cycle: 0.8132
Epoch 40/80 | Step 279600 | G: 3.4657 | D_A: 0.0911 | D_B: 0.1145 | Cycle: 1.1740
Epoch 40/80 | Step 279650 | G: 1.7738 | D_A: 0.1823 | D_B: 0.0855 | Cycle: 0.7193
Epoch 40/80 | Step 279700 | G: 2.6738 | D_A: 0.1253 | D_B: 0.1264 | Cycle: 0.6555
Epoch 40/80 | Step 279750 | G: 2.2592 | D_A: 0.0687 | D_B: 0.0420 | Cycle: 0.6995
Epoch 40/80 | Step 279800 | G: 2.5988 | D_A: 0.1041 | D_B: 0.1495 | Cycle: 0.8525
Epoch 40/80 | Step 279850 | G: 2.1337 | D_A: 0.0592 | D_B: 0.1197 | Cycle: 0.7620
Epoch 40/80 | Step 279900 | G: 2.3476 | D_A: 0.0287 | D_B: 0.0373 | Cycle: 1.0050
Epoch 40/80 | Step 279950 | G: 2.1641 | D_A: 0.0650 | D_B: 0.0652 | Cycle: 0.8971
Epoch 40/80 | Step 280000 | G: 2.0347 | D_A: 0.1787 | D_B: 0.1620 | Cycle: 0.6188
Epoch 40/80 | Step 280050 | G: 2.1198 | D_A: 0.1034 | D_B: 0.0690 | Cycle: 0.8110
Epoch 40/80 | Step 280100 | G: 2.2679 | D_A: 0.1466 | D_B: 0.1081 | Cycle: 0.9285
Epoch 40/80 | Step 280150 | G: 2.3315 | D_A: 0.0939 | D_B: 0.1367 | Cycle: 0.6911
Epoch 40/80 | Step 280200 | G: 2.4442 | D_A: 0.0930 | D_B: 0.1077 | Cycle: 0.7825
Epoch 40/80 | Step 280250 | G: 2.4512 | D_A: 0.0956 | D_B: 0.0821 | Cycle: 0.8932
Epoch 40/80 | Step 280300 | G: 2.3084 | D_A: 0.3007 | D_B: 0.0395 | Cycle: 0.7708
Epoch 40/80 | Step 280350 | G: 2.3332 | D_A: 0.3440 | D_B: 0.0689 | Cycle: 0.8083
Epoch 40/80 | Step 280400 | G: 2.1690 | D_A: 0.1151 | D_B: 0.1058 | Cycle: 1.0669
Epoch 40/80 | Step 280450 | G: 1.9761 | D_A: 0.0999 | D_B: 0.1421 | Cycle: 0.8315
Epoch 40/80 | Step 280500 | G: 1.9593 | D_A: 0.0933 | D_B: 0.0743 | Cycle: 0.7656
Epoch 40/80 | Step 280550 | G: 3.2047 | D_A: 0.0514 | D_B: 0.0719 | Cycle: 0.9713
Epoch 40/80 | Step 280600 | G: 1.9467 | D_A: 0.1195 | D_B: 0.1254 | Cycle: 0.7392
Epoch 40/80 | Step 280650 | G: 1.8804 | D_A: 0.1367 | D_B: 0.1293 | Cycle: 0.8055
Epoch 40/80 | Step 280700 | G: 3.0199 | D_A: 0.0565 | D_B: 0.1808 | Cycle: 0.8374
Epoch 40/80 | Step 280750 | G: 2.5877 | D_A: 0.1728 | D_B: 0.0442 | Cycle: 0.8764
Epoch 40/80 | Step 280800 | G: 2.5537 | D_A: 0.0670 | D_B: 0.0623 | Cycle: 0.9868
Epoch 40/80 | Step 280850 | G: 1.8452 | D_A: 0.1465 | D_B: 0.1058 | Cycle: 0.7655
Epoch 40/80 | Step 280900 | G: 2.3247 | D_A: 0.2370 | D_B: 0.0401 | Cycle: 0.7007
Epoch 40/80 | Step 280950 | G: 2.7163 | D_A: 0.1176 | D_B: 0.0448 | Cycle: 0.9485
Epoch 40/80 | Step 281000 | G: 2.0905 | D_A: 0.0452 | D_B: 0.0542 | Cycle: 0.7883
Epoch 40/80 | Step 281050 | G: 2.0719 | D_A: 0.1051 | D_B: 0.1177 | Cycle: 0.7333
Epoch 40/80 | Step 281100 | G: 2.0556 | D_A: 0.1140 | D_B: 0.0636 | Cycle: 0.6621
Epoch 40/80 | Step 281150 | G: 2.9059 | D_A: 0.1296 | D_B: 0.0809 | Cycle: 0.6229
Epoch 40/80 | Step 281200 | G: 2.1181 | D_A: 0.0735 | D_B: 0.0656 | Cycle: 0.7457
Epoch 40/80 | Step 281250 | G: 3.0004 | D_A: 0.0868 | D_B: 0.0468 | Cycle: 1.1355
Epoch 40/80 | Step 281300 | G: 1.9841 | D_A: 0.1273 | D_B: 0.0800 | Cycle: 0.7360
Epoch 40/80 | Step 281350 | G: 2.4626 | D_A: 0.1154 | D_B: 0.0501 | Cycle: 0.7815
Epoch 40/80 | Step 281400 | G: 2.2470 | D_A: 0.0629 | D_B: 0.0989 | Cycle: 0.7807
Epoch 40/80 | Step 281450 | G: 2.5481 | D_A: 0.0381 | D_B: 0.0456 | Cycle: 0.8960
Epoch 40/80 | Step 281500 | G: 2.3152 | D_A: 0.2327 | D_B: 0.1363 | Cycle: 1.0366
Epoch 40/80 complete | Time: 431s | Avg G: 2.3349 | Avg D: 0.1058
Saved checkpoint: /content/drive/MyDrive/DATA266_Lab1/task3_gan/shreya_akotiya/checkpoints/t3_shreya_unet_128_20261002_023102_epoch040.pt
Epoch 41/80 | Step 281550 | G: 2.5015 | D_A: 0.1895 | D_B: 0.0710 | Cycle: 0.7005
Epoch 41/80 | Step 281600 | G: 2.2368 | D_A: 0.1726 | D_B: 0.1158 | Cycle: 0.8461
Epoch 41/80 | Step 281650 | G: 2.3244 | D_A: 0.1005 | D_B: 0.1031 | Cycle: 0.8276
Epoch 41/80 | Step 281700 | G: 2.2565 | D_A: 0.1170 | D_B: 0.0875 | Cycle: 0.6692
Epoch 41/80 | Step 281750 | G: 2.1779 | D_A: 0.1933 | D_B: 0.0364 | Cycle: 0.6324
Epoch 41/80 | Step 281800 | G: 2.3909 | D_A: 0.1819 | D_B: 0.0414 | Cycle: 0.8907
Epoch 41/80 | Step 281850 | G: 2.1051 | D_A: 0.0635 | D_B: 0.0475 | Cycle: 0.6963
Epoch 41/80 | Step 281900 | G: 1.9471 | D_A: 0.0342 | D_B: 0.1269 | Cycle: 0.8638
Epoch 41/80 | Step 281950 | G: 2.5247 | D_A: 0.1903 | D_B: 0.0937 | Cycle: 0.7929
Epoch 41/80 | Step 282000 | G: 1.7598 | D_A: 0.1089 | D_B: 0.0397 | Cycle: 0.6372
Epoch 41/80 | Step 282050 | G: 2.2335 | D_A: 0.0619 | D_B: 0.0965 | Cycle: 0.7297
Epoch 41/80 | Step 282100 | G: 2.1743 | D_A: 0.2211 | D_B: 0.0472 | Cycle: 0.6915
Epoch 41/80 | Step 282150 | G: 1.8613 | D_A: 0.0862 | D_B: 0.1359 | Cycle: 0.8581
Epoch 41/80 | Step 282200 | G: 2.4053 | D_A: 0.0414 | D_B: 0.1137 | Cycle: 0.8306
Epoch 41/80 | Step 282250 | G: 2.3015 | D_A: 0.1874 | D_B: 0.0861 | Cycle: 0.7887
Epoch 41/80 | Step 282300 | G: 2.1485 | D_A: 0.0826 | D_B: 0.0953 | Cycle: 0.7695
Epoch 41/80 | Step 282350 | G: 2.3249 | D_A: 0.0957 | D_B: 0.1484 | Cycle: 1.0679
Epoch 41/80 | Step 282400 | G: 2.4855 | D_A: 0.0424 | D_B: 0.1863 | Cycle: 0.7178
Epoch 41/80 | Step 282450 | G: 2.2795 | D_A: 0.0741 | D_B: 0.0713 | Cycle: 0.7535
Epoch 41/80 | Step 282500 | G: 1.8026 | D_A: 0.1096 | D_B: 0.0825 | Cycle: 0.7300
Epoch 41/80 | Step 282550 | G: 2.0851 | D_A: 0.1162 | D_B: 0.1316 | Cycle: 0.8894
Epoch 41/80 | Step 282600 | G: 1.6610 | D_A: 0.1153 | D_B: 0.0361 | Cycle: 0.6306
Epoch 41/80 | Step 282650 | G: 3.2248 | D_A: 0.0451 | D_B: 0.0903 | Cycle: 0.9706
Epoch 41/80 | Step 282700 | G: 2.8501 | D_A: 0.0545 | D_B: 0.0932 | Cycle: 0.7840
Epoch 41/80 | Step 282750 | G: 1.8750 | D_A: 0.2806 | D_B: 0.1662 | Cycle: 0.7500
Epoch 41/80 | Step 282800 | G: 2.0363 | D_A: 0.1366 | D_B: 0.0414 | Cycle: 0.7023
Epoch 41/80 | Step 282850 | G: 2.5996 | D_A: 0.0557 | D_B: 0.0477 | Cycle: 1.1466
Epoch 41/80 | Step 282900 | G: 2.5240 | D_A: 0.1034 | D_B: 0.0611 | Cycle: 0.9931
Epoch 41/80 | Step 282950 | G: 2.1068 | D_A: 0.0752 | D_B: 0.0824 | Cycle: 0.7662
Epoch 41/80 | Step 283000 | G: 2.1467 | D_A: 0.1174 | D_B: 0.1136 | Cycle: 0.9058
Epoch 41/80 | Step 283050 | G: 2.7296 | D_A: 0.1004 | D_B: 0.1196 | Cycle: 0.7628
Epoch 41/80 | Step 283100 | G: 2.3626 | D_A: 0.0874 | D_B: 0.0396 | Cycle: 0.8285
Epoch 41/80 | Step 283150 | G: 2.2055 | D_A: 0.0983 | D_B: 0.1728 | Cycle: 0.9548
Epoch 41/80 | Step 283200 | G: 2.2902 | D_A: 0.1035 | D_B: 0.0321 | Cycle: 0.7046
Epoch 41/80 | Step 283250 | G: 2.1227 | D_A: 0.1067 | D_B: 0.0832 | Cycle: 0.7629
Epoch 41/80 | Step 283300 | G: 2.7153 | D_A: 0.0744 | D_B: 0.0985 | Cycle: 1.0085
Epoch 41/80 | Step 283350 | G: 1.9970 | D_A: 0.0990 | D_B: 0.0686 | Cycle: 0.7044
Epoch 41/80 | Step 283400 | G: 1.9820 | D_A: 0.1478 | D_B: 0.0693 | Cycle: 0.5992
Epoch 41/80 | Step 283450 | G: 2.8060 | D_A: 0.1222 | D_B: 0.0795 | Cycle: 0.9876
Epoch 41/80 | Step 283500 | G: 3.1144 | D_A: 0.1198 | D_B: 0.0800 | Cycle: 0.7860
Epoch 41/80 | Step 283550 | G: 1.5827 | D_A: 0.0945 | D_B: 0.0765 | Cycle: 0.6778
Epoch 41/80 | Step 283600 | G: 2.2094 | D_A: 0.0368 | D_B: 0.0878 | Cycle: 0.8059
Epoch 41/80 | Step 283650 | G: 1.7196 | D_A: 0.2042 | D_B: 0.2045 | Cycle: 0.9400
Epoch 41/80 | Step 283700 | G: 2.5490 | D_A: 0.0602 | D_B: 0.1005 | Cycle: 0.7359
Epoch 41/80 | Step 283750 | G: 1.8578 | D_A: 0.0621 | D_B: 0.1454 | Cycle: 0.5678
Epoch 41/80 | Step 283800 | G: 2.9115 | D_A: 0.0865 | D_B: 0.0892 | Cycle: 0.6747
Epoch 41/80 | Step 283850 | G: 1.9045 | D_A: 0.0880 | D_B: 0.1384 | Cycle: 0.6253
Epoch 41/80 | Step 283900 | G: 2.1538 | D_A: 0.1265 | D_B: 0.0835 | Cycle: 0.8181
Epoch 41/80 | Step 283950 | G: 2.2493 | D_A: 0.1233 | D_B: 0.1001 | Cycle: 0.7021
Epoch 41/80 | Step 284000 | G: 1.8909 | D_A: 0.2685 | D_B: 0.1069 | Cycle: 0.8094
Epoch 41/80 | Step 284050 | G: 2.5077 | D_A: 0.0813 | D_B: 0.1465 | Cycle: 0.7862
Epoch 41/80 | Step 284100 | G: 3.0456 | D_A: 0.0504 | D_B: 0.0648 | Cycle: 1.2104
Epoch 41/80 | Step 284150 | G: 2.1975 | D_A: 0.0542 | D_B: 0.0470 | Cycle: 0.7611
Epoch 41/80 | Step 284200 | G: 2.1043 | D_A: 0.2039 | D_B: 0.0519 | Cycle: 0.8424
Epoch 41/80 | Step 284250 | G: 2.2595 | D_A: 0.0682 | D_B: 0.0787 | Cycle: 0.6219
Epoch 41/80 | Step 284300 | G: 2.6279 | D_A: 0.1217 | D_B: 0.0985 | Cycle: 0.6543
Epoch 41/80 | Step 284350 | G: 2.1327 | D_A: 0.2041 | D_B: 0.0367 | Cycle: 0.8609
Epoch 41/80 | Step 284400 | G: 1.6742 | D_A: 0.2317 | D_B: 0.1165 | Cycle: 0.7337
Epoch 41/80 | Step 284450 | G: 2.6641 | D_A: 0.0608 | D_B: 0.0797 | Cycle: 0.8596
Epoch 41/80 | Step 284500 | G: 2.1007 | D_A: 0.0528 | D_B: 0.0606 | Cycle: 0.6806
Epoch 41/80 | Step 284550 | G: 2.1303 | D_A: 0.1858 | D_B: 0.1639 | Cycle: 0.7255
Epoch 41/80 | Step 284600 | G: 3.2233 | D_A: 0.0951 | D_B: 0.0798 | Cycle: 0.9483
Epoch 41/80 | Step 284650 | G: 1.8772 | D_A: 0.0612 | D_B: 0.1366 | Cycle: 0.6916
Epoch 41/80 | Step 284700 | G: 2.8027 | D_A: 0.0407 | D_B: 0.0596 | Cycle: 1.0499
Epoch 41/80 | Step 284750 | G: 2.8726 | D_A: 0.1622 | D_B: 0.0971 | Cycle: 0.7756
Epoch 41/80 | Step 284800 | G: 2.7842 | D_A: 0.1401 | D_B: 0.0328 | Cycle: 1.1467
Epoch 41/80 | Step 284850 | G: 2.6368 | D_A: 0.0380 | D_B: 0.0595 | Cycle: 0.9914
Epoch 41/80 | Step 284900 | G: 2.3047 | D_A: 0.1540 | D_B: 0.0969 | Cycle: 0.7033
Epoch 41/80 | Step 284950 | G: 2.2507 | D_A: 0.1404 | D_B: 0.0418 | Cycle: 0.7403
Epoch 41/80 | Step 285000 | G: 2.3250 | D_A: 0.0544 | D_B: 0.0525 | Cycle: 0.7307
Epoch 41/80 | Step 285050 | G: 1.6507 | D_A: 0.1353 | D_B: 0.1674 | Cycle: 0.6720
Epoch 41/80 | Step 285100 | G: 3.1959 | D_A: 0.0675 | D_B: 0.0519 | Cycle: 0.7637
Epoch 41/80 | Step 285150 | G: 2.0369 | D_A: 0.0691 | D_B: 0.0294 | Cycle: 0.7162
Epoch 41/80 | Step 285200 | G: 1.7403 | D_A: 0.1261 | D_B: 0.1647 | Cycle: 0.6784
Epoch 41/80 | Step 285250 | G: 2.6533 | D_A: 0.2021 | D_B: 0.0670 | Cycle: 0.9002
Epoch 41/80 | Step 285300 | G: 2.0242 | D_A: 0.1284 | D_B: 0.1256 | Cycle: 0.6610
Epoch 41/80 | Step 285350 | G: 2.1087 | D_A: 0.0769 | D_B: 0.1129 | Cycle: 0.8259
Epoch 41/80 | Step 285400 | G: 2.4645 | D_A: 0.1187 | D_B: 0.1477 | Cycle: 0.8771
Epoch 41/80 | Step 285450 | G: 2.1321 | D_A: 0.1973 | D_B: 0.0913 | Cycle: 0.8965
Epoch 41/80 | Step 285500 | G: 2.7905 | D_A: 0.1611 | D_B: 0.0336 | Cycle: 0.9341
Epoch 41/80 | Step 285550 | G: 2.8373 | D_A: 0.1867 | D_B: 0.0296 | Cycle: 0.7521
Epoch 41/80 | Step 285600 | G: 1.8159 | D_A: 0.1977 | D_B: 0.0972 | Cycle: 0.8854
Epoch 41/80 | Step 285650 | G: 2.0598 | D_A: 0.0608 | D_B: 0.0569 | Cycle: 0.7905
Epoch 41/80 | Step 285700 | G: 1.8570 | D_A: 0.0461 | D_B: 0.0547 | Cycle: 0.7879
Epoch 41/80 | Step 285750 | G: 2.4281 | D_A: 0.1198 | D_B: 0.1204 | Cycle: 1.1383
Epoch 41/80 | Step 285800 | G: 2.3993 | D_A: 0.1248 | D_B: 0.0499 | Cycle: 0.9170
Epoch 41/80 | Step 285850 | G: 2.4269 | D_A: 0.1000 | D_B: 0.1433 | Cycle: 0.8851
Epoch 41/80 | Step 285900 | G: 2.2842 | D_A: 0.1342 | D_B: 0.0733 | Cycle: 0.8826
Epoch 41/80 | Step 285950 | G: 1.4743 | D_A: 0.0835 | D_B: 0.1603 | Cycle: 0.7661
Epoch 41/80 | Step 286000 | G: 1.8729 | D_A: 0.2079 | D_B: 0.0526 | Cycle: 0.7166
Epoch 41/80 | Step 286050 | G: 2.0350 | D_A: 0.0701 | D_B: 0.2294 | Cycle: 0.6742
Epoch 41/80 | Step 286100 | G: 2.1776 | D_A: 0.0861 | D_B: 0.0329 | Cycle: 0.6367
Epoch 41/80 | Step 286150 | G: 2.3061 | D_A: 0.0439 | D_B: 0.2038 | Cycle: 0.8700
Epoch 41/80 | Step 286200 | G: 2.5812 | D_A: 0.1028 | D_B: 0.1137 | Cycle: 0.8669
Epoch 41/80 | Step 286250 | G: 2.9017 | D_A: 0.1275 | D_B: 0.0595 | Cycle: 0.9517
Epoch 41/80 | Step 286300 | G: 3.0380 | D_A: 0.1220 | D_B: 0.0280 | Cycle: 0.7689
Epoch 41/80 | Step 286350 | G: 2.1072 | D_A: 0.1175 | D_B: 0.0456 | Cycle: 0.8249
Epoch 41/80 | Step 286400 | G: 2.3859 | D_A: 0.0762 | D_B: 0.0553 | Cycle: 0.7992
Epoch 41/80 | Step 286450 | G: 2.6654 | D_A: 0.0754 | D_B: 0.0517 | Cycle: 0.8568
Epoch 41/80 | Step 286500 | G: 3.1105 | D_A: 0.0397 | D_B: 0.1534 | Cycle: 0.8267
Epoch 41/80 | Step 286550 | G: 2.0527 | D_A: 0.1189 | D_B: 0.0891 | Cycle: 0.9047
Epoch 41/80 | Step 286600 | G: 2.6474 | D_A: 0.1541 | D_B: 0.0751 | Cycle: 0.7734
Epoch 41/80 | Step 286650 | G: 1.8914 | D_A: 0.0710 | D_B: 0.1380 | Cycle: 0.9164
Epoch 41/80 | Step 286700 | G: 2.4635 | D_A: 0.1060 | D_B: 0.0662 | Cycle: 0.6953
Epoch 41/80 | Step 286750 | G: 2.3348 | D_A: 0.1237 | D_B: 0.1012 | Cycle: 0.7205
Epoch 41/80 | Step 286800 | G: 2.5917 | D_A: 0.1353 | D_B: 0.0363 | Cycle: 0.7057
Epoch 41/80 | Step 286850 | G: 3.1762 | D_A: 0.0605 | D_B: 0.2673 | Cycle: 1.0516
Epoch 41/80 | Step 286900 | G: 2.4751 | D_A: 0.0660 | D_B: 0.1066 | Cycle: 1.0026
Epoch 41/80 | Step 286950 | G: 1.8723 | D_A: 0.2667 | D_B: 0.1103 | Cycle: 0.6321
Epoch 41/80 | Step 287000 | G: 1.9324 | D_A: 0.1255 | D_B: 0.0679 | Cycle: 0.7281
Epoch 41/80 | Step 287050 | G: 2.4215 | D_A: 0.0919 | D_B: 0.0428 | Cycle: 0.8433
Epoch 41/80 | Step 287100 | G: 2.0961 | D_A: 0.0647 | D_B: 0.2254 | Cycle: 0.8024
Epoch 41/80 | Step 287150 | G: 2.4458 | D_A: 0.0491 | D_B: 0.0891 | Cycle: 0.7674
Epoch 41/80 | Step 287200 | G: 2.3941 | D_A: 0.1723 | D_B: 0.0774 | Cycle: 0.9717
Epoch 41/80 | Step 287250 | G: 3.2280 | D_A: 0.0936 | D_B: 0.0785 | Cycle: 1.1383
Epoch 41/80 | Step 287300 | G: 2.4005 | D_A: 0.2253 | D_B: 0.0645 | Cycle: 0.8459
Epoch 41/80 | Step 287350 | G: 1.8184 | D_A: 0.0549 | D_B: 0.1577 | Cycle: 0.6236
Epoch 41/80 | Step 287400 | G: 2.6449 | D_A: 0.0633 | D_B: 0.0959 | Cycle: 0.9238
Epoch 41/80 | Step 287450 | G: 2.3002 | D_A: 0.1144 | D_B: 0.0543 | Cycle: 0.7910
Epoch 41/80 | Step 287500 | G: 2.2588 | D_A: 0.1350 | D_B: 0.1326 | Cycle: 0.7042
Epoch 41/80 | Step 287550 | G: 1.9290 | D_A: 0.0957 | D_B: 0.1202 | Cycle: 0.7836
Epoch 41/80 | Step 287600 | G: 2.6303 | D_A: 0.0943 | D_B: 0.0756 | Cycle: 0.8309
Epoch 41/80 | Step 287650 | G: 1.7943 | D_A: 0.0995 | D_B: 0.0627 | Cycle: 0.6522
Epoch 41/80 | Step 287700 | G: 3.2784 | D_A: 0.1392 | D_B: 0.0496 | Cycle: 1.1115
Epoch 41/80 | Step 287750 | G: 2.5578 | D_A: 0.1109 | D_B: 0.0700 | Cycle: 0.8859
Epoch 41/80 | Step 287800 | G: 1.9889 | D_A: 0.0681 | D_B: 0.1060 | Cycle: 0.8336
Epoch 41/80 | Step 287850 | G: 2.4800 | D_A: 0.0878 | D_B: 0.0528 | Cycle: 0.6395
Epoch 41/80 | Step 287900 | G: 2.9285 | D_A: 0.1013 | D_B: 0.0449 | Cycle: 1.2280
Epoch 41/80 | Step 287950 | G: 2.0558 | D_A: 0.1583 | D_B: 0.0876 | Cycle: 0.7588
Epoch 41/80 | Step 288000 | G: 2.6758 | D_A: 0.0977 | D_B: 0.1023 | Cycle: 0.6928
Epoch 41/80 | Step 288050 | G: 2.6853 | D_A: 0.0960 | D_B: 0.0605 | Cycle: 1.0459
Epoch 41/80 | Step 288100 | G: 2.2024 | D_A: 0.0657 | D_B: 0.1241 | Cycle: 0.6862
Epoch 41/80 | Step 288150 | G: 2.6600 | D_A: 0.1213 | D_B: 0.1178 | Cycle: 0.7172
Epoch 41/80 | Step 288200 | G: 2.3427 | D_A: 0.1914 | D_B: 0.1032 | Cycle: 0.8785
Epoch 41/80 | Step 288250 | G: 3.4474 | D_A: 0.1794 | D_B: 0.0823 | Cycle: 0.9572
Epoch 41/80 | Step 288300 | G: 3.0501 | D_A: 0.0535 | D_B: 0.1166 | Cycle: 1.0886
Epoch 41/80 | Step 288350 | G: 2.1380 | D_A: 0.0354 | D_B: 0.0803 | Cycle: 0.7941
Epoch 41/80 | Step 288400 | G: 2.0270 | D_A: 0.0861 | D_B: 0.0385 | Cycle: 0.7259
Epoch 41/80 | Step 288450 | G: 2.4870 | D_A: 0.0930 | D_B: 0.0372 | Cycle: 0.8118
Epoch 41/80 | Step 288500 | G: 2.0353 | D_A: 0.0481 | D_B: 0.1428 | Cycle: 0.8261
Epoch 41/80 | Step 288550 | G: 1.6538 | D_A: 0.0617 | D_B: 0.1211 | Cycle: 0.5451
Epoch 41/80 complete | Time: 425s | Avg G: 2.3363 | Avg D: 0.1064
Epoch 42/80 | Step 288600 | G: 2.5165 | D_A: 0.1078 | D_B: 0.0344 | Cycle: 0.8211
Epoch 42/80 | Step 288650 | G: 1.7077 | D_A: 0.2689 | D_B: 0.0576 | Cycle: 0.7651
Epoch 42/80 | Step 288700 | G: 2.3672 | D_A: 0.0701 | D_B: 0.0853 | Cycle: 0.8170
Epoch 42/80 | Step 288750 | G: 2.1205 | D_A: 0.0407 | D_B: 0.0852 | Cycle: 0.7262
Epoch 42/80 | Step 288800 | G: 2.6264 | D_A: 0.1710 | D_B: 0.0559 | Cycle: 0.8564
Epoch 42/80 | Step 288850 | G: 2.3964 | D_A: 0.0336 | D_B: 0.0445 | Cycle: 0.9402
Epoch 42/80 | Step 288900 | G: 2.3596 | D_A: 0.0371 | D_B: 0.1249 | Cycle: 0.6929
Epoch 42/80 | Step 288950 | G: 2.6412 | D_A: 0.1337 | D_B: 0.2104 | Cycle: 0.9032
Epoch 42/80 | Step 289000 | G: 1.8883 | D_A: 0.1651 | D_B: 0.0807 | Cycle: 0.5717
Epoch 42/80 | Step 289050 | G: 2.1618 | D_A: 0.1388 | D_B: 0.0889 | Cycle: 0.9218
Epoch 42/80 | Step 289100 | G: 1.8019 | D_A: 0.0808 | D_B: 0.0331 | Cycle: 0.6979
Epoch 42/80 | Step 289150 | G: 2.1750 | D_A: 0.0597 | D_B: 0.0676 | Cycle: 0.8756
Epoch 42/80 | Step 289200 | G: 1.6211 | D_A: 0.0907 | D_B: 0.1273 | Cycle: 0.7871
Epoch 42/80 | Step 289250 | G: 2.9170 | D_A: 0.2348 | D_B: 0.0591 | Cycle: 0.9348
Epoch 42/80 | Step 289300 | G: 2.9896 | D_A: 0.2487 | D_B: 0.1808 | Cycle: 0.9251
Epoch 42/80 | Step 289350 | G: 2.0740 | D_A: 0.2236 | D_B: 0.0690 | Cycle: 0.7329
Epoch 42/80 | Step 289400 | G: 1.7384 | D_A: 0.0960 | D_B: 0.1249 | Cycle: 0.6071
Epoch 42/80 | Step 289450 | G: 2.0204 | D_A: 0.1016 | D_B: 0.1538 | Cycle: 0.7117
Epoch 42/80 | Step 289500 | G: 2.1805 | D_A: 0.0919 | D_B: 0.1273 | Cycle: 0.8426
Epoch 42/80 | Step 289550 | G: 2.7708 | D_A: 0.1547 | D_B: 0.1434 | Cycle: 0.6507
Epoch 42/80 | Step 289600 | G: 2.6893 | D_A: 0.0894 | D_B: 0.0530 | Cycle: 0.8714
Epoch 42/80 | Step 289650 | G: 1.9555 | D_A: 0.0343 | D_B: 0.1842 | Cycle: 0.6282
Epoch 42/80 | Step 289700 | G: 2.2027 | D_A: 0.1570 | D_B: 0.0916 | Cycle: 0.8491
Epoch 42/80 | Step 289750 | G: 1.7352 | D_A: 0.1458 | D_B: 0.0971 | Cycle: 0.6794
Epoch 42/80 | Step 289800 | G: 2.5839 | D_A: 0.1077 | D_B: 0.2116 | Cycle: 0.7725
Epoch 42/80 | Step 289850 | G: 3.0843 | D_A: 0.0799 | D_B: 0.0498 | Cycle: 1.0983
Epoch 42/80 | Step 289900 | G: 3.1371 | D_A: 0.1186 | D_B: 0.0403 | Cycle: 0.7948
Epoch 42/80 | Step 289950 | G: 2.5067 | D_A: 0.0399 | D_B: 0.0415 | Cycle: 0.7843
Epoch 42/80 | Step 290000 | G: 2.0982 | D_A: 0.0624 | D_B: 0.0544 | Cycle: 0.7042
Epoch 42/80 | Step 290050 | G: 2.5349 | D_A: 0.1864 | D_B: 0.0857 | Cycle: 0.7734
Epoch 42/80 | Step 290100 | G: 2.4609 | D_A: 0.1450 | D_B: 0.0479 | Cycle: 0.9256
Epoch 42/80 | Step 290150 | G: 2.1781 | D_A: 0.0738 | D_B: 0.0901 | Cycle: 0.6942
Epoch 42/80 | Step 290200 | G: 2.4908 | D_A: 0.0436 | D_B: 0.0829 | Cycle: 0.7443
Epoch 42/80 | Step 290250 | G: 2.6960 | D_A: 0.0405 | D_B: 0.0409 | Cycle: 0.7936
Epoch 42/80 | Step 290300 | G: 1.9682 | D_A: 0.1125 | D_B: 0.0883 | Cycle: 0.6478
Epoch 42/80 | Step 290350 | G: 2.2107 | D_A: 0.4116 | D_B: 0.0600 | Cycle: 0.7163
Epoch 42/80 | Step 290400 | G: 2.3104 | D_A: 0.2153 | D_B: 0.1058 | Cycle: 0.9000
Epoch 42/80 | Step 290450 | G: 2.3741 | D_A: 0.0753 | D_B: 0.1244 | Cycle: 0.9092
Epoch 42/80 | Step 290500 | G: 1.7300 | D_A: 0.2240 | D_B: 0.1472 | Cycle: 0.6730
Epoch 42/80 | Step 290550 | G: 2.3448 | D_A: 0.0836 | D_B: 0.1281 | Cycle: 0.7048
Epoch 42/80 | Step 290600 | G: 2.4345 | D_A: 0.1115 | D_B: 0.0479 | Cycle: 0.7912
Epoch 42/80 | Step 290650 | G: 2.4075 | D_A: 0.1296 | D_B: 0.0482 | Cycle: 0.8631
Epoch 42/80 | Step 290700 | G: 1.7981 | D_A: 0.1222 | D_B: 0.1074 | Cycle: 0.7613
Epoch 42/80 | Step 290750 | G: 2.0657 | D_A: 0.1949 | D_B: 0.0630 | Cycle: 0.7895
Epoch 42/80 | Step 290800 | G: 2.0382 | D_A: 0.0931 | D_B: 0.0936 | Cycle: 0.7285
Epoch 42/80 | Step 290850 | G: 2.3540 | D_A: 0.0688 | D_B: 0.0426 | Cycle: 0.8160
Epoch 42/80 | Step 290900 | G: 1.8832 | D_A: 0.3193 | D_B: 0.1327 | Cycle: 0.7244
Epoch 42/80 | Step 290950 | G: 1.9330 | D_A: 0.1621 | D_B: 0.0859 | Cycle: 0.7057
Epoch 42/80 | Step 291000 | G: 2.1581 | D_A: 0.0621 | D_B: 0.1091 | Cycle: 0.7625
Epoch 42/80 | Step 291050 | G: 2.6103 | D_A: 0.0531 | D_B: 0.0639 | Cycle: 0.7912
Epoch 42/80 | Step 291100 | G: 2.7911 | D_A: 0.1704 | D_B: 0.1306 | Cycle: 0.6930
Epoch 42/80 | Step 291150 | G: 1.9032 | D_A: 0.2199 | D_B: 0.1339 | Cycle: 0.6851
Epoch 42/80 | Step 291200 | G: 2.4835 | D_A: 0.1316 | D_B: 0.0577 | Cycle: 0.7453
Epoch 42/80 | Step 291250 | G: 2.2293 | D_A: 0.0968 | D_B: 0.0833 | Cycle: 0.8057
Epoch 42/80 | Step 291300 | G: 2.5342 | D_A: 0.0942 | D_B: 0.0269 | Cycle: 0.9087
Epoch 42/80 | Step 291350 | G: 2.0328 | D_A: 0.1524 | D_B: 0.0809 | Cycle: 0.6960
Epoch 42/80 | Step 291400 | G: 2.6535 | D_A: 0.1161 | D_B: 0.0862 | Cycle: 0.9220
Epoch 42/80 | Step 291450 | G: 2.2398 | D_A: 0.1064 | D_B: 0.1240 | Cycle: 0.6674
Epoch 42/80 | Step 291500 | G: 2.8339 | D_A: 0.0837 | D_B: 0.0702 | Cycle: 0.8064
Epoch 42/80 | Step 291550 | G: 2.6344 | D_A: 0.0385 | D_B: 0.0897 | Cycle: 0.8719
Epoch 42/80 | Step 291600 | G: 2.3824 | D_A: 0.0909 | D_B: 0.0967 | Cycle: 0.7936
Epoch 42/80 | Step 291650 | G: 3.0562 | D_A: 0.1559 | D_B: 0.0653 | Cycle: 1.0055
Epoch 42/80 | Step 291700 | G: 1.7666 | D_A: 0.2333 | D_B: 0.1363 | Cycle: 0.7314
Epoch 42/80 | Step 291750 | G: 1.9049 | D_A: 0.0954 | D_B: 0.1963 | Cycle: 0.7566
Epoch 42/80 | Step 291800 | G: 3.1982 | D_A: 0.1603 | D_B: 0.0271 | Cycle: 1.1612
Epoch 42/80 | Step 291850 | G: 2.4578 | D_A: 0.0551 | D_B: 0.0435 | Cycle: 0.8241
Epoch 42/80 | Step 291900 | G: 2.0030 | D_A: 0.0915 | D_B: 0.1319 | Cycle: 0.6612
Epoch 42/80 | Step 291950 | G: 2.6155 | D_A: 0.1783 | D_B: 0.0482 | Cycle: 0.9659
Epoch 42/80 | Step 292000 | G: 2.3955 | D_A: 0.0884 | D_B: 0.0372 | Cycle: 0.7162
Epoch 42/80 | Step 292050 | G: 2.3354 | D_A: 0.1554 | D_B: 0.1640 | Cycle: 0.8968
Epoch 42/80 | Step 292100 | G: 1.6343 | D_A: 0.0351 | D_B: 0.1445 | Cycle: 0.5921
Epoch 42/80 | Step 292150 | G: 2.2321 | D_A: 0.1426 | D_B: 0.0840 | Cycle: 1.0263
Epoch 42/80 | Step 292200 | G: 3.0084 | D_A: 0.0463 | D_B: 0.0726 | Cycle: 0.8676
Epoch 42/80 | Step 292250 | G: 2.2370 | D_A: 0.0982 | D_B: 0.1636 | Cycle: 0.6751
Epoch 42/80 | Step 292300 | G: 2.4938 | D_A: 0.0783 | D_B: 0.1451 | Cycle: 0.6242
Epoch 42/80 | Step 292350 | G: 2.3203 | D_A: 0.2006 | D_B: 0.0318 | Cycle: 0.9137
Epoch 42/80 | Step 292400 | G: 2.6195 | D_A: 0.1624 | D_B: 0.1125 | Cycle: 0.8629
Epoch 42/80 | Step 292450 | G: 2.2603 | D_A: 0.0647 | D_B: 0.0969 | Cycle: 0.8878
Epoch 42/80 | Step 292500 | G: 3.1450 | D_A: 0.0746 | D_B: 0.0487 | Cycle: 0.7261
Epoch 42/80 | Step 292550 | G: 2.5230 | D_A: 0.1814 | D_B: 0.0911 | Cycle: 0.9347
Epoch 42/80 | Step 292600 | G: 1.7893 | D_A: 0.1046 | D_B: 0.2142 | Cycle: 0.6384
Epoch 42/80 | Step 292650 | G: 1.9017 | D_A: 0.0407 | D_B: 0.1285 | Cycle: 0.6884
Epoch 42/80 | Step 292700 | G: 2.7767 | D_A: 0.0725 | D_B: 0.0349 | Cycle: 0.9205
Epoch 42/80 | Step 292750 | G: 1.8908 | D_A: 0.0799 | D_B: 0.0376 | Cycle: 0.8237
Epoch 42/80 | Step 292800 | G: 1.8631 | D_A: 0.0991 | D_B: 0.1607 | Cycle: 0.8059
Epoch 42/80 | Step 292850 | G: 1.7967 | D_A: 0.1514 | D_B: 0.0432 | Cycle: 0.7549
Epoch 42/80 | Step 292900 | G: 2.2741 | D_A: 0.0550 | D_B: 0.0897 | Cycle: 0.7547
Epoch 42/80 | Step 292950 | G: 2.7513 | D_A: 0.0843 | D_B: 0.0429 | Cycle: 0.7936
Epoch 42/80 | Step 293000 | G: 1.8938 | D_A: 0.2078 | D_B: 0.0347 | Cycle: 0.8135
Epoch 42/80 | Step 293050 | G: 2.8808 | D_A: 0.0841 | D_B: 0.0802 | Cycle: 0.9177
Epoch 42/80 | Step 293100 | G: 1.8308 | D_A: 0.1858 | D_B: 0.0707 | Cycle: 0.6490
Epoch 42/80 | Step 293150 | G: 1.9686 | D_A: 0.1516 | D_B: 0.1082 | Cycle: 0.8188
Epoch 42/80 | Step 293200 | G: 1.8531 | D_A: 0.2037 | D_B: 0.0406 | Cycle: 0.7181
Epoch 42/80 | Step 293250 | G: 2.2048 | D_A: 0.1426 | D_B: 0.0267 | Cycle: 0.7318
Epoch 42/80 | Step 293300 | G: 2.3500 | D_A: 0.1662 | D_B: 0.0827 | Cycle: 0.8619
Epoch 42/80 | Step 293350 | G: 3.0085 | D_A: 0.2513 | D_B: 0.0935 | Cycle: 0.9273
Epoch 42/80 | Step 293400 | G: 2.9096 | D_A: 0.0585 | D_B: 0.0753 | Cycle: 1.1190
Epoch 42/80 | Step 293450 | G: 1.9438 | D_A: 0.1012 | D_B: 0.0566 | Cycle: 0.7630
Epoch 42/80 | Step 293500 | G: 2.2378 | D_A: 0.0612 | D_B: 0.1931 | Cycle: 0.7335
Epoch 42/80 | Step 293550 | G: 2.4711 | D_A: 0.0706 | D_B: 0.0430 | Cycle: 0.8715
Epoch 42/80 | Step 293600 | G: 2.0675 | D_A: 0.1408 | D_B: 0.0613 | Cycle: 0.7775
Epoch 42/80 | Step 293650 | G: 2.7141 | D_A: 0.1518 | D_B: 0.0757 | Cycle: 0.6792
Epoch 42/80 | Step 293700 | G: 2.3868 | D_A: 0.0919 | D_B: 0.0673 | Cycle: 0.7657
Epoch 42/80 | Step 293750 | G: 2.0488 | D_A: 0.2637 | D_B: 0.0682 | Cycle: 0.7317
Epoch 42/80 | Step 293800 | G: 2.4939 | D_A: 0.1422 | D_B: 0.0640 | Cycle: 1.0150
Epoch 42/80 | Step 293850 | G: 2.0270 | D_A: 0.0436 | D_B: 0.2040 | Cycle: 0.6625
Epoch 42/80 | Step 293900 | G: 3.1400 | D_A: 0.0467 | D_B: 0.0487 | Cycle: 0.9039
Epoch 42/80 | Step 293950 | G: 2.3058 | D_A: 0.0546 | D_B: 0.1190 | Cycle: 0.9668
Epoch 42/80 | Step 294000 | G: 2.9965 | D_A: 0.0464 | D_B: 0.0887 | Cycle: 0.8827
Epoch 42/80 | Step 294050 | G: 2.2532 | D_A: 0.0531 | D_B: 0.0464 | Cycle: 0.8588
Epoch 42/80 | Step 294100 | G: 2.8684 | D_A: 0.1228 | D_B: 0.0976 | Cycle: 1.0325
Epoch 42/80 | Step 294150 | G: 2.2094 | D_A: 0.1360 | D_B: 0.0713 | Cycle: 0.8287
Epoch 42/80 | Step 294200 | G: 2.9461 | D_A: 0.3370 | D_B: 0.0722 | Cycle: 1.0370
Epoch 42/80 | Step 294250 | G: 2.1882 | D_A: 0.1519 | D_B: 0.0731 | Cycle: 0.6685
Epoch 42/80 | Step 294300 | G: 3.1229 | D_A: 0.0428 | D_B: 0.1012 | Cycle: 0.9158
Epoch 42/80 | Step 294350 | G: 2.5079 | D_A: 0.1145 | D_B: 0.0433 | Cycle: 0.9691
Epoch 42/80 | Step 294400 | G: 2.1053 | D_A: 0.1190 | D_B: 0.1719 | Cycle: 0.7316
Epoch 42/80 | Step 294450 | G: 2.1162 | D_A: 0.0733 | D_B: 0.1469 | Cycle: 0.6738
Epoch 42/80 | Step 294500 | G: 2.2721 | D_A: 0.0594 | D_B: 0.0760 | Cycle: 0.7768
Epoch 42/80 | Step 294550 | G: 2.5244 | D_A: 0.1041 | D_B: 0.0977 | Cycle: 0.9389
Epoch 42/80 | Step 294600 | G: 1.9993 | D_A: 0.4137 | D_B: 0.0523 | Cycle: 0.7635
Epoch 42/80 | Step 294650 | G: 1.9724 | D_A: 0.1337 | D_B: 0.1350 | Cycle: 0.9084
Epoch 42/80 | Step 294700 | G: 1.8617 | D_A: 0.0471 | D_B: 0.0950 | Cycle: 0.6612
Epoch 42/80 | Step 294750 | G: 3.2803 | D_A: 0.0897 | D_B: 0.1225 | Cycle: 0.8860
Epoch 42/80 | Step 294800 | G: 2.0837 | D_A: 0.3288 | D_B: 0.0491 | Cycle: 0.6841
Epoch 42/80 | Step 294850 | G: 2.0430 | D_A: 0.0917 | D_B: 0.0411 | Cycle: 0.5912
Epoch 42/80 | Step 294900 | G: 2.2455 | D_A: 0.2858 | D_B: 0.0937 | Cycle: 0.8854
Epoch 42/80 | Step 294950 | G: 2.0328 | D_A: 0.2011 | D_B: 0.1719 | Cycle: 0.7262
Epoch 42/80 | Step 295000 | G: 2.3404 | D_A: 0.1068 | D_B: 0.1109 | Cycle: 0.7653
Epoch 42/80 | Step 295050 | G: 2.4529 | D_A: 0.1173 | D_B: 0.0612 | Cycle: 0.9806
Epoch 42/80 | Step 295100 | G: 1.7174 | D_A: 0.2277 | D_B: 0.0664 | Cycle: 0.7337
Epoch 42/80 | Step 295150 | G: 2.7037 | D_A: 0.1488 | D_B: 0.0541 | Cycle: 0.7033
Epoch 42/80 | Step 295200 | G: 2.1688 | D_A: 0.1509 | D_B: 0.0631 | Cycle: 0.8821
Epoch 42/80 | Step 295250 | G: 3.0260 | D_A: 0.1420 | D_B: 0.1020 | Cycle: 0.8732
Epoch 42/80 | Step 295300 | G: 2.0606 | D_A: 0.1172 | D_B: 0.0943 | Cycle: 0.8057
Epoch 42/80 | Step 295350 | G: 2.5517 | D_A: 0.2259 | D_B: 0.0426 | Cycle: 0.9555
Epoch 42/80 | Step 295400 | G: 1.6029 | D_A: 0.1549 | D_B: 0.1559 | Cycle: 0.7131
Epoch 42/80 | Step 295450 | G: 1.9616 | D_A: 0.2312 | D_B: 0.1348 | Cycle: 0.8254
Epoch 42/80 | Step 295500 | G: 2.2993 | D_A: 0.1475 | D_B: 0.0353 | Cycle: 0.7220
Epoch 42/80 | Step 295550 | G: 2.1929 | D_A: 0.1052 | D_B: 0.1308 | Cycle: 0.7011
Epoch 42/80 complete | Time: 430s | Avg G: 2.3278 | Avg D: 0.1062
Epoch 43/80 | Step 295600 | G: 2.5091 | D_A: 0.1148 | D_B: 0.0898 | Cycle: 0.8408
Epoch 43/80 | Step 295650 | G: 1.9343 | D_A: 0.2128 | D_B: 0.1974 | Cycle: 0.8578
Epoch 43/80 | Step 295700 | G: 1.9458 | D_A: 0.1046 | D_B: 0.0797 | Cycle: 0.7568
Epoch 43/80 | Step 295750 | G: 1.7325 | D_A: 0.0377 | D_B: 0.0609 | Cycle: 0.6937
Epoch 43/80 | Step 295800 | G: 2.0526 | D_A: 0.0768 | D_B: 0.1001 | Cycle: 0.7524
Epoch 43/80 | Step 295850 | G: 1.8525 | D_A: 0.0986 | D_B: 0.1843 | Cycle: 0.6919
Epoch 43/80 | Step 295900 | G: 2.4022 | D_A: 0.1949 | D_B: 0.0865 | Cycle: 0.8382
Epoch 43/80 | Step 295950 | G: 2.9865 | D_A: 0.0666 | D_B: 0.0759 | Cycle: 0.9584
Epoch 43/80 | Step 296000 | G: 2.2397 | D_A: 0.0869 | D_B: 0.1215 | Cycle: 0.9096
Epoch 43/80 | Step 296050 | G: 2.0326 | D_A: 0.0795 | D_B: 0.0634 | Cycle: 0.7212
Epoch 43/80 | Step 296100 | G: 3.1261 | D_A: 0.0357 | D_B: 0.1073 | Cycle: 0.9063
Epoch 43/80 | Step 296150 | G: 2.5248 | D_A: 0.0701 | D_B: 0.0277 | Cycle: 0.8443
Epoch 43/80 | Step 296200 | G: 2.0270 | D_A: 0.1357 | D_B: 0.1879 | Cycle: 0.9337
Epoch 43/80 | Step 296250 | G: 2.7110 | D_A: 0.1196 | D_B: 0.0459 | Cycle: 0.8454
Epoch 43/80 | Step 296300 | G: 2.5663 | D_A: 0.0800 | D_B: 0.0635 | Cycle: 0.8649
Epoch 43/80 | Step 296350 | G: 3.6053 | D_A: 0.1392 | D_B: 0.0578 | Cycle: 1.3666
Epoch 43/80 | Step 296400 | G: 3.0797 | D_A: 0.0800 | D_B: 0.0762 | Cycle: 0.9442
Epoch 43/80 | Step 296450 | G: 2.5143 | D_A: 0.1992 | D_B: 0.0351 | Cycle: 0.8024
Epoch 43/80 | Step 296500 | G: 2.3496 | D_A: 0.0325 | D_B: 0.1023 | Cycle: 0.7444
Epoch 43/80 | Step 296550 | G: 2.5187 | D_A: 0.0949 | D_B: 0.0494 | Cycle: 0.8619
Epoch 43/80 | Step 296600 | G: 2.4761 | D_A: 0.1314 | D_B: 0.1547 | Cycle: 0.9317
Epoch 43/80 | Step 296650 | G: 2.4230 | D_A: 0.1057 | D_B: 0.0674 | Cycle: 1.0354
Epoch 43/80 | Step 296700 | G: 2.8393 | D_A: 0.0445 | D_B: 0.0765 | Cycle: 0.8498
Epoch 43/80 | Step 296750 | G: 2.6230 | D_A: 0.0897 | D_B: 0.0644 | Cycle: 0.8751
Epoch 43/80 | Step 296800 | G: 2.1257 | D_A: 0.1339 | D_B: 0.1030 | Cycle: 0.7101
Epoch 43/80 | Step 296850 | G: 2.1105 | D_A: 0.0533 | D_B: 0.1643 | Cycle: 0.7159
Epoch 43/80 | Step 296900 | G: 2.0425 | D_A: 0.1678 | D_B: 0.0512 | Cycle: 0.8019
Epoch 43/80 | Step 296950 | G: 2.3434 | D_A: 0.1351 | D_B: 0.1208 | Cycle: 0.8564
Epoch 43/80 | Step 297000 | G: 1.6814 | D_A: 0.1282 | D_B: 0.1697 | Cycle: 0.7606
Epoch 43/80 | Step 297050 | G: 1.7459 | D_A: 0.0574 | D_B: 0.1127 | Cycle: 0.6350
Epoch 43/80 | Step 297100 | G: 2.2807 | D_A: 0.1378 | D_B: 0.0364 | Cycle: 0.9788
Epoch 43/80 | Step 297150 | G: 2.5023 | D_A: 0.3352 | D_B: 0.0867 | Cycle: 1.0347
Epoch 43/80 | Step 297200 | G: 2.2258 | D_A: 0.1392 | D_B: 0.0735 | Cycle: 0.7514
Epoch 43/80 | Step 297250 | G: 2.3543 | D_A: 0.0754 | D_B: 0.1234 | Cycle: 0.9688
Epoch 43/80 | Step 297300 | G: 2.2945 | D_A: 0.1269 | D_B: 0.1128 | Cycle: 0.9372
Epoch 43/80 | Step 297350 | G: 1.9075 | D_A: 0.1529 | D_B: 0.0381 | Cycle: 0.7475
Epoch 43/80 | Step 297400 | G: 2.1322 | D_A: 0.1482 | D_B: 0.1008 | Cycle: 0.9157
Epoch 43/80 | Step 297450 | G: 2.2521 | D_A: 0.1109 | D_B: 0.0263 | Cycle: 0.7034
Epoch 43/80 | Step 297500 | G: 2.1985 | D_A: 0.2409 | D_B: 0.0443 | Cycle: 0.7351
Epoch 43/80 | Step 297550 | G: 2.3292 | D_A: 0.2157 | D_B: 0.1164 | Cycle: 0.7160
Epoch 43/80 | Step 297600 | G: 2.4137 | D_A: 0.0813 | D_B: 0.0591 | Cycle: 0.8883
Epoch 43/80 | Step 297650 | G: 2.3505 | D_A: 0.1270 | D_B: 0.0707 | Cycle: 0.6793
Epoch 43/80 | Step 297700 | G: 2.2501 | D_A: 0.1960 | D_B: 0.0496 | Cycle: 0.9439
Epoch 43/80 | Step 297750 | G: 1.9523 | D_A: 0.2304 | D_B: 0.0744 | Cycle: 0.7400
Epoch 43/80 | Step 297800 | G: 2.9542 | D_A: 0.0704 | D_B: 0.0699 | Cycle: 0.9656
Epoch 43/80 | Step 297850 | G: 2.8672 | D_A: 0.0904 | D_B: 0.1583 | Cycle: 1.2380
Epoch 43/80 | Step 297900 | G: 2.2659 | D_A: 0.0710 | D_B: 0.0509 | Cycle: 0.6015
Epoch 43/80 | Step 297950 | G: 2.1097 | D_A: 0.0972 | D_B: 0.1335 | Cycle: 0.7578
Epoch 43/80 | Step 298000 | G: 2.4760 | D_A: 0.0937 | D_B: 0.0523 | Cycle: 0.8824
Epoch 43/80 | Step 298050 | G: 2.2196 | D_A: 0.0399 | D_B: 0.0637 | Cycle: 0.8052
Epoch 43/80 | Step 298100 | G: 2.5310 | D_A: 0.1942 | D_B: 0.2177 | Cycle: 0.7522
Epoch 43/80 | Step 298150 | G: 2.5830 | D_A: 0.0785 | D_B: 0.0356 | Cycle: 0.9455
Epoch 43/80 | Step 298200 | G: 2.6465 | D_A: 0.1486 | D_B: 0.2023 | Cycle: 0.7389
Epoch 43/80 | Step 298250 | G: 2.4683 | D_A: 0.0508 | D_B: 0.0325 | Cycle: 0.7944
Epoch 43/80 | Step 298300 | G: 2.3650 | D_A: 0.0675 | D_B: 0.0761 | Cycle: 0.7491
Epoch 43/80 | Step 298350 | G: 2.6221 | D_A: 0.2453 | D_B: 0.0895 | Cycle: 0.9255
Epoch 43/80 | Step 298400 | G: 2.5280 | D_A: 0.1362 | D_B: 0.1826 | Cycle: 0.8405
Epoch 43/80 | Step 298450 | G: 2.8895 | D_A: 0.0373 | D_B: 0.0441 | Cycle: 0.8417
Epoch 43/80 | Step 298500 | G: 2.1096 | D_A: 0.0695 | D_B: 0.1599 | Cycle: 0.8026
Epoch 43/80 | Step 298550 | G: 1.8284 | D_A: 0.1464 | D_B: 0.1491 | Cycle: 0.6874
Epoch 43/80 | Step 298600 | G: 2.1296 | D_A: 0.2532 | D_B: 0.1439 | Cycle: 0.8987
Epoch 43/80 | Step 298650 | G: 2.5486 | D_A: 0.2527 | D_B: 0.0864 | Cycle: 0.6635
Epoch 43/80 | Step 298700 | G: 2.0949 | D_A: 0.1367 | D_B: 0.0558 | Cycle: 0.6683
Epoch 43/80 | Step 298750 | G: 2.8241 | D_A: 0.1120 | D_B: 0.0638 | Cycle: 0.9982
Epoch 43/80 | Step 298800 | G: 3.0268 | D_A: 0.0814 | D_B: 0.0546 | Cycle: 0.9009
Epoch 43/80 | Step 298850 | G: 3.0175 | D_A: 0.0460 | D_B: 0.0754 | Cycle: 0.8885
Epoch 43/80 | Step 298900 | G: 2.3867 | D_A: 0.0772 | D_B: 0.1422 | Cycle: 0.7049
Epoch 43/80 | Step 298950 | G: 2.5260 | D_A: 0.0624 | D_B: 0.0682 | Cycle: 0.9347
Epoch 43/80 | Step 299000 | G: 1.7813 | D_A: 0.1509 | D_B: 0.1107 | Cycle: 0.6650
Epoch 43/80 | Step 299050 | G: 2.0061 | D_A: 0.1935 | D_B: 0.1312 | Cycle: 0.9489
Epoch 43/80 | Step 299100 | G: 2.0183 | D_A: 0.0821 | D_B: 0.1083 | Cycle: 0.7818
Epoch 43/80 | Step 299150 | G: 1.2516 | D_A: 0.0966 | D_B: 0.1811 | Cycle: 0.6514
Epoch 43/80 | Step 299200 | G: 2.3446 | D_A: 0.0753 | D_B: 0.0607 | Cycle: 0.7648
Epoch 43/80 | Step 299250 | G: 2.3383 | D_A: 0.1041 | D_B: 0.2583 | Cycle: 0.9454
Epoch 43/80 | Step 299300 | G: 2.1251 | D_A: 0.0449 | D_B: 0.0712 | Cycle: 0.7578
Epoch 43/80 | Step 299350 | G: 2.6241 | D_A: 0.0783 | D_B: 0.0360 | Cycle: 0.7975
Epoch 43/80 | Step 299400 | G: 2.3921 | D_A: 0.1216 | D_B: 0.1963 | Cycle: 0.8086
Epoch 43/80 | Step 299450 | G: 2.6033 | D_A: 0.1532 | D_B: 0.0575 | Cycle: 0.7938
Epoch 43/80 | Step 299500 | G: 2.4678 | D_A: 0.0599 | D_B: 0.0612 | Cycle: 0.7698
Epoch 43/80 | Step 299550 | G: 2.1867 | D_A: 0.0734 | D_B: 0.0683 | Cycle: 0.6807
Epoch 43/80 | Step 299600 | G: 1.8867 | D_A: 0.0551 | D_B: 0.0652 | Cycle: 0.7774
Epoch 43/80 | Step 299650 | G: 2.4235 | D_A: 0.0926 | D_B: 0.0469 | Cycle: 0.8316
Epoch 43/80 | Step 299700 | G: 1.9061 | D_A: 0.1227 | D_B: 0.1020 | Cycle: 0.7673
Epoch 43/80 | Step 299750 | G: 2.0142 | D_A: 0.1712 | D_B: 0.1005 | Cycle: 0.6848
Epoch 43/80 | Step 299800 | G: 1.8645 | D_A: 0.1031 | D_B: 0.1484 | Cycle: 0.8980
Epoch 43/80 | Step 299850 | G: 1.8812 | D_A: 0.2944 | D_B: 0.1472 | Cycle: 0.8261
Epoch 43/80 | Step 299900 | G: 1.8883 | D_A: 0.1210 | D_B: 0.0983 | Cycle: 0.7966
Epoch 43/80 | Step 299950 | G: 3.2450 | D_A: 0.0852 | D_B: 0.0403 | Cycle: 1.1666
Epoch 43/80 | Step 300000 | G: 2.5209 | D_A: 0.2241 | D_B: 0.2829 | Cycle: 0.8670
Epoch 43/80 | Step 300050 | G: 2.0972 | D_A: 0.1154 | D_B: 0.1513 | Cycle: 0.5588
Epoch 43/80 | Step 300100 | G: 2.0983 | D_A: 0.1444 | D_B: 0.0892 | Cycle: 0.7675
Epoch 43/80 | Step 300150 | G: 2.7730 | D_A: 0.1225 | D_B: 0.0665 | Cycle: 0.9585
Epoch 43/80 | Step 300200 | G: 2.1017 | D_A: 0.1118 | D_B: 0.0447 | Cycle: 1.0043
Epoch 43/80 | Step 300250 | G: 2.3716 | D_A: 0.2069 | D_B: 0.0606 | Cycle: 0.7900
Epoch 43/80 | Step 300300 | G: 2.1400 | D_A: 0.1161 | D_B: 0.0886 | Cycle: 0.7219
Epoch 43/80 | Step 300350 | G: 2.2663 | D_A: 0.1461 | D_B: 0.0951 | Cycle: 0.7347
Epoch 43/80 | Step 300400 | G: 1.6522 | D_A: 0.1664 | D_B: 0.2776 | Cycle: 0.6007
Epoch 43/80 | Step 300450 | G: 2.2284 | D_A: 0.1790 | D_B: 0.1306 | Cycle: 0.8970
Epoch 43/80 | Step 300500 | G: 2.3448 | D_A: 0.0673 | D_B: 0.1027 | Cycle: 0.8335
Epoch 43/80 | Step 300550 | G: 2.1401 | D_A: 0.1906 | D_B: 0.0626 | Cycle: 0.8260
Epoch 43/80 | Step 300600 | G: 2.0242 | D_A: 0.1228 | D_B: 0.0497 | Cycle: 0.6473
Epoch 43/80 | Step 300650 | G: 2.3391 | D_A: 0.0809 | D_B: 0.1100 | Cycle: 0.6660
Epoch 43/80 | Step 300700 | G: 2.2808 | D_A: 0.0842 | D_B: 0.0333 | Cycle: 0.9092
Epoch 43/80 | Step 300750 | G: 2.1893 | D_A: 0.1124 | D_B: 0.0776 | Cycle: 0.5555
Epoch 43/80 | Step 300800 | G: 2.0036 | D_A: 0.1409 | D_B: 0.0925 | Cycle: 0.6011
Epoch 43/80 | Step 300850 | G: 1.9539 | D_A: 0.1161 | D_B: 0.1032 | Cycle: 0.8119
Epoch 43/80 | Step 300900 | G: 1.5671 | D_A: 0.3678 | D_B: 0.0498 | Cycle: 0.6352
Epoch 43/80 | Step 300950 | G: 1.9829 | D_A: 0.1811 | D_B: 0.0728 | Cycle: 0.7121
Epoch 43/80 | Step 301000 | G: 2.6478 | D_A: 0.1535 | D_B: 0.1176 | Cycle: 0.9969
Epoch 43/80 | Step 301050 | G: 2.6703 | D_A: 0.1236 | D_B: 0.0300 | Cycle: 0.7756
Epoch 43/80 | Step 301100 | G: 3.2490 | D_A: 0.0551 | D_B: 0.1015 | Cycle: 0.9215
Epoch 43/80 | Step 301150 | G: 2.3250 | D_A: 0.1412 | D_B: 0.1474 | Cycle: 0.7948
Epoch 43/80 | Step 301200 | G: 2.1857 | D_A: 0.1556 | D_B: 0.0695 | Cycle: 0.9649
Epoch 43/80 | Step 301250 | G: 2.3209 | D_A: 0.1656 | D_B: 0.1236 | Cycle: 0.6965
Epoch 43/80 | Step 301300 | G: 2.1553 | D_A: 0.1333 | D_B: 0.0412 | Cycle: 0.7599
Epoch 43/80 | Step 301350 | G: 1.9488 | D_A: 0.1405 | D_B: 0.0455 | Cycle: 0.6893
Epoch 43/80 | Step 301400 | G: 2.8351 | D_A: 0.1080 | D_B: 0.1324 | Cycle: 0.9284
Epoch 43/80 | Step 301450 | G: 2.2918 | D_A: 0.0645 | D_B: 0.0473 | Cycle: 0.9541
Epoch 43/80 | Step 301500 | G: 2.5261 | D_A: 0.1067 | D_B: 0.0853 | Cycle: 0.8228
Epoch 43/80 | Step 301550 | G: 1.9922 | D_A: 0.2055 | D_B: 0.0628 | Cycle: 0.7087
Epoch 43/80 | Step 301600 | G: 2.4535 | D_A: 0.4824 | D_B: 0.0555 | Cycle: 0.7559
Epoch 43/80 | Step 301650 | G: 2.0118 | D_A: 0.1069 | D_B: 0.0795 | Cycle: 0.8155
Epoch 43/80 | Step 301700 | G: 2.5743 | D_A: 0.0748 | D_B: 0.0733 | Cycle: 0.9193
Epoch 43/80 | Step 301750 | G: 2.3752 | D_A: 0.0631 | D_B: 0.1055 | Cycle: 0.7110
Epoch 43/80 | Step 301800 | G: 2.0324 | D_A: 0.2340 | D_B: 0.1271 | Cycle: 0.6567
Epoch 43/80 | Step 301850 | G: 2.4026 | D_A: 0.0785 | D_B: 0.0582 | Cycle: 0.7810
Epoch 43/80 | Step 301900 | G: 2.3897 | D_A: 0.0665 | D_B: 0.0743 | Cycle: 0.9471
Epoch 43/80 | Step 301950 | G: 2.4179 | D_A: 0.1620 | D_B: 0.1391 | Cycle: 0.6532
Epoch 43/80 | Step 302000 | G: 2.0838 | D_A: 0.0901 | D_B: 0.1962 | Cycle: 0.8316
Epoch 43/80 | Step 302050 | G: 2.1174 | D_A: 0.1496 | D_B: 0.1295 | Cycle: 0.6757
Epoch 43/80 | Step 302100 | G: 2.5350 | D_A: 0.0490 | D_B: 0.0763 | Cycle: 0.7531
Epoch 43/80 | Step 302150 | G: 3.5295 | D_A: 0.0656 | D_B: 0.0809 | Cycle: 1.1653
Epoch 43/80 | Step 302200 | G: 2.4268 | D_A: 0.3394 | D_B: 0.0992 | Cycle: 0.6969
Epoch 43/80 | Step 302250 | G: 2.1130 | D_A: 0.0967 | D_B: 0.1830 | Cycle: 0.6036
Epoch 43/80 | Step 302300 | G: 4.0467 | D_A: 0.2077 | D_B: 0.0956 | Cycle: 1.1950
Epoch 43/80 | Step 302350 | G: 1.9874 | D_A: 0.1668 | D_B: 0.0955 | Cycle: 0.6724
Epoch 43/80 | Step 302400 | G: 1.8580 | D_A: 0.1509 | D_B: 0.0683 | Cycle: 0.5923
Epoch 43/80 | Step 302450 | G: 2.5795 | D_A: 0.0635 | D_B: 0.0341 | Cycle: 0.8097
Epoch 43/80 | Step 302500 | G: 2.4604 | D_A: 0.1032 | D_B: 0.0959 | Cycle: 0.7833
Epoch 43/80 | Step 302550 | G: 2.2696 | D_A: 0.1209 | D_B: 0.1066 | Cycle: 0.7944
Epoch 43/80 | Step 302600 | G: 1.9738 | D_A: 0.2448 | D_B: 0.0719 | Cycle: 0.6853
Epoch 43/80 complete | Time: 430s | Avg G: 2.3488 | Avg D: 0.1056
Epoch 44/80 | Step 302650 | G: 2.5160 | D_A: 0.2318 | D_B: 0.1020 | Cycle: 0.9628
Epoch 44/80 | Step 302700 | G: 2.4128 | D_A: 0.0815 | D_B: 0.0845 | Cycle: 0.6209
Epoch 44/80 | Step 302750 | G: 2.5905 | D_A: 0.0868 | D_B: 0.2860 | Cycle: 0.6037
Epoch 44/80 | Step 302800 | G: 2.2403 | D_A: 0.1358 | D_B: 0.0485 | Cycle: 0.9076
Epoch 44/80 | Step 302850 | G: 1.9391 | D_A: 0.2277 | D_B: 0.1396 | Cycle: 0.9819
Epoch 44/80 | Step 302900 | G: 3.6006 | D_A: 0.0430 | D_B: 0.1201 | Cycle: 1.2289
Epoch 44/80 | Step 302950 | G: 2.2314 | D_A: 0.0957 | D_B: 0.0646 | Cycle: 0.7522
Epoch 44/80 | Step 303000 | G: 2.2701 | D_A: 0.0526 | D_B: 0.0273 | Cycle: 0.7992
Epoch 44/80 | Step 303050 | G: 2.1223 | D_A: 0.0825 | D_B: 0.1413 | Cycle: 0.6696
Epoch 44/80 | Step 303100 | G: 2.6967 | D_A: 0.0511 | D_B: 0.1593 | Cycle: 0.8183
Epoch 44/80 | Step 303150 | G: 2.9213 | D_A: 0.0266 | D_B: 0.1615 | Cycle: 0.7351
Epoch 44/80 | Step 303200 | G: 2.8757 | D_A: 0.1995 | D_B: 0.0766 | Cycle: 0.9517
Epoch 44/80 | Step 303250 | G: 2.2876 | D_A: 0.0817 | D_B: 0.1789 | Cycle: 0.6378
Epoch 44/80 | Step 303300 | G: 1.7933 | D_A: 0.1661 | D_B: 0.1782 | Cycle: 0.6069
Epoch 44/80 | Step 303350 | G: 1.6796 | D_A: 0.0569 | D_B: 0.2580 | Cycle: 0.6512
Epoch 44/80 | Step 303400 | G: 2.2770 | D_A: 0.0894 | D_B: 0.0523 | Cycle: 0.7626
Epoch 44/80 | Step 303450 | G: 2.5692 | D_A: 0.0499 | D_B: 0.0648 | Cycle: 0.7622
Epoch 44/80 | Step 303500 | G: 1.9600 | D_A: 0.0574 | D_B: 0.0317 | Cycle: 0.7931
Epoch 44/80 | Step 303550 | G: 2.0307 | D_A: 0.0561 | D_B: 0.1222 | Cycle: 0.7561
Epoch 44/80 | Step 303600 | G: 1.7682 | D_A: 0.1063 | D_B: 0.0714 | Cycle: 0.6720
Epoch 44/80 | Step 303650 | G: 2.0089 | D_A: 0.1914 | D_B: 0.1648 | Cycle: 0.7497
Epoch 44/80 | Step 303700 | G: 3.3139 | D_A: 0.1341 | D_B: 0.1936 | Cycle: 0.8495
Epoch 44/80 | Step 303750 | G: 2.8031 | D_A: 0.1915 | D_B: 0.0383 | Cycle: 0.9290
Epoch 44/80 | Step 303800 | G: 2.5814 | D_A: 0.0449 | D_B: 0.1143 | Cycle: 0.6894
Epoch 44/80 | Step 303850 | G: 1.8468 | D_A: 0.0620 | D_B: 0.0677 | Cycle: 0.7345
Epoch 44/80 | Step 303900 | G: 2.8676 | D_A: 0.0413 | D_B: 0.0627 | Cycle: 0.9431
Epoch 44/80 | Step 303950 | G: 2.6807 | D_A: 0.1353 | D_B: 0.0262 | Cycle: 0.9428
Epoch 44/80 | Step 304000 | G: 1.9342 | D_A: 0.0523 | D_B: 0.0826 | Cycle: 0.6272
Epoch 44/80 | Step 304050 | G: 2.4121 | D_A: 0.0719 | D_B: 0.1555 | Cycle: 0.6674
Epoch 44/80 | Step 304100 | G: 2.1107 | D_A: 0.0402 | D_B: 0.0932 | Cycle: 0.6637
Epoch 44/80 | Step 304150 | G: 2.7115 | D_A: 0.1378 | D_B: 0.0526 | Cycle: 0.8719
Epoch 44/80 | Step 304200 | G: 1.9608 | D_A: 0.1232 | D_B: 0.0851 | Cycle: 0.6606
Epoch 44/80 | Step 304250 | G: 2.2373 | D_A: 0.0907 | D_B: 0.0260 | Cycle: 0.9122
Epoch 44/80 | Step 304300 | G: 2.2090 | D_A: 0.0827 | D_B: 0.0819 | Cycle: 0.8342
Epoch 44/80 | Step 304350 | G: 1.8005 | D_A: 0.1575 | D_B: 0.1540 | Cycle: 0.5633
Epoch 44/80 | Step 304400 | G: 2.3086 | D_A: 0.0652 | D_B: 0.0753 | Cycle: 0.9887
Epoch 44/80 | Step 304450 | G: 2.2083 | D_A: 0.1376 | D_B: 0.0747 | Cycle: 0.8123
Epoch 44/80 | Step 304500 | G: 2.4260 | D_A: 0.0564 | D_B: 0.0669 | Cycle: 0.9036
Epoch 44/80 | Step 304550 | G: 2.3530 | D_A: 0.1942 | D_B: 0.0733 | Cycle: 0.8496
Epoch 44/80 | Step 304600 | G: 2.8267 | D_A: 0.0588 | D_B: 0.0284 | Cycle: 0.8153
Epoch 44/80 | Step 304650 | G: 2.2593 | D_A: 0.2497 | D_B: 0.1708 | Cycle: 0.9046
Epoch 44/80 | Step 304700 | G: 2.3809 | D_A: 0.1090 | D_B: 0.1491 | Cycle: 0.6826
Epoch 44/80 | Step 304750 | G: 2.2190 | D_A: 0.1676 | D_B: 0.1354 | Cycle: 0.6406
Epoch 44/80 | Step 304800 | G: 1.5966 | D_A: 0.0844 | D_B: 0.0425 | Cycle: 0.5801
Epoch 44/80 | Step 304850 | G: 1.7695 | D_A: 0.1079 | D_B: 0.0692 | Cycle: 0.7740
Epoch 44/80 | Step 304900 | G: 2.4696 | D_A: 0.1890 | D_B: 0.0439 | Cycle: 0.6881
Epoch 44/80 | Step 304950 | G: 2.4652 | D_A: 0.1151 | D_B: 0.1507 | Cycle: 0.9184
Epoch 44/80 | Step 305000 | G: 2.6335 | D_A: 0.0512 | D_B: 0.0929 | Cycle: 0.8523
Epoch 44/80 | Step 305050 | G: 2.5901 | D_A: 0.2041 | D_B: 0.0640 | Cycle: 0.8032
Epoch 44/80 | Step 305100 | G: 2.3362 | D_A: 0.0923 | D_B: 0.0536 | Cycle: 1.0113
Epoch 44/80 | Step 305150 | G: 2.4659 | D_A: 0.0959 | D_B: 0.0551 | Cycle: 1.0215
Epoch 44/80 | Step 305200 | G: 2.8229 | D_A: 0.0645 | D_B: 0.0475 | Cycle: 0.9069
Epoch 44/80 | Step 305250 | G: 2.4965 | D_A: 0.0633 | D_B: 0.0690 | Cycle: 0.7602
Epoch 44/80 | Step 305300 | G: 2.3686 | D_A: 0.1362 | D_B: 0.1382 | Cycle: 0.9690
Epoch 44/80 | Step 305350 | G: 1.9331 | D_A: 0.1708 | D_B: 0.1362 | Cycle: 0.5397
Epoch 44/80 | Step 305400 | G: 2.4645 | D_A: 0.1076 | D_B: 0.1025 | Cycle: 0.7356
Epoch 44/80 | Step 305450 | G: 2.4456 | D_A: 0.2232 | D_B: 0.0625 | Cycle: 0.7406
Epoch 44/80 | Step 305500 | G: 2.1111 | D_A: 0.1358 | D_B: 0.0889 | Cycle: 0.9008
Epoch 44/80 | Step 305550 | G: 2.2115 | D_A: 0.2068 | D_B: 0.0432 | Cycle: 0.9775
Epoch 44/80 | Step 305600 | G: 2.5292 | D_A: 0.1291 | D_B: 0.0773 | Cycle: 0.8796
Epoch 44/80 | Step 305650 | G: 2.2636 | D_A: 0.0841 | D_B: 0.1144 | Cycle: 0.7234
Epoch 44/80 | Step 305700 | G: 2.9890 | D_A: 0.0341 | D_B: 0.0741 | Cycle: 1.0461
Epoch 44/80 | Step 305750 | G: 2.0147 | D_A: 0.1538 | D_B: 0.1504 | Cycle: 0.7143
Epoch 44/80 | Step 305800 | G: 2.3639 | D_A: 0.0502 | D_B: 0.1099 | Cycle: 0.8267
Epoch 44/80 | Step 305850 | G: 2.8803 | D_A: 0.1228 | D_B: 0.3278 | Cycle: 0.9347
Epoch 44/80 | Step 305900 | G: 1.9942 | D_A: 0.1844 | D_B: 0.0851 | Cycle: 0.7716
Epoch 44/80 | Step 305950 | G: 2.6333 | D_A: 0.1069 | D_B: 0.0394 | Cycle: 0.7896
Epoch 44/80 | Step 306000 | G: 2.0924 | D_A: 0.1747 | D_B: 0.0867 | Cycle: 0.8741
Epoch 44/80 | Step 306050 | G: 2.1627 | D_A: 0.0720 | D_B: 0.1604 | Cycle: 0.6986
Epoch 44/80 | Step 306100 | G: 2.4163 | D_A: 0.0919 | D_B: 0.1201 | Cycle: 0.9516
Epoch 44/80 | Step 306150 | G: 2.6040 | D_A: 0.1355 | D_B: 0.0366 | Cycle: 1.0037
Epoch 44/80 | Step 306200 | G: 1.7913 | D_A: 0.2289 | D_B: 0.0985 | Cycle: 0.7746
Epoch 44/80 | Step 306250 | G: 2.2810 | D_A: 0.0853 | D_B: 0.0934 | Cycle: 0.8720
Epoch 44/80 | Step 306300 | G: 1.9035 | D_A: 0.1255 | D_B: 0.1098 | Cycle: 0.7493
Epoch 44/80 | Step 306350 | G: 2.1630 | D_A: 0.1016 | D_B: 0.0517 | Cycle: 0.7022
Epoch 44/80 | Step 306400 | G: 1.9450 | D_A: 0.1034 | D_B: 0.1148 | Cycle: 0.6571
Epoch 44/80 | Step 306450 | G: 1.6761 | D_A: 0.1613 | D_B: 0.2586 | Cycle: 0.8150
Epoch 44/80 | Step 306500 | G: 2.1040 | D_A: 0.0974 | D_B: 0.1028 | Cycle: 0.8508
Epoch 44/80 | Step 306550 | G: 2.3579 | D_A: 0.0438 | D_B: 0.0377 | Cycle: 0.8858
Epoch 44/80 | Step 306600 | G: 1.8764 | D_A: 0.1160 | D_B: 0.0637 | Cycle: 0.7945
Epoch 44/80 | Step 306650 | G: 1.9914 | D_A: 0.0611 | D_B: 0.0845 | Cycle: 0.8010
Epoch 44/80 | Step 306700 | G: 2.3728 | D_A: 0.1001 | D_B: 0.0364 | Cycle: 0.7330
Epoch 44/80 | Step 306750 | G: 2.1545 | D_A: 0.1124 | D_B: 0.0380 | Cycle: 0.8200
Epoch 44/80 | Step 306800 | G: 3.1689 | D_A: 0.0659 | D_B: 0.0748 | Cycle: 1.0656
Epoch 44/80 | Step 306850 | G: 2.2302 | D_A: 0.0297 | D_B: 0.0647 | Cycle: 0.9059
Epoch 44/80 | Step 306900 | G: 2.7060 | D_A: 0.0385 | D_B: 0.0894 | Cycle: 0.5962
Epoch 44/80 | Step 306950 | G: 2.6950 | D_A: 0.0217 | D_B: 0.0456 | Cycle: 0.7135
Epoch 44/80 | Step 307000 | G: 3.2354 | D_A: 0.0695 | D_B: 0.0717 | Cycle: 1.1455
Epoch 44/80 | Step 307050 | G: 3.0704 | D_A: 0.0859 | D_B: 0.0311 | Cycle: 0.6288
Epoch 44/80 | Step 307100 | G: 3.2582 | D_A: 0.1232 | D_B: 0.1972 | Cycle: 0.7819
Epoch 44/80 | Step 307150 | G: 2.0870 | D_A: 0.1512 | D_B: 0.0445 | Cycle: 0.8050
Epoch 44/80 | Step 307200 | G: 3.1731 | D_A: 0.0628 | D_B: 0.0888 | Cycle: 0.9578
Epoch 44/80 | Step 307250 | G: 1.6802 | D_A: 0.1961 | D_B: 0.1025 | Cycle: 0.5904
Epoch 44/80 | Step 307300 | G: 2.1584 | D_A: 0.0422 | D_B: 0.1280 | Cycle: 0.7545
Epoch 44/80 | Step 307350 | G: 2.6744 | D_A: 0.1067 | D_B: 0.1818 | Cycle: 0.9023
Epoch 44/80 | Step 307400 | G: 1.9116 | D_A: 0.1077 | D_B: 0.2066 | Cycle: 0.7302
Epoch 44/80 | Step 307450 | G: 2.5543 | D_A: 0.1579 | D_B: 0.0943 | Cycle: 0.8577
Epoch 44/80 | Step 307500 | G: 2.4475 | D_A: 0.0848 | D_B: 0.0707 | Cycle: 0.8538
Epoch 44/80 | Step 307550 | G: 2.1441 | D_A: 0.0902 | D_B: 0.0560 | Cycle: 0.7509
Epoch 44/80 | Step 307600 | G: 1.8106 | D_A: 0.2676 | D_B: 0.1351 | Cycle: 0.9075
Epoch 44/80 | Step 307650 | G: 1.5192 | D_A: 0.1046 | D_B: 0.0512 | Cycle: 0.6413
Epoch 44/80 | Step 307700 | G: 2.4719 | D_A: 0.2308 | D_B: 0.0483 | Cycle: 0.5962
Epoch 44/80 | Step 307750 | G: 2.7321 | D_A: 0.0676 | D_B: 0.0396 | Cycle: 0.9761
Epoch 44/80 | Step 307800 | G: 3.0227 | D_A: 0.1961 | D_B: 0.0888 | Cycle: 0.8033
Epoch 44/80 | Step 307850 | G: 2.7306 | D_A: 0.0313 | D_B: 0.1176 | Cycle: 0.6948
Epoch 44/80 | Step 307900 | G: 2.6862 | D_A: 0.1305 | D_B: 0.1904 | Cycle: 0.8704
Epoch 44/80 | Step 307950 | G: 2.0139 | D_A: 0.1694 | D_B: 0.0697 | Cycle: 0.7939
Epoch 44/80 | Step 308000 | G: 1.9222 | D_A: 0.1017 | D_B: 0.0684 | Cycle: 0.8965
Epoch 44/80 | Step 308050 | G: 2.2087 | D_A: 0.0711 | D_B: 0.0388 | Cycle: 0.6667
Epoch 44/80 | Step 308100 | G: 2.1310 | D_A: 0.0675 | D_B: 0.0736 | Cycle: 0.6635
Epoch 44/80 | Step 308150 | G: 2.5500 | D_A: 0.0973 | D_B: 0.0848 | Cycle: 0.7366
Epoch 44/80 | Step 308200 | G: 2.3921 | D_A: 0.1342 | D_B: 0.0599 | Cycle: 0.8262
Epoch 44/80 | Step 308250 | G: 1.3668 | D_A: 0.1028 | D_B: 0.1567 | Cycle: 0.5999
Epoch 44/80 | Step 308300 | G: 2.8040 | D_A: 0.1308 | D_B: 0.0544 | Cycle: 1.0189
Epoch 44/80 | Step 308350 | G: 2.1545 | D_A: 0.1896 | D_B: 0.0608 | Cycle: 0.7801
Epoch 44/80 | Step 308400 | G: 3.4036 | D_A: 0.2048 | D_B: 0.0705 | Cycle: 1.4423
Epoch 44/80 | Step 308450 | G: 2.1617 | D_A: 0.1193 | D_B: 0.0696 | Cycle: 0.8116
Epoch 44/80 | Step 308500 | G: 2.2819 | D_A: 0.0619 | D_B: 0.0526 | Cycle: 0.8172
Epoch 44/80 | Step 308550 | G: 1.8999 | D_A: 0.1259 | D_B: 0.1271 | Cycle: 0.8120
Epoch 44/80 | Step 308600 | G: 2.3692 | D_A: 0.1134 | D_B: 0.0844 | Cycle: 0.8076
Epoch 44/80 | Step 308650 | G: 2.3513 | D_A: 0.2162 | D_B: 0.0441 | Cycle: 0.8722
Epoch 44/80 | Step 308700 | G: 2.4143 | D_A: 0.1244 | D_B: 0.0659 | Cycle: 0.6718
Epoch 44/80 | Step 308750 | G: 3.3260 | D_A: 0.1263 | D_B: 0.0722 | Cycle: 0.9314
Epoch 44/80 | Step 308800 | G: 3.0083 | D_A: 0.0689 | D_B: 0.0511 | Cycle: 0.9602
Epoch 44/80 | Step 308850 | G: 1.8766 | D_A: 0.1379 | D_B: 0.1312 | Cycle: 0.9120
Epoch 44/80 | Step 308900 | G: 1.8066 | D_A: 0.1208 | D_B: 0.0535 | Cycle: 0.6739
Epoch 44/80 | Step 308950 | G: 2.2988 | D_A: 0.1021 | D_B: 0.1551 | Cycle: 0.7656
Epoch 44/80 | Step 309000 | G: 2.1662 | D_A: 0.0624 | D_B: 0.1827 | Cycle: 0.6249
Epoch 44/80 | Step 309050 | G: 3.4436 | D_A: 0.0442 | D_B: 0.0893 | Cycle: 0.9128
Epoch 44/80 | Step 309100 | G: 2.6408 | D_A: 0.0616 | D_B: 0.0633 | Cycle: 0.7760
Epoch 44/80 | Step 309150 | G: 2.0541 | D_A: 0.0716 | D_B: 0.0616 | Cycle: 0.7866
Epoch 44/80 | Step 309200 | G: 2.5504 | D_A: 0.1339 | D_B: 0.0486 | Cycle: 0.8649
Epoch 44/80 | Step 309250 | G: 2.1985 | D_A: 0.2241 | D_B: 0.0944 | Cycle: 0.5301
Epoch 44/80 | Step 309300 | G: 3.1968 | D_A: 0.1234 | D_B: 0.0353 | Cycle: 1.0116
Epoch 44/80 | Step 309350 | G: 1.8148 | D_A: 0.1851 | D_B: 0.1465 | Cycle: 0.7096
Epoch 44/80 | Step 309400 | G: 2.4200 | D_A: 0.1083 | D_B: 0.0764 | Cycle: 0.7636
Epoch 44/80 | Step 309450 | G: 3.0616 | D_A: 0.2388 | D_B: 0.1435 | Cycle: 0.8716
Epoch 44/80 | Step 309500 | G: 2.3860 | D_A: 0.0625 | D_B: 0.0755 | Cycle: 0.6922
Epoch 44/80 | Step 309550 | G: 3.0138 | D_A: 0.1220 | D_B: 0.0486 | Cycle: 1.2433
Epoch 44/80 | Step 309600 | G: 2.4306 | D_A: 0.0566 | D_B: 0.0494 | Cycle: 0.8304
Epoch 44/80 | Step 309650 | G: 2.4001 | D_A: 0.0654 | D_B: 0.0857 | Cycle: 0.8146
Epoch 44/80 complete | Time: 430s | Avg G: 2.3345 | Avg D: 0.1044
Epoch 45/80 | Step 309700 | G: 2.4145 | D_A: 0.1213 | D_B: 0.0831 | Cycle: 0.8182
Epoch 45/80 | Step 309750 | G: 2.7774 | D_A: 0.2512 | D_B: 0.1084 | Cycle: 0.9643
Epoch 45/80 | Step 309800 | G: 1.9660 | D_A: 0.1126 | D_B: 0.1021 | Cycle: 0.7431
Epoch 45/80 | Step 309850 | G: 2.2445 | D_A: 0.0795 | D_B: 0.0480 | Cycle: 0.8304
Epoch 45/80 | Step 309900 | G: 1.9694 | D_A: 0.1719 | D_B: 0.0938 | Cycle: 0.7372
Epoch 45/80 | Step 309950 | G: 2.8266 | D_A: 0.1376 | D_B: 0.0526 | Cycle: 0.8136
Epoch 45/80 | Step 310000 | G: 2.3738 | D_A: 0.0608 | D_B: 0.0714 | Cycle: 0.8272
Epoch 45/80 | Step 310050 | G: 2.6120 | D_A: 0.1219 | D_B: 0.0526 | Cycle: 0.9012
Epoch 45/80 | Step 310100 | G: 1.8270 | D_A: 0.1338 | D_B: 0.1034 | Cycle: 0.7573
Epoch 45/80 | Step 310150 | G: 2.6957 | D_A: 0.1244 | D_B: 0.0784 | Cycle: 1.1425
Epoch 45/80 | Step 310200 | G: 2.8297 | D_A: 0.0515 | D_B: 0.0591 | Cycle: 0.7648
Epoch 45/80 | Step 310250 | G: 1.6794 | D_A: 0.1094 | D_B: 0.1688 | Cycle: 0.6157
Epoch 45/80 | Step 310300 | G: 2.4211 | D_A: 0.1199 | D_B: 0.0534 | Cycle: 0.9539
Epoch 45/80 | Step 310350 | G: 2.2340 | D_A: 0.1418 | D_B: 0.0966 | Cycle: 0.7350
Epoch 45/80 | Step 310400 | G: 2.3736 | D_A: 0.1171 | D_B: 0.0947 | Cycle: 0.8295
Epoch 45/80 | Step 310450 | G: 1.5382 | D_A: 0.1319 | D_B: 0.1672 | Cycle: 0.6901
Epoch 45/80 | Step 310500 | G: 3.1593 | D_A: 0.0783 | D_B: 0.0710 | Cycle: 0.9896
Epoch 45/80 | Step 310550 | G: 2.1434 | D_A: 0.1279 | D_B: 0.0907 | Cycle: 0.7866
Epoch 45/80 | Step 310600 | G: 2.4343 | D_A: 0.0967 | D_B: 0.1028 | Cycle: 0.9053
Epoch 45/80 | Step 310650 | G: 1.9756 | D_A: 0.1031 | D_B: 0.0535 | Cycle: 0.5845
Epoch 45/80 | Step 310700 | G: 1.8126 | D_A: 0.1376 | D_B: 0.1792 | Cycle: 0.7815
Epoch 45/80 | Step 310750 | G: 2.6501 | D_A: 0.0426 | D_B: 0.0614 | Cycle: 0.8178
Epoch 45/80 | Step 310800 | G: 2.0521 | D_A: 0.0844 | D_B: 0.0943 | Cycle: 0.5807
Epoch 45/80 | Step 310850 | G: 2.7364 | D_A: 0.0587 | D_B: 0.1553 | Cycle: 0.9238
Epoch 45/80 | Step 310900 | G: 2.7728 | D_A: 0.1957 | D_B: 0.0594 | Cycle: 0.9509
Epoch 45/80 | Step 310950 | G: 2.6316 | D_A: 0.0897 | D_B: 0.0801 | Cycle: 0.8273
Epoch 45/80 | Step 311000 | G: 1.9538 | D_A: 0.0662 | D_B: 0.0591 | Cycle: 0.7777
Epoch 45/80 | Step 311050 | G: 2.0300 | D_A: 0.1542 | D_B: 0.0895 | Cycle: 0.6706
Epoch 45/80 | Step 311100 | G: 2.3518 | D_A: 0.2108 | D_B: 0.1230 | Cycle: 0.8516
Epoch 45/80 | Step 311150 | G: 1.8685 | D_A: 0.2981 | D_B: 0.0783 | Cycle: 0.7295
Epoch 45/80 | Step 311200 | G: 2.2139 | D_A: 0.1297 | D_B: 0.0650 | Cycle: 0.6341
Epoch 45/80 | Step 311250 | G: 2.3666 | D_A: 0.0781 | D_B: 0.1270 | Cycle: 0.9127
Epoch 45/80 | Step 311300 | G: 1.8786 | D_A: 0.3407 | D_B: 0.1668 | Cycle: 0.6623
Epoch 45/80 | Step 311350 | G: 2.1692 | D_A: 0.1143 | D_B: 0.1166 | Cycle: 0.7904
Epoch 45/80 | Step 311400 | G: 1.3978 | D_A: 0.1613 | D_B: 0.2870 | Cycle: 0.6813
Epoch 45/80 | Step 311450 | G: 2.4041 | D_A: 0.0558 | D_B: 0.0393 | Cycle: 0.8206
Epoch 45/80 | Step 311500 | G: 2.2891 | D_A: 0.0896 | D_B: 0.0563 | Cycle: 0.8416
Epoch 45/80 | Step 311550 | G: 2.0299 | D_A: 0.1755 | D_B: 0.0691 | Cycle: 0.7754
Epoch 45/80 | Step 311600 | G: 1.7191 | D_A: 0.1253 | D_B: 0.1106 | Cycle: 0.6115
Epoch 45/80 | Step 311650 | G: 2.1558 | D_A: 0.1070 | D_B: 0.1319 | Cycle: 0.7716
Epoch 45/80 | Step 311700 | G: 2.7504 | D_A: 0.2821 | D_B: 0.0476 | Cycle: 1.0404
Epoch 45/80 | Step 311750 | G: 3.7694 | D_A: 0.0814 | D_B: 0.0747 | Cycle: 1.5655
Epoch 45/80 | Step 311800 | G: 2.0507 | D_A: 0.0670 | D_B: 0.0522 | Cycle: 0.7139
Epoch 45/80 | Step 311850 | G: 1.9665 | D_A: 0.0355 | D_B: 0.1724 | Cycle: 0.6741
Epoch 45/80 | Step 311900 | G: 1.8074 | D_A: 0.0604 | D_B: 0.1291 | Cycle: 0.7067
Epoch 45/80 | Step 311950 | G: 2.4085 | D_A: 0.1120 | D_B: 0.2121 | Cycle: 0.7494
Epoch 45/80 | Step 312000 | G: 2.0898 | D_A: 0.0743 | D_B: 0.0571 | Cycle: 0.7107
Epoch 45/80 | Step 312050 | G: 2.4517 | D_A: 0.0734 | D_B: 0.1034 | Cycle: 0.7123
Epoch 45/80 | Step 312100 | G: 2.6755 | D_A: 0.0940 | D_B: 0.0918 | Cycle: 1.0000
Epoch 45/80 | Step 312150 | G: 2.3932 | D_A: 0.0849 | D_B: 0.0705 | Cycle: 0.7212
Epoch 45/80 | Step 312200 | G: 2.8795 | D_A: 0.0777 | D_B: 0.1307 | Cycle: 0.8356
Epoch 45/80 | Step 312250 | G: 2.9344 | D_A: 0.0861 | D_B: 0.0800 | Cycle: 0.7661
Epoch 45/80 | Step 312300 | G: 2.8759 | D_A: 0.1231 | D_B: 0.0586 | Cycle: 0.8288
Epoch 45/80 | Step 312350 | G: 2.3745 | D_A: 0.1525 | D_B: 0.0664 | Cycle: 0.6493
Epoch 45/80 | Step 312400 | G: 1.7752 | D_A: 0.3921 | D_B: 0.1556 | Cycle: 0.6575
Epoch 45/80 | Step 312450 | G: 2.5098 | D_A: 0.0738 | D_B: 0.1185 | Cycle: 0.8781
Epoch 45/80 | Step 312500 | G: 2.4315 | D_A: 0.0767 | D_B: 0.0492 | Cycle: 0.7134
Epoch 45/80 | Step 312550 | G: 2.4498 | D_A: 0.1012 | D_B: 0.0657 | Cycle: 0.8661
Epoch 45/80 | Step 312600 | G: 2.9531 | D_A: 0.1365 | D_B: 0.0516 | Cycle: 0.8866
Epoch 45/80 | Step 312650 | G: 2.2402 | D_A: 0.0594 | D_B: 0.0821 | Cycle: 0.6596
Epoch 45/80 | Step 312700 | G: 1.7278 | D_A: 0.1120 | D_B: 0.0603 | Cycle: 0.6452
Epoch 45/80 | Step 312750 | G: 2.7461 | D_A: 0.0436 | D_B: 0.1056 | Cycle: 1.0424
Epoch 45/80 | Step 312800 | G: 2.5437 | D_A: 0.0625 | D_B: 0.0268 | Cycle: 0.7644
Epoch 45/80 | Step 312850 | G: 2.2542 | D_A: 0.1163 | D_B: 0.0458 | Cycle: 0.7644
Epoch 45/80 | Step 312900 | G: 1.8756 | D_A: 0.2142 | D_B: 0.0884 | Cycle: 0.8410
Epoch 45/80 | Step 312950 | G: 2.7339 | D_A: 0.2653 | D_B: 0.0268 | Cycle: 0.9532
Epoch 45/80 | Step 313000 | G: 2.1021 | D_A: 0.0990 | D_B: 0.0874 | Cycle: 0.9346
Epoch 45/80 | Step 313050 | G: 2.8222 | D_A: 0.1481 | D_B: 0.1081 | Cycle: 1.0252
Epoch 45/80 | Step 313100 | G: 2.0497 | D_A: 0.0701 | D_B: 0.0228 | Cycle: 0.6628
Epoch 45/80 | Step 313150 | G: 1.9852 | D_A: 0.1441 | D_B: 0.1072 | Cycle: 0.7620
Epoch 45/80 | Step 313200 | G: 2.6633 | D_A: 0.0959 | D_B: 0.1418 | Cycle: 0.7293
Epoch 45/80 | Step 313250 | G: 2.7909 | D_A: 0.2038 | D_B: 0.0755 | Cycle: 1.0616
Epoch 45/80 | Step 313300 | G: 2.5590 | D_A: 0.0473 | D_B: 0.1188 | Cycle: 0.8979
Epoch 45/80 | Step 313350 | G: 2.7199 | D_A: 0.2496 | D_B: 0.1613 | Cycle: 0.9290
Epoch 45/80 | Step 313400 | G: 2.2418 | D_A: 0.1142 | D_B: 0.0696 | Cycle: 0.7103
Epoch 45/80 | Step 313450 | G: 2.9487 | D_A: 0.1004 | D_B: 0.0483 | Cycle: 0.9700
Epoch 45/80 | Step 313500 | G: 1.9274 | D_A: 0.1274 | D_B: 0.0374 | Cycle: 0.6156
Epoch 45/80 | Step 313550 | G: 2.1591 | D_A: 0.1214 | D_B: 0.0632 | Cycle: 0.7169
Epoch 45/80 | Step 313600 | G: 2.3443 | D_A: 0.0568 | D_B: 0.0308 | Cycle: 0.7643
Epoch 45/80 | Step 313650 | G: 2.9183 | D_A: 0.0261 | D_B: 0.1253 | Cycle: 1.0416
Epoch 45/80 | Step 313700 | G: 3.3004 | D_A: 0.0925 | D_B: 0.0555 | Cycle: 0.9219
Epoch 45/80 | Step 313750 | G: 2.7096 | D_A: 0.1062 | D_B: 0.0734 | Cycle: 1.0235
Epoch 45/80 | Step 313800 | G: 2.2167 | D_A: 0.0997 | D_B: 0.1132 | Cycle: 0.6731
Epoch 45/80 | Step 313850 | G: 2.2383 | D_A: 0.1742 | D_B: 0.0633 | Cycle: 0.7300
Epoch 45/80 | Step 313900 | G: 1.9344 | D_A: 0.0737 | D_B: 0.0961 | Cycle: 0.7767
Epoch 45/80 | Step 313950 | G: 2.4288 | D_A: 0.0612 | D_B: 0.1933 | Cycle: 0.7714
Epoch 45/80 | Step 314000 | G: 2.2060 | D_A: 0.2002 | D_B: 0.0337 | Cycle: 0.8601
Epoch 45/80 | Step 314050 | G: 2.3984 | D_A: 0.1683 | D_B: 0.1057 | Cycle: 0.6472
Epoch 45/80 | Step 314100 | G: 2.3026 | D_A: 0.0736 | D_B: 0.0599 | Cycle: 0.7421
Epoch 45/80 | Step 314150 | G: 2.3996 | D_A: 0.1274 | D_B: 0.0440 | Cycle: 0.8965
Epoch 45/80 | Step 314200 | G: 3.5441 | D_A: 0.1255 | D_B: 0.1088 | Cycle: 0.7618
Epoch 45/80 | Step 314250 | G: 2.1266 | D_A: 0.1814 | D_B: 0.0922 | Cycle: 0.8514
Epoch 45/80 | Step 314300 | G: 2.1088 | D_A: 0.1380 | D_B: 0.1253 | Cycle: 0.7627
Epoch 45/80 | Step 314350 | G: 1.6117 | D_A: 0.4095 | D_B: 0.0985 | Cycle: 0.6738
Epoch 45/80 | Step 314400 | G: 2.4839 | D_A: 0.1171 | D_B: 0.0276 | Cycle: 0.7428
Epoch 45/80 | Step 314450 | G: 1.8803 | D_A: 0.0706 | D_B: 0.0793 | Cycle: 0.8138
Epoch 45/80 | Step 314500 | G: 2.1152 | D_A: 0.1492 | D_B: 0.0636 | Cycle: 0.7098
Epoch 45/80 | Step 314550 | G: 2.5062 | D_A: 0.0427 | D_B: 0.0477 | Cycle: 0.8278
Epoch 45/80 | Step 314600 | G: 2.2456 | D_A: 0.1478 | D_B: 0.0985 | Cycle: 0.7563
Epoch 45/80 | Step 314650 | G: 1.7699 | D_A: 0.1136 | D_B: 0.1582 | Cycle: 0.7491
Epoch 45/80 | Step 314700 | G: 2.2434 | D_A: 0.1574 | D_B: 0.0514 | Cycle: 0.6340
Epoch 45/80 | Step 314750 | G: 2.1631 | D_A: 0.2257 | D_B: 0.0640 | Cycle: 0.5877
Epoch 45/80 | Step 314800 | G: 2.1621 | D_A: 0.0535 | D_B: 0.1722 | Cycle: 0.8821
Epoch 45/80 | Step 314850 | G: 1.6651 | D_A: 0.0797 | D_B: 0.0852 | Cycle: 0.6544
Epoch 45/80 | Step 314900 | G: 1.8637 | D_A: 0.1905 | D_B: 0.1132 | Cycle: 0.6627
Epoch 45/80 | Step 314950 | G: 2.3015 | D_A: 0.0952 | D_B: 0.0395 | Cycle: 0.7718
Epoch 45/80 | Step 315000 | G: 2.2724 | D_A: 0.0757 | D_B: 0.0338 | Cycle: 0.9446
Epoch 45/80 | Step 315050 | G: 2.1467 | D_A: 0.0958 | D_B: 0.0499 | Cycle: 0.7257
Epoch 45/80 | Step 315100 | G: 2.0573 | D_A: 0.3715 | D_B: 0.1599 | Cycle: 0.6446
Epoch 45/80 | Step 315150 | G: 2.0406 | D_A: 0.0894 | D_B: 0.0840 | Cycle: 0.8214
Epoch 45/80 | Step 315200 | G: 1.7548 | D_A: 0.1388 | D_B: 0.1376 | Cycle: 0.9122
Epoch 45/80 | Step 315250 | G: 2.0451 | D_A: 0.1863 | D_B: 0.1037 | Cycle: 0.6940
Epoch 45/80 | Step 315300 | G: 2.6239 | D_A: 0.0849 | D_B: 0.0796 | Cycle: 1.0032
Epoch 45/80 | Step 315350 | G: 2.2278 | D_A: 0.1654 | D_B: 0.1706 | Cycle: 0.7281
Epoch 45/80 | Step 315400 | G: 1.6556 | D_A: 0.0715 | D_B: 0.2338 | Cycle: 0.5244
Epoch 45/80 | Step 315450 | G: 3.1148 | D_A: 0.1837 | D_B: 0.0528 | Cycle: 1.0077
Epoch 45/80 | Step 315500 | G: 2.3271 | D_A: 0.0947 | D_B: 0.1183 | Cycle: 0.6467
Epoch 45/80 | Step 315550 | G: 2.8358 | D_A: 0.0537 | D_B: 0.0576 | Cycle: 0.8099
Epoch 45/80 | Step 315600 | G: 2.4552 | D_A: 0.1313 | D_B: 0.2059 | Cycle: 0.8426
Epoch 45/80 | Step 315650 | G: 1.9849 | D_A: 0.1406 | D_B: 0.1830 | Cycle: 0.7786
Epoch 45/80 | Step 315700 | G: 2.4082 | D_A: 0.3098 | D_B: 0.0772 | Cycle: 0.7517
Epoch 45/80 | Step 315750 | G: 1.4497 | D_A: 0.1053 | D_B: 0.2591 | Cycle: 0.8426
Epoch 45/80 | Step 315800 | G: 2.1284 | D_A: 0.0727 | D_B: 0.0745 | Cycle: 0.8032
Epoch 45/80 | Step 315850 | G: 2.5479 | D_A: 0.0852 | D_B: 0.0674 | Cycle: 0.9146
Epoch 45/80 | Step 315900 | G: 2.2748 | D_A: 0.1581 | D_B: 0.0574 | Cycle: 0.8733
Epoch 45/80 | Step 315950 | G: 1.6121 | D_A: 0.0669 | D_B: 0.2006 | Cycle: 0.8558
Epoch 45/80 | Step 316000 | G: 2.6497 | D_A: 0.0518 | D_B: 0.1021 | Cycle: 0.7379
Epoch 45/80 | Step 316050 | G: 2.1203 | D_A: 0.0842 | D_B: 0.1907 | Cycle: 0.6830
Epoch 45/80 | Step 316100 | G: 2.4303 | D_A: 0.0928 | D_B: 0.0444 | Cycle: 0.8472
Epoch 45/80 | Step 316150 | G: 2.6474 | D_A: 0.1666 | D_B: 0.0743 | Cycle: 0.9479
Epoch 45/80 | Step 316200 | G: 1.7644 | D_A: 0.0614 | D_B: 0.0299 | Cycle: 0.7322
Epoch 45/80 | Step 316250 | G: 1.6926 | D_A: 0.1102 | D_B: 0.1385 | Cycle: 0.6516
Epoch 45/80 | Step 316300 | G: 1.7191 | D_A: 0.2252 | D_B: 0.1342 | Cycle: 0.6905
Epoch 45/80 | Step 316350 | G: 2.1267 | D_A: 0.1663 | D_B: 0.0677 | Cycle: 0.6491
Epoch 45/80 | Step 316400 | G: 2.3990 | D_A: 0.0446 | D_B: 0.0988 | Cycle: 0.8316
Epoch 45/80 | Step 316450 | G: 1.8690 | D_A: 0.1033 | D_B: 0.0927 | Cycle: 0.7249
Epoch 45/80 | Step 316500 | G: 2.8811 | D_A: 0.0612 | D_B: 0.0288 | Cycle: 0.8263
Epoch 45/80 | Step 316550 | G: 2.2330 | D_A: 0.1610 | D_B: 0.1283 | Cycle: 0.7352
Epoch 45/80 | Step 316600 | G: 2.3664 | D_A: 0.0562 | D_B: 0.0444 | Cycle: 0.9014
Epoch 45/80 | Step 316650 | G: 3.1739 | D_A: 0.1191 | D_B: 0.1335 | Cycle: 0.8082
Epoch 45/80 | Step 316700 | G: 2.7899 | D_A: 0.1687 | D_B: 0.0682 | Cycle: 0.7224
Epoch 45/80 complete | Time: 429s | Avg G: 2.3374 | Avg D: 0.1044
Epoch 46/80 | Step 316750 | G: 1.9337 | D_A: 0.1268 | D_B: 0.1223 | Cycle: 0.7123
Epoch 46/80 | Step 316800 | G: 2.0881 | D_A: 0.1445 | D_B: 0.0653 | Cycle: 0.7713
Epoch 46/80 | Step 316850 | G: 2.9087 | D_A: 0.0720 | D_B: 0.0272 | Cycle: 0.8702
Epoch 46/80 | Step 316900 | G: 2.5338 | D_A: 0.0343 | D_B: 0.0811 | Cycle: 0.6284
Epoch 46/80 | Step 316950 | G: 1.9472 | D_A: 0.1423 | D_B: 0.1278 | Cycle: 0.8287
Epoch 46/80 | Step 317000 | G: 2.4028 | D_A: 0.1249 | D_B: 0.0511 | Cycle: 0.7734
Epoch 46/80 | Step 317050 | G: 1.6128 | D_A: 0.2443 | D_B: 0.0494 | Cycle: 0.6783
Epoch 46/80 | Step 317100 | G: 2.5015 | D_A: 0.0555 | D_B: 0.0371 | Cycle: 0.7565
Epoch 46/80 | Step 317150 | G: 2.1421 | D_A: 0.0450 | D_B: 0.1205 | Cycle: 0.7372
Epoch 46/80 | Step 317200 | G: 2.7517 | D_A: 0.0690 | D_B: 0.0294 | Cycle: 0.8616
Epoch 46/80 | Step 317250 | G: 2.4763 | D_A: 0.0426 | D_B: 0.0444 | Cycle: 0.7506
Epoch 46/80 | Step 317300 | G: 2.5314 | D_A: 0.0688 | D_B: 0.0799 | Cycle: 0.8880
Epoch 46/80 | Step 317350 | G: 2.9387 | D_A: 0.0548 | D_B: 0.0365 | Cycle: 0.7352
Epoch 46/80 | Step 317400 | G: 2.2008 | D_A: 0.1330 | D_B: 0.1206 | Cycle: 0.8438
Epoch 46/80 | Step 317450 | G: 2.4617 | D_A: 0.0681 | D_B: 0.0387 | Cycle: 0.7636
Epoch 46/80 | Step 317500 | G: 2.4517 | D_A: 0.1821 | D_B: 0.1076 | Cycle: 0.9282
Epoch 46/80 | Step 317550 | G: 1.7134 | D_A: 0.1915 | D_B: 0.0712 | Cycle: 0.6980
Epoch 46/80 | Step 317600 | G: 2.4667 | D_A: 0.1068 | D_B: 0.0488 | Cycle: 0.7964
Epoch 46/80 | Step 317650 | G: 1.5625 | D_A: 0.1211 | D_B: 0.1817 | Cycle: 0.5973
Epoch 46/80 | Step 317700 | G: 2.3591 | D_A: 0.0499 | D_B: 0.1005 | Cycle: 0.7141
Epoch 46/80 | Step 317750 | G: 2.1982 | D_A: 0.1154 | D_B: 0.0959 | Cycle: 0.7191
Epoch 46/80 | Step 317800 | G: 2.7146 | D_A: 0.0984 | D_B: 0.0413 | Cycle: 0.9431
Epoch 46/80 | Step 317850 | G: 2.6717 | D_A: 0.1044 | D_B: 0.0839 | Cycle: 0.7133
Epoch 46/80 | Step 317900 | G: 1.4798 | D_A: 0.3506 | D_B: 0.1266 | Cycle: 0.7037
Epoch 46/80 | Step 317950 | G: 2.7303 | D_A: 0.0684 | D_B: 0.0737 | Cycle: 0.9632
Epoch 46/80 | Step 318000 | G: 2.3297 | D_A: 0.0730 | D_B: 0.0643 | Cycle: 0.8948
Epoch 46/80 | Step 318050 | G: 2.7741 | D_A: 0.0963 | D_B: 0.0622 | Cycle: 1.0939
Epoch 46/80 | Step 318100 | G: 2.7990 | D_A: 0.0460 | D_B: 0.0733 | Cycle: 1.0159
Epoch 46/80 | Step 318150 | G: 2.7764 | D_A: 0.0254 | D_B: 0.1100 | Cycle: 0.8088
Epoch 46/80 | Step 318200 | G: 2.4126 | D_A: 0.1042 | D_B: 0.0699 | Cycle: 0.9292
Epoch 46/80 | Step 318250 | G: 1.8409 | D_A: 0.1440 | D_B: 0.0861 | Cycle: 0.5683
Epoch 46/80 | Step 318300 | G: 2.6688 | D_A: 0.0747 | D_B: 0.0483 | Cycle: 0.9418
Epoch 46/80 | Step 318350 | G: 3.0978 | D_A: 0.0877 | D_B: 0.0516 | Cycle: 0.9936
Epoch 46/80 | Step 318400 | G: 2.5527 | D_A: 0.1036 | D_B: 0.1803 | Cycle: 0.6917
Epoch 46/80 | Step 318450 | G: 2.4629 | D_A: 0.0807 | D_B: 0.1008 | Cycle: 0.6797
Epoch 46/80 | Step 318500 | G: 2.4007 | D_A: 0.0666 | D_B: 0.0492 | Cycle: 0.8505
Epoch 46/80 | Step 318550 | G: 2.0393 | D_A: 0.0526 | D_B: 0.0657 | Cycle: 0.9462
Epoch 46/80 | Step 318600 | G: 1.8358 | D_A: 0.0752 | D_B: 0.1454 | Cycle: 0.5451
Epoch 46/80 | Step 318650 | G: 2.5691 | D_A: 0.2389 | D_B: 0.0567 | Cycle: 0.8496
Epoch 46/80 | Step 318700 | G: 2.0039 | D_A: 0.0244 | D_B: 0.0448 | Cycle: 0.6765
Epoch 46/80 | Step 318750 | G: 1.9869 | D_A: 0.0697 | D_B: 0.1005 | Cycle: 0.6809
Epoch 46/80 | Step 318800 | G: 3.1084 | D_A: 0.1336 | D_B: 0.0382 | Cycle: 0.7072
Epoch 46/80 | Step 318850 | G: 2.3333 | D_A: 0.1191 | D_B: 0.0841 | Cycle: 0.7150
Epoch 46/80 | Step 318900 | G: 2.0736 | D_A: 0.1037 | D_B: 0.0520 | Cycle: 0.6510
Epoch 46/80 | Step 318950 | G: 1.9562 | D_A: 0.1785 | D_B: 0.0985 | Cycle: 0.6507
Epoch 46/80 | Step 319000 | G: 2.5744 | D_A: 0.0715 | D_B: 0.0478 | Cycle: 0.5921
Epoch 46/80 | Step 319050 | G: 2.6847 | D_A: 0.2042 | D_B: 0.0610 | Cycle: 0.6644
Epoch 46/80 | Step 319100 | G: 2.7107 | D_A: 0.1245 | D_B: 0.1026 | Cycle: 0.8968
Epoch 46/80 | Step 319150 | G: 2.0242 | D_A: 0.2038 | D_B: 0.1023 | Cycle: 0.6278
Epoch 46/80 | Step 319200 | G: 2.5785 | D_A: 0.1193 | D_B: 0.1060 | Cycle: 0.7861
Epoch 46/80 | Step 319250 | G: 2.1307 | D_A: 0.1029 | D_B: 0.0936 | Cycle: 0.7937
Epoch 46/80 | Step 319300 | G: 1.8867 | D_A: 0.1302 | D_B: 0.0265 | Cycle: 0.7837
Epoch 46/80 | Step 319350 | G: 2.4143 | D_A: 0.1312 | D_B: 0.0481 | Cycle: 0.8615
Epoch 46/80 | Step 319400 | G: 1.9726 | D_A: 0.1750 | D_B: 0.0973 | Cycle: 0.8286
Epoch 46/80 | Step 319450 | G: 3.1561 | D_A: 0.0604 | D_B: 0.1120 | Cycle: 0.9325
Epoch 46/80 | Step 319500 | G: 2.6451 | D_A: 0.0777 | D_B: 0.0672 | Cycle: 0.7617
Epoch 46/80 | Step 319550 | G: 2.0869 | D_A: 0.0703 | D_B: 0.1186 | Cycle: 0.7571
Epoch 46/80 | Step 319600 | G: 1.6801 | D_A: 0.0765 | D_B: 0.1426 | Cycle: 0.5960
Epoch 46/80 | Step 319650 | G: 2.3875 | D_A: 0.0605 | D_B: 0.0890 | Cycle: 0.8874
Epoch 46/80 | Step 319700 | G: 2.4680 | D_A: 0.1001 | D_B: 0.0865 | Cycle: 1.0041
Epoch 46/80 | Step 319750 | G: 1.8497 | D_A: 0.1776 | D_B: 0.1095 | Cycle: 0.8023
Epoch 46/80 | Step 319800 | G: 2.2451 | D_A: 0.1692 | D_B: 0.1229 | Cycle: 0.9386
Epoch 46/80 | Step 319850 | G: 2.4341 | D_A: 0.1826 | D_B: 0.0848 | Cycle: 0.6619
Epoch 46/80 | Step 319900 | G: 2.1375 | D_A: 0.0595 | D_B: 0.0703 | Cycle: 0.7464
Epoch 46/80 | Step 319950 | G: 2.6668 | D_A: 0.0714 | D_B: 0.0699 | Cycle: 0.7210
Epoch 46/80 | Step 320000 | G: 2.3866 | D_A: 0.0801 | D_B: 0.0584 | Cycle: 0.9728
Epoch 46/80 | Step 320050 | G: 2.9375 | D_A: 0.0553 | D_B: 0.1145 | Cycle: 0.7373
Epoch 46/80 | Step 320100 | G: 2.2537 | D_A: 0.1111 | D_B: 0.0670 | Cycle: 0.9723
Epoch 46/80 | Step 320150 | G: 2.0408 | D_A: 0.1204 | D_B: 0.0390 | Cycle: 0.7883
Epoch 46/80 | Step 320200 | G: 2.0260 | D_A: 0.1236 | D_B: 0.1030 | Cycle: 0.7619
Epoch 46/80 | Step 320250 | G: 2.5506 | D_A: 0.0664 | D_B: 0.0875 | Cycle: 0.8864
Epoch 46/80 | Step 320300 | G: 2.6619 | D_A: 0.1105 | D_B: 0.1588 | Cycle: 0.9680
Epoch 46/80 | Step 320350 | G: 2.9636 | D_A: 0.0282 | D_B: 0.0363 | Cycle: 1.1431
Epoch 46/80 | Step 320400 | G: 2.3037 | D_A: 0.1166 | D_B: 0.0820 | Cycle: 0.9509
Epoch 46/80 | Step 320450 | G: 2.1097 | D_A: 0.0877 | D_B: 0.1145 | Cycle: 0.7012
Epoch 46/80 | Step 320500 | G: 2.4027 | D_A: 0.0647 | D_B: 0.0297 | Cycle: 0.7535
Epoch 46/80 | Step 320550 | G: 2.8396 | D_A: 0.0986 | D_B: 0.0722 | Cycle: 0.8239
Epoch 46/80 | Step 320600 | G: 2.6914 | D_A: 0.0491 | D_B: 0.0415 | Cycle: 1.0150
Epoch 46/80 | Step 320650 | G: 2.2704 | D_A: 0.1346 | D_B: 0.0638 | Cycle: 0.8742
Epoch 46/80 | Step 320700 | G: 1.8454 | D_A: 0.1145 | D_B: 0.1188 | Cycle: 0.6931
Epoch 46/80 | Step 320750 | G: 2.5899 | D_A: 0.1171 | D_B: 0.1198 | Cycle: 0.6530
Epoch 46/80 | Step 320800 | G: 2.2181 | D_A: 0.1849 | D_B: 0.0757 | Cycle: 0.6595
Epoch 46/80 | Step 320850 | G: 2.2964 | D_A: 0.1014 | D_B: 0.0727 | Cycle: 0.8541
Epoch 46/80 | Step 320900 | G: 2.2476 | D_A: 0.0586 | D_B: 0.1102 | Cycle: 0.9432
Epoch 46/80 | Step 320950 | G: 1.8817 | D_A: 0.0762 | D_B: 0.1611 | Cycle: 0.7714
Epoch 46/80 | Step 321000 | G: 2.1985 | D_A: 0.1531 | D_B: 0.0958 | Cycle: 0.7186
Epoch 46/80 | Step 321050 | G: 2.6277 | D_A: 0.0654 | D_B: 0.0484 | Cycle: 0.9716
Epoch 46/80 | Step 321100 | G: 2.8965 | D_A: 0.0581 | D_B: 0.0706 | Cycle: 1.0949
Epoch 46/80 | Step 321150 | G: 2.5170 | D_A: 0.2447 | D_B: 0.0384 | Cycle: 0.6347
Epoch 46/80 | Step 321200 | G: 2.1619 | D_A: 0.0995 | D_B: 0.1276 | Cycle: 0.7322
Epoch 46/80 | Step 321250 | G: 2.8691 | D_A: 0.2341 | D_B: 0.1616 | Cycle: 1.1076
Epoch 46/80 | Step 321300 | G: 1.5740 | D_A: 0.1410 | D_B: 0.1567 | Cycle: 0.6134
Epoch 46/80 | Step 321350 | G: 1.8439 | D_A: 0.1140 | D_B: 0.1155 | Cycle: 0.6713
Epoch 46/80 | Step 321400 | G: 1.9694 | D_A: 0.0895 | D_B: 0.0682 | Cycle: 0.6211
Epoch 46/80 | Step 321450 | G: 2.8599 | D_A: 0.0699 | D_B: 0.0436 | Cycle: 0.8803
Epoch 46/80 | Step 321500 | G: 2.0734 | D_A: 0.0792 | D_B: 0.0393 | Cycle: 0.6040
Epoch 46/80 | Step 321550 | G: 2.4872 | D_A: 0.0731 | D_B: 0.0572 | Cycle: 0.7778
Epoch 46/80 | Step 321600 | G: 3.1604 | D_A: 0.0804 | D_B: 0.1310 | Cycle: 0.8902
Epoch 46/80 | Step 321650 | G: 2.0967 | D_A: 0.1447 | D_B: 0.0644 | Cycle: 0.7362
Epoch 46/80 | Step 321700 | G: 2.2136 | D_A: 0.1291 | D_B: 0.0447 | Cycle: 0.7093
Epoch 46/80 | Step 321750 | G: 2.8616 | D_A: 0.0439 | D_B: 0.1429 | Cycle: 0.9623
Epoch 46/80 | Step 321800 | G: 2.3351 | D_A: 0.0231 | D_B: 0.0889 | Cycle: 0.8288
Epoch 46/80 | Step 321850 | G: 2.3604 | D_A: 0.0912 | D_B: 0.0695 | Cycle: 0.8059
Epoch 46/80 | Step 321900 | G: 2.5791 | D_A: 0.1233 | D_B: 0.0394 | Cycle: 0.7172
Epoch 46/80 | Step 321950 | G: 2.2823 | D_A: 0.1611 | D_B: 0.2152 | Cycle: 0.9279
Epoch 46/80 | Step 322000 | G: 2.3175 | D_A: 0.1258 | D_B: 0.1722 | Cycle: 0.8311
Epoch 46/80 | Step 322050 | G: 2.2378 | D_A: 0.0589 | D_B: 0.0334 | Cycle: 0.6708
Epoch 46/80 | Step 322100 | G: 2.5557 | D_A: 0.0584 | D_B: 0.0690 | Cycle: 0.8239
Epoch 46/80 | Step 322150 | G: 2.6951 | D_A: 0.1325 | D_B: 0.0399 | Cycle: 0.9117
Epoch 46/80 | Step 322200 | G: 2.1829 | D_A: 0.0972 | D_B: 0.0364 | Cycle: 0.8629
Epoch 46/80 | Step 322250 | G: 1.5321 | D_A: 0.1981 | D_B: 0.1085 | Cycle: 0.5554
Epoch 46/80 | Step 322300 | G: 1.8044 | D_A: 0.1970 | D_B: 0.1744 | Cycle: 0.8071
Epoch 46/80 | Step 322350 | G: 2.4722 | D_A: 0.0759 | D_B: 0.0850 | Cycle: 0.8180
Epoch 46/80 | Step 322400 | G: 2.2987 | D_A: 0.1851 | D_B: 0.0643 | Cycle: 0.9979
Epoch 46/80 | Step 322450 | G: 2.0502 | D_A: 0.1107 | D_B: 0.1413 | Cycle: 0.6530
Epoch 46/80 | Step 322500 | G: 2.4040 | D_A: 0.1477 | D_B: 0.0533 | Cycle: 0.7569
Epoch 46/80 | Step 322550 | G: 2.1908 | D_A: 0.0987 | D_B: 0.0874 | Cycle: 0.7162
Epoch 46/80 | Step 322600 | G: 2.8157 | D_A: 0.1497 | D_B: 0.2124 | Cycle: 0.8736
Epoch 46/80 | Step 322650 | G: 2.5525 | D_A: 0.0633 | D_B: 0.0468 | Cycle: 0.9308
Epoch 46/80 | Step 322700 | G: 2.1680 | D_A: 0.1548 | D_B: 0.0562 | Cycle: 0.8910
Epoch 46/80 | Step 322750 | G: 2.8106 | D_A: 0.0508 | D_B: 0.1190 | Cycle: 0.7273
Epoch 46/80 | Step 322800 | G: 2.3769 | D_A: 0.1439 | D_B: 0.0871 | Cycle: 0.8803
Epoch 46/80 | Step 322850 | G: 3.5675 | D_A: 0.1694 | D_B: 0.0436 | Cycle: 0.6992
Epoch 46/80 | Step 322900 | G: 2.5751 | D_A: 0.0840 | D_B: 0.0649 | Cycle: 0.7759
Epoch 46/80 | Step 322950 | G: 1.9167 | D_A: 0.0989 | D_B: 0.0440 | Cycle: 0.6997
Epoch 46/80 | Step 323000 | G: 1.8480 | D_A: 0.1057 | D_B: 0.1040 | Cycle: 0.7179
Epoch 46/80 | Step 323050 | G: 1.9269 | D_A: 0.0654 | D_B: 0.1254 | Cycle: 0.5532
Epoch 46/80 | Step 323100 | G: 2.0416 | D_A: 0.0965 | D_B: 0.0887 | Cycle: 0.7606
Epoch 46/80 | Step 323150 | G: 1.8833 | D_A: 0.1079 | D_B: 0.0869 | Cycle: 0.8573
Epoch 46/80 | Step 323200 | G: 2.6626 | D_A: 0.1601 | D_B: 0.0338 | Cycle: 0.9635
Epoch 46/80 | Step 323250 | G: 2.7291 | D_A: 0.1463 | D_B: 0.2079 | Cycle: 1.0168
Epoch 46/80 | Step 323300 | G: 2.1583 | D_A: 0.1763 | D_B: 0.0613 | Cycle: 0.7923
Epoch 46/80 | Step 323350 | G: 2.1438 | D_A: 0.0757 | D_B: 0.0762 | Cycle: 0.6186
Epoch 46/80 | Step 323400 | G: 2.2282 | D_A: 0.0597 | D_B: 0.1092 | Cycle: 0.8539
Epoch 46/80 | Step 323450 | G: 2.2000 | D_A: 0.0214 | D_B: 0.1535 | Cycle: 0.7148
Epoch 46/80 | Step 323500 | G: 2.8331 | D_A: 0.1028 | D_B: 0.0759 | Cycle: 0.8546
Epoch 46/80 | Step 323550 | G: 1.9507 | D_A: 0.0957 | D_B: 0.0534 | Cycle: 0.6118
Epoch 46/80 | Step 323600 | G: 2.1150 | D_A: 0.1043 | D_B: 0.0589 | Cycle: 0.7672
Epoch 46/80 | Step 323650 | G: 2.2079 | D_A: 0.0749 | D_B: 0.1234 | Cycle: 0.7643
Epoch 46/80 | Step 323700 | G: 3.2751 | D_A: 0.0945 | D_B: 0.0508 | Cycle: 0.8611
Epoch 46/80 complete | Time: 430s | Avg G: 2.3510 | Avg D: 0.1025
Epoch 47/80 | Step 323750 | G: 2.1108 | D_A: 0.0547 | D_B: 0.0535 | Cycle: 0.8842
Epoch 47/80 | Step 323800 | G: 2.5141 | D_A: 0.0809 | D_B: 0.0601 | Cycle: 0.9203
Epoch 47/80 | Step 323850 | G: 2.7404 | D_A: 0.1539 | D_B: 0.1286 | Cycle: 0.8074
Epoch 47/80 | Step 323900 | G: 2.5442 | D_A: 0.1398 | D_B: 0.0892 | Cycle: 0.7270
Epoch 47/80 | Step 323950 | G: 2.5085 | D_A: 0.0835 | D_B: 0.1160 | Cycle: 0.8504
Epoch 47/80 | Step 324000 | G: 1.5032 | D_A: 0.2530 | D_B: 0.1855 | Cycle: 0.5562
Epoch 47/80 | Step 324050 | G: 2.1543 | D_A: 0.1249 | D_B: 0.1594 | Cycle: 0.7776
Epoch 47/80 | Step 324100 | G: 2.6618 | D_A: 0.0672 | D_B: 0.1287 | Cycle: 0.8904
Epoch 47/80 | Step 324150 | G: 2.2452 | D_A: 0.2136 | D_B: 0.0584 | Cycle: 0.8143
Epoch 47/80 | Step 324200 | G: 2.8042 | D_A: 0.1837 | D_B: 0.0792 | Cycle: 0.8351
Epoch 47/80 | Step 324250 | G: 2.1284 | D_A: 0.1186 | D_B: 0.1129 | Cycle: 0.7167
Epoch 47/80 | Step 324300 | G: 2.4954 | D_A: 0.0928 | D_B: 0.0497 | Cycle: 0.7974
Epoch 47/80 | Step 324350 | G: 1.8736 | D_A: 0.0388 | D_B: 0.0917 | Cycle: 0.8790
Epoch 47/80 | Step 324400 | G: 1.9427 | D_A: 0.0706 | D_B: 0.2699 | Cycle: 0.7548
Epoch 47/80 | Step 324450 | G: 2.8481 | D_A: 0.0898 | D_B: 0.0943 | Cycle: 0.8499
Epoch 47/80 | Step 324500 | G: 2.4895 | D_A: 0.1369 | D_B: 0.1025 | Cycle: 0.7589
Epoch 47/80 | Step 324550 | G: 2.2854 | D_A: 0.1171 | D_B: 0.1006 | Cycle: 0.9684
Epoch 47/80 | Step 324600 | G: 2.1123 | D_A: 0.0776 | D_B: 0.1953 | Cycle: 0.9144
Epoch 47/80 | Step 324650 | G: 2.3725 | D_A: 0.0952 | D_B: 0.0754 | Cycle: 0.8044
Epoch 47/80 | Step 324700 | G: 2.1255 | D_A: 0.1178 | D_B: 0.0750 | Cycle: 0.7811
Epoch 47/80 | Step 324750 | G: 2.1043 | D_A: 0.2056 | D_B: 0.0265 | Cycle: 0.7437
Epoch 47/80 | Step 324800 | G: 2.3417 | D_A: 0.0574 | D_B: 0.0498 | Cycle: 0.6281
Epoch 47/80 | Step 324850 | G: 2.1217 | D_A: 0.0862 | D_B: 0.0964 | Cycle: 0.6984
Epoch 47/80 | Step 324900 | G: 2.8918 | D_A: 0.1464 | D_B: 0.0721 | Cycle: 0.8268
Epoch 47/80 | Step 324950 | G: 2.0928 | D_A: 0.3255 | D_B: 0.1548 | Cycle: 0.8452
Epoch 47/80 | Step 325000 | G: 2.5740 | D_A: 0.1348 | D_B: 0.1378 | Cycle: 0.7120
Epoch 47/80 | Step 325050 | G: 1.8822 | D_A: 0.1332 | D_B: 0.0401 | Cycle: 0.6690
Epoch 47/80 | Step 325100 | G: 2.6084 | D_A: 0.1066 | D_B: 0.0637 | Cycle: 0.7763
Epoch 47/80 | Step 325150 | G: 2.7080 | D_A: 0.0557 | D_B: 0.0459 | Cycle: 0.7946
Epoch 47/80 | Step 325200 | G: 2.5343 | D_A: 0.1048 | D_B: 0.0475 | Cycle: 0.8971
Epoch 47/80 | Step 325250 | G: 1.2016 | D_A: 0.1783 | D_B: 0.0694 | Cycle: 0.5342
Epoch 47/80 | Step 325300 | G: 2.5063 | D_A: 0.2000 | D_B: 0.1263 | Cycle: 0.7525
Epoch 47/80 | Step 325350 | G: 2.1116 | D_A: 0.2219 | D_B: 0.0489 | Cycle: 0.8599
Epoch 47/80 | Step 325400 | G: 2.3999 | D_A: 0.0800 | D_B: 0.0305 | Cycle: 0.6259
Epoch 47/80 | Step 325450 | G: 2.1187 | D_A: 0.1269 | D_B: 0.0727 | Cycle: 0.6641
Epoch 47/80 | Step 325500 | G: 2.3305 | D_A: 0.1135 | D_B: 0.0496 | Cycle: 0.8760
Epoch 47/80 | Step 325550 | G: 2.0865 | D_A: 0.1002 | D_B: 0.0418 | Cycle: 0.6644
Epoch 47/80 | Step 325600 | G: 2.2347 | D_A: 0.1115 | D_B: 0.1025 | Cycle: 0.7082
Epoch 47/80 | Step 325650 | G: 1.4686 | D_A: 0.1622 | D_B: 0.2128 | Cycle: 0.6080
Epoch 47/80 | Step 325700 | G: 1.9909 | D_A: 0.1007 | D_B: 0.2592 | Cycle: 0.6897
Epoch 47/80 | Step 325750 | G: 2.6237 | D_A: 0.1051 | D_B: 0.0448 | Cycle: 0.9927
Epoch 47/80 | Step 325800 | G: 1.5242 | D_A: 0.1133 | D_B: 0.0425 | Cycle: 0.7196
Epoch 47/80 | Step 325850 | G: 3.4087 | D_A: 0.0407 | D_B: 0.0320 | Cycle: 0.9320
Epoch 47/80 | Step 325900 | G: 2.3286 | D_A: 0.0912 | D_B: 0.0533 | Cycle: 0.9136
Epoch 47/80 | Step 325950 | G: 2.9141 | D_A: 0.0473 | D_B: 0.0687 | Cycle: 1.0598
Epoch 47/80 | Step 326000 | G: 2.2935 | D_A: 0.1439 | D_B: 0.1002 | Cycle: 0.6946
Epoch 47/80 | Step 326050 | G: 1.9938 | D_A: 0.1369 | D_B: 0.0640 | Cycle: 0.7354
Epoch 47/80 | Step 326100 | G: 2.4493 | D_A: 0.1350 | D_B: 0.0725 | Cycle: 0.9289
Epoch 47/80 | Step 326150 | G: 2.5441 | D_A: 0.1808 | D_B: 0.0345 | Cycle: 0.8831
Epoch 47/80 | Step 326200 | G: 2.5929 | D_A: 0.1499 | D_B: 0.0345 | Cycle: 0.8015
Epoch 47/80 | Step 326250 | G: 2.0639 | D_A: 0.0807 | D_B: 0.0493 | Cycle: 0.6980
Epoch 47/80 | Step 326300 | G: 2.0908 | D_A: 0.1285 | D_B: 0.1650 | Cycle: 0.7416
Epoch 47/80 | Step 326350 | G: 2.2791 | D_A: 0.0655 | D_B: 0.0640 | Cycle: 0.7852
Epoch 47/80 | Step 326400 | G: 2.2051 | D_A: 0.0658 | D_B: 0.0605 | Cycle: 0.6921
Epoch 47/80 | Step 326450 | G: 2.5471 | D_A: 0.1479 | D_B: 0.1107 | Cycle: 0.8354
Epoch 47/80 | Step 326500 | G: 2.3560 | D_A: 0.0970 | D_B: 0.0906 | Cycle: 0.7557
Epoch 47/80 | Step 326550 | G: 3.2078 | D_A: 0.1409 | D_B: 0.0439 | Cycle: 1.1635
Epoch 47/80 | Step 326600 | G: 2.6068 | D_A: 0.1948 | D_B: 0.0899 | Cycle: 0.7420
Epoch 47/80 | Step 326650 | G: 1.9035 | D_A: 0.0431 | D_B: 0.0893 | Cycle: 0.6960
Epoch 47/80 | Step 326700 | G: 2.3820 | D_A: 0.1404 | D_B: 0.1589 | Cycle: 0.8124
Epoch 47/80 | Step 326750 | G: 1.3905 | D_A: 0.2164 | D_B: 0.1002 | Cycle: 0.7468
Epoch 47/80 | Step 326800 | G: 2.6909 | D_A: 0.2549 | D_B: 0.0293 | Cycle: 0.8592
Epoch 47/80 | Step 326850 | G: 2.0661 | D_A: 0.0553 | D_B: 0.0709 | Cycle: 0.6860
Epoch 47/80 | Step 326900 | G: 2.2001 | D_A: 0.1155 | D_B: 0.1064 | Cycle: 1.0724
Epoch 47/80 | Step 326950 | G: 2.2969 | D_A: 0.1457 | D_B: 0.0878 | Cycle: 0.9780
Epoch 47/80 | Step 327000 | G: 1.7935 | D_A: 0.1027 | D_B: 0.0911 | Cycle: 0.8549
Epoch 47/80 | Step 327050 | G: 3.0297 | D_A: 0.0436 | D_B: 0.0941 | Cycle: 1.0919
Epoch 47/80 | Step 327100 | G: 2.9474 | D_A: 0.1324 | D_B: 0.0592 | Cycle: 0.7878
Epoch 47/80 | Step 327150 | G: 2.9128 | D_A: 0.3310 | D_B: 0.0461 | Cycle: 0.8817
Epoch 47/80 | Step 327200 | G: 2.0645 | D_A: 0.0938 | D_B: 0.0399 | Cycle: 0.6812
Epoch 47/80 | Step 327250 | G: 2.6550 | D_A: 0.0599 | D_B: 0.0516 | Cycle: 0.8859
Epoch 47/80 | Step 327300 | G: 1.8488 | D_A: 0.0651 | D_B: 0.1268 | Cycle: 0.6328
Epoch 47/80 | Step 327350 | G: 3.2969 | D_A: 0.1643 | D_B: 0.0895 | Cycle: 1.0205
Epoch 47/80 | Step 327400 | G: 2.1184 | D_A: 0.0921 | D_B: 0.0583 | Cycle: 0.7346
Epoch 47/80 | Step 327450 | G: 2.1432 | D_A: 0.1907 | D_B: 0.1851 | Cycle: 0.7343
Epoch 47/80 | Step 327500 | G: 2.5988 | D_A: 0.1209 | D_B: 0.0281 | Cycle: 0.7503
Epoch 47/80 | Step 327550 | G: 2.9876 | D_A: 0.2110 | D_B: 0.0743 | Cycle: 0.9578
Epoch 47/80 | Step 327600 | G: 2.1636 | D_A: 0.2411 | D_B: 0.0853 | Cycle: 0.7585
Epoch 47/80 | Step 327650 | G: 2.3449 | D_A: 0.0344 | D_B: 0.0997 | Cycle: 0.9000
Epoch 47/80 | Step 327700 | G: 1.4928 | D_A: 0.3368 | D_B: 0.1605 | Cycle: 0.5931
Epoch 47/80 | Step 327750 | G: 2.5935 | D_A: 0.0331 | D_B: 0.0279 | Cycle: 0.6776
Epoch 47/80 | Step 327800 | G: 2.4514 | D_A: 0.1242 | D_B: 0.0411 | Cycle: 0.6010
Epoch 47/80 | Step 327850 | G: 2.6877 | D_A: 0.1327 | D_B: 0.0618 | Cycle: 0.7122
Epoch 47/80 | Step 327900 | G: 3.3474 | D_A: 0.0788 | D_B: 0.0619 | Cycle: 1.1689
Epoch 47/80 | Step 327950 | G: 2.0403 | D_A: 0.1587 | D_B: 0.2348 | Cycle: 0.8930
Epoch 47/80 | Step 328000 | G: 2.9167 | D_A: 0.1033 | D_B: 0.0451 | Cycle: 0.7752
Epoch 47/80 | Step 328050 | G: 2.6650 | D_A: 0.0713 | D_B: 0.0460 | Cycle: 0.9123
Epoch 47/80 | Step 328100 | G: 2.4655 | D_A: 0.0730 | D_B: 0.1001 | Cycle: 0.7677
Epoch 47/80 | Step 328150 | G: 2.2572 | D_A: 0.0750 | D_B: 0.0890 | Cycle: 0.6283
Epoch 47/80 | Step 328200 | G: 1.4253 | D_A: 0.0952 | D_B: 0.1131 | Cycle: 0.5322
Epoch 47/80 | Step 328250 | G: 1.9924 | D_A: 0.0600 | D_B: 0.0670 | Cycle: 0.7327
Epoch 47/80 | Step 328300 | G: 2.0629 | D_A: 0.0445 | D_B: 0.0577 | Cycle: 0.7196
Epoch 47/80 | Step 328350 | G: 2.6763 | D_A: 0.1432 | D_B: 0.0518 | Cycle: 0.7450
Epoch 47/80 | Step 328400 | G: 2.1175 | D_A: 0.0792 | D_B: 0.0657 | Cycle: 0.8261
Epoch 47/80 | Step 328450 | G: 2.6459 | D_A: 0.0961 | D_B: 0.0663 | Cycle: 0.8328
Epoch 47/80 | Step 328500 | G: 2.5194 | D_A: 0.0587 | D_B: 0.0482 | Cycle: 0.8737
Epoch 47/80 | Step 328550 | G: 3.4358 | D_A: 0.0648 | D_B: 0.0624 | Cycle: 0.7494
Epoch 47/80 | Step 328600 | G: 2.2572 | D_A: 0.1411 | D_B: 0.0453 | Cycle: 0.7059
Epoch 47/80 | Step 328650 | G: 2.5678 | D_A: 0.0594 | D_B: 0.0398 | Cycle: 0.6823
Epoch 47/80 | Step 328700 | G: 2.3808 | D_A: 0.1392 | D_B: 0.0541 | Cycle: 0.7900
Epoch 47/80 | Step 328750 | G: 3.0268 | D_A: 0.0802 | D_B: 0.0291 | Cycle: 0.9704
Epoch 47/80 | Step 328800 | G: 2.4480 | D_A: 0.0390 | D_B: 0.0568 | Cycle: 0.8948
Epoch 47/80 | Step 328850 | G: 1.7248 | D_A: 0.1002 | D_B: 0.0458 | Cycle: 0.7568
Epoch 47/80 | Step 328900 | G: 2.3341 | D_A: 0.0831 | D_B: 0.1028 | Cycle: 0.5886
Epoch 47/80 | Step 328950 | G: 1.9730 | D_A: 0.0815 | D_B: 0.1690 | Cycle: 0.6908
Epoch 47/80 | Step 329000 | G: 1.6656 | D_A: 0.2036 | D_B: 0.0699 | Cycle: 0.7961
Epoch 47/80 | Step 329050 | G: 2.0103 | D_A: 0.1182 | D_B: 0.0341 | Cycle: 0.7474
Epoch 47/80 | Step 329100 | G: 2.7560 | D_A: 0.0646 | D_B: 0.0884 | Cycle: 0.9730
Epoch 47/80 | Step 329150 | G: 1.8506 | D_A: 0.1831 | D_B: 0.0440 | Cycle: 0.7244
Epoch 47/80 | Step 329200 | G: 2.4101 | D_A: 0.1964 | D_B: 0.1208 | Cycle: 0.6783
Epoch 47/80 | Step 329250 | G: 2.3949 | D_A: 0.1236 | D_B: 0.0845 | Cycle: 0.7853
Epoch 47/80 | Step 329300 | G: 2.4894 | D_A: 0.0951 | D_B: 0.0415 | Cycle: 0.7718
Epoch 47/80 | Step 329350 | G: 2.1784 | D_A: 0.0549 | D_B: 0.0490 | Cycle: 0.7375
Epoch 47/80 | Step 329400 | G: 2.5101 | D_A: 0.1099 | D_B: 0.0364 | Cycle: 0.8034
Epoch 47/80 | Step 329450 | G: 1.9065 | D_A: 0.1099 | D_B: 0.0380 | Cycle: 0.6488
Epoch 47/80 | Step 329500 | G: 1.9493 | D_A: 0.1284 | D_B: 0.1460 | Cycle: 0.7220
Epoch 47/80 | Step 329550 | G: 2.4136 | D_A: 0.1112 | D_B: 0.1223 | Cycle: 0.9799
Epoch 47/80 | Step 329600 | G: 2.4115 | D_A: 0.3181 | D_B: 0.1042 | Cycle: 0.9437
Epoch 47/80 | Step 329650 | G: 1.8585 | D_A: 0.1706 | D_B: 0.1269 | Cycle: 0.7485
Epoch 47/80 | Step 329700 | G: 1.9368 | D_A: 0.1238 | D_B: 0.2330 | Cycle: 0.6120
Epoch 47/80 | Step 329750 | G: 1.6118 | D_A: 0.0433 | D_B: 0.0899 | Cycle: 0.4933
Epoch 47/80 | Step 329800 | G: 1.9869 | D_A: 0.1526 | D_B: 0.1542 | Cycle: 0.7785
Epoch 47/80 | Step 329850 | G: 1.8100 | D_A: 0.2193 | D_B: 0.0954 | Cycle: 0.7128
Epoch 47/80 | Step 329900 | G: 2.3943 | D_A: 0.0705 | D_B: 0.0968 | Cycle: 0.7155
Epoch 47/80 | Step 329950 | G: 3.1331 | D_A: 0.2443 | D_B: 0.0405 | Cycle: 0.7714
Epoch 47/80 | Step 330000 | G: 1.8840 | D_A: 0.2444 | D_B: 0.0767 | Cycle: 0.6908
Epoch 47/80 | Step 330050 | G: 2.1880 | D_A: 0.0829 | D_B: 0.1742 | Cycle: 0.7498
Epoch 47/80 | Step 330100 | G: 1.4579 | D_A: 0.2353 | D_B: 0.0921 | Cycle: 0.6450
Epoch 47/80 | Step 330150 | G: 2.1142 | D_A: 0.1074 | D_B: 0.1467 | Cycle: 0.7354
Epoch 47/80 | Step 330200 | G: 2.2532 | D_A: 0.1076 | D_B: 0.0337 | Cycle: 0.6238
Epoch 47/80 | Step 330250 | G: 2.8817 | D_A: 0.0770 | D_B: 0.0406 | Cycle: 0.8081
Epoch 47/80 | Step 330300 | G: 2.3854 | D_A: 0.0711 | D_B: 0.1570 | Cycle: 0.8942
Epoch 47/80 | Step 330350 | G: 1.8429 | D_A: 0.1012 | D_B: 0.1933 | Cycle: 0.6744
Epoch 47/80 | Step 330400 | G: 2.7976 | D_A: 0.0842 | D_B: 0.0359 | Cycle: 0.7576
Epoch 47/80 | Step 330450 | G: 1.9250 | D_A: 0.0469 | D_B: 0.0779 | Cycle: 0.7187
Epoch 47/80 | Step 330500 | G: 2.5764 | D_A: 0.0954 | D_B: 0.0595 | Cycle: 0.8574
Epoch 47/80 | Step 330550 | G: 2.3055 | D_A: 0.0790 | D_B: 0.0492 | Cycle: 0.7985
Epoch 47/80 | Step 330600 | G: 1.8005 | D_A: 0.0967 | D_B: 0.1118 | Cycle: 0.6743
Epoch 47/80 | Step 330650 | G: 2.2942 | D_A: 0.0376 | D_B: 0.0930 | Cycle: 0.7404
Epoch 47/80 | Step 330700 | G: 2.1439 | D_A: 0.0960 | D_B: 0.2260 | Cycle: 0.6410
Epoch 47/80 | Step 330750 | G: 2.4751 | D_A: 0.1077 | D_B: 0.1056 | Cycle: 1.0911
Epoch 47/80 complete | Time: 429s | Avg G: 2.3554 | Avg D: 0.1024
Epoch 48/80 | Step 330800 | G: 2.8815 | D_A: 0.1199 | D_B: 0.0393 | Cycle: 0.8636
Epoch 48/80 | Step 330850 | G: 2.0483 | D_A: 0.1838 | D_B: 0.0912 | Cycle: 0.8963
Epoch 48/80 | Step 330900 | G: 2.7081 | D_A: 0.0859 | D_B: 0.0561 | Cycle: 1.0461
Epoch 48/80 | Step 330950 | G: 2.3187 | D_A: 0.2346 | D_B: 0.0561 | Cycle: 0.9644
Epoch 48/80 | Step 331000 | G: 2.5017 | D_A: 0.1217 | D_B: 0.0868 | Cycle: 0.8642
Epoch 48/80 | Step 331050 | G: 2.0508 | D_A: 0.2154 | D_B: 0.1375 | Cycle: 0.6944
Epoch 48/80 | Step 331100 | G: 1.8614 | D_A: 0.1773 | D_B: 0.1671 | Cycle: 0.7858
Epoch 48/80 | Step 331150 | G: 3.4412 | D_A: 0.0622 | D_B: 0.0941 | Cycle: 0.9644
Epoch 48/80 | Step 331200 | G: 3.2460 | D_A: 0.0464 | D_B: 0.1079 | Cycle: 0.8813
Epoch 48/80 | Step 331250 | G: 2.2726 | D_A: 0.0737 | D_B: 0.1183 | Cycle: 0.7938
Epoch 48/80 | Step 331300 | G: 2.1766 | D_A: 0.0802 | D_B: 0.1030 | Cycle: 0.7140
Epoch 48/80 | Step 331350 | G: 3.0238 | D_A: 0.1233 | D_B: 0.0700 | Cycle: 1.1159
Epoch 48/80 | Step 331400 | G: 2.3215 | D_A: 0.1063 | D_B: 0.0637 | Cycle: 0.6601
Epoch 48/80 | Step 331450 | G: 1.7637 | D_A: 0.0396 | D_B: 0.0802 | Cycle: 0.5811
Epoch 48/80 | Step 331500 | G: 2.8633 | D_A: 0.0654 | D_B: 0.0738 | Cycle: 0.8400
Epoch 48/80 | Step 331550 | G: 3.1970 | D_A: 0.0673 | D_B: 0.0294 | Cycle: 0.7925
Epoch 48/80 | Step 331600 | G: 3.0190 | D_A: 0.1854 | D_B: 0.0866 | Cycle: 0.7183
Epoch 48/80 | Step 331650 | G: 2.5405 | D_A: 0.0633 | D_B: 0.1785 | Cycle: 0.8205
Epoch 48/80 | Step 331700 | G: 2.6826 | D_A: 0.1372 | D_B: 0.1079 | Cycle: 0.8517
Epoch 48/80 | Step 331750 | G: 2.4864 | D_A: 0.1071 | D_B: 0.1955 | Cycle: 0.7313
Epoch 48/80 | Step 331800 | G: 2.7239 | D_A: 0.0900 | D_B: 0.0840 | Cycle: 0.7284
Epoch 48/80 | Step 331850 | G: 2.6214 | D_A: 0.1688 | D_B: 0.0638 | Cycle: 0.8461
Epoch 48/80 | Step 331900 | G: 2.1674 | D_A: 0.0234 | D_B: 0.0923 | Cycle: 0.7472
Epoch 48/80 | Step 331950 | G: 2.0228 | D_A: 0.3313 | D_B: 0.0761 | Cycle: 0.6912
Epoch 48/80 | Step 332000 | G: 2.4544 | D_A: 0.0965 | D_B: 0.0924 | Cycle: 0.8884
Epoch 48/80 | Step 332050 | G: 2.0630 | D_A: 0.1198 | D_B: 0.0436 | Cycle: 0.8840
Epoch 48/80 | Step 332100 | G: 1.8355 | D_A: 0.1619 | D_B: 0.1299 | Cycle: 0.7277
Epoch 48/80 | Step 332150 | G: 2.0052 | D_A: 0.0909 | D_B: 0.0735 | Cycle: 0.7025
Epoch 48/80 | Step 332200 | G: 1.7768 | D_A: 0.1308 | D_B: 0.1363 | Cycle: 0.5905
Epoch 48/80 | Step 332250 | G: 1.6357 | D_A: 0.1082 | D_B: 0.1522 | Cycle: 0.5893
Epoch 48/80 | Step 332300 | G: 2.5872 | D_A: 0.0952 | D_B: 0.0405 | Cycle: 0.9222
Epoch 48/80 | Step 332350 | G: 1.8617 | D_A: 0.1149 | D_B: 0.1928 | Cycle: 0.5773
Epoch 48/80 | Step 332400 | G: 2.4796 | D_A: 0.1121 | D_B: 0.0848 | Cycle: 1.0429
Epoch 48/80 | Step 332450 | G: 1.9395 | D_A: 0.0828 | D_B: 0.0727 | Cycle: 0.8923
Epoch 48/80 | Step 332500 | G: 2.3648 | D_A: 0.0635 | D_B: 0.0191 | Cycle: 0.8590
Epoch 48/80 | Step 332550 | G: 2.6892 | D_A: 0.0876 | D_B: 0.0257 | Cycle: 0.9378
Epoch 48/80 | Step 332600 | G: 2.8972 | D_A: 0.1826 | D_B: 0.0976 | Cycle: 0.8608
Epoch 48/80 | Step 332650 | G: 2.8383 | D_A: 0.1759 | D_B: 0.1393 | Cycle: 1.0366
Epoch 48/80 | Step 332700 | G: 2.9561 | D_A: 0.0568 | D_B: 0.1819 | Cycle: 0.8618
Epoch 48/80 | Step 332750 | G: 2.4569 | D_A: 0.0675 | D_B: 0.0767 | Cycle: 0.8378
Epoch 48/80 | Step 332800 | G: 2.7607 | D_A: 0.1876 | D_B: 0.0512 | Cycle: 0.8135
Epoch 48/80 | Step 332850 | G: 2.5580 | D_A: 0.0334 | D_B: 0.0383 | Cycle: 0.8438
Epoch 48/80 | Step 332900 | G: 2.7715 | D_A: 0.0619 | D_B: 0.0777 | Cycle: 0.9383
Epoch 48/80 | Step 332950 | G: 3.1667 | D_A: 0.0591 | D_B: 0.1526 | Cycle: 0.7759
Epoch 48/80 | Step 333000 | G: 2.0178 | D_A: 0.0869 | D_B: 0.1256 | Cycle: 0.7133
Epoch 48/80 | Step 333050 | G: 2.3879 | D_A: 0.2090 | D_B: 0.0464 | Cycle: 0.7513
Epoch 48/80 | Step 333100 | G: 2.4134 | D_A: 0.1126 | D_B: 0.0446 | Cycle: 0.7330
Epoch 48/80 | Step 333150 | G: 2.1445 | D_A: 0.1455 | D_B: 0.1178 | Cycle: 0.8897
Epoch 48/80 | Step 333200 | G: 3.7606 | D_A: 0.0754 | D_B: 0.1023 | Cycle: 1.0443
Epoch 48/80 | Step 333250 | G: 1.8755 | D_A: 0.1430 | D_B: 0.0580 | Cycle: 0.7521
Epoch 48/80 | Step 333300 | G: 2.1970 | D_A: 0.1539 | D_B: 0.1264 | Cycle: 0.7095
Epoch 48/80 | Step 333350 | G: 2.9501 | D_A: 0.0936 | D_B: 0.0328 | Cycle: 0.7576
Epoch 48/80 | Step 333400 | G: 1.9208 | D_A: 0.1567 | D_B: 0.0735 | Cycle: 0.7384
Epoch 48/80 | Step 333450 | G: 2.0905 | D_A: 0.2310 | D_B: 0.0538 | Cycle: 0.7040
Epoch 48/80 | Step 333500 | G: 2.8228 | D_A: 0.0451 | D_B: 0.2115 | Cycle: 0.7196
Epoch 48/80 | Step 333550 | G: 2.1242 | D_A: 0.0971 | D_B: 0.2086 | Cycle: 0.7779
Epoch 48/80 | Step 333600 | G: 2.1122 | D_A: 0.0945 | D_B: 0.0443 | Cycle: 0.6223
Epoch 48/80 | Step 333650 | G: 3.1272 | D_A: 0.1058 | D_B: 0.0481 | Cycle: 0.8430
Epoch 48/80 | Step 333700 | G: 2.3658 | D_A: 0.1284 | D_B: 0.0515 | Cycle: 0.8794
Epoch 48/80 | Step 333750 | G: 1.9067 | D_A: 0.1592 | D_B: 0.0826 | Cycle: 0.6847
Epoch 48/80 | Step 333800 | G: 2.1722 | D_A: 0.2716 | D_B: 0.0522 | Cycle: 0.6199
Epoch 48/80 | Step 333850 | G: 2.2283 | D_A: 0.0324 | D_B: 0.0742 | Cycle: 0.6689
Epoch 48/80 | Step 333900 | G: 2.3296 | D_A: 0.0657 | D_B: 0.0734 | Cycle: 0.8063
Epoch 48/80 | Step 333950 | G: 2.2624 | D_A: 0.0874 | D_B: 0.1261 | Cycle: 0.8085
Epoch 48/80 | Step 334000 | G: 2.6011 | D_A: 0.1168 | D_B: 0.1051 | Cycle: 0.6833
Epoch 48/80 | Step 334050 | G: 2.0920 | D_A: 0.1097 | D_B: 0.0649 | Cycle: 0.9375
Epoch 48/80 | Step 334100 | G: 1.6399 | D_A: 0.0859 | D_B: 0.0441 | Cycle: 0.7069
Epoch 48/80 | Step 334150 | G: 2.3852 | D_A: 0.0875 | D_B: 0.0704 | Cycle: 0.8473
Epoch 48/80 | Step 334200 | G: 2.2374 | D_A: 0.3246 | D_B: 0.1540 | Cycle: 0.6063
Epoch 48/80 | Step 334250 | G: 2.1712 | D_A: 0.0392 | D_B: 0.0728 | Cycle: 0.7020
Epoch 48/80 | Step 334300 | G: 2.8705 | D_A: 0.1740 | D_B: 0.0405 | Cycle: 0.9287
Epoch 48/80 | Step 334350 | G: 2.7234 | D_A: 0.1084 | D_B: 0.0791 | Cycle: 0.7597
Epoch 48/80 | Step 334400 | G: 1.9532 | D_A: 0.1335 | D_B: 0.0561 | Cycle: 0.7495
Epoch 48/80 | Step 334450 | G: 2.4108 | D_A: 0.0984 | D_B: 0.0452 | Cycle: 0.8861
Epoch 48/80 | Step 334500 | G: 2.9796 | D_A: 0.0628 | D_B: 0.0457 | Cycle: 0.8273
Epoch 48/80 | Step 334550 | G: 2.5023 | D_A: 0.0537 | D_B: 0.0689 | Cycle: 0.8960
Epoch 48/80 | Step 334600 | G: 2.0697 | D_A: 0.1093 | D_B: 0.0782 | Cycle: 0.6800
Epoch 48/80 | Step 334650 | G: 1.9472 | D_A: 0.1339 | D_B: 0.1283 | Cycle: 0.6577
Epoch 48/80 | Step 334700 | G: 2.4305 | D_A: 0.0453 | D_B: 0.1790 | Cycle: 1.0822
Epoch 48/80 | Step 334750 | G: 2.4869 | D_A: 0.2100 | D_B: 0.1090 | Cycle: 0.6570
Epoch 48/80 | Step 334800 | G: 2.2735 | D_A: 0.0413 | D_B: 0.1740 | Cycle: 0.8266
Epoch 48/80 | Step 334850 | G: 3.1112 | D_A: 0.0645 | D_B: 0.0448 | Cycle: 1.1834
Epoch 48/80 | Step 334900 | G: 2.4720 | D_A: 0.2757 | D_B: 0.1222 | Cycle: 0.8047
Epoch 48/80 | Step 334950 | G: 2.1688 | D_A: 0.1331 | D_B: 0.1148 | Cycle: 0.7279
Epoch 48/80 | Step 335000 | G: 1.6134 | D_A: 0.0942 | D_B: 0.2587 | Cycle: 0.6644
Epoch 48/80 | Step 335050 | G: 2.6294 | D_A: 0.0905 | D_B: 0.0778 | Cycle: 0.8474
Epoch 48/80 | Step 335100 | G: 2.1570 | D_A: 0.1612 | D_B: 0.0935 | Cycle: 0.7426
Epoch 48/80 | Step 335150 | G: 1.8572 | D_A: 0.2184 | D_B: 0.1082 | Cycle: 0.6797
Epoch 48/80 | Step 335200 | G: 2.7310 | D_A: 0.0868 | D_B: 0.0921 | Cycle: 0.7148
Epoch 48/80 | Step 335250 | G: 2.1017 | D_A: 0.1432 | D_B: 0.0679 | Cycle: 0.7900
Epoch 48/80 | Step 335300 | G: 2.2364 | D_A: 0.1463 | D_B: 0.0380 | Cycle: 0.7619
Epoch 48/80 | Step 335350 | G: 2.6699 | D_A: 0.0370 | D_B: 0.1269 | Cycle: 0.7744
Epoch 48/80 | Step 335400 | G: 2.7768 | D_A: 0.1131 | D_B: 0.1495 | Cycle: 1.1388
Epoch 48/80 | Step 335450 | G: 2.7370 | D_A: 0.0413 | D_B: 0.0754 | Cycle: 0.7249
Epoch 48/80 | Step 335500 | G: 2.5756 | D_A: 0.1214 | D_B: 0.0657 | Cycle: 1.0407
Epoch 48/80 | Step 335550 | G: 2.2574 | D_A: 0.0438 | D_B: 0.1328 | Cycle: 0.7205
Epoch 48/80 | Step 335600 | G: 2.4659 | D_A: 0.0294 | D_B: 0.0503 | Cycle: 1.0337
Epoch 48/80 | Step 335650 | G: 2.3431 | D_A: 0.0815 | D_B: 0.0269 | Cycle: 0.6104
Epoch 48/80 | Step 335700 | G: 2.2388 | D_A: 0.1135 | D_B: 0.0441 | Cycle: 0.7642
Epoch 48/80 | Step 335750 | G: 2.3463 | D_A: 0.1037 | D_B: 0.0945 | Cycle: 0.8294
Epoch 48/80 | Step 335800 | G: 2.5463 | D_A: 0.0835 | D_B: 0.1315 | Cycle: 0.6982
Epoch 48/80 | Step 335850 | G: 1.5500 | D_A: 0.0396 | D_B: 0.1338 | Cycle: 0.6968
Epoch 48/80 | Step 335900 | G: 2.1681 | D_A: 0.0757 | D_B: 0.1287 | Cycle: 0.9139
Epoch 48/80 | Step 335950 | G: 2.9348 | D_A: 0.1373 | D_B: 0.0584 | Cycle: 0.9639
Epoch 48/80 | Step 336000 | G: 2.3921 | D_A: 0.0251 | D_B: 0.1226 | Cycle: 0.7833
Epoch 48/80 | Step 336050 | G: 1.4448 | D_A: 0.3419 | D_B: 0.0683 | Cycle: 0.6442
Epoch 48/80 | Step 336100 | G: 2.4423 | D_A: 0.1113 | D_B: 0.1873 | Cycle: 0.8751
Epoch 48/80 | Step 336150 | G: 2.5435 | D_A: 0.1467 | D_B: 0.0795 | Cycle: 0.7488
Epoch 48/80 | Step 336200 | G: 1.9318 | D_A: 0.0466 | D_B: 0.0457 | Cycle: 0.8205
Epoch 48/80 | Step 336250 | G: 2.6116 | D_A: 0.0777 | D_B: 0.0905 | Cycle: 0.7664
Epoch 48/80 | Step 336300 | G: 2.0344 | D_A: 0.1029 | D_B: 0.0786 | Cycle: 0.6807
Epoch 48/80 | Step 336350 | G: 3.2181 | D_A: 0.0826 | D_B: 0.0409 | Cycle: 1.1366
Epoch 48/80 | Step 336400 | G: 1.5434 | D_A: 0.1740 | D_B: 0.2037 | Cycle: 0.6273
Epoch 48/80 | Step 336450 | G: 2.0161 | D_A: 0.1438 | D_B: 0.0931 | Cycle: 0.7301
Epoch 48/80 | Step 336500 | G: 2.0321 | D_A: 0.2397 | D_B: 0.0463 | Cycle: 0.7524
Epoch 48/80 | Step 336550 | G: 1.9182 | D_A: 0.0506 | D_B: 0.1324 | Cycle: 0.6873
Epoch 48/80 | Step 336600 | G: 1.9370 | D_A: 0.0428 | D_B: 0.0511 | Cycle: 0.7037
Epoch 48/80 | Step 336650 | G: 2.5010 | D_A: 0.1078 | D_B: 0.0554 | Cycle: 0.8314
Epoch 48/80 | Step 336700 | G: 2.3041 | D_A: 0.1433 | D_B: 0.0787 | Cycle: 0.8764
Epoch 48/80 | Step 336750 | G: 2.3287 | D_A: 0.0368 | D_B: 0.0459 | Cycle: 0.6444
Epoch 48/80 | Step 336800 | G: 2.0386 | D_A: 0.0468 | D_B: 0.0844 | Cycle: 0.6777
Epoch 48/80 | Step 336850 | G: 2.4628 | D_A: 0.1153 | D_B: 0.0471 | Cycle: 0.8358
Epoch 48/80 | Step 336900 | G: 2.3850 | D_A: 0.1024 | D_B: 0.2160 | Cycle: 0.8782
Epoch 48/80 | Step 336950 | G: 2.0202 | D_A: 0.0744 | D_B: 0.2096 | Cycle: 0.6852
Epoch 48/80 | Step 337000 | G: 2.3914 | D_A: 0.0583 | D_B: 0.0652 | Cycle: 0.7598
Epoch 48/80 | Step 337050 | G: 2.4495 | D_A: 0.2795 | D_B: 0.0798 | Cycle: 0.8029
Epoch 48/80 | Step 337100 | G: 2.3025 | D_A: 0.1007 | D_B: 0.1005 | Cycle: 0.8631
Epoch 48/80 | Step 337150 | G: 2.9070 | D_A: 0.0515 | D_B: 0.0378 | Cycle: 0.7793
Epoch 48/80 | Step 337200 | G: 2.2490 | D_A: 0.1971 | D_B: 0.0492 | Cycle: 0.8149
Epoch 48/80 | Step 337250 | G: 2.1115 | D_A: 0.0492 | D_B: 0.0729 | Cycle: 0.7458
Epoch 48/80 | Step 337300 | G: 2.2052 | D_A: 0.1057 | D_B: 0.1592 | Cycle: 0.7736
Epoch 48/80 | Step 337350 | G: 2.3743 | D_A: 0.1462 | D_B: 0.0716 | Cycle: 0.7890
Epoch 48/80 | Step 337400 | G: 2.3995 | D_A: 0.1757 | D_B: 0.1106 | Cycle: 0.8446
Epoch 48/80 | Step 337450 | G: 2.7282 | D_A: 0.4155 | D_B: 0.0455 | Cycle: 0.8334
Epoch 48/80 | Step 337500 | G: 2.0707 | D_A: 0.1045 | D_B: 0.0411 | Cycle: 0.6777
Epoch 48/80 | Step 337550 | G: 2.2163 | D_A: 0.1080 | D_B: 0.0437 | Cycle: 0.8252
Epoch 48/80 | Step 337600 | G: 3.0506 | D_A: 0.1616 | D_B: 0.0392 | Cycle: 0.9125
Epoch 48/80 | Step 337650 | G: 1.7946 | D_A: 0.0659 | D_B: 0.1140 | Cycle: 0.5669
Epoch 48/80 | Step 337700 | G: 2.8926 | D_A: 0.2232 | D_B: 0.0496 | Cycle: 0.7426
Epoch 48/80 | Step 337750 | G: 2.2914 | D_A: 0.1006 | D_B: 0.0877 | Cycle: 0.8337
Epoch 48/80 | Step 337800 | G: 2.6132 | D_A: 0.0489 | D_B: 0.0494 | Cycle: 0.9487
Epoch 48/80 complete | Time: 430s | Avg G: 2.3730 | Avg D: 0.1010
Epoch 49/80 | Step 337850 | G: 3.3963 | D_A: 0.0853 | D_B: 0.0607 | Cycle: 0.7896
Epoch 49/80 | Step 337900 | G: 2.6020 | D_A: 0.0433 | D_B: 0.0364 | Cycle: 0.9545
Epoch 49/80 | Step 337950 | G: 2.7101 | D_A: 0.0387 | D_B: 0.0455 | Cycle: 0.7815
Epoch 49/80 | Step 338000 | G: 2.4898 | D_A: 0.0708 | D_B: 0.0838 | Cycle: 0.8871
Epoch 49/80 | Step 338050 | G: 2.6017 | D_A: 0.0581 | D_B: 0.0645 | Cycle: 0.8754
Epoch 49/80 | Step 338100 | G: 2.8391 | D_A: 0.1740 | D_B: 0.0649 | Cycle: 1.0824
Epoch 49/80 | Step 338150 | G: 1.9468 | D_A: 0.1474 | D_B: 0.0474 | Cycle: 0.6984
Epoch 49/80 | Step 338200 | G: 2.5943 | D_A: 0.0524 | D_B: 0.0879 | Cycle: 0.8224
Epoch 49/80 | Step 338250 | G: 2.7053 | D_A: 0.0547 | D_B: 0.0463 | Cycle: 0.7955
Epoch 49/80 | Step 338300 | G: 2.2503 | D_A: 0.1022 | D_B: 0.0445 | Cycle: 0.6167
Epoch 49/80 | Step 338350 | G: 2.4477 | D_A: 0.1108 | D_B: 0.0882 | Cycle: 0.8660
Epoch 49/80 | Step 338400 | G: 2.3388 | D_A: 0.0638 | D_B: 0.0914 | Cycle: 0.9542
Epoch 49/80 | Step 338450 | G: 2.0833 | D_A: 0.0885 | D_B: 0.0302 | Cycle: 0.7244
Epoch 49/80 | Step 338500 | G: 2.1564 | D_A: 0.0849 | D_B: 0.1029 | Cycle: 0.7126
Epoch 49/80 | Step 338550 | G: 2.1641 | D_A: 0.1084 | D_B: 0.1576 | Cycle: 0.9458
Epoch 49/80 | Step 338600 | G: 2.5259 | D_A: 0.0416 | D_B: 0.1083 | Cycle: 0.8532
Epoch 49/80 | Step 338650 | G: 3.4896 | D_A: 0.0357 | D_B: 0.0376 | Cycle: 1.0472
Epoch 49/80 | Step 338700 | G: 2.0850 | D_A: 0.0873 | D_B: 0.0713 | Cycle: 0.5757
Epoch 49/80 | Step 338750 | G: 1.8127 | D_A: 0.2201 | D_B: 0.0515 | Cycle: 0.7559
Epoch 49/80 | Step 338800 | G: 2.5215 | D_A: 0.0661 | D_B: 0.1119 | Cycle: 0.9127
Epoch 49/80 | Step 338850 | G: 2.2434 | D_A: 0.1114 | D_B: 0.0557 | Cycle: 0.5858
Epoch 49/80 | Step 338900 | G: 2.3745 | D_A: 0.1972 | D_B: 0.0905 | Cycle: 0.6984
Epoch 49/80 | Step 338950 | G: 2.0805 | D_A: 0.0374 | D_B: 0.1444 | Cycle: 0.6428
Epoch 49/80 | Step 339000 | G: 2.0781 | D_A: 0.0613 | D_B: 0.0285 | Cycle: 0.7302
Epoch 49/80 | Step 339050 | G: 2.3150 | D_A: 0.1953 | D_B: 0.0413 | Cycle: 0.8287
Epoch 49/80 | Step 339100 | G: 2.3819 | D_A: 0.0794 | D_B: 0.1407 | Cycle: 0.6826
Epoch 49/80 | Step 339150 | G: 2.3367 | D_A: 0.0645 | D_B: 0.1114 | Cycle: 0.6833
Epoch 49/80 | Step 339200 | G: 2.0907 | D_A: 0.0597 | D_B: 0.0534 | Cycle: 0.8843
Epoch 49/80 | Step 339250 | G: 1.5740 | D_A: 0.1428 | D_B: 0.1694 | Cycle: 0.7027
Epoch 49/80 | Step 339300 | G: 1.9417 | D_A: 0.0864 | D_B: 0.0573 | Cycle: 0.7257
Epoch 49/80 | Step 339350 | G: 2.3179 | D_A: 0.1770 | D_B: 0.0876 | Cycle: 0.7515
Epoch 49/80 | Step 339400 | G: 2.3654 | D_A: 0.0876 | D_B: 0.0724 | Cycle: 0.6171
Epoch 49/80 | Step 339450 | G: 1.8139 | D_A: 0.1849 | D_B: 0.0983 | Cycle: 0.7021
Epoch 49/80 | Step 339500 | G: 2.3017 | D_A: 0.0961 | D_B: 0.1204 | Cycle: 0.7267
Epoch 49/80 | Step 339550 | G: 2.7792 | D_A: 0.1776 | D_B: 0.1131 | Cycle: 0.7315
Epoch 49/80 | Step 339600 | G: 3.1634 | D_A: 0.0728 | D_B: 0.0763 | Cycle: 1.1873
Epoch 49/80 | Step 339650 | G: 2.7631 | D_A: 0.0920 | D_B: 0.0661 | Cycle: 1.0093
Epoch 49/80 | Step 339700 | G: 2.5909 | D_A: 0.0493 | D_B: 0.0352 | Cycle: 0.8907
Epoch 49/80 | Step 339750 | G: 1.9068 | D_A: 0.1581 | D_B: 0.0805 | Cycle: 0.6567
Epoch 49/80 | Step 339800 | G: 2.6163 | D_A: 0.1089 | D_B: 0.0369 | Cycle: 0.7867
Epoch 49/80 | Step 339850 | G: 1.7676 | D_A: 0.1288 | D_B: 0.0455 | Cycle: 0.6971
Epoch 49/80 | Step 339900 | G: 2.7437 | D_A: 0.0511 | D_B: 0.2003 | Cycle: 0.6316
Epoch 49/80 | Step 339950 | G: 2.5253 | D_A: 0.1047 | D_B: 0.1382 | Cycle: 1.0587
Epoch 49/80 | Step 340000 | G: 2.5619 | D_A: 0.0747 | D_B: 0.1501 | Cycle: 0.7012
Epoch 49/80 | Step 340050 | G: 1.9901 | D_A: 0.1619 | D_B: 0.0710 | Cycle: 0.8469
Epoch 49/80 | Step 340100 | G: 3.1801 | D_A: 0.1059 | D_B: 0.0434 | Cycle: 1.0561
Epoch 49/80 | Step 340150 | G: 2.0092 | D_A: 0.2032 | D_B: 0.1644 | Cycle: 0.8035
Epoch 49/80 | Step 340200 | G: 2.1412 | D_A: 0.0585 | D_B: 0.1226 | Cycle: 0.7455
Epoch 49/80 | Step 340250 | G: 1.9139 | D_A: 0.0438 | D_B: 0.0374 | Cycle: 0.6150
Epoch 49/80 | Step 340300 | G: 2.9106 | D_A: 0.1281 | D_B: 0.1641 | Cycle: 0.9829
Epoch 49/80 | Step 340350 | G: 2.1398 | D_A: 0.1459 | D_B: 0.1101 | Cycle: 0.9158
Epoch 49/80 | Step 340400 | G: 2.6063 | D_A: 0.1323 | D_B: 0.1142 | Cycle: 0.8354
Epoch 49/80 | Step 340450 | G: 1.7988 | D_A: 0.0882 | D_B: 0.1028 | Cycle: 0.6807
Epoch 49/80 | Step 340500 | G: 2.1696 | D_A: 0.0903 | D_B: 0.0487 | Cycle: 0.6955
Epoch 49/80 | Step 340550 | G: 1.8010 | D_A: 0.1263 | D_B: 0.1092 | Cycle: 0.6842
Epoch 49/80 | Step 340600 | G: 2.5694 | D_A: 0.0469 | D_B: 0.0739 | Cycle: 0.7925
Epoch 49/80 | Step 340650 | G: 2.9191 | D_A: 0.2972 | D_B: 0.0598 | Cycle: 0.6900
Epoch 49/80 | Step 340700 | G: 1.9825 | D_A: 0.1022 | D_B: 0.0826 | Cycle: 0.7343
Epoch 49/80 | Step 340750 | G: 3.2554 | D_A: 0.0533 | D_B: 0.1366 | Cycle: 0.7428
Epoch 49/80 | Step 340800 | G: 3.0308 | D_A: 0.0783 | D_B: 0.0337 | Cycle: 1.0409
Epoch 49/80 | Step 340850 | G: 2.9812 | D_A: 0.0392 | D_B: 0.0649 | Cycle: 1.1064
Epoch 49/80 | Step 340900 | G: 2.1457 | D_A: 0.0392 | D_B: 0.2060 | Cycle: 0.6021
Epoch 49/80 | Step 340950 | G: 2.4441 | D_A: 0.1680 | D_B: 0.0678 | Cycle: 0.7647
Epoch 49/80 | Step 341000 | G: 1.8645 | D_A: 0.0998 | D_B: 0.1593 | Cycle: 0.6497
Epoch 49/80 | Step 341050 | G: 2.2100 | D_A: 0.1581 | D_B: 0.1283 | Cycle: 0.5970
Epoch 49/80 | Step 341100 | G: 2.4204 | D_A: 0.1543 | D_B: 0.0589 | Cycle: 0.9972
Epoch 49/80 | Step 341150 | G: 1.6620 | D_A: 0.1646 | D_B: 0.0428 | Cycle: 0.5960
Epoch 49/80 | Step 341200 | G: 1.7084 | D_A: 0.1475 | D_B: 0.0545 | Cycle: 0.6912
Epoch 49/80 | Step 341250 | G: 2.4087 | D_A: 0.0751 | D_B: 0.0574 | Cycle: 0.6488
Epoch 49/80 | Step 341300 | G: 1.7522 | D_A: 0.1075 | D_B: 0.0817 | Cycle: 0.6085
Epoch 49/80 | Step 341350 | G: 2.1352 | D_A: 0.0672 | D_B: 0.0979 | Cycle: 0.5899
Epoch 49/80 | Step 341400 | G: 1.7145 | D_A: 0.1158 | D_B: 0.1249 | Cycle: 0.6639
Epoch 49/80 | Step 341450 | G: 2.8038 | D_A: 0.0716 | D_B: 0.0554 | Cycle: 0.6925
Epoch 49/80 | Step 341500 | G: 2.7641 | D_A: 0.0333 | D_B: 0.0941 | Cycle: 1.0034
Epoch 49/80 | Step 341550 | G: 2.8657 | D_A: 0.1352 | D_B: 0.0746 | Cycle: 0.8198
Epoch 49/80 | Step 341600 | G: 2.1607 | D_A: 0.0681 | D_B: 0.0663 | Cycle: 0.7061
Epoch 49/80 | Step 341650 | G: 2.6945 | D_A: 0.1450 | D_B: 0.0757 | Cycle: 0.8667
Epoch 49/80 | Step 341700 | G: 2.2740 | D_A: 0.2262 | D_B: 0.0405 | Cycle: 0.6991
Epoch 49/80 | Step 341750 | G: 2.9676 | D_A: 0.0474 | D_B: 0.0494 | Cycle: 0.6807
Epoch 49/80 | Step 341800 | G: 2.3787 | D_A: 0.0994 | D_B: 0.0740 | Cycle: 0.6573
Epoch 49/80 | Step 341850 | G: 3.3600 | D_A: 0.2876 | D_B: 0.0984 | Cycle: 0.8340
Epoch 49/80 | Step 341900 | G: 2.5593 | D_A: 0.0588 | D_B: 0.0450 | Cycle: 0.8127
Epoch 49/80 | Step 341950 | G: 1.4369 | D_A: 0.1390 | D_B: 0.1487 | Cycle: 0.5799
Epoch 49/80 | Step 342000 | G: 2.3692 | D_A: 0.1269 | D_B: 0.0464 | Cycle: 0.6672
Epoch 49/80 | Step 342050 | G: 2.3947 | D_A: 0.0533 | D_B: 0.1529 | Cycle: 0.9136
Epoch 49/80 | Step 342100 | G: 1.9341 | D_A: 0.1795 | D_B: 0.0496 | Cycle: 0.7953
Epoch 49/80 | Step 342150 | G: 2.1139 | D_A: 0.0915 | D_B: 0.0769 | Cycle: 0.9385
Epoch 49/80 | Step 342200 | G: 2.6554 | D_A: 0.1453 | D_B: 0.0789 | Cycle: 0.9086
Epoch 49/80 | Step 342250 | G: 3.0196 | D_A: 0.0603 | D_B: 0.0529 | Cycle: 0.7539
Epoch 49/80 | Step 342300 | G: 2.1073 | D_A: 0.1274 | D_B: 0.1054 | Cycle: 0.8236
Epoch 49/80 | Step 342350 | G: 1.9905 | D_A: 0.1238 | D_B: 0.1309 | Cycle: 0.7461
Epoch 49/80 | Step 342400 | G: 1.7696 | D_A: 0.5665 | D_B: 0.0621 | Cycle: 0.6157
Epoch 49/80 | Step 342450 | G: 2.5781 | D_A: 0.0340 | D_B: 0.1133 | Cycle: 0.8256
Epoch 49/80 | Step 342500 | G: 1.9392 | D_A: 0.1553 | D_B: 0.1016 | Cycle: 0.7240
Epoch 49/80 | Step 342550 | G: 1.5404 | D_A: 0.0518 | D_B: 0.3402 | Cycle: 0.6773
Epoch 49/80 | Step 342600 | G: 2.3791 | D_A: 0.0670 | D_B: 0.0965 | Cycle: 0.8114
Epoch 49/80 | Step 342650 | G: 2.5476 | D_A: 0.1196 | D_B: 0.1339 | Cycle: 0.9807
Epoch 49/80 | Step 342700 | G: 2.2371 | D_A: 0.0814 | D_B: 0.0372 | Cycle: 0.8701
Epoch 49/80 | Step 342750 | G: 2.6430 | D_A: 0.0457 | D_B: 0.1364 | Cycle: 0.8468
Epoch 49/80 | Step 342800 | G: 2.8697 | D_A: 0.0983 | D_B: 0.0628 | Cycle: 0.9688
Epoch 49/80 | Step 342850 | G: 2.6568 | D_A: 0.0440 | D_B: 0.0766 | Cycle: 0.8525
Epoch 49/80 | Step 342900 | G: 1.9232 | D_A: 0.0325 | D_B: 0.0614 | Cycle: 0.7345
Epoch 49/80 | Step 342950 | G: 2.4285 | D_A: 0.0637 | D_B: 0.1394 | Cycle: 0.8610
Epoch 49/80 | Step 343000 | G: 2.4963 | D_A: 0.3165 | D_B: 0.0596 | Cycle: 0.7609
Epoch 49/80 | Step 343050 | G: 2.7425 | D_A: 0.1411 | D_B: 0.0734 | Cycle: 0.9629
Epoch 49/80 | Step 343100 | G: 2.6662 | D_A: 0.0836 | D_B: 0.0253 | Cycle: 0.8772
Epoch 49/80 | Step 343150 | G: 2.6018 | D_A: 0.1379 | D_B: 0.0469 | Cycle: 0.9153
Epoch 49/80 | Step 343200 | G: 2.2642 | D_A: 0.0575 | D_B: 0.0319 | Cycle: 0.7039
Epoch 49/80 | Step 343250 | G: 2.2476 | D_A: 0.0934 | D_B: 0.1055 | Cycle: 0.7082
Epoch 49/80 | Step 343300 | G: 2.2006 | D_A: 0.0515 | D_B: 0.0471 | Cycle: 0.6600
Epoch 49/80 | Step 343350 | G: 2.7820 | D_A: 0.0336 | D_B: 0.0765 | Cycle: 0.9093
Epoch 49/80 | Step 343400 | G: 2.0701 | D_A: 0.1033 | D_B: 0.0682 | Cycle: 0.7299
Epoch 49/80 | Step 343450 | G: 1.5734 | D_A: 0.1507 | D_B: 0.1802 | Cycle: 0.6065
Epoch 49/80 | Step 343500 | G: 2.6292 | D_A: 0.1056 | D_B: 0.0437 | Cycle: 1.0559
Epoch 49/80 | Step 343550 | G: 2.2472 | D_A: 0.0875 | D_B: 0.0654 | Cycle: 0.8982
Epoch 49/80 | Step 343600 | G: 1.6182 | D_A: 0.1351 | D_B: 0.0727 | Cycle: 0.6637
Epoch 49/80 | Step 343650 | G: 2.4707 | D_A: 0.2617 | D_B: 0.2439 | Cycle: 0.7544
Epoch 49/80 | Step 343700 | G: 2.3220 | D_A: 0.1371 | D_B: 0.0415 | Cycle: 0.8214
Epoch 49/80 | Step 343750 | G: 2.5499 | D_A: 0.0964 | D_B: 0.0729 | Cycle: 1.0675
Epoch 49/80 | Step 343800 | G: 2.2915 | D_A: 0.0803 | D_B: 0.0823 | Cycle: 0.9034
Epoch 49/80 | Step 343850 | G: 2.1192 | D_A: 0.0614 | D_B: 0.0925 | Cycle: 0.6548
Epoch 49/80 | Step 343900 | G: 1.9571 | D_A: 0.1186 | D_B: 0.0723 | Cycle: 0.7542
Epoch 49/80 | Step 343950 | G: 2.9391 | D_A: 0.0623 | D_B: 0.0420 | Cycle: 0.7691
Epoch 49/80 | Step 344000 | G: 2.5374 | D_A: 0.1207 | D_B: 0.1166 | Cycle: 0.7838
Epoch 49/80 | Step 344050 | G: 3.1787 | D_A: 0.1166 | D_B: 0.0804 | Cycle: 0.8421
Epoch 49/80 | Step 344100 | G: 1.9272 | D_A: 0.0709 | D_B: 0.0838 | Cycle: 0.6982
Epoch 49/80 | Step 344150 | G: 3.1524 | D_A: 0.1492 | D_B: 0.0893 | Cycle: 0.8172
Epoch 49/80 | Step 344200 | G: 3.4926 | D_A: 0.0567 | D_B: 0.0773 | Cycle: 1.0957
Epoch 49/80 | Step 344250 | G: 2.0718 | D_A: 0.1980 | D_B: 0.0870 | Cycle: 0.5785
Epoch 49/80 | Step 344300 | G: 2.0779 | D_A: 0.1897 | D_B: 0.0401 | Cycle: 0.8034
Epoch 49/80 | Step 344350 | G: 2.4290 | D_A: 0.1263 | D_B: 0.0973 | Cycle: 0.7479
Epoch 49/80 | Step 344400 | G: 1.7163 | D_A: 0.0856 | D_B: 0.1831 | Cycle: 0.7057
Epoch 49/80 | Step 344450 | G: 2.0434 | D_A: 0.1033 | D_B: 0.1397 | Cycle: 0.6589
Epoch 49/80 | Step 344500 | G: 2.7635 | D_A: 0.0611 | D_B: 0.0335 | Cycle: 0.7661
Epoch 49/80 | Step 344550 | G: 1.7785 | D_A: 0.0871 | D_B: 0.0487 | Cycle: 0.6937
Epoch 49/80 | Step 344600 | G: 2.9372 | D_A: 0.0954 | D_B: 0.0757 | Cycle: 1.1261
Epoch 49/80 | Step 344650 | G: 2.7654 | D_A: 0.0664 | D_B: 0.0371 | Cycle: 0.9566
Epoch 49/80 | Step 344700 | G: 1.9984 | D_A: 0.1459 | D_B: 0.0932 | Cycle: 0.5219
Epoch 49/80 | Step 344750 | G: 2.3146 | D_A: 0.0514 | D_B: 0.0312 | Cycle: 0.8291
Epoch 49/80 | Step 344800 | G: 1.7831 | D_A: 0.0985 | D_B: 0.1645 | Cycle: 0.6192
Epoch 49/80 | Step 344850 | G: 1.9245 | D_A: 0.1357 | D_B: 0.1061 | Cycle: 0.7975
Epoch 49/80 complete | Time: 431s | Avg G: 2.3575 | Avg D: 0.1020
Epoch 50/80 | Step 344900 | G: 2.4298 | D_A: 0.1704 | D_B: 0.0516 | Cycle: 0.6321
Epoch 50/80 | Step 344950 | G: 2.2775 | D_A: 0.2522 | D_B: 0.0441 | Cycle: 0.7679
Epoch 50/80 | Step 345000 | G: 2.6540 | D_A: 0.1004 | D_B: 0.0418 | Cycle: 0.8532
Epoch 50/80 | Step 345050 | G: 2.1720 | D_A: 0.1826 | D_B: 0.0949 | Cycle: 0.8170
Epoch 50/80 | Step 345100 | G: 2.3451 | D_A: 0.0898 | D_B: 0.1166 | Cycle: 0.9133
Epoch 50/80 | Step 345150 | G: 2.3390 | D_A: 0.1411 | D_B: 0.1037 | Cycle: 0.8870
Epoch 50/80 | Step 345200 | G: 2.9596 | D_A: 0.1087 | D_B: 0.0340 | Cycle: 0.8779
Epoch 50/80 | Step 345250 | G: 1.7007 | D_A: 0.1742 | D_B: 0.1927 | Cycle: 0.6166
Epoch 50/80 | Step 345300 | G: 2.1395 | D_A: 0.1507 | D_B: 0.1112 | Cycle: 0.8037
Epoch 50/80 | Step 345350 | G: 2.0414 | D_A: 0.1138 | D_B: 0.0722 | Cycle: 0.6561
Epoch 50/80 | Step 345400 | G: 2.3294 | D_A: 0.0608 | D_B: 0.0312 | Cycle: 0.7401
Epoch 50/80 | Step 345450 | G: 1.8194 | D_A: 0.0568 | D_B: 0.0925 | Cycle: 0.8626
Epoch 50/80 | Step 345500 | G: 1.6466 | D_A: 0.2042 | D_B: 0.1646 | Cycle: 0.6168
Epoch 50/80 | Step 345550 | G: 2.1991 | D_A: 0.1172 | D_B: 0.1863 | Cycle: 0.9545
Epoch 50/80 | Step 345600 | G: 2.7266 | D_A: 0.0470 | D_B: 0.0368 | Cycle: 0.9216
Epoch 50/80 | Step 345650 | G: 2.1639 | D_A: 0.1534 | D_B: 0.0690 | Cycle: 0.6655
Epoch 50/80 | Step 345700 | G: 2.3320 | D_A: 0.0812 | D_B: 0.0759 | Cycle: 0.9062
Epoch 50/80 | Step 345750 | G: 3.1219 | D_A: 0.0843 | D_B: 0.0643 | Cycle: 0.9223
Epoch 50/80 | Step 345800 | G: 2.5673 | D_A: 0.0812 | D_B: 0.1338 | Cycle: 0.8642
Epoch 50/80 | Step 345850 | G: 2.6711 | D_A: 0.1545 | D_B: 0.1950 | Cycle: 0.8135
Epoch 50/80 | Step 345900 | G: 2.0918 | D_A: 0.1088 | D_B: 0.0241 | Cycle: 0.7534
Epoch 50/80 | Step 345950 | G: 1.5771 | D_A: 0.0587 | D_B: 0.0691 | Cycle: 0.8167
Epoch 50/80 | Step 346000 | G: 2.8740 | D_A: 0.0974 | D_B: 0.0278 | Cycle: 0.9319
Epoch 50/80 | Step 346050 | G: 1.6296 | D_A: 0.1610 | D_B: 0.1110 | Cycle: 0.5950
Epoch 50/80 | Step 346100 | G: 2.1641 | D_A: 0.0735 | D_B: 0.0610 | Cycle: 0.6558
Epoch 50/80 | Step 346150 | G: 2.1430 | D_A: 0.2031 | D_B: 0.1150 | Cycle: 0.7008
Epoch 50/80 | Step 346200 | G: 2.8947 | D_A: 0.1551 | D_B: 0.0633 | Cycle: 0.9303
Epoch 50/80 | Step 346250 | G: 2.2081 | D_A: 0.1224 | D_B: 0.0924 | Cycle: 0.5975
Epoch 50/80 | Step 346300 | G: 2.0644 | D_A: 0.0954 | D_B: 0.0486 | Cycle: 0.7897
Epoch 50/80 | Step 346350 | G: 2.1636 | D_A: 0.0986 | D_B: 0.0534 | Cycle: 0.6812
Epoch 50/80 | Step 346400 | G: 2.2373 | D_A: 0.0634 | D_B: 0.0793 | Cycle: 0.8629
Epoch 50/80 | Step 346450 | G: 2.4690 | D_A: 0.0954 | D_B: 0.1153 | Cycle: 0.8174
Epoch 50/80 | Step 346500 | G: 2.8621 | D_A: 0.0327 | D_B: 0.0919 | Cycle: 0.9213
Epoch 50/80 | Step 346550 | G: 1.9997 | D_A: 0.1780 | D_B: 0.1617 | Cycle: 0.7224
Epoch 50/80 | Step 346600 | G: 2.2585 | D_A: 0.0849 | D_B: 0.0421 | Cycle: 0.7923
Epoch 50/80 | Step 346650 | G: 2.7938 | D_A: 0.1960 | D_B: 0.0410 | Cycle: 0.7746
Epoch 50/80 | Step 346700 | G: 2.7134 | D_A: 0.1032 | D_B: 0.0513 | Cycle: 0.8932
Epoch 50/80 | Step 346750 | G: 2.3978 | D_A: 0.0826 | D_B: 0.0503 | Cycle: 0.6980
Epoch 50/80 | Step 346800 | G: 2.5006 | D_A: 0.1313 | D_B: 0.0326 | Cycle: 0.9103
Epoch 50/80 | Step 346850 | G: 2.4430 | D_A: 0.1853 | D_B: 0.0687 | Cycle: 0.7890
Epoch 50/80 | Step 346900 | G: 1.8479 | D_A: 0.1561 | D_B: 0.1025 | Cycle: 0.6772
Epoch 50/80 | Step 346950 | G: 3.2563 | D_A: 0.0602 | D_B: 0.2176 | Cycle: 0.7470
Epoch 50/80 | Step 347000 | G: 2.4898 | D_A: 0.1168 | D_B: 0.0463 | Cycle: 0.8072
Epoch 50/80 | Step 347050 | G: 2.1977 | D_A: 0.1039 | D_B: 0.0395 | Cycle: 0.8094
Epoch 50/80 | Step 347100 | G: 1.9238 | D_A: 0.2778 | D_B: 0.1311 | Cycle: 0.7781
Epoch 50/80 | Step 347150 | G: 2.6549 | D_A: 0.0439 | D_B: 0.1615 | Cycle: 0.8326
Epoch 50/80 | Step 347200 | G: 2.3610 | D_A: 0.0898 | D_B: 0.0959 | Cycle: 0.7861
Epoch 50/80 | Step 347250 | G: 2.4598 | D_A: 0.1013 | D_B: 0.1075 | Cycle: 1.2299
Epoch 50/80 | Step 347300 | G: 2.4363 | D_A: 0.1234 | D_B: 0.0698 | Cycle: 0.7544
Epoch 50/80 | Step 347350 | G: 2.3979 | D_A: 0.1650 | D_B: 0.0637 | Cycle: 1.0801
Epoch 50/80 | Step 347400 | G: 2.4316 | D_A: 0.0559 | D_B: 0.0561 | Cycle: 0.8613
Epoch 50/80 | Step 347450 | G: 2.4124 | D_A: 0.0982 | D_B: 0.0690 | Cycle: 0.9391
Epoch 50/80 | Step 347500 | G: 2.7536 | D_A: 0.0311 | D_B: 0.1433 | Cycle: 0.8839
Epoch 50/80 | Step 347550 | G: 2.6987 | D_A: 0.0661 | D_B: 0.0724 | Cycle: 1.0768
Epoch 50/80 | Step 347600 | G: 2.1771 | D_A: 0.1143 | D_B: 0.0876 | Cycle: 0.7454
Epoch 50/80 | Step 347650 | G: 2.4067 | D_A: 0.1263 | D_B: 0.0698 | Cycle: 0.7380
Epoch 50/80 | Step 347700 | G: 2.4405 | D_A: 0.0921 | D_B: 0.0649 | Cycle: 0.6668
Epoch 50/80 | Step 347750 | G: 2.3961 | D_A: 0.0360 | D_B: 0.1064 | Cycle: 0.8878
Epoch 50/80 | Step 347800 | G: 1.9835 | D_A: 0.1140 | D_B: 0.0786 | Cycle: 0.5961
Epoch 50/80 | Step 347850 | G: 2.8658 | D_A: 0.0407 | D_B: 0.1814 | Cycle: 0.8833
Epoch 50/80 | Step 347900 | G: 2.5868 | D_A: 0.1154 | D_B: 0.0327 | Cycle: 0.9964
Epoch 50/80 | Step 347950 | G: 2.6794 | D_A: 0.1471 | D_B: 0.0480 | Cycle: 0.8804
Epoch 50/80 | Step 348000 | G: 2.3086 | D_A: 0.0750 | D_B: 0.0774 | Cycle: 0.8255
Epoch 50/80 | Step 348050 | G: 2.7279 | D_A: 0.0266 | D_B: 0.1292 | Cycle: 0.7783
Epoch 50/80 | Step 348100 | G: 2.0360 | D_A: 0.1502 | D_B: 0.1020 | Cycle: 0.7440
Epoch 50/80 | Step 348150 | G: 1.3933 | D_A: 0.1673 | D_B: 0.1529 | Cycle: 0.6129
Epoch 50/80 | Step 348200 | G: 2.6949 | D_A: 0.0286 | D_B: 0.1682 | Cycle: 0.7054
Epoch 50/80 | Step 348250 | G: 2.0547 | D_A: 0.0837 | D_B: 0.0638 | Cycle: 0.7961
Epoch 50/80 | Step 348300 | G: 2.3958 | D_A: 0.1061 | D_B: 0.0746 | Cycle: 0.8870
Epoch 50/80 | Step 348350 | G: 2.1215 | D_A: 0.1550 | D_B: 0.0611 | Cycle: 0.6817
Epoch 50/80 | Step 348400 | G: 2.6638 | D_A: 0.0542 | D_B: 0.0689 | Cycle: 0.9857
Epoch 50/80 | Step 348450 | G: 1.8419 | D_A: 0.1248 | D_B: 0.1150 | Cycle: 0.7138
Epoch 50/80 | Step 348500 | G: 2.7929 | D_A: 0.0429 | D_B: 0.1374 | Cycle: 0.7592
Epoch 50/80 | Step 348550 | G: 2.4242 | D_A: 0.1897 | D_B: 0.1393 | Cycle: 0.7928
Epoch 50/80 | Step 348600 | G: 2.2546 | D_A: 0.1404 | D_B: 0.0470 | Cycle: 0.8644
Epoch 50/80 | Step 348650 | G: 2.5725 | D_A: 0.0741 | D_B: 0.0273 | Cycle: 0.7845
Epoch 50/80 | Step 348700 | G: 2.5747 | D_A: 0.1300 | D_B: 0.0691 | Cycle: 0.9957
Epoch 50/80 | Step 348750 | G: 2.4451 | D_A: 0.0444 | D_B: 0.0816 | Cycle: 0.8405
Epoch 50/80 | Step 348800 | G: 2.5230 | D_A: 0.1123 | D_B: 0.2343 | Cycle: 0.7203
Epoch 50/80 | Step 348850 | G: 2.2207 | D_A: 0.1195 | D_B: 0.1541 | Cycle: 0.7850
Epoch 50/80 | Step 348900 | G: 2.6106 | D_A: 0.0801 | D_B: 0.0584 | Cycle: 0.7405
Epoch 50/80 | Step 348950 | G: 2.0091 | D_A: 0.1439 | D_B: 0.1184 | Cycle: 0.7734
Epoch 50/80 | Step 349000 | G: 2.3266 | D_A: 0.1059 | D_B: 0.0622 | Cycle: 0.5424
Epoch 50/80 | Step 349050 | G: 3.0154 | D_A: 0.1274 | D_B: 0.1098 | Cycle: 0.8873
Epoch 50/80 | Step 349100 | G: 1.9930 | D_A: 0.1322 | D_B: 0.1068 | Cycle: 0.7080
Epoch 50/80 | Step 349150 | G: 2.1136 | D_A: 0.1065 | D_B: 0.0513 | Cycle: 0.7856
Epoch 50/80 | Step 349200 | G: 1.9552 | D_A: 0.1505 | D_B: 0.0896 | Cycle: 0.7309
Epoch 50/80 | Step 349250 | G: 2.1589 | D_A: 0.1770 | D_B: 0.0888 | Cycle: 0.6764
Epoch 50/80 | Step 349300 | G: 2.4304 | D_A: 0.0620 | D_B: 0.0943 | Cycle: 0.6874
Epoch 50/80 | Step 349350 | G: 1.7739 | D_A: 0.2432 | D_B: 0.1226 | Cycle: 0.6431
Epoch 50/80 | Step 349400 | G: 2.1087 | D_A: 0.1979 | D_B: 0.1401 | Cycle: 0.7883
Epoch 50/80 | Step 349450 | G: 2.2244 | D_A: 0.0247 | D_B: 0.0473 | Cycle: 0.6497
Epoch 50/80 | Step 349500 | G: 2.1367 | D_A: 0.1273 | D_B: 0.0705 | Cycle: 0.6456
Epoch 50/80 | Step 349550 | G: 1.9423 | D_A: 0.1778 | D_B: 0.1086 | Cycle: 0.7641
Epoch 50/80 | Step 349600 | G: 2.0722 | D_A: 0.1550 | D_B: 0.0413 | Cycle: 0.7308
Epoch 50/80 | Step 349650 | G: 2.7879 | D_A: 0.0793 | D_B: 0.0890 | Cycle: 1.0097
Epoch 50/80 | Step 349700 | G: 2.4742 | D_A: 0.0564 | D_B: 0.0728 | Cycle: 1.0098
Epoch 50/80 | Step 349750 | G: 2.4197 | D_A: 0.0887 | D_B: 0.1391 | Cycle: 0.9224
Epoch 50/80 | Step 349800 | G: 1.6504 | D_A: 0.0547 | D_B: 0.1172 | Cycle: 0.6603
Epoch 50/80 | Step 349850 | G: 2.3985 | D_A: 0.1732 | D_B: 0.0825 | Cycle: 0.8337
Epoch 50/80 | Step 349900 | G: 2.6628 | D_A: 0.2558 | D_B: 0.1091 | Cycle: 0.9033
Epoch 50/80 | Step 349950 | G: 2.4876 | D_A: 0.1352 | D_B: 0.0552 | Cycle: 0.7166
Epoch 50/80 | Step 350000 | G: 2.5618 | D_A: 0.1373 | D_B: 0.1647 | Cycle: 0.8177
Epoch 50/80 | Step 350050 | G: 2.1072 | D_A: 0.2093 | D_B: 0.0740 | Cycle: 0.8616
Epoch 50/80 | Step 350100 | G: 4.0704 | D_A: 0.2109 | D_B: 0.0659 | Cycle: 0.8072
Epoch 50/80 | Step 350150 | G: 2.5191 | D_A: 0.0824 | D_B: 0.0504 | Cycle: 0.8298
Epoch 50/80 | Step 350200 | G: 2.6164 | D_A: 0.1777 | D_B: 0.0470 | Cycle: 0.9114
Epoch 50/80 | Step 350250 | G: 2.0662 | D_A: 0.0762 | D_B: 0.0663 | Cycle: 0.7429
Epoch 50/80 | Step 350300 | G: 2.7715 | D_A: 0.1012 | D_B: 0.0460 | Cycle: 0.8731
Epoch 50/80 | Step 350350 | G: 2.6167 | D_A: 0.1099 | D_B: 0.1483 | Cycle: 0.7803
Epoch 50/80 | Step 350400 | G: 1.7720 | D_A: 0.1537 | D_B: 0.1321 | Cycle: 0.6887
Epoch 50/80 | Step 350450 | G: 2.4669 | D_A: 0.0854 | D_B: 0.0433 | Cycle: 0.6782
Epoch 50/80 | Step 350500 | G: 1.8182 | D_A: 0.1739 | D_B: 0.0728 | Cycle: 0.5763
Epoch 50/80 | Step 350550 | G: 2.8286 | D_A: 0.1660 | D_B: 0.0526 | Cycle: 0.8659
Epoch 50/80 | Step 350600 | G: 1.6116 | D_A: 0.0422 | D_B: 0.0622 | Cycle: 0.6378
Epoch 50/80 | Step 350650 | G: 2.3187 | D_A: 0.1163 | D_B: 0.0969 | Cycle: 0.7394
Epoch 50/80 | Step 350700 | G: 2.0202 | D_A: 0.1396 | D_B: 0.0990 | Cycle: 0.8064
Epoch 50/80 | Step 350750 | G: 2.2734 | D_A: 0.0966 | D_B: 0.0769 | Cycle: 0.7426
Epoch 50/80 | Step 350800 | G: 2.1920 | D_A: 0.2143 | D_B: 0.0835 | Cycle: 0.6937
Epoch 50/80 | Step 350850 | G: 2.4999 | D_A: 0.1107 | D_B: 0.0924 | Cycle: 0.8050
Epoch 50/80 | Step 350900 | G: 2.1343 | D_A: 0.0781 | D_B: 0.0326 | Cycle: 0.8320
Epoch 50/80 | Step 350950 | G: 1.6016 | D_A: 0.1392 | D_B: 0.1969 | Cycle: 0.7712
Epoch 50/80 | Step 351000 | G: 2.7054 | D_A: 0.0885 | D_B: 0.0337 | Cycle: 1.0125
Epoch 50/80 | Step 351050 | G: 1.7349 | D_A: 0.1526 | D_B: 0.0414 | Cycle: 0.7035
Epoch 50/80 | Step 351100 | G: 2.4690 | D_A: 0.0708 | D_B: 0.0434 | Cycle: 0.8580
Epoch 50/80 | Step 351150 | G: 2.7382 | D_A: 0.0638 | D_B: 0.1146 | Cycle: 0.9529
Epoch 50/80 | Step 351200 | G: 2.4328 | D_A: 0.1036 | D_B: 0.0551 | Cycle: 0.9698
Epoch 50/80 | Step 351250 | G: 1.5864 | D_A: 0.0956 | D_B: 0.0390 | Cycle: 0.6899
Epoch 50/80 | Step 351300 | G: 2.9840 | D_A: 0.1750 | D_B: 0.0651 | Cycle: 1.0479
Epoch 50/80 | Step 351350 | G: 2.6080 | D_A: 0.1040 | D_B: 0.1293 | Cycle: 0.6485
Epoch 50/80 | Step 351400 | G: 1.8040 | D_A: 0.1517 | D_B: 0.0716 | Cycle: 0.7569
Epoch 50/80 | Step 351450 | G: 2.5151 | D_A: 0.0455 | D_B: 0.1043 | Cycle: 0.9975
Epoch 50/80 | Step 351500 | G: 2.3926 | D_A: 0.0959 | D_B: 0.0634 | Cycle: 0.7186
Epoch 50/80 | Step 351550 | G: 2.6204 | D_A: 0.0974 | D_B: 0.0342 | Cycle: 0.8339
Epoch 50/80 | Step 351600 | G: 2.1665 | D_A: 0.2101 | D_B: 0.1806 | Cycle: 0.7070
Epoch 50/80 | Step 351650 | G: 2.2722 | D_A: 0.0757 | D_B: 0.1044 | Cycle: 0.7565
Epoch 50/80 | Step 351700 | G: 2.0924 | D_A: 0.1494 | D_B: 0.1014 | Cycle: 0.7010
Epoch 50/80 | Step 351750 | G: 2.3665 | D_A: 0.0637 | D_B: 0.0457 | Cycle: 0.7165
Epoch 50/80 | Step 351800 | G: 2.1782 | D_A: 0.1013 | D_B: 0.1326 | Cycle: 0.6751
Epoch 50/80 | Step 351850 | G: 2.0167 | D_A: 0.0765 | D_B: 0.2307 | Cycle: 0.5769
Epoch 50/80 | Step 351900 | G: 2.1920 | D_A: 0.0409 | D_B: 0.1151 | Cycle: 0.7372
Epoch 50/80 complete | Time: 432s | Avg G: 2.3456 | Avg D: 0.1015
Saved checkpoint: /content/drive/MyDrive/DATA266_Lab1/task3_gan/shreya_akotiya/checkpoints/t3_shreya_unet_128_20261002_023102_epoch050.pt
Epoch 51/80 | Step 351950 | G: 1.9578 | D_A: 0.0488 | D_B: 0.1113 | Cycle: 0.6912
Epoch 51/80 | Step 352000 | G: 2.4980 | D_A: 0.1454 | D_B: 0.0706 | Cycle: 0.9788
Epoch 51/80 | Step 352050 | G: 2.9300 | D_A: 0.0752 | D_B: 0.0677 | Cycle: 1.0043
Epoch 51/80 | Step 352100 | G: 2.7736 | D_A: 0.2034 | D_B: 0.0331 | Cycle: 1.0139
Epoch 51/80 | Step 352150 | G: 1.7868 | D_A: 0.1577 | D_B: 0.1180 | Cycle: 0.5774
Epoch 51/80 | Step 352200 | G: 2.4703 | D_A: 0.1091 | D_B: 0.1117 | Cycle: 0.8311
Epoch 51/80 | Step 352250 | G: 2.1228 | D_A: 0.2971 | D_B: 0.1449 | Cycle: 0.5972
Epoch 51/80 | Step 352300 | G: 2.4002 | D_A: 0.0970 | D_B: 0.0509 | Cycle: 0.8424
Epoch 51/80 | Step 352350 | G: 2.4888 | D_A: 0.1273 | D_B: 0.0730 | Cycle: 0.9791
Epoch 51/80 | Step 352400 | G: 3.0047 | D_A: 0.1852 | D_B: 0.0362 | Cycle: 1.0513
Epoch 51/80 | Step 352450 | G: 2.2213 | D_A: 0.1379 | D_B: 0.1271 | Cycle: 0.6763
Epoch 51/80 | Step 352500 | G: 2.5409 | D_A: 0.0822 | D_B: 0.0808 | Cycle: 0.7786
Epoch 51/80 | Step 352550 | G: 2.0061 | D_A: 0.1610 | D_B: 0.0683 | Cycle: 0.6351
Epoch 51/80 | Step 352600 | G: 1.9546 | D_A: 0.1473 | D_B: 0.0309 | Cycle: 0.8012
Epoch 51/80 | Step 352650 | G: 1.7102 | D_A: 0.1574 | D_B: 0.0838 | Cycle: 0.7176
Epoch 51/80 | Step 352700 | G: 2.6269 | D_A: 0.0802 | D_B: 0.0464 | Cycle: 0.8967
Epoch 51/80 | Step 352750 | G: 2.5468 | D_A: 0.0456 | D_B: 0.0477 | Cycle: 0.6987
Epoch 51/80 | Step 352800 | G: 2.4130 | D_A: 0.0857 | D_B: 0.0957 | Cycle: 0.7562
Epoch 51/80 | Step 352850 | G: 2.2137 | D_A: 0.1383 | D_B: 0.1402 | Cycle: 0.6300
Epoch 51/80 | Step 352900 | G: 2.3042 | D_A: 0.1256 | D_B: 0.0760 | Cycle: 0.7540
Epoch 51/80 | Step 352950 | G: 1.6298 | D_A: 0.2420 | D_B: 0.1281 | Cycle: 0.7166
Epoch 51/80 | Step 353000 | G: 2.0783 | D_A: 0.1518 | D_B: 0.0594 | Cycle: 0.6695
Epoch 51/80 | Step 353050 | G: 3.0862 | D_A: 0.0361 | D_B: 0.1365 | Cycle: 0.8314
Epoch 51/80 | Step 353100 | G: 2.2624 | D_A: 0.1973 | D_B: 0.1655 | Cycle: 0.7347
Epoch 51/80 | Step 353150 | G: 1.9119 | D_A: 0.0596 | D_B: 0.1732 | Cycle: 0.7804
Epoch 51/80 | Step 353200 | G: 4.5115 | D_A: 0.0364 | D_B: 0.0763 | Cycle: 1.4365
Epoch 51/80 | Step 353250 | G: 4.9394 | D_A: 0.0754 | D_B: 0.1740 | Cycle: 0.8123
Epoch 51/80 | Step 353300 | G: 2.2587 | D_A: 0.1576 | D_B: 0.0369 | Cycle: 0.8397
Epoch 51/80 | Step 353350 | G: 2.8438 | D_A: 0.2372 | D_B: 0.1106 | Cycle: 1.0891
Epoch 51/80 | Step 353400 | G: 2.8358 | D_A: 0.0348 | D_B: 0.0354 | Cycle: 0.9363
Epoch 51/80 | Step 353450 | G: 2.8155 | D_A: 0.0333 | D_B: 0.1598 | Cycle: 0.7760
Epoch 51/80 | Step 353500 | G: 3.0722 | D_A: 0.0926 | D_B: 0.0308 | Cycle: 1.1718
Epoch 51/80 | Step 353550 | G: 2.2046 | D_A: 0.1325 | D_B: 0.0835 | Cycle: 0.7999
Epoch 51/80 | Step 353600 | G: 1.7976 | D_A: 0.0821 | D_B: 0.0855 | Cycle: 0.6718
Epoch 51/80 | Step 353650 | G: 1.9853 | D_A: 0.1271 | D_B: 0.0770 | Cycle: 0.6691
Epoch 51/80 | Step 353700 | G: 2.0631 | D_A: 0.0924 | D_B: 0.0528 | Cycle: 0.6755
Epoch 51/80 | Step 353750 | G: 1.9676 | D_A: 0.1353 | D_B: 0.0860 | Cycle: 0.6886
Epoch 51/80 | Step 353800 | G: 1.7170 | D_A: 0.1621 | D_B: 0.0604 | Cycle: 0.5676
Epoch 51/80 | Step 353850 | G: 2.7304 | D_A: 0.0617 | D_B: 0.0578 | Cycle: 0.7209
Epoch 51/80 | Step 353900 | G: 2.3594 | D_A: 0.1573 | D_B: 0.0420 | Cycle: 0.8968
Epoch 51/80 | Step 353950 | G: 1.9273 | D_A: 0.0956 | D_B: 0.0750 | Cycle: 0.7056
Epoch 51/80 | Step 354000 | G: 2.0282 | D_A: 0.1150 | D_B: 0.0582 | Cycle: 0.7866
Epoch 51/80 | Step 354050 | G: 2.3038 | D_A: 0.1031 | D_B: 0.0611 | Cycle: 0.8706
Epoch 51/80 | Step 354100 | G: 2.6061 | D_A: 0.0609 | D_B: 0.0461 | Cycle: 0.7029
Epoch 51/80 | Step 354150 | G: 2.9341 | D_A: 0.1148 | D_B: 0.0639 | Cycle: 0.9520
Epoch 51/80 | Step 354200 | G: 2.8633 | D_A: 0.0980 | D_B: 0.0382 | Cycle: 0.8757
Epoch 51/80 | Step 354250 | G: 2.2587 | D_A: 0.1789 | D_B: 0.2369 | Cycle: 0.7879
Epoch 51/80 | Step 354300 | G: 2.5152 | D_A: 0.0537 | D_B: 0.0482 | Cycle: 1.0130
Epoch 51/80 | Step 354350 | G: 2.4401 | D_A: 0.0812 | D_B: 0.0640 | Cycle: 0.6705
Epoch 51/80 | Step 354400 | G: 2.3244 | D_A: 0.0780 | D_B: 0.0442 | Cycle: 0.7931
Epoch 51/80 | Step 354450 | G: 1.7308 | D_A: 0.1906 | D_B: 0.0796 | Cycle: 0.6494
Epoch 51/80 | Step 354500 | G: 2.0288 | D_A: 0.0792 | D_B: 0.0837 | Cycle: 0.6912
Epoch 51/80 | Step 354550 | G: 2.0478 | D_A: 0.0777 | D_B: 0.0651 | Cycle: 0.6330
Epoch 51/80 | Step 354600 | G: 2.8062 | D_A: 0.1278 | D_B: 0.1421 | Cycle: 1.0074
Epoch 51/80 | Step 354650 | G: 2.3864 | D_A: 0.1283 | D_B: 0.0339 | Cycle: 0.8715
Epoch 51/80 | Step 354700 | G: 1.8185 | D_A: 0.0776 | D_B: 0.0715 | Cycle: 0.6095
Epoch 51/80 | Step 354750 | G: 1.6488 | D_A: 0.2467 | D_B: 0.0705 | Cycle: 0.6401
Epoch 51/80 | Step 354800 | G: 2.2574 | D_A: 0.0886 | D_B: 0.0691 | Cycle: 0.7849
Epoch 51/80 | Step 354850 | G: 2.0099 | D_A: 0.1024 | D_B: 0.0462 | Cycle: 0.6072
Epoch 51/80 | Step 354900 | G: 2.6480 | D_A: 0.2872 | D_B: 0.1455 | Cycle: 0.7461
Epoch 51/80 | Step 354950 | G: 2.8277 | D_A: 0.0609 | D_B: 0.0353 | Cycle: 0.8005
Epoch 51/80 | Step 355000 | G: 2.6640 | D_A: 0.1285 | D_B: 0.0568 | Cycle: 0.6354
Epoch 51/80 | Step 355050 | G: 2.8959 | D_A: 0.1490 | D_B: 0.0549 | Cycle: 0.9512
Epoch 51/80 | Step 355100 | G: 2.7021 | D_A: 0.0549 | D_B: 0.0394 | Cycle: 0.7302
Epoch 51/80 | Step 355150 | G: 2.6867 | D_A: 0.0970 | D_B: 0.0649 | Cycle: 0.5764
Epoch 51/80 | Step 355200 | G: 2.0125 | D_A: 0.0614 | D_B: 0.0716 | Cycle: 0.6917
Epoch 51/80 | Step 355250 | G: 2.0155 | D_A: 0.0796 | D_B: 0.0793 | Cycle: 0.5885
Epoch 51/80 | Step 355300 | G: 2.8493 | D_A: 0.0420 | D_B: 0.0347 | Cycle: 0.8977
Epoch 51/80 | Step 355350 | G: 2.0554 | D_A: 0.0548 | D_B: 0.1107 | Cycle: 0.6445
Epoch 51/80 | Step 355400 | G: 2.2052 | D_A: 0.0592 | D_B: 0.1082 | Cycle: 0.8274
Epoch 51/80 | Step 355450 | G: 2.2055 | D_A: 0.0758 | D_B: 0.1478 | Cycle: 0.7726
Epoch 51/80 | Step 355500 | G: 2.5626 | D_A: 0.2728 | D_B: 0.0489 | Cycle: 0.8943
Epoch 51/80 | Step 355550 | G: 2.7989 | D_A: 0.0375 | D_B: 0.0331 | Cycle: 0.6980
Epoch 51/80 | Step 355600 | G: 2.3260 | D_A: 0.0721 | D_B: 0.0717 | Cycle: 0.8315
Epoch 51/80 | Step 355650 | G: 1.8284 | D_A: 0.0875 | D_B: 0.0421 | Cycle: 0.6985
Epoch 51/80 | Step 355700 | G: 2.5543 | D_A: 0.1284 | D_B: 0.0341 | Cycle: 0.8530
Epoch 51/80 | Step 355750 | G: 2.3242 | D_A: 0.0915 | D_B: 0.1220 | Cycle: 0.7717
Epoch 51/80 | Step 355800 | G: 2.9086 | D_A: 0.0548 | D_B: 0.0320 | Cycle: 0.7950
Epoch 51/80 | Step 355850 | G: 2.0064 | D_A: 0.0904 | D_B: 0.1019 | Cycle: 0.8283
Epoch 51/80 | Step 355900 | G: 3.0896 | D_A: 0.1096 | D_B: 0.0580 | Cycle: 1.1506
Epoch 51/80 | Step 355950 | G: 2.2806 | D_A: 0.1330 | D_B: 0.0516 | Cycle: 0.6944
Epoch 51/80 | Step 356000 | G: 2.4658 | D_A: 0.0677 | D_B: 0.1156 | Cycle: 0.6111
Epoch 51/80 | Step 356050 | G: 2.9739 | D_A: 0.2129 | D_B: 0.0611 | Cycle: 1.1164
Epoch 51/80 | Step 356100 | G: 2.7404 | D_A: 0.0698 | D_B: 0.0437 | Cycle: 0.8561
Epoch 51/80 | Step 356150 | G: 2.4701 | D_A: 0.0436 | D_B: 0.0401 | Cycle: 0.7314
Epoch 51/80 | Step 356200 | G: 2.4469 | D_A: 0.1322 | D_B: 0.1651 | Cycle: 0.9278
Epoch 51/80 | Step 356250 | G: 2.1549 | D_A: 0.2564 | D_B: 0.0744 | Cycle: 0.6581
Epoch 51/80 | Step 356300 | G: 2.0151 | D_A: 0.1262 | D_B: 0.0970 | Cycle: 0.6396
Epoch 51/80 | Step 356350 | G: 2.0912 | D_A: 0.0822 | D_B: 0.0931 | Cycle: 0.6341
Epoch 51/80 | Step 356400 | G: 2.5935 | D_A: 0.1212 | D_B: 0.0310 | Cycle: 0.8082
Epoch 51/80 | Step 356450 | G: 2.0650 | D_A: 0.1304 | D_B: 0.0483 | Cycle: 0.6646
Epoch 51/80 | Step 356500 | G: 2.4837 | D_A: 0.0418 | D_B: 0.0895 | Cycle: 0.7700
Epoch 51/80 | Step 356550 | G: 2.3901 | D_A: 0.0473 | D_B: 0.1247 | Cycle: 0.8880
Epoch 51/80 | Step 356600 | G: 2.1168 | D_A: 0.1103 | D_B: 0.0870 | Cycle: 0.8465
Epoch 51/80 | Step 356650 | G: 2.2114 | D_A: 0.1175 | D_B: 0.2363 | Cycle: 0.6480
Epoch 51/80 | Step 356700 | G: 2.1961 | D_A: 0.0453 | D_B: 0.1166 | Cycle: 0.7815
Epoch 51/80 | Step 356750 | G: 1.7703 | D_A: 0.0736 | D_B: 0.0324 | Cycle: 0.6402
Epoch 51/80 | Step 356800 | G: 1.8068 | D_A: 0.1160 | D_B: 0.0681 | Cycle: 0.6930
Epoch 51/80 | Step 356850 | G: 2.2484 | D_A: 0.0455 | D_B: 0.0773 | Cycle: 0.6509
Epoch 51/80 | Step 356900 | G: 2.2598 | D_A: 0.0749 | D_B: 0.1329 | Cycle: 0.7243
Epoch 51/80 | Step 356950 | G: 2.7278 | D_A: 0.0513 | D_B: 0.0451 | Cycle: 0.6680
Epoch 51/80 | Step 357000 | G: 2.8489 | D_A: 0.1637 | D_B: 0.1206 | Cycle: 1.0137
Epoch 51/80 | Step 357050 | G: 2.0077 | D_A: 0.0465 | D_B: 0.1078 | Cycle: 0.5035
Epoch 51/80 | Step 357100 | G: 3.0279 | D_A: 0.0970 | D_B: 0.0599 | Cycle: 1.0420
Epoch 51/80 | Step 357150 | G: 2.6648 | D_A: 0.0326 | D_B: 0.0425 | Cycle: 0.9122
Epoch 51/80 | Step 357200 | G: 2.3782 | D_A: 0.1355 | D_B: 0.0414 | Cycle: 0.7441
Epoch 51/80 | Step 357250 | G: 2.6238 | D_A: 0.0836 | D_B: 0.1018 | Cycle: 0.6668
Epoch 51/80 | Step 357300 | G: 2.0123 | D_A: 0.1876 | D_B: 0.0700 | Cycle: 0.8475
Epoch 51/80 | Step 357350 | G: 2.3294 | D_A: 0.1395 | D_B: 0.1279 | Cycle: 0.9642
Epoch 51/80 | Step 357400 | G: 2.9283 | D_A: 0.1103 | D_B: 0.0928 | Cycle: 0.8111
Epoch 51/80 | Step 357450 | G: 3.2981 | D_A: 0.0605 | D_B: 0.0490 | Cycle: 1.2315
Epoch 51/80 | Step 357500 | G: 2.4564 | D_A: 0.0726 | D_B: 0.1332 | Cycle: 0.8361
Epoch 51/80 | Step 357550 | G: 1.9377 | D_A: 0.1527 | D_B: 0.1799 | Cycle: 0.6397
Epoch 51/80 | Step 357600 | G: 2.4082 | D_A: 0.1492 | D_B: 0.1707 | Cycle: 0.8329
Epoch 51/80 | Step 357650 | G: 2.8018 | D_A: 0.0574 | D_B: 0.0468 | Cycle: 0.6803
Epoch 51/80 | Step 357700 | G: 2.5216 | D_A: 0.0979 | D_B: 0.1388 | Cycle: 0.6760
Epoch 51/80 | Step 357750 | G: 2.9610 | D_A: 0.2905 | D_B: 0.1200 | Cycle: 0.7260
Epoch 51/80 | Step 357800 | G: 2.3305 | D_A: 0.0440 | D_B: 0.1018 | Cycle: 0.7456
Epoch 51/80 | Step 357850 | G: 2.3314 | D_A: 0.2216 | D_B: 0.0384 | Cycle: 0.7325
Epoch 51/80 | Step 357900 | G: 2.6626 | D_A: 0.2121 | D_B: 0.0685 | Cycle: 0.9465
Epoch 51/80 | Step 357950 | G: 2.6132 | D_A: 0.3481 | D_B: 0.0503 | Cycle: 0.7892
Epoch 51/80 | Step 358000 | G: 2.0587 | D_A: 0.0880 | D_B: 0.1274 | Cycle: 0.9508
Epoch 51/80 | Step 358050 | G: 2.5729 | D_A: 0.0442 | D_B: 0.0286 | Cycle: 0.6728
Epoch 51/80 | Step 358100 | G: 2.2532 | D_A: 0.2394 | D_B: 0.0369 | Cycle: 0.6900
Epoch 51/80 | Step 358150 | G: 2.5786 | D_A: 0.1495 | D_B: 0.0785 | Cycle: 0.8108
Epoch 51/80 | Step 358200 | G: 2.0338 | D_A: 0.1763 | D_B: 0.0244 | Cycle: 0.7260
Epoch 51/80 | Step 358250 | G: 1.6994 | D_A: 0.0815 | D_B: 0.1522 | Cycle: 0.6684
Epoch 51/80 | Step 358300 | G: 2.5989 | D_A: 0.0394 | D_B: 0.1214 | Cycle: 0.7585
Epoch 51/80 | Step 358350 | G: 2.6726 | D_A: 0.1574 | D_B: 0.1265 | Cycle: 0.8204
Epoch 51/80 | Step 358400 | G: 2.0591 | D_A: 0.1255 | D_B: 0.0471 | Cycle: 0.7542
Epoch 51/80 | Step 358450 | G: 2.0499 | D_A: 0.0626 | D_B: 0.0629 | Cycle: 0.7807
Epoch 51/80 | Step 358500 | G: 2.9913 | D_A: 0.1756 | D_B: 0.0467 | Cycle: 1.0950
Epoch 51/80 | Step 358550 | G: 1.9786 | D_A: 0.1552 | D_B: 0.0292 | Cycle: 0.6958
Epoch 51/80 | Step 358600 | G: 2.4085 | D_A: 0.1896 | D_B: 0.0382 | Cycle: 0.7364
Epoch 51/80 | Step 358650 | G: 2.6258 | D_A: 0.0894 | D_B: 0.0552 | Cycle: 0.9140
Epoch 51/80 | Step 358700 | G: 1.9824 | D_A: 0.1872 | D_B: 0.1030 | Cycle: 0.7030
Epoch 51/80 | Step 358750 | G: 2.7495 | D_A: 0.0960 | D_B: 0.0334 | Cycle: 0.7242
Epoch 51/80 | Step 358800 | G: 2.8136 | D_A: 0.0635 | D_B: 0.0396 | Cycle: 0.7561
Epoch 51/80 | Step 358850 | G: 2.2643 | D_A: 0.0901 | D_B: 0.1436 | Cycle: 0.7210
Epoch 51/80 | Step 358900 | G: 2.1660 | D_A: 0.1266 | D_B: 0.0931 | Cycle: 0.7638
Epoch 51/80 complete | Time: 427s | Avg G: 2.3617 | Avg D: 0.1011
Epoch 52/80 | Step 358950 | G: 1.9775 | D_A: 0.0471 | D_B: 0.0385 | Cycle: 0.6949
Epoch 52/80 | Step 359000 | G: 3.7053 | D_A: 0.0780 | D_B: 0.0872 | Cycle: 1.0512
Epoch 52/80 | Step 359050 | G: 2.2305 | D_A: 0.0714 | D_B: 0.0444 | Cycle: 0.7529
Epoch 52/80 | Step 359100 | G: 2.3375 | D_A: 0.1094 | D_B: 0.0344 | Cycle: 0.7828
Epoch 52/80 | Step 359150 | G: 2.3339 | D_A: 0.0801 | D_B: 0.0367 | Cycle: 0.5790
Epoch 52/80 | Step 359200 | G: 2.9400 | D_A: 0.0514 | D_B: 0.1124 | Cycle: 0.8290
Epoch 52/80 | Step 359250 | G: 2.1247 | D_A: 0.1392 | D_B: 0.1179 | Cycle: 0.7896
Epoch 52/80 | Step 359300 | G: 1.9875 | D_A: 0.0598 | D_B: 0.0901 | Cycle: 0.7488
Epoch 52/80 | Step 359350 | G: 2.3564 | D_A: 0.0495 | D_B: 0.0513 | Cycle: 0.7583
Epoch 52/80 | Step 359400 | G: 1.7401 | D_A: 0.0370 | D_B: 0.1473 | Cycle: 0.5823
Epoch 52/80 | Step 359450 | G: 2.8607 | D_A: 0.1331 | D_B: 0.0516 | Cycle: 0.8210
Epoch 52/80 | Step 359500 | G: 2.3286 | D_A: 0.0862 | D_B: 0.0964 | Cycle: 0.7953
Epoch 52/80 | Step 359550 | G: 2.5038 | D_A: 0.0764 | D_B: 0.1413 | Cycle: 0.8741
Epoch 52/80 | Step 359600 | G: 2.0803 | D_A: 0.0996 | D_B: 0.0406 | Cycle: 0.6690
Epoch 52/80 | Step 359650 | G: 2.1136 | D_A: 0.0835 | D_B: 0.0799 | Cycle: 0.8055
Epoch 52/80 | Step 359700 | G: 1.6878 | D_A: 0.2206 | D_B: 0.1751 | Cycle: 0.8526
Epoch 52/80 | Step 359750 | G: 2.8758 | D_A: 0.0736 | D_B: 0.0631 | Cycle: 0.9716
Epoch 52/80 | Step 359800 | G: 2.8157 | D_A: 0.0828 | D_B: 0.0538 | Cycle: 0.9439
Epoch 52/80 | Step 359850 | G: 2.3858 | D_A: 0.0335 | D_B: 0.0778 | Cycle: 0.7387
Epoch 52/80 | Step 359900 | G: 2.0444 | D_A: 0.0727 | D_B: 0.1837 | Cycle: 0.7250
Epoch 52/80 | Step 359950 | G: 2.8755 | D_A: 0.0528 | D_B: 0.0662 | Cycle: 0.9583
Epoch 52/80 | Step 360000 | G: 3.6056 | D_A: 0.1208 | D_B: 0.1457 | Cycle: 1.2175
Epoch 52/80 | Step 360050 | G: 2.5152 | D_A: 0.1000 | D_B: 0.1396 | Cycle: 0.8273
Epoch 52/80 | Step 360100 | G: 3.3025 | D_A: 0.1592 | D_B: 0.0549 | Cycle: 0.8950
Epoch 52/80 | Step 360150 | G: 2.8868 | D_A: 0.0674 | D_B: 0.0924 | Cycle: 0.6299
Epoch 52/80 | Step 360200 | G: 1.9984 | D_A: 0.0697 | D_B: 0.0351 | Cycle: 0.8075
Epoch 52/80 | Step 360250 | G: 2.2223 | D_A: 0.1712 | D_B: 0.1240 | Cycle: 0.5757
Epoch 52/80 | Step 360300 | G: 2.4331 | D_A: 0.1961 | D_B: 0.1009 | Cycle: 0.9103
Epoch 52/80 | Step 360350 | G: 2.2001 | D_A: 0.0754 | D_B: 0.0851 | Cycle: 0.7529
Epoch 52/80 | Step 360400 | G: 2.8469 | D_A: 0.0957 | D_B: 0.1924 | Cycle: 0.8214
Epoch 52/80 | Step 360450 | G: 2.5395 | D_A: 0.0786 | D_B: 0.0479 | Cycle: 0.8599
Epoch 52/80 | Step 360500 | G: 2.8063 | D_A: 0.0637 | D_B: 0.0502 | Cycle: 0.8007
Epoch 52/80 | Step 360550 | G: 2.3659 | D_A: 0.1633 | D_B: 0.0847 | Cycle: 0.6124
Epoch 52/80 | Step 360600 | G: 2.1899 | D_A: 0.1725 | D_B: 0.0674 | Cycle: 0.7121
Epoch 52/80 | Step 360650 | G: 2.7965 | D_A: 0.0249 | D_B: 0.0882 | Cycle: 0.7323
Epoch 52/80 | Step 360700 | G: 2.3290 | D_A: 0.1160 | D_B: 0.1006 | Cycle: 1.0734
Epoch 52/80 | Step 360750 | G: 2.5950 | D_A: 0.0944 | D_B: 0.0493 | Cycle: 0.9429
Epoch 52/80 | Step 360800 | G: 2.2998 | D_A: 0.1212 | D_B: 0.1107 | Cycle: 0.8471
Epoch 52/80 | Step 360850 | G: 2.4722 | D_A: 0.2112 | D_B: 0.0957 | Cycle: 0.8676
Epoch 52/80 | Step 360900 | G: 1.6104 | D_A: 0.0359 | D_B: 0.1216 | Cycle: 0.5379
Epoch 52/80 | Step 360950 | G: 2.6315 | D_A: 0.0552 | D_B: 0.0517 | Cycle: 0.7430
Epoch 52/80 | Step 361000 | G: 2.5763 | D_A: 0.1368 | D_B: 0.0337 | Cycle: 0.8220
Epoch 52/80 | Step 361050 | G: 2.6986 | D_A: 0.0772 | D_B: 0.0641 | Cycle: 0.7882
Epoch 52/80 | Step 361100 | G: 2.4115 | D_A: 0.1036 | D_B: 0.0479 | Cycle: 0.7341
Epoch 52/80 | Step 361150 | G: 2.0095 | D_A: 0.1442 | D_B: 0.1006 | Cycle: 0.7476
Epoch 52/80 | Step 361200 | G: 2.0752 | D_A: 0.1451 | D_B: 0.0739 | Cycle: 0.8538
Epoch 52/80 | Step 361250 | G: 1.5567 | D_A: 0.0961 | D_B: 0.1930 | Cycle: 0.7079
Epoch 52/80 | Step 361300 | G: 2.2041 | D_A: 0.1863 | D_B: 0.0911 | Cycle: 0.8921
Epoch 52/80 | Step 361350 | G: 3.2853 | D_A: 0.0460 | D_B: 0.0465 | Cycle: 0.8843
Epoch 52/80 | Step 361400 | G: 2.2057 | D_A: 0.0937 | D_B: 0.1159 | Cycle: 0.9791
Epoch 52/80 | Step 361450 | G: 2.2521 | D_A: 0.1865 | D_B: 0.0771 | Cycle: 0.6890
Epoch 52/80 | Step 361500 | G: 1.7630 | D_A: 0.1302 | D_B: 0.1156 | Cycle: 0.7033
Epoch 52/80 | Step 361550 | G: 2.5164 | D_A: 0.0748 | D_B: 0.0651 | Cycle: 0.8682
Epoch 52/80 | Step 361600 | G: 2.1595 | D_A: 0.0962 | D_B: 0.0939 | Cycle: 0.9810
Epoch 52/80 | Step 361650 | G: 2.0625 | D_A: 0.0767 | D_B: 0.0781 | Cycle: 0.7324
Epoch 52/80 | Step 361700 | G: 1.9462 | D_A: 0.0635 | D_B: 0.0810 | Cycle: 0.7626
Epoch 52/80 | Step 361750 | G: 2.6066 | D_A: 0.1970 | D_B: 0.0339 | Cycle: 0.8183
Epoch 52/80 | Step 361800 | G: 1.9019 | D_A: 0.1210 | D_B: 0.1474 | Cycle: 0.6643
Epoch 52/80 | Step 361850 | G: 2.3268 | D_A: 0.0664 | D_B: 0.0910 | Cycle: 0.9823
Epoch 52/80 | Step 361900 | G: 2.4640 | D_A: 0.1214 | D_B: 0.0452 | Cycle: 0.8239
Epoch 52/80 | Step 361950 | G: 2.4028 | D_A: 0.0621 | D_B: 0.3045 | Cycle: 0.6727
Epoch 52/80 | Step 362000 | G: 1.8831 | D_A: 0.1701 | D_B: 0.1628 | Cycle: 0.6624
Epoch 52/80 | Step 362050 | G: 2.5128 | D_A: 0.0820 | D_B: 0.0727 | Cycle: 0.8886
Epoch 52/80 | Step 362100 | G: 3.0522 | D_A: 0.1064 | D_B: 0.0814 | Cycle: 1.0630
Epoch 52/80 | Step 362150 | G: 2.5376 | D_A: 0.1326 | D_B: 0.0530 | Cycle: 0.8085
Epoch 52/80 | Step 362200 | G: 3.2549 | D_A: 0.0690 | D_B: 0.2909 | Cycle: 0.7029
Epoch 52/80 | Step 362250 | G: 1.4249 | D_A: 0.2085 | D_B: 0.0904 | Cycle: 0.6692
Epoch 52/80 | Step 362300 | G: 3.0198 | D_A: 0.0566 | D_B: 0.0596 | Cycle: 1.0751
Epoch 52/80 | Step 362350 | G: 1.9749 | D_A: 0.1306 | D_B: 0.0345 | Cycle: 0.7159
Epoch 52/80 | Step 362400 | G: 2.2228 | D_A: 0.1007 | D_B: 0.1529 | Cycle: 0.7798
Epoch 52/80 | Step 362450 | G: 2.9154 | D_A: 0.0417 | D_B: 0.0737 | Cycle: 0.9008
Epoch 52/80 | Step 362500 | G: 1.9022 | D_A: 0.0999 | D_B: 0.0629 | Cycle: 0.8054
Epoch 52/80 | Step 362550 | G: 2.2720 | D_A: 0.1177 | D_B: 0.1501 | Cycle: 0.7625
Epoch 52/80 | Step 362600 | G: 1.5882 | D_A: 0.1559 | D_B: 0.1677 | Cycle: 0.5943
Epoch 52/80 | Step 362650 | G: 2.7427 | D_A: 0.0697 | D_B: 0.1824 | Cycle: 0.8633
Epoch 52/80 | Step 362700 | G: 2.4171 | D_A: 0.2095 | D_B: 0.0792 | Cycle: 0.9313
Epoch 52/80 | Step 362750 | G: 2.4185 | D_A: 0.0323 | D_B: 0.1431 | Cycle: 0.7931
Epoch 52/80 | Step 362800 | G: 2.4813 | D_A: 0.0862 | D_B: 0.0568 | Cycle: 0.8068
Epoch 52/80 | Step 362850 | G: 2.2461 | D_A: 0.1630 | D_B: 0.0371 | Cycle: 0.8034
Epoch 52/80 | Step 362900 | G: 2.3860 | D_A: 0.0610 | D_B: 0.1721 | Cycle: 0.8077
Epoch 52/80 | Step 362950 | G: 2.5712 | D_A: 0.0625 | D_B: 0.1179 | Cycle: 0.9015
Epoch 52/80 | Step 363000 | G: 3.4105 | D_A: 0.0549 | D_B: 0.0419 | Cycle: 0.9058
Epoch 52/80 | Step 363050 | G: 2.3704 | D_A: 0.1805 | D_B: 0.0727 | Cycle: 0.9363
Epoch 52/80 | Step 363100 | G: 2.5776 | D_A: 0.0628 | D_B: 0.0335 | Cycle: 0.7722
Epoch 52/80 | Step 363150 | G: 2.0577 | D_A: 0.1551 | D_B: 0.0801 | Cycle: 0.6891
Epoch 52/80 | Step 363200 | G: 2.7734 | D_A: 0.0519 | D_B: 0.1114 | Cycle: 0.9204
Epoch 52/80 | Step 363250 | G: 2.6561 | D_A: 0.2393 | D_B: 0.0489 | Cycle: 0.8614
Epoch 52/80 | Step 363300 | G: 2.2919 | D_A: 0.1304 | D_B: 0.1064 | Cycle: 0.8002
Epoch 52/80 | Step 363350 | G: 2.1160 | D_A: 0.1376 | D_B: 0.1529 | Cycle: 0.7278
Epoch 52/80 | Step 363400 | G: 2.1377 | D_A: 0.1241 | D_B: 0.1198 | Cycle: 0.8074
Epoch 52/80 | Step 363450 | G: 2.5070 | D_A: 0.1886 | D_B: 0.0875 | Cycle: 0.7117
Epoch 52/80 | Step 363500 | G: 2.0499 | D_A: 0.1402 | D_B: 0.0314 | Cycle: 0.8297
Epoch 52/80 | Step 363550 | G: 2.6562 | D_A: 0.0887 | D_B: 0.0260 | Cycle: 0.8278
Epoch 52/80 | Step 363600 | G: 2.5794 | D_A: 0.0986 | D_B: 0.0312 | Cycle: 0.7741
Epoch 52/80 | Step 363650 | G: 3.8313 | D_A: 0.0919 | D_B: 0.0555 | Cycle: 1.1882
Epoch 52/80 | Step 363700 | G: 2.0924 | D_A: 0.0976 | D_B: 0.1059 | Cycle: 0.8945
Epoch 52/80 | Step 363750 | G: 2.0309 | D_A: 0.1195 | D_B: 0.0426 | Cycle: 0.6255
Epoch 52/80 | Step 363800 | G: 1.9013 | D_A: 0.1649 | D_B: 0.1047 | Cycle: 0.6923
Epoch 52/80 | Step 363850 | G: 2.1162 | D_A: 0.0705 | D_B: 0.0473 | Cycle: 0.7632
Epoch 52/80 | Step 363900 | G: 2.0147 | D_A: 0.1224 | D_B: 0.0984 | Cycle: 0.8469
Epoch 52/80 | Step 363950 | G: 1.3749 | D_A: 0.2581 | D_B: 0.0366 | Cycle: 0.6265
Epoch 52/80 | Step 364000 | G: 2.7796 | D_A: 0.0744 | D_B: 0.0462 | Cycle: 0.9405
Epoch 52/80 | Step 364050 | G: 2.7259 | D_A: 0.1154 | D_B: 0.0722 | Cycle: 1.0338
Epoch 52/80 | Step 364100 | G: 4.0114 | D_A: 0.0340 | D_B: 0.0286 | Cycle: 0.9464
Epoch 52/80 | Step 364150 | G: 2.8122 | D_A: 0.0623 | D_B: 0.0656 | Cycle: 0.8136
Epoch 52/80 | Step 364200 | G: 2.3029 | D_A: 0.1236 | D_B: 0.1527 | Cycle: 0.6813
Epoch 52/80 | Step 364250 | G: 2.6986 | D_A: 0.1352 | D_B: 0.0876 | Cycle: 0.8580
Epoch 52/80 | Step 364300 | G: 1.8784 | D_A: 0.0685 | D_B: 0.0356 | Cycle: 0.6440
Epoch 52/80 | Step 364350 | G: 2.8322 | D_A: 0.1307 | D_B: 0.0480 | Cycle: 0.8512
Epoch 52/80 | Step 364400 | G: 4.1550 | D_A: 0.0504 | D_B: 0.1027 | Cycle: 1.0268
Epoch 52/80 | Step 364450 | G: 1.7468 | D_A: 0.1625 | D_B: 0.0777 | Cycle: 0.6745
Epoch 52/80 | Step 364500 | G: 2.8122 | D_A: 0.0491 | D_B: 0.0614 | Cycle: 0.8361
Epoch 52/80 | Step 364550 | G: 2.0765 | D_A: 0.0306 | D_B: 0.0454 | Cycle: 0.7724
Epoch 52/80 | Step 364600 | G: 2.2763 | D_A: 0.0340 | D_B: 0.1926 | Cycle: 0.7778
Epoch 52/80 | Step 364650 | G: 3.1294 | D_A: 0.0537 | D_B: 0.0294 | Cycle: 0.8887
Epoch 52/80 | Step 364700 | G: 2.4229 | D_A: 0.0550 | D_B: 0.0874 | Cycle: 0.8323
Epoch 52/80 | Step 364750 | G: 2.2592 | D_A: 0.0543 | D_B: 0.0549 | Cycle: 0.7229
Epoch 52/80 | Step 364800 | G: 2.8177 | D_A: 0.0365 | D_B: 0.0686 | Cycle: 0.6354
Epoch 52/80 | Step 364850 | G: 2.2379 | D_A: 0.2731 | D_B: 0.0457 | Cycle: 0.8377
Epoch 52/80 | Step 364900 | G: 1.8309 | D_A: 0.0904 | D_B: 0.0654 | Cycle: 0.8505
Epoch 52/80 | Step 364950 | G: 1.5012 | D_A: 0.1379 | D_B: 0.1502 | Cycle: 0.5895
Epoch 52/80 | Step 365000 | G: 1.7694 | D_A: 0.1948 | D_B: 0.1903 | Cycle: 0.6858
Epoch 52/80 | Step 365050 | G: 2.3107 | D_A: 0.1099 | D_B: 0.0871 | Cycle: 0.7568
Epoch 52/80 | Step 365100 | G: 2.3069 | D_A: 0.0908 | D_B: 0.2016 | Cycle: 0.8320
Epoch 52/80 | Step 365150 | G: 2.3128 | D_A: 0.1285 | D_B: 0.0909 | Cycle: 0.7140
Epoch 52/80 | Step 365200 | G: 2.0603 | D_A: 0.1939 | D_B: 0.1043 | Cycle: 0.7635
Epoch 52/80 | Step 365250 | G: 2.4534 | D_A: 0.0243 | D_B: 0.0410 | Cycle: 0.7784
Epoch 52/80 | Step 365300 | G: 2.3448 | D_A: 0.1842 | D_B: 0.0898 | Cycle: 0.7708
Epoch 52/80 | Step 365350 | G: 2.0988 | D_A: 0.0361 | D_B: 0.0805 | Cycle: 0.5253
Epoch 52/80 | Step 365400 | G: 2.1827 | D_A: 0.1473 | D_B: 0.1551 | Cycle: 0.6235
Epoch 52/80 | Step 365450 | G: 2.1302 | D_A: 0.0990 | D_B: 0.0440 | Cycle: 0.7245
Epoch 52/80 | Step 365500 | G: 3.3709 | D_A: 0.0872 | D_B: 0.0350 | Cycle: 0.9768
Epoch 52/80 | Step 365550 | G: 2.1077 | D_A: 0.0741 | D_B: 0.0885 | Cycle: 0.8168
Epoch 52/80 | Step 365600 | G: 2.2956 | D_A: 0.1055 | D_B: 0.0275 | Cycle: 0.7598
Epoch 52/80 | Step 365650 | G: 1.8921 | D_A: 0.1680 | D_B: 0.0819 | Cycle: 0.6824
Epoch 52/80 | Step 365700 | G: 2.1575 | D_A: 0.3064 | D_B: 0.2053 | Cycle: 0.6633
Epoch 52/80 | Step 365750 | G: 2.3528 | D_A: 0.0757 | D_B: 0.0795 | Cycle: 0.7567
Epoch 52/80 | Step 365800 | G: 2.2976 | D_A: 0.1058 | D_B: 0.0761 | Cycle: 0.7537
Epoch 52/80 | Step 365850 | G: 2.1060 | D_A: 0.0828 | D_B: 0.0546 | Cycle: 0.7372
Epoch 52/80 | Step 365900 | G: 1.4273 | D_A: 0.2574 | D_B: 0.0996 | Cycle: 0.6207
Epoch 52/80 | Step 365950 | G: 1.7897 | D_A: 0.1290 | D_B: 0.0851 | Cycle: 0.6599
Epoch 52/80 complete | Time: 427s | Avg G: 2.3497 | Avg D: 0.1009
Epoch 53/80 | Step 366000 | G: 2.0376 | D_A: 0.0796 | D_B: 0.0746 | Cycle: 0.8208
Epoch 53/80 | Step 366050 | G: 2.0688 | D_A: 0.1536 | D_B: 0.0941 | Cycle: 0.6005
Epoch 53/80 | Step 366100 | G: 3.0797 | D_A: 0.1401 | D_B: 0.0493 | Cycle: 0.9108
Epoch 53/80 | Step 366150 | G: 2.3177 | D_A: 0.0478 | D_B: 0.0558 | Cycle: 0.7743
Epoch 53/80 | Step 366200 | G: 1.7042 | D_A: 0.4172 | D_B: 0.0796 | Cycle: 0.7452
Epoch 53/80 | Step 366250 | G: 1.4771 | D_A: 0.1586 | D_B: 0.0412 | Cycle: 0.7035
Epoch 53/80 | Step 366300 | G: 2.8054 | D_A: 0.0561 | D_B: 0.0575 | Cycle: 0.9686
Epoch 53/80 | Step 366350 | G: 1.8615 | D_A: 0.0874 | D_B: 0.1894 | Cycle: 0.6371
Epoch 53/80 | Step 366400 | G: 1.9237 | D_A: 0.1275 | D_B: 0.0507 | Cycle: 0.8149
Epoch 53/80 | Step 366450 | G: 2.9914 | D_A: 0.0673 | D_B: 0.0559 | Cycle: 0.9366
Epoch 53/80 | Step 366500 | G: 2.0520 | D_A: 0.0711 | D_B: 0.0478 | Cycle: 0.7383
Epoch 53/80 | Step 366550 | G: 2.2663 | D_A: 0.0486 | D_B: 0.0450 | Cycle: 0.6831
Epoch 53/80 | Step 366600 | G: 1.7726 | D_A: 0.0332 | D_B: 0.1899 | Cycle: 0.8251
Epoch 53/80 | Step 366650 | G: 2.6218 | D_A: 0.0619 | D_B: 0.1028 | Cycle: 0.6508
Epoch 53/80 | Step 366700 | G: 2.2107 | D_A: 0.1514 | D_B: 0.0623 | Cycle: 0.8803
Epoch 53/80 | Step 366750 | G: 1.3882 | D_A: 0.2222 | D_B: 0.1390 | Cycle: 0.6343
Epoch 53/80 | Step 366800 | G: 1.9624 | D_A: 0.0958 | D_B: 0.0821 | Cycle: 0.7264
Epoch 53/80 | Step 366850 | G: 2.1390 | D_A: 0.1352 | D_B: 0.0731 | Cycle: 0.9077
Epoch 53/80 | Step 366900 | G: 2.1853 | D_A: 0.0808 | D_B: 0.0477 | Cycle: 0.7863
Epoch 53/80 | Step 366950 | G: 2.3269 | D_A: 0.1577 | D_B: 0.0624 | Cycle: 0.7322
Epoch 53/80 | Step 367000 | G: 2.5359 | D_A: 0.1485 | D_B: 0.0709 | Cycle: 0.9172
Epoch 53/80 | Step 367050 | G: 2.0143 | D_A: 0.0887 | D_B: 0.0854 | Cycle: 0.7478
Epoch 53/80 | Step 367100 | G: 2.9063 | D_A: 0.0716 | D_B: 0.1558 | Cycle: 0.6738
Epoch 53/80 | Step 367150 | G: 2.4746 | D_A: 0.0446 | D_B: 0.1156 | Cycle: 0.7083
Epoch 53/80 | Step 367200 | G: 3.0509 | D_A: 0.2232 | D_B: 0.0657 | Cycle: 1.1816
Epoch 53/80 | Step 367250 | G: 2.1756 | D_A: 0.0839 | D_B: 0.0283 | Cycle: 0.6019
Epoch 53/80 | Step 367300 | G: 2.4928 | D_A: 0.0757 | D_B: 0.1405 | Cycle: 0.7956
Epoch 53/80 | Step 367350 | G: 2.8129 | D_A: 0.0660 | D_B: 0.1729 | Cycle: 0.9716
Epoch 53/80 | Step 367400 | G: 2.6465 | D_A: 0.0321 | D_B: 0.1547 | Cycle: 0.6113
Epoch 53/80 | Step 367450 | G: 2.5014 | D_A: 0.0758 | D_B: 0.0562 | Cycle: 0.8441
Epoch 53/80 | Step 367500 | G: 2.0881 | D_A: 0.0836 | D_B: 0.1371 | Cycle: 0.6669
Epoch 53/80 | Step 367550 | G: 2.4424 | D_A: 0.1020 | D_B: 0.1438 | Cycle: 0.7541
Epoch 53/80 | Step 367600 | G: 2.4463 | D_A: 0.1720 | D_B: 0.1279 | Cycle: 0.8769
Epoch 53/80 | Step 367650 | G: 1.7188 | D_A: 0.1900 | D_B: 0.0329 | Cycle: 0.7035
Epoch 53/80 | Step 367700 | G: 2.8054 | D_A: 0.0608 | D_B: 0.0732 | Cycle: 0.9519
Epoch 53/80 | Step 367750 | G: 2.4435 | D_A: 0.1800 | D_B: 0.0741 | Cycle: 0.7700
Epoch 53/80 | Step 367800 | G: 2.6130 | D_A: 0.0804 | D_B: 0.0914 | Cycle: 1.0152
Epoch 53/80 | Step 367850 | G: 2.1766 | D_A: 0.0797 | D_B: 0.0339 | Cycle: 0.8850
Epoch 53/80 | Step 367900 | G: 2.7586 | D_A: 0.0570 | D_B: 0.1009 | Cycle: 0.8710
Epoch 53/80 | Step 367950 | G: 2.1873 | D_A: 0.0542 | D_B: 0.2156 | Cycle: 0.7318
Epoch 53/80 | Step 368000 | G: 2.2350 | D_A: 0.1536 | D_B: 0.0713 | Cycle: 0.7336
Epoch 53/80 | Step 368050 | G: 2.1288 | D_A: 0.1024 | D_B: 0.1400 | Cycle: 0.7484
Epoch 53/80 | Step 368100 | G: 2.1371 | D_A: 0.1705 | D_B: 0.1389 | Cycle: 0.7476
Epoch 53/80 | Step 368150 | G: 1.8576 | D_A: 0.1436 | D_B: 0.0796 | Cycle: 0.7488
Epoch 53/80 | Step 368200 | G: 1.9631 | D_A: 0.1368 | D_B: 0.0257 | Cycle: 0.6902
Epoch 53/80 | Step 368250 | G: 2.6172 | D_A: 0.0507 | D_B: 0.1058 | Cycle: 0.8497
Epoch 53/80 | Step 368300 | G: 2.7066 | D_A: 0.0517 | D_B: 0.0480 | Cycle: 0.7858
Epoch 53/80 | Step 368350 | G: 1.8394 | D_A: 0.0501 | D_B: 0.0841 | Cycle: 0.7408
Epoch 53/80 | Step 368400 | G: 1.7785 | D_A: 0.1201 | D_B: 0.1246 | Cycle: 0.7971
Epoch 53/80 | Step 368450 | G: 2.5339 | D_A: 0.0486 | D_B: 0.0849 | Cycle: 0.6904
Epoch 53/80 | Step 368500 | G: 1.7100 | D_A: 0.1518 | D_B: 0.1273 | Cycle: 0.6322
Epoch 53/80 | Step 368550 | G: 2.1071 | D_A: 0.0780 | D_B: 0.1173 | Cycle: 0.5686
Epoch 53/80 | Step 368600 | G: 2.3076 | D_A: 0.0803 | D_B: 0.0902 | Cycle: 0.6362
Epoch 53/80 | Step 368650 | G: 2.2555 | D_A: 0.1272 | D_B: 0.1145 | Cycle: 1.0503
Epoch 53/80 | Step 368700 | G: 1.7579 | D_A: 0.0451 | D_B: 0.0289 | Cycle: 0.7528
Epoch 53/80 | Step 368750 | G: 2.2497 | D_A: 0.1383 | D_B: 0.1025 | Cycle: 0.7865
Epoch 53/80 | Step 368800 | G: 2.3158 | D_A: 0.0682 | D_B: 0.0581 | Cycle: 0.7031
Epoch 53/80 | Step 368850 | G: 2.4878 | D_A: 0.0300 | D_B: 0.0826 | Cycle: 0.7987
Epoch 53/80 | Step 368900 | G: 3.1041 | D_A: 0.1332 | D_B: 0.0425 | Cycle: 0.8680
Epoch 53/80 | Step 368950 | G: 2.8083 | D_A: 0.1012 | D_B: 0.0803 | Cycle: 0.7870
Epoch 53/80 | Step 369000 | G: 1.9128 | D_A: 0.1056 | D_B: 0.0914 | Cycle: 0.5315
Epoch 53/80 | Step 369050 | G: 2.4502 | D_A: 0.1614 | D_B: 0.0477 | Cycle: 1.0231
Epoch 53/80 | Step 369100 | G: 1.7389 | D_A: 0.0489 | D_B: 0.1113 | Cycle: 0.5867
Epoch 53/80 | Step 369150 | G: 1.9993 | D_A: 0.1100 | D_B: 0.1199 | Cycle: 0.5826
Epoch 53/80 | Step 369200 | G: 2.3863 | D_A: 0.1284 | D_B: 0.0486 | Cycle: 0.9446
Epoch 53/80 | Step 369250 | G: 2.0130 | D_A: 0.0562 | D_B: 0.0398 | Cycle: 0.6457
Epoch 53/80 | Step 369300 | G: 2.2066 | D_A: 0.0851 | D_B: 0.1312 | Cycle: 0.8701
Epoch 53/80 | Step 369350 | G: 2.6522 | D_A: 0.1212 | D_B: 0.0884 | Cycle: 0.9753
Epoch 53/80 | Step 369400 | G: 2.7133 | D_A: 0.1714 | D_B: 0.0718 | Cycle: 0.9445
Epoch 53/80 | Step 369450 | G: 1.7874 | D_A: 0.1488 | D_B: 0.0508 | Cycle: 0.7091
Epoch 53/80 | Step 369500 | G: 2.4956 | D_A: 0.0864 | D_B: 0.0708 | Cycle: 0.9539
Epoch 53/80 | Step 369550 | G: 2.4041 | D_A: 0.0690 | D_B: 0.0798 | Cycle: 0.7704
Epoch 53/80 | Step 369600 | G: 1.7731 | D_A: 0.0278 | D_B: 0.0964 | Cycle: 0.6824
Epoch 53/80 | Step 369650 | G: 2.3609 | D_A: 0.1941 | D_B: 0.0971 | Cycle: 1.0300
Epoch 53/80 | Step 369700 | G: 2.1464 | D_A: 0.3420 | D_B: 0.1383 | Cycle: 0.8267
Epoch 53/80 | Step 369750 | G: 2.5247 | D_A: 0.2156 | D_B: 0.0631 | Cycle: 0.7923
Epoch 53/80 | Step 369800 | G: 2.1325 | D_A: 0.0663 | D_B: 0.0785 | Cycle: 0.7464
Epoch 53/80 | Step 369850 | G: 2.3538 | D_A: 0.0691 | D_B: 0.0380 | Cycle: 0.8659
Epoch 53/80 | Step 369900 | G: 2.2895 | D_A: 0.1318 | D_B: 0.0482 | Cycle: 1.0032
Epoch 53/80 | Step 369950 | G: 2.1448 | D_A: 0.1055 | D_B: 0.1128 | Cycle: 0.8942
Epoch 53/80 | Step 370000 | G: 3.0174 | D_A: 0.0867 | D_B: 0.0921 | Cycle: 0.8458
Epoch 53/80 | Step 370050 | G: 4.0353 | D_A: 0.0589 | D_B: 0.0730 | Cycle: 1.3113
Epoch 53/80 | Step 370100 | G: 1.8950 | D_A: 0.2119 | D_B: 0.1414 | Cycle: 0.6298
Epoch 53/80 | Step 370150 | G: 2.9119 | D_A: 0.0767 | D_B: 0.0640 | Cycle: 0.7791
Epoch 53/80 | Step 370200 | G: 2.7881 | D_A: 0.1871 | D_B: 0.0997 | Cycle: 1.0120
Epoch 53/80 | Step 370250 | G: 2.7127 | D_A: 0.0567 | D_B: 0.0612 | Cycle: 0.8452
Epoch 53/80 | Step 370300 | G: 2.5761 | D_A: 0.0794 | D_B: 0.0720 | Cycle: 0.9485
Epoch 53/80 | Step 370350 | G: 2.1828 | D_A: 0.1225 | D_B: 0.1101 | Cycle: 0.7384
Epoch 53/80 | Step 370400 | G: 2.7317 | D_A: 0.0629 | D_B: 0.0378 | Cycle: 0.8324
Epoch 53/80 | Step 370450 | G: 2.0997 | D_A: 0.1059 | D_B: 0.0740 | Cycle: 0.6978
Epoch 53/80 | Step 370500 | G: 2.3688 | D_A: 0.0774 | D_B: 0.1476 | Cycle: 0.8107
Epoch 53/80 | Step 370550 | G: 2.3115 | D_A: 0.0333 | D_B: 0.0705 | Cycle: 0.8043
Epoch 53/80 | Step 370600 | G: 2.0152 | D_A: 0.0507 | D_B: 0.1148 | Cycle: 0.5942
Epoch 53/80 | Step 370650 | G: 2.5262 | D_A: 0.1410 | D_B: 0.0498 | Cycle: 0.8204
Epoch 53/80 | Step 370700 | G: 2.0107 | D_A: 0.1451 | D_B: 0.1052 | Cycle: 0.9025
Epoch 53/80 | Step 370750 | G: 1.9919 | D_A: 0.1496 | D_B: 0.1684 | Cycle: 0.6953
Epoch 53/80 | Step 370800 | G: 2.2162 | D_A: 0.0818 | D_B: 0.1567 | Cycle: 0.8355
Epoch 53/80 | Step 370850 | G: 1.8712 | D_A: 0.1101 | D_B: 0.0499 | Cycle: 0.8174
Epoch 53/80 | Step 370900 | G: 2.6920 | D_A: 0.0450 | D_B: 0.0718 | Cycle: 0.8504
Epoch 53/80 | Step 370950 | G: 1.9176 | D_A: 0.0915 | D_B: 0.0708 | Cycle: 0.6539
Epoch 53/80 | Step 371000 | G: 2.2260 | D_A: 0.0878 | D_B: 0.0582 | Cycle: 0.7065
Epoch 53/80 | Step 371050 | G: 2.7759 | D_A: 0.0653 | D_B: 0.0872 | Cycle: 0.9104
Epoch 53/80 | Step 371100 | G: 2.2471 | D_A: 0.1967 | D_B: 0.0286 | Cycle: 0.7600
Epoch 53/80 | Step 371150 | G: 2.8206 | D_A: 0.0576 | D_B: 0.0489 | Cycle: 0.7361
Epoch 53/80 | Step 371200 | G: 2.4333 | D_A: 0.0641 | D_B: 0.0417 | Cycle: 0.8621
Epoch 53/80 | Step 371250 | G: 2.3090 | D_A: 0.0631 | D_B: 0.1288 | Cycle: 0.9168
Epoch 53/80 | Step 371300 | G: 1.8542 | D_A: 0.2144 | D_B: 0.1234 | Cycle: 0.7739
Epoch 53/80 | Step 371350 | G: 2.3662 | D_A: 0.0533 | D_B: 0.1286 | Cycle: 0.8113
Epoch 53/80 | Step 371400 | G: 1.6867 | D_A: 0.0252 | D_B: 0.1170 | Cycle: 0.7200
Epoch 53/80 | Step 371450 | G: 2.4115 | D_A: 0.0831 | D_B: 0.1809 | Cycle: 0.8149
Epoch 53/80 | Step 371500 | G: 2.1654 | D_A: 0.1291 | D_B: 0.0551 | Cycle: 0.8945
Epoch 53/80 | Step 371550 | G: 1.8779 | D_A: 0.1168 | D_B: 0.0338 | Cycle: 0.7470
Epoch 53/80 | Step 371600 | G: 2.7433 | D_A: 0.4244 | D_B: 0.0964 | Cycle: 0.9058
Epoch 53/80 | Step 371650 | G: 2.3077 | D_A: 0.1197 | D_B: 0.0637 | Cycle: 0.7185
Epoch 53/80 | Step 371700 | G: 2.4677 | D_A: 0.0805 | D_B: 0.0845 | Cycle: 0.7768
Epoch 53/80 | Step 371750 | G: 2.9766 | D_A: 0.1859 | D_B: 0.0434 | Cycle: 1.1247
Epoch 53/80 | Step 371800 | G: 2.5434 | D_A: 0.0791 | D_B: 0.0237 | Cycle: 0.8578
Epoch 53/80 | Step 371850 | G: 2.5965 | D_A: 0.0979 | D_B: 0.0647 | Cycle: 0.6990
Epoch 53/80 | Step 371900 | G: 1.9869 | D_A: 0.0925 | D_B: 0.0842 | Cycle: 0.6809
Epoch 53/80 | Step 371950 | G: 2.6791 | D_A: 0.1043 | D_B: 0.0400 | Cycle: 0.7776
Epoch 53/80 | Step 372000 | G: 2.0586 | D_A: 0.1407 | D_B: 0.0535 | Cycle: 0.7104
Epoch 53/80 | Step 372050 | G: 2.5101 | D_A: 0.1200 | D_B: 0.0424 | Cycle: 0.8854
Epoch 53/80 | Step 372100 | G: 2.9093 | D_A: 0.1572 | D_B: 0.0867 | Cycle: 0.7349
Epoch 53/80 | Step 372150 | G: 3.5194 | D_A: 0.4306 | D_B: 0.1700 | Cycle: 0.8551
Epoch 53/80 | Step 372200 | G: 2.9003 | D_A: 0.0547 | D_B: 0.0380 | Cycle: 0.8479
Epoch 53/80 | Step 372250 | G: 2.5685 | D_A: 0.0702 | D_B: 0.1626 | Cycle: 0.6479
Epoch 53/80 | Step 372300 | G: 2.8726 | D_A: 0.0830 | D_B: 0.0509 | Cycle: 0.9945
Epoch 53/80 | Step 372350 | G: 2.2456 | D_A: 0.1125 | D_B: 0.0400 | Cycle: 0.7798
Epoch 53/80 | Step 372400 | G: 3.2739 | D_A: 0.1446 | D_B: 0.0468 | Cycle: 1.2303
Epoch 53/80 | Step 372450 | G: 2.7718 | D_A: 0.0635 | D_B: 0.0352 | Cycle: 1.0180
Epoch 53/80 | Step 372500 | G: 2.8692 | D_A: 0.0249 | D_B: 0.0808 | Cycle: 0.7424
Epoch 53/80 | Step 372550 | G: 2.8482 | D_A: 0.0805 | D_B: 0.0827 | Cycle: 0.9182
Epoch 53/80 | Step 372600 | G: 2.3177 | D_A: 0.0564 | D_B: 0.0439 | Cycle: 0.7063
Epoch 53/80 | Step 372650 | G: 2.0706 | D_A: 0.0886 | D_B: 0.1150 | Cycle: 0.7135
Epoch 53/80 | Step 372700 | G: 2.2741 | D_A: 0.0851 | D_B: 0.0365 | Cycle: 0.7492
Epoch 53/80 | Step 372750 | G: 1.8541 | D_A: 0.0667 | D_B: 0.0736 | Cycle: 0.6994
Epoch 53/80 | Step 372800 | G: 1.9142 | D_A: 0.1055 | D_B: 0.0532 | Cycle: 0.7993
Epoch 53/80 | Step 372850 | G: 2.1909 | D_A: 0.1055 | D_B: 0.0886 | Cycle: 0.7474
Epoch 53/80 | Step 372900 | G: 1.9176 | D_A: 0.1550 | D_B: 0.1254 | Cycle: 0.6656
Epoch 53/80 | Step 372950 | G: 2.2468 | D_A: 0.1443 | D_B: 0.0911 | Cycle: 0.7913
Epoch 53/80 | Step 373000 | G: 1.8696 | D_A: 0.0645 | D_B: 0.0973 | Cycle: 0.6554
Epoch 53/80 complete | Time: 428s | Avg G: 2.3631 | Avg D: 0.1006
Epoch 54/80 | Step 373050 | G: 2.6559 | D_A: 0.0589 | D_B: 0.0383 | Cycle: 0.9081
Epoch 54/80 | Step 373100 | G: 2.1357 | D_A: 0.0673 | D_B: 0.0785 | Cycle: 0.6548
Epoch 54/80 | Step 373150 | G: 2.3996 | D_A: 0.0882 | D_B: 0.0619 | Cycle: 0.8645
Epoch 54/80 | Step 373200 | G: 2.1799 | D_A: 0.1203 | D_B: 0.0477 | Cycle: 0.7516
Epoch 54/80 | Step 373250 | G: 2.4771 | D_A: 0.2430 | D_B: 0.0821 | Cycle: 0.7586
Epoch 54/80 | Step 373300 | G: 1.9160 | D_A: 0.0985 | D_B: 0.1222 | Cycle: 0.6487
Epoch 54/80 | Step 373350 | G: 2.8753 | D_A: 0.0601 | D_B: 0.0707 | Cycle: 0.8771
Epoch 54/80 | Step 373400 | G: 2.3262 | D_A: 0.0820 | D_B: 0.0679 | Cycle: 0.8053
Epoch 54/80 | Step 373450 | G: 2.3545 | D_A: 0.1164 | D_B: 0.0410 | Cycle: 0.6721
Epoch 54/80 | Step 373500 | G: 2.2343 | D_A: 0.2230 | D_B: 0.1416 | Cycle: 0.7198
Epoch 54/80 | Step 373550 | G: 2.2304 | D_A: 0.0384 | D_B: 0.1470 | Cycle: 0.6784
Epoch 54/80 | Step 373600 | G: 2.9755 | D_A: 0.0783 | D_B: 0.1317 | Cycle: 0.7993
Epoch 54/80 | Step 373650 | G: 2.1371 | D_A: 0.0503 | D_B: 0.1237 | Cycle: 0.7027
Epoch 54/80 | Step 373700 | G: 1.9419 | D_A: 0.0554 | D_B: 0.0701 | Cycle: 0.7094
Epoch 54/80 | Step 373750 | G: 2.2509 | D_A: 0.0732 | D_B: 0.0828 | Cycle: 0.8139
Epoch 54/80 | Step 373800 | G: 2.0433 | D_A: 0.2073 | D_B: 0.0860 | Cycle: 0.8432
Epoch 54/80 | Step 373850 | G: 1.7461 | D_A: 0.2216 | D_B: 0.0357 | Cycle: 0.5281
Epoch 54/80 | Step 373900 | G: 2.1096 | D_A: 0.0758 | D_B: 0.1522 | Cycle: 0.6607
Epoch 54/80 | Step 373950 | G: 2.8715 | D_A: 0.0951 | D_B: 0.1145 | Cycle: 0.8892
Epoch 54/80 | Step 374000 | G: 2.0365 | D_A: 0.0685 | D_B: 0.1038 | Cycle: 0.8245
Epoch 54/80 | Step 374050 | G: 1.6844 | D_A: 0.2576 | D_B: 0.0714 | Cycle: 0.6551
Epoch 54/80 | Step 374100 | G: 2.1663 | D_A: 0.0634 | D_B: 0.0586 | Cycle: 0.7810
Epoch 54/80 | Step 374150 | G: 2.3884 | D_A: 0.0591 | D_B: 0.0916 | Cycle: 0.6482
Epoch 54/80 | Step 374200 | G: 2.5280 | D_A: 0.1404 | D_B: 0.0571 | Cycle: 0.8076
Epoch 54/80 | Step 374250 | G: 1.7778 | D_A: 0.2682 | D_B: 0.0999 | Cycle: 0.7406
Epoch 54/80 | Step 374300 | G: 2.4544 | D_A: 0.0986 | D_B: 0.1991 | Cycle: 0.6450
Epoch 54/80 | Step 374350 | G: 1.8493 | D_A: 0.0476 | D_B: 0.0539 | Cycle: 0.6932
Epoch 54/80 | Step 374400 | G: 2.1453 | D_A: 0.1409 | D_B: 0.0352 | Cycle: 0.7723
Epoch 54/80 | Step 374450 | G: 2.2132 | D_A: 0.1853 | D_B: 0.0474 | Cycle: 0.7414
Epoch 54/80 | Step 374500 | G: 2.1575 | D_A: 0.1222 | D_B: 0.0485 | Cycle: 0.8500
Epoch 54/80 | Step 374550 | G: 2.8325 | D_A: 0.1829 | D_B: 0.0657 | Cycle: 0.7255
Epoch 54/80 | Step 374600 | G: 2.4296 | D_A: 0.1028 | D_B: 0.0512 | Cycle: 0.7435
Epoch 54/80 | Step 374650 | G: 2.0247 | D_A: 0.1344 | D_B: 0.1149 | Cycle: 0.6725
Epoch 54/80 | Step 374700 | G: 1.9846 | D_A: 0.1181 | D_B: 0.0810 | Cycle: 0.7459
Epoch 54/80 | Step 374750 | G: 2.4732 | D_A: 0.0731 | D_B: 0.0511 | Cycle: 0.8688
Epoch 54/80 | Step 374800 | G: 2.2105 | D_A: 0.0714 | D_B: 0.1642 | Cycle: 0.8849
Epoch 54/80 | Step 374850 | G: 2.5881 | D_A: 0.1391 | D_B: 0.0769 | Cycle: 0.7446
Epoch 54/80 | Step 374900 | G: 2.4288 | D_A: 0.1234 | D_B: 0.0421 | Cycle: 0.9037
Epoch 54/80 | Step 374950 | G: 1.8683 | D_A: 0.0547 | D_B: 0.0522 | Cycle: 0.5997
Epoch 54/80 | Step 375000 | G: 1.9182 | D_A: 0.2378 | D_B: 0.1378 | Cycle: 0.8980
Epoch 54/80 | Step 375050 | G: 2.3111 | D_A: 0.1041 | D_B: 0.0568 | Cycle: 0.7402
Epoch 54/80 | Step 375100 | G: 2.1581 | D_A: 0.0457 | D_B: 0.1293 | Cycle: 0.6471
Epoch 54/80 | Step 375150 | G: 2.7231 | D_A: 0.1288 | D_B: 0.1197 | Cycle: 0.8985
Epoch 54/80 | Step 375200 | G: 2.9513 | D_A: 0.1029 | D_B: 0.0721 | Cycle: 0.7450
Epoch 54/80 | Step 375250 | G: 2.3302 | D_A: 0.1111 | D_B: 0.0334 | Cycle: 0.6399
Epoch 54/80 | Step 375300 | G: 2.8423 | D_A: 0.1634 | D_B: 0.0350 | Cycle: 1.0110
Epoch 54/80 | Step 375350 | G: 2.3620 | D_A: 0.0990 | D_B: 0.0947 | Cycle: 0.7118
Epoch 54/80 | Step 375400 | G: 2.3554 | D_A: 0.0516 | D_B: 0.1373 | Cycle: 0.6711
Epoch 54/80 | Step 375450 | G: 2.4838 | D_A: 0.1102 | D_B: 0.0422 | Cycle: 1.0322
Epoch 54/80 | Step 375500 | G: 1.9459 | D_A: 0.0944 | D_B: 0.0688 | Cycle: 0.6311
Epoch 54/80 | Step 375550 | G: 3.1639 | D_A: 0.0744 | D_B: 0.0569 | Cycle: 0.9385
Epoch 54/80 | Step 375600 | G: 1.8758 | D_A: 0.1795 | D_B: 0.1600 | Cycle: 0.6715
Epoch 54/80 | Step 375650 | G: 1.9273 | D_A: 0.0869 | D_B: 0.1497 | Cycle: 0.5740
Epoch 54/80 | Step 375700 | G: 1.6678 | D_A: 0.0668 | D_B: 0.0626 | Cycle: 0.6520
Epoch 54/80 | Step 375750 | G: 2.1252 | D_A: 0.0579 | D_B: 0.0649 | Cycle: 0.7255
Epoch 54/80 | Step 375800 | G: 2.6032 | D_A: 0.1056 | D_B: 0.0554 | Cycle: 0.8486
Epoch 54/80 | Step 375850 | G: 2.4782 | D_A: 0.0662 | D_B: 0.0644 | Cycle: 0.7622
Epoch 54/80 | Step 375900 | G: 2.1853 | D_A: 0.1761 | D_B: 0.0658 | Cycle: 0.6627
Epoch 54/80 | Step 375950 | G: 2.0785 | D_A: 0.1516 | D_B: 0.0370 | Cycle: 0.8217
Epoch 54/80 | Step 376000 | G: 2.8457 | D_A: 0.0352 | D_B: 0.0592 | Cycle: 0.9772
Epoch 54/80 | Step 376050 | G: 2.1734 | D_A: 0.1558 | D_B: 0.1025 | Cycle: 0.9105
Epoch 54/80 | Step 376100 | G: 3.0664 | D_A: 0.0514 | D_B: 0.0677 | Cycle: 0.8357
Epoch 54/80 | Step 376150 | G: 2.3777 | D_A: 0.1257 | D_B: 0.0552 | Cycle: 0.8640
Epoch 54/80 | Step 376200 | G: 2.4459 | D_A: 0.0535 | D_B: 0.0527 | Cycle: 0.6067
Epoch 54/80 | Step 376250 | G: 2.4651 | D_A: 0.0864 | D_B: 0.0489 | Cycle: 0.7960
Epoch 54/80 | Step 376300 | G: 2.7246 | D_A: 0.0940 | D_B: 0.1861 | Cycle: 0.7124
Epoch 54/80 | Step 376350 | G: 1.9623 | D_A: 0.1365 | D_B: 0.0617 | Cycle: 0.7542
Epoch 54/80 | Step 376400 | G: 2.4518 | D_A: 0.0549 | D_B: 0.0990 | Cycle: 0.8419
Epoch 54/80 | Step 376450 | G: 2.2115 | D_A: 0.0740 | D_B: 0.0678 | Cycle: 0.7908
Epoch 54/80 | Step 376500 | G: 2.4586 | D_A: 0.0589 | D_B: 0.1211 | Cycle: 0.6295
Epoch 54/80 | Step 376550 | G: 2.7290 | D_A: 0.0660 | D_B: 0.0424 | Cycle: 0.7551
Epoch 54/80 | Step 376600 | G: 2.1727 | D_A: 0.1323 | D_B: 0.0568 | Cycle: 0.8719
Epoch 54/80 | Step 376650 | G: 1.6057 | D_A: 0.2595 | D_B: 0.2035 | Cycle: 0.7758
Epoch 54/80 | Step 376700 | G: 1.9913 | D_A: 0.1429 | D_B: 0.1751 | Cycle: 0.8629
Epoch 54/80 | Step 376750 | G: 1.7934 | D_A: 0.1630 | D_B: 0.1044 | Cycle: 0.7600
Epoch 54/80 | Step 376800 | G: 2.1623 | D_A: 0.0523 | D_B: 0.0977 | Cycle: 0.7189
Epoch 54/80 | Step 376850 | G: 1.9036 | D_A: 0.1691 | D_B: 0.0690 | Cycle: 0.7858
Epoch 54/80 | Step 376900 | G: 2.0621 | D_A: 0.0916 | D_B: 0.1076 | Cycle: 0.7374
Epoch 54/80 | Step 376950 | G: 2.7559 | D_A: 0.0529 | D_B: 0.0907 | Cycle: 0.8321
Epoch 54/80 | Step 377000 | G: 2.6430 | D_A: 0.0385 | D_B: 0.0923 | Cycle: 0.6921
Epoch 54/80 | Step 377050 | G: 2.6608 | D_A: 0.1944 | D_B: 0.0367 | Cycle: 0.8978
Epoch 54/80 | Step 377100 | G: 2.7189 | D_A: 0.0768 | D_B: 0.1046 | Cycle: 0.9772
Epoch 54/80 | Step 377150 | G: 2.2804 | D_A: 0.0638 | D_B: 0.0512 | Cycle: 0.7835
Epoch 54/80 | Step 377200 | G: 2.2078 | D_A: 0.0549 | D_B: 0.0519 | Cycle: 0.7017
Epoch 54/80 | Step 377250 | G: 2.0082 | D_A: 0.0840 | D_B: 0.1332 | Cycle: 0.7247
Epoch 54/80 | Step 377300 | G: 2.2946 | D_A: 0.1047 | D_B: 0.0487 | Cycle: 0.8545
Epoch 54/80 | Step 377350 | G: 1.8694 | D_A: 0.1086 | D_B: 0.2733 | Cycle: 0.6289
Epoch 54/80 | Step 377400 | G: 2.4208 | D_A: 0.0553 | D_B: 0.0336 | Cycle: 0.8152
Epoch 54/80 | Step 377450 | G: 2.0357 | D_A: 0.0956 | D_B: 0.0606 | Cycle: 0.7148
Epoch 54/80 | Step 377500 | G: 2.7096 | D_A: 0.0802 | D_B: 0.0780 | Cycle: 0.9156
Epoch 54/80 | Step 377550 | G: 1.6757 | D_A: 0.1111 | D_B: 0.1203 | Cycle: 0.6383
Epoch 54/80 | Step 377600 | G: 2.3247 | D_A: 0.1075 | D_B: 0.0538 | Cycle: 0.6724
Epoch 54/80 | Step 377650 | G: 1.9497 | D_A: 0.0786 | D_B: 0.0541 | Cycle: 0.8089
Epoch 54/80 | Step 377700 | G: 2.5482 | D_A: 0.0529 | D_B: 0.0858 | Cycle: 0.7297
Epoch 54/80 | Step 377750 | G: 2.0834 | D_A: 0.1283 | D_B: 0.1251 | Cycle: 0.8530
Epoch 54/80 | Step 377800 | G: 2.5399 | D_A: 0.1024 | D_B: 0.0417 | Cycle: 0.7367
Epoch 54/80 | Step 377850 | G: 2.8748 | D_A: 0.2520 | D_B: 0.1092 | Cycle: 0.6490
Epoch 54/80 | Step 377900 | G: 3.1591 | D_A: 0.1507 | D_B: 0.0508 | Cycle: 0.9227
Epoch 54/80 | Step 377950 | G: 1.7492 | D_A: 0.2433 | D_B: 0.1971 | Cycle: 0.7075
Epoch 54/80 | Step 378000 | G: 3.2753 | D_A: 0.0311 | D_B: 0.0764 | Cycle: 0.8431
Epoch 54/80 | Step 378050 | G: 2.3626 | D_A: 0.0527 | D_B: 0.1178 | Cycle: 0.8246
Epoch 54/80 | Step 378100 | G: 2.5490 | D_A: 0.0453 | D_B: 0.1916 | Cycle: 0.7823
Epoch 54/80 | Step 378150 | G: 2.1494 | D_A: 0.0992 | D_B: 0.0599 | Cycle: 0.7205
Epoch 54/80 | Step 378200 | G: 2.3712 | D_A: 0.1099 | D_B: 0.0735 | Cycle: 0.6381
Epoch 54/80 | Step 378250 | G: 2.0351 | D_A: 0.1401 | D_B: 0.1121 | Cycle: 0.8477
Epoch 54/80 | Step 378300 | G: 3.0942 | D_A: 0.0800 | D_B: 0.0388 | Cycle: 0.7165
Epoch 54/80 | Step 378350 | G: 3.3961 | D_A: 0.0915 | D_B: 0.1320 | Cycle: 0.9801
Epoch 54/80 | Step 378400 | G: 2.0703 | D_A: 0.0624 | D_B: 0.0836 | Cycle: 0.8287
Epoch 54/80 | Step 378450 | G: 2.2997 | D_A: 0.1174 | D_B: 0.1833 | Cycle: 0.7590
Epoch 54/80 | Step 378500 | G: 2.1347 | D_A: 0.1899 | D_B: 0.0502 | Cycle: 0.7165
Epoch 54/80 | Step 378550 | G: 2.2436 | D_A: 0.1064 | D_B: 0.1350 | Cycle: 0.7374
Epoch 54/80 | Step 378600 | G: 2.0926 | D_A: 0.0603 | D_B: 0.0972 | Cycle: 0.8292
Epoch 54/80 | Step 378650 | G: 2.4790 | D_A: 0.1085 | D_B: 0.0851 | Cycle: 0.8146
Epoch 54/80 | Step 378700 | G: 2.6079 | D_A: 0.0994 | D_B: 0.1598 | Cycle: 0.9663
Epoch 54/80 | Step 378750 | G: 2.3957 | D_A: 0.0335 | D_B: 0.3117 | Cycle: 0.8428
Epoch 54/80 | Step 378800 | G: 3.3266 | D_A: 0.0700 | D_B: 0.0392 | Cycle: 1.0176
Epoch 54/80 | Step 378850 | G: 2.5498 | D_A: 0.0459 | D_B: 0.0823 | Cycle: 0.8828
Epoch 54/80 | Step 378900 | G: 1.8917 | D_A: 0.2035 | D_B: 0.1362 | Cycle: 0.7938
Epoch 54/80 | Step 378950 | G: 2.1801 | D_A: 0.0782 | D_B: 0.0690 | Cycle: 0.6679
Epoch 54/80 | Step 379000 | G: 2.6740 | D_A: 0.1199 | D_B: 0.1185 | Cycle: 0.6154
Epoch 54/80 | Step 379050 | G: 2.2157 | D_A: 0.1238 | D_B: 0.0863 | Cycle: 0.9377
Epoch 54/80 | Step 379100 | G: 2.5184 | D_A: 0.1785 | D_B: 0.0879 | Cycle: 0.9367
Epoch 54/80 | Step 379150 | G: 2.2688 | D_A: 0.0467 | D_B: 0.0863 | Cycle: 0.8060
Epoch 54/80 | Step 379200 | G: 1.8382 | D_A: 0.2435 | D_B: 0.0882 | Cycle: 0.6988
Epoch 54/80 | Step 379250 | G: 1.8027 | D_A: 0.1296 | D_B: 0.0501 | Cycle: 0.6968
Epoch 54/80 | Step 379300 | G: 2.5264 | D_A: 0.0865 | D_B: 0.1611 | Cycle: 0.6041
Epoch 54/80 | Step 379350 | G: 2.1028 | D_A: 0.0303 | D_B: 0.0929 | Cycle: 0.6072
Epoch 54/80 | Step 379400 | G: 2.3602 | D_A: 0.0711 | D_B: 0.1612 | Cycle: 1.0347
Epoch 54/80 | Step 379450 | G: 2.7127 | D_A: 0.1045 | D_B: 0.1089 | Cycle: 0.8754
Epoch 54/80 | Step 379500 | G: 2.3850 | D_A: 0.1169 | D_B: 0.1313 | Cycle: 0.7896
Epoch 54/80 | Step 379550 | G: 2.0765 | D_A: 0.1827 | D_B: 0.0781 | Cycle: 0.8601
Epoch 54/80 | Step 379600 | G: 2.9395 | D_A: 0.0728 | D_B: 0.0449 | Cycle: 1.0531
Epoch 54/80 | Step 379650 | G: 2.7198 | D_A: 0.0691 | D_B: 0.2961 | Cycle: 0.6745
Epoch 54/80 | Step 379700 | G: 1.6943 | D_A: 0.1152 | D_B: 0.1900 | Cycle: 0.6669
Epoch 54/80 | Step 379750 | G: 2.1563 | D_A: 0.0642 | D_B: 0.0372 | Cycle: 0.7549
Epoch 54/80 | Step 379800 | G: 2.0654 | D_A: 0.0816 | D_B: 0.0331 | Cycle: 0.6461
Epoch 54/80 | Step 379850 | G: 2.6108 | D_A: 0.0482 | D_B: 0.0386 | Cycle: 0.9124
Epoch 54/80 | Step 379900 | G: 1.9203 | D_A: 0.1656 | D_B: 0.1389 | Cycle: 0.7544
Epoch 54/80 | Step 379950 | G: 2.1713 | D_A: 0.1045 | D_B: 0.0806 | Cycle: 0.8945
Epoch 54/80 | Step 380000 | G: 2.9042 | D_A: 0.0482 | D_B: 0.0467 | Cycle: 0.7324
Epoch 54/80 | Step 380050 | G: 1.5556 | D_A: 0.1223 | D_B: 0.1813 | Cycle: 0.7026
Epoch 54/80 complete | Time: 428s | Avg G: 2.3572 | Avg D: 0.1004
Epoch 55/80 | Step 380100 | G: 1.7946 | D_A: 0.1035 | D_B: 0.0651 | Cycle: 0.7710
Epoch 55/80 | Step 380150 | G: 1.8137 | D_A: 0.1156 | D_B: 0.0861 | Cycle: 0.6270
Epoch 55/80 | Step 380200 | G: 1.8102 | D_A: 0.0502 | D_B: 0.1315 | Cycle: 0.6918
Epoch 55/80 | Step 380250 | G: 2.2793 | D_A: 0.2150 | D_B: 0.0867 | Cycle: 0.7680
Epoch 55/80 | Step 380300 | G: 2.1934 | D_A: 0.0728 | D_B: 0.0800 | Cycle: 0.5240
Epoch 55/80 | Step 380350 | G: 2.2531 | D_A: 0.0813 | D_B: 0.0390 | Cycle: 0.9044
Epoch 55/80 | Step 380400 | G: 2.7075 | D_A: 0.0482 | D_B: 0.0613 | Cycle: 0.9024
Epoch 55/80 | Step 380450 | G: 2.8862 | D_A: 0.0435 | D_B: 0.0431 | Cycle: 0.8329
Epoch 55/80 | Step 380500 | G: 2.0777 | D_A: 0.0280 | D_B: 0.1348 | Cycle: 0.8439
Epoch 55/80 | Step 380550 | G: 1.7288 | D_A: 0.1274 | D_B: 0.0975 | Cycle: 0.7064
Epoch 55/80 | Step 380600 | G: 2.4067 | D_A: 0.0682 | D_B: 0.0491 | Cycle: 0.8598
Epoch 55/80 | Step 380650 | G: 2.6495 | D_A: 0.0523 | D_B: 0.0750 | Cycle: 0.7656
Epoch 55/80 | Step 380700 | G: 3.1513 | D_A: 0.0792 | D_B: 0.0708 | Cycle: 1.1889
Epoch 55/80 | Step 380750 | G: 1.9813 | D_A: 0.0776 | D_B: 0.0794 | Cycle: 0.6394
Epoch 55/80 | Step 380800 | G: 2.1696 | D_A: 0.3941 | D_B: 0.0987 | Cycle: 0.6553
Epoch 55/80 | Step 380850 | G: 3.4119 | D_A: 0.0951 | D_B: 0.1137 | Cycle: 1.1372
Epoch 55/80 | Step 380900 | G: 2.2180 | D_A: 0.0624 | D_B: 0.0397 | Cycle: 0.8589
Epoch 55/80 | Step 380950 | G: 4.4155 | D_A: 0.1083 | D_B: 0.1905 | Cycle: 1.0904
Epoch 55/80 | Step 381000 | G: 2.6710 | D_A: 0.0325 | D_B: 0.0666 | Cycle: 0.9114
Epoch 55/80 | Step 381050 | G: 2.9659 | D_A: 0.0514 | D_B: 0.0560 | Cycle: 0.7746
Epoch 55/80 | Step 381100 | G: 2.7235 | D_A: 0.0941 | D_B: 0.0324 | Cycle: 0.7238
Epoch 55/80 | Step 381150 | G: 2.7285 | D_A: 0.0244 | D_B: 0.0572 | Cycle: 0.9517
Epoch 55/80 | Step 381200 | G: 2.5046 | D_A: 0.0554 | D_B: 0.1289 | Cycle: 0.7664
Epoch 55/80 | Step 381250 | G: 2.4577 | D_A: 0.0201 | D_B: 0.0667 | Cycle: 0.8367
Epoch 55/80 | Step 381300 | G: 2.1142 | D_A: 0.0196 | D_B: 0.0723 | Cycle: 0.8451
Epoch 55/80 | Step 381350 | G: 2.7723 | D_A: 0.0562 | D_B: 0.0932 | Cycle: 1.0282
Epoch 55/80 | Step 381400 | G: 2.9788 | D_A: 0.0343 | D_B: 0.1109 | Cycle: 0.9244
Epoch 55/80 | Step 381450 | G: 3.8711 | D_A: 0.0420 | D_B: 0.0504 | Cycle: 1.2162
Epoch 55/80 | Step 381500 | G: 2.9768 | D_A: 0.0333 | D_B: 0.0736 | Cycle: 1.0962
Epoch 55/80 | Step 381550 | G: 2.1312 | D_A: 0.0322 | D_B: 0.1053 | Cycle: 0.7992
Epoch 55/80 | Step 381600 | G: 2.3322 | D_A: 0.1016 | D_B: 0.0581 | Cycle: 0.8012
Epoch 55/80 | Step 381650 | G: 1.9787 | D_A: 0.0924 | D_B: 0.0868 | Cycle: 0.7549
Epoch 55/80 | Step 381700 | G: 2.1927 | D_A: 0.0740 | D_B: 0.0348 | Cycle: 0.7234
Epoch 55/80 | Step 381750 | G: 1.5890 | D_A: 0.1074 | D_B: 0.1991 | Cycle: 0.6283
Epoch 55/80 | Step 381800 | G: 2.1756 | D_A: 0.0583 | D_B: 0.1420 | Cycle: 0.6800
Epoch 55/80 | Step 381850 | G: 2.0954 | D_A: 0.0592 | D_B: 0.2015 | Cycle: 0.7797
Epoch 55/80 | Step 381900 | G: 1.9023 | D_A: 0.1411 | D_B: 0.0508 | Cycle: 0.8440
Epoch 55/80 | Step 381950 | G: 2.0404 | D_A: 0.0809 | D_B: 0.0876 | Cycle: 0.7515
Epoch 55/80 | Step 382000 | G: 1.9555 | D_A: 0.0801 | D_B: 0.0985 | Cycle: 0.7693
Epoch 55/80 | Step 382050 | G: 2.2830 | D_A: 0.0321 | D_B: 0.0761 | Cycle: 0.8442
Epoch 55/80 | Step 382100 | G: 3.9177 | D_A: 0.1138 | D_B: 0.1563 | Cycle: 1.1989
Epoch 55/80 | Step 382150 | G: 3.3393 | D_A: 0.0526 | D_B: 0.0663 | Cycle: 1.1593
Epoch 55/80 | Step 382200 | G: 2.2822 | D_A: 0.1114 | D_B: 0.0570 | Cycle: 0.8287
Epoch 55/80 | Step 382250 | G: 2.7596 | D_A: 0.0579 | D_B: 0.1305 | Cycle: 0.8097
Epoch 55/80 | Step 382300 | G: 2.5724 | D_A: 0.1376 | D_B: 0.0351 | Cycle: 0.6421
Epoch 55/80 | Step 382350 | G: 2.4141 | D_A: 0.0853 | D_B: 0.0311 | Cycle: 0.7872
Epoch 55/80 | Step 382400 | G: 2.2904 | D_A: 0.0795 | D_B: 0.0453 | Cycle: 0.6456
Epoch 55/80 | Step 382450 | G: 1.8689 | D_A: 0.0387 | D_B: 0.0621 | Cycle: 0.7798
Epoch 55/80 | Step 382500 | G: 1.5329 | D_A: 0.2227 | D_B: 0.0668 | Cycle: 0.6292
Epoch 55/80 | Step 382550 | G: 2.2016 | D_A: 0.1820 | D_B: 0.0623 | Cycle: 0.7170
Epoch 55/80 | Step 382600 | G: 2.6291 | D_A: 0.1511 | D_B: 0.0438 | Cycle: 1.0571
Epoch 55/80 | Step 382650 | G: 2.2604 | D_A: 0.2154 | D_B: 0.0658 | Cycle: 0.7756
Epoch 55/80 | Step 382700 | G: 1.8860 | D_A: 0.1433 | D_B: 0.1106 | Cycle: 0.6302
Epoch 55/80 | Step 382750 | G: 2.0155 | D_A: 0.0449 | D_B: 0.0371 | Cycle: 0.7375
Epoch 55/80 | Step 382800 | G: 2.8728 | D_A: 0.0812 | D_B: 0.0883 | Cycle: 0.9893
Epoch 55/80 | Step 382850 | G: 2.5155 | D_A: 0.0403 | D_B: 0.0686 | Cycle: 0.6910
Epoch 55/80 | Step 382900 | G: 2.5810 | D_A: 0.1533 | D_B: 0.0669 | Cycle: 0.8040
Epoch 55/80 | Step 382950 | G: 2.9653 | D_A: 0.2130 | D_B: 0.0570 | Cycle: 0.7073
Epoch 55/80 | Step 383000 | G: 2.7426 | D_A: 0.1585 | D_B: 0.0215 | Cycle: 0.6962
Epoch 55/80 | Step 383050 | G: 2.0713 | D_A: 0.2457 | D_B: 0.0890 | Cycle: 1.0488
Epoch 55/80 | Step 383100 | G: 2.4138 | D_A: 0.1539 | D_B: 0.1717 | Cycle: 0.8600
Epoch 55/80 | Step 383150 | G: 2.4206 | D_A: 0.0266 | D_B: 0.0706 | Cycle: 0.6410
Epoch 55/80 | Step 383200 | G: 2.8742 | D_A: 0.1548 | D_B: 0.0508 | Cycle: 0.9297
Epoch 55/80 | Step 383250 | G: 2.2473 | D_A: 0.0566 | D_B: 0.0458 | Cycle: 0.6807
Epoch 55/80 | Step 383300 | G: 2.9014 | D_A: 0.0456 | D_B: 0.1213 | Cycle: 1.2216
Epoch 55/80 | Step 383350 | G: 2.5247 | D_A: 0.0686 | D_B: 0.0920 | Cycle: 0.8747
Epoch 55/80 | Step 383400 | G: 2.0316 | D_A: 0.1672 | D_B: 0.0495 | Cycle: 0.6307
Epoch 55/80 | Step 383450 | G: 2.2890 | D_A: 0.0827 | D_B: 0.1021 | Cycle: 0.6661
Epoch 55/80 | Step 383500 | G: 1.5201 | D_A: 0.2088 | D_B: 0.0586 | Cycle: 0.5760
Epoch 55/80 | Step 383550 | G: 2.4212 | D_A: 0.1008 | D_B: 0.0515 | Cycle: 0.7203
Epoch 55/80 | Step 383600 | G: 1.9482 | D_A: 0.1399 | D_B: 0.0871 | Cycle: 0.6697
Epoch 55/80 | Step 383650 | G: 1.6898 | D_A: 0.1523 | D_B: 0.1076 | Cycle: 0.5938
Epoch 55/80 | Step 383700 | G: 2.1065 | D_A: 0.0615 | D_B: 0.1125 | Cycle: 0.7311
Epoch 55/80 | Step 383750 | G: 2.8268 | D_A: 0.1093 | D_B: 0.0401 | Cycle: 1.0789
Epoch 55/80 | Step 383800 | G: 2.5362 | D_A: 0.0955 | D_B: 0.0411 | Cycle: 0.6710
Epoch 55/80 | Step 383850 | G: 1.9926 | D_A: 0.1982 | D_B: 0.0915 | Cycle: 0.8277
Epoch 55/80 | Step 383900 | G: 2.0611 | D_A: 0.2764 | D_B: 0.0502 | Cycle: 0.6640
Epoch 55/80 | Step 383950 | G: 2.4429 | D_A: 0.2491 | D_B: 0.1800 | Cycle: 0.8208
Epoch 55/80 | Step 384000 | G: 2.0447 | D_A: 0.1264 | D_B: 0.1954 | Cycle: 0.6186
Epoch 55/80 | Step 384050 | G: 2.1751 | D_A: 0.1113 | D_B: 0.0327 | Cycle: 0.6680
Epoch 55/80 | Step 384100 | G: 2.0319 | D_A: 0.0934 | D_B: 0.0983 | Cycle: 0.6945
Epoch 55/80 | Step 384150 | G: 2.5648 | D_A: 0.0549 | D_B: 0.0396 | Cycle: 0.7145
Epoch 55/80 | Step 384200 | G: 2.0586 | D_A: 0.2094 | D_B: 0.0609 | Cycle: 0.7885
Epoch 55/80 | Step 384250 | G: 1.9379 | D_A: 0.0777 | D_B: 0.0712 | Cycle: 0.8349
Epoch 55/80 | Step 384300 | G: 2.1771 | D_A: 0.1736 | D_B: 0.0345 | Cycle: 0.6901
Epoch 55/80 | Step 384350 | G: 2.0758 | D_A: 0.0431 | D_B: 0.0990 | Cycle: 0.6327
Epoch 55/80 | Step 384400 | G: 2.1756 | D_A: 0.1574 | D_B: 0.1432 | Cycle: 0.8826
Epoch 55/80 | Step 384450 | G: 2.1536 | D_A: 0.0796 | D_B: 0.1176 | Cycle: 0.6962
Epoch 55/80 | Step 384500 | G: 2.2003 | D_A: 0.1544 | D_B: 0.0654 | Cycle: 0.7492
Epoch 55/80 | Step 384550 | G: 1.9075 | D_A: 0.0775 | D_B: 0.1535 | Cycle: 0.6571
Epoch 55/80 | Step 384600 | G: 2.0690 | D_A: 0.0780 | D_B: 0.1997 | Cycle: 0.8237
Epoch 55/80 | Step 384650 | G: 2.8068 | D_A: 0.1569 | D_B: 0.0515 | Cycle: 1.1559
Epoch 55/80 | Step 384700 | G: 2.2214 | D_A: 0.3529 | D_B: 0.1231 | Cycle: 0.8315
Epoch 55/80 | Step 384750 | G: 2.0551 | D_A: 0.1220 | D_B: 0.0882 | Cycle: 0.8313
Epoch 55/80 | Step 384800 | G: 1.7490 | D_A: 0.0395 | D_B: 0.1416 | Cycle: 0.7273
Epoch 55/80 | Step 384850 | G: 2.6062 | D_A: 0.1254 | D_B: 0.0370 | Cycle: 0.9182
Epoch 55/80 | Step 384900 | G: 1.8044 | D_A: 0.1049 | D_B: 0.0453 | Cycle: 0.6156
Epoch 55/80 | Step 384950 | G: 2.8908 | D_A: 0.0574 | D_B: 0.1540 | Cycle: 0.9889
Epoch 55/80 | Step 385000 | G: 2.9771 | D_A: 0.0560 | D_B: 0.0449 | Cycle: 0.7334
Epoch 55/80 | Step 385050 | G: 2.8729 | D_A: 0.1602 | D_B: 0.0512 | Cycle: 0.8838
Epoch 55/80 | Step 385100 | G: 2.1957 | D_A: 0.1365 | D_B: 0.0895 | Cycle: 0.6780
Epoch 55/80 | Step 385150 | G: 2.0249 | D_A: 0.0818 | D_B: 0.0426 | Cycle: 0.7550
Epoch 55/80 | Step 385200 | G: 2.3218 | D_A: 0.1353 | D_B: 0.2515 | Cycle: 0.7225
Epoch 55/80 | Step 385250 | G: 3.2050 | D_A: 0.0948 | D_B: 0.0564 | Cycle: 0.7838
Epoch 55/80 | Step 385300 | G: 1.9452 | D_A: 0.0841 | D_B: 0.1015 | Cycle: 0.6352
Epoch 55/80 | Step 385350 | G: 2.1897 | D_A: 0.0593 | D_B: 0.1230 | Cycle: 0.7151
Epoch 55/80 | Step 385400 | G: 1.8192 | D_A: 0.1484 | D_B: 0.1495 | Cycle: 0.7609
Epoch 55/80 | Step 385450 | G: 2.6791 | D_A: 0.0394 | D_B: 0.0616 | Cycle: 0.7362
Epoch 55/80 | Step 385500 | G: 2.9555 | D_A: 0.0759 | D_B: 0.0855 | Cycle: 0.7169
Epoch 55/80 | Step 385550 | G: 2.1370 | D_A: 0.1266 | D_B: 0.0559 | Cycle: 0.7424
Epoch 55/80 | Step 385600 | G: 2.4806 | D_A: 0.0949 | D_B: 0.0498 | Cycle: 0.8591
Epoch 55/80 | Step 385650 | G: 1.7440 | D_A: 0.2711 | D_B: 0.1022 | Cycle: 0.7159
Epoch 55/80 | Step 385700 | G: 2.4858 | D_A: 0.0976 | D_B: 0.0768 | Cycle: 1.0817
Epoch 55/80 | Step 385750 | G: 2.2911 | D_A: 0.0893 | D_B: 0.1322 | Cycle: 0.5297
Epoch 55/80 | Step 385800 | G: 2.2896 | D_A: 0.0407 | D_B: 0.1009 | Cycle: 0.6516
Epoch 55/80 | Step 385850 | G: 2.6487 | D_A: 0.2172 | D_B: 0.1152 | Cycle: 0.7744
Epoch 55/80 | Step 385900 | G: 2.1783 | D_A: 0.1269 | D_B: 0.1084 | Cycle: 0.6715
Epoch 55/80 | Step 385950 | G: 2.2144 | D_A: 0.0849 | D_B: 0.0777 | Cycle: 0.8139
Epoch 55/80 | Step 386000 | G: 1.8914 | D_A: 0.1432 | D_B: 0.0417 | Cycle: 0.7516
Epoch 55/80 | Step 386050 | G: 2.1786 | D_A: 0.0711 | D_B: 0.0989 | Cycle: 0.8501
Epoch 55/80 | Step 386100 | G: 2.2142 | D_A: 0.0299 | D_B: 0.0533 | Cycle: 0.7798
Epoch 55/80 | Step 386150 | G: 2.7337 | D_A: 0.0372 | D_B: 0.0902 | Cycle: 0.7146
Epoch 55/80 | Step 386200 | G: 2.1063 | D_A: 0.1425 | D_B: 0.0660 | Cycle: 0.7603
Epoch 55/80 | Step 386250 | G: 2.1678 | D_A: 0.1462 | D_B: 0.1397 | Cycle: 0.7724
Epoch 55/80 | Step 386300 | G: 1.8625 | D_A: 0.1603 | D_B: 0.0323 | Cycle: 0.8127
Epoch 55/80 | Step 386350 | G: 1.9777 | D_A: 0.0335 | D_B: 0.0703 | Cycle: 0.7807
Epoch 55/80 | Step 386400 | G: 2.1510 | D_A: 0.1406 | D_B: 0.0972 | Cycle: 0.8495
Epoch 55/80 | Step 386450 | G: 2.3672 | D_A: 0.0773 | D_B: 0.0496 | Cycle: 0.8086
Epoch 55/80 | Step 386500 | G: 2.2431 | D_A: 0.1061 | D_B: 0.0341 | Cycle: 0.5682
Epoch 55/80 | Step 386550 | G: 2.7394 | D_A: 0.1239 | D_B: 0.0206 | Cycle: 0.9104
Epoch 55/80 | Step 386600 | G: 2.8872 | D_A: 0.0735 | D_B: 0.0258 | Cycle: 0.8698
Epoch 55/80 | Step 386650 | G: 2.8939 | D_A: 0.0907 | D_B: 0.1129 | Cycle: 0.7602
Epoch 55/80 | Step 386700 | G: 1.9229 | D_A: 0.0681 | D_B: 0.0640 | Cycle: 0.6773
Epoch 55/80 | Step 386750 | G: 2.1725 | D_A: 0.1247 | D_B: 0.0775 | Cycle: 0.8898
Epoch 55/80 | Step 386800 | G: 2.3295 | D_A: 0.0836 | D_B: 0.1082 | Cycle: 0.6316
Epoch 55/80 | Step 386850 | G: 2.7362 | D_A: 0.0268 | D_B: 0.1122 | Cycle: 0.9133
Epoch 55/80 | Step 386900 | G: 2.4483 | D_A: 0.0948 | D_B: 0.0484 | Cycle: 0.7544
Epoch 55/80 | Step 386950 | G: 2.7558 | D_A: 0.1806 | D_B: 0.0419 | Cycle: 0.7961
Epoch 55/80 | Step 387000 | G: 2.8678 | D_A: 0.0892 | D_B: 0.2064 | Cycle: 0.6227
Epoch 55/80 | Step 387050 | G: 2.1794 | D_A: 0.1040 | D_B: 0.0686 | Cycle: 0.7704
Epoch 55/80 complete | Time: 430s | Avg G: 2.4140 | Avg D: 0.0949
Epoch 56/80 | Step 387100 | G: 2.2624 | D_A: 0.0511 | D_B: 0.0341 | Cycle: 0.7361
Epoch 56/80 | Step 387150 | G: 2.3417 | D_A: 0.0575 | D_B: 0.0658 | Cycle: 0.8239
Epoch 56/80 | Step 387200 | G: 2.0898 | D_A: 0.1111 | D_B: 0.0573 | Cycle: 0.7507
Epoch 56/80 | Step 387250 | G: 2.3439 | D_A: 0.2331 | D_B: 0.0581 | Cycle: 0.8580
Epoch 56/80 | Step 387300 | G: 2.6230 | D_A: 0.1033 | D_B: 0.0918 | Cycle: 0.9746
Epoch 56/80 | Step 387350 | G: 2.4444 | D_A: 0.0672 | D_B: 0.1557 | Cycle: 0.5322
Epoch 56/80 | Step 387400 | G: 3.1356 | D_A: 0.0876 | D_B: 0.0323 | Cycle: 1.2003
Epoch 56/80 | Step 387450 | G: 2.4856 | D_A: 0.1726 | D_B: 0.0418 | Cycle: 0.8211
Epoch 56/80 | Step 387500 | G: 2.2926 | D_A: 0.1856 | D_B: 0.0742 | Cycle: 0.7437
Epoch 56/80 | Step 387550 | G: 1.6193 | D_A: 0.2092 | D_B: 0.1274 | Cycle: 0.7099
Epoch 56/80 | Step 387600 | G: 1.8337 | D_A: 0.1523 | D_B: 0.0872 | Cycle: 0.6161
Epoch 56/80 | Step 387650 | G: 2.3141 | D_A: 0.0701 | D_B: 0.1181 | Cycle: 0.9434
Epoch 56/80 | Step 387700 | G: 1.6879 | D_A: 0.0430 | D_B: 0.0383 | Cycle: 0.6080
Epoch 56/80 | Step 387750 | G: 2.3074 | D_A: 0.1378 | D_B: 0.0315 | Cycle: 0.6811
Epoch 56/80 | Step 387800 | G: 2.3834 | D_A: 0.0539 | D_B: 0.0654 | Cycle: 0.8784
Epoch 56/80 | Step 387850 | G: 2.2209 | D_A: 0.0489 | D_B: 0.0609 | Cycle: 0.7722
Epoch 56/80 | Step 387900 | G: 2.4765 | D_A: 0.0592 | D_B: 0.0397 | Cycle: 0.7452
Epoch 56/80 | Step 387950 | G: 2.4912 | D_A: 0.0819 | D_B: 0.0602 | Cycle: 0.9783
Epoch 56/80 | Step 388000 | G: 2.6213 | D_A: 0.0623 | D_B: 0.0954 | Cycle: 0.7271
Epoch 56/80 | Step 388050 | G: 1.9608 | D_A: 0.1674 | D_B: 0.2043 | Cycle: 0.7406
Epoch 56/80 | Step 388100 | G: 2.8475 | D_A: 0.1930 | D_B: 0.0747 | Cycle: 0.8513
Epoch 56/80 | Step 388150 | G: 2.9341 | D_A: 0.1622 | D_B: 0.0386 | Cycle: 0.8311
Epoch 56/80 | Step 388200 | G: 1.9717 | D_A: 0.1453 | D_B: 0.0755 | Cycle: 0.8888
Epoch 56/80 | Step 388250 | G: 2.3381 | D_A: 0.1180 | D_B: 0.1231 | Cycle: 0.7809
Epoch 56/80 | Step 388300 | G: 3.6648 | D_A: 0.1128 | D_B: 0.0580 | Cycle: 1.1442
Epoch 56/80 | Step 388350 | G: 2.6631 | D_A: 0.1187 | D_B: 0.0979 | Cycle: 0.8387
Epoch 56/80 | Step 388400 | G: 2.0911 | D_A: 0.1095 | D_B: 0.0475 | Cycle: 0.7184
Epoch 56/80 | Step 388450 | G: 1.8367 | D_A: 0.2099 | D_B: 0.0516 | Cycle: 0.8569
Epoch 56/80 | Step 388500 | G: 2.7603 | D_A: 0.0989 | D_B: 0.1163 | Cycle: 0.9005
Epoch 56/80 | Step 388550 | G: 2.8027 | D_A: 0.0307 | D_B: 0.1626 | Cycle: 0.7920
Epoch 56/80 | Step 388600 | G: 2.8001 | D_A: 0.3450 | D_B: 0.0613 | Cycle: 0.8143
Epoch 56/80 | Step 388650 | G: 1.6823 | D_A: 0.0363 | D_B: 0.0252 | Cycle: 0.8514
Epoch 56/80 | Step 388700 | G: 2.7962 | D_A: 0.0831 | D_B: 0.0473 | Cycle: 0.9656
Epoch 56/80 | Step 388750 | G: 3.0404 | D_A: 0.0701 | D_B: 0.0952 | Cycle: 0.8207
Epoch 56/80 | Step 388800 | G: 2.3187 | D_A: 0.0233 | D_B: 0.0421 | Cycle: 0.7833
Epoch 56/80 | Step 388850 | G: 2.3456 | D_A: 0.0787 | D_B: 0.2532 | Cycle: 0.6278
Epoch 56/80 | Step 388900 | G: 2.7688 | D_A: 0.0452 | D_B: 0.0686 | Cycle: 1.0239
Epoch 56/80 | Step 388950 | G: 2.1933 | D_A: 0.0761 | D_B: 0.0753 | Cycle: 0.7779
Epoch 56/80 | Step 389000 | G: 2.1986 | D_A: 0.0279 | D_B: 0.0690 | Cycle: 0.9142
Epoch 56/80 | Step 389050 | G: 2.0154 | D_A: 0.1107 | D_B: 0.0411 | Cycle: 0.6560
Epoch 56/80 | Step 389100 | G: 1.6575 | D_A: 0.1197 | D_B: 0.1995 | Cycle: 0.6165
Epoch 56/80 | Step 389150 | G: 2.5530 | D_A: 0.0297 | D_B: 0.0817 | Cycle: 0.7446
Epoch 56/80 | Step 389200 | G: 2.3051 | D_A: 0.0683 | D_B: 0.0968 | Cycle: 0.8061
Epoch 56/80 | Step 389250 | G: 2.1677 | D_A: 0.1078 | D_B: 0.0708 | Cycle: 0.7739
Epoch 56/80 | Step 389300 | G: 3.4708 | D_A: 0.0401 | D_B: 0.0896 | Cycle: 0.7527
Epoch 56/80 | Step 389350 | G: 2.2124 | D_A: 0.0426 | D_B: 0.0403 | Cycle: 0.7541
Epoch 56/80 | Step 389400 | G: 2.5256 | D_A: 0.0861 | D_B: 0.0641 | Cycle: 0.7037
Epoch 56/80 | Step 389450 | G: 2.2073 | D_A: 0.0282 | D_B: 0.1086 | Cycle: 0.7962
Epoch 56/80 | Step 389500 | G: 2.0209 | D_A: 0.1345 | D_B: 0.0940 | Cycle: 0.7108
Epoch 56/80 | Step 389550 | G: 2.7181 | D_A: 0.0465 | D_B: 0.0390 | Cycle: 0.8915
Epoch 56/80 | Step 389600 | G: 2.2975 | D_A: 0.0520 | D_B: 0.0873 | Cycle: 0.7613
Epoch 56/80 | Step 389650 | G: 2.1506 | D_A: 0.0545 | D_B: 0.0889 | Cycle: 0.7925
Epoch 56/80 | Step 389700 | G: 1.8299 | D_A: 0.1521 | D_B: 0.1666 | Cycle: 0.7127
Epoch 56/80 | Step 389750 | G: 3.4886 | D_A: 0.0402 | D_B: 0.0439 | Cycle: 0.8750
Epoch 56/80 | Step 389800 | G: 2.3597 | D_A: 0.1250 | D_B: 0.1438 | Cycle: 0.5372
Epoch 56/80 | Step 389850 | G: 1.9409 | D_A: 0.1386 | D_B: 0.0698 | Cycle: 0.6756
Epoch 56/80 | Step 389900 | G: 2.7223 | D_A: 0.0656 | D_B: 0.2332 | Cycle: 0.7891
Epoch 56/80 | Step 389950 | G: 2.2032 | D_A: 0.1083 | D_B: 0.0595 | Cycle: 0.8459
Epoch 56/80 | Step 390000 | G: 2.3911 | D_A: 0.0731 | D_B: 0.1345 | Cycle: 0.8179
Epoch 56/80 | Step 390050 | G: 2.0558 | D_A: 0.0463 | D_B: 0.2103 | Cycle: 0.7525
Epoch 56/80 | Step 390100 | G: 1.8666 | D_A: 0.0771 | D_B: 0.1602 | Cycle: 0.8242
Epoch 56/80 | Step 390150 | G: 2.7443 | D_A: 0.1197 | D_B: 0.1055 | Cycle: 0.9778
Epoch 56/80 | Step 390200 | G: 2.7074 | D_A: 0.0325 | D_B: 0.0645 | Cycle: 0.8063
Epoch 56/80 | Step 390250 | G: 2.4939 | D_A: 0.0713 | D_B: 0.0960 | Cycle: 0.8022
Epoch 56/80 | Step 390300 | G: 1.7867 | D_A: 0.1100 | D_B: 0.1344 | Cycle: 0.7045
Epoch 56/80 | Step 390350 | G: 3.6195 | D_A: 0.0472 | D_B: 0.0828 | Cycle: 0.9744
Epoch 56/80 | Step 390400 | G: 2.1122 | D_A: 0.1417 | D_B: 0.0440 | Cycle: 0.6449
Epoch 56/80 | Step 390450 | G: 2.3469 | D_A: 0.1407 | D_B: 0.1118 | Cycle: 0.7098
Epoch 56/80 | Step 390500 | G: 2.1566 | D_A: 0.0786 | D_B: 0.0991 | Cycle: 0.6858
Epoch 56/80 | Step 390550 | G: 2.1232 | D_A: 0.1398 | D_B: 0.0977 | Cycle: 0.7013
Epoch 56/80 | Step 390600 | G: 2.0111 | D_A: 0.1070 | D_B: 0.0756 | Cycle: 0.6474
Epoch 56/80 | Step 390650 | G: 2.2179 | D_A: 0.1356 | D_B: 0.0975 | Cycle: 0.6912
Epoch 56/80 | Step 390700 | G: 1.8018 | D_A: 0.0580 | D_B: 0.0632 | Cycle: 0.6663
Epoch 56/80 | Step 390750 | G: 1.9806 | D_A: 0.1459 | D_B: 0.0714 | Cycle: 0.6513
Epoch 56/80 | Step 390800 | G: 1.7043 | D_A: 0.0964 | D_B: 0.3178 | Cycle: 0.7230
Epoch 56/80 | Step 390850 | G: 1.9682 | D_A: 0.1111 | D_B: 0.1086 | Cycle: 0.7683
Epoch 56/80 | Step 390900 | G: 2.7891 | D_A: 0.1911 | D_B: 0.0364 | Cycle: 0.8893
Epoch 56/80 | Step 390950 | G: 2.8315 | D_A: 0.1677 | D_B: 0.0422 | Cycle: 0.7188
Epoch 56/80 | Step 391000 | G: 1.8170 | D_A: 0.0613 | D_B: 0.0900 | Cycle: 0.8260
Epoch 56/80 | Step 391050 | G: 2.0668 | D_A: 0.0300 | D_B: 0.1026 | Cycle: 0.6080
Epoch 56/80 | Step 391100 | G: 4.2511 | D_A: 0.0368 | D_B: 0.0544 | Cycle: 1.3077
Epoch 56/80 | Step 391150 | G: 2.0240 | D_A: 0.1001 | D_B: 0.0351 | Cycle: 0.6431
Epoch 56/80 | Step 391200 | G: 2.1970 | D_A: 0.1267 | D_B: 0.1000 | Cycle: 0.9052
Epoch 56/80 | Step 391250 | G: 2.2722 | D_A: 0.1564 | D_B: 0.0274 | Cycle: 0.7082
Epoch 56/80 | Step 391300 | G: 2.1742 | D_A: 0.1294 | D_B: 0.1153 | Cycle: 0.7358
Epoch 56/80 | Step 391350 | G: 2.9076 | D_A: 0.0799 | D_B: 0.0372 | Cycle: 0.9625
Epoch 56/80 | Step 391400 | G: 1.9752 | D_A: 0.0790 | D_B: 0.0673 | Cycle: 0.8722
Epoch 56/80 | Step 391450 | G: 2.4705 | D_A: 0.0783 | D_B: 0.0729 | Cycle: 0.8053
Epoch 56/80 | Step 391500 | G: 2.7511 | D_A: 0.0870 | D_B: 0.0911 | Cycle: 0.7216
Epoch 56/80 | Step 391550 | G: 1.8776 | D_A: 0.0938 | D_B: 0.1094 | Cycle: 0.6476
Epoch 56/80 | Step 391600 | G: 2.4345 | D_A: 0.0596 | D_B: 0.0397 | Cycle: 0.6818
Epoch 56/80 | Step 391650 | G: 2.0405 | D_A: 0.0616 | D_B: 0.0749 | Cycle: 0.6465
Epoch 56/80 | Step 391700 | G: 2.3708 | D_A: 0.0825 | D_B: 0.0522 | Cycle: 0.8125
Epoch 56/80 | Step 391750 | G: 2.2771 | D_A: 0.1419 | D_B: 0.0616 | Cycle: 0.7230
Epoch 56/80 | Step 391800 | G: 1.7837 | D_A: 0.0581 | D_B: 0.2175 | Cycle: 0.6149
Epoch 56/80 | Step 391850 | G: 2.2931 | D_A: 0.0485 | D_B: 0.0357 | Cycle: 0.8073
Epoch 56/80 | Step 391900 | G: 1.9603 | D_A: 0.1447 | D_B: 0.1600 | Cycle: 0.7389
Epoch 56/80 | Step 391950 | G: 2.2839 | D_A: 0.2257 | D_B: 0.0403 | Cycle: 0.8475
Epoch 56/80 | Step 392000 | G: 2.3597 | D_A: 0.0836 | D_B: 0.0648 | Cycle: 0.8381
Epoch 56/80 | Step 392050 | G: 2.7202 | D_A: 0.0251 | D_B: 0.1942 | Cycle: 0.7406
Epoch 56/80 | Step 392100 | G: 2.5159 | D_A: 0.2032 | D_B: 0.0261 | Cycle: 0.8148
Epoch 56/80 | Step 392150 | G: 1.5924 | D_A: 0.1367 | D_B: 0.0519 | Cycle: 0.6611
Epoch 56/80 | Step 392200 | G: 1.6772 | D_A: 0.0936 | D_B: 0.1031 | Cycle: 0.6788
Epoch 56/80 | Step 392250 | G: 2.3427 | D_A: 0.0718 | D_B: 0.0860 | Cycle: 0.9445
Epoch 56/80 | Step 392300 | G: 2.4673 | D_A: 0.0836 | D_B: 0.0748 | Cycle: 0.8902
Epoch 56/80 | Step 392350 | G: 2.4588 | D_A: 0.0725 | D_B: 0.0694 | Cycle: 0.7189
Epoch 56/80 | Step 392400 | G: 2.1498 | D_A: 0.0829 | D_B: 0.0935 | Cycle: 0.8359
Epoch 56/80 | Step 392450 | G: 2.4673 | D_A: 0.0601 | D_B: 0.0585 | Cycle: 0.6429
Epoch 56/80 | Step 392500 | G: 2.4206 | D_A: 0.0135 | D_B: 0.0332 | Cycle: 0.6227
Epoch 56/80 | Step 392550 | G: 2.4874 | D_A: 0.0697 | D_B: 0.0506 | Cycle: 0.8867
Epoch 56/80 | Step 392600 | G: 2.8001 | D_A: 0.0799 | D_B: 0.0243 | Cycle: 0.8461
Epoch 56/80 | Step 392650 | G: 2.2240 | D_A: 0.1203 | D_B: 0.1892 | Cycle: 1.0800
Epoch 56/80 | Step 392700 | G: 2.4440 | D_A: 0.0610 | D_B: 0.1047 | Cycle: 0.7322
Epoch 56/80 | Step 392750 | G: 2.4359 | D_A: 0.1283 | D_B: 0.0394 | Cycle: 0.8880
Epoch 56/80 | Step 392800 | G: 3.0250 | D_A: 0.0847 | D_B: 0.0572 | Cycle: 1.2925
Epoch 56/80 | Step 392850 | G: 2.2398 | D_A: 0.0730 | D_B: 0.0859 | Cycle: 0.7506
Epoch 56/80 | Step 392900 | G: 2.4185 | D_A: 0.0671 | D_B: 0.0572 | Cycle: 1.0194
Epoch 56/80 | Step 392950 | G: 2.5777 | D_A: 0.1221 | D_B: 0.0443 | Cycle: 0.6449
Epoch 56/80 | Step 393000 | G: 2.6305 | D_A: 0.0593 | D_B: 0.1588 | Cycle: 0.8069
Epoch 56/80 | Step 393050 | G: 2.4867 | D_A: 0.2528 | D_B: 0.0727 | Cycle: 1.1174
Epoch 56/80 | Step 393100 | G: 2.0045 | D_A: 0.1028 | D_B: 0.2100 | Cycle: 0.8253
Epoch 56/80 | Step 393150 | G: 2.2782 | D_A: 0.1427 | D_B: 0.0666 | Cycle: 0.7356
Epoch 56/80 | Step 393200 | G: 2.9661 | D_A: 0.1069 | D_B: 0.0813 | Cycle: 1.0102
Epoch 56/80 | Step 393250 | G: 2.1145 | D_A: 0.1417 | D_B: 0.0342 | Cycle: 0.9514
Epoch 56/80 | Step 393300 | G: 1.9807 | D_A: 0.1648 | D_B: 0.0678 | Cycle: 0.7066
Epoch 56/80 | Step 393350 | G: 2.6218 | D_A: 0.0464 | D_B: 0.0858 | Cycle: 0.6812
Epoch 56/80 | Step 393400 | G: 2.3996 | D_A: 0.0623 | D_B: 0.0726 | Cycle: 0.6242
Epoch 56/80 | Step 393450 | G: 2.1670 | D_A: 0.0531 | D_B: 0.0591 | Cycle: 0.6327
Epoch 56/80 | Step 393500 | G: 2.5409 | D_A: 0.1445 | D_B: 0.0832 | Cycle: 0.9790
Epoch 56/80 | Step 393550 | G: 1.7028 | D_A: 0.0381 | D_B: 0.2627 | Cycle: 0.7250
Epoch 56/80 | Step 393600 | G: 2.4950 | D_A: 0.0809 | D_B: 0.0540 | Cycle: 0.7848
Epoch 56/80 | Step 393650 | G: 1.7988 | D_A: 0.1529 | D_B: 0.0995 | Cycle: 0.7051
Epoch 56/80 | Step 393700 | G: 1.9225 | D_A: 0.1181 | D_B: 0.1662 | Cycle: 0.7255
Epoch 56/80 | Step 393750 | G: 3.4899 | D_A: 0.0398 | D_B: 0.0578 | Cycle: 1.0635
Epoch 56/80 | Step 393800 | G: 1.7034 | D_A: 0.1155 | D_B: 0.1329 | Cycle: 0.5472
Epoch 56/80 | Step 393850 | G: 2.2970 | D_A: 0.1074 | D_B: 0.0848 | Cycle: 0.8296
Epoch 56/80 | Step 393900 | G: 2.2887 | D_A: 0.0745 | D_B: 0.0705 | Cycle: 0.7270
Epoch 56/80 | Step 393950 | G: 2.1727 | D_A: 0.0531 | D_B: 0.0905 | Cycle: 0.6949
Epoch 56/80 | Step 394000 | G: 2.7290 | D_A: 0.0536 | D_B: 0.0504 | Cycle: 1.0394
Epoch 56/80 | Step 394050 | G: 2.5719 | D_A: 0.1249 | D_B: 0.1505 | Cycle: 0.5814
Epoch 56/80 | Step 394100 | G: 2.4966 | D_A: 0.1233 | D_B: 0.1005 | Cycle: 0.7596
Epoch 56/80 complete | Time: 428s | Avg G: 2.3651 | Avg D: 0.0993
Epoch 57/80 | Step 394150 | G: 2.3589 | D_A: 0.0624 | D_B: 0.1328 | Cycle: 0.8993
Epoch 57/80 | Step 394200 | G: 1.7940 | D_A: 0.2080 | D_B: 0.0269 | Cycle: 0.7354
Epoch 57/80 | Step 394250 | G: 2.9099 | D_A: 0.0980 | D_B: 0.0791 | Cycle: 1.0286
Epoch 57/80 | Step 394300 | G: 2.6051 | D_A: 0.0438 | D_B: 0.0403 | Cycle: 0.7663
Epoch 57/80 | Step 394350 | G: 2.4107 | D_A: 0.0406 | D_B: 0.0469 | Cycle: 0.7242
Epoch 57/80 | Step 394400 | G: 1.9737 | D_A: 0.0505 | D_B: 0.0302 | Cycle: 0.8245
Epoch 57/80 | Step 394450 | G: 2.5736 | D_A: 0.0784 | D_B: 0.0440 | Cycle: 0.8167
Epoch 57/80 | Step 394500 | G: 2.5164 | D_A: 0.2806 | D_B: 0.0768 | Cycle: 1.0769
Epoch 57/80 | Step 394550 | G: 2.3212 | D_A: 0.2650 | D_B: 0.0580 | Cycle: 0.8126
Epoch 57/80 | Step 394600 | G: 1.5314 | D_A: 0.1531 | D_B: 0.1696 | Cycle: 0.6394
Epoch 57/80 | Step 394650 | G: 2.5331 | D_A: 0.0643 | D_B: 0.0949 | Cycle: 0.7685
Epoch 57/80 | Step 394700 | G: 1.7997 | D_A: 0.0845 | D_B: 0.1125 | Cycle: 0.6794
Epoch 57/80 | Step 394750 | G: 2.1569 | D_A: 0.0808 | D_B: 0.0761 | Cycle: 0.6587
Epoch 57/80 | Step 394800 | G: 2.3421 | D_A: 0.1190 | D_B: 0.0934 | Cycle: 0.7418
Epoch 57/80 | Step 394850 | G: 2.9692 | D_A: 0.0934 | D_B: 0.0374 | Cycle: 1.0736
Epoch 57/80 | Step 394900 | G: 2.0176 | D_A: 0.1200 | D_B: 0.1366 | Cycle: 0.5812
Epoch 57/80 | Step 394950 | G: 1.8495 | D_A: 0.0765 | D_B: 0.2191 | Cycle: 0.8087
Epoch 57/80 | Step 395000 | G: 2.3764 | D_A: 0.1930 | D_B: 0.0681 | Cycle: 0.8311
Epoch 57/80 | Step 395050 | G: 2.3487 | D_A: 0.0334 | D_B: 0.1422 | Cycle: 0.7251
Epoch 57/80 | Step 395100 | G: 2.6485 | D_A: 0.1081 | D_B: 0.0506 | Cycle: 0.9664
Epoch 57/80 | Step 395150 | G: 2.1738 | D_A: 0.2057 | D_B: 0.0990 | Cycle: 0.7194
Epoch 57/80 | Step 395200 | G: 2.2250 | D_A: 0.0934 | D_B: 0.0677 | Cycle: 0.8206
Epoch 57/80 | Step 395250 | G: 2.2487 | D_A: 0.1490 | D_B: 0.0357 | Cycle: 0.5981
Epoch 57/80 | Step 395300 | G: 2.1482 | D_A: 0.2578 | D_B: 0.1298 | Cycle: 0.8891
Epoch 57/80 | Step 395350 | G: 1.5806 | D_A: 0.1336 | D_B: 0.0683 | Cycle: 0.6287
Epoch 57/80 | Step 395400 | G: 2.2189 | D_A: 0.0479 | D_B: 0.0504 | Cycle: 0.6517
Epoch 57/80 | Step 395450 | G: 1.7540 | D_A: 0.0578 | D_B: 0.0404 | Cycle: 0.5517
Epoch 57/80 | Step 395500 | G: 3.1191 | D_A: 0.0642 | D_B: 0.0806 | Cycle: 1.0967
Epoch 57/80 | Step 395550 | G: 1.9230 | D_A: 0.0978 | D_B: 0.1386 | Cycle: 0.6746
Epoch 57/80 | Step 395600 | G: 2.7054 | D_A: 0.1063 | D_B: 0.1497 | Cycle: 0.7934
Epoch 57/80 | Step 395650 | G: 2.4443 | D_A: 0.0940 | D_B: 0.0583 | Cycle: 0.9695
Epoch 57/80 | Step 395700 | G: 1.9893 | D_A: 0.0612 | D_B: 0.0494 | Cycle: 0.6556
Epoch 57/80 | Step 395750 | G: 2.1775 | D_A: 0.0537 | D_B: 0.0458 | Cycle: 0.8186
Epoch 57/80 | Step 395800 | G: 2.1252 | D_A: 0.0719 | D_B: 0.1359 | Cycle: 0.6548
Epoch 57/80 | Step 395850 | G: 2.6934 | D_A: 0.2804 | D_B: 0.0327 | Cycle: 0.8855
Epoch 57/80 | Step 395900 | G: 2.4582 | D_A: 0.0320 | D_B: 0.1106 | Cycle: 0.7279
Epoch 57/80 | Step 395950 | G: 2.1870 | D_A: 0.0874 | D_B: 0.1155 | Cycle: 0.6981
Epoch 57/80 | Step 396000 | G: 3.0023 | D_A: 0.1382 | D_B: 0.0336 | Cycle: 1.0050
Epoch 57/80 | Step 396050 | G: 1.7634 | D_A: 0.2299 | D_B: 0.0767 | Cycle: 0.7481
Epoch 57/80 | Step 396100 | G: 2.5937 | D_A: 0.0530 | D_B: 0.0777 | Cycle: 0.8811
Epoch 57/80 | Step 396150 | G: 2.5182 | D_A: 0.0674 | D_B: 0.1019 | Cycle: 0.8361
Epoch 57/80 | Step 396200 | G: 1.8162 | D_A: 0.1361 | D_B: 0.0450 | Cycle: 0.7664
Epoch 57/80 | Step 396250 | G: 2.7822 | D_A: 0.0963 | D_B: 0.0663 | Cycle: 0.9503
Epoch 57/80 | Step 396300 | G: 2.4746 | D_A: 0.0593 | D_B: 0.1556 | Cycle: 0.6386
Epoch 57/80 | Step 396350 | G: 2.9281 | D_A: 0.2119 | D_B: 0.0634 | Cycle: 0.7621
Epoch 57/80 | Step 396400 | G: 2.8047 | D_A: 0.0904 | D_B: 0.1114 | Cycle: 0.8721
Epoch 57/80 | Step 396450 | G: 2.2524 | D_A: 0.0686 | D_B: 0.0890 | Cycle: 0.7523
Epoch 57/80 | Step 396500 | G: 2.2927 | D_A: 0.0567 | D_B: 0.0648 | Cycle: 0.7728
Epoch 57/80 | Step 396550 | G: 2.6732 | D_A: 0.1081 | D_B: 0.0672 | Cycle: 0.6701
Epoch 57/80 | Step 396600 | G: 2.3517 | D_A: 0.1140 | D_B: 0.0506 | Cycle: 0.8491
Epoch 57/80 | Step 396650 | G: 1.8021 | D_A: 0.2474 | D_B: 0.1199 | Cycle: 0.5971
Epoch 57/80 | Step 396700 | G: 2.2227 | D_A: 0.0640 | D_B: 0.0627 | Cycle: 0.8646
Epoch 57/80 | Step 396750 | G: 3.0440 | D_A: 0.0350 | D_B: 0.0485 | Cycle: 0.9679
Epoch 57/80 | Step 396800 | G: 3.1248 | D_A: 0.0232 | D_B: 0.0815 | Cycle: 0.7142
Epoch 57/80 | Step 396850 | G: 1.8196 | D_A: 0.0891 | D_B: 0.1286 | Cycle: 0.7739
Epoch 57/80 | Step 396900 | G: 2.8468 | D_A: 0.1696 | D_B: 0.0704 | Cycle: 0.9264
Epoch 57/80 | Step 396950 | G: 2.3983 | D_A: 0.0531 | D_B: 0.0648 | Cycle: 0.7877
Epoch 57/80 | Step 397000 | G: 2.0545 | D_A: 0.1374 | D_B: 0.2107 | Cycle: 0.5956
Epoch 57/80 | Step 397050 | G: 2.2088 | D_A: 0.0788 | D_B: 0.0622 | Cycle: 0.6123
Epoch 57/80 | Step 397100 | G: 1.8960 | D_A: 0.0522 | D_B: 0.0533 | Cycle: 0.7195
Epoch 57/80 | Step 397150 | G: 1.7667 | D_A: 0.1364 | D_B: 0.2328 | Cycle: 0.6418
Epoch 57/80 | Step 397200 | G: 3.0644 | D_A: 0.0491 | D_B: 0.0649 | Cycle: 1.1004
Epoch 57/80 | Step 397250 | G: 3.0322 | D_A: 0.0678 | D_B: 0.0698 | Cycle: 0.9150
Epoch 57/80 | Step 397300 | G: 1.5223 | D_A: 0.2949 | D_B: 0.1592 | Cycle: 0.6442
Epoch 57/80 | Step 397350 | G: 2.6923 | D_A: 0.0621 | D_B: 0.0714 | Cycle: 0.9007
Epoch 57/80 | Step 397400 | G: 2.8202 | D_A: 0.0987 | D_B: 0.1528 | Cycle: 0.8736
Epoch 57/80 | Step 397450 | G: 2.3326 | D_A: 0.0868 | D_B: 0.0554 | Cycle: 1.0194
Epoch 57/80 | Step 397500 | G: 2.4167 | D_A: 0.1258 | D_B: 0.1257 | Cycle: 0.6945
Epoch 57/80 | Step 397550 | G: 2.1071 | D_A: 0.1433 | D_B: 0.2258 | Cycle: 0.6716
Epoch 57/80 | Step 397600 | G: 2.3504 | D_A: 0.0627 | D_B: 0.0776 | Cycle: 0.8700
Epoch 57/80 | Step 397650 | G: 2.1596 | D_A: 0.1008 | D_B: 0.0788 | Cycle: 0.7280
Epoch 57/80 | Step 397700 | G: 2.9212 | D_A: 0.0408 | D_B: 0.0588 | Cycle: 1.1631
Epoch 57/80 | Step 397750 | G: 2.6773 | D_A: 0.1582 | D_B: 0.0648 | Cycle: 0.7855
Epoch 57/80 | Step 397800 | G: 2.7955 | D_A: 0.0973 | D_B: 0.0720 | Cycle: 0.8115
Epoch 57/80 | Step 397850 | G: 1.7758 | D_A: 0.0475 | D_B: 0.1265 | Cycle: 0.6550
Epoch 57/80 | Step 397900 | G: 2.6702 | D_A: 0.0669 | D_B: 0.0345 | Cycle: 0.9028
Epoch 57/80 | Step 397950 | G: 1.9437 | D_A: 0.0663 | D_B: 0.1030 | Cycle: 0.5897
Epoch 57/80 | Step 398000 | G: 1.8455 | D_A: 0.1183 | D_B: 0.0332 | Cycle: 0.6483
Epoch 57/80 | Step 398050 | G: 2.4657 | D_A: 0.1221 | D_B: 0.0560 | Cycle: 1.0158
Epoch 57/80 | Step 398100 | G: 1.8195 | D_A: 0.0787 | D_B: 0.1438 | Cycle: 0.6299
Epoch 57/80 | Step 398150 | G: 3.2554 | D_A: 0.0519 | D_B: 0.0379 | Cycle: 1.0697
Epoch 57/80 | Step 398200 | G: 1.6536 | D_A: 0.1143 | D_B: 0.0812 | Cycle: 0.6128
Epoch 57/80 | Step 398250 | G: 1.8742 | D_A: 0.1200 | D_B: 0.0772 | Cycle: 0.6875
Epoch 57/80 | Step 398300 | G: 2.7477 | D_A: 0.1033 | D_B: 0.1749 | Cycle: 0.9603
Epoch 57/80 | Step 398350 | G: 2.1003 | D_A: 0.0899 | D_B: 0.0940 | Cycle: 0.7617
Epoch 57/80 | Step 398400 | G: 2.2531 | D_A: 0.0442 | D_B: 0.0739 | Cycle: 0.8049
Epoch 57/80 | Step 398450 | G: 2.0633 | D_A: 0.1714 | D_B: 0.0770 | Cycle: 0.6455
Epoch 57/80 | Step 398500 | G: 2.2530 | D_A: 0.1213 | D_B: 0.0575 | Cycle: 0.5827
Epoch 57/80 | Step 398550 | G: 2.3013 | D_A: 0.0962 | D_B: 0.0396 | Cycle: 0.8485
Epoch 57/80 | Step 398600 | G: 2.8258 | D_A: 0.1291 | D_B: 0.0572 | Cycle: 0.9635
Epoch 57/80 | Step 398650 | G: 2.0899 | D_A: 0.0886 | D_B: 0.1383 | Cycle: 0.6894
Epoch 57/80 | Step 398700 | G: 1.9336 | D_A: 0.0621 | D_B: 0.1091 | Cycle: 0.6712
Epoch 57/80 | Step 398750 | G: 2.7396 | D_A: 0.1085 | D_B: 0.1800 | Cycle: 1.0494
Epoch 57/80 | Step 398800 | G: 3.1128 | D_A: 0.0787 | D_B: 0.0317 | Cycle: 0.7182
Epoch 57/80 | Step 398850 | G: 2.1549 | D_A: 0.1625 | D_B: 0.1015 | Cycle: 0.7318
Epoch 57/80 | Step 398900 | G: 2.1055 | D_A: 0.1297 | D_B: 0.0792 | Cycle: 0.9205
Epoch 57/80 | Step 398950 | G: 2.1357 | D_A: 0.0791 | D_B: 0.0921 | Cycle: 0.7000
Epoch 57/80 | Step 399000 | G: 1.7635 | D_A: 0.1443 | D_B: 0.1642 | Cycle: 0.7077
Epoch 57/80 | Step 399050 | G: 2.1287 | D_A: 0.1400 | D_B: 0.0505 | Cycle: 0.8019
Epoch 57/80 | Step 399100 | G: 2.1941 | D_A: 0.0339 | D_B: 0.1445 | Cycle: 0.6662
Epoch 57/80 | Step 399150 | G: 1.8240 | D_A: 0.0417 | D_B: 0.2291 | Cycle: 0.8530
Epoch 57/80 | Step 399200 | G: 1.9933 | D_A: 0.1368 | D_B: 0.1392 | Cycle: 0.7428
Epoch 57/80 | Step 399250 | G: 2.5673 | D_A: 0.1207 | D_B: 0.1658 | Cycle: 0.7799
Epoch 57/80 | Step 399300 | G: 2.7381 | D_A: 0.0287 | D_B: 0.0503 | Cycle: 0.6965
Epoch 57/80 | Step 399350 | G: 1.8602 | D_A: 0.2221 | D_B: 0.0732 | Cycle: 0.8453
Epoch 57/80 | Step 399400 | G: 2.4429 | D_A: 0.0742 | D_B: 0.0931 | Cycle: 0.6349
Epoch 57/80 | Step 399450 | G: 2.2596 | D_A: 0.1015 | D_B: 0.0543 | Cycle: 0.7203
Epoch 57/80 | Step 399500 | G: 1.7553 | D_A: 0.1575 | D_B: 0.0426 | Cycle: 0.6613
Epoch 57/80 | Step 399550 | G: 2.2013 | D_A: 0.1406 | D_B: 0.0309 | Cycle: 0.7913
Epoch 57/80 | Step 399600 | G: 2.0371 | D_A: 0.0716 | D_B: 0.1295 | Cycle: 0.7617
Epoch 57/80 | Step 399650 | G: 2.6302 | D_A: 0.0541 | D_B: 0.0271 | Cycle: 0.7656
Epoch 57/80 | Step 399700 | G: 2.7895 | D_A: 0.0644 | D_B: 0.0817 | Cycle: 0.7821
Epoch 57/80 | Step 399750 | G: 2.4400 | D_A: 0.1102 | D_B: 0.0761 | Cycle: 0.8690
Epoch 57/80 | Step 399800 | G: 1.7892 | D_A: 0.1824 | D_B: 0.1352 | Cycle: 0.5791
Epoch 57/80 | Step 399850 | G: 2.6175 | D_A: 0.0578 | D_B: 0.1324 | Cycle: 0.7932
Epoch 57/80 | Step 399900 | G: 2.2411 | D_A: 0.1348 | D_B: 0.1648 | Cycle: 0.7460
Epoch 57/80 | Step 399950 | G: 1.7912 | D_A: 0.1340 | D_B: 0.1145 | Cycle: 0.6022
Epoch 57/80 | Step 400000 | G: 1.9402 | D_A: 0.0644 | D_B: 0.1033 | Cycle: 0.6214
Epoch 57/80 | Step 400050 | G: 2.5574 | D_A: 0.0645 | D_B: 0.1766 | Cycle: 0.5865
Epoch 57/80 | Step 400100 | G: 2.1139 | D_A: 0.2346 | D_B: 0.0725 | Cycle: 0.6620
Epoch 57/80 | Step 400150 | G: 2.3754 | D_A: 0.0426 | D_B: 0.0364 | Cycle: 0.7811
Epoch 57/80 | Step 400200 | G: 2.1027 | D_A: 0.0274 | D_B: 0.0539 | Cycle: 0.7288
Epoch 57/80 | Step 400250 | G: 1.6404 | D_A: 0.0781 | D_B: 0.0874 | Cycle: 0.5599
Epoch 57/80 | Step 400300 | G: 2.1089 | D_A: 0.0646 | D_B: 0.0735 | Cycle: 0.7130
Epoch 57/80 | Step 400350 | G: 2.3621 | D_A: 0.1414 | D_B: 0.0555 | Cycle: 0.7643
Epoch 57/80 | Step 400400 | G: 2.4280 | D_A: 0.1079 | D_B: 0.0296 | Cycle: 0.7308
Epoch 57/80 | Step 400450 | G: 2.2140 | D_A: 0.0451 | D_B: 0.0683 | Cycle: 0.6496
Epoch 57/80 | Step 400500 | G: 1.8508 | D_A: 0.0650 | D_B: 0.1044 | Cycle: 0.7438
Epoch 57/80 | Step 400550 | G: 2.5532 | D_A: 0.1567 | D_B: 0.1054 | Cycle: 0.8447
Epoch 57/80 | Step 400600 | G: 2.3735 | D_A: 0.0586 | D_B: 0.1117 | Cycle: 0.7915
Epoch 57/80 | Step 400650 | G: 2.5344 | D_A: 0.1406 | D_B: 0.0501 | Cycle: 0.8486
Epoch 57/80 | Step 400700 | G: 3.5102 | D_A: 0.0282 | D_B: 0.0301 | Cycle: 0.8565
Epoch 57/80 | Step 400750 | G: 2.9589 | D_A: 0.0615 | D_B: 0.0792 | Cycle: 0.7746
Epoch 57/80 | Step 400800 | G: 2.2068 | D_A: 0.0604 | D_B: 0.1452 | Cycle: 0.6965
Epoch 57/80 | Step 400850 | G: 2.3631 | D_A: 0.0710 | D_B: 0.0724 | Cycle: 0.8471
Epoch 57/80 | Step 400900 | G: 2.5311 | D_A: 0.0951 | D_B: 0.0682 | Cycle: 0.9724
Epoch 57/80 | Step 400950 | G: 2.6254 | D_A: 0.1211 | D_B: 0.0470 | Cycle: 0.9149
Epoch 57/80 | Step 401000 | G: 2.3104 | D_A: 0.0367 | D_B: 0.1004 | Cycle: 0.6376
Epoch 57/80 | Step 401050 | G: 1.7694 | D_A: 0.1035 | D_B: 0.0836 | Cycle: 0.7041
Epoch 57/80 | Step 401100 | G: 2.8641 | D_A: 0.1978 | D_B: 0.0640 | Cycle: 0.7282
Epoch 57/80 | Step 401150 | G: 1.2890 | D_A: 0.0548 | D_B: 0.2035 | Cycle: 0.5601
Epoch 57/80 complete | Time: 430s | Avg G: 2.3604 | Avg D: 0.0998
Epoch 58/80 | Step 401200 | G: 2.4453 | D_A: 0.1365 | D_B: 0.1163 | Cycle: 0.7437
Epoch 58/80 | Step 401250 | G: 1.9938 | D_A: 0.1312 | D_B: 0.0500 | Cycle: 0.7120
Epoch 58/80 | Step 401300 | G: 2.7680 | D_A: 0.0467 | D_B: 0.0327 | Cycle: 0.7624
Epoch 58/80 | Step 401350 | G: 2.5643 | D_A: 0.1111 | D_B: 0.0417 | Cycle: 0.8015
Epoch 58/80 | Step 401400 | G: 2.5482 | D_A: 0.1239 | D_B: 0.0505 | Cycle: 0.8745
Epoch 58/80 | Step 401450 | G: 2.3790 | D_A: 0.1063 | D_B: 0.0535 | Cycle: 1.0452
Epoch 58/80 | Step 401500 | G: 2.5186 | D_A: 0.0395 | D_B: 0.0813 | Cycle: 0.6312
Epoch 58/80 | Step 401550 | G: 2.0114 | D_A: 0.1868 | D_B: 0.0701 | Cycle: 0.6832
Epoch 58/80 | Step 401600 | G: 2.2366 | D_A: 0.1634 | D_B: 0.1826 | Cycle: 0.7075
Epoch 58/80 | Step 401650 | G: 1.9390 | D_A: 0.1667 | D_B: 0.0371 | Cycle: 0.7059
Epoch 58/80 | Step 401700 | G: 2.2746 | D_A: 0.1197 | D_B: 0.1363 | Cycle: 0.6928
Epoch 58/80 | Step 401750 | G: 2.4287 | D_A: 0.1153 | D_B: 0.0632 | Cycle: 0.8283
Epoch 58/80 | Step 401800 | G: 2.4097 | D_A: 0.0529 | D_B: 0.2010 | Cycle: 0.8448
Epoch 58/80 | Step 401850 | G: 2.1891 | D_A: 0.0839 | D_B: 0.1890 | Cycle: 0.9914
Epoch 58/80 | Step 401900 | G: 1.5048 | D_A: 0.1747 | D_B: 0.1093 | Cycle: 0.5868
Epoch 58/80 | Step 401950 | G: 3.4990 | D_A: 0.1580 | D_B: 0.0321 | Cycle: 1.0784
Epoch 58/80 | Step 402000 | G: 1.8672 | D_A: 0.1222 | D_B: 0.0669 | Cycle: 0.7151
Epoch 58/80 | Step 402050 | G: 2.7021 | D_A: 0.1476 | D_B: 0.0628 | Cycle: 0.9415
Epoch 58/80 | Step 402100 | G: 2.4841 | D_A: 0.0799 | D_B: 0.0543 | Cycle: 0.8154
Epoch 58/80 | Step 402150 | G: 3.1521 | D_A: 0.1733 | D_B: 0.0483 | Cycle: 1.2512
Epoch 58/80 | Step 402200 | G: 2.5340 | D_A: 0.0502 | D_B: 0.1125 | Cycle: 0.7132
Epoch 58/80 | Step 402250 | G: 2.1036 | D_A: 0.1198 | D_B: 0.0480 | Cycle: 0.7934
Epoch 58/80 | Step 402300 | G: 2.4677 | D_A: 0.0940 | D_B: 0.1045 | Cycle: 1.0405
Epoch 58/80 | Step 402350 | G: 2.3640 | D_A: 0.1042 | D_B: 0.0535 | Cycle: 0.8086
Epoch 58/80 | Step 402400 | G: 2.9115 | D_A: 0.1086 | D_B: 0.0560 | Cycle: 1.1690
Epoch 58/80 | Step 402450 | G: 3.1952 | D_A: 0.0668 | D_B: 0.0688 | Cycle: 0.8780
Epoch 58/80 | Step 402500 | G: 1.7164 | D_A: 0.0999 | D_B: 0.0783 | Cycle: 0.6489
Epoch 58/80 | Step 402550 | G: 2.4403 | D_A: 0.0795 | D_B: 0.0303 | Cycle: 0.8372
Epoch 58/80 | Step 402600 | G: 2.5635 | D_A: 0.0567 | D_B: 0.0512 | Cycle: 0.8852
Epoch 58/80 | Step 402650 | G: 1.6620 | D_A: 0.1509 | D_B: 0.1866 | Cycle: 0.6516
Epoch 58/80 | Step 402700 | G: 2.7811 | D_A: 0.2197 | D_B: 0.0729 | Cycle: 0.8556
Epoch 58/80 | Step 402750 | G: 2.2461 | D_A: 0.1450 | D_B: 0.0258 | Cycle: 0.8542
Epoch 58/80 | Step 402800 | G: 2.7579 | D_A: 0.1689 | D_B: 0.1119 | Cycle: 0.7719
Epoch 58/80 | Step 402850 | G: 1.6893 | D_A: 0.0841 | D_B: 0.1435 | Cycle: 0.7207
Epoch 58/80 | Step 402900 | G: 2.2248 | D_A: 0.1331 | D_B: 0.3282 | Cycle: 0.6315
Epoch 58/80 | Step 402950 | G: 2.2703 | D_A: 0.0719 | D_B: 0.0918 | Cycle: 0.7499
Epoch 58/80 | Step 403000 | G: 2.4218 | D_A: 0.0961 | D_B: 0.1208 | Cycle: 0.6881
Epoch 58/80 | Step 403050 | G: 2.2762 | D_A: 0.1972 | D_B: 0.0606 | Cycle: 1.0287
Epoch 58/80 | Step 403100 | G: 2.2593 | D_A: 0.2104 | D_B: 0.0747 | Cycle: 0.8461
Epoch 58/80 | Step 403150 | G: 2.3434 | D_A: 0.0928 | D_B: 0.1056 | Cycle: 0.7236
Epoch 58/80 | Step 403200 | G: 1.9405 | D_A: 0.0448 | D_B: 0.0791 | Cycle: 0.6577
Epoch 58/80 | Step 403250 | G: 2.3515 | D_A: 0.1417 | D_B: 0.1090 | Cycle: 0.7710
Epoch 58/80 | Step 403300 | G: 2.1574 | D_A: 0.0647 | D_B: 0.1187 | Cycle: 0.7108
Epoch 58/80 | Step 403350 | G: 2.9307 | D_A: 0.0797 | D_B: 0.1007 | Cycle: 0.9231
Epoch 58/80 | Step 403400 | G: 2.3569 | D_A: 0.0553 | D_B: 0.1283 | Cycle: 0.8422
Epoch 58/80 | Step 403450 | G: 1.8814 | D_A: 0.0510 | D_B: 0.1538 | Cycle: 0.6464
Epoch 58/80 | Step 403500 | G: 2.3222 | D_A: 0.1099 | D_B: 0.0977 | Cycle: 0.6881
Epoch 58/80 | Step 403550 | G: 2.6943 | D_A: 0.0525 | D_B: 0.0584 | Cycle: 0.9604
Epoch 58/80 | Step 403600 | G: 1.7998 | D_A: 0.0314 | D_B: 0.1559 | Cycle: 0.6512
Epoch 58/80 | Step 403650 | G: 1.9714 | D_A: 0.1228 | D_B: 0.2049 | Cycle: 0.6855
Epoch 58/80 | Step 403700 | G: 2.0998 | D_A: 0.0504 | D_B: 0.0478 | Cycle: 0.7721
Epoch 58/80 | Step 403750 | G: 2.8562 | D_A: 0.0770 | D_B: 0.0881 | Cycle: 0.8512
Epoch 58/80 | Step 403800 | G: 2.5341 | D_A: 0.0337 | D_B: 0.1190 | Cycle: 0.7440
Epoch 58/80 | Step 403850 | G: 3.3553 | D_A: 0.0321 | D_B: 0.0410 | Cycle: 1.1824
Epoch 58/80 | Step 403900 | G: 2.0168 | D_A: 0.2240 | D_B: 0.1856 | Cycle: 0.5738
Epoch 58/80 | Step 403950 | G: 1.8937 | D_A: 0.1203 | D_B: 0.1019 | Cycle: 0.7011
Epoch 58/80 | Step 404000 | G: 1.6589 | D_A: 0.1032 | D_B: 0.0705 | Cycle: 0.5491
Epoch 58/80 | Step 404050 | G: 2.5811 | D_A: 0.0966 | D_B: 0.0455 | Cycle: 0.7672
Epoch 58/80 | Step 404100 | G: 2.3352 | D_A: 0.0532 | D_B: 0.1163 | Cycle: 0.8464
Epoch 58/80 | Step 404150 | G: 2.1801 | D_A: 0.1050 | D_B: 0.1407 | Cycle: 1.0382
Epoch 58/80 | Step 404200 | G: 2.3133 | D_A: 0.0681 | D_B: 0.0627 | Cycle: 0.6420
Epoch 58/80 | Step 404250 | G: 2.7969 | D_A: 0.1326 | D_B: 0.0403 | Cycle: 1.1109
Epoch 58/80 | Step 404300 | G: 2.0788 | D_A: 0.1439 | D_B: 0.0301 | Cycle: 0.9336
Epoch 58/80 | Step 404350 | G: 2.2442 | D_A: 0.0409 | D_B: 0.1640 | Cycle: 0.7925
Epoch 58/80 | Step 404400 | G: 1.9202 | D_A: 0.1091 | D_B: 0.2199 | Cycle: 0.8625
Epoch 58/80 | Step 404450 | G: 1.8054 | D_A: 0.1073 | D_B: 0.0826 | Cycle: 0.6872
Epoch 58/80 | Step 404500 | G: 2.8291 | D_A: 0.0366 | D_B: 0.0358 | Cycle: 0.9763
Epoch 58/80 | Step 404550 | G: 2.3268 | D_A: 0.0758 | D_B: 0.0409 | Cycle: 0.7100
Epoch 58/80 | Step 404600 | G: 2.0918 | D_A: 0.0822 | D_B: 0.0498 | Cycle: 0.7176
Epoch 58/80 | Step 404650 | G: 2.8184 | D_A: 0.2457 | D_B: 0.0812 | Cycle: 0.7266
Epoch 58/80 | Step 404700 | G: 1.9634 | D_A: 0.1309 | D_B: 0.0347 | Cycle: 0.6290
Epoch 58/80 | Step 404750 | G: 2.7907 | D_A: 0.0886 | D_B: 0.0861 | Cycle: 1.0033
Epoch 58/80 | Step 404800 | G: 3.2714 | D_A: 0.0541 | D_B: 0.0516 | Cycle: 0.9803
Epoch 58/80 | Step 404850 | G: 2.4443 | D_A: 0.1700 | D_B: 0.0988 | Cycle: 0.6149
Epoch 58/80 | Step 404900 | G: 2.0871 | D_A: 0.1290 | D_B: 0.0668 | Cycle: 0.8085
Epoch 58/80 | Step 404950 | G: 2.0242 | D_A: 0.2355 | D_B: 0.1146 | Cycle: 0.6419
Epoch 58/80 | Step 405000 | G: 2.6499 | D_A: 0.0843 | D_B: 0.0347 | Cycle: 0.8007
Epoch 58/80 | Step 405050 | G: 2.6770 | D_A: 0.0473 | D_B: 0.1238 | Cycle: 0.9513
Epoch 58/80 | Step 405100 | G: 2.2675 | D_A: 0.0739 | D_B: 0.0609 | Cycle: 0.6923
Epoch 58/80 | Step 405150 | G: 2.2280 | D_A: 0.0573 | D_B: 0.0516 | Cycle: 0.7402
Epoch 58/80 | Step 405200 | G: 2.2013 | D_A: 0.1137 | D_B: 0.0487 | Cycle: 0.7240
Epoch 58/80 | Step 405250 | G: 3.0782 | D_A: 0.0398 | D_B: 0.0761 | Cycle: 0.9032
Epoch 58/80 | Step 405300 | G: 2.4150 | D_A: 0.1450 | D_B: 0.0811 | Cycle: 0.8479
Epoch 58/80 | Step 405350 | G: 2.3606 | D_A: 0.1323 | D_B: 0.0593 | Cycle: 0.7715
Epoch 58/80 | Step 405400 | G: 2.2171 | D_A: 0.3212 | D_B: 0.0262 | Cycle: 0.8622
Epoch 58/80 | Step 405450 | G: 2.3775 | D_A: 0.0599 | D_B: 0.0286 | Cycle: 0.9900
Epoch 58/80 | Step 405500 | G: 2.0628 | D_A: 0.0537 | D_B: 0.0340 | Cycle: 0.6897
Epoch 58/80 | Step 405550 | G: 2.4193 | D_A: 0.0449 | D_B: 0.1330 | Cycle: 0.8891
Epoch 58/80 | Step 405600 | G: 3.0452 | D_A: 0.0218 | D_B: 0.0412 | Cycle: 0.8711
Epoch 58/80 | Step 405650 | G: 3.0405 | D_A: 0.0566 | D_B: 0.0931 | Cycle: 0.9407
Epoch 58/80 | Step 405700 | G: 2.5533 | D_A: 0.3234 | D_B: 0.0576 | Cycle: 0.7705
Epoch 58/80 | Step 405750 | G: 2.3021 | D_A: 0.0716 | D_B: 0.1776 | Cycle: 0.9109
Epoch 58/80 | Step 405800 | G: 2.4354 | D_A: 0.0936 | D_B: 0.1399 | Cycle: 0.7190
Epoch 58/80 | Step 405850 | G: 2.2887 | D_A: 0.0833 | D_B: 0.2263 | Cycle: 0.7918
Epoch 58/80 | Step 405900 | G: 1.7351 | D_A: 0.0987 | D_B: 0.2734 | Cycle: 0.7450
Epoch 58/80 | Step 405950 | G: 2.1849 | D_A: 0.0521 | D_B: 0.1264 | Cycle: 0.7792
Epoch 58/80 | Step 406000 | G: 2.3090 | D_A: 0.1931 | D_B: 0.0924 | Cycle: 0.6257
Epoch 58/80 | Step 406050 | G: 2.7008 | D_A: 0.0445 | D_B: 0.0902 | Cycle: 0.8005
Epoch 58/80 | Step 406100 | G: 2.5884 | D_A: 0.0856 | D_B: 0.0658 | Cycle: 0.9412
Epoch 58/80 | Step 406150 | G: 2.4727 | D_A: 0.2038 | D_B: 0.0777 | Cycle: 0.6334
Epoch 58/80 | Step 406200 | G: 2.1652 | D_A: 0.0523 | D_B: 0.0708 | Cycle: 0.8677
Epoch 58/80 | Step 406250 | G: 2.2485 | D_A: 0.1438 | D_B: 0.0642 | Cycle: 0.9409
Epoch 58/80 | Step 406300 | G: 2.2124 | D_A: 0.1458 | D_B: 0.0782 | Cycle: 0.7837
Epoch 58/80 | Step 406350 | G: 2.4914 | D_A: 0.1506 | D_B: 0.1808 | Cycle: 0.5692
Epoch 58/80 | Step 406400 | G: 2.0614 | D_A: 0.0664 | D_B: 0.0498 | Cycle: 0.6767
Epoch 58/80 | Step 406450 | G: 3.0937 | D_A: 0.0508 | D_B: 0.0653 | Cycle: 0.9618
Epoch 58/80 | Step 406500 | G: 1.8906 | D_A: 0.1562 | D_B: 0.1427 | Cycle: 0.6313
Epoch 58/80 | Step 406550 | G: 2.3263 | D_A: 0.0754 | D_B: 0.0685 | Cycle: 0.7397
Epoch 58/80 | Step 406600 | G: 3.2303 | D_A: 0.0470 | D_B: 0.0406 | Cycle: 0.9539
Epoch 58/80 | Step 406650 | G: 2.0421 | D_A: 0.2041 | D_B: 0.2016 | Cycle: 0.9129
Epoch 58/80 | Step 406700 | G: 2.5748 | D_A: 0.0450 | D_B: 0.0690 | Cycle: 0.9028
Epoch 58/80 | Step 406750 | G: 1.9134 | D_A: 0.1312 | D_B: 0.0550 | Cycle: 0.7326
Epoch 58/80 | Step 406800 | G: 2.8614 | D_A: 0.0834 | D_B: 0.0865 | Cycle: 0.7468
Epoch 58/80 | Step 406850 | G: 2.5728 | D_A: 0.1746 | D_B: 0.0968 | Cycle: 0.9408
Epoch 58/80 | Step 406900 | G: 2.1749 | D_A: 0.0655 | D_B: 0.0421 | Cycle: 0.6886
Epoch 58/80 | Step 406950 | G: 2.2202 | D_A: 0.0730 | D_B: 0.0741 | Cycle: 0.8151
Epoch 58/80 | Step 407000 | G: 2.5090 | D_A: 0.0329 | D_B: 0.0602 | Cycle: 0.8284
Epoch 58/80 | Step 407050 | G: 2.2908 | D_A: 0.0493 | D_B: 0.0998 | Cycle: 0.7716
Epoch 58/80 | Step 407100 | G: 1.6862 | D_A: 0.1085 | D_B: 0.0820 | Cycle: 0.6618
Epoch 58/80 | Step 407150 | G: 2.4139 | D_A: 0.0522 | D_B: 0.0593 | Cycle: 0.7288
Epoch 58/80 | Step 407200 | G: 2.6713 | D_A: 0.0520 | D_B: 0.0679 | Cycle: 0.9503
Epoch 58/80 | Step 407250 | G: 2.8346 | D_A: 0.0856 | D_B: 0.1006 | Cycle: 1.3536
Epoch 58/80 | Step 407300 | G: 2.4282 | D_A: 0.1422 | D_B: 0.0489 | Cycle: 0.8116
Epoch 58/80 | Step 407350 | G: 3.0072 | D_A: 0.0470 | D_B: 0.0521 | Cycle: 1.0609
Epoch 58/80 | Step 407400 | G: 2.5200 | D_A: 0.0375 | D_B: 0.0406 | Cycle: 0.6185
Epoch 58/80 | Step 407450 | G: 1.8842 | D_A: 0.1315 | D_B: 0.0659 | Cycle: 0.7195
Epoch 58/80 | Step 407500 | G: 3.0624 | D_A: 0.0303 | D_B: 0.0480 | Cycle: 0.9713
Epoch 58/80 | Step 407550 | G: 1.8987 | D_A: 0.1110 | D_B: 0.1205 | Cycle: 0.6821
Epoch 58/80 | Step 407600 | G: 2.0556 | D_A: 0.1782 | D_B: 0.1142 | Cycle: 0.7904
Epoch 58/80 | Step 407650 | G: 2.0341 | D_A: 0.1964 | D_B: 0.0515 | Cycle: 0.5970
Epoch 58/80 | Step 407700 | G: 2.2547 | D_A: 0.0642 | D_B: 0.0912 | Cycle: 0.6740
Epoch 58/80 | Step 407750 | G: 2.4791 | D_A: 0.1034 | D_B: 0.1151 | Cycle: 0.8334
Epoch 58/80 | Step 407800 | G: 2.0820 | D_A: 0.1125 | D_B: 0.1111 | Cycle: 0.6910
Epoch 58/80 | Step 407850 | G: 2.4837 | D_A: 0.0645 | D_B: 0.1189 | Cycle: 0.7445
Epoch 58/80 | Step 407900 | G: 1.6222 | D_A: 0.0953 | D_B: 0.2771 | Cycle: 0.6476
Epoch 58/80 | Step 407950 | G: 1.8170 | D_A: 0.0536 | D_B: 0.0334 | Cycle: 0.6625
Epoch 58/80 | Step 408000 | G: 2.5573 | D_A: 0.0725 | D_B: 0.0371 | Cycle: 0.7465
Epoch 58/80 | Step 408050 | G: 2.3340 | D_A: 0.0728 | D_B: 0.1158 | Cycle: 0.7172
Epoch 58/80 | Step 408100 | G: 2.7328 | D_A: 0.0373 | D_B: 0.0430 | Cycle: 0.7655
Epoch 58/80 | Step 408150 | G: 2.2711 | D_A: 0.1343 | D_B: 0.0958 | Cycle: 0.7089
Epoch 58/80 | Step 408200 | G: 2.3445 | D_A: 0.1618 | D_B: 0.0772 | Cycle: 0.7195
Epoch 58/80 complete | Time: 430s | Avg G: 2.3743 | Avg D: 0.0981
Epoch 59/80 | Step 408250 | G: 2.2243 | D_A: 0.1097 | D_B: 0.1424 | Cycle: 0.7432
Epoch 59/80 | Step 408300 | G: 2.7235 | D_A: 0.0334 | D_B: 0.0800 | Cycle: 0.8213
Epoch 59/80 | Step 408350 | G: 1.9101 | D_A: 0.1182 | D_B: 0.1013 | Cycle: 0.7823
Epoch 59/80 | Step 408400 | G: 2.3981 | D_A: 0.0807 | D_B: 0.0605 | Cycle: 0.8285
Epoch 59/80 | Step 408450 | G: 2.5231 | D_A: 0.1110 | D_B: 0.0701 | Cycle: 0.8069
Epoch 59/80 | Step 408500 | G: 2.0596 | D_A: 0.0808 | D_B: 0.1587 | Cycle: 0.7027
Epoch 59/80 | Step 408550 | G: 2.0165 | D_A: 0.1351 | D_B: 0.0920 | Cycle: 0.7627
Epoch 59/80 | Step 408600 | G: 1.9109 | D_A: 0.1135 | D_B: 0.1124 | Cycle: 0.6103
Epoch 59/80 | Step 408650 | G: 2.4478 | D_A: 0.0661 | D_B: 0.1070 | Cycle: 0.8417
Epoch 59/80 | Step 408700 | G: 2.1419 | D_A: 0.1166 | D_B: 0.0956 | Cycle: 0.6509
Epoch 59/80 | Step 408750 | G: 2.4384 | D_A: 0.0926 | D_B: 0.0760 | Cycle: 0.7999
Epoch 59/80 | Step 408800 | G: 2.4676 | D_A: 0.1089 | D_B: 0.0450 | Cycle: 0.9106
Epoch 59/80 | Step 408850 | G: 2.7729 | D_A: 0.0672 | D_B: 0.0410 | Cycle: 1.0542
Epoch 59/80 | Step 408900 | G: 1.8538 | D_A: 0.0374 | D_B: 0.1862 | Cycle: 0.6859
Epoch 59/80 | Step 408950 | G: 2.9819 | D_A: 0.1615 | D_B: 0.0696 | Cycle: 1.1815
Epoch 59/80 | Step 409000 | G: 1.9596 | D_A: 0.0662 | D_B: 0.0789 | Cycle: 0.6947
Epoch 59/80 | Step 409050 | G: 2.2107 | D_A: 0.1108 | D_B: 0.1873 | Cycle: 0.6292
Epoch 59/80 | Step 409100 | G: 2.6786 | D_A: 0.0478 | D_B: 0.0694 | Cycle: 0.7332
Epoch 59/80 | Step 409150 | G: 2.7078 | D_A: 0.0458 | D_B: 0.0415 | Cycle: 0.7036
Epoch 59/80 | Step 409200 | G: 2.3045 | D_A: 0.0340 | D_B: 0.0620 | Cycle: 0.6630
Epoch 59/80 | Step 409250 | G: 2.7110 | D_A: 0.1008 | D_B: 0.0399 | Cycle: 0.8849
Epoch 59/80 | Step 409300 | G: 2.8732 | D_A: 0.1431 | D_B: 0.0714 | Cycle: 0.8337
Epoch 59/80 | Step 409350 | G: 1.9637 | D_A: 0.1017 | D_B: 0.1378 | Cycle: 0.6941
Epoch 59/80 | Step 409400 | G: 1.8496 | D_A: 0.1808 | D_B: 0.1140 | Cycle: 0.5719
Epoch 59/80 | Step 409450 | G: 2.3437 | D_A: 0.0975 | D_B: 0.0645 | Cycle: 0.6598
Epoch 59/80 | Step 409500 | G: 2.5871 | D_A: 0.0733 | D_B: 0.0496 | Cycle: 0.7359
Epoch 59/80 | Step 409550 | G: 2.6820 | D_A: 0.1921 | D_B: 0.1643 | Cycle: 0.8263
Epoch 59/80 | Step 409600 | G: 2.0176 | D_A: 0.0920 | D_B: 0.0363 | Cycle: 0.7106
Epoch 59/80 | Step 409650 | G: 2.3651 | D_A: 0.0974 | D_B: 0.0669 | Cycle: 0.9001
Epoch 59/80 | Step 409700 | G: 1.7921 | D_A: 0.0800 | D_B: 0.0981 | Cycle: 0.6177
Epoch 59/80 | Step 409750 | G: 1.9173 | D_A: 0.1731 | D_B: 0.1140 | Cycle: 0.7876
Epoch 59/80 | Step 409800 | G: 2.3652 | D_A: 0.2670 | D_B: 0.1546 | Cycle: 0.6180
Epoch 59/80 | Step 409850 | G: 2.8696 | D_A: 0.0986 | D_B: 0.0589 | Cycle: 1.0505
Epoch 59/80 | Step 409900 | G: 2.2907 | D_A: 0.0662 | D_B: 0.1060 | Cycle: 0.9351
Epoch 59/80 | Step 409950 | G: 1.7054 | D_A: 0.1964 | D_B: 0.0379 | Cycle: 0.6012
Epoch 59/80 | Step 410000 | G: 2.3870 | D_A: 0.1200 | D_B: 0.0418 | Cycle: 0.6826
Epoch 59/80 | Step 410050 | G: 2.1900 | D_A: 0.0844 | D_B: 0.0847 | Cycle: 0.8066
Epoch 59/80 | Step 410100 | G: 3.0872 | D_A: 0.0547 | D_B: 0.0717 | Cycle: 0.8743
Epoch 59/80 | Step 410150 | G: 1.9225 | D_A: 0.1458 | D_B: 0.0819 | Cycle: 0.7048
Epoch 59/80 | Step 410200 | G: 1.6849 | D_A: 0.1387 | D_B: 0.1049 | Cycle: 0.6263
Epoch 59/80 | Step 410250 | G: 2.5156 | D_A: 0.1360 | D_B: 0.1034 | Cycle: 0.8776
Epoch 59/80 | Step 410300 | G: 2.1585 | D_A: 0.1311 | D_B: 0.1143 | Cycle: 0.8284
Epoch 59/80 | Step 410350 | G: 2.8300 | D_A: 0.0671 | D_B: 0.0281 | Cycle: 0.9035
Epoch 59/80 | Step 410400 | G: 2.0371 | D_A: 0.0898 | D_B: 0.1004 | Cycle: 0.8746
Epoch 59/80 | Step 410450 | G: 2.5482 | D_A: 0.1702 | D_B: 0.0538 | Cycle: 0.8708
Epoch 59/80 | Step 410500 | G: 2.3067 | D_A: 0.2595 | D_B: 0.0341 | Cycle: 0.9334
Epoch 59/80 | Step 410550 | G: 1.9602 | D_A: 0.0847 | D_B: 0.1113 | Cycle: 0.6847
Epoch 59/80 | Step 410600 | G: 2.6440 | D_A: 0.1193 | D_B: 0.0567 | Cycle: 1.0269
Epoch 59/80 | Step 410650 | G: 2.0589 | D_A: 0.0635 | D_B: 0.0642 | Cycle: 0.8046
Epoch 59/80 | Step 410700 | G: 2.0028 | D_A: 0.0696 | D_B: 0.0451 | Cycle: 0.8275
Epoch 59/80 | Step 410750 | G: 2.5197 | D_A: 0.0986 | D_B: 0.0580 | Cycle: 0.8746
Epoch 59/80 | Step 410800 | G: 3.0673 | D_A: 0.1533 | D_B: 0.0578 | Cycle: 1.0915
Epoch 59/80 | Step 410850 | G: 1.3067 | D_A: 0.1343 | D_B: 0.0783 | Cycle: 0.7473
Epoch 59/80 | Step 410900 | G: 2.0583 | D_A: 0.1554 | D_B: 0.0878 | Cycle: 0.6889
Epoch 59/80 | Step 410950 | G: 2.6872 | D_A: 0.1209 | D_B: 0.0514 | Cycle: 0.8206
Epoch 59/80 | Step 411000 | G: 2.5761 | D_A: 0.2547 | D_B: 0.0964 | Cycle: 0.9377
Epoch 59/80 | Step 411050 | G: 2.7720 | D_A: 0.1274 | D_B: 0.0986 | Cycle: 0.8733
Epoch 59/80 | Step 411100 | G: 2.7622 | D_A: 0.1448 | D_B: 0.0716 | Cycle: 0.7150
Epoch 59/80 | Step 411150 | G: 2.3534 | D_A: 0.0494 | D_B: 0.0736 | Cycle: 0.6463
Epoch 59/80 | Step 411200 | G: 2.7283 | D_A: 0.0489 | D_B: 0.0271 | Cycle: 0.8794
Epoch 59/80 | Step 411250 | G: 2.4466 | D_A: 0.1676 | D_B: 0.0553 | Cycle: 0.9956
Epoch 59/80 | Step 411300 | G: 2.5119 | D_A: 0.0485 | D_B: 0.1169 | Cycle: 0.7035
Epoch 59/80 | Step 411350 | G: 2.6950 | D_A: 0.0864 | D_B: 0.0827 | Cycle: 0.9259
Epoch 59/80 | Step 411400 | G: 2.0373 | D_A: 0.1641 | D_B: 0.0889 | Cycle: 0.6871
Epoch 59/80 | Step 411450 | G: 1.7824 | D_A: 0.0958 | D_B: 0.1436 | Cycle: 0.6702
Epoch 59/80 | Step 411500 | G: 1.9308 | D_A: 0.2824 | D_B: 0.1760 | Cycle: 0.6389
Epoch 59/80 | Step 411550 | G: 3.6819 | D_A: 0.0421 | D_B: 0.0876 | Cycle: 0.7739
Epoch 59/80 | Step 411600 | G: 2.0127 | D_A: 0.2037 | D_B: 0.0587 | Cycle: 0.7476
Epoch 59/80 | Step 411650 | G: 1.7278 | D_A: 0.0926 | D_B: 0.0783 | Cycle: 0.6909
Epoch 59/80 | Step 411700 | G: 3.0922 | D_A: 0.1593 | D_B: 0.0496 | Cycle: 1.2291
Epoch 59/80 | Step 411750 | G: 2.5139 | D_A: 0.0778 | D_B: 0.0420 | Cycle: 0.8342
Epoch 59/80 | Step 411800 | G: 2.7911 | D_A: 0.1570 | D_B: 0.0320 | Cycle: 0.8481
Epoch 59/80 | Step 411850 | G: 2.2823 | D_A: 0.0720 | D_B: 0.0634 | Cycle: 0.5922
Epoch 59/80 | Step 411900 | G: 2.7128 | D_A: 0.0769 | D_B: 0.0315 | Cycle: 1.0530
Epoch 59/80 | Step 411950 | G: 2.5327 | D_A: 0.0437 | D_B: 0.0250 | Cycle: 0.7741
Epoch 59/80 | Step 412000 | G: 2.5909 | D_A: 0.1135 | D_B: 0.0727 | Cycle: 0.8871
Epoch 59/80 | Step 412050 | G: 2.8376 | D_A: 0.1382 | D_B: 0.0687 | Cycle: 0.7912
Epoch 59/80 | Step 412100 | G: 2.1477 | D_A: 0.1685 | D_B: 0.0426 | Cycle: 0.7683
Epoch 59/80 | Step 412150 | G: 1.7500 | D_A: 0.0804 | D_B: 0.1365 | Cycle: 0.6988
Epoch 59/80 | Step 412200 | G: 1.9998 | D_A: 0.0655 | D_B: 0.1291 | Cycle: 0.7546
Epoch 59/80 | Step 412250 | G: 2.8568 | D_A: 0.1048 | D_B: 0.0311 | Cycle: 1.0732
Epoch 59/80 | Step 412300 | G: 2.6670 | D_A: 0.1134 | D_B: 0.0652 | Cycle: 0.8153
Epoch 59/80 | Step 412350 | G: 1.9999 | D_A: 0.1121 | D_B: 0.0391 | Cycle: 0.6997
Epoch 59/80 | Step 412400 | G: 1.7437 | D_A: 0.1232 | D_B: 0.1391 | Cycle: 0.5961
Epoch 59/80 | Step 412450 | G: 2.1346 | D_A: 0.0803 | D_B: 0.0825 | Cycle: 0.8194
Epoch 59/80 | Step 412500 | G: 2.1640 | D_A: 0.0343 | D_B: 0.1465 | Cycle: 0.8134
Epoch 59/80 | Step 412550 | G: 2.1203 | D_A: 0.1300 | D_B: 0.0424 | Cycle: 0.7011
Epoch 59/80 | Step 412600 | G: 3.2575 | D_A: 0.1047 | D_B: 0.1489 | Cycle: 0.9764
Epoch 59/80 | Step 412650 | G: 2.4194 | D_A: 0.0988 | D_B: 0.0734 | Cycle: 0.6627
Epoch 59/80 | Step 412700 | G: 1.5666 | D_A: 0.1023 | D_B: 0.1858 | Cycle: 0.6925
Epoch 59/80 | Step 412750 | G: 2.2678 | D_A: 0.0591 | D_B: 0.0497 | Cycle: 0.5769
Epoch 59/80 | Step 412800 | G: 1.9232 | D_A: 0.0627 | D_B: 0.0503 | Cycle: 0.7862
Epoch 59/80 | Step 412850 | G: 2.5777 | D_A: 0.0551 | D_B: 0.0264 | Cycle: 0.7332
Epoch 59/80 | Step 412900 | G: 2.5008 | D_A: 0.0923 | D_B: 0.0580 | Cycle: 1.1611
Epoch 59/80 | Step 412950 | G: 2.6129 | D_A: 0.0677 | D_B: 0.0289 | Cycle: 0.9561
Epoch 59/80 | Step 413000 | G: 2.3270 | D_A: 0.0783 | D_B: 0.0344 | Cycle: 0.7385
Epoch 59/80 | Step 413050 | G: 2.4630 | D_A: 0.0588 | D_B: 0.1525 | Cycle: 0.7288
Epoch 59/80 | Step 413100 | G: 2.4333 | D_A: 0.0988 | D_B: 0.0669 | Cycle: 0.8620
Epoch 59/80 | Step 413150 | G: 3.1884 | D_A: 0.3858 | D_B: 0.0318 | Cycle: 0.6251
Epoch 59/80 | Step 413200 | G: 1.7078 | D_A: 0.0473 | D_B: 0.1855 | Cycle: 0.5291
Epoch 59/80 | Step 413250 | G: 2.1115 | D_A: 0.0679 | D_B: 0.0539 | Cycle: 0.7078
Epoch 59/80 | Step 413300 | G: 2.4017 | D_A: 0.0672 | D_B: 0.0803 | Cycle: 0.7367
Epoch 59/80 | Step 413350 | G: 2.1511 | D_A: 0.0472 | D_B: 0.0618 | Cycle: 0.8941
Epoch 59/80 | Step 413400 | G: 2.0725 | D_A: 0.0733 | D_B: 0.0951 | Cycle: 0.8507
Epoch 59/80 | Step 413450 | G: 2.2393 | D_A: 0.0688 | D_B: 0.0489 | Cycle: 0.6768
Epoch 59/80 | Step 413500 | G: 2.7446 | D_A: 0.1269 | D_B: 0.1380 | Cycle: 0.6861
Epoch 59/80 | Step 413550 | G: 2.5947 | D_A: 0.1809 | D_B: 0.0413 | Cycle: 0.6646
Epoch 59/80 | Step 413600 | G: 2.0055 | D_A: 0.1302 | D_B: 0.0636 | Cycle: 0.7164
Epoch 59/80 | Step 413650 | G: 1.9985 | D_A: 0.1191 | D_B: 0.1213 | Cycle: 0.7295
Epoch 59/80 | Step 413700 | G: 2.1048 | D_A: 0.1148 | D_B: 0.1058 | Cycle: 0.7765
Epoch 59/80 | Step 413750 | G: 2.0071 | D_A: 0.0942 | D_B: 0.0612 | Cycle: 0.6660
Epoch 59/80 | Step 413800 | G: 1.6873 | D_A: 0.1138 | D_B: 0.1391 | Cycle: 0.5969
Epoch 59/80 | Step 413850 | G: 1.8238 | D_A: 0.0826 | D_B: 0.1004 | Cycle: 0.6438
Epoch 59/80 | Step 413900 | G: 2.4656 | D_A: 0.0705 | D_B: 0.0673 | Cycle: 0.8604
Epoch 59/80 | Step 413950 | G: 2.5162 | D_A: 0.0426 | D_B: 0.2297 | Cycle: 0.8807
Epoch 59/80 | Step 414000 | G: 2.0395 | D_A: 0.0685 | D_B: 0.0948 | Cycle: 0.6791
Epoch 59/80 | Step 414050 | G: 2.5025 | D_A: 0.0304 | D_B: 0.1233 | Cycle: 0.6179
Epoch 59/80 | Step 414100 | G: 2.0543 | D_A: 0.1212 | D_B: 0.0669 | Cycle: 0.7315
Epoch 59/80 | Step 414150 | G: 2.6430 | D_A: 0.0886 | D_B: 0.0286 | Cycle: 0.8031
Epoch 59/80 | Step 414200 | G: 2.2609 | D_A: 0.0947 | D_B: 0.0670 | Cycle: 0.8203
Epoch 59/80 | Step 414250 | G: 2.6350 | D_A: 0.1503 | D_B: 0.0271 | Cycle: 0.9365
Epoch 59/80 | Step 414300 | G: 2.1622 | D_A: 0.2981 | D_B: 0.0695 | Cycle: 0.7843
Epoch 59/80 | Step 414350 | G: 2.4184 | D_A: 0.0452 | D_B: 0.1028 | Cycle: 0.6409
Epoch 59/80 | Step 414400 | G: 2.1176 | D_A: 0.2039 | D_B: 0.0871 | Cycle: 0.5757
Epoch 59/80 | Step 414450 | G: 2.0237 | D_A: 0.1086 | D_B: 0.1135 | Cycle: 0.9125
Epoch 59/80 | Step 414500 | G: 2.2739 | D_A: 0.1266 | D_B: 0.0540 | Cycle: 0.7297
Epoch 59/80 | Step 414550 | G: 1.9806 | D_A: 0.1262 | D_B: 0.2008 | Cycle: 0.6612
Epoch 59/80 | Step 414600 | G: 3.2962 | D_A: 0.0660 | D_B: 0.0461 | Cycle: 1.0274
Epoch 59/80 | Step 414650 | G: 2.6765 | D_A: 0.1003 | D_B: 0.0757 | Cycle: 0.9055
Epoch 59/80 | Step 414700 | G: 2.4674 | D_A: 0.1713 | D_B: 0.0456 | Cycle: 0.8372
Epoch 59/80 | Step 414750 | G: 2.6714 | D_A: 0.0792 | D_B: 0.0367 | Cycle: 0.7315
Epoch 59/80 | Step 414800 | G: 2.2188 | D_A: 0.0260 | D_B: 0.0971 | Cycle: 0.9247
Epoch 59/80 | Step 414850 | G: 2.2482 | D_A: 0.1887 | D_B: 0.0717 | Cycle: 0.6591
Epoch 59/80 | Step 414900 | G: 2.0727 | D_A: 0.1849 | D_B: 0.0594 | Cycle: 0.7007
Epoch 59/80 | Step 414950 | G: 2.1459 | D_A: 0.2392 | D_B: 0.0874 | Cycle: 0.8218
Epoch 59/80 | Step 415000 | G: 2.2202 | D_A: 0.0743 | D_B: 0.1513 | Cycle: 0.7769
Epoch 59/80 | Step 415050 | G: 2.1891 | D_A: 0.0842 | D_B: 0.1263 | Cycle: 0.7618
Epoch 59/80 | Step 415100 | G: 3.1694 | D_A: 0.0537 | D_B: 0.0792 | Cycle: 1.1345
Epoch 59/80 | Step 415150 | G: 2.2538 | D_A: 0.1739 | D_B: 0.0681 | Cycle: 1.1355
Epoch 59/80 | Step 415200 | G: 2.6846 | D_A: 0.0851 | D_B: 0.0797 | Cycle: 0.9845
Epoch 59/80 complete | Time: 429s | Avg G: 2.3725 | Avg D: 0.0984
Epoch 60/80 | Step 415250 | G: 2.4917 | D_A: 0.0347 | D_B: 0.0762 | Cycle: 0.7173
Epoch 60/80 | Step 415300 | G: 3.7600 | D_A: 0.1320 | D_B: 0.0744 | Cycle: 1.2281
Epoch 60/80 | Step 415350 | G: 2.2079 | D_A: 0.0533 | D_B: 0.0312 | Cycle: 0.7595
Epoch 60/80 | Step 415400 | G: 2.0948 | D_A: 0.1375 | D_B: 0.0913 | Cycle: 0.7415
Epoch 60/80 | Step 415450 | G: 1.5117 | D_A: 0.1573 | D_B: 0.1874 | Cycle: 0.6150
Epoch 60/80 | Step 415500 | G: 2.3364 | D_A: 0.0680 | D_B: 0.0898 | Cycle: 0.8829
Epoch 60/80 | Step 415550 | G: 2.3571 | D_A: 0.1821 | D_B: 0.0301 | Cycle: 0.7267
Epoch 60/80 | Step 415600 | G: 2.0195 | D_A: 0.1273 | D_B: 0.0417 | Cycle: 0.8041
Epoch 60/80 | Step 415650 | G: 2.5774 | D_A: 0.0631 | D_B: 0.0645 | Cycle: 0.8294
Epoch 60/80 | Step 415700 | G: 2.9506 | D_A: 0.1705 | D_B: 0.0506 | Cycle: 0.7857
Epoch 60/80 | Step 415750 | G: 2.5241 | D_A: 0.0245 | D_B: 0.0837 | Cycle: 0.6294
Epoch 60/80 | Step 415800 | G: 2.7912 | D_A: 0.1110 | D_B: 0.1298 | Cycle: 0.9653
Epoch 60/80 | Step 415850 | G: 2.2407 | D_A: 0.1290 | D_B: 0.0750 | Cycle: 0.8101
Epoch 60/80 | Step 415900 | G: 2.2866 | D_A: 0.0604 | D_B: 0.0374 | Cycle: 0.5690
Epoch 60/80 | Step 415950 | G: 2.4649 | D_A: 0.0726 | D_B: 0.0442 | Cycle: 0.6854
Epoch 60/80 | Step 416000 | G: 2.4445 | D_A: 0.0618 | D_B: 0.0997 | Cycle: 0.8891
Epoch 60/80 | Step 416050 | G: 2.2157 | D_A: 0.1025 | D_B: 0.1240 | Cycle: 0.8440
Epoch 60/80 | Step 416100 | G: 1.6384 | D_A: 0.1645 | D_B: 0.1854 | Cycle: 0.5486
Epoch 60/80 | Step 416150 | G: 2.6521 | D_A: 0.0521 | D_B: 0.1015 | Cycle: 0.9160
Epoch 60/80 | Step 416200 | G: 2.6299 | D_A: 0.0284 | D_B: 0.0331 | Cycle: 0.9786
Epoch 60/80 | Step 416250 | G: 2.3108 | D_A: 0.0392 | D_B: 0.1285 | Cycle: 0.9015
Epoch 60/80 | Step 416300 | G: 2.4469 | D_A: 0.1008 | D_B: 0.0544 | Cycle: 0.6889
Epoch 60/80 | Step 416350 | G: 2.0654 | D_A: 0.0937 | D_B: 0.0413 | Cycle: 0.9639
Epoch 60/80 | Step 416400 | G: 2.6833 | D_A: 0.0511 | D_B: 0.0318 | Cycle: 0.8499
Epoch 60/80 | Step 416450 | G: 2.2487 | D_A: 0.1369 | D_B: 0.0543 | Cycle: 0.7945
Epoch 60/80 | Step 416500 | G: 1.8699 | D_A: 0.1178 | D_B: 0.1179 | Cycle: 0.7994
Epoch 60/80 | Step 416550 | G: 2.3807 | D_A: 0.1541 | D_B: 0.1688 | Cycle: 0.6403
Epoch 60/80 | Step 416600 | G: 2.3420 | D_A: 0.1379 | D_B: 0.0435 | Cycle: 0.9100
Epoch 60/80 | Step 416650 | G: 2.1682 | D_A: 0.0524 | D_B: 0.0565 | Cycle: 0.9791
Epoch 60/80 | Step 416700 | G: 2.1848 | D_A: 0.1042 | D_B: 0.0824 | Cycle: 0.8385
Epoch 60/80 | Step 416750 | G: 2.0029 | D_A: 0.0602 | D_B: 0.1545 | Cycle: 0.7209
Epoch 60/80 | Step 416800 | G: 2.9275 | D_A: 0.1602 | D_B: 0.0586 | Cycle: 0.9441
Epoch 60/80 | Step 416850 | G: 3.0214 | D_A: 0.0407 | D_B: 0.0602 | Cycle: 1.2726
Epoch 60/80 | Step 416900 | G: 2.8336 | D_A: 0.0868 | D_B: 0.0462 | Cycle: 0.8677
Epoch 60/80 | Step 416950 | G: 2.2380 | D_A: 0.1490 | D_B: 0.0632 | Cycle: 0.7995
Epoch 60/80 | Step 417000 | G: 3.6444 | D_A: 0.4038 | D_B: 0.0550 | Cycle: 0.9843
Epoch 60/80 | Step 417050 | G: 2.1307 | D_A: 0.0905 | D_B: 0.0369 | Cycle: 0.9049
Epoch 60/80 | Step 417100 | G: 2.2431 | D_A: 0.1002 | D_B: 0.0519 | Cycle: 0.7957
Epoch 60/80 | Step 417150 | G: 1.9525 | D_A: 0.2154 | D_B: 0.0781 | Cycle: 0.7315
Epoch 60/80 | Step 417200 | G: 2.2499 | D_A: 0.0631 | D_B: 0.0601 | Cycle: 0.7846
Epoch 60/80 | Step 417250 | G: 1.9559 | D_A: 0.0553 | D_B: 0.1950 | Cycle: 0.7395
Epoch 60/80 | Step 417300 | G: 1.9282 | D_A: 0.0922 | D_B: 0.0277 | Cycle: 0.6770
Epoch 60/80 | Step 417350 | G: 2.5006 | D_A: 0.1238 | D_B: 0.0569 | Cycle: 0.8174
Epoch 60/80 | Step 417400 | G: 2.7925 | D_A: 0.1373 | D_B: 0.0350 | Cycle: 0.7696
Epoch 60/80 | Step 417450 | G: 2.0982 | D_A: 0.1458 | D_B: 0.1334 | Cycle: 0.9124
Epoch 60/80 | Step 417500 | G: 1.9031 | D_A: 0.1655 | D_B: 0.0742 | Cycle: 0.8108
Epoch 60/80 | Step 417550 | G: 2.1664 | D_A: 0.1254 | D_B: 0.2329 | Cycle: 0.7019
Epoch 60/80 | Step 417600 | G: 1.8026 | D_A: 0.2722 | D_B: 0.0749 | Cycle: 0.6419
Epoch 60/80 | Step 417650 | G: 2.1846 | D_A: 0.2494 | D_B: 0.0925 | Cycle: 0.7010
Epoch 60/80 | Step 417700 | G: 2.7055 | D_A: 0.0865 | D_B: 0.0339 | Cycle: 0.8534
Epoch 60/80 | Step 417750 | G: 1.8506 | D_A: 0.0746 | D_B: 0.0953 | Cycle: 0.6612
Epoch 60/80 | Step 417800 | G: 2.6302 | D_A: 0.0468 | D_B: 0.1210 | Cycle: 0.8721
Epoch 60/80 | Step 417850 | G: 1.9186 | D_A: 0.2414 | D_B: 0.0903 | Cycle: 0.7715
Epoch 60/80 | Step 417900 | G: 1.7349 | D_A: 0.0903 | D_B: 0.1721 | Cycle: 0.7010
Epoch 60/80 | Step 417950 | G: 2.3940 | D_A: 0.0696 | D_B: 0.0666 | Cycle: 0.8234
Epoch 60/80 | Step 418000 | G: 2.5767 | D_A: 0.0594 | D_B: 0.0325 | Cycle: 0.6850
Epoch 60/80 | Step 418050 | G: 2.5227 | D_A: 0.2468 | D_B: 0.1101 | Cycle: 0.8228
Epoch 60/80 | Step 418100 | G: 1.7703 | D_A: 0.1571 | D_B: 0.1264 | Cycle: 0.7029
Epoch 60/80 | Step 418150 | G: 2.3847 | D_A: 0.0385 | D_B: 0.0574 | Cycle: 0.7883
Epoch 60/80 | Step 418200 | G: 1.6442 | D_A: 0.1534 | D_B: 0.0811 | Cycle: 0.6035
Epoch 60/80 | Step 418250 | G: 2.7339 | D_A: 0.0576 | D_B: 0.0474 | Cycle: 0.8122
Epoch 60/80 | Step 418300 | G: 2.6864 | D_A: 0.0385 | D_B: 0.1365 | Cycle: 1.0338
Epoch 60/80 | Step 418350 | G: 2.4782 | D_A: 0.0949 | D_B: 0.1188 | Cycle: 0.8683
Epoch 60/80 | Step 418400 | G: 2.6711 | D_A: 0.0995 | D_B: 0.0356 | Cycle: 0.9016
Epoch 60/80 | Step 418450 | G: 2.2547 | D_A: 0.0605 | D_B: 0.0554 | Cycle: 0.9237
Epoch 60/80 | Step 418500 | G: 1.8258 | D_A: 0.0874 | D_B: 0.1375 | Cycle: 0.8086
Epoch 60/80 | Step 418550 | G: 2.0647 | D_A: 0.0819 | D_B: 0.1054 | Cycle: 0.8079
Epoch 60/80 | Step 418600 | G: 2.3202 | D_A: 0.1655 | D_B: 0.0606 | Cycle: 1.0077
Epoch 60/80 | Step 418650 | G: 2.0848 | D_A: 0.1098 | D_B: 0.0789 | Cycle: 0.7950
Epoch 60/80 | Step 418700 | G: 1.9986 | D_A: 0.0504 | D_B: 0.0803 | Cycle: 0.7157
Epoch 60/80 | Step 418750 | G: 2.4897 | D_A: 0.0832 | D_B: 0.1537 | Cycle: 0.8394
Epoch 60/80 | Step 418800 | G: 2.0459 | D_A: 0.1121 | D_B: 0.1467 | Cycle: 0.6661
Epoch 60/80 | Step 418850 | G: 2.4035 | D_A: 0.1409 | D_B: 0.0939 | Cycle: 0.6828
Epoch 60/80 | Step 418900 | G: 1.5092 | D_A: 0.1456 | D_B: 0.0698 | Cycle: 0.6536
Epoch 60/80 | Step 418950 | G: 2.2001 | D_A: 0.0522 | D_B: 0.1161 | Cycle: 0.6819
Epoch 60/80 | Step 419000 | G: 2.5799 | D_A: 0.0506 | D_B: 0.0447 | Cycle: 0.8347
Epoch 60/80 | Step 419050 | G: 2.4082 | D_A: 0.1175 | D_B: 0.0846 | Cycle: 1.0429
Epoch 60/80 | Step 419100 | G: 3.1478 | D_A: 0.0665 | D_B: 0.0655 | Cycle: 0.9185
Epoch 60/80 | Step 419150 | G: 2.0356 | D_A: 0.0836 | D_B: 0.1222 | Cycle: 0.7862
Epoch 60/80 | Step 419200 | G: 2.3175 | D_A: 0.1197 | D_B: 0.0870 | Cycle: 0.7942
Epoch 60/80 | Step 419250 | G: 2.2403 | D_A: 0.1286 | D_B: 0.2394 | Cycle: 0.7826
Epoch 60/80 | Step 419300 | G: 2.4170 | D_A: 0.0670 | D_B: 0.0470 | Cycle: 0.7797
Epoch 60/80 | Step 419350 | G: 2.7440 | D_A: 0.0342 | D_B: 0.0502 | Cycle: 0.7686
Epoch 60/80 | Step 419400 | G: 2.6451 | D_A: 0.1189 | D_B: 0.0335 | Cycle: 0.8475
Epoch 60/80 | Step 419450 | G: 2.0911 | D_A: 0.0801 | D_B: 0.1383 | Cycle: 0.7907
Epoch 60/80 | Step 419500 | G: 2.5229 | D_A: 0.0594 | D_B: 0.0434 | Cycle: 0.8250
Epoch 60/80 | Step 419550 | G: 3.0178 | D_A: 0.1770 | D_B: 0.0604 | Cycle: 0.7932
Epoch 60/80 | Step 419600 | G: 2.4957 | D_A: 0.0624 | D_B: 0.0939 | Cycle: 0.9041
Epoch 60/80 | Step 419650 | G: 2.5462 | D_A: 0.0637 | D_B: 0.0405 | Cycle: 0.8630
Epoch 60/80 | Step 419700 | G: 2.0963 | D_A: 0.0875 | D_B: 0.0828 | Cycle: 0.6386
Epoch 60/80 | Step 419750 | G: 2.5378 | D_A: 0.1000 | D_B: 0.1372 | Cycle: 0.8310
Epoch 60/80 | Step 419800 | G: 2.0299 | D_A: 0.0939 | D_B: 0.0369 | Cycle: 0.7385
Epoch 60/80 | Step 419850 | G: 1.6129 | D_A: 0.1798 | D_B: 0.1164 | Cycle: 0.6329
Epoch 60/80 | Step 419900 | G: 2.5298 | D_A: 0.1816 | D_B: 0.0913 | Cycle: 0.9800
Epoch 60/80 | Step 419950 | G: 2.1216 | D_A: 0.1412 | D_B: 0.0839 | Cycle: 0.8423
Epoch 60/80 | Step 420000 | G: 2.0633 | D_A: 0.0762 | D_B: 0.0542 | Cycle: 0.8246
Epoch 60/80 | Step 420050 | G: 1.8157 | D_A: 0.0457 | D_B: 0.0764 | Cycle: 0.7158
Epoch 60/80 | Step 420100 | G: 2.0532 | D_A: 0.1264 | D_B: 0.0988 | Cycle: 0.7179
Epoch 60/80 | Step 420150 | G: 2.1259 | D_A: 0.0605 | D_B: 0.0813 | Cycle: 0.5847
Epoch 60/80 | Step 420200 | G: 2.4816 | D_A: 0.0695 | D_B: 0.0739 | Cycle: 0.7458
Epoch 60/80 | Step 420250 | G: 3.0711 | D_A: 0.0488 | D_B: 0.1339 | Cycle: 0.8005
Epoch 60/80 | Step 420300 | G: 2.8011 | D_A: 0.0202 | D_B: 0.1214 | Cycle: 0.7292
Epoch 60/80 | Step 420350 | G: 2.6735 | D_A: 0.0215 | D_B: 0.0423 | Cycle: 0.8729
Epoch 60/80 | Step 420400 | G: 3.2169 | D_A: 0.1044 | D_B: 0.0977 | Cycle: 1.1646
Epoch 60/80 | Step 420450 | G: 1.8416 | D_A: 0.0985 | D_B: 0.0458 | Cycle: 0.5376
Epoch 60/80 | Step 420500 | G: 2.3804 | D_A: 0.0498 | D_B: 0.0498 | Cycle: 0.6949
Epoch 60/80 | Step 420550 | G: 1.5801 | D_A: 0.0529 | D_B: 0.2348 | Cycle: 0.7379
Epoch 60/80 | Step 420600 | G: 2.0866 | D_A: 0.0316 | D_B: 0.1373 | Cycle: 0.9792
Epoch 60/80 | Step 420650 | G: 2.3137 | D_A: 0.0425 | D_B: 0.1328 | Cycle: 0.5775
Epoch 60/80 | Step 420700 | G: 2.6767 | D_A: 0.1487 | D_B: 0.0839 | Cycle: 0.8053
Epoch 60/80 | Step 420750 | G: 2.8695 | D_A: 0.0605 | D_B: 0.0344 | Cycle: 0.8921
Epoch 60/80 | Step 420800 | G: 2.3476 | D_A: 0.0837 | D_B: 0.0487 | Cycle: 0.6712
Epoch 60/80 | Step 420850 | G: 2.0556 | D_A: 0.1156 | D_B: 0.0556 | Cycle: 0.6573
Epoch 60/80 | Step 420900 | G: 2.3855 | D_A: 0.1234 | D_B: 0.1071 | Cycle: 0.9025
Epoch 60/80 | Step 420950 | G: 2.0121 | D_A: 0.1256 | D_B: 0.0505 | Cycle: 0.7060
Epoch 60/80 | Step 421000 | G: 2.1344 | D_A: 0.0561 | D_B: 0.1090 | Cycle: 0.8051
Epoch 60/80 | Step 421050 | G: 2.1695 | D_A: 0.1205 | D_B: 0.0521 | Cycle: 0.6368
Epoch 60/80 | Step 421100 | G: 2.3778 | D_A: 0.1183 | D_B: 0.1337 | Cycle: 0.8773
Epoch 60/80 | Step 421150 | G: 2.2543 | D_A: 0.2225 | D_B: 0.0440 | Cycle: 0.6926
Epoch 60/80 | Step 421200 | G: 2.4204 | D_A: 0.0401 | D_B: 0.0841 | Cycle: 0.8392
Epoch 60/80 | Step 421250 | G: 2.1456 | D_A: 0.2209 | D_B: 0.0935 | Cycle: 0.7555
Epoch 60/80 | Step 421300 | G: 2.0043 | D_A: 0.0455 | D_B: 0.0855 | Cycle: 0.6695
Epoch 60/80 | Step 421350 | G: 2.0565 | D_A: 0.1330 | D_B: 0.2073 | Cycle: 0.8091
Epoch 60/80 | Step 421400 | G: 2.4930 | D_A: 0.0823 | D_B: 0.0539 | Cycle: 0.5657
Epoch 60/80 | Step 421450 | G: 2.6995 | D_A: 0.2369 | D_B: 0.0542 | Cycle: 0.6792
Epoch 60/80 | Step 421500 | G: 1.6465 | D_A: 0.1134 | D_B: 0.0856 | Cycle: 0.7171
Epoch 60/80 | Step 421550 | G: 2.5082 | D_A: 0.0221 | D_B: 0.0937 | Cycle: 0.7068
Epoch 60/80 | Step 421600 | G: 3.0131 | D_A: 0.0457 | D_B: 0.0844 | Cycle: 0.9565
Epoch 60/80 | Step 421650 | G: 2.3870 | D_A: 0.0600 | D_B: 0.2052 | Cycle: 0.6549
Epoch 60/80 | Step 421700 | G: 2.7276 | D_A: 0.0800 | D_B: 0.0204 | Cycle: 0.6457
Epoch 60/80 | Step 421750 | G: 2.1400 | D_A: 0.0565 | D_B: 0.1054 | Cycle: 0.8365
Epoch 60/80 | Step 421800 | G: 1.7515 | D_A: 0.1514 | D_B: 0.1225 | Cycle: 0.8908
Epoch 60/80 | Step 421850 | G: 1.5211 | D_A: 0.1581 | D_B: 0.0826 | Cycle: 0.7127
Epoch 60/80 | Step 421900 | G: 2.1426 | D_A: 0.0966 | D_B: 0.0741 | Cycle: 0.8207
Epoch 60/80 | Step 421950 | G: 1.9872 | D_A: 0.1286 | D_B: 0.1037 | Cycle: 0.8698
Epoch 60/80 | Step 422000 | G: 2.3554 | D_A: 0.1094 | D_B: 0.1379 | Cycle: 0.8453
Epoch 60/80 | Step 422050 | G: 1.9700 | D_A: 0.0544 | D_B: 0.0339 | Cycle: 0.7779
Epoch 60/80 | Step 422100 | G: 1.5730 | D_A: 0.0898 | D_B: 0.0240 | Cycle: 0.6023
Epoch 60/80 | Step 422150 | G: 2.0474 | D_A: 0.1146 | D_B: 0.0959 | Cycle: 0.6629
Epoch 60/80 | Step 422200 | G: 2.4892 | D_A: 0.1209 | D_B: 0.1206 | Cycle: 0.9400
Epoch 60/80 | Step 422250 | G: 2.5531 | D_A: 0.0669 | D_B: 0.0383 | Cycle: 0.7973
Epoch 60/80 complete | Time: 429s | Avg G: 2.3789 | Avg D: 0.0979
Saved checkpoint: /content/drive/MyDrive/DATA266_Lab1/task3_gan/shreya_akotiya/checkpoints/t3_shreya_unet_128_20261002_023102_epoch060.pt
Epoch 61/80 | Step 422300 | G: 2.6955 | D_A: 0.0962 | D_B: 0.0447 | Cycle: 0.9184
Epoch 61/80 | Step 422350 | G: 2.3785 | D_A: 0.1207 | D_B: 0.0388 | Cycle: 0.7298
Epoch 61/80 | Step 422400 | G: 1.9177 | D_A: 0.0998 | D_B: 0.1338 | Cycle: 0.7229
Epoch 61/80 | Step 422450 | G: 2.6241 | D_A: 0.0996 | D_B: 0.0454 | Cycle: 0.7983
Epoch 61/80 | Step 422500 | G: 2.6262 | D_A: 0.1473 | D_B: 0.1076 | Cycle: 1.1694
Epoch 61/80 | Step 422550 | G: 2.7838 | D_A: 0.0584 | D_B: 0.1349 | Cycle: 0.9671
Epoch 61/80 | Step 422600 | G: 2.6515 | D_A: 0.0341 | D_B: 0.1088 | Cycle: 0.8868
Epoch 61/80 | Step 422650 | G: 2.2736 | D_A: 0.0909 | D_B: 0.0887 | Cycle: 0.8295
Epoch 61/80 | Step 422700 | G: 2.3011 | D_A: 0.1001 | D_B: 0.0494 | Cycle: 0.7856
Epoch 61/80 | Step 422750 | G: 1.7757 | D_A: 0.1272 | D_B: 0.1614 | Cycle: 0.6840
Epoch 61/80 | Step 422800 | G: 2.0974 | D_A: 0.1014 | D_B: 0.0580 | Cycle: 0.9871
Epoch 61/80 | Step 422850 | G: 2.1112 | D_A: 0.0756 | D_B: 0.1104 | Cycle: 0.5806
Epoch 61/80 | Step 422900 | G: 2.3444 | D_A: 0.1689 | D_B: 0.1512 | Cycle: 0.7153
Epoch 61/80 | Step 422950 | G: 2.2849 | D_A: 0.0921 | D_B: 0.1602 | Cycle: 0.9452
Epoch 61/80 | Step 423000 | G: 2.0499 | D_A: 0.1270 | D_B: 0.0522 | Cycle: 0.6049
Epoch 61/80 | Step 423050 | G: 2.5440 | D_A: 0.0601 | D_B: 0.0814 | Cycle: 0.6344
Epoch 61/80 | Step 423100 | G: 2.1611 | D_A: 0.0558 | D_B: 0.1419 | Cycle: 0.6639
Epoch 61/80 | Step 423150 | G: 3.1394 | D_A: 0.1092 | D_B: 0.1601 | Cycle: 1.0387
Epoch 61/80 | Step 423200 | G: 3.2353 | D_A: 0.0833 | D_B: 0.0374 | Cycle: 1.0528
Epoch 61/80 | Step 423250 | G: 1.8438 | D_A: 0.3179 | D_B: 0.0397 | Cycle: 0.7783
Epoch 61/80 | Step 423300 | G: 1.7514 | D_A: 0.1766 | D_B: 0.1046 | Cycle: 0.5856
Epoch 61/80 | Step 423350 | G: 2.5833 | D_A: 0.0702 | D_B: 0.0699 | Cycle: 0.6395
Epoch 61/80 | Step 423400 | G: 2.2866 | D_A: 0.1191 | D_B: 0.1009 | Cycle: 0.7381
Epoch 61/80 | Step 423450 | G: 1.7793 | D_A: 0.1702 | D_B: 0.0886 | Cycle: 0.8340
Epoch 61/80 | Step 423500 | G: 2.5392 | D_A: 0.2363 | D_B: 0.0278 | Cycle: 0.7609
Epoch 61/80 | Step 423550 | G: 2.0985 | D_A: 0.0460 | D_B: 0.1821 | Cycle: 0.7221
Epoch 61/80 | Step 423600 | G: 2.3566 | D_A: 0.1392 | D_B: 0.0705 | Cycle: 0.9140
Epoch 61/80 | Step 423650 | G: 4.0327 | D_A: 0.1978 | D_B: 0.1019 | Cycle: 1.2605
Epoch 61/80 | Step 423700 | G: 2.2937 | D_A: 0.2318 | D_B: 0.1009 | Cycle: 0.9053
Epoch 61/80 | Step 423750 | G: 2.1141 | D_A: 0.0546 | D_B: 0.1442 | Cycle: 0.6623
Epoch 61/80 | Step 423800 | G: 2.0884 | D_A: 0.0998 | D_B: 0.0770 | Cycle: 0.7479
Epoch 61/80 | Step 423850 | G: 1.8607 | D_A: 0.1720 | D_B: 0.0809 | Cycle: 0.7248
Epoch 61/80 | Step 423900 | G: 2.1367 | D_A: 0.1067 | D_B: 0.0520 | Cycle: 0.7247
Epoch 61/80 | Step 423950 | G: 1.9398 | D_A: 0.0963 | D_B: 0.0804 | Cycle: 0.6452
Epoch 61/80 | Step 424000 | G: 2.4542 | D_A: 0.3366 | D_B: 0.0671 | Cycle: 0.6506
Epoch 61/80 | Step 424050 | G: 2.4522 | D_A: 0.1329 | D_B: 0.0981 | Cycle: 0.5897
Epoch 61/80 | Step 424100 | G: 2.1188 | D_A: 0.1814 | D_B: 0.0936 | Cycle: 0.6617
Epoch 61/80 | Step 424150 | G: 2.8469 | D_A: 0.0369 | D_B: 0.0630 | Cycle: 0.8247
Epoch 61/80 | Step 424200 | G: 2.1796 | D_A: 0.0925 | D_B: 0.0412 | Cycle: 0.6550
Epoch 61/80 | Step 424250 | G: 2.2605 | D_A: 0.0410 | D_B: 0.0366 | Cycle: 0.9145
Epoch 61/80 | Step 424300 | G: 2.5168 | D_A: 0.0898 | D_B: 0.0559 | Cycle: 0.9865
Epoch 61/80 | Step 424350 | G: 2.0621 | D_A: 0.2391 | D_B: 0.1403 | Cycle: 0.6175
Epoch 61/80 | Step 424400 | G: 2.5316 | D_A: 0.0715 | D_B: 0.0354 | Cycle: 0.8033
Epoch 61/80 | Step 424450 | G: 2.0017 | D_A: 0.0562 | D_B: 0.0405 | Cycle: 0.6815
Epoch 61/80 | Step 424500 | G: 2.2964 | D_A: 0.1537 | D_B: 0.0436 | Cycle: 0.8252
Epoch 61/80 | Step 424550 | G: 1.6764 | D_A: 0.1533 | D_B: 0.1023 | Cycle: 0.6443
Epoch 61/80 | Step 424600 | G: 2.0917 | D_A: 0.0387 | D_B: 0.1083 | Cycle: 0.6932
Epoch 61/80 | Step 424650 | G: 2.2792 | D_A: 0.1811 | D_B: 0.0593 | Cycle: 0.6759
Epoch 61/80 | Step 424700 | G: 3.3524 | D_A: 0.0561 | D_B: 0.0530 | Cycle: 0.8037
Epoch 61/80 | Step 424750 | G: 3.1375 | D_A: 0.1305 | D_B: 0.0377 | Cycle: 1.4089
Epoch 61/80 | Step 424800 | G: 2.6061 | D_A: 0.1360 | D_B: 0.0835 | Cycle: 0.6732
Epoch 61/80 | Step 424850 | G: 3.1296 | D_A: 0.0675 | D_B: 0.0726 | Cycle: 0.9572
Epoch 61/80 | Step 424900 | G: 1.6344 | D_A: 0.0857 | D_B: 0.0924 | Cycle: 0.5458
Epoch 61/80 | Step 424950 | G: 2.3897 | D_A: 0.0691 | D_B: 0.0704 | Cycle: 0.7585
Epoch 61/80 | Step 425000 | G: 1.9810 | D_A: 0.2046 | D_B: 0.1413 | Cycle: 0.7931
Epoch 61/80 | Step 425050 | G: 2.4640 | D_A: 0.1194 | D_B: 0.0533 | Cycle: 0.8256
Epoch 61/80 | Step 425100 | G: 2.6556 | D_A: 0.0859 | D_B: 0.0320 | Cycle: 0.8547
Epoch 61/80 | Step 425150 | G: 3.7412 | D_A: 0.0753 | D_B: 0.0416 | Cycle: 1.1986
Epoch 61/80 | Step 425200 | G: 2.7356 | D_A: 0.0606 | D_B: 0.1707 | Cycle: 0.7225
Epoch 61/80 | Step 425250 | G: 2.1902 | D_A: 0.0895 | D_B: 0.0324 | Cycle: 0.8532
Epoch 61/80 | Step 425300 | G: 2.4233 | D_A: 0.1242 | D_B: 0.0631 | Cycle: 0.9580
Epoch 61/80 | Step 425350 | G: 2.2012 | D_A: 0.1349 | D_B: 0.0747 | Cycle: 0.6485
Epoch 61/80 | Step 425400 | G: 2.3864 | D_A: 0.0558 | D_B: 0.1356 | Cycle: 1.0130
Epoch 61/80 | Step 425450 | G: 1.5079 | D_A: 0.0607 | D_B: 0.1595 | Cycle: 0.5977
Epoch 61/80 | Step 425500 | G: 1.9392 | D_A: 0.0686 | D_B: 0.0764 | Cycle: 0.6767
Epoch 61/80 | Step 425550 | G: 2.3144 | D_A: 0.0644 | D_B: 0.0354 | Cycle: 0.6496
Epoch 61/80 | Step 425600 | G: 1.5969 | D_A: 0.0667 | D_B: 0.1114 | Cycle: 0.6122
Epoch 61/80 | Step 425650 | G: 1.4600 | D_A: 0.0866 | D_B: 0.3118 | Cycle: 0.6611
Epoch 61/80 | Step 425700 | G: 3.1810 | D_A: 0.0570 | D_B: 0.0349 | Cycle: 1.0288
Epoch 61/80 | Step 425750 | G: 2.4464 | D_A: 0.0634 | D_B: 0.0533 | Cycle: 0.7750
Epoch 61/80 | Step 425800 | G: 2.2435 | D_A: 0.0583 | D_B: 0.0453 | Cycle: 0.7508
Epoch 61/80 | Step 425850 | G: 3.0091 | D_A: 0.0819 | D_B: 0.0932 | Cycle: 1.0265
Epoch 61/80 | Step 425900 | G: 2.9717 | D_A: 0.0293 | D_B: 0.0264 | Cycle: 0.9868
Epoch 61/80 | Step 425950 | G: 2.3175 | D_A: 0.1192 | D_B: 0.0742 | Cycle: 0.9615
Epoch 61/80 | Step 426000 | G: 2.6031 | D_A: 0.0617 | D_B: 0.0349 | Cycle: 0.9005
Epoch 61/80 | Step 426050 | G: 2.2049 | D_A: 0.1620 | D_B: 0.0406 | Cycle: 0.7194
Epoch 61/80 | Step 426100 | G: 2.8084 | D_A: 0.0746 | D_B: 0.0426 | Cycle: 0.7237
Epoch 61/80 | Step 426150 | G: 2.6738 | D_A: 0.0482 | D_B: 0.1294 | Cycle: 1.1250
Epoch 61/80 | Step 426200 | G: 3.4299 | D_A: 0.0744 | D_B: 0.0331 | Cycle: 1.1129
Epoch 61/80 | Step 426250 | G: 2.5798 | D_A: 0.0512 | D_B: 0.0883 | Cycle: 0.8476
Epoch 61/80 | Step 426300 | G: 2.4313 | D_A: 0.0943 | D_B: 0.0652 | Cycle: 0.7791
Epoch 61/80 | Step 426350 | G: 2.8440 | D_A: 0.0545 | D_B: 0.0504 | Cycle: 0.8009
Epoch 61/80 | Step 426400 | G: 2.5367 | D_A: 0.0645 | D_B: 0.0485 | Cycle: 0.7470
Epoch 61/80 | Step 426450 | G: 1.7776 | D_A: 0.0756 | D_B: 0.0880 | Cycle: 0.5736
Epoch 61/80 | Step 426500 | G: 2.5980 | D_A: 0.0916 | D_B: 0.0907 | Cycle: 0.6792
Epoch 61/80 | Step 426550 | G: 1.9683 | D_A: 0.1164 | D_B: 0.1024 | Cycle: 0.7664
Epoch 61/80 | Step 426600 | G: 2.0044 | D_A: 0.0343 | D_B: 0.0507 | Cycle: 0.7293
Epoch 61/80 | Step 426650 | G: 2.7554 | D_A: 0.2157 | D_B: 0.0747 | Cycle: 0.6625
Epoch 61/80 | Step 426700 | G: 1.8313 | D_A: 0.0992 | D_B: 0.1024 | Cycle: 0.6435
Epoch 61/80 | Step 426750 | G: 2.6627 | D_A: 0.0994 | D_B: 0.0769 | Cycle: 0.8453
Epoch 61/80 | Step 426800 | G: 2.5419 | D_A: 0.0982 | D_B: 0.0797 | Cycle: 0.6387
Epoch 61/80 | Step 426850 | G: 2.2456 | D_A: 0.0627 | D_B: 0.0342 | Cycle: 0.7318
Epoch 61/80 | Step 426900 | G: 2.4500 | D_A: 0.1160 | D_B: 0.1018 | Cycle: 0.9670
Epoch 61/80 | Step 426950 | G: 2.2923 | D_A: 0.1318 | D_B: 0.0849 | Cycle: 0.6401
Epoch 61/80 | Step 427000 | G: 1.9935 | D_A: 0.3377 | D_B: 0.1454 | Cycle: 0.7321
Epoch 61/80 | Step 427050 | G: 2.9016 | D_A: 0.0545 | D_B: 0.0890 | Cycle: 0.8926
Epoch 61/80 | Step 427100 | G: 2.7359 | D_A: 0.1968 | D_B: 0.0471 | Cycle: 0.8073
Epoch 61/80 | Step 427150 | G: 2.3975 | D_A: 0.2078 | D_B: 0.1209 | Cycle: 0.8819
Epoch 61/80 | Step 427200 | G: 2.5417 | D_A: 0.0495 | D_B: 0.0636 | Cycle: 0.6929
Epoch 61/80 | Step 427250 | G: 2.2866 | D_A: 0.0693 | D_B: 0.1742 | Cycle: 0.6198
Epoch 61/80 | Step 427300 | G: 2.6286 | D_A: 0.0929 | D_B: 0.0487 | Cycle: 0.8335
Epoch 61/80 | Step 427350 | G: 3.0335 | D_A: 0.0909 | D_B: 0.0865 | Cycle: 0.9963
Epoch 61/80 | Step 427400 | G: 2.5175 | D_A: 0.0748 | D_B: 0.0650 | Cycle: 0.7266
Epoch 61/80 | Step 427450 | G: 2.6205 | D_A: 0.0579 | D_B: 0.1097 | Cycle: 0.7857
Epoch 61/80 | Step 427500 | G: 2.2259 | D_A: 0.0743 | D_B: 0.0504 | Cycle: 0.6883
Epoch 61/80 | Step 427550 | G: 2.3458 | D_A: 0.0770 | D_B: 0.0473 | Cycle: 0.8775
Epoch 61/80 | Step 427600 | G: 2.4023 | D_A: 0.1093 | D_B: 0.0677 | Cycle: 0.7412
Epoch 61/80 | Step 427650 | G: 1.6314 | D_A: 0.1208 | D_B: 0.1252 | Cycle: 0.5984
Epoch 61/80 | Step 427700 | G: 1.8355 | D_A: 0.0922 | D_B: 0.1059 | Cycle: 0.6990
Epoch 61/80 | Step 427750 | G: 2.8980 | D_A: 0.0367 | D_B: 0.0678 | Cycle: 0.8962
Epoch 61/80 | Step 427800 | G: 2.2175 | D_A: 0.1224 | D_B: 0.1320 | Cycle: 0.7289
Epoch 61/80 | Step 427850 | G: 2.1337 | D_A: 0.0406 | D_B: 0.0707 | Cycle: 0.7805
Epoch 61/80 | Step 427900 | G: 2.8916 | D_A: 0.0733 | D_B: 0.0367 | Cycle: 1.0008
Epoch 61/80 | Step 427950 | G: 2.2049 | D_A: 0.0481 | D_B: 0.0370 | Cycle: 0.7993
Epoch 61/80 | Step 428000 | G: 3.0493 | D_A: 0.1842 | D_B: 0.1285 | Cycle: 0.9024
Epoch 61/80 | Step 428050 | G: 1.7005 | D_A: 0.1471 | D_B: 0.2418 | Cycle: 0.7972
Epoch 61/80 | Step 428100 | G: 1.8449 | D_A: 0.0426 | D_B: 0.1131 | Cycle: 0.5762
Epoch 61/80 | Step 428150 | G: 1.9952 | D_A: 0.0870 | D_B: 0.1217 | Cycle: 0.6175
Epoch 61/80 | Step 428200 | G: 2.1481 | D_A: 0.1046 | D_B: 0.1236 | Cycle: 0.6556
Epoch 61/80 | Step 428250 | G: 3.0065 | D_A: 0.0467 | D_B: 0.0432 | Cycle: 0.9555
Epoch 61/80 | Step 428300 | G: 2.1002 | D_A: 0.0813 | D_B: 0.0589 | Cycle: 0.6766
Epoch 61/80 | Step 428350 | G: 2.5329 | D_A: 0.0930 | D_B: 0.2462 | Cycle: 0.7294
Epoch 61/80 | Step 428400 | G: 3.0382 | D_A: 0.0532 | D_B: 0.0750 | Cycle: 0.7220
Epoch 61/80 | Step 428450 | G: 3.2104 | D_A: 0.0867 | D_B: 0.0867 | Cycle: 1.0070
Epoch 61/80 | Step 428500 | G: 2.5393 | D_A: 0.0572 | D_B: 0.0917 | Cycle: 0.8678
Epoch 61/80 | Step 428550 | G: 2.4558 | D_A: 0.0202 | D_B: 0.1060 | Cycle: 0.6780
Epoch 61/80 | Step 428600 | G: 2.0220 | D_A: 0.3330 | D_B: 0.0569 | Cycle: 0.6692
Epoch 61/80 | Step 428650 | G: 2.8105 | D_A: 0.0404 | D_B: 0.1610 | Cycle: 1.0603
Epoch 61/80 | Step 428700 | G: 2.2150 | D_A: 0.1474 | D_B: 0.2346 | Cycle: 0.7007
Epoch 61/80 | Step 428750 | G: 2.3525 | D_A: 0.0582 | D_B: 0.0671 | Cycle: 0.7926
Epoch 61/80 | Step 428800 | G: 2.9814 | D_A: 0.0664 | D_B: 0.0624 | Cycle: 0.9209
Epoch 61/80 | Step 428850 | G: 1.8772 | D_A: 0.1062 | D_B: 0.0869 | Cycle: 0.6760
Epoch 61/80 | Step 428900 | G: 2.5042 | D_A: 0.2500 | D_B: 0.1405 | Cycle: 0.6553
Epoch 61/80 | Step 428950 | G: 2.0819 | D_A: 0.0500 | D_B: 0.0711 | Cycle: 0.8019
Epoch 61/80 | Step 429000 | G: 2.2626 | D_A: 0.0931 | D_B: 0.0994 | Cycle: 0.7861
Epoch 61/80 | Step 429050 | G: 2.8245 | D_A: 0.0424 | D_B: 0.0328 | Cycle: 0.8587
Epoch 61/80 | Step 429100 | G: 2.5500 | D_A: 0.0490 | D_B: 0.0762 | Cycle: 0.8095
Epoch 61/80 | Step 429150 | G: 2.8105 | D_A: 0.0552 | D_B: 0.1246 | Cycle: 1.0938
Epoch 61/80 | Step 429200 | G: 2.2877 | D_A: 0.0911 | D_B: 0.0908 | Cycle: 0.7289
Epoch 61/80 | Step 429250 | G: 2.4536 | D_A: 0.2640 | D_B: 0.0884 | Cycle: 0.6870
Epoch 61/80 | Step 429300 | G: 2.1164 | D_A: 0.0431 | D_B: 0.0736 | Cycle: 0.7706
Epoch 61/80 complete | Time: 425s | Avg G: 2.3757 | Avg D: 0.0973
Epoch 62/80 | Step 429350 | G: 2.9369 | D_A: 0.0603 | D_B: 0.0306 | Cycle: 0.6996
Epoch 62/80 | Step 429400 | G: 2.2009 | D_A: 0.1977 | D_B: 0.1528 | Cycle: 0.8102
Epoch 62/80 | Step 429450 | G: 2.3819 | D_A: 0.1019 | D_B: 0.0623 | Cycle: 0.7965
Epoch 62/80 | Step 429500 | G: 2.4633 | D_A: 0.0483 | D_B: 0.0504 | Cycle: 0.8464
Epoch 62/80 | Step 429550 | G: 2.3164 | D_A: 0.0698 | D_B: 0.0482 | Cycle: 0.7523
Epoch 62/80 | Step 429600 | G: 2.8788 | D_A: 0.0888 | D_B: 0.0425 | Cycle: 0.7770
Epoch 62/80 | Step 429650 | G: 2.5289 | D_A: 0.0499 | D_B: 0.0885 | Cycle: 0.7030
Epoch 62/80 | Step 429700 | G: 1.8758 | D_A: 0.1687 | D_B: 0.1528 | Cycle: 0.7336
Epoch 62/80 | Step 429750 | G: 2.3886 | D_A: 0.0492 | D_B: 0.1236 | Cycle: 0.7612
Epoch 62/80 | Step 429800 | G: 2.5917 | D_A: 0.1355 | D_B: 0.0894 | Cycle: 1.0563
Epoch 62/80 | Step 429850 | G: 2.1594 | D_A: 0.1948 | D_B: 0.1963 | Cycle: 0.5891
Epoch 62/80 | Step 429900 | G: 2.4513 | D_A: 0.0680 | D_B: 0.0848 | Cycle: 0.8353
Epoch 62/80 | Step 429950 | G: 2.4872 | D_A: 0.0834 | D_B: 0.0303 | Cycle: 0.6743
Epoch 62/80 | Step 430000 | G: 2.1187 | D_A: 0.1641 | D_B: 0.0619 | Cycle: 0.7847
Epoch 62/80 | Step 430050 | G: 2.1099 | D_A: 0.0706 | D_B: 0.0556 | Cycle: 0.8116
Epoch 62/80 | Step 430100 | G: 2.5650 | D_A: 0.0616 | D_B: 0.0525 | Cycle: 0.9824
Epoch 62/80 | Step 430150 | G: 1.8175 | D_A: 0.1127 | D_B: 0.1254 | Cycle: 0.7076
Epoch 62/80 | Step 430200 | G: 1.8931 | D_A: 0.1331 | D_B: 0.0707 | Cycle: 0.6284
Epoch 62/80 | Step 430250 | G: 3.1291 | D_A: 0.0745 | D_B: 0.0854 | Cycle: 0.8991
Epoch 62/80 | Step 430300 | G: 2.8774 | D_A: 0.2225 | D_B: 0.0512 | Cycle: 0.7903
Epoch 62/80 | Step 430350 | G: 2.7421 | D_A: 0.0453 | D_B: 0.0629 | Cycle: 0.8406
Epoch 62/80 | Step 430400 | G: 2.9108 | D_A: 0.0336 | D_B: 0.1233 | Cycle: 0.6622
Epoch 62/80 | Step 430450 | G: 2.4255 | D_A: 0.0365 | D_B: 0.0877 | Cycle: 0.8041
Epoch 62/80 | Step 430500 | G: 1.6183 | D_A: 0.0785 | D_B: 0.0938 | Cycle: 0.6931
Epoch 62/80 | Step 430550 | G: 1.8373 | D_A: 0.0532 | D_B: 0.2004 | Cycle: 0.8195
Epoch 62/80 | Step 430600 | G: 1.8543 | D_A: 0.1476 | D_B: 0.0675 | Cycle: 0.7030
Epoch 62/80 | Step 430650 | G: 2.7682 | D_A: 0.0733 | D_B: 0.0229 | Cycle: 0.7976
Epoch 62/80 | Step 430700 | G: 2.0217 | D_A: 0.1104 | D_B: 0.0527 | Cycle: 0.7346
Epoch 62/80 | Step 430750 | G: 3.1763 | D_A: 0.0531 | D_B: 0.0882 | Cycle: 0.8321
Epoch 62/80 | Step 430800 | G: 2.2961 | D_A: 0.0930 | D_B: 0.1627 | Cycle: 0.7413
Epoch 62/80 | Step 430850 | G: 2.8650 | D_A: 0.0582 | D_B: 0.0438 | Cycle: 0.9906
Epoch 62/80 | Step 430900 | G: 2.2194 | D_A: 0.1551 | D_B: 0.1098 | Cycle: 0.9783
Epoch 62/80 | Step 430950 | G: 1.7890 | D_A: 0.1244 | D_B: 0.0674 | Cycle: 0.7726
Epoch 62/80 | Step 431000 | G: 1.9528 | D_A: 0.1868 | D_B: 0.0820 | Cycle: 0.7465
Epoch 62/80 | Step 431050 | G: 2.4555 | D_A: 0.0593 | D_B: 0.0452 | Cycle: 0.7482
Epoch 62/80 | Step 431100 | G: 2.2711 | D_A: 0.0742 | D_B: 0.0669 | Cycle: 0.6617
Epoch 62/80 | Step 431150 | G: 2.4680 | D_A: 0.0449 | D_B: 0.1020 | Cycle: 0.8444
Epoch 62/80 | Step 431200 | G: 2.5978 | D_A: 0.0597 | D_B: 0.1613 | Cycle: 0.8643
Epoch 62/80 | Step 431250 | G: 2.6586 | D_A: 0.0508 | D_B: 0.0896 | Cycle: 0.7597
Epoch 62/80 | Step 431300 | G: 2.6720 | D_A: 0.1388 | D_B: 0.0409 | Cycle: 0.9876
Epoch 62/80 | Step 431350 | G: 2.4528 | D_A: 0.1000 | D_B: 0.0871 | Cycle: 0.9111
Epoch 62/80 | Step 431400 | G: 2.8097 | D_A: 0.0451 | D_B: 0.0485 | Cycle: 0.6807
Epoch 62/80 | Step 431450 | G: 2.3255 | D_A: 0.0944 | D_B: 0.1370 | Cycle: 0.9085
Epoch 62/80 | Step 431500 | G: 2.6741 | D_A: 0.0771 | D_B: 0.0598 | Cycle: 0.7633
Epoch 62/80 | Step 431550 | G: 2.5702 | D_A: 0.0338 | D_B: 0.1091 | Cycle: 0.9265
Epoch 62/80 | Step 431600 | G: 2.4465 | D_A: 0.1530 | D_B: 0.0544 | Cycle: 0.6895
Epoch 62/80 | Step 431650 | G: 1.8486 | D_A: 0.1635 | D_B: 0.1175 | Cycle: 0.7296
Epoch 62/80 | Step 431700 | G: 1.9115 | D_A: 0.0449 | D_B: 0.1098 | Cycle: 0.7715
Epoch 62/80 | Step 431750 | G: 2.9421 | D_A: 0.0496 | D_B: 0.0638 | Cycle: 0.9288
Epoch 62/80 | Step 431800 | G: 2.3658 | D_A: 0.1939 | D_B: 0.0490 | Cycle: 0.7572
Epoch 62/80 | Step 431850 | G: 2.3092 | D_A: 0.0945 | D_B: 0.0640 | Cycle: 0.9218
Epoch 62/80 | Step 431900 | G: 2.0248 | D_A: 0.1928 | D_B: 0.0639 | Cycle: 0.9264
Epoch 62/80 | Step 431950 | G: 2.5171 | D_A: 0.1479 | D_B: 0.0690 | Cycle: 1.0230
Epoch 62/80 | Step 432000 | G: 2.1790 | D_A: 0.1179 | D_B: 0.0503 | Cycle: 0.7378
Epoch 62/80 | Step 432050 | G: 2.5987 | D_A: 0.1147 | D_B: 0.0721 | Cycle: 0.8575
Epoch 62/80 | Step 432100 | G: 1.6378 | D_A: 0.1390 | D_B: 0.0978 | Cycle: 0.5146
Epoch 62/80 | Step 432150 | G: 2.1700 | D_A: 0.0971 | D_B: 0.0558 | Cycle: 0.5676
Epoch 62/80 | Step 432200 | G: 2.6462 | D_A: 0.1074 | D_B: 0.1853 | Cycle: 0.7751
Epoch 62/80 | Step 432250 | G: 2.5364 | D_A: 0.1695 | D_B: 0.0745 | Cycle: 0.9933
Epoch 62/80 | Step 432300 | G: 1.9568 | D_A: 0.1419 | D_B: 0.1210 | Cycle: 0.5541
Epoch 62/80 | Step 432350 | G: 1.8309 | D_A: 0.0803 | D_B: 0.2279 | Cycle: 0.6776
Epoch 62/80 | Step 432400 | G: 2.6763 | D_A: 0.0512 | D_B: 0.0970 | Cycle: 0.9141
Epoch 62/80 | Step 432450 | G: 2.6179 | D_A: 0.1275 | D_B: 0.0754 | Cycle: 1.0197
Epoch 62/80 | Step 432500 | G: 2.1428 | D_A: 0.1084 | D_B: 0.0552 | Cycle: 0.7272
Epoch 62/80 | Step 432550 | G: 2.0015 | D_A: 0.0924 | D_B: 0.0797 | Cycle: 0.7238
Epoch 62/80 | Step 432600 | G: 1.7262 | D_A: 0.1178 | D_B: 0.1031 | Cycle: 0.7474
Epoch 62/80 | Step 432650 | G: 2.5616 | D_A: 0.1137 | D_B: 0.0494 | Cycle: 0.8237
Epoch 62/80 | Step 432700 | G: 2.1524 | D_A: 0.2010 | D_B: 0.2232 | Cycle: 0.6128
Epoch 62/80 | Step 432750 | G: 2.3581 | D_A: 0.1039 | D_B: 0.1360 | Cycle: 0.7798
Epoch 62/80 | Step 432800 | G: 2.7606 | D_A: 0.1387 | D_B: 0.1563 | Cycle: 0.7555
Epoch 62/80 | Step 432850 | G: 2.6866 | D_A: 0.1356 | D_B: 0.0625 | Cycle: 0.8325
Epoch 62/80 | Step 432900 | G: 2.6651 | D_A: 0.0581 | D_B: 0.0478 | Cycle: 0.7684
Epoch 62/80 | Step 432950 | G: 2.2304 | D_A: 0.0353 | D_B: 0.0313 | Cycle: 0.7236
Epoch 62/80 | Step 433000 | G: 2.9237 | D_A: 0.1203 | D_B: 0.1641 | Cycle: 0.8030
Epoch 62/80 | Step 433050 | G: 2.5275 | D_A: 0.1351 | D_B: 0.1343 | Cycle: 0.9573
Epoch 62/80 | Step 433100 | G: 2.9376 | D_A: 0.1838 | D_B: 0.0770 | Cycle: 1.0311
Epoch 62/80 | Step 433150 | G: 2.6797 | D_A: 0.0862 | D_B: 0.1216 | Cycle: 0.7473
Epoch 62/80 | Step 433200 | G: 2.1936 | D_A: 0.0589 | D_B: 0.0568 | Cycle: 0.7222
Epoch 62/80 | Step 433250 | G: 2.6072 | D_A: 0.0913 | D_B: 0.0777 | Cycle: 0.9492
Epoch 62/80 | Step 433300 | G: 2.5650 | D_A: 0.0585 | D_B: 0.0637 | Cycle: 0.7327
Epoch 62/80 | Step 433350 | G: 2.0430 | D_A: 0.0969 | D_B: 0.0991 | Cycle: 0.7003
Epoch 62/80 | Step 433400 | G: 2.0897 | D_A: 0.0632 | D_B: 0.1045 | Cycle: 0.6319
Epoch 62/80 | Step 433450 | G: 2.2788 | D_A: 0.1139 | D_B: 0.1014 | Cycle: 0.8385
Epoch 62/80 | Step 433500 | G: 1.9954 | D_A: 0.0775 | D_B: 0.0282 | Cycle: 0.6489
Epoch 62/80 | Step 433550 | G: 1.9707 | D_A: 0.1279 | D_B: 0.0782 | Cycle: 0.6772
Epoch 62/80 | Step 433600 | G: 1.9095 | D_A: 0.1055 | D_B: 0.1139 | Cycle: 0.6257
Epoch 62/80 | Step 433650 | G: 2.2910 | D_A: 0.2084 | D_B: 0.1572 | Cycle: 0.8166
Epoch 62/80 | Step 433700 | G: 2.0448 | D_A: 0.1549 | D_B: 0.0628 | Cycle: 0.8753
Epoch 62/80 | Step 433750 | G: 2.5382 | D_A: 0.0438 | D_B: 0.0772 | Cycle: 0.7325
Epoch 62/80 | Step 433800 | G: 2.1360 | D_A: 0.0575 | D_B: 0.0423 | Cycle: 0.6370
Epoch 62/80 | Step 433850 | G: 2.6403 | D_A: 0.0499 | D_B: 0.0584 | Cycle: 0.5861
Epoch 62/80 | Step 433900 | G: 3.0881 | D_A: 0.0635 | D_B: 0.1445 | Cycle: 1.0252
Epoch 62/80 | Step 433950 | G: 2.4332 | D_A: 0.0852 | D_B: 0.0451 | Cycle: 0.8531
Epoch 62/80 | Step 434000 | G: 2.2492 | D_A: 0.1633 | D_B: 0.1033 | Cycle: 0.8881
Epoch 62/80 | Step 434050 | G: 2.4543 | D_A: 0.0317 | D_B: 0.0738 | Cycle: 0.8057
Epoch 62/80 | Step 434100 | G: 2.9161 | D_A: 0.0674 | D_B: 0.0733 | Cycle: 0.8424
Epoch 62/80 | Step 434150 | G: 2.7556 | D_A: 0.1721 | D_B: 0.1765 | Cycle: 0.9616
Epoch 62/80 | Step 434200 | G: 2.3840 | D_A: 0.0697 | D_B: 0.0319 | Cycle: 0.7557
Epoch 62/80 | Step 434250 | G: 1.9407 | D_A: 0.1631 | D_B: 0.0847 | Cycle: 0.8076
Epoch 62/80 | Step 434300 | G: 1.8478 | D_A: 0.2854 | D_B: 0.0872 | Cycle: 0.7223
Epoch 62/80 | Step 434350 | G: 1.9638 | D_A: 0.1793 | D_B: 0.0499 | Cycle: 0.6733
Epoch 62/80 | Step 434400 | G: 2.3935 | D_A: 0.1121 | D_B: 0.0445 | Cycle: 1.0618
Epoch 62/80 | Step 434450 | G: 2.5025 | D_A: 0.1346 | D_B: 0.1307 | Cycle: 0.8343
Epoch 62/80 | Step 434500 | G: 2.4445 | D_A: 0.2596 | D_B: 0.0548 | Cycle: 0.7190
Epoch 62/80 | Step 434550 | G: 2.1012 | D_A: 0.2315 | D_B: 0.2464 | Cycle: 1.1465
Epoch 62/80 | Step 434600 | G: 2.2577 | D_A: 0.0729 | D_B: 0.0532 | Cycle: 0.9452
Epoch 62/80 | Step 434650 | G: 1.9931 | D_A: 0.1120 | D_B: 0.1301 | Cycle: 0.7495
Epoch 62/80 | Step 434700 | G: 2.1421 | D_A: 0.1449 | D_B: 0.0769 | Cycle: 0.5767
Epoch 62/80 | Step 434750 | G: 2.5147 | D_A: 0.0655 | D_B: 0.0424 | Cycle: 1.0980
Epoch 62/80 | Step 434800 | G: 1.8102 | D_A: 0.0771 | D_B: 0.0771 | Cycle: 0.6815
Epoch 62/80 | Step 434850 | G: 1.9352 | D_A: 0.0371 | D_B: 0.1169 | Cycle: 0.6930
Epoch 62/80 | Step 434900 | G: 2.2820 | D_A: 0.1267 | D_B: 0.0666 | Cycle: 0.7751
Epoch 62/80 | Step 434950 | G: 1.8968 | D_A: 0.0624 | D_B: 0.0620 | Cycle: 0.6961
Epoch 62/80 | Step 435000 | G: 2.4608 | D_A: 0.1665 | D_B: 0.0281 | Cycle: 0.6727
Epoch 62/80 | Step 435050 | G: 2.1882 | D_A: 0.0612 | D_B: 0.0501 | Cycle: 0.8074
Epoch 62/80 | Step 435100 | G: 2.6767 | D_A: 0.1659 | D_B: 0.1114 | Cycle: 0.7651
Epoch 62/80 | Step 435150 | G: 2.9352 | D_A: 0.1701 | D_B: 0.0637 | Cycle: 0.8347
Epoch 62/80 | Step 435200 | G: 2.2377 | D_A: 0.0648 | D_B: 0.0773 | Cycle: 0.6576
Epoch 62/80 | Step 435250 | G: 2.1410 | D_A: 0.0687 | D_B: 0.1319 | Cycle: 0.8239
Epoch 62/80 | Step 435300 | G: 1.7090 | D_A: 0.0416 | D_B: 0.1102 | Cycle: 0.8005
Epoch 62/80 | Step 435350 | G: 2.3567 | D_A: 0.0907 | D_B: 0.0741 | Cycle: 0.7407
Epoch 62/80 | Step 435400 | G: 2.5638 | D_A: 0.1976 | D_B: 0.1115 | Cycle: 0.7099
Epoch 62/80 | Step 435450 | G: 2.3102 | D_A: 0.1173 | D_B: 0.0411 | Cycle: 0.9834
Epoch 62/80 | Step 435500 | G: 2.0555 | D_A: 0.0578 | D_B: 0.2105 | Cycle: 0.7035
Epoch 62/80 | Step 435550 | G: 1.5481 | D_A: 0.1520 | D_B: 0.1702 | Cycle: 0.7245
Epoch 62/80 | Step 435600 | G: 2.6879 | D_A: 0.0580 | D_B: 0.0335 | Cycle: 0.7804
Epoch 62/80 | Step 435650 | G: 2.8705 | D_A: 0.0973 | D_B: 0.1098 | Cycle: 0.9404
Epoch 62/80 | Step 435700 | G: 2.5823 | D_A: 0.1254 | D_B: 0.0427 | Cycle: 0.8660
Epoch 62/80 | Step 435750 | G: 2.0889 | D_A: 0.1747 | D_B: 0.0653 | Cycle: 0.9349
Epoch 62/80 | Step 435800 | G: 2.1872 | D_A: 0.1783 | D_B: 0.0507 | Cycle: 0.6079
Epoch 62/80 | Step 435850 | G: 2.9343 | D_A: 0.0419 | D_B: 0.1633 | Cycle: 0.9624
Epoch 62/80 | Step 435900 | G: 1.9686 | D_A: 0.0636 | D_B: 0.0444 | Cycle: 0.7418
Epoch 62/80 | Step 435950 | G: 3.0519 | D_A: 0.0766 | D_B: 0.0638 | Cycle: 0.9746
Epoch 62/80 | Step 436000 | G: 2.2869 | D_A: 0.0575 | D_B: 0.0861 | Cycle: 0.7083
Epoch 62/80 | Step 436050 | G: 2.6267 | D_A: 0.2529 | D_B: 0.0513 | Cycle: 1.0519
Epoch 62/80 | Step 436100 | G: 3.1096 | D_A: 0.1319 | D_B: 0.1639 | Cycle: 0.9412
Epoch 62/80 | Step 436150 | G: 2.7862 | D_A: 0.0823 | D_B: 0.1929 | Cycle: 0.8451
Epoch 62/80 | Step 436200 | G: 2.2550 | D_A: 0.1288 | D_B: 0.0713 | Cycle: 0.8416
Epoch 62/80 | Step 436250 | G: 2.5234 | D_A: 0.0282 | D_B: 0.1345 | Cycle: 0.8584
Epoch 62/80 | Step 436300 | G: 2.2433 | D_A: 0.2789 | D_B: 0.0457 | Cycle: 0.8302
Epoch 62/80 | Step 436350 | G: 1.9516 | D_A: 0.0702 | D_B: 0.1046 | Cycle: 0.8193
Epoch 62/80 complete | Time: 430s | Avg G: 2.3683 | Avg D: 0.0972
Epoch 63/80 | Step 436400 | G: 2.1435 | D_A: 0.1283 | D_B: 0.1066 | Cycle: 0.8768
Epoch 63/80 | Step 436450 | G: 1.7778 | D_A: 0.0853 | D_B: 0.0985 | Cycle: 0.7270
Epoch 63/80 | Step 436500 | G: 1.9393 | D_A: 0.1173 | D_B: 0.0433 | Cycle: 0.7367
Epoch 63/80 | Step 436550 | G: 2.9646 | D_A: 0.0439 | D_B: 0.0480 | Cycle: 0.8927
Epoch 63/80 | Step 436600 | G: 2.0418 | D_A: 0.0943 | D_B: 0.0819 | Cycle: 0.8430
Epoch 63/80 | Step 436650 | G: 2.5085 | D_A: 0.1386 | D_B: 0.0376 | Cycle: 0.8275
Epoch 63/80 | Step 436700 | G: 1.9180 | D_A: 0.0471 | D_B: 0.1386 | Cycle: 0.7596
Epoch 63/80 | Step 436750 | G: 1.9935 | D_A: 0.1382 | D_B: 0.0551 | Cycle: 0.5973
Epoch 63/80 | Step 436800 | G: 2.2392 | D_A: 0.0328 | D_B: 0.0677 | Cycle: 0.8067
Epoch 63/80 | Step 436850 | G: 2.6133 | D_A: 0.0470 | D_B: 0.0617 | Cycle: 0.7689
Epoch 63/80 | Step 436900 | G: 2.5048 | D_A: 0.1666 | D_B: 0.0973 | Cycle: 0.9270
Epoch 63/80 | Step 436950 | G: 2.4590 | D_A: 0.0571 | D_B: 0.0921 | Cycle: 0.8193
Epoch 63/80 | Step 437000 | G: 2.1275 | D_A: 0.1818 | D_B: 0.0477 | Cycle: 0.7047
Epoch 63/80 | Step 437050 | G: 1.8085 | D_A: 0.0890 | D_B: 0.1846 | Cycle: 0.7551
Epoch 63/80 | Step 437100 | G: 2.6112 | D_A: 0.1104 | D_B: 0.1163 | Cycle: 0.7277
Epoch 63/80 | Step 437150 | G: 1.9310 | D_A: 0.1307 | D_B: 0.1352 | Cycle: 0.6952
Epoch 63/80 | Step 437200 | G: 1.8777 | D_A: 0.2219 | D_B: 0.0741 | Cycle: 0.8838
Epoch 63/80 | Step 437250 | G: 1.9214 | D_A: 0.0642 | D_B: 0.1170 | Cycle: 0.5756
Epoch 63/80 | Step 437300 | G: 1.9593 | D_A: 0.0767 | D_B: 0.1716 | Cycle: 0.8361
Epoch 63/80 | Step 437350 | G: 2.1902 | D_A: 0.1196 | D_B: 0.2205 | Cycle: 0.6759
Epoch 63/80 | Step 437400 | G: 2.5855 | D_A: 0.1512 | D_B: 0.1558 | Cycle: 0.9306
Epoch 63/80 | Step 437450 | G: 2.3302 | D_A: 0.1599 | D_B: 0.0830 | Cycle: 0.8328
Epoch 63/80 | Step 437500 | G: 2.0846 | D_A: 0.0726 | D_B: 0.0248 | Cycle: 0.5707
Epoch 63/80 | Step 437550 | G: 2.4507 | D_A: 0.1215 | D_B: 0.1044 | Cycle: 0.7164
Epoch 63/80 | Step 437600 | G: 2.0883 | D_A: 0.1273 | D_B: 0.0576 | Cycle: 0.7880
Epoch 63/80 | Step 437650 | G: 1.9537 | D_A: 0.0829 | D_B: 0.1368 | Cycle: 0.7080
Epoch 63/80 | Step 437700 | G: 2.0160 | D_A: 0.0408 | D_B: 0.1695 | Cycle: 0.6495
Epoch 63/80 | Step 437750 | G: 1.7346 | D_A: 0.1117 | D_B: 0.1218 | Cycle: 0.5987
Epoch 63/80 | Step 437800 | G: 2.6131 | D_A: 0.0484 | D_B: 0.0349 | Cycle: 0.8219
Epoch 63/80 | Step 437850 | G: 2.6970 | D_A: 0.0773 | D_B: 0.1533 | Cycle: 0.7641
Epoch 63/80 | Step 437900 | G: 2.0005 | D_A: 0.0658 | D_B: 0.0787 | Cycle: 0.6665
Epoch 63/80 | Step 437950 | G: 2.7742 | D_A: 0.0689 | D_B: 0.0364 | Cycle: 0.8278
Epoch 63/80 | Step 438000 | G: 2.1880 | D_A: 0.0763 | D_B: 0.0757 | Cycle: 0.6673
Epoch 63/80 | Step 438050 | G: 2.3523 | D_A: 0.0530 | D_B: 0.0496 | Cycle: 0.7522
Epoch 63/80 | Step 438100 | G: 2.0827 | D_A: 0.1689 | D_B: 0.0615 | Cycle: 0.7111
Epoch 63/80 | Step 438150 | G: 1.8955 | D_A: 0.1501 | D_B: 0.1001 | Cycle: 0.8897
Epoch 63/80 | Step 438200 | G: 2.9280 | D_A: 0.0290 | D_B: 0.0352 | Cycle: 0.7463
Epoch 63/80 | Step 438250 | G: 2.1925 | D_A: 0.0563 | D_B: 0.1580 | Cycle: 0.9193
Epoch 63/80 | Step 438300 | G: 3.0464 | D_A: 0.0690 | D_B: 0.0871 | Cycle: 0.9618
Epoch 63/80 | Step 438350 | G: 2.2683 | D_A: 0.0916 | D_B: 0.1241 | Cycle: 1.0425
Epoch 63/80 | Step 438400 | G: 2.7711 | D_A: 0.0842 | D_B: 0.0799 | Cycle: 1.1447
Epoch 63/80 | Step 438450 | G: 2.4076 | D_A: 0.2464 | D_B: 0.1669 | Cycle: 0.7530
Epoch 63/80 | Step 438500 | G: 2.6599 | D_A: 0.1769 | D_B: 0.0404 | Cycle: 0.9136
Epoch 63/80 | Step 438550 | G: 2.2468 | D_A: 0.1765 | D_B: 0.0717 | Cycle: 0.7168
Epoch 63/80 | Step 438600 | G: 2.9663 | D_A: 0.1294 | D_B: 0.0401 | Cycle: 0.9446
Epoch 63/80 | Step 438650 | G: 1.7501 | D_A: 0.2742 | D_B: 0.1408 | Cycle: 0.6000
Epoch 63/80 | Step 438700 | G: 2.2831 | D_A: 0.1087 | D_B: 0.0631 | Cycle: 0.6758
Epoch 63/80 | Step 438750 | G: 2.1327 | D_A: 0.1244 | D_B: 0.0378 | Cycle: 0.8036
Epoch 63/80 | Step 438800 | G: 3.1566 | D_A: 0.0855 | D_B: 0.0834 | Cycle: 0.9189
Epoch 63/80 | Step 438850 | G: 2.0860 | D_A: 0.1138 | D_B: 0.1005 | Cycle: 0.7508
Epoch 63/80 | Step 438900 | G: 2.2443 | D_A: 0.0601 | D_B: 0.0726 | Cycle: 0.8291
Epoch 63/80 | Step 438950 | G: 2.1427 | D_A: 0.0506 | D_B: 0.0983 | Cycle: 0.5912
Epoch 63/80 | Step 439000 | G: 1.9400 | D_A: 0.0897 | D_B: 0.1028 | Cycle: 0.8720
Epoch 63/80 | Step 439050 | G: 2.3961 | D_A: 0.1164 | D_B: 0.0509 | Cycle: 0.9737
Epoch 63/80 | Step 439100 | G: 1.8258 | D_A: 0.0363 | D_B: 0.1734 | Cycle: 0.6259
Epoch 63/80 | Step 439150 | G: 2.2177 | D_A: 0.1067 | D_B: 0.1273 | Cycle: 0.6202
Epoch 63/80 | Step 439200 | G: 1.9892 | D_A: 0.1201 | D_B: 0.0669 | Cycle: 0.7470
Epoch 63/80 | Step 439250 | G: 2.6766 | D_A: 0.1365 | D_B: 0.0635 | Cycle: 0.8313
Epoch 63/80 | Step 439300 | G: 2.4456 | D_A: 0.4427 | D_B: 0.0658 | Cycle: 0.8185
Epoch 63/80 | Step 439350 | G: 2.2370 | D_A: 0.1961 | D_B: 0.0572 | Cycle: 0.7122
Epoch 63/80 | Step 439400 | G: 2.4184 | D_A: 0.0744 | D_B: 0.1252 | Cycle: 0.8595
Epoch 63/80 | Step 439450 | G: 2.1736 | D_A: 0.1735 | D_B: 0.0678 | Cycle: 0.7951
Epoch 63/80 | Step 439500 | G: 2.1566 | D_A: 0.1455 | D_B: 0.1134 | Cycle: 0.8307
Epoch 63/80 | Step 439550 | G: 1.6181 | D_A: 0.1706 | D_B: 0.0972 | Cycle: 0.6777
Epoch 63/80 | Step 439600 | G: 2.2732 | D_A: 0.0499 | D_B: 0.0761 | Cycle: 0.7804
Epoch 63/80 | Step 439650 | G: 2.3281 | D_A: 0.0541 | D_B: 0.0396 | Cycle: 0.7626
Epoch 63/80 | Step 439700 | G: 1.9864 | D_A: 0.1544 | D_B: 0.0667 | Cycle: 0.6846
Epoch 63/80 | Step 439750 | G: 2.8670 | D_A: 0.0515 | D_B: 0.0820 | Cycle: 0.8596
Epoch 63/80 | Step 439800 | G: 2.6901 | D_A: 0.0984 | D_B: 0.1292 | Cycle: 0.7351
Epoch 63/80 | Step 439850 | G: 1.8596 | D_A: 0.1087 | D_B: 0.0569 | Cycle: 0.8150
Epoch 63/80 | Step 439900 | G: 2.4881 | D_A: 0.0428 | D_B: 0.0538 | Cycle: 0.7030
Epoch 63/80 | Step 439950 | G: 2.3691 | D_A: 0.1533 | D_B: 0.0597 | Cycle: 0.8045
Epoch 63/80 | Step 440000 | G: 2.5516 | D_A: 0.1055 | D_B: 0.0615 | Cycle: 0.7739
Epoch 63/80 | Step 440050 | G: 2.2154 | D_A: 0.0887 | D_B: 0.0605 | Cycle: 0.7609
Epoch 63/80 | Step 440100 | G: 2.8193 | D_A: 0.0697 | D_B: 0.0529 | Cycle: 0.8257
Epoch 63/80 | Step 440150 | G: 2.2126 | D_A: 0.0786 | D_B: 0.0697 | Cycle: 0.7235
Epoch 63/80 | Step 440200 | G: 2.4944 | D_A: 0.0591 | D_B: 0.0638 | Cycle: 0.6882
Epoch 63/80 | Step 440250 | G: 3.0908 | D_A: 0.1079 | D_B: 0.0813 | Cycle: 1.0493
Epoch 63/80 | Step 440300 | G: 1.4945 | D_A: 0.1911 | D_B: 0.0833 | Cycle: 0.5710
Epoch 63/80 | Step 440350 | G: 2.6132 | D_A: 0.0699 | D_B: 0.0555 | Cycle: 0.9637
Epoch 63/80 | Step 440400 | G: 2.3250 | D_A: 0.0503 | D_B: 0.0456 | Cycle: 0.8854
Epoch 63/80 | Step 440450 | G: 2.4943 | D_A: 0.0772 | D_B: 0.0755 | Cycle: 0.7302
Epoch 63/80 | Step 440500 | G: 2.3496 | D_A: 0.0800 | D_B: 0.2114 | Cycle: 0.5891
Epoch 63/80 | Step 440550 | G: 3.5022 | D_A: 0.1145 | D_B: 0.0674 | Cycle: 1.1867
Epoch 63/80 | Step 440600 | G: 2.8480 | D_A: 0.0320 | D_B: 0.1025 | Cycle: 0.9118
Epoch 63/80 | Step 440650 | G: 2.5019 | D_A: 0.0465 | D_B: 0.0580 | Cycle: 0.8408
Epoch 63/80 | Step 440700 | G: 2.1240 | D_A: 0.1015 | D_B: 0.0414 | Cycle: 0.6375
Epoch 63/80 | Step 440750 | G: 2.4477 | D_A: 0.0488 | D_B: 0.0702 | Cycle: 0.7771
Epoch 63/80 | Step 440800 | G: 2.2036 | D_A: 0.1336 | D_B: 0.0647 | Cycle: 0.6310
Epoch 63/80 | Step 440850 | G: 1.9957 | D_A: 0.0720 | D_B: 0.2217 | Cycle: 0.7390
Epoch 63/80 | Step 440900 | G: 2.2959 | D_A: 0.0855 | D_B: 0.0580 | Cycle: 0.8054
Epoch 63/80 | Step 440950 | G: 2.0006 | D_A: 0.0557 | D_B: 0.1241 | Cycle: 0.6345
Epoch 63/80 | Step 441000 | G: 2.4548 | D_A: 0.0984 | D_B: 0.0494 | Cycle: 1.0990
Epoch 63/80 | Step 441050 | G: 2.7240 | D_A: 0.0579 | D_B: 0.1120 | Cycle: 0.7817
Epoch 63/80 | Step 441100 | G: 1.7672 | D_A: 0.0509 | D_B: 0.1107 | Cycle: 0.5441
Epoch 63/80 | Step 441150 | G: 2.3697 | D_A: 0.1373 | D_B: 0.1250 | Cycle: 0.5747
Epoch 63/80 | Step 441200 | G: 1.6080 | D_A: 0.2222 | D_B: 0.1059 | Cycle: 0.6962
Epoch 63/80 | Step 441250 | G: 2.6885 | D_A: 0.1079 | D_B: 0.0663 | Cycle: 0.6526
Epoch 63/80 | Step 441300 | G: 2.2389 | D_A: 0.0419 | D_B: 0.1279 | Cycle: 0.8315
Epoch 63/80 | Step 441350 | G: 2.6143 | D_A: 0.0966 | D_B: 0.0594 | Cycle: 0.9370
Epoch 63/80 | Step 441400 | G: 2.5422 | D_A: 0.0360 | D_B: 0.0491 | Cycle: 0.9445
Epoch 63/80 | Step 441450 | G: 2.1417 | D_A: 0.0345 | D_B: 0.0911 | Cycle: 0.5595
Epoch 63/80 | Step 441500 | G: 2.2428 | D_A: 0.1391 | D_B: 0.0631 | Cycle: 0.7927
Epoch 63/80 | Step 441550 | G: 2.9211 | D_A: 0.0528 | D_B: 0.0603 | Cycle: 1.0431
Epoch 63/80 | Step 441600 | G: 2.8725 | D_A: 0.2798 | D_B: 0.0475 | Cycle: 0.9417
Epoch 63/80 | Step 441650 | G: 2.1802 | D_A: 0.1219 | D_B: 0.0918 | Cycle: 0.7627
Epoch 63/80 | Step 441700 | G: 2.6096 | D_A: 0.0306 | D_B: 0.1982 | Cycle: 0.8083
Epoch 63/80 | Step 441750 | G: 2.5352 | D_A: 0.0489 | D_B: 0.1134 | Cycle: 1.1004
Epoch 63/80 | Step 441800 | G: 2.1766 | D_A: 0.3169 | D_B: 0.0535 | Cycle: 0.8807
Epoch 63/80 | Step 441850 | G: 2.4348 | D_A: 0.1587 | D_B: 0.0635 | Cycle: 0.7483
Epoch 63/80 | Step 441900 | G: 2.7305 | D_A: 0.1153 | D_B: 0.0816 | Cycle: 0.9210
Epoch 63/80 | Step 441950 | G: 2.5352 | D_A: 0.0760 | D_B: 0.0468 | Cycle: 0.9576
Epoch 63/80 | Step 442000 | G: 2.7047 | D_A: 0.0671 | D_B: 0.1257 | Cycle: 0.7404
Epoch 63/80 | Step 442050 | G: 3.0049 | D_A: 0.0584 | D_B: 0.0462 | Cycle: 1.0948
Epoch 63/80 | Step 442100 | G: 1.7510 | D_A: 0.1114 | D_B: 0.1009 | Cycle: 0.6849
Epoch 63/80 | Step 442150 | G: 1.9608 | D_A: 0.0457 | D_B: 0.0916 | Cycle: 0.7522
Epoch 63/80 | Step 442200 | G: 2.2691 | D_A: 0.0592 | D_B: 0.1754 | Cycle: 0.6841
Epoch 63/80 | Step 442250 | G: 2.6392 | D_A: 0.0457 | D_B: 0.1456 | Cycle: 0.5856
Epoch 63/80 | Step 442300 | G: 2.3697 | D_A: 0.1371 | D_B: 0.0838 | Cycle: 0.7147
Epoch 63/80 | Step 442350 | G: 2.3284 | D_A: 0.0809 | D_B: 0.1489 | Cycle: 0.7308
Epoch 63/80 | Step 442400 | G: 2.0362 | D_A: 0.1181 | D_B: 0.0607 | Cycle: 0.6954
Epoch 63/80 | Step 442450 | G: 2.0698 | D_A: 0.0770 | D_B: 0.0292 | Cycle: 0.6559
Epoch 63/80 | Step 442500 | G: 2.5285 | D_A: 0.0902 | D_B: 0.0840 | Cycle: 1.0869
Epoch 63/80 | Step 442550 | G: 2.6742 | D_A: 0.0749 | D_B: 0.0356 | Cycle: 0.8220
Epoch 63/80 | Step 442600 | G: 2.1115 | D_A: 0.2061 | D_B: 0.1255 | Cycle: 0.6073
Epoch 63/80 | Step 442650 | G: 2.3092 | D_A: 0.0660 | D_B: 0.0757 | Cycle: 0.8738
Epoch 63/80 | Step 442700 | G: 1.9881 | D_A: 0.0505 | D_B: 0.1783 | Cycle: 0.6614
Epoch 63/80 | Step 442750 | G: 2.3436 | D_A: 0.0698 | D_B: 0.0779 | Cycle: 0.7770
Epoch 63/80 | Step 442800 | G: 2.1740 | D_A: 0.1100 | D_B: 0.1357 | Cycle: 0.6355
Epoch 63/80 | Step 442850 | G: 1.7489 | D_A: 0.2556 | D_B: 0.0810 | Cycle: 0.6614
Epoch 63/80 | Step 442900 | G: 1.9251 | D_A: 0.1556 | D_B: 0.0568 | Cycle: 0.7911
Epoch 63/80 | Step 442950 | G: 2.6318 | D_A: 0.0760 | D_B: 0.0447 | Cycle: 0.7917
Epoch 63/80 | Step 443000 | G: 2.1067 | D_A: 0.2205 | D_B: 0.1214 | Cycle: 0.6609
Epoch 63/80 | Step 443050 | G: 3.0329 | D_A: 0.1267 | D_B: 0.0913 | Cycle: 1.0958
Epoch 63/80 | Step 443100 | G: 2.9427 | D_A: 0.1370 | D_B: 0.0376 | Cycle: 0.7481
Epoch 63/80 | Step 443150 | G: 1.8654 | D_A: 0.0988 | D_B: 0.0802 | Cycle: 0.6736
Epoch 63/80 | Step 443200 | G: 2.1353 | D_A: 0.1819 | D_B: 0.0639 | Cycle: 0.8764
Epoch 63/80 | Step 443250 | G: 2.1256 | D_A: 0.0738 | D_B: 0.0505 | Cycle: 0.7804
Epoch 63/80 | Step 443300 | G: 1.9720 | D_A: 0.0650 | D_B: 0.1893 | Cycle: 0.8502
Epoch 63/80 | Step 443350 | G: 2.6675 | D_A: 0.0463 | D_B: 0.0801 | Cycle: 0.9354
Epoch 63/80 complete | Time: 439s | Avg G: 2.3831 | Avg D: 0.0960
Epoch 64/80 | Step 443400 | G: 2.4809 | D_A: 0.0697 | D_B: 0.0746 | Cycle: 0.8726
Epoch 64/80 | Step 443450 | G: 2.8301 | D_A: 0.0366 | D_B: 0.0622 | Cycle: 0.9694
Epoch 64/80 | Step 443500 | G: 2.2244 | D_A: 0.0518 | D_B: 0.1427 | Cycle: 0.7678
Epoch 64/80 | Step 443550 | G: 2.5271 | D_A: 0.0396 | D_B: 0.0561 | Cycle: 0.7952
Epoch 64/80 | Step 443600 | G: 2.2392 | D_A: 0.0931 | D_B: 0.0767 | Cycle: 0.6601
Epoch 64/80 | Step 443650 | G: 2.4334 | D_A: 0.1443 | D_B: 0.0336 | Cycle: 0.7946
Epoch 64/80 | Step 443700 | G: 2.6628 | D_A: 0.0344 | D_B: 0.2022 | Cycle: 0.7694
Epoch 64/80 | Step 443750 | G: 2.4797 | D_A: 0.0742 | D_B: 0.0525 | Cycle: 0.8478
Epoch 64/80 | Step 443800 | G: 2.3431 | D_A: 0.0549 | D_B: 0.0752 | Cycle: 0.8600
Epoch 64/80 | Step 443850 | G: 1.8341 | D_A: 0.1678 | D_B: 0.0871 | Cycle: 0.6197
Epoch 64/80 | Step 443900 | G: 2.8183 | D_A: 0.0547 | D_B: 0.0926 | Cycle: 0.8723
Epoch 64/80 | Step 443950 | G: 2.0761 | D_A: 0.0648 | D_B: 0.1287 | Cycle: 0.7158
Epoch 64/80 | Step 444000 | G: 2.1781 | D_A: 0.1292 | D_B: 0.0971 | Cycle: 0.6885
Epoch 64/80 | Step 444050 | G: 2.5610 | D_A: 0.2420 | D_B: 0.1151 | Cycle: 0.8689
Epoch 64/80 | Step 444100 | G: 2.1786 | D_A: 0.0467 | D_B: 0.1383 | Cycle: 0.6509
Epoch 64/80 | Step 444150 | G: 1.7504 | D_A: 0.0932 | D_B: 0.0533 | Cycle: 0.6607
Epoch 64/80 | Step 444200 | G: 2.5732 | D_A: 0.0320 | D_B: 0.0374 | Cycle: 0.9041
Epoch 64/80 | Step 444250 | G: 2.3539 | D_A: 0.2051 | D_B: 0.0793 | Cycle: 0.7695
Epoch 64/80 | Step 444300 | G: 2.4057 | D_A: 0.0983 | D_B: 0.0599 | Cycle: 0.7814
Epoch 64/80 | Step 444350 | G: 2.7100 | D_A: 0.0566 | D_B: 0.1019 | Cycle: 0.9126
Epoch 64/80 | Step 444400 | G: 1.9988 | D_A: 0.0867 | D_B: 0.0396 | Cycle: 0.7344
Epoch 64/80 | Step 444450 | G: 2.5414 | D_A: 0.0647 | D_B: 0.0479 | Cycle: 0.8305
Epoch 64/80 | Step 444500 | G: 2.1307 | D_A: 0.0288 | D_B: 0.0426 | Cycle: 0.6670
Epoch 64/80 | Step 444550 | G: 2.6742 | D_A: 0.0849 | D_B: 0.1383 | Cycle: 0.7752
Epoch 64/80 | Step 444600 | G: 2.3749 | D_A: 0.0729 | D_B: 0.1523 | Cycle: 0.7839
Epoch 64/80 | Step 444650 | G: 2.4350 | D_A: 0.1820 | D_B: 0.1046 | Cycle: 0.8037
Epoch 64/80 | Step 444700 | G: 2.2099 | D_A: 0.1073 | D_B: 0.0694 | Cycle: 0.7208
Epoch 64/80 | Step 444750 | G: 1.7633 | D_A: 0.1012 | D_B: 0.1123 | Cycle: 0.7378
Epoch 64/80 | Step 444800 | G: 2.5399 | D_A: 0.0806 | D_B: 0.1272 | Cycle: 0.6430
Epoch 64/80 | Step 444850 | G: 2.5241 | D_A: 0.0966 | D_B: 0.1560 | Cycle: 0.8776
Epoch 64/80 | Step 444900 | G: 2.2690 | D_A: 0.1134 | D_B: 0.0538 | Cycle: 0.8906
Epoch 64/80 | Step 444950 | G: 2.2945 | D_A: 0.0673 | D_B: 0.0602 | Cycle: 0.7481
Epoch 64/80 | Step 445000 | G: 2.2613 | D_A: 0.1229 | D_B: 0.0651 | Cycle: 0.6666
Epoch 64/80 | Step 445050 | G: 2.3863 | D_A: 0.2887 | D_B: 0.0612 | Cycle: 0.7544
Epoch 64/80 | Step 445100 | G: 3.0717 | D_A: 0.1438 | D_B: 0.0788 | Cycle: 0.8357
Epoch 64/80 | Step 445150 | G: 2.4842 | D_A: 0.0625 | D_B: 0.0674 | Cycle: 0.7636
Epoch 64/80 | Step 445200 | G: 2.3640 | D_A: 0.0546 | D_B: 0.0425 | Cycle: 0.7680
Epoch 64/80 | Step 445250 | G: 2.6564 | D_A: 0.0773 | D_B: 0.0389 | Cycle: 0.7772
Epoch 64/80 | Step 445300 | G: 2.1755 | D_A: 0.0678 | D_B: 0.0975 | Cycle: 0.6998
Epoch 64/80 | Step 445350 | G: 2.0747 | D_A: 0.0664 | D_B: 0.0993 | Cycle: 0.6661
Epoch 64/80 | Step 445400 | G: 2.2796 | D_A: 0.1799 | D_B: 0.0894 | Cycle: 0.9674
Epoch 64/80 | Step 445450 | G: 2.5525 | D_A: 0.0653 | D_B: 0.0437 | Cycle: 0.6976
Epoch 64/80 | Step 445500 | G: 3.0604 | D_A: 0.1478 | D_B: 0.0360 | Cycle: 0.7735
Epoch 64/80 | Step 445550 | G: 2.9931 | D_A: 0.1323 | D_B: 0.0872 | Cycle: 0.8321
Epoch 64/80 | Step 445600 | G: 2.0024 | D_A: 0.1296 | D_B: 0.0654 | Cycle: 0.6015
Epoch 64/80 | Step 445650 | G: 2.9157 | D_A: 0.0908 | D_B: 0.0509 | Cycle: 0.8836
Epoch 64/80 | Step 445700 | G: 2.1746 | D_A: 0.0453 | D_B: 0.1126 | Cycle: 0.8045
Epoch 64/80 | Step 445750 | G: 2.1937 | D_A: 0.1034 | D_B: 0.0385 | Cycle: 0.7592
Epoch 64/80 | Step 445800 | G: 2.6565 | D_A: 0.0598 | D_B: 0.0957 | Cycle: 0.7161
Epoch 64/80 | Step 445850 | G: 2.7234 | D_A: 0.0609 | D_B: 0.0965 | Cycle: 0.6759
Epoch 64/80 | Step 445900 | G: 1.8962 | D_A: 0.1661 | D_B: 0.1619 | Cycle: 0.5344
Epoch 64/80 | Step 445950 | G: 2.8649 | D_A: 0.0380 | D_B: 0.0937 | Cycle: 1.0395
Epoch 64/80 | Step 446000 | G: 2.5061 | D_A: 0.1235 | D_B: 0.0536 | Cycle: 0.8356
Epoch 64/80 | Step 446050 | G: 2.5054 | D_A: 0.0943 | D_B: 0.0584 | Cycle: 0.7906
Epoch 64/80 | Step 446100 | G: 2.0588 | D_A: 0.2387 | D_B: 0.1098 | Cycle: 0.6823
Epoch 64/80 | Step 446150 | G: 2.3636 | D_A: 0.1199 | D_B: 0.0965 | Cycle: 0.7908
Epoch 64/80 | Step 446200 | G: 3.0903 | D_A: 0.0470 | D_B: 0.0827 | Cycle: 0.9808
Epoch 64/80 | Step 446250 | G: 2.2806 | D_A: 0.0537 | D_B: 0.1141 | Cycle: 0.8311
Epoch 64/80 | Step 446300 | G: 2.9271 | D_A: 0.2092 | D_B: 0.0776 | Cycle: 1.0404
Epoch 64/80 | Step 446350 | G: 2.0819 | D_A: 0.0338 | D_B: 0.0966 | Cycle: 0.6497
Epoch 64/80 | Step 446400 | G: 2.3723 | D_A: 0.0979 | D_B: 0.1949 | Cycle: 0.7757
Epoch 64/80 | Step 446450 | G: 2.1194 | D_A: 0.0598 | D_B: 0.0697 | Cycle: 0.7007
Epoch 64/80 | Step 446500 | G: 2.2818 | D_A: 0.1328 | D_B: 0.0927 | Cycle: 0.8003
Epoch 64/80 | Step 446550 | G: 2.5728 | D_A: 0.0405 | D_B: 0.0632 | Cycle: 0.7062
Epoch 64/80 | Step 446600 | G: 3.1429 | D_A: 0.0765 | D_B: 0.0315 | Cycle: 1.2367
Epoch 64/80 | Step 446650 | G: 1.8939 | D_A: 0.0445 | D_B: 0.1217 | Cycle: 0.7919
Epoch 64/80 | Step 446700 | G: 2.4305 | D_A: 0.0748 | D_B: 0.0501 | Cycle: 0.8717
Epoch 64/80 | Step 446750 | G: 1.9822 | D_A: 0.0551 | D_B: 0.1356 | Cycle: 0.9996
Epoch 64/80 | Step 446800 | G: 2.5548 | D_A: 0.0957 | D_B: 0.0728 | Cycle: 0.8335
Epoch 64/80 | Step 446850 | G: 2.1754 | D_A: 0.0515 | D_B: 0.0749 | Cycle: 0.8117
Epoch 64/80 | Step 446900 | G: 2.9789 | D_A: 0.1938 | D_B: 0.0712 | Cycle: 0.8534
Epoch 64/80 | Step 446950 | G: 2.3357 | D_A: 0.0853 | D_B: 0.0943 | Cycle: 0.6441
Epoch 64/80 | Step 447000 | G: 2.0252 | D_A: 0.2330 | D_B: 0.0264 | Cycle: 0.8181
Epoch 64/80 | Step 447050 | G: 1.9422 | D_A: 0.1169 | D_B: 0.0747 | Cycle: 0.6304
Epoch 64/80 | Step 447100 | G: 2.8603 | D_A: 0.0535 | D_B: 0.0283 | Cycle: 0.6862
Epoch 64/80 | Step 447150 | G: 2.7909 | D_A: 0.0445 | D_B: 0.0531 | Cycle: 0.6555
Epoch 64/80 | Step 447200 | G: 2.2257 | D_A: 0.1400 | D_B: 0.1418 | Cycle: 0.9012
Epoch 64/80 | Step 447250 | G: 2.7531 | D_A: 0.0581 | D_B: 0.0444 | Cycle: 0.8894
Epoch 64/80 | Step 447300 | G: 1.8829 | D_A: 0.1098 | D_B: 0.1739 | Cycle: 0.6736
Epoch 64/80 | Step 447350 | G: 3.3305 | D_A: 0.0470 | D_B: 0.1447 | Cycle: 0.9031
Epoch 64/80 | Step 447400 | G: 2.4651 | D_A: 0.1993 | D_B: 0.0588 | Cycle: 0.9493
Epoch 64/80 | Step 447450 | G: 2.6083 | D_A: 0.1148 | D_B: 0.1214 | Cycle: 0.9271
Epoch 64/80 | Step 447500 | G: 2.2329 | D_A: 0.1202 | D_B: 0.0615 | Cycle: 0.6900
Epoch 64/80 | Step 447550 | G: 1.5942 | D_A: 0.1729 | D_B: 0.1868 | Cycle: 0.6645
Epoch 64/80 | Step 447600 | G: 1.8095 | D_A: 0.0760 | D_B: 0.1763 | Cycle: 0.7004
Epoch 64/80 | Step 447650 | G: 1.6049 | D_A: 0.2645 | D_B: 0.0809 | Cycle: 0.6254
Epoch 64/80 | Step 447700 | G: 1.9903 | D_A: 0.0925 | D_B: 0.0967 | Cycle: 0.6645
Epoch 64/80 | Step 447750 | G: 2.0220 | D_A: 0.2390 | D_B: 0.0598 | Cycle: 0.9003
Epoch 64/80 | Step 447800 | G: 1.9858 | D_A: 0.0427 | D_B: 0.0624 | Cycle: 0.7345
Epoch 64/80 | Step 447850 | G: 2.6363 | D_A: 0.0892 | D_B: 0.0683 | Cycle: 0.7024
Epoch 64/80 | Step 447900 | G: 2.7076 | D_A: 0.0423 | D_B: 0.0290 | Cycle: 0.8458
Epoch 64/80 | Step 447950 | G: 2.1890 | D_A: 0.1340 | D_B: 0.0527 | Cycle: 0.6944
Epoch 64/80 | Step 448000 | G: 2.1249 | D_A: 0.0867 | D_B: 0.0625 | Cycle: 0.8032
Epoch 64/80 | Step 448050 | G: 2.9922 | D_A: 0.0340 | D_B: 0.0683 | Cycle: 0.7839
Epoch 64/80 | Step 448100 | G: 1.8969 | D_A: 0.1577 | D_B: 0.0898 | Cycle: 0.6996
Epoch 64/80 | Step 448150 | G: 2.3564 | D_A: 0.1037 | D_B: 0.0313 | Cycle: 0.7164
Epoch 64/80 | Step 448200 | G: 3.2274 | D_A: 0.0325 | D_B: 0.1267 | Cycle: 1.0172
Epoch 64/80 | Step 448250 | G: 2.5698 | D_A: 0.1683 | D_B: 0.0729 | Cycle: 1.1526
Epoch 64/80 | Step 448300 | G: 2.5787 | D_A: 0.1628 | D_B: 0.1169 | Cycle: 0.6463
Epoch 64/80 | Step 448350 | G: 2.3889 | D_A: 0.1718 | D_B: 0.2546 | Cycle: 0.6065
Epoch 64/80 | Step 448400 | G: 2.4479 | D_A: 0.1400 | D_B: 0.0636 | Cycle: 0.7454
Epoch 64/80 | Step 448450 | G: 2.0666 | D_A: 0.1459 | D_B: 0.1635 | Cycle: 0.8188
Epoch 64/80 | Step 448500 | G: 2.1820 | D_A: 0.0715 | D_B: 0.1004 | Cycle: 0.9444
Epoch 64/80 | Step 448550 | G: 2.5920 | D_A: 0.1076 | D_B: 0.1835 | Cycle: 1.0520
Epoch 64/80 | Step 448600 | G: 2.6434 | D_A: 0.0587 | D_B: 0.0750 | Cycle: 0.8494
Epoch 64/80 | Step 448650 | G: 2.2802 | D_A: 0.0722 | D_B: 0.0435 | Cycle: 0.7064
Epoch 64/80 | Step 448700 | G: 3.0229 | D_A: 0.0622 | D_B: 0.1548 | Cycle: 0.5211
Epoch 64/80 | Step 448750 | G: 2.4355 | D_A: 0.2801 | D_B: 0.1061 | Cycle: 0.6908
Epoch 64/80 | Step 448800 | G: 2.4988 | D_A: 0.0918 | D_B: 0.0737 | Cycle: 0.7958
Epoch 64/80 | Step 448850 | G: 1.8573 | D_A: 0.1235 | D_B: 0.0462 | Cycle: 0.7103
Epoch 64/80 | Step 448900 | G: 2.6291 | D_A: 0.1338 | D_B: 0.0750 | Cycle: 0.9013
Epoch 64/80 | Step 448950 | G: 2.1949 | D_A: 0.0993 | D_B: 0.0427 | Cycle: 0.7269
Epoch 64/80 | Step 449000 | G: 1.9570 | D_A: 0.1273 | D_B: 0.1263 | Cycle: 0.7205
Epoch 64/80 | Step 449050 | G: 1.8356 | D_A: 0.1149 | D_B: 0.1130 | Cycle: 0.7856
Epoch 64/80 | Step 449100 | G: 2.2392 | D_A: 0.0799 | D_B: 0.0322 | Cycle: 0.7534
Epoch 64/80 | Step 449150 | G: 2.0034 | D_A: 0.1549 | D_B: 0.0633 | Cycle: 0.6235
Epoch 64/80 | Step 449200 | G: 2.5374 | D_A: 0.1938 | D_B: 0.0908 | Cycle: 0.9099
Epoch 64/80 | Step 449250 | G: 2.3261 | D_A: 0.0881 | D_B: 0.0857 | Cycle: 0.7256
Epoch 64/80 | Step 449300 | G: 1.8611 | D_A: 0.0316 | D_B: 0.0894 | Cycle: 0.7068
Epoch 64/80 | Step 449350 | G: 2.2307 | D_A: 0.1143 | D_B: 0.1193 | Cycle: 0.7104
Epoch 64/80 | Step 449400 | G: 2.5543 | D_A: 0.0380 | D_B: 0.0424 | Cycle: 0.8061
Epoch 64/80 | Step 449450 | G: 1.6615 | D_A: 0.2363 | D_B: 0.1184 | Cycle: 0.6283
Epoch 64/80 | Step 449500 | G: 2.7216 | D_A: 0.1086 | D_B: 0.0479 | Cycle: 0.8321
Epoch 64/80 | Step 449550 | G: 1.7072 | D_A: 0.0291 | D_B: 0.0418 | Cycle: 0.5705
Epoch 64/80 | Step 449600 | G: 3.3889 | D_A: 0.1534 | D_B: 0.1358 | Cycle: 1.0454
Epoch 64/80 | Step 449650 | G: 1.8665 | D_A: 0.0648 | D_B: 0.1015 | Cycle: 0.8796
Epoch 64/80 | Step 449700 | G: 2.3350 | D_A: 0.1463 | D_B: 0.0489 | Cycle: 0.8690
Epoch 64/80 | Step 449750 | G: 2.2884 | D_A: 0.0891 | D_B: 0.0735 | Cycle: 0.7634
Epoch 64/80 | Step 449800 | G: 2.6093 | D_A: 0.1233 | D_B: 0.0560 | Cycle: 0.9473
Epoch 64/80 | Step 449850 | G: 2.1944 | D_A: 0.0770 | D_B: 0.0601 | Cycle: 0.7852
Epoch 64/80 | Step 449900 | G: 2.4747 | D_A: 0.0624 | D_B: 0.0882 | Cycle: 0.6369
Epoch 64/80 | Step 449950 | G: 2.5060 | D_A: 0.0794 | D_B: 0.0351 | Cycle: 0.6016
Epoch 64/80 | Step 450000 | G: 2.4639 | D_A: 0.0927 | D_B: 0.0427 | Cycle: 0.7429
Epoch 64/80 | Step 450050 | G: 2.2131 | D_A: 0.1363 | D_B: 0.0527 | Cycle: 0.8886
Epoch 64/80 | Step 450100 | G: 1.9409 | D_A: 0.1267 | D_B: 0.0392 | Cycle: 0.6834
Epoch 64/80 | Step 450150 | G: 1.8126 | D_A: 0.1712 | D_B: 0.1145 | Cycle: 0.6690
Epoch 64/80 | Step 450200 | G: 1.6254 | D_A: 0.1819 | D_B: 0.1090 | Cycle: 0.5859
Epoch 64/80 | Step 450250 | G: 2.4924 | D_A: 0.0363 | D_B: 0.0950 | Cycle: 0.7873
Epoch 64/80 | Step 450300 | G: 2.8243 | D_A: 0.0879 | D_B: 0.0943 | Cycle: 0.9907
Epoch 64/80 | Step 450350 | G: 2.1925 | D_A: 0.0573 | D_B: 0.1455 | Cycle: 0.6814
Epoch 64/80 | Step 450400 | G: 2.1581 | D_A: 0.1789 | D_B: 0.0801 | Cycle: 0.8229
Epoch 64/80 complete | Time: 428s | Avg G: 2.3670 | Avg D: 0.0950
Epoch 65/80 | Step 450450 | G: 1.7397 | D_A: 0.1554 | D_B: 0.0576 | Cycle: 0.6988
Epoch 65/80 | Step 450500 | G: 3.2231 | D_A: 0.0592 | D_B: 0.1342 | Cycle: 0.8614
Epoch 65/80 | Step 450550 | G: 1.9857 | D_A: 0.1926 | D_B: 0.1171 | Cycle: 0.8301
Epoch 65/80 | Step 450600 | G: 2.5183 | D_A: 0.0921 | D_B: 0.0335 | Cycle: 0.7498
Epoch 65/80 | Step 450650 | G: 2.6514 | D_A: 0.0685 | D_B: 0.0824 | Cycle: 1.0628
Epoch 65/80 | Step 450700 | G: 2.0229 | D_A: 0.1583 | D_B: 0.1430 | Cycle: 0.6390
Epoch 65/80 | Step 450750 | G: 2.7586 | D_A: 0.4095 | D_B: 0.0727 | Cycle: 0.7913
Epoch 65/80 | Step 450800 | G: 1.9533 | D_A: 0.0788 | D_B: 0.0686 | Cycle: 0.6734
Epoch 65/80 | Step 450850 | G: 2.1186 | D_A: 0.0498 | D_B: 0.0692 | Cycle: 0.6097
Epoch 65/80 | Step 450900 | G: 2.0415 | D_A: 0.1201 | D_B: 0.0898 | Cycle: 0.7476
Epoch 65/80 | Step 450950 | G: 2.3475 | D_A: 0.0693 | D_B: 0.1062 | Cycle: 0.9434
Epoch 65/80 | Step 451000 | G: 2.7330 | D_A: 0.1247 | D_B: 0.0415 | Cycle: 1.0074
Epoch 65/80 | Step 451050 | G: 1.9990 | D_A: 0.0656 | D_B: 0.0843 | Cycle: 0.8023
Epoch 65/80 | Step 451100 | G: 2.4707 | D_A: 0.1492 | D_B: 0.0872 | Cycle: 0.8906
Epoch 65/80 | Step 451150 | G: 3.3777 | D_A: 0.0339 | D_B: 0.0774 | Cycle: 0.9512
Epoch 65/80 | Step 451200 | G: 2.1335 | D_A: 0.0713 | D_B: 0.1669 | Cycle: 0.8710
Epoch 65/80 | Step 451250 | G: 2.6677 | D_A: 0.4932 | D_B: 0.0540 | Cycle: 0.6399
Epoch 65/80 | Step 451300 | G: 2.0309 | D_A: 0.0996 | D_B: 0.0870 | Cycle: 0.6608
Epoch 65/80 | Step 451350 | G: 2.7977 | D_A: 0.0433 | D_B: 0.0510 | Cycle: 0.8977
Epoch 65/80 | Step 451400 | G: 1.8909 | D_A: 0.0843 | D_B: 0.0758 | Cycle: 0.6820
Epoch 65/80 | Step 451450 | G: 2.6015 | D_A: 0.0539 | D_B: 0.1242 | Cycle: 0.8141
Epoch 65/80 | Step 451500 | G: 2.4057 | D_A: 0.0873 | D_B: 0.1454 | Cycle: 0.7840
Epoch 65/80 | Step 451550 | G: 2.7120 | D_A: 0.0409 | D_B: 0.0583 | Cycle: 0.7051
Epoch 65/80 | Step 451600 | G: 2.3832 | D_A: 0.0317 | D_B: 0.0944 | Cycle: 0.6709
Epoch 65/80 | Step 451650 | G: 2.2178 | D_A: 0.1323 | D_B: 0.1027 | Cycle: 0.6822
Epoch 65/80 | Step 451700 | G: 2.1316 | D_A: 0.0688 | D_B: 0.1469 | Cycle: 0.6851
Epoch 65/80 | Step 451750 | G: 2.5383 | D_A: 0.0397 | D_B: 0.0352 | Cycle: 0.7399
Epoch 65/80 | Step 451800 | G: 2.0306 | D_A: 0.0298 | D_B: 0.1472 | Cycle: 0.6573
Epoch 65/80 | Step 451850 | G: 2.4729 | D_A: 0.0877 | D_B: 0.2654 | Cycle: 0.9434
Epoch 65/80 | Step 451900 | G: 2.2999 | D_A: 0.0713 | D_B: 0.1061 | Cycle: 0.7373
Epoch 65/80 | Step 451950 | G: 2.8757 | D_A: 0.1064 | D_B: 0.0447 | Cycle: 1.0812
Epoch 65/80 | Step 452000 | G: 2.7976 | D_A: 0.0357 | D_B: 0.0278 | Cycle: 0.7530
Epoch 65/80 | Step 452050 | G: 2.2482 | D_A: 0.3567 | D_B: 0.0416 | Cycle: 0.7500
Epoch 65/80 | Step 452100 | G: 2.5151 | D_A: 0.1293 | D_B: 0.0871 | Cycle: 0.9074
Epoch 65/80 | Step 452150 | G: 2.2477 | D_A: 0.0804 | D_B: 0.0655 | Cycle: 0.7212
Epoch 65/80 | Step 452200 | G: 1.8183 | D_A: 0.1291 | D_B: 0.1358 | Cycle: 0.7098
Epoch 65/80 | Step 452250 | G: 1.5203 | D_A: 0.1959 | D_B: 0.1360 | Cycle: 0.5827
Epoch 65/80 | Step 452300 | G: 2.1147 | D_A: 0.0928 | D_B: 0.0821 | Cycle: 0.7647
Epoch 65/80 | Step 452350 | G: 2.1592 | D_A: 0.0785 | D_B: 0.1532 | Cycle: 0.7353
Epoch 65/80 | Step 452400 | G: 1.7401 | D_A: 0.1801 | D_B: 0.0406 | Cycle: 0.6257
Epoch 65/80 | Step 452450 | G: 1.9761 | D_A: 0.0542 | D_B: 0.1340 | Cycle: 0.5142
Epoch 65/80 | Step 452500 | G: 2.7389 | D_A: 0.0926 | D_B: 0.0513 | Cycle: 0.9791
Epoch 65/80 | Step 452550 | G: 2.5798 | D_A: 0.1106 | D_B: 0.1847 | Cycle: 0.9159
Epoch 65/80 | Step 452600 | G: 2.7172 | D_A: 0.1038 | D_B: 0.0887 | Cycle: 0.9600
Epoch 65/80 | Step 452650 | G: 2.2057 | D_A: 0.0581 | D_B: 0.0657 | Cycle: 0.7806
Epoch 65/80 | Step 452700 | G: 1.9103 | D_A: 0.1114 | D_B: 0.0333 | Cycle: 0.7855
Epoch 65/80 | Step 452750 | G: 2.6728 | D_A: 0.0294 | D_B: 0.1455 | Cycle: 0.8713
Epoch 65/80 | Step 452800 | G: 3.2937 | D_A: 0.0839 | D_B: 0.0434 | Cycle: 0.9199
Epoch 65/80 | Step 452850 | G: 2.4650 | D_A: 0.0689 | D_B: 0.0871 | Cycle: 0.8112
Epoch 65/80 | Step 452900 | G: 2.4648 | D_A: 0.2628 | D_B: 0.1596 | Cycle: 0.8425
Epoch 65/80 | Step 452950 | G: 2.3315 | D_A: 0.0703 | D_B: 0.0443 | Cycle: 0.7954
Epoch 65/80 | Step 453000 | G: 2.1304 | D_A: 0.1674 | D_B: 0.0697 | Cycle: 0.7204
Epoch 65/80 | Step 453050 | G: 2.8078 | D_A: 0.0686 | D_B: 0.0509 | Cycle: 0.8511
Epoch 65/80 | Step 453100 | G: 3.0441 | D_A: 0.0518 | D_B: 0.0270 | Cycle: 0.8198
Epoch 65/80 | Step 453150 | G: 2.3517 | D_A: 0.1335 | D_B: 0.0367 | Cycle: 0.9033
Epoch 65/80 | Step 453200 | G: 3.2254 | D_A: 0.1594 | D_B: 0.0567 | Cycle: 0.7934
Epoch 65/80 | Step 453250 | G: 1.8035 | D_A: 0.0880 | D_B: 0.0453 | Cycle: 0.6572
Epoch 65/80 | Step 453300 | G: 2.6611 | D_A: 0.1524 | D_B: 0.0387 | Cycle: 0.7556
Epoch 65/80 | Step 453350 | G: 1.9990 | D_A: 0.3476 | D_B: 0.0646 | Cycle: 0.7206
Epoch 65/80 | Step 453400 | G: 2.2363 | D_A: 0.0578 | D_B: 0.1306 | Cycle: 1.0832
Epoch 65/80 | Step 453450 | G: 1.9877 | D_A: 0.0896 | D_B: 0.1344 | Cycle: 0.6276
Epoch 65/80 | Step 453500 | G: 2.4917 | D_A: 0.0973 | D_B: 0.0457 | Cycle: 0.8792
Epoch 65/80 | Step 453550 | G: 2.5472 | D_A: 0.1431 | D_B: 0.0650 | Cycle: 1.1288
Epoch 65/80 | Step 453600 | G: 2.6269 | D_A: 0.0745 | D_B: 0.0836 | Cycle: 0.8250
Epoch 65/80 | Step 453650 | G: 2.2030 | D_A: 0.0619 | D_B: 0.0791 | Cycle: 0.7979
Epoch 65/80 | Step 453700 | G: 3.2899 | D_A: 0.1046 | D_B: 0.0865 | Cycle: 0.9112
Epoch 65/80 | Step 453750 | G: 2.7412 | D_A: 0.0861 | D_B: 0.0914 | Cycle: 0.8432
Epoch 65/80 | Step 453800 | G: 2.4350 | D_A: 0.0488 | D_B: 0.0456 | Cycle: 0.8654
Epoch 65/80 | Step 453850 | G: 2.4363 | D_A: 0.1282 | D_B: 0.0902 | Cycle: 0.9102
Epoch 65/80 | Step 453900 | G: 2.5011 | D_A: 0.0881 | D_B: 0.0416 | Cycle: 0.8302
Epoch 65/80 | Step 453950 | G: 2.7908 | D_A: 0.1050 | D_B: 0.0734 | Cycle: 0.8975
Epoch 65/80 | Step 454000 | G: 2.2073 | D_A: 0.1310 | D_B: 0.0823 | Cycle: 0.9306
Epoch 65/80 | Step 454050 | G: 2.3988 | D_A: 0.0880 | D_B: 0.0532 | Cycle: 0.9703
Epoch 65/80 | Step 454100 | G: 1.8386 | D_A: 0.2958 | D_B: 0.0812 | Cycle: 0.6322
Epoch 65/80 | Step 454150 | G: 2.1860 | D_A: 0.0628 | D_B: 0.1186 | Cycle: 0.7541
Epoch 65/80 | Step 454200 | G: 2.4591 | D_A: 0.1221 | D_B: 0.0646 | Cycle: 0.8397
Epoch 65/80 | Step 454250 | G: 2.6310 | D_A: 0.0916 | D_B: 0.0757 | Cycle: 0.9128
Epoch 65/80 | Step 454300 | G: 2.1819 | D_A: 0.0851 | D_B: 0.0466 | Cycle: 0.7968
Epoch 65/80 | Step 454350 | G: 2.2081 | D_A: 0.1189 | D_B: 0.0355 | Cycle: 0.7944
Epoch 65/80 | Step 454400 | G: 2.9266 | D_A: 0.0427 | D_B: 0.0507 | Cycle: 0.8632
Epoch 65/80 | Step 454450 | G: 2.3766 | D_A: 0.0789 | D_B: 0.1422 | Cycle: 0.5831
Epoch 65/80 | Step 454500 | G: 2.2050 | D_A: 0.1559 | D_B: 0.0822 | Cycle: 0.7028
Epoch 65/80 | Step 454550 | G: 2.4341 | D_A: 0.0707 | D_B: 0.0638 | Cycle: 0.8891
Epoch 65/80 | Step 454600 | G: 2.3728 | D_A: 0.0649 | D_B: 0.0433 | Cycle: 0.7779
Epoch 65/80 | Step 454650 | G: 1.7526 | D_A: 0.0554 | D_B: 0.1652 | Cycle: 0.6205
Epoch 65/80 | Step 454700 | G: 2.3210 | D_A: 0.0685 | D_B: 0.0828 | Cycle: 0.7763
Epoch 65/80 | Step 454750 | G: 2.4066 | D_A: 0.0627 | D_B: 0.0417 | Cycle: 0.7057
Epoch 65/80 | Step 454800 | G: 2.3190 | D_A: 0.1021 | D_B: 0.0759 | Cycle: 0.8417
Epoch 65/80 | Step 454850 | G: 2.3505 | D_A: 0.0438 | D_B: 0.0621 | Cycle: 0.8164
Epoch 65/80 | Step 454900 | G: 2.5554 | D_A: 0.1139 | D_B: 0.1087 | Cycle: 0.7534
Epoch 65/80 | Step 454950 | G: 2.7716 | D_A: 0.0697 | D_B: 0.0496 | Cycle: 0.9042
Epoch 65/80 | Step 455000 | G: 2.1819 | D_A: 0.0548 | D_B: 0.0940 | Cycle: 0.6016
Epoch 65/80 | Step 455050 | G: 2.0658 | D_A: 0.0762 | D_B: 0.0759 | Cycle: 0.8266
Epoch 65/80 | Step 455100 | G: 2.5943 | D_A: 0.0374 | D_B: 0.0319 | Cycle: 0.8669
Epoch 65/80 | Step 455150 | G: 1.7678 | D_A: 0.0431 | D_B: 0.1775 | Cycle: 0.6539
Epoch 65/80 | Step 455200 | G: 1.9630 | D_A: 0.1587 | D_B: 0.1576 | Cycle: 0.7070
Epoch 65/80 | Step 455250 | G: 2.4485 | D_A: 0.0509 | D_B: 0.1174 | Cycle: 1.0363
Epoch 65/80 | Step 455300 | G: 2.7196 | D_A: 0.1401 | D_B: 0.1169 | Cycle: 0.8156
Epoch 65/80 | Step 455350 | G: 2.5811 | D_A: 0.0775 | D_B: 0.0884 | Cycle: 0.7705
Epoch 65/80 | Step 455400 | G: 2.6910 | D_A: 0.1017 | D_B: 0.0849 | Cycle: 0.9566
Epoch 65/80 | Step 455450 | G: 1.5299 | D_A: 0.1604 | D_B: 0.0943 | Cycle: 0.6198
Epoch 65/80 | Step 455500 | G: 2.3368 | D_A: 0.0667 | D_B: 0.0400 | Cycle: 0.8804
Epoch 65/80 | Step 455550 | G: 2.0733 | D_A: 0.2662 | D_B: 0.0648 | Cycle: 0.7806
Epoch 65/80 | Step 455600 | G: 2.1930 | D_A: 0.1576 | D_B: 0.1594 | Cycle: 0.7310
Epoch 65/80 | Step 455650 | G: 2.5084 | D_A: 0.1511 | D_B: 0.0520 | Cycle: 0.7881
Epoch 65/80 | Step 455700 | G: 2.5746 | D_A: 0.0627 | D_B: 0.0435 | Cycle: 0.6341
Epoch 65/80 | Step 455750 | G: 2.0983 | D_A: 0.1457 | D_B: 0.0363 | Cycle: 0.6745
Epoch 65/80 | Step 455800 | G: 1.7944 | D_A: 0.2559 | D_B: 0.2433 | Cycle: 0.7658
Epoch 65/80 | Step 455850 | G: 1.9415 | D_A: 0.0663 | D_B: 0.1253 | Cycle: 0.7918
Epoch 65/80 | Step 455900 | G: 2.7197 | D_A: 0.0707 | D_B: 0.0592 | Cycle: 0.9206
Epoch 65/80 | Step 455950 | G: 2.1902 | D_A: 0.1068 | D_B: 0.0787 | Cycle: 0.7331
Epoch 65/80 | Step 456000 | G: 2.2691 | D_A: 0.1450 | D_B: 0.0740 | Cycle: 0.6563
Epoch 65/80 | Step 456050 | G: 2.0913 | D_A: 0.0752 | D_B: 0.0933 | Cycle: 0.6886
Epoch 65/80 | Step 456100 | G: 1.9477 | D_A: 0.0952 | D_B: 0.0944 | Cycle: 0.6997
Epoch 65/80 | Step 456150 | G: 2.5561 | D_A: 0.0749 | D_B: 0.0455 | Cycle: 0.8724
Epoch 65/80 | Step 456200 | G: 2.3350 | D_A: 0.1541 | D_B: 0.0642 | Cycle: 0.7724
Epoch 65/80 | Step 456250 | G: 2.5085 | D_A: 0.0985 | D_B: 0.0307 | Cycle: 0.8896
Epoch 65/80 | Step 456300 | G: 2.8061 | D_A: 0.0741 | D_B: 0.0547 | Cycle: 0.9254
Epoch 65/80 | Step 456350 | G: 2.0438 | D_A: 0.1090 | D_B: 0.0725 | Cycle: 0.7244
Epoch 65/80 | Step 456400 | G: 2.7448 | D_A: 0.1111 | D_B: 0.0449 | Cycle: 1.0065
Epoch 65/80 | Step 456450 | G: 2.0487 | D_A: 0.2080 | D_B: 0.1016 | Cycle: 0.7609
Epoch 65/80 | Step 456500 | G: 3.0612 | D_A: 0.0618 | D_B: 0.0899 | Cycle: 1.1133
Epoch 65/80 | Step 456550 | G: 2.9473 | D_A: 0.0928 | D_B: 0.0745 | Cycle: 1.0578
Epoch 65/80 | Step 456600 | G: 2.4467 | D_A: 0.0473 | D_B: 0.2447 | Cycle: 0.7848
Epoch 65/80 | Step 456650 | G: 1.9223 | D_A: 0.1292 | D_B: 0.1765 | Cycle: 0.6763
Epoch 65/80 | Step 456700 | G: 2.1697 | D_A: 0.0815 | D_B: 0.1032 | Cycle: 0.8197
Epoch 65/80 | Step 456750 | G: 2.5516 | D_A: 0.1319 | D_B: 0.0462 | Cycle: 0.8911
Epoch 65/80 | Step 456800 | G: 2.0554 | D_A: 0.1108 | D_B: 0.2390 | Cycle: 0.7363
Epoch 65/80 | Step 456850 | G: 2.7135 | D_A: 0.1434 | D_B: 0.0664 | Cycle: 0.7481
Epoch 65/80 | Step 456900 | G: 2.2973 | D_A: 0.0957 | D_B: 0.0449 | Cycle: 0.7596
Epoch 65/80 | Step 456950 | G: 2.0225 | D_A: 0.0741 | D_B: 0.0398 | Cycle: 0.7731
Epoch 65/80 | Step 457000 | G: 2.9298 | D_A: 0.1872 | D_B: 0.0594 | Cycle: 0.9622
Epoch 65/80 | Step 457050 | G: 2.4739 | D_A: 0.2172 | D_B: 0.1092 | Cycle: 0.8937
Epoch 65/80 | Step 457100 | G: 2.2151 | D_A: 0.0580 | D_B: 0.1228 | Cycle: 0.5573
Epoch 65/80 | Step 457150 | G: 2.1456 | D_A: 0.1493 | D_B: 0.1010 | Cycle: 0.7223
Epoch 65/80 | Step 457200 | G: 2.2127 | D_A: 0.0709 | D_B: 0.0611 | Cycle: 0.7711
Epoch 65/80 | Step 457250 | G: 2.8271 | D_A: 0.0528 | D_B: 0.0517 | Cycle: 0.8562
Epoch 65/80 | Step 457300 | G: 2.2379 | D_A: 0.0799 | D_B: 0.1428 | Cycle: 1.0178
Epoch 65/80 | Step 457350 | G: 2.0592 | D_A: 0.0699 | D_B: 0.2892 | Cycle: 0.5450
Epoch 65/80 | Step 457400 | G: 2.3978 | D_A: 0.0795 | D_B: 0.0969 | Cycle: 0.7426
Epoch 65/80 | Step 457450 | G: 2.7997 | D_A: 0.0735 | D_B: 0.1074 | Cycle: 0.7334
Epoch 65/80 complete | Time: 427s | Avg G: 2.3848 | Avg D: 0.0946
Epoch 66/80 | Step 457500 | G: 1.7417 | D_A: 0.0410 | D_B: 0.1593 | Cycle: 0.8261
Epoch 66/80 | Step 457550 | G: 2.7259 | D_A: 0.0336 | D_B: 0.0536 | Cycle: 0.7652
Epoch 66/80 | Step 457600 | G: 2.2137 | D_A: 0.1512 | D_B: 0.2776 | Cycle: 0.6812
Epoch 66/80 | Step 457650 | G: 2.3195 | D_A: 0.0702 | D_B: 0.1023 | Cycle: 0.8375
Epoch 66/80 | Step 457700 | G: 2.1556 | D_A: 0.0318 | D_B: 0.0525 | Cycle: 0.6705
Epoch 66/80 | Step 457750 | G: 2.3689 | D_A: 0.0410 | D_B: 0.1211 | Cycle: 0.7303
Epoch 66/80 | Step 457800 | G: 3.1827 | D_A: 0.0638 | D_B: 0.1126 | Cycle: 0.9447
Epoch 66/80 | Step 457850 | G: 2.5974 | D_A: 0.0374 | D_B: 0.1216 | Cycle: 0.8364
Epoch 66/80 | Step 457900 | G: 2.0966 | D_A: 0.0416 | D_B: 0.0626 | Cycle: 0.7481
Epoch 66/80 | Step 457950 | G: 2.6960 | D_A: 0.0725 | D_B: 0.0639 | Cycle: 0.8238
Epoch 66/80 | Step 458000 | G: 3.0300 | D_A: 0.0489 | D_B: 0.1018 | Cycle: 1.1776
Epoch 66/80 | Step 458050 | G: 2.2279 | D_A: 0.0528 | D_B: 0.0639 | Cycle: 0.6178
Epoch 66/80 | Step 458100 | G: 3.5022 | D_A: 0.2907 | D_B: 0.0471 | Cycle: 1.1312
Epoch 66/80 | Step 458150 | G: 2.6397 | D_A: 0.0814 | D_B: 0.0281 | Cycle: 0.9348
Epoch 66/80 | Step 458200 | G: 2.5679 | D_A: 0.1466 | D_B: 0.0545 | Cycle: 0.9706
Epoch 66/80 | Step 458250 | G: 2.9785 | D_A: 0.0553 | D_B: 0.0927 | Cycle: 1.1131
Epoch 66/80 | Step 458300 | G: 2.1891 | D_A: 0.0444 | D_B: 0.1318 | Cycle: 0.8011
Epoch 66/80 | Step 458350 | G: 2.4174 | D_A: 0.0527 | D_B: 0.0579 | Cycle: 0.8672
Epoch 66/80 | Step 458400 | G: 2.8463 | D_A: 0.0517 | D_B: 0.0694 | Cycle: 0.7912
Epoch 66/80 | Step 458450 | G: 2.8812 | D_A: 0.0828 | D_B: 0.0381 | Cycle: 1.0701
Epoch 66/80 | Step 458500 | G: 2.0694 | D_A: 0.0690 | D_B: 0.0472 | Cycle: 0.9633
Epoch 66/80 | Step 458550 | G: 2.6600 | D_A: 0.1144 | D_B: 0.0995 | Cycle: 0.7531
Epoch 66/80 | Step 458600 | G: 2.7980 | D_A: 0.0491 | D_B: 0.0510 | Cycle: 0.6858
Epoch 66/80 | Step 458650 | G: 2.4204 | D_A: 0.2037 | D_B: 0.0785 | Cycle: 0.6643
Epoch 66/80 | Step 458700 | G: 2.0433 | D_A: 0.0502 | D_B: 0.1097 | Cycle: 0.7481
Epoch 66/80 | Step 458750 | G: 2.4963 | D_A: 0.1315 | D_B: 0.0844 | Cycle: 0.8662
Epoch 66/80 | Step 458800 | G: 2.2724 | D_A: 0.0788 | D_B: 0.0631 | Cycle: 0.8466
Epoch 66/80 | Step 458850 | G: 2.2869 | D_A: 0.1827 | D_B: 0.0348 | Cycle: 0.7055
Epoch 66/80 | Step 458900 | G: 2.3924 | D_A: 0.0388 | D_B: 0.1625 | Cycle: 0.8139
Epoch 66/80 | Step 458950 | G: 2.8285 | D_A: 0.0778 | D_B: 0.0774 | Cycle: 0.9077
Epoch 66/80 | Step 459000 | G: 2.1579 | D_A: 0.0337 | D_B: 0.0406 | Cycle: 0.6877
Epoch 66/80 | Step 459050 | G: 2.6677 | D_A: 0.0403 | D_B: 0.0523 | Cycle: 0.8541
Epoch 66/80 | Step 459100 | G: 2.9372 | D_A: 0.0978 | D_B: 0.0427 | Cycle: 0.8872
Epoch 66/80 | Step 459150 | G: 1.7985 | D_A: 0.0290 | D_B: 0.2044 | Cycle: 0.5759
Epoch 66/80 | Step 459200 | G: 2.6520 | D_A: 0.0387 | D_B: 0.0684 | Cycle: 0.8365
Epoch 66/80 | Step 459250 | G: 2.1345 | D_A: 0.1151 | D_B: 0.1517 | Cycle: 0.6462
Epoch 66/80 | Step 459300 | G: 1.8901 | D_A: 0.0981 | D_B: 0.1319 | Cycle: 0.7288
Epoch 66/80 | Step 459350 | G: 2.5294 | D_A: 0.0708 | D_B: 0.1145 | Cycle: 0.9161
Epoch 66/80 | Step 459400 | G: 2.3093 | D_A: 0.0596 | D_B: 0.0492 | Cycle: 0.7119
Epoch 66/80 | Step 459450 | G: 2.6645 | D_A: 0.1112 | D_B: 0.0559 | Cycle: 0.7405
Epoch 66/80 | Step 459500 | G: 2.2108 | D_A: 0.0990 | D_B: 0.0718 | Cycle: 0.7756
Epoch 66/80 | Step 459550 | G: 1.7390 | D_A: 0.1552 | D_B: 0.0677 | Cycle: 0.6885
Epoch 66/80 | Step 459600 | G: 2.6724 | D_A: 0.1189 | D_B: 0.0411 | Cycle: 0.7587
Epoch 66/80 | Step 459650 | G: 2.0057 | D_A: 0.0632 | D_B: 0.0667 | Cycle: 0.6518
Epoch 66/80 | Step 459700 | G: 2.0316 | D_A: 0.0595 | D_B: 0.0516 | Cycle: 0.7879
Epoch 66/80 | Step 459750 | G: 2.4591 | D_A: 0.0922 | D_B: 0.0969 | Cycle: 0.7198
Epoch 66/80 | Step 459800 | G: 1.7992 | D_A: 0.1056 | D_B: 0.1231 | Cycle: 0.8340
Epoch 66/80 | Step 459850 | G: 2.3625 | D_A: 0.1115 | D_B: 0.0464 | Cycle: 0.7568
Epoch 66/80 | Step 459900 | G: 2.4127 | D_A: 0.1483 | D_B: 0.0506 | Cycle: 0.8550
Epoch 66/80 | Step 459950 | G: 2.1795 | D_A: 0.0700 | D_B: 0.0643 | Cycle: 0.9151
Epoch 66/80 | Step 460000 | G: 2.0123 | D_A: 0.1788 | D_B: 0.1095 | Cycle: 0.7829
Epoch 66/80 | Step 460050 | G: 4.1998 | D_A: 0.1036 | D_B: 0.0497 | Cycle: 1.1152
Epoch 66/80 | Step 460100 | G: 2.0062 | D_A: 0.0416 | D_B: 0.0825 | Cycle: 0.6843
Epoch 66/80 | Step 460150 | G: 2.3812 | D_A: 0.0822 | D_B: 0.0654 | Cycle: 0.7969
Epoch 66/80 | Step 460200 | G: 2.9989 | D_A: 0.1275 | D_B: 0.0264 | Cycle: 0.7856
Epoch 66/80 | Step 460250 | G: 3.0687 | D_A: 0.0356 | D_B: 0.2464 | Cycle: 1.0543
Epoch 66/80 | Step 460300 | G: 2.5937 | D_A: 0.0638 | D_B: 0.0709 | Cycle: 0.7879
Epoch 66/80 | Step 460350 | G: 2.8500 | D_A: 0.0967 | D_B: 0.1375 | Cycle: 0.9635
Epoch 66/80 | Step 460400 | G: 2.1175 | D_A: 0.0665 | D_B: 0.0875 | Cycle: 0.8665
Epoch 66/80 | Step 460450 | G: 2.5637 | D_A: 0.0382 | D_B: 0.0573 | Cycle: 0.8726
Epoch 66/80 | Step 460500 | G: 2.4394 | D_A: 0.1181 | D_B: 0.0504 | Cycle: 0.8566
Epoch 66/80 | Step 460550 | G: 2.7358 | D_A: 0.1146 | D_B: 0.0537 | Cycle: 0.8385
Epoch 66/80 | Step 460600 | G: 2.4379 | D_A: 0.0822 | D_B: 0.0581 | Cycle: 0.8606
Epoch 66/80 | Step 460650 | G: 2.1724 | D_A: 0.2082 | D_B: 0.0487 | Cycle: 0.6313
Epoch 66/80 | Step 460700 | G: 2.4702 | D_A: 0.0519 | D_B: 0.0389 | Cycle: 1.1165
Epoch 66/80 | Step 460750 | G: 2.9902 | D_A: 0.0498 | D_B: 0.0520 | Cycle: 0.8619
Epoch 66/80 | Step 460800 | G: 2.4338 | D_A: 0.2846 | D_B: 0.0481 | Cycle: 0.7161
Epoch 66/80 | Step 460850 | G: 3.1870 | D_A: 0.0957 | D_B: 0.0777 | Cycle: 1.1840
Epoch 66/80 | Step 460900 | G: 1.7767 | D_A: 0.0935 | D_B: 0.1075 | Cycle: 0.5735
Epoch 66/80 | Step 460950 | G: 1.9920 | D_A: 0.0687 | D_B: 0.1866 | Cycle: 0.6908
Epoch 66/80 | Step 461000 | G: 2.5824 | D_A: 0.1760 | D_B: 0.1597 | Cycle: 0.7486
Epoch 66/80 | Step 461050 | G: 2.7250 | D_A: 0.0937 | D_B: 0.0787 | Cycle: 0.8001
Epoch 66/80 | Step 461100 | G: 2.1465 | D_A: 0.1415 | D_B: 0.1523 | Cycle: 0.6937
Epoch 66/80 | Step 461150 | G: 2.8682 | D_A: 0.0471 | D_B: 0.0880 | Cycle: 0.9074
Epoch 66/80 | Step 461200 | G: 2.1500 | D_A: 0.1612 | D_B: 0.1266 | Cycle: 0.7019
Epoch 66/80 | Step 461250 | G: 2.3600 | D_A: 0.1056 | D_B: 0.0418 | Cycle: 0.8539
Epoch 66/80 | Step 461300 | G: 2.3679 | D_A: 0.1852 | D_B: 0.0546 | Cycle: 0.7617
Epoch 66/80 | Step 461350 | G: 2.1120 | D_A: 0.1030 | D_B: 0.1514 | Cycle: 0.6825
Epoch 66/80 | Step 461400 | G: 2.9597 | D_A: 0.1038 | D_B: 0.0695 | Cycle: 1.1262
Epoch 66/80 | Step 461450 | G: 2.3523 | D_A: 0.1796 | D_B: 0.0904 | Cycle: 0.7231
Epoch 66/80 | Step 461500 | G: 3.4664 | D_A: 0.0916 | D_B: 0.0988 | Cycle: 0.8805
Epoch 66/80 | Step 461550 | G: 2.2308 | D_A: 0.0746 | D_B: 0.0708 | Cycle: 0.7630
Epoch 66/80 | Step 461600 | G: 1.8097 | D_A: 0.1236 | D_B: 0.1321 | Cycle: 0.6283
Epoch 66/80 | Step 461650 | G: 2.0035 | D_A: 0.0645 | D_B: 0.0352 | Cycle: 0.6957
Epoch 66/80 | Step 461700 | G: 2.0240 | D_A: 0.1036 | D_B: 0.0583 | Cycle: 0.7183
Epoch 66/80 | Step 461750 | G: 2.3080 | D_A: 0.0600 | D_B: 0.0823 | Cycle: 0.6749
Epoch 66/80 | Step 461800 | G: 2.5204 | D_A: 0.1181 | D_B: 0.0363 | Cycle: 0.8429
Epoch 66/80 | Step 461850 | G: 1.7425 | D_A: 0.0522 | D_B: 0.2150 | Cycle: 0.7996
Epoch 66/80 | Step 461900 | G: 2.5140 | D_A: 0.0887 | D_B: 0.0667 | Cycle: 0.7203
Epoch 66/80 | Step 461950 | G: 3.0690 | D_A: 0.1320 | D_B: 0.0301 | Cycle: 0.9570
Epoch 66/80 | Step 462000 | G: 2.5352 | D_A: 0.0289 | D_B: 0.0672 | Cycle: 0.7996
Epoch 66/80 | Step 462050 | G: 3.1519 | D_A: 0.2822 | D_B: 0.0507 | Cycle: 1.0487
Epoch 66/80 | Step 462100 | G: 2.5910 | D_A: 0.0918 | D_B: 0.0466 | Cycle: 0.8486
Epoch 66/80 | Step 462150 | G: 2.4903 | D_A: 0.0388 | D_B: 0.0577 | Cycle: 0.7620
Epoch 66/80 | Step 462200 | G: 2.6682 | D_A: 0.1279 | D_B: 0.0877 | Cycle: 0.8786
Epoch 66/80 | Step 462250 | G: 2.1947 | D_A: 0.1016 | D_B: 0.0629 | Cycle: 0.7199
Epoch 66/80 | Step 462300 | G: 2.1594 | D_A: 0.1052 | D_B: 0.1517 | Cycle: 0.6834
Epoch 66/80 | Step 462350 | G: 2.3809 | D_A: 0.0642 | D_B: 0.1222 | Cycle: 0.6060
Epoch 66/80 | Step 462400 | G: 2.1191 | D_A: 0.1283 | D_B: 0.0526 | Cycle: 0.7207
Epoch 66/80 | Step 462450 | G: 1.8878 | D_A: 0.2196 | D_B: 0.0812 | Cycle: 0.6189
Epoch 66/80 | Step 462500 | G: 2.3699 | D_A: 0.1216 | D_B: 0.0619 | Cycle: 0.8491
Epoch 66/80 | Step 462550 | G: 2.4731 | D_A: 0.1583 | D_B: 0.0427 | Cycle: 1.0204
Epoch 66/80 | Step 462600 | G: 1.9339 | D_A: 0.0715 | D_B: 0.0450 | Cycle: 0.7799
Epoch 66/80 | Step 462650 | G: 3.6141 | D_A: 0.0676 | D_B: 0.2139 | Cycle: 0.8242
Epoch 66/80 | Step 462700 | G: 2.7145 | D_A: 0.0609 | D_B: 0.0860 | Cycle: 0.7253
Epoch 66/80 | Step 462750 | G: 2.8321 | D_A: 0.1863 | D_B: 0.0345 | Cycle: 0.7379
Epoch 66/80 | Step 462800 | G: 1.5765 | D_A: 0.0971 | D_B: 0.0867 | Cycle: 0.6691
Epoch 66/80 | Step 462850 | G: 2.3910 | D_A: 0.0880 | D_B: 0.0522 | Cycle: 0.9047
Epoch 66/80 | Step 462900 | G: 1.5941 | D_A: 0.0322 | D_B: 0.0391 | Cycle: 0.5660
Epoch 66/80 | Step 462950 | G: 3.3255 | D_A: 0.0399 | D_B: 0.0729 | Cycle: 0.8809
Epoch 66/80 | Step 463000 | G: 2.5803 | D_A: 0.1067 | D_B: 0.0539 | Cycle: 0.7007
Epoch 66/80 | Step 463050 | G: 2.0135 | D_A: 0.0971 | D_B: 0.0918 | Cycle: 0.6203
Epoch 66/80 | Step 463100 | G: 2.0653 | D_A: 0.1284 | D_B: 0.0653 | Cycle: 0.6853
Epoch 66/80 | Step 463150 | G: 2.5002 | D_A: 0.1250 | D_B: 0.1324 | Cycle: 0.9132
Epoch 66/80 | Step 463200 | G: 2.7612 | D_A: 0.0658 | D_B: 0.0498 | Cycle: 0.7771
Epoch 66/80 | Step 463250 | G: 2.6404 | D_A: 0.0362 | D_B: 0.0666 | Cycle: 0.8555
Epoch 66/80 | Step 463300 | G: 2.8661 | D_A: 0.0509 | D_B: 0.0441 | Cycle: 0.9743
Epoch 66/80 | Step 463350 | G: 2.8227 | D_A: 0.0592 | D_B: 0.0338 | Cycle: 0.8939
Epoch 66/80 | Step 463400 | G: 2.3627 | D_A: 0.1935 | D_B: 0.0980 | Cycle: 0.7440
Epoch 66/80 | Step 463450 | G: 1.9606 | D_A: 0.0985 | D_B: 0.3114 | Cycle: 0.6531
Epoch 66/80 | Step 463500 | G: 2.5540 | D_A: 0.1546 | D_B: 0.1185 | Cycle: 0.8784
Epoch 66/80 | Step 463550 | G: 2.2306 | D_A: 0.2027 | D_B: 0.1266 | Cycle: 0.7224
Epoch 66/80 | Step 463600 | G: 2.6551 | D_A: 0.1792 | D_B: 0.0375 | Cycle: 0.7897
Epoch 66/80 | Step 463650 | G: 2.9131 | D_A: 0.0996 | D_B: 0.1156 | Cycle: 0.8720
Epoch 66/80 | Step 463700 | G: 1.8419 | D_A: 0.0883 | D_B: 0.1035 | Cycle: 0.6170
Epoch 66/80 | Step 463750 | G: 1.8462 | D_A: 0.1330 | D_B: 0.0876 | Cycle: 0.7888
Epoch 66/80 | Step 463800 | G: 2.1754 | D_A: 0.0841 | D_B: 0.0386 | Cycle: 0.9067
Epoch 66/80 | Step 463850 | G: 2.7103 | D_A: 0.1168 | D_B: 0.0989 | Cycle: 0.7998
Epoch 66/80 | Step 463900 | G: 2.5382 | D_A: 0.1324 | D_B: 0.0541 | Cycle: 0.8758
Epoch 66/80 | Step 463950 | G: 2.6212 | D_A: 0.0933 | D_B: 0.1449 | Cycle: 0.8601
Epoch 66/80 | Step 464000 | G: 2.1610 | D_A: 0.0777 | D_B: 0.0847 | Cycle: 0.7235
Epoch 66/80 | Step 464050 | G: 2.7413 | D_A: 0.0606 | D_B: 0.0599 | Cycle: 0.8678
Epoch 66/80 | Step 464100 | G: 2.1775 | D_A: 0.0829 | D_B: 0.0406 | Cycle: 0.6787
Epoch 66/80 | Step 464150 | G: 2.9211 | D_A: 0.1093 | D_B: 0.0641 | Cycle: 0.8757
Epoch 66/80 | Step 464200 | G: 3.1601 | D_A: 0.0695 | D_B: 0.0438 | Cycle: 1.0410
Epoch 66/80 | Step 464250 | G: 2.7221 | D_A: 0.1338 | D_B: 0.0363 | Cycle: 0.8118
Epoch 66/80 | Step 464300 | G: 2.3540 | D_A: 0.0446 | D_B: 0.0511 | Cycle: 0.7148
Epoch 66/80 | Step 464350 | G: 2.7829 | D_A: 0.0304 | D_B: 0.0330 | Cycle: 0.8867
Epoch 66/80 | Step 464400 | G: 2.3682 | D_A: 0.0316 | D_B: 0.1194 | Cycle: 0.7782
Epoch 66/80 | Step 464450 | G: 2.3618 | D_A: 0.2245 | D_B: 0.1395 | Cycle: 0.6518
Epoch 66/80 | Step 464500 | G: 3.7445 | D_A: 0.0640 | D_B: 0.0697 | Cycle: 1.3313
Epoch 66/80 complete | Time: 428s | Avg G: 2.3874 | Avg D: 0.0937
Epoch 67/80 | Step 464550 | G: 2.1470 | D_A: 0.1093 | D_B: 0.1107 | Cycle: 0.6487
Epoch 67/80 | Step 464600 | G: 2.2699 | D_A: 0.0753 | D_B: 0.0421 | Cycle: 0.7870
Epoch 67/80 | Step 464650 | G: 3.0214 | D_A: 0.0499 | D_B: 0.0452 | Cycle: 0.9473
Epoch 67/80 | Step 464700 | G: 2.0532 | D_A: 0.1954 | D_B: 0.0340 | Cycle: 0.8700
Epoch 67/80 | Step 464750 | G: 2.2092 | D_A: 0.0690 | D_B: 0.0941 | Cycle: 0.6768
Epoch 67/80 | Step 464800 | G: 2.3354 | D_A: 0.0468 | D_B: 0.0922 | Cycle: 0.8746
Epoch 67/80 | Step 464850 | G: 2.7296 | D_A: 0.0858 | D_B: 0.0689 | Cycle: 0.8864
Epoch 67/80 | Step 464900 | G: 2.1211 | D_A: 0.0560 | D_B: 0.0774 | Cycle: 0.7103
Epoch 67/80 | Step 464950 | G: 2.4219 | D_A: 0.1255 | D_B: 0.0700 | Cycle: 0.6184
Epoch 67/80 | Step 465000 | G: 2.7107 | D_A: 0.5596 | D_B: 0.0746 | Cycle: 1.1285
Epoch 67/80 | Step 465050 | G: 1.9066 | D_A: 0.1300 | D_B: 0.0779 | Cycle: 0.8430
Epoch 67/80 | Step 465100 | G: 2.0912 | D_A: 0.2201 | D_B: 0.0767 | Cycle: 0.7434
Epoch 67/80 | Step 465150 | G: 2.2149 | D_A: 0.0689 | D_B: 0.0436 | Cycle: 0.6318
Epoch 67/80 | Step 465200 | G: 2.4916 | D_A: 0.1535 | D_B: 0.0989 | Cycle: 1.0631
Epoch 67/80 | Step 465250 | G: 2.0204 | D_A: 0.0569 | D_B: 0.0751 | Cycle: 0.6320
Epoch 67/80 | Step 465300 | G: 2.8703 | D_A: 0.0749 | D_B: 0.0683 | Cycle: 0.9089
Epoch 67/80 | Step 465350 | G: 2.9255 | D_A: 0.0563 | D_B: 0.0854 | Cycle: 1.0488
Epoch 67/80 | Step 465400 | G: 2.1742 | D_A: 0.2897 | D_B: 0.0548 | Cycle: 0.6927
Epoch 67/80 | Step 465450 | G: 2.0630 | D_A: 0.1281 | D_B: 0.0723 | Cycle: 0.6084
Epoch 67/80 | Step 465500 | G: 2.0269 | D_A: 0.2126 | D_B: 0.0672 | Cycle: 0.5966
Epoch 67/80 | Step 465550 | G: 1.9183 | D_A: 0.0478 | D_B: 0.1129 | Cycle: 0.6744
Epoch 67/80 | Step 465600 | G: 2.7254 | D_A: 0.0469 | D_B: 0.0484 | Cycle: 0.7703
Epoch 67/80 | Step 465650 | G: 1.8955 | D_A: 0.1133 | D_B: 0.0408 | Cycle: 0.6153
Epoch 67/80 | Step 465700 | G: 2.6822 | D_A: 0.0551 | D_B: 0.0381 | Cycle: 1.1087
Epoch 67/80 | Step 465750 | G: 2.1549 | D_A: 0.0322 | D_B: 0.0771 | Cycle: 0.9760
Epoch 67/80 | Step 465800 | G: 2.3386 | D_A: 0.1341 | D_B: 0.0552 | Cycle: 0.7775
Epoch 67/80 | Step 465850 | G: 2.5820 | D_A: 0.0437 | D_B: 0.0560 | Cycle: 0.9056
Epoch 67/80 | Step 465900 | G: 2.8377 | D_A: 0.0335 | D_B: 0.0780 | Cycle: 0.8558
Epoch 67/80 | Step 465950 | G: 2.1015 | D_A: 0.0676 | D_B: 0.2238 | Cycle: 0.6090
Epoch 67/80 | Step 466000 | G: 2.0150 | D_A: 0.0566 | D_B: 0.0431 | Cycle: 0.7184
Epoch 67/80 | Step 466050 | G: 2.4856 | D_A: 0.0866 | D_B: 0.0575 | Cycle: 0.8724
Epoch 67/80 | Step 466100 | G: 3.0352 | D_A: 0.0480 | D_B: 0.0949 | Cycle: 0.7782
Epoch 67/80 | Step 466150 | G: 3.0942 | D_A: 0.1210 | D_B: 0.0901 | Cycle: 0.7610
Epoch 67/80 | Step 466200 | G: 2.4786 | D_A: 0.0598 | D_B: 0.1097 | Cycle: 0.6818
Epoch 67/80 | Step 466250 | G: 3.0974 | D_A: 0.0951 | D_B: 0.0606 | Cycle: 1.0205
Epoch 67/80 | Step 466300 | G: 1.9652 | D_A: 0.1864 | D_B: 0.1159 | Cycle: 0.6843
Epoch 67/80 | Step 466350 | G: 2.0056 | D_A: 0.1190 | D_B: 0.0376 | Cycle: 0.7741
Epoch 67/80 | Step 466400 | G: 2.0552 | D_A: 0.0898 | D_B: 0.0790 | Cycle: 0.7392
Epoch 67/80 | Step 466450 | G: 2.2460 | D_A: 0.1318 | D_B: 0.1204 | Cycle: 0.6899
Epoch 67/80 | Step 466500 | G: 2.3504 | D_A: 0.0442 | D_B: 0.0708 | Cycle: 0.7692
Epoch 67/80 | Step 466550 | G: 2.6003 | D_A: 0.0936 | D_B: 0.0771 | Cycle: 0.8348
Epoch 67/80 | Step 466600 | G: 2.5911 | D_A: 0.0436 | D_B: 0.0809 | Cycle: 0.7732
Epoch 67/80 | Step 466650 | G: 2.4299 | D_A: 0.0888 | D_B: 0.1123 | Cycle: 0.8282
Epoch 67/80 | Step 466700 | G: 2.7652 | D_A: 0.0770 | D_B: 0.0261 | Cycle: 0.9929
Epoch 67/80 | Step 466750 | G: 2.3038 | D_A: 0.0689 | D_B: 0.0473 | Cycle: 0.7550
Epoch 67/80 | Step 466800 | G: 2.0538 | D_A: 0.1848 | D_B: 0.1470 | Cycle: 0.6126
Epoch 67/80 | Step 466850 | G: 2.1611 | D_A: 0.2199 | D_B: 0.1913 | Cycle: 0.6263
Epoch 67/80 | Step 466900 | G: 1.9160 | D_A: 0.2008 | D_B: 0.2179 | Cycle: 0.7701
Epoch 67/80 | Step 466950 | G: 2.3644 | D_A: 0.0839 | D_B: 0.0386 | Cycle: 0.8128
Epoch 67/80 | Step 467000 | G: 1.8487 | D_A: 0.1745 | D_B: 0.0450 | Cycle: 0.7875
Epoch 67/80 | Step 467050 | G: 2.6539 | D_A: 0.0693 | D_B: 0.1034 | Cycle: 0.7069
Epoch 67/80 | Step 467100 | G: 2.0978 | D_A: 0.0528 | D_B: 0.0875 | Cycle: 0.6175
Epoch 67/80 | Step 467150 | G: 2.0202 | D_A: 0.1849 | D_B: 0.0960 | Cycle: 0.7005
Epoch 67/80 | Step 467200 | G: 2.0831 | D_A: 0.0600 | D_B: 0.1347 | Cycle: 0.7380
Epoch 67/80 | Step 467250 | G: 2.6531 | D_A: 0.0525 | D_B: 0.1298 | Cycle: 0.9362
Epoch 67/80 | Step 467300 | G: 2.0475 | D_A: 0.0919 | D_B: 0.1294 | Cycle: 0.6131
Epoch 67/80 | Step 467350 | G: 2.2441 | D_A: 0.2759 | D_B: 0.0422 | Cycle: 0.6189
Epoch 67/80 | Step 467400 | G: 1.8175 | D_A: 0.1093 | D_B: 0.2543 | Cycle: 0.5984
Epoch 67/80 | Step 467450 | G: 1.5658 | D_A: 0.1771 | D_B: 0.0904 | Cycle: 0.6734
Epoch 67/80 | Step 467500 | G: 2.2821 | D_A: 0.1202 | D_B: 0.0459 | Cycle: 0.6832
Epoch 67/80 | Step 467550 | G: 2.1413 | D_A: 0.1029 | D_B: 0.0612 | Cycle: 0.6631
Epoch 67/80 | Step 467600 | G: 2.1936 | D_A: 0.1594 | D_B: 0.0664 | Cycle: 0.7132
Epoch 67/80 | Step 467650 | G: 2.8051 | D_A: 0.1552 | D_B: 0.0936 | Cycle: 0.9465
Epoch 67/80 | Step 467700 | G: 2.5735 | D_A: 0.0586 | D_B: 0.1086 | Cycle: 0.7170
Epoch 67/80 | Step 467750 | G: 2.2907 | D_A: 0.0874 | D_B: 0.1128 | Cycle: 0.6382
Epoch 67/80 | Step 467800 | G: 2.2010 | D_A: 0.1330 | D_B: 0.0613 | Cycle: 0.6906
Epoch 67/80 | Step 467850 | G: 3.1334 | D_A: 0.0943 | D_B: 0.0317 | Cycle: 0.9922
Epoch 67/80 | Step 467900 | G: 2.6566 | D_A: 0.0842 | D_B: 0.0636 | Cycle: 0.7071
Epoch 67/80 | Step 467950 | G: 2.1945 | D_A: 0.0276 | D_B: 0.1198 | Cycle: 0.6965
Epoch 67/80 | Step 468000 | G: 2.1089 | D_A: 0.0621 | D_B: 0.2131 | Cycle: 0.6476
Epoch 67/80 | Step 468050 | G: 2.0375 | D_A: 0.0695 | D_B: 0.0908 | Cycle: 0.6974
Epoch 67/80 | Step 468100 | G: 2.2911 | D_A: 0.1237 | D_B: 0.0734 | Cycle: 0.6968
Epoch 67/80 | Step 468150 | G: 2.0464 | D_A: 0.0732 | D_B: 0.0676 | Cycle: 0.6282
Epoch 67/80 | Step 468200 | G: 2.5901 | D_A: 0.0437 | D_B: 0.0455 | Cycle: 0.7964
Epoch 67/80 | Step 468250 | G: 2.6833 | D_A: 0.0242 | D_B: 0.0443 | Cycle: 0.7640
Epoch 67/80 | Step 468300 | G: 2.8613 | D_A: 0.0610 | D_B: 0.0413 | Cycle: 0.8035
Epoch 67/80 | Step 468350 | G: 2.3759 | D_A: 0.0608 | D_B: 0.0692 | Cycle: 0.5895
Epoch 67/80 | Step 468400 | G: 2.4509 | D_A: 0.1795 | D_B: 0.0858 | Cycle: 0.9334
Epoch 67/80 | Step 468450 | G: 2.5144 | D_A: 0.1143 | D_B: 0.0901 | Cycle: 0.7967
Epoch 67/80 | Step 468500 | G: 2.4438 | D_A: 0.0247 | D_B: 0.0371 | Cycle: 0.7574
Epoch 67/80 | Step 468550 | G: 1.8415 | D_A: 0.0713 | D_B: 0.1287 | Cycle: 0.6956
Epoch 67/80 | Step 468600 | G: 2.2541 | D_A: 0.1207 | D_B: 0.1016 | Cycle: 0.6323
Epoch 67/80 | Step 468650 | G: 2.1748 | D_A: 0.1758 | D_B: 0.0839 | Cycle: 0.8328
Epoch 67/80 | Step 468700 | G: 2.1726 | D_A: 0.1149 | D_B: 0.1491 | Cycle: 0.7545
Epoch 67/80 | Step 468750 | G: 2.2943 | D_A: 0.1017 | D_B: 0.0499 | Cycle: 0.6685
Epoch 67/80 | Step 468800 | G: 2.4538 | D_A: 0.3693 | D_B: 0.0884 | Cycle: 0.7016
Epoch 67/80 | Step 468850 | G: 2.0685 | D_A: 0.0892 | D_B: 0.0396 | Cycle: 0.6436
Epoch 67/80 | Step 468900 | G: 3.3441 | D_A: 0.1165 | D_B: 0.0661 | Cycle: 1.1993
Epoch 67/80 | Step 468950 | G: 2.3154 | D_A: 0.1382 | D_B: 0.0570 | Cycle: 0.8036
Epoch 67/80 | Step 469000 | G: 2.2439 | D_A: 0.1287 | D_B: 0.0828 | Cycle: 0.6807
Epoch 67/80 | Step 469050 | G: 2.5147 | D_A: 0.0452 | D_B: 0.0574 | Cycle: 0.8147
Epoch 67/80 | Step 469100 | G: 2.4421 | D_A: 0.2274 | D_B: 0.0607 | Cycle: 0.7779
Epoch 67/80 | Step 469150 | G: 2.9407 | D_A: 0.0613 | D_B: 0.0417 | Cycle: 0.9078
Epoch 67/80 | Step 469200 | G: 2.2509 | D_A: 0.0467 | D_B: 0.1637 | Cycle: 0.7152
Epoch 67/80 | Step 469250 | G: 2.5775 | D_A: 0.0590 | D_B: 0.0720 | Cycle: 0.9484
Epoch 67/80 | Step 469300 | G: 2.3291 | D_A: 0.0578 | D_B: 0.0697 | Cycle: 0.6020
Epoch 67/80 | Step 469350 | G: 2.1051 | D_A: 0.1374 | D_B: 0.0562 | Cycle: 0.7676
Epoch 67/80 | Step 469400 | G: 1.8645 | D_A: 0.1002 | D_B: 0.1035 | Cycle: 0.6559
Epoch 67/80 | Step 469450 | G: 2.2449 | D_A: 0.0657 | D_B: 0.0490 | Cycle: 0.7440
Epoch 67/80 | Step 469500 | G: 2.1493 | D_A: 0.1424 | D_B: 0.0898 | Cycle: 0.7441
Epoch 67/80 | Step 469550 | G: 2.2291 | D_A: 0.1040 | D_B: 0.0490 | Cycle: 0.6694
Epoch 67/80 | Step 469600 | G: 2.4782 | D_A: 0.0851 | D_B: 0.0615 | Cycle: 0.7802
Epoch 67/80 | Step 469650 | G: 2.4283 | D_A: 0.0805 | D_B: 0.0737 | Cycle: 0.9639
Epoch 67/80 | Step 469700 | G: 1.4984 | D_A: 0.0918 | D_B: 0.2257 | Cycle: 0.5526
Epoch 67/80 | Step 469750 | G: 2.4140 | D_A: 0.0504 | D_B: 0.0599 | Cycle: 0.7154
Epoch 67/80 | Step 469800 | G: 2.5109 | D_A: 0.0728 | D_B: 0.0504 | Cycle: 0.6642
Epoch 67/80 | Step 469850 | G: 2.0573 | D_A: 0.0558 | D_B: 0.0565 | Cycle: 0.7845
Epoch 67/80 | Step 469900 | G: 2.1225 | D_A: 0.1419 | D_B: 0.1394 | Cycle: 0.6927
Epoch 67/80 | Step 469950 | G: 1.7228 | D_A: 0.0930 | D_B: 0.1598 | Cycle: 0.6077
Epoch 67/80 | Step 470000 | G: 2.0862 | D_A: 0.1006 | D_B: 0.0362 | Cycle: 0.8719
Epoch 67/80 | Step 470050 | G: 1.6872 | D_A: 0.0647 | D_B: 0.1567 | Cycle: 0.7085
Epoch 67/80 | Step 470100 | G: 2.0347 | D_A: 0.1017 | D_B: 0.1813 | Cycle: 0.6691
Epoch 67/80 | Step 470150 | G: 2.3616 | D_A: 0.0812 | D_B: 0.0623 | Cycle: 0.7867
Epoch 67/80 | Step 470200 | G: 2.7423 | D_A: 0.0675 | D_B: 0.0944 | Cycle: 0.6486
Epoch 67/80 | Step 470250 | G: 2.6284 | D_A: 0.0978 | D_B: 0.0626 | Cycle: 0.8450
Epoch 67/80 | Step 470300 | G: 2.2885 | D_A: 0.0991 | D_B: 0.0587 | Cycle: 0.6774
Epoch 67/80 | Step 470350 | G: 2.5253 | D_A: 0.0431 | D_B: 0.0541 | Cycle: 0.8823
Epoch 67/80 | Step 470400 | G: 2.7391 | D_A: 0.0300 | D_B: 0.1170 | Cycle: 0.6159
Epoch 67/80 | Step 470450 | G: 1.5770 | D_A: 0.1501 | D_B: 0.1562 | Cycle: 0.5556
Epoch 67/80 | Step 470500 | G: 2.1986 | D_A: 0.0648 | D_B: 0.0901 | Cycle: 0.8484
Epoch 67/80 | Step 470550 | G: 2.5240 | D_A: 0.1137 | D_B: 0.0507 | Cycle: 0.7801
Epoch 67/80 | Step 470600 | G: 2.5434 | D_A: 0.1382 | D_B: 0.0933 | Cycle: 0.8379
Epoch 67/80 | Step 470650 | G: 2.0662 | D_A: 0.0914 | D_B: 0.4082 | Cycle: 0.7596
Epoch 67/80 | Step 470700 | G: 2.2785 | D_A: 0.0699 | D_B: 0.0670 | Cycle: 0.7814
Epoch 67/80 | Step 470750 | G: 2.5037 | D_A: 0.1362 | D_B: 0.0431 | Cycle: 0.8467
Epoch 67/80 | Step 470800 | G: 2.0330 | D_A: 0.1088 | D_B: 0.0625 | Cycle: 0.8315
Epoch 67/80 | Step 470850 | G: 2.5151 | D_A: 0.1321 | D_B: 0.0670 | Cycle: 1.0428
Epoch 67/80 | Step 470900 | G: 2.4373 | D_A: 0.0360 | D_B: 0.0418 | Cycle: 0.7783
Epoch 67/80 | Step 470950 | G: 2.3292 | D_A: 0.0663 | D_B: 0.0482 | Cycle: 0.9441
Epoch 67/80 | Step 471000 | G: 2.9188 | D_A: 0.0818 | D_B: 0.0439 | Cycle: 1.0531
Epoch 67/80 | Step 471050 | G: 2.4559 | D_A: 0.2521 | D_B: 0.0815 | Cycle: 0.9964
Epoch 67/80 | Step 471100 | G: 2.9014 | D_A: 0.1076 | D_B: 0.0507 | Cycle: 1.1046
Epoch 67/80 | Step 471150 | G: 2.0390 | D_A: 0.1001 | D_B: 0.0984 | Cycle: 0.7775
Epoch 67/80 | Step 471200 | G: 3.5778 | D_A: 0.0524 | D_B: 0.0698 | Cycle: 1.6763
Epoch 67/80 | Step 471250 | G: 2.4470 | D_A: 0.1437 | D_B: 0.0688 | Cycle: 0.7246
Epoch 67/80 | Step 471300 | G: 2.0407 | D_A: 0.0740 | D_B: 0.1033 | Cycle: 0.7395
Epoch 67/80 | Step 471350 | G: 2.0880 | D_A: 0.0761 | D_B: 0.1010 | Cycle: 0.8241
Epoch 67/80 | Step 471400 | G: 2.8289 | D_A: 0.0526 | D_B: 0.0798 | Cycle: 0.8791
Epoch 67/80 | Step 471450 | G: 1.9858 | D_A: 0.1267 | D_B: 0.0513 | Cycle: 0.6493
Epoch 67/80 | Step 471500 | G: 1.9618 | D_A: 0.1634 | D_B: 0.0582 | Cycle: 0.7345
Epoch 67/80 complete | Time: 427s | Avg G: 2.3794 | Avg D: 0.0930
Epoch 68/80 | Step 471550 | G: 2.4779 | D_A: 0.0800 | D_B: 0.0447 | Cycle: 0.8711
Epoch 68/80 | Step 471600 | G: 2.3519 | D_A: 0.0860 | D_B: 0.0555 | Cycle: 0.7919
Epoch 68/80 | Step 471650 | G: 2.6109 | D_A: 0.0494 | D_B: 0.0911 | Cycle: 1.0389
Epoch 68/80 | Step 471700 | G: 2.0552 | D_A: 0.0752 | D_B: 0.0802 | Cycle: 0.7607
Epoch 68/80 | Step 471750 | G: 2.8324 | D_A: 0.1415 | D_B: 0.0510 | Cycle: 1.0668
Epoch 68/80 | Step 471800 | G: 1.9401 | D_A: 0.2178 | D_B: 0.0745 | Cycle: 0.6975
Epoch 68/80 | Step 471850 | G: 2.7590 | D_A: 0.0297 | D_B: 0.0833 | Cycle: 0.8136
Epoch 68/80 | Step 471900 | G: 1.6435 | D_A: 0.0315 | D_B: 0.0443 | Cycle: 0.6366
Epoch 68/80 | Step 471950 | G: 2.7167 | D_A: 0.0569 | D_B: 0.0628 | Cycle: 1.0258
Epoch 68/80 | Step 472000 | G: 2.4089 | D_A: 0.1399 | D_B: 0.0830 | Cycle: 0.7302
Epoch 68/80 | Step 472050 | G: 1.9774 | D_A: 0.2348 | D_B: 0.1307 | Cycle: 0.6156
Epoch 68/80 | Step 472100 | G: 2.3794 | D_A: 0.0799 | D_B: 0.0509 | Cycle: 0.8272
Epoch 68/80 | Step 472150 | G: 3.1472 | D_A: 0.0686 | D_B: 0.0758 | Cycle: 1.3595
Epoch 68/80 | Step 472200 | G: 2.4448 | D_A: 0.2542 | D_B: 0.1005 | Cycle: 0.8245
Epoch 68/80 | Step 472250 | G: 2.1722 | D_A: 0.0888 | D_B: 0.0334 | Cycle: 0.8160
Epoch 68/80 | Step 472300 | G: 1.9151 | D_A: 0.2027 | D_B: 0.0565 | Cycle: 0.6437
Epoch 68/80 | Step 472350 | G: 2.5589 | D_A: 0.0483 | D_B: 0.0593 | Cycle: 0.8010
Epoch 68/80 | Step 472400 | G: 2.5964 | D_A: 0.0385 | D_B: 0.1724 | Cycle: 0.7306
Epoch 68/80 | Step 472450 | G: 1.8959 | D_A: 0.2367 | D_B: 0.0692 | Cycle: 0.7917
Epoch 68/80 | Step 472500 | G: 2.1619 | D_A: 0.0747 | D_B: 0.0662 | Cycle: 0.7595
Epoch 68/80 | Step 472550 | G: 1.8827 | D_A: 0.0911 | D_B: 0.0535 | Cycle: 0.6567
Epoch 68/80 | Step 472600 | G: 2.7042 | D_A: 0.0858 | D_B: 0.0373 | Cycle: 0.9936
Epoch 68/80 | Step 472650 | G: 2.2196 | D_A: 0.0444 | D_B: 0.1245 | Cycle: 0.9220
Epoch 68/80 | Step 472700 | G: 2.2017 | D_A: 0.1531 | D_B: 0.0895 | Cycle: 0.6859
Epoch 68/80 | Step 472750 | G: 2.7569 | D_A: 0.1010 | D_B: 0.0644 | Cycle: 0.9924
Epoch 68/80 | Step 472800 | G: 2.6032 | D_A: 0.0550 | D_B: 0.0433 | Cycle: 0.8053
Epoch 68/80 | Step 472850 | G: 2.0424 | D_A: 0.0896 | D_B: 0.1202 | Cycle: 0.6565
Epoch 68/80 | Step 472900 | G: 1.9509 | D_A: 0.0985 | D_B: 0.1569 | Cycle: 0.5912
Epoch 68/80 | Step 472950 | G: 3.1417 | D_A: 0.0463 | D_B: 0.0405 | Cycle: 0.8913
Epoch 68/80 | Step 473000 | G: 2.8240 | D_A: 0.1382 | D_B: 0.0476 | Cycle: 1.0250
Epoch 68/80 | Step 473050 | G: 2.1375 | D_A: 0.0883 | D_B: 0.1028 | Cycle: 0.6066
Epoch 68/80 | Step 473100 | G: 2.2693 | D_A: 0.2275 | D_B: 0.1517 | Cycle: 0.7189
Epoch 68/80 | Step 473150 | G: 1.9428 | D_A: 0.0756 | D_B: 0.0854 | Cycle: 0.6940
Epoch 68/80 | Step 473200 | G: 2.4608 | D_A: 0.0530 | D_B: 0.0823 | Cycle: 1.0459
Epoch 68/80 | Step 473250 | G: 1.9934 | D_A: 0.0671 | D_B: 0.0654 | Cycle: 0.6978
Epoch 68/80 | Step 473300 | G: 2.1988 | D_A: 0.0458 | D_B: 0.0728 | Cycle: 0.6615
Epoch 68/80 | Step 473350 | G: 2.5646 | D_A: 0.1429 | D_B: 0.1351 | Cycle: 0.7837
Epoch 68/80 | Step 473400 | G: 2.5567 | D_A: 0.0646 | D_B: 0.0727 | Cycle: 0.7545
Epoch 68/80 | Step 473450 | G: 1.8898 | D_A: 0.0910 | D_B: 0.1122 | Cycle: 0.7951
Epoch 68/80 | Step 473500 | G: 2.6269 | D_A: 0.0337 | D_B: 0.0365 | Cycle: 0.7704
Epoch 68/80 | Step 473550 | G: 2.1461 | D_A: 0.0429 | D_B: 0.0769 | Cycle: 0.6245
Epoch 68/80 | Step 473600 | G: 2.8838 | D_A: 0.2157 | D_B: 0.0504 | Cycle: 0.7043
Epoch 68/80 | Step 473650 | G: 2.0210 | D_A: 0.0522 | D_B: 0.1657 | Cycle: 0.6277
Epoch 68/80 | Step 473700 | G: 3.3858 | D_A: 0.0442 | D_B: 0.0409 | Cycle: 1.0948
Epoch 68/80 | Step 473750 | G: 2.5071 | D_A: 0.0803 | D_B: 0.0733 | Cycle: 0.7253
Epoch 68/80 | Step 473800 | G: 1.7433 | D_A: 0.0655 | D_B: 0.1749 | Cycle: 0.7307
Epoch 68/80 | Step 473850 | G: 2.6735 | D_A: 0.1445 | D_B: 0.0752 | Cycle: 0.8400
Epoch 68/80 | Step 473900 | G: 2.4008 | D_A: 0.1907 | D_B: 0.0789 | Cycle: 0.9530
Epoch 68/80 | Step 473950 | G: 2.5147 | D_A: 0.0633 | D_B: 0.1023 | Cycle: 1.0884
Epoch 68/80 | Step 474000 | G: 2.3040 | D_A: 0.1257 | D_B: 0.0718 | Cycle: 0.8496
Epoch 68/80 | Step 474050 | G: 2.6484 | D_A: 0.0895 | D_B: 0.0795 | Cycle: 0.8161
Epoch 68/80 | Step 474100 | G: 2.5129 | D_A: 0.0740 | D_B: 0.1954 | Cycle: 0.7343
Epoch 68/80 | Step 474150 | G: 2.1568 | D_A: 0.1550 | D_B: 0.1166 | Cycle: 0.8594
Epoch 68/80 | Step 474200 | G: 2.4816 | D_A: 0.0470 | D_B: 0.0522 | Cycle: 0.8587
Epoch 68/80 | Step 474250 | G: 2.2758 | D_A: 0.1172 | D_B: 0.0678 | Cycle: 0.9688
Epoch 68/80 | Step 474300 | G: 2.4707 | D_A: 0.0741 | D_B: 0.2076 | Cycle: 0.7006
Epoch 68/80 | Step 474350 | G: 2.3247 | D_A: 0.3916 | D_B: 0.0880 | Cycle: 0.7030
Epoch 68/80 | Step 474400 | G: 2.8919 | D_A: 0.1279 | D_B: 0.0931 | Cycle: 0.9093
Epoch 68/80 | Step 474450 | G: 2.4593 | D_A: 0.0718 | D_B: 0.0474 | Cycle: 0.7911
Epoch 68/80 | Step 474500 | G: 2.8444 | D_A: 0.0728 | D_B: 0.0976 | Cycle: 1.0575
Epoch 68/80 | Step 474550 | G: 2.0259 | D_A: 0.0967 | D_B: 0.0370 | Cycle: 0.8117
Epoch 68/80 | Step 474600 | G: 2.3365 | D_A: 0.1849 | D_B: 0.1117 | Cycle: 0.7538
Epoch 68/80 | Step 474650 | G: 2.5824 | D_A: 0.1014 | D_B: 0.0403 | Cycle: 0.9239
Epoch 68/80 | Step 474700 | G: 2.5436 | D_A: 0.3512 | D_B: 0.0909 | Cycle: 0.8218
Epoch 68/80 | Step 474750 | G: 2.6172 | D_A: 0.1852 | D_B: 0.0409 | Cycle: 0.6834
Epoch 68/80 | Step 474800 | G: 2.2079 | D_A: 0.1923 | D_B: 0.0688 | Cycle: 0.8535
Epoch 68/80 | Step 474850 | G: 2.1968 | D_A: 0.0473 | D_B: 0.0526 | Cycle: 0.8314
Epoch 68/80 | Step 474900 | G: 2.2862 | D_A: 0.0548 | D_B: 0.0806 | Cycle: 0.6625
Epoch 68/80 | Step 474950 | G: 2.1529 | D_A: 0.1146 | D_B: 0.0663 | Cycle: 0.7406
Epoch 68/80 | Step 475000 | G: 2.4161 | D_A: 0.0665 | D_B: 0.0903 | Cycle: 0.8098
Epoch 68/80 | Step 475050 | G: 2.9937 | D_A: 0.0695 | D_B: 0.0401 | Cycle: 0.9164
Epoch 68/80 | Step 475100 | G: 1.7463 | D_A: 0.3405 | D_B: 0.1689 | Cycle: 0.6553
Epoch 68/80 | Step 475150 | G: 3.3088 | D_A: 0.0614 | D_B: 0.0504 | Cycle: 0.9320
Epoch 68/80 | Step 475200 | G: 1.8871 | D_A: 0.1577 | D_B: 0.1615 | Cycle: 0.8916
Epoch 68/80 | Step 475250 | G: 2.1083 | D_A: 0.2088 | D_B: 0.1317 | Cycle: 0.7593
Epoch 68/80 | Step 475300 | G: 3.0554 | D_A: 0.0933 | D_B: 0.1638 | Cycle: 1.0137
Epoch 68/80 | Step 475350 | G: 2.5019 | D_A: 0.0891 | D_B: 0.1334 | Cycle: 0.7643
Epoch 68/80 | Step 475400 | G: 1.8070 | D_A: 0.0741 | D_B: 0.0935 | Cycle: 0.5914
Epoch 68/80 | Step 475450 | G: 2.0909 | D_A: 0.0973 | D_B: 0.0720 | Cycle: 0.7789
Epoch 68/80 | Step 475500 | G: 1.5331 | D_A: 0.0853 | D_B: 0.0316 | Cycle: 0.5248
Epoch 68/80 | Step 475550 | G: 3.2795 | D_A: 0.0551 | D_B: 0.0445 | Cycle: 1.0567
Epoch 68/80 | Step 475600 | G: 2.0671 | D_A: 0.0529 | D_B: 0.0330 | Cycle: 0.7340
Epoch 68/80 | Step 475650 | G: 2.4208 | D_A: 0.2008 | D_B: 0.0678 | Cycle: 0.7748
Epoch 68/80 | Step 475700 | G: 2.8163 | D_A: 0.1471 | D_B: 0.0780 | Cycle: 0.9523
Epoch 68/80 | Step 475750 | G: 2.1561 | D_A: 0.0569 | D_B: 0.1942 | Cycle: 0.6716
Epoch 68/80 | Step 475800 | G: 1.9252 | D_A: 0.2062 | D_B: 0.0471 | Cycle: 0.7535
Epoch 68/80 | Step 475850 | G: 3.6277 | D_A: 0.1859 | D_B: 0.0595 | Cycle: 0.9747
Epoch 68/80 | Step 475900 | G: 2.7107 | D_A: 0.0528 | D_B: 0.1226 | Cycle: 1.1021
Epoch 68/80 | Step 475950 | G: 2.4300 | D_A: 0.0499 | D_B: 0.0703 | Cycle: 0.7399
Epoch 68/80 | Step 476000 | G: 2.2555 | D_A: 0.1785 | D_B: 0.0887 | Cycle: 0.7729
Epoch 68/80 | Step 476050 | G: 2.6016 | D_A: 0.0813 | D_B: 0.0535 | Cycle: 1.0039
Epoch 68/80 | Step 476100 | G: 2.6506 | D_A: 0.2708 | D_B: 0.0706 | Cycle: 0.5935
Epoch 68/80 | Step 476150 | G: 2.8712 | D_A: 0.0507 | D_B: 0.0759 | Cycle: 1.0872
Epoch 68/80 | Step 476200 | G: 2.4185 | D_A: 0.0667 | D_B: 0.0301 | Cycle: 0.8024
Epoch 68/80 | Step 476250 | G: 2.7747 | D_A: 0.0758 | D_B: 0.0659 | Cycle: 1.0187
Epoch 68/80 | Step 476300 | G: 2.8272 | D_A: 0.0445 | D_B: 0.0669 | Cycle: 0.8250
Epoch 68/80 | Step 476350 | G: 2.7746 | D_A: 0.0336 | D_B: 0.0790 | Cycle: 1.0634
Epoch 68/80 | Step 476400 | G: 2.9643 | D_A: 0.1126 | D_B: 0.0754 | Cycle: 0.8866
Epoch 68/80 | Step 476450 | G: 2.0759 | D_A: 0.0786 | D_B: 0.1088 | Cycle: 0.6264
Epoch 68/80 | Step 476500 | G: 2.9083 | D_A: 0.1024 | D_B: 0.0809 | Cycle: 0.8200
Epoch 68/80 | Step 476550 | G: 3.5871 | D_A: 0.0966 | D_B: 0.0535 | Cycle: 1.3571
Epoch 68/80 | Step 476600 | G: 2.1197 | D_A: 0.1049 | D_B: 0.0950 | Cycle: 0.7923
Epoch 68/80 | Step 476650 | G: 2.5083 | D_A: 0.0506 | D_B: 0.0638 | Cycle: 0.7566
Epoch 68/80 | Step 476700 | G: 2.8284 | D_A: 0.1915 | D_B: 0.0497 | Cycle: 1.1001
Epoch 68/80 | Step 476750 | G: 2.4898 | D_A: 0.1136 | D_B: 0.1125 | Cycle: 0.7931
Epoch 68/80 | Step 476800 | G: 2.5404 | D_A: 0.0976 | D_B: 0.0415 | Cycle: 0.9469
Epoch 68/80 | Step 476850 | G: 2.7680 | D_A: 0.0554 | D_B: 0.1940 | Cycle: 0.8349
Epoch 68/80 | Step 476900 | G: 2.5935 | D_A: 0.0666 | D_B: 0.0317 | Cycle: 0.7957
Epoch 68/80 | Step 476950 | G: 2.3017 | D_A: 0.0825 | D_B: 0.0476 | Cycle: 0.7431
Epoch 68/80 | Step 477000 | G: 2.8930 | D_A: 0.0549 | D_B: 0.0459 | Cycle: 0.9015
Epoch 68/80 | Step 477050 | G: 2.8185 | D_A: 0.0288 | D_B: 0.0462 | Cycle: 0.9058
Epoch 68/80 | Step 477100 | G: 2.4967 | D_A: 0.0833 | D_B: 0.0613 | Cycle: 0.9223
Epoch 68/80 | Step 477150 | G: 2.7094 | D_A: 0.0364 | D_B: 0.0606 | Cycle: 0.8645
Epoch 68/80 | Step 477200 | G: 2.4157 | D_A: 0.0477 | D_B: 0.0783 | Cycle: 0.7378
Epoch 68/80 | Step 477250 | G: 2.4223 | D_A: 0.0959 | D_B: 0.1579 | Cycle: 0.8021
Epoch 68/80 | Step 477300 | G: 2.6545 | D_A: 0.0731 | D_B: 0.0636 | Cycle: 0.7532
Epoch 68/80 | Step 477350 | G: 2.2048 | D_A: 0.0752 | D_B: 0.0792 | Cycle: 0.7724
Epoch 68/80 | Step 477400 | G: 2.4903 | D_A: 0.0414 | D_B: 0.0581 | Cycle: 0.8145
Epoch 68/80 | Step 477450 | G: 2.5389 | D_A: 0.0690 | D_B: 0.1455 | Cycle: 0.9707
Epoch 68/80 | Step 477500 | G: 2.0212 | D_A: 0.0884 | D_B: 0.1115 | Cycle: 0.7680
Epoch 68/80 | Step 477550 | G: 2.5090 | D_A: 0.0562 | D_B: 0.0365 | Cycle: 0.8526
Epoch 68/80 | Step 477600 | G: 2.8130 | D_A: 0.1352 | D_B: 0.1157 | Cycle: 0.6923
Epoch 68/80 | Step 477650 | G: 2.9576 | D_A: 0.0871 | D_B: 0.0742 | Cycle: 0.8970
Epoch 68/80 | Step 477700 | G: 2.4073 | D_A: 0.0546 | D_B: 0.0481 | Cycle: 0.9536
Epoch 68/80 | Step 477750 | G: 2.0196 | D_A: 0.0663 | D_B: 0.0798 | Cycle: 0.7626
Epoch 68/80 | Step 477800 | G: 1.6739 | D_A: 0.1315 | D_B: 0.1328 | Cycle: 0.5819
Epoch 68/80 | Step 477850 | G: 1.9669 | D_A: 0.1398 | D_B: 0.0520 | Cycle: 0.6365
Epoch 68/80 | Step 477900 | G: 2.4912 | D_A: 0.1695 | D_B: 0.1960 | Cycle: 0.6247
Epoch 68/80 | Step 477950 | G: 2.0687 | D_A: 0.1691 | D_B: 0.0725 | Cycle: 0.6368
Epoch 68/80 | Step 478000 | G: 1.9819 | D_A: 0.1596 | D_B: 0.0732 | Cycle: 0.6208
Epoch 68/80 | Step 478050 | G: 3.0308 | D_A: 0.0346 | D_B: 0.0674 | Cycle: 0.8450
Epoch 68/80 | Step 478100 | G: 3.2812 | D_A: 0.0480 | D_B: 0.0784 | Cycle: 1.2993
Epoch 68/80 | Step 478150 | G: 2.7073 | D_A: 0.0825 | D_B: 0.0705 | Cycle: 0.8718
Epoch 68/80 | Step 478200 | G: 1.7354 | D_A: 0.1086 | D_B: 0.1756 | Cycle: 0.6072
Epoch 68/80 | Step 478250 | G: 2.3701 | D_A: 0.0885 | D_B: 0.0305 | Cycle: 0.7407
Epoch 68/80 | Step 478300 | G: 2.1525 | D_A: 0.0362 | D_B: 0.0522 | Cycle: 0.8424
Epoch 68/80 | Step 478350 | G: 2.2257 | D_A: 0.1418 | D_B: 0.0524 | Cycle: 0.6622
Epoch 68/80 | Step 478400 | G: 1.9509 | D_A: 0.2113 | D_B: 0.1767 | Cycle: 0.6283
Epoch 68/80 | Step 478450 | G: 2.8524 | D_A: 0.0631 | D_B: 0.0320 | Cycle: 0.9051
Epoch 68/80 | Step 478500 | G: 2.0403 | D_A: 0.1106 | D_B: 0.1082 | Cycle: 0.6279
Epoch 68/80 | Step 478550 | G: 2.4602 | D_A: 0.2281 | D_B: 0.1365 | Cycle: 0.7286
Epoch 68/80 complete | Time: 429s | Avg G: 2.3787 | Avg D: 0.0928
Epoch 69/80 | Step 478600 | G: 2.6828 | D_A: 0.1273 | D_B: 0.1344 | Cycle: 0.8589
Epoch 69/80 | Step 478650 | G: 1.8974 | D_A: 0.2684 | D_B: 0.1188 | Cycle: 0.5866
Epoch 69/80 | Step 478700 | G: 2.6561 | D_A: 0.0769 | D_B: 0.0529 | Cycle: 1.0769
Epoch 69/80 | Step 478750 | G: 1.8542 | D_A: 0.0985 | D_B: 0.1027 | Cycle: 0.7960
Epoch 69/80 | Step 478800 | G: 2.6350 | D_A: 0.1635 | D_B: 0.1147 | Cycle: 0.9235
Epoch 69/80 | Step 478850 | G: 2.8785 | D_A: 0.0322 | D_B: 0.0583 | Cycle: 0.8938
Epoch 69/80 | Step 478900 | G: 2.6868 | D_A: 0.1722 | D_B: 0.0665 | Cycle: 0.7056
Epoch 69/80 | Step 478950 | G: 2.0748 | D_A: 0.0629 | D_B: 0.0412 | Cycle: 0.8142
Epoch 69/80 | Step 479000 | G: 2.0833 | D_A: 0.1148 | D_B: 0.0694 | Cycle: 0.8919
Epoch 69/80 | Step 479050 | G: 1.8500 | D_A: 0.0405 | D_B: 0.3036 | Cycle: 0.5226
Epoch 69/80 | Step 479100 | G: 1.8436 | D_A: 0.0669 | D_B: 0.1219 | Cycle: 0.6016
Epoch 69/80 | Step 479150 | G: 2.3911 | D_A: 0.0492 | D_B: 0.0722 | Cycle: 0.7886
Epoch 69/80 | Step 479200 | G: 2.3984 | D_A: 0.0927 | D_B: 0.0673 | Cycle: 0.9019
Epoch 69/80 | Step 479250 | G: 2.3504 | D_A: 0.0921 | D_B: 0.0913 | Cycle: 0.6993
Epoch 69/80 | Step 479300 | G: 2.5258 | D_A: 0.0664 | D_B: 0.0712 | Cycle: 0.9272
Epoch 69/80 | Step 479350 | G: 2.7603 | D_A: 0.0684 | D_B: 0.0452 | Cycle: 0.8422
Epoch 69/80 | Step 479400 | G: 2.5791 | D_A: 0.0837 | D_B: 0.1664 | Cycle: 0.8996
Epoch 69/80 | Step 479450 | G: 1.8856 | D_A: 0.1317 | D_B: 0.2147 | Cycle: 0.6465
Epoch 69/80 | Step 479500 | G: 2.3808 | D_A: 0.1143 | D_B: 0.0704 | Cycle: 0.7622
Epoch 69/80 | Step 479550 | G: 2.4906 | D_A: 0.1363 | D_B: 0.0759 | Cycle: 0.9769
Epoch 69/80 | Step 479600 | G: 2.6854 | D_A: 0.2091 | D_B: 0.0540 | Cycle: 0.9377
Epoch 69/80 | Step 479650 | G: 2.7554 | D_A: 0.0721 | D_B: 0.1196 | Cycle: 0.7629
Epoch 69/80 | Step 479700 | G: 2.1382 | D_A: 0.1447 | D_B: 0.0731 | Cycle: 0.7195
Epoch 69/80 | Step 479750 | G: 2.3218 | D_A: 0.1164 | D_B: 0.1555 | Cycle: 0.7383
Epoch 69/80 | Step 479800 | G: 2.1448 | D_A: 0.0733 | D_B: 0.1158 | Cycle: 0.8090
Epoch 69/80 | Step 479850 | G: 1.9611 | D_A: 0.0519 | D_B: 0.1112 | Cycle: 0.6627
Epoch 69/80 | Step 479900 | G: 2.2312 | D_A: 0.1271 | D_B: 0.0561 | Cycle: 0.8482
Epoch 69/80 | Step 479950 | G: 2.0403 | D_A: 0.0826 | D_B: 0.0478 | Cycle: 0.6805
Epoch 69/80 | Step 480000 | G: 2.6546 | D_A: 0.0500 | D_B: 0.0625 | Cycle: 0.9509
Epoch 69/80 | Step 480050 | G: 1.8500 | D_A: 0.1153 | D_B: 0.0336 | Cycle: 0.5641
Epoch 69/80 | Step 480100 | G: 2.1711 | D_A: 0.1682 | D_B: 0.1245 | Cycle: 0.6352
Epoch 69/80 | Step 480150 | G: 2.3785 | D_A: 0.1172 | D_B: 0.1071 | Cycle: 0.7581
Epoch 69/80 | Step 480200 | G: 2.1688 | D_A: 0.1837 | D_B: 0.0841 | Cycle: 0.6883
Epoch 69/80 | Step 480250 | G: 1.9926 | D_A: 0.0998 | D_B: 0.0799 | Cycle: 0.5683
Epoch 69/80 | Step 480300 | G: 3.1524 | D_A: 0.0557 | D_B: 0.0510 | Cycle: 1.0222
Epoch 69/80 | Step 480350 | G: 2.2036 | D_A: 0.0656 | D_B: 0.0624 | Cycle: 0.7409
Epoch 69/80 | Step 480400 | G: 2.4188 | D_A: 0.1828 | D_B: 0.0332 | Cycle: 0.7163
Epoch 69/80 | Step 480450 | G: 1.6647 | D_A: 0.0670 | D_B: 0.1254 | Cycle: 0.5231
Epoch 69/80 | Step 480500 | G: 2.2641 | D_A: 0.0925 | D_B: 0.0973 | Cycle: 0.7431
Epoch 69/80 | Step 480550 | G: 2.5015 | D_A: 0.0292 | D_B: 0.0743 | Cycle: 0.7186
Epoch 69/80 | Step 480600 | G: 2.2694 | D_A: 0.0527 | D_B: 0.2068 | Cycle: 0.8266
Epoch 69/80 | Step 480650 | G: 2.4271 | D_A: 0.0893 | D_B: 0.0487 | Cycle: 0.9064
Epoch 69/80 | Step 480700 | G: 2.4647 | D_A: 0.1004 | D_B: 0.0358 | Cycle: 0.8437
Epoch 69/80 | Step 480750 | G: 2.3439 | D_A: 0.1320 | D_B: 0.0734 | Cycle: 0.6706
Epoch 69/80 | Step 480800 | G: 2.5030 | D_A: 0.1177 | D_B: 0.0311 | Cycle: 0.7312
Epoch 69/80 | Step 480850 | G: 2.4485 | D_A: 0.0339 | D_B: 0.0363 | Cycle: 0.8302
Epoch 69/80 | Step 480900 | G: 2.7220 | D_A: 0.0783 | D_B: 0.1837 | Cycle: 0.6360
Epoch 69/80 | Step 480950 | G: 2.6638 | D_A: 0.0762 | D_B: 0.0417 | Cycle: 0.9297
Epoch 69/80 | Step 481000 | G: 2.5633 | D_A: 0.0761 | D_B: 0.0342 | Cycle: 0.7820
Epoch 69/80 | Step 481050 | G: 2.8615 | D_A: 0.2278 | D_B: 0.0596 | Cycle: 1.0134
Epoch 69/80 | Step 481100 | G: 2.4554 | D_A: 0.0329 | D_B: 0.1020 | Cycle: 0.9773
Epoch 69/80 | Step 481150 | G: 2.7019 | D_A: 0.0615 | D_B: 0.0389 | Cycle: 0.9857
Epoch 69/80 | Step 481200 | G: 2.1305 | D_A: 0.1059 | D_B: 0.1073 | Cycle: 0.7160
Epoch 69/80 | Step 481250 | G: 2.3919 | D_A: 0.0322 | D_B: 0.0566 | Cycle: 0.7534
Epoch 69/80 | Step 481300 | G: 2.1189 | D_A: 0.0937 | D_B: 0.0906 | Cycle: 0.7960
Epoch 69/80 | Step 481350 | G: 1.7368 | D_A: 0.1387 | D_B: 0.1819 | Cycle: 0.6737
Epoch 69/80 | Step 481400 | G: 2.9609 | D_A: 0.0811 | D_B: 0.0633 | Cycle: 0.9914
Epoch 69/80 | Step 481450 | G: 2.2386 | D_A: 0.1925 | D_B: 0.1202 | Cycle: 0.6694
Epoch 69/80 | Step 481500 | G: 2.3361 | D_A: 0.1039 | D_B: 0.0600 | Cycle: 0.8158
Epoch 69/80 | Step 481550 | G: 2.2432 | D_A: 0.1075 | D_B: 0.0972 | Cycle: 0.8673
Epoch 69/80 | Step 481600 | G: 2.4168 | D_A: 0.1215 | D_B: 0.2638 | Cycle: 0.7111
Epoch 69/80 | Step 481650 | G: 1.9511 | D_A: 0.0633 | D_B: 0.1006 | Cycle: 0.7231
Epoch 69/80 | Step 481700 | G: 2.5353 | D_A: 0.1250 | D_B: 0.0749 | Cycle: 0.7400
Epoch 69/80 | Step 481750 | G: 2.1569 | D_A: 0.2171 | D_B: 0.0337 | Cycle: 0.8122
Epoch 69/80 | Step 481800 | G: 2.4856 | D_A: 0.1252 | D_B: 0.0886 | Cycle: 0.9144
Epoch 69/80 | Step 481850 | G: 2.2280 | D_A: 0.0854 | D_B: 0.0623 | Cycle: 0.6786
Epoch 69/80 | Step 481900 | G: 1.7252 | D_A: 0.0638 | D_B: 0.0475 | Cycle: 0.6134
Epoch 69/80 | Step 481950 | G: 1.8611 | D_A: 0.0929 | D_B: 0.0504 | Cycle: 0.7452
Epoch 69/80 | Step 482000 | G: 2.0103 | D_A: 0.1553 | D_B: 0.0735 | Cycle: 0.7131
Epoch 69/80 | Step 482050 | G: 2.2207 | D_A: 0.0710 | D_B: 0.1345 | Cycle: 0.6082
Epoch 69/80 | Step 482100 | G: 2.0969 | D_A: 0.0556 | D_B: 0.0691 | Cycle: 0.8205
Epoch 69/80 | Step 482150 | G: 2.1521 | D_A: 0.0651 | D_B: 0.0535 | Cycle: 0.7068
Epoch 69/80 | Step 482200 | G: 1.8523 | D_A: 0.0656 | D_B: 0.0853 | Cycle: 0.7372
Epoch 69/80 | Step 482250 | G: 2.6500 | D_A: 0.2186 | D_B: 0.0549 | Cycle: 1.1001
Epoch 69/80 | Step 482300 | G: 1.8101 | D_A: 0.1499 | D_B: 0.1393 | Cycle: 0.5858
Epoch 69/80 | Step 482350 | G: 2.4457 | D_A: 0.0246 | D_B: 0.0625 | Cycle: 0.8615
Epoch 69/80 | Step 482400 | G: 2.2300 | D_A: 0.1059 | D_B: 0.0913 | Cycle: 0.7507
Epoch 69/80 | Step 482450 | G: 2.6010 | D_A: 0.0649 | D_B: 0.0606 | Cycle: 0.8306
Epoch 69/80 | Step 482500 | G: 2.7819 | D_A: 0.0577 | D_B: 0.0615 | Cycle: 0.9285
Epoch 69/80 | Step 482550 | G: 1.9280 | D_A: 0.1190 | D_B: 0.1227 | Cycle: 0.7113
Epoch 69/80 | Step 482600 | G: 2.3761 | D_A: 0.1078 | D_B: 0.0937 | Cycle: 0.8404
Epoch 69/80 | Step 482650 | G: 2.8362 | D_A: 0.0561 | D_B: 0.0633 | Cycle: 0.9172
Epoch 69/80 | Step 482700 | G: 2.5669 | D_A: 0.0778 | D_B: 0.1571 | Cycle: 0.7095
Epoch 69/80 | Step 482750 | G: 2.0995 | D_A: 0.0481 | D_B: 0.1243 | Cycle: 0.5508
Epoch 69/80 | Step 482800 | G: 2.5485 | D_A: 0.1356 | D_B: 0.1002 | Cycle: 0.8563
Epoch 69/80 | Step 482850 | G: 2.9683 | D_A: 0.1111 | D_B: 0.0294 | Cycle: 0.7754
Epoch 69/80 | Step 482900 | G: 2.4782 | D_A: 0.1913 | D_B: 0.0421 | Cycle: 0.6728
Epoch 69/80 | Step 482950 | G: 2.6322 | D_A: 0.0976 | D_B: 0.0424 | Cycle: 0.9905
Epoch 69/80 | Step 483000 | G: 2.2563 | D_A: 0.1187 | D_B: 0.1448 | Cycle: 0.6912
Epoch 69/80 | Step 483050 | G: 2.2632 | D_A: 0.0894 | D_B: 0.0491 | Cycle: 0.8471
Epoch 69/80 | Step 483100 | G: 2.6839 | D_A: 0.1100 | D_B: 0.0301 | Cycle: 0.7051
Epoch 69/80 | Step 483150 | G: 2.5499 | D_A: 0.0658 | D_B: 0.0827 | Cycle: 0.7932
Epoch 69/80 | Step 483200 | G: 2.6531 | D_A: 0.0447 | D_B: 0.0957 | Cycle: 0.8157
Epoch 69/80 | Step 483250 | G: 2.0344 | D_A: 0.1183 | D_B: 0.0505 | Cycle: 0.6957
Epoch 69/80 | Step 483300 | G: 2.2520 | D_A: 0.0837 | D_B: 0.1538 | Cycle: 0.6226
Epoch 69/80 | Step 483350 | G: 1.9625 | D_A: 0.1399 | D_B: 0.0552 | Cycle: 0.7094
Epoch 69/80 | Step 483400 | G: 2.8100 | D_A: 0.1405 | D_B: 0.0453 | Cycle: 0.9715
Epoch 69/80 | Step 483450 | G: 2.1586 | D_A: 0.1405 | D_B: 0.0816 | Cycle: 0.7605
Epoch 69/80 | Step 483500 | G: 2.7353 | D_A: 0.0537 | D_B: 0.0530 | Cycle: 0.8893
Epoch 69/80 | Step 483550 | G: 2.5430 | D_A: 0.0740 | D_B: 0.0894 | Cycle: 0.7133
Epoch 69/80 | Step 483600 | G: 2.2316 | D_A: 0.1036 | D_B: 0.0855 | Cycle: 0.7385
Epoch 69/80 | Step 483650 | G: 2.6752 | D_A: 0.0963 | D_B: 0.0923 | Cycle: 0.9119
Epoch 69/80 | Step 483700 | G: 2.2490 | D_A: 0.0993 | D_B: 0.1026 | Cycle: 0.7597
Epoch 69/80 | Step 483750 | G: 2.3011 | D_A: 0.1221 | D_B: 0.0452 | Cycle: 0.7050
Epoch 69/80 | Step 483800 | G: 2.3403 | D_A: 0.0435 | D_B: 0.0947 | Cycle: 0.6583
Epoch 69/80 | Step 483850 | G: 3.0594 | D_A: 0.1425 | D_B: 0.0530 | Cycle: 0.9923
Epoch 69/80 | Step 483900 | G: 2.7470 | D_A: 0.0802 | D_B: 0.0630 | Cycle: 0.7980
Epoch 69/80 | Step 483950 | G: 2.5308 | D_A: 0.0769 | D_B: 0.0299 | Cycle: 0.8391
Epoch 69/80 | Step 484000 | G: 2.0729 | D_A: 0.0990 | D_B: 0.1322 | Cycle: 0.5968
Epoch 69/80 | Step 484050 | G: 2.2931 | D_A: 0.0460 | D_B: 0.0791 | Cycle: 0.7778
Epoch 69/80 | Step 484100 | G: 3.0221 | D_A: 0.1265 | D_B: 0.0559 | Cycle: 1.0857
Epoch 69/80 | Step 484150 | G: 2.6689 | D_A: 0.0823 | D_B: 0.0899 | Cycle: 0.8596
Epoch 69/80 | Step 484200 | G: 2.4989 | D_A: 0.0484 | D_B: 0.1204 | Cycle: 0.7435
Epoch 69/80 | Step 484250 | G: 2.3706 | D_A: 0.0288 | D_B: 0.0445 | Cycle: 0.6817
Epoch 69/80 | Step 484300 | G: 2.4723 | D_A: 0.1267 | D_B: 0.0402 | Cycle: 1.0884
Epoch 69/80 | Step 484350 | G: 2.1429 | D_A: 0.0507 | D_B: 0.0408 | Cycle: 0.6938
Epoch 69/80 | Step 484400 | G: 2.4891 | D_A: 0.0627 | D_B: 0.0338 | Cycle: 0.9757
Epoch 69/80 | Step 484450 | G: 2.4493 | D_A: 0.1522 | D_B: 0.0812 | Cycle: 0.7787
Epoch 69/80 | Step 484500 | G: 2.2544 | D_A: 0.1567 | D_B: 0.0751 | Cycle: 0.8532
Epoch 69/80 | Step 484550 | G: 3.0286 | D_A: 0.0940 | D_B: 0.0526 | Cycle: 1.0458
Epoch 69/80 | Step 484600 | G: 2.4301 | D_A: 0.0769 | D_B: 0.0961 | Cycle: 0.7358
Epoch 69/80 | Step 484650 | G: 2.2641 | D_A: 0.2903 | D_B: 0.0752 | Cycle: 0.6708
Epoch 69/80 | Step 484700 | G: 1.8769 | D_A: 0.1593 | D_B: 0.0402 | Cycle: 0.5291
Epoch 69/80 | Step 484750 | G: 2.5792 | D_A: 0.0736 | D_B: 0.0298 | Cycle: 0.8582
Epoch 69/80 | Step 484800 | G: 2.7985 | D_A: 0.0257 | D_B: 0.0287 | Cycle: 0.7963
Epoch 69/80 | Step 484850 | G: 2.5413 | D_A: 0.0638 | D_B: 0.1780 | Cycle: 0.5975
Epoch 69/80 | Step 484900 | G: 2.2286 | D_A: 0.2073 | D_B: 0.0984 | Cycle: 0.9527
Epoch 69/80 | Step 484950 | G: 2.8535 | D_A: 0.0472 | D_B: 0.0666 | Cycle: 0.8038
Epoch 69/80 | Step 485000 | G: 2.1083 | D_A: 0.1866 | D_B: 0.0864 | Cycle: 0.6684
Epoch 69/80 | Step 485050 | G: 3.0232 | D_A: 0.0587 | D_B: 0.0597 | Cycle: 1.0685
Epoch 69/80 | Step 485100 | G: 3.5496 | D_A: 0.0285 | D_B: 0.1177 | Cycle: 1.0399
Epoch 69/80 | Step 485150 | G: 2.6237 | D_A: 0.0718 | D_B: 0.0764 | Cycle: 0.7868
Epoch 69/80 | Step 485200 | G: 2.3645 | D_A: 0.0226 | D_B: 0.1046 | Cycle: 0.6617
Epoch 69/80 | Step 485250 | G: 2.1881 | D_A: 0.1425 | D_B: 0.0584 | Cycle: 0.8612
Epoch 69/80 | Step 485300 | G: 2.4212 | D_A: 0.0643 | D_B: 0.0784 | Cycle: 0.7959
Epoch 69/80 | Step 485350 | G: 2.7028 | D_A: 0.0598 | D_B: 0.0516 | Cycle: 0.7656
Epoch 69/80 | Step 485400 | G: 2.8791 | D_A: 0.1308 | D_B: 0.0267 | Cycle: 0.9138
Epoch 69/80 | Step 485450 | G: 2.3143 | D_A: 0.1574 | D_B: 0.0683 | Cycle: 0.8871
Epoch 69/80 | Step 485500 | G: 2.5749 | D_A: 0.0860 | D_B: 0.1646 | Cycle: 0.7385
Epoch 69/80 | Step 485550 | G: 2.4188 | D_A: 0.0720 | D_B: 0.0623 | Cycle: 0.8167
Epoch 69/80 | Step 485600 | G: 1.5293 | D_A: 0.1487 | D_B: 0.1169 | Cycle: 0.6293
Epoch 69/80 complete | Time: 429s | Avg G: 2.3933 | Avg D: 0.0910
Epoch 70/80 | Step 485650 | G: 2.2301 | D_A: 0.0362 | D_B: 0.2061 | Cycle: 0.7067
Epoch 70/80 | Step 485700 | G: 2.3420 | D_A: 0.0422 | D_B: 0.0605 | Cycle: 0.7368
Epoch 70/80 | Step 485750 | G: 2.1397 | D_A: 0.1074 | D_B: 0.0913 | Cycle: 0.6791
Epoch 70/80 | Step 485800 | G: 3.0795 | D_A: 0.0749 | D_B: 0.0497 | Cycle: 0.8905
Epoch 70/80 | Step 485850 | G: 2.5418 | D_A: 0.0476 | D_B: 0.0568 | Cycle: 0.7897
Epoch 70/80 | Step 485900 | G: 2.4769 | D_A: 0.1067 | D_B: 0.0357 | Cycle: 0.6677
Epoch 70/80 | Step 485950 | G: 2.6003 | D_A: 0.0335 | D_B: 0.0707 | Cycle: 0.8492
Epoch 70/80 | Step 486000 | G: 2.1535 | D_A: 0.0802 | D_B: 0.1337 | Cycle: 0.7511
Epoch 70/80 | Step 486050 | G: 2.5151 | D_A: 0.3544 | D_B: 0.0513 | Cycle: 0.7659
Epoch 70/80 | Step 486100 | G: 2.7444 | D_A: 0.0498 | D_B: 0.0643 | Cycle: 0.6932
Epoch 70/80 | Step 486150 | G: 2.7722 | D_A: 0.0654 | D_B: 0.0399 | Cycle: 0.7793
Epoch 70/80 | Step 486200 | G: 3.0484 | D_A: 0.2031 | D_B: 0.0422 | Cycle: 1.1118
Epoch 70/80 | Step 486250 | G: 2.1322 | D_A: 0.1112 | D_B: 0.0950 | Cycle: 0.8534
Epoch 70/80 | Step 486300 | G: 2.2207 | D_A: 0.0382 | D_B: 0.1000 | Cycle: 0.7762
Epoch 70/80 | Step 486350 | G: 2.3014 | D_A: 0.0510 | D_B: 0.1752 | Cycle: 0.6689
Epoch 70/80 | Step 486400 | G: 2.5632 | D_A: 0.0561 | D_B: 0.0315 | Cycle: 0.7725
Epoch 70/80 | Step 486450 | G: 2.4478 | D_A: 0.0543 | D_B: 0.1239 | Cycle: 0.5927
Epoch 70/80 | Step 486500 | G: 2.5642 | D_A: 0.0359 | D_B: 0.0585 | Cycle: 0.8187
Epoch 70/80 | Step 486550 | G: 2.0514 | D_A: 0.0378 | D_B: 0.0619 | Cycle: 0.6771
Epoch 70/80 | Step 486600 | G: 2.8412 | D_A: 0.1139 | D_B: 0.1256 | Cycle: 0.9865
Epoch 70/80 | Step 486650 | G: 2.3539 | D_A: 0.1207 | D_B: 0.0527 | Cycle: 0.7299
Epoch 70/80 | Step 486700 | G: 2.8264 | D_A: 0.0350 | D_B: 0.0586 | Cycle: 0.7232
Epoch 70/80 | Step 486750 | G: 2.8067 | D_A: 0.0374 | D_B: 0.0443 | Cycle: 0.7411
Epoch 70/80 | Step 486800 | G: 2.1971 | D_A: 0.0999 | D_B: 0.0851 | Cycle: 0.7614
Epoch 70/80 | Step 486850 | G: 2.4665 | D_A: 0.0752 | D_B: 0.1004 | Cycle: 0.7750
Epoch 70/80 | Step 486900 | G: 2.0218 | D_A: 0.0764 | D_B: 0.1969 | Cycle: 0.7179
Epoch 70/80 | Step 486950 | G: 2.5474 | D_A: 0.0702 | D_B: 0.0571 | Cycle: 0.8110
Epoch 70/80 | Step 487000 | G: 2.9069 | D_A: 0.0532 | D_B: 0.1006 | Cycle: 0.8914
Epoch 70/80 | Step 487050 | G: 2.5301 | D_A: 0.2695 | D_B: 0.0769 | Cycle: 0.5727
Epoch 70/80 | Step 487100 | G: 2.0709 | D_A: 0.0567 | D_B: 0.0814 | Cycle: 0.6699
Epoch 70/80 | Step 487150 | G: 2.4232 | D_A: 0.1017 | D_B: 0.0424 | Cycle: 0.7845
Epoch 70/80 | Step 487200 | G: 2.2001 | D_A: 0.1060 | D_B: 0.1505 | Cycle: 0.7494
Epoch 70/80 | Step 487250 | G: 3.6073 | D_A: 0.0547 | D_B: 0.0382 | Cycle: 1.1743
Epoch 70/80 | Step 487300 | G: 3.5742 | D_A: 0.0305 | D_B: 0.0744 | Cycle: 0.9178
Epoch 70/80 | Step 487350 | G: 2.5487 | D_A: 0.2069 | D_B: 0.0467 | Cycle: 0.9619
Epoch 70/80 | Step 487400 | G: 1.9894 | D_A: 0.0952 | D_B: 0.0511 | Cycle: 0.6363
Epoch 70/80 | Step 487450 | G: 2.0606 | D_A: 0.0456 | D_B: 0.0486 | Cycle: 0.7336
Epoch 70/80 | Step 487500 | G: 2.4343 | D_A: 0.1225 | D_B: 0.0790 | Cycle: 0.7688
Epoch 70/80 | Step 487550 | G: 2.5397 | D_A: 0.0832 | D_B: 0.0365 | Cycle: 0.9004
Epoch 70/80 | Step 487600 | G: 2.4275 | D_A: 0.1461 | D_B: 0.0369 | Cycle: 1.0922
Epoch 70/80 | Step 487650 | G: 2.9791 | D_A: 0.1077 | D_B: 0.0387 | Cycle: 0.9396
Epoch 70/80 | Step 487700 | G: 2.8489 | D_A: 0.1626 | D_B: 0.0682 | Cycle: 0.9630
Epoch 70/80 | Step 487750 | G: 2.6632 | D_A: 0.0722 | D_B: 0.1246 | Cycle: 1.1556
Epoch 70/80 | Step 487800 | G: 2.4095 | D_A: 0.1178 | D_B: 0.0564 | Cycle: 0.7667
Epoch 70/80 | Step 487850 | G: 1.9234 | D_A: 0.2282 | D_B: 0.2053 | Cycle: 0.6879
Epoch 70/80 | Step 487900 | G: 2.5597 | D_A: 0.0579 | D_B: 0.0286 | Cycle: 0.7571
Epoch 70/80 | Step 487950 | G: 2.4679 | D_A: 0.0382 | D_B: 0.1402 | Cycle: 0.5789
Epoch 70/80 | Step 488000 | G: 2.2446 | D_A: 0.1369 | D_B: 0.2413 | Cycle: 0.7850
Epoch 70/80 | Step 488050 | G: 2.2607 | D_A: 0.1099 | D_B: 0.0786 | Cycle: 0.7709
Epoch 70/80 | Step 488100 | G: 1.9132 | D_A: 0.1117 | D_B: 0.0814 | Cycle: 0.6608
Epoch 70/80 | Step 488150 | G: 2.3201 | D_A: 0.2478 | D_B: 0.1284 | Cycle: 0.6536
Epoch 70/80 | Step 488200 | G: 2.4341 | D_A: 0.0763 | D_B: 0.0536 | Cycle: 0.7140
Epoch 70/80 | Step 488250 | G: 2.6812 | D_A: 0.0658 | D_B: 0.0426 | Cycle: 0.8375
Epoch 70/80 | Step 488300 | G: 2.3252 | D_A: 0.0739 | D_B: 0.0458 | Cycle: 0.8160
Epoch 70/80 | Step 488350 | G: 1.7639 | D_A: 0.0516 | D_B: 0.0597 | Cycle: 0.6122
Epoch 70/80 | Step 488400 | G: 2.1487 | D_A: 0.0424 | D_B: 0.0547 | Cycle: 0.7049
Epoch 70/80 | Step 488450 | G: 1.6932 | D_A: 0.1099 | D_B: 0.1561 | Cycle: 0.5960
Epoch 70/80 | Step 488500 | G: 2.6627 | D_A: 0.0715 | D_B: 0.0835 | Cycle: 0.8356
Epoch 70/80 | Step 488550 | G: 2.7425 | D_A: 0.1324 | D_B: 0.0504 | Cycle: 0.7340
Epoch 70/80 | Step 488600 | G: 2.0712 | D_A: 0.0710 | D_B: 0.1130 | Cycle: 0.6370
Epoch 70/80 | Step 488650 | G: 2.5573 | D_A: 0.0340 | D_B: 0.0586 | Cycle: 0.8010
Epoch 70/80 | Step 488700 | G: 2.0921 | D_A: 0.1904 | D_B: 0.0470 | Cycle: 0.7692
Epoch 70/80 | Step 488750 | G: 2.0957 | D_A: 0.1049 | D_B: 0.0959 | Cycle: 0.7536
Epoch 70/80 | Step 488800 | G: 2.2528 | D_A: 0.0862 | D_B: 0.1963 | Cycle: 0.5870
Epoch 70/80 | Step 488850 | G: 2.3195 | D_A: 0.0991 | D_B: 0.0435 | Cycle: 0.7564
Epoch 70/80 | Step 488900 | G: 2.1192 | D_A: 0.0604 | D_B: 0.1011 | Cycle: 0.6983
Epoch 70/80 | Step 488950 | G: 1.7884 | D_A: 0.0960 | D_B: 0.0607 | Cycle: 0.6452
Epoch 70/80 | Step 489000 | G: 3.3535 | D_A: 0.0691 | D_B: 0.0399 | Cycle: 0.9850
Epoch 70/80 | Step 489050 | G: 1.8600 | D_A: 0.1713 | D_B: 0.0925 | Cycle: 0.5638
Epoch 70/80 | Step 489100 | G: 2.3581 | D_A: 0.0533 | D_B: 0.0524 | Cycle: 0.7911
Epoch 70/80 | Step 489150 | G: 2.4077 | D_A: 0.0543 | D_B: 0.0451 | Cycle: 0.7118
Epoch 70/80 | Step 489200 | G: 2.2046 | D_A: 0.0377 | D_B: 0.0829 | Cycle: 0.9243
Epoch 70/80 | Step 489250 | G: 2.2643 | D_A: 0.0640 | D_B: 0.0816 | Cycle: 0.7305
Epoch 70/80 | Step 489300 | G: 2.0586 | D_A: 0.0605 | D_B: 0.1176 | Cycle: 0.7328
Epoch 70/80 | Step 489350 | G: 2.4143 | D_A: 0.4215 | D_B: 0.0588 | Cycle: 1.0133
Epoch 70/80 | Step 489400 | G: 2.0345 | D_A: 0.0310 | D_B: 0.1006 | Cycle: 0.5984
Epoch 70/80 | Step 489450 | G: 2.4544 | D_A: 0.0875 | D_B: 0.0693 | Cycle: 0.9729
Epoch 70/80 | Step 489500 | G: 2.2048 | D_A: 0.1700 | D_B: 0.0796 | Cycle: 0.9473
Epoch 70/80 | Step 489550 | G: 2.5445 | D_A: 0.2206 | D_B: 0.0792 | Cycle: 0.8122
Epoch 70/80 | Step 489600 | G: 2.7022 | D_A: 0.1062 | D_B: 0.0376 | Cycle: 0.7842
Epoch 70/80 | Step 489650 | G: 2.5889 | D_A: 0.1134 | D_B: 0.0463 | Cycle: 0.9187
Epoch 70/80 | Step 489700 | G: 1.9429 | D_A: 0.0991 | D_B: 0.0839 | Cycle: 0.6654
Epoch 70/80 | Step 489750 | G: 2.6713 | D_A: 0.0998 | D_B: 0.0697 | Cycle: 0.9402
Epoch 70/80 | Step 489800 | G: 2.3894 | D_A: 0.0773 | D_B: 0.0810 | Cycle: 0.8157
Epoch 70/80 | Step 489850 | G: 2.0543 | D_A: 0.2134 | D_B: 0.1001 | Cycle: 0.5206
Epoch 70/80 | Step 489900 | G: 2.5642 | D_A: 0.0867 | D_B: 0.0305 | Cycle: 0.7011
Epoch 70/80 | Step 489950 | G: 2.2979 | D_A: 0.0997 | D_B: 0.0526 | Cycle: 0.8058
Epoch 70/80 | Step 490000 | G: 2.0658 | D_A: 0.1214 | D_B: 0.0296 | Cycle: 0.8189
Epoch 70/80 | Step 490050 | G: 2.5752 | D_A: 0.1810 | D_B: 0.0754 | Cycle: 0.9212
Epoch 70/80 | Step 490100 | G: 2.3987 | D_A: 0.0935 | D_B: 0.0853 | Cycle: 0.7529
Epoch 70/80 | Step 490150 | G: 2.4478 | D_A: 0.2048 | D_B: 0.0724 | Cycle: 0.8357
Epoch 70/80 | Step 490200 | G: 2.7707 | D_A: 0.0408 | D_B: 0.0665 | Cycle: 0.9873
Epoch 70/80 | Step 490250 | G: 2.4744 | D_A: 0.0324 | D_B: 0.1632 | Cycle: 0.6915
Epoch 70/80 | Step 490300 | G: 2.7874 | D_A: 0.0376 | D_B: 0.0516 | Cycle: 0.9451
Epoch 70/80 | Step 490350 | G: 3.4845 | D_A: 0.0826 | D_B: 0.0416 | Cycle: 1.0877
Epoch 70/80 | Step 490400 | G: 2.3909 | D_A: 0.0547 | D_B: 0.0669 | Cycle: 0.7716
Epoch 70/80 | Step 490450 | G: 2.6397 | D_A: 0.0955 | D_B: 0.0809 | Cycle: 0.9010
Epoch 70/80 | Step 490500 | G: 2.1291 | D_A: 0.2094 | D_B: 0.0685 | Cycle: 0.7258
Epoch 70/80 | Step 490550 | G: 2.0204 | D_A: 0.0775 | D_B: 0.1149 | Cycle: 0.7094
Epoch 70/80 | Step 490600 | G: 3.0593 | D_A: 0.0423 | D_B: 0.0393 | Cycle: 0.9171
Epoch 70/80 | Step 490650 | G: 2.6300 | D_A: 0.0367 | D_B: 0.0410 | Cycle: 0.8367
Epoch 70/80 | Step 490700 | G: 2.8222 | D_A: 0.1078 | D_B: 0.0581 | Cycle: 1.0836
Epoch 70/80 | Step 490750 | G: 2.2756 | D_A: 0.0404 | D_B: 0.0928 | Cycle: 0.7379
Epoch 70/80 | Step 490800 | G: 1.7705 | D_A: 0.0516 | D_B: 0.1917 | Cycle: 0.5997
Epoch 70/80 | Step 490850 | G: 2.3601 | D_A: 0.0675 | D_B: 0.0467 | Cycle: 0.7407
Epoch 70/80 | Step 490900 | G: 3.0133 | D_A: 0.3073 | D_B: 0.0529 | Cycle: 0.8651
Epoch 70/80 | Step 490950 | G: 2.5691 | D_A: 0.1765 | D_B: 0.0471 | Cycle: 0.9112
Epoch 70/80 | Step 491000 | G: 2.1504 | D_A: 0.1106 | D_B: 0.0727 | Cycle: 0.6735
Epoch 70/80 | Step 491050 | G: 1.9609 | D_A: 0.0890 | D_B: 0.0555 | Cycle: 0.7436
Epoch 70/80 | Step 491100 | G: 1.9137 | D_A: 0.0799 | D_B: 0.0592 | Cycle: 0.7123
Epoch 70/80 | Step 491150 | G: 1.7908 | D_A: 0.1426 | D_B: 0.2077 | Cycle: 0.9054
Epoch 70/80 | Step 491200 | G: 2.0635 | D_A: 0.1152 | D_B: 0.1079 | Cycle: 0.6628
Epoch 70/80 | Step 491250 | G: 2.9474 | D_A: 0.0970 | D_B: 0.0277 | Cycle: 0.8579
Epoch 70/80 | Step 491300 | G: 2.9031 | D_A: 0.0568 | D_B: 0.0387 | Cycle: 0.9273
Epoch 70/80 | Step 491350 | G: 2.3523 | D_A: 0.0266 | D_B: 0.1415 | Cycle: 0.6629
Epoch 70/80 | Step 491400 | G: 2.5622 | D_A: 0.0491 | D_B: 0.0416 | Cycle: 0.8760
Epoch 70/80 | Step 491450 | G: 2.6650 | D_A: 0.0976 | D_B: 0.0420 | Cycle: 0.7641
Epoch 70/80 | Step 491500 | G: 2.4166 | D_A: 0.0738 | D_B: 0.0838 | Cycle: 0.9102
Epoch 70/80 | Step 491550 | G: 2.4311 | D_A: 0.0468 | D_B: 0.0447 | Cycle: 0.6678
Epoch 70/80 | Step 491600 | G: 2.3870 | D_A: 0.0676 | D_B: 0.1161 | Cycle: 0.7357
Epoch 70/80 | Step 491650 | G: 2.8726 | D_A: 0.1657 | D_B: 0.0607 | Cycle: 0.8316
Epoch 70/80 | Step 491700 | G: 2.5667 | D_A: 0.0340 | D_B: 0.0651 | Cycle: 0.8804
Epoch 70/80 | Step 491750 | G: 2.4638 | D_A: 0.2244 | D_B: 0.0696 | Cycle: 0.8445
Epoch 70/80 | Step 491800 | G: 2.9280 | D_A: 0.1041 | D_B: 0.0417 | Cycle: 0.9191
Epoch 70/80 | Step 491850 | G: 2.1453 | D_A: 0.1002 | D_B: 0.1898 | Cycle: 0.6126
Epoch 70/80 | Step 491900 | G: 2.2140 | D_A: 0.0337 | D_B: 0.1036 | Cycle: 0.6912
Epoch 70/80 | Step 491950 | G: 1.7486 | D_A: 0.0810 | D_B: 0.1201 | Cycle: 0.6947
Epoch 70/80 | Step 492000 | G: 2.8313 | D_A: 0.0538 | D_B: 0.0916 | Cycle: 1.1052
Epoch 70/80 | Step 492050 | G: 2.9971 | D_A: 0.2288 | D_B: 0.0371 | Cycle: 1.1611
Epoch 70/80 | Step 492100 | G: 2.4407 | D_A: 0.0550 | D_B: 0.1603 | Cycle: 0.6252
Epoch 70/80 | Step 492150 | G: 2.5844 | D_A: 0.1439 | D_B: 0.0466 | Cycle: 0.7302
Epoch 70/80 | Step 492200 | G: 2.0962 | D_A: 0.0381 | D_B: 0.0604 | Cycle: 0.7648
Epoch 70/80 | Step 492250 | G: 2.1417 | D_A: 0.0787 | D_B: 0.0284 | Cycle: 0.9321
Epoch 70/80 | Step 492300 | G: 2.4274 | D_A: 0.1384 | D_B: 0.0537 | Cycle: 0.8818
Epoch 70/80 | Step 492350 | G: 2.2238 | D_A: 0.0742 | D_B: 0.0374 | Cycle: 0.7515
Epoch 70/80 | Step 492400 | G: 2.2111 | D_A: 0.0995 | D_B: 0.1283 | Cycle: 0.6127
Epoch 70/80 | Step 492450 | G: 2.1535 | D_A: 0.1290 | D_B: 0.0649 | Cycle: 0.7763
Epoch 70/80 | Step 492500 | G: 2.6747 | D_A: 0.0490 | D_B: 0.0412 | Cycle: 1.0050
Epoch 70/80 | Step 492550 | G: 2.2893 | D_A: 0.0579 | D_B: 0.1005 | Cycle: 0.8187
Epoch 70/80 | Step 492600 | G: 2.7513 | D_A: 0.0744 | D_B: 0.0408 | Cycle: 0.6099
Epoch 70/80 | Step 492650 | G: 2.9850 | D_A: 0.1572 | D_B: 0.0264 | Cycle: 0.9296
Epoch 70/80 complete | Time: 427s | Avg G: 2.3918 | Avg D: 0.0908
Saved checkpoint: /content/drive/MyDrive/DATA266_Lab1/task3_gan/shreya_akotiya/checkpoints/t3_shreya_unet_128_20261002_023102_epoch070.pt
Epoch 71/80 | Step 492700 | G: 2.1130 | D_A: 0.0827 | D_B: 0.1042 | Cycle: 0.6909
Epoch 71/80 | Step 492750 | G: 2.0717 | D_A: 0.0703 | D_B: 0.0936 | Cycle: 0.8112
Epoch 71/80 | Step 492800 | G: 2.5704 | D_A: 0.0402 | D_B: 0.0765 | Cycle: 0.7386
Epoch 71/80 | Step 492850 | G: 2.2318 | D_A: 0.0390 | D_B: 0.1678 | Cycle: 0.6933
Epoch 71/80 | Step 492900 | G: 2.1745 | D_A: 0.1063 | D_B: 0.0358 | Cycle: 0.7653
Epoch 71/80 | Step 492950 | G: 2.4153 | D_A: 0.1374 | D_B: 0.0745 | Cycle: 0.8215
Epoch 71/80 | Step 493000 | G: 1.7522 | D_A: 0.1361 | D_B: 0.0963 | Cycle: 0.7391
Epoch 71/80 | Step 493050 | G: 2.4791 | D_A: 0.1996 | D_B: 0.0581 | Cycle: 0.8358
Epoch 71/80 | Step 493100 | G: 2.8073 | D_A: 0.1868 | D_B: 0.0483 | Cycle: 0.9421
Epoch 71/80 | Step 493150 | G: 2.5058 | D_A: 0.0603 | D_B: 0.0336 | Cycle: 0.8455
Epoch 71/80 | Step 493200 | G: 2.2295 | D_A: 0.1724 | D_B: 0.0413 | Cycle: 0.6888
Epoch 71/80 | Step 493250 | G: 2.2000 | D_A: 0.1326 | D_B: 0.1967 | Cycle: 0.7552
Epoch 71/80 | Step 493300 | G: 2.4820 | D_A: 0.0542 | D_B: 0.0881 | Cycle: 0.6810
Epoch 71/80 | Step 493350 | G: 2.8181 | D_A: 0.1603 | D_B: 0.1316 | Cycle: 0.8901
Epoch 71/80 | Step 493400 | G: 2.6851 | D_A: 0.0589 | D_B: 0.1541 | Cycle: 0.8544
Epoch 71/80 | Step 493450 | G: 2.6470 | D_A: 0.3172 | D_B: 0.0439 | Cycle: 0.8215
Epoch 71/80 | Step 493500 | G: 2.4571 | D_A: 0.0569 | D_B: 0.0656 | Cycle: 0.7938
Epoch 71/80 | Step 493550 | G: 2.9493 | D_A: 0.0715 | D_B: 0.0746 | Cycle: 1.0634
Epoch 71/80 | Step 493600 | G: 2.3106 | D_A: 0.1948 | D_B: 0.0620 | Cycle: 0.6409
Epoch 71/80 | Step 493650 | G: 2.1920 | D_A: 0.0686 | D_B: 0.1205 | Cycle: 0.8086
Epoch 71/80 | Step 493700 | G: 2.1785 | D_A: 0.1049 | D_B: 0.1521 | Cycle: 0.7995
Epoch 71/80 | Step 493750 | G: 1.9768 | D_A: 0.1859 | D_B: 0.1059 | Cycle: 0.7190
Epoch 71/80 | Step 493800 | G: 2.8628 | D_A: 0.0715 | D_B: 0.0391 | Cycle: 1.2036
Epoch 71/80 | Step 493850 | G: 1.6987 | D_A: 0.0836 | D_B: 0.1478 | Cycle: 0.6035
Epoch 71/80 | Step 493900 | G: 1.9864 | D_A: 0.0786 | D_B: 0.0658 | Cycle: 0.6387
Epoch 71/80 | Step 493950 | G: 2.8749 | D_A: 0.0561 | D_B: 0.0657 | Cycle: 0.6695
Epoch 71/80 | Step 494000 | G: 2.2618 | D_A: 0.0728 | D_B: 0.0528 | Cycle: 0.9055
Epoch 71/80 | Step 494050 | G: 2.0134 | D_A: 0.0676 | D_B: 0.0390 | Cycle: 0.6891
Epoch 71/80 | Step 494100 | G: 2.9452 | D_A: 0.1802 | D_B: 0.0337 | Cycle: 0.9378
Epoch 71/80 | Step 494150 | G: 1.7792 | D_A: 0.0306 | D_B: 0.1303 | Cycle: 0.6452
Epoch 71/80 | Step 494200 | G: 2.2607 | D_A: 0.1865 | D_B: 0.0545 | Cycle: 0.6549
Epoch 71/80 | Step 494250 | G: 2.1096 | D_A: 0.1147 | D_B: 0.1609 | Cycle: 0.6993
Epoch 71/80 | Step 494300 | G: 2.0807 | D_A: 0.1117 | D_B: 0.0931 | Cycle: 0.8247
Epoch 71/80 | Step 494350 | G: 2.4641 | D_A: 0.1137 | D_B: 0.0654 | Cycle: 0.7550
Epoch 71/80 | Step 494400 | G: 2.3204 | D_A: 0.0313 | D_B: 0.0623 | Cycle: 0.7488
Epoch 71/80 | Step 494450 | G: 2.0808 | D_A: 0.0477 | D_B: 0.0562 | Cycle: 0.7389
Epoch 71/80 | Step 494500 | G: 2.1035 | D_A: 0.1082 | D_B: 0.0396 | Cycle: 0.7063
Epoch 71/80 | Step 494550 | G: 1.1169 | D_A: 0.0536 | D_B: 0.4681 | Cycle: 0.5164
Epoch 71/80 | Step 494600 | G: 2.6711 | D_A: 0.0360 | D_B: 0.0284 | Cycle: 0.7820
Epoch 71/80 | Step 494650 | G: 2.4603 | D_A: 0.1278 | D_B: 0.0686 | Cycle: 0.8018
Epoch 71/80 | Step 494700 | G: 2.1186 | D_A: 0.0616 | D_B: 0.0549 | Cycle: 0.6611
Epoch 71/80 | Step 494750 | G: 2.1415 | D_A: 0.0874 | D_B: 0.0787 | Cycle: 0.7911
Epoch 71/80 | Step 494800 | G: 2.2736 | D_A: 0.0408 | D_B: 0.0480 | Cycle: 0.7097
Epoch 71/80 | Step 494850 | G: 2.0525 | D_A: 0.0836 | D_B: 0.1049 | Cycle: 0.7257
Epoch 71/80 | Step 494900 | G: 2.1791 | D_A: 0.0600 | D_B: 0.0496 | Cycle: 0.7148
Epoch 71/80 | Step 494950 | G: 2.3386 | D_A: 0.0745 | D_B: 0.0889 | Cycle: 0.6864
Epoch 71/80 | Step 495000 | G: 1.9192 | D_A: 0.1464 | D_B: 0.2640 | Cycle: 0.7277
Epoch 71/80 | Step 495050 | G: 2.3459 | D_A: 0.1636 | D_B: 0.1273 | Cycle: 0.8188
Epoch 71/80 | Step 495100 | G: 2.8006 | D_A: 0.0578 | D_B: 0.0587 | Cycle: 0.8819
Epoch 71/80 | Step 495150 | G: 2.4454 | D_A: 0.1381 | D_B: 0.0636 | Cycle: 0.9012
Epoch 71/80 | Step 495200 | G: 2.3895 | D_A: 0.1296 | D_B: 0.0389 | Cycle: 0.7531
Epoch 71/80 | Step 495250 | G: 2.5638 | D_A: 0.0571 | D_B: 0.0495 | Cycle: 0.8499
Epoch 71/80 | Step 495300 | G: 2.4191 | D_A: 0.0874 | D_B: 0.0829 | Cycle: 0.7679
Epoch 71/80 | Step 495350 | G: 2.0366 | D_A: 0.2035 | D_B: 0.0954 | Cycle: 0.7113
Epoch 71/80 | Step 495400 | G: 1.9949 | D_A: 0.0707 | D_B: 0.1017 | Cycle: 0.7947
Epoch 71/80 | Step 495450 | G: 2.7974 | D_A: 0.1018 | D_B: 0.0891 | Cycle: 0.9676
Epoch 71/80 | Step 495500 | G: 1.7960 | D_A: 0.0371 | D_B: 0.0665 | Cycle: 0.7082
Epoch 71/80 | Step 495550 | G: 2.2745 | D_A: 0.1147 | D_B: 0.0861 | Cycle: 0.7848
Epoch 71/80 | Step 495600 | G: 3.0681 | D_A: 0.0399 | D_B: 0.1402 | Cycle: 0.7838
Epoch 71/80 | Step 495650 | G: 2.3840 | D_A: 0.1102 | D_B: 0.0474 | Cycle: 0.8983
Epoch 71/80 | Step 495700 | G: 2.0887 | D_A: 0.1973 | D_B: 0.0683 | Cycle: 0.6426
Epoch 71/80 | Step 495750 | G: 2.4294 | D_A: 0.0698 | D_B: 0.0419 | Cycle: 0.7800
Epoch 71/80 | Step 495800 | G: 2.2967 | D_A: 0.0909 | D_B: 0.0481 | Cycle: 0.7930
Epoch 71/80 | Step 495850 | G: 2.5476 | D_A: 0.0631 | D_B: 0.0593 | Cycle: 0.7991
Epoch 71/80 | Step 495900 | G: 1.9636 | D_A: 0.2020 | D_B: 0.0882 | Cycle: 0.6788
Epoch 71/80 | Step 495950 | G: 2.1265 | D_A: 0.0920 | D_B: 0.0795 | Cycle: 0.6702
Epoch 71/80 | Step 496000 | G: 3.4655 | D_A: 0.1201 | D_B: 0.0354 | Cycle: 1.0328
Epoch 71/80 | Step 496050 | G: 2.0936 | D_A: 0.0763 | D_B: 0.0690 | Cycle: 0.7390
Epoch 71/80 | Step 496100 | G: 2.5287 | D_A: 0.1416 | D_B: 0.0856 | Cycle: 0.8617
Epoch 71/80 | Step 496150 | G: 2.3064 | D_A: 0.1354 | D_B: 0.0377 | Cycle: 0.9589
Epoch 71/80 | Step 496200 | G: 2.2483 | D_A: 0.1039 | D_B: 0.0424 | Cycle: 0.7584
Epoch 71/80 | Step 496250 | G: 2.1622 | D_A: 0.0494 | D_B: 0.1570 | Cycle: 0.7731
Epoch 71/80 | Step 496300 | G: 2.3020 | D_A: 0.0427 | D_B: 0.0482 | Cycle: 0.7104
Epoch 71/80 | Step 496350 | G: 2.7505 | D_A: 0.0583 | D_B: 0.0870 | Cycle: 1.0340
Epoch 71/80 | Step 496400 | G: 3.3017 | D_A: 0.1322 | D_B: 0.0338 | Cycle: 0.8268
Epoch 71/80 | Step 496450 | G: 2.3788 | D_A: 0.1021 | D_B: 0.0571 | Cycle: 0.8291
Epoch 71/80 | Step 496500 | G: 1.7471 | D_A: 0.1362 | D_B: 0.0718 | Cycle: 0.6646
Epoch 71/80 | Step 496550 | G: 2.0770 | D_A: 0.1089 | D_B: 0.0965 | Cycle: 0.6829
Epoch 71/80 | Step 496600 | G: 2.4488 | D_A: 0.0671 | D_B: 0.1084 | Cycle: 0.8403
Epoch 71/80 | Step 496650 | G: 2.4207 | D_A: 0.1386 | D_B: 0.0520 | Cycle: 0.7060
Epoch 71/80 | Step 496700 | G: 2.4360 | D_A: 0.0770 | D_B: 0.0745 | Cycle: 0.6869
Epoch 71/80 | Step 496750 | G: 1.7752 | D_A: 0.1114 | D_B: 0.1789 | Cycle: 0.6072
Epoch 71/80 | Step 496800 | G: 2.2583 | D_A: 0.0599 | D_B: 0.0390 | Cycle: 0.7990
Epoch 71/80 | Step 496850 | G: 2.3506 | D_A: 0.0848 | D_B: 0.0526 | Cycle: 0.7287
Epoch 71/80 | Step 496900 | G: 2.5310 | D_A: 0.1159 | D_B: 0.0510 | Cycle: 0.6958
Epoch 71/80 | Step 496950 | G: 2.2031 | D_A: 0.1571 | D_B: 0.0573 | Cycle: 0.6911
Epoch 71/80 | Step 497000 | G: 2.1955 | D_A: 0.0872 | D_B: 0.1635 | Cycle: 0.6729
Epoch 71/80 | Step 497050 | G: 2.5421 | D_A: 0.0604 | D_B: 0.0312 | Cycle: 0.8531
Epoch 71/80 | Step 497100 | G: 2.2644 | D_A: 0.0820 | D_B: 0.0877 | Cycle: 0.6723
Epoch 71/80 | Step 497150 | G: 2.2289 | D_A: 0.0725 | D_B: 0.1000 | Cycle: 0.7061
Epoch 71/80 | Step 497200 | G: 2.6567 | D_A: 0.0418 | D_B: 0.0739 | Cycle: 0.7394
Epoch 71/80 | Step 497250 | G: 2.5460 | D_A: 0.0853 | D_B: 0.0878 | Cycle: 0.9303
Epoch 71/80 | Step 497300 | G: 2.3163 | D_A: 0.0574 | D_B: 0.0956 | Cycle: 0.8482
Epoch 71/80 | Step 497350 | G: 2.6635 | D_A: 0.0782 | D_B: 0.0918 | Cycle: 0.8326
Epoch 71/80 | Step 497400 | G: 3.0607 | D_A: 0.0567 | D_B: 0.0666 | Cycle: 0.8637
Epoch 71/80 | Step 497450 | G: 2.3598 | D_A: 0.0825 | D_B: 0.0270 | Cycle: 0.7495
Epoch 71/80 | Step 497500 | G: 2.5133 | D_A: 0.0833 | D_B: 0.0294 | Cycle: 0.7221
Epoch 71/80 | Step 497550 | G: 2.5674 | D_A: 0.0979 | D_B: 0.1224 | Cycle: 0.8308
Epoch 71/80 | Step 497600 | G: 2.5894 | D_A: 0.1319 | D_B: 0.0522 | Cycle: 0.8464
Epoch 71/80 | Step 497650 | G: 1.9386 | D_A: 0.0694 | D_B: 0.0779 | Cycle: 0.8584
Epoch 71/80 | Step 497700 | G: 1.7431 | D_A: 0.0870 | D_B: 0.0931 | Cycle: 0.6959
Epoch 71/80 | Step 497750 | G: 3.0234 | D_A: 0.0701 | D_B: 0.0458 | Cycle: 1.0383
Epoch 71/80 | Step 497800 | G: 2.3495 | D_A: 0.0772 | D_B: 0.1039 | Cycle: 0.6753
Epoch 71/80 | Step 497850 | G: 1.9338 | D_A: 0.0396 | D_B: 0.0539 | Cycle: 0.7166
Epoch 71/80 | Step 497900 | G: 2.4497 | D_A: 0.1046 | D_B: 0.0895 | Cycle: 0.8364
Epoch 71/80 | Step 497950 | G: 1.9291 | D_A: 0.1281 | D_B: 0.1081 | Cycle: 0.8428
Epoch 71/80 | Step 498000 | G: 2.6185 | D_A: 0.0763 | D_B: 0.0686 | Cycle: 1.0602
Epoch 71/80 | Step 498050 | G: 2.4582 | D_A: 0.0710 | D_B: 0.0724 | Cycle: 0.8399
Epoch 71/80 | Step 498100 | G: 2.7756 | D_A: 0.0917 | D_B: 0.0582 | Cycle: 0.8322
Epoch 71/80 | Step 498150 | G: 2.0941 | D_A: 0.0949 | D_B: 0.0841 | Cycle: 0.8688
Epoch 71/80 | Step 498200 | G: 2.8331 | D_A: 0.0407 | D_B: 0.0560 | Cycle: 0.7126
Epoch 71/80 | Step 498250 | G: 2.7668 | D_A: 0.1441 | D_B: 0.0706 | Cycle: 0.8919
Epoch 71/80 | Step 498300 | G: 1.7766 | D_A: 0.2903 | D_B: 0.1260 | Cycle: 0.6190
Epoch 71/80 | Step 498350 | G: 2.3076 | D_A: 0.0558 | D_B: 0.0471 | Cycle: 0.7613
Epoch 71/80 | Step 498400 | G: 3.1824 | D_A: 0.0351 | D_B: 0.0906 | Cycle: 1.0472
Epoch 71/80 | Step 498450 | G: 1.8042 | D_A: 0.0609 | D_B: 0.1185 | Cycle: 0.6011
Epoch 71/80 | Step 498500 | G: 2.0092 | D_A: 0.1109 | D_B: 0.0643 | Cycle: 0.7571
Epoch 71/80 | Step 498550 | G: 2.2761 | D_A: 0.0324 | D_B: 0.0484 | Cycle: 0.6257
Epoch 71/80 | Step 498600 | G: 2.1282 | D_A: 0.1348 | D_B: 0.0891 | Cycle: 0.7359
Epoch 71/80 | Step 498650 | G: 1.8780 | D_A: 0.0563 | D_B: 0.0583 | Cycle: 0.6161
Epoch 71/80 | Step 498700 | G: 2.6482 | D_A: 0.1211 | D_B: 0.0502 | Cycle: 0.7977
Epoch 71/80 | Step 498750 | G: 1.6116 | D_A: 0.0972 | D_B: 0.0600 | Cycle: 0.7073
Epoch 71/80 | Step 498800 | G: 2.1911 | D_A: 0.1104 | D_B: 0.0480 | Cycle: 0.7105
Epoch 71/80 | Step 498850 | G: 2.0833 | D_A: 0.0933 | D_B: 0.0805 | Cycle: 0.6543
Epoch 71/80 | Step 498900 | G: 2.6054 | D_A: 0.1428 | D_B: 0.0359 | Cycle: 0.7373
Epoch 71/80 | Step 498950 | G: 2.4247 | D_A: 0.0730 | D_B: 0.1282 | Cycle: 0.8485
Epoch 71/80 | Step 499000 | G: 2.5787 | D_A: 0.0788 | D_B: 0.0885 | Cycle: 0.8226
Epoch 71/80 | Step 499050 | G: 2.3141 | D_A: 0.0388 | D_B: 0.0845 | Cycle: 0.6969
Epoch 71/80 | Step 499100 | G: 2.1412 | D_A: 0.0796 | D_B: 0.0735 | Cycle: 0.7155
Epoch 71/80 | Step 499150 | G: 2.0224 | D_A: 0.0749 | D_B: 0.0552 | Cycle: 0.7036
Epoch 71/80 | Step 499200 | G: 2.3833 | D_A: 0.1048 | D_B: 0.1149 | Cycle: 0.8173
Epoch 71/80 | Step 499250 | G: 2.8281 | D_A: 0.0670 | D_B: 0.0644 | Cycle: 0.9841
Epoch 71/80 | Step 499300 | G: 2.3741 | D_A: 0.0829 | D_B: 0.0423 | Cycle: 0.9564
Epoch 71/80 | Step 499350 | G: 2.2443 | D_A: 0.1423 | D_B: 0.0354 | Cycle: 0.7495
Epoch 71/80 | Step 499400 | G: 2.4035 | D_A: 0.0558 | D_B: 0.0408 | Cycle: 0.6071
Epoch 71/80 | Step 499450 | G: 2.3598 | D_A: 0.1039 | D_B: 0.0723 | Cycle: 0.7431
Epoch 71/80 | Step 499500 | G: 2.0328 | D_A: 0.1096 | D_B: 0.1000 | Cycle: 0.8034
Epoch 71/80 | Step 499550 | G: 2.4180 | D_A: 0.2374 | D_B: 0.1033 | Cycle: 0.7173
Epoch 71/80 | Step 499600 | G: 2.6681 | D_A: 0.0965 | D_B: 0.0642 | Cycle: 0.8023
Epoch 71/80 | Step 499650 | G: 2.3202 | D_A: 0.0620 | D_B: 0.0516 | Cycle: 0.6830
Epoch 71/80 complete | Time: 423s | Avg G: 2.4013 | Avg D: 0.0901
Epoch 72/80 | Step 499700 | G: 2.2561 | D_A: 0.0475 | D_B: 0.1526 | Cycle: 0.7727
Epoch 72/80 | Step 499750 | G: 2.6070 | D_A: 0.1068 | D_B: 0.0784 | Cycle: 0.7192
Epoch 72/80 | Step 499800 | G: 1.8022 | D_A: 0.1295 | D_B: 0.0623 | Cycle: 0.6960
Epoch 72/80 | Step 499850 | G: 2.2581 | D_A: 0.0875 | D_B: 0.1127 | Cycle: 0.6530
Epoch 72/80 | Step 499900 | G: 3.1637 | D_A: 0.1339 | D_B: 0.0595 | Cycle: 1.1670
Epoch 72/80 | Step 499950 | G: 2.5184 | D_A: 0.0508 | D_B: 0.1483 | Cycle: 0.7228
Epoch 72/80 | Step 500000 | G: 1.8237 | D_A: 0.1055 | D_B: 0.0852 | Cycle: 0.5992
Epoch 72/80 | Step 500050 | G: 2.7258 | D_A: 0.0793 | D_B: 0.0487 | Cycle: 1.0678
Epoch 72/80 | Step 500100 | G: 2.1036 | D_A: 0.1174 | D_B: 0.0937 | Cycle: 0.7721
Epoch 72/80 | Step 500150 | G: 2.2733 | D_A: 0.0664 | D_B: 0.0660 | Cycle: 0.8354
Epoch 72/80 | Step 500200 | G: 2.5523 | D_A: 0.1416 | D_B: 0.0649 | Cycle: 0.7638
Epoch 72/80 | Step 500250 | G: 2.0684 | D_A: 0.0649 | D_B: 0.0445 | Cycle: 0.7861
Epoch 72/80 | Step 500300 | G: 2.0686 | D_A: 0.0548 | D_B: 0.1144 | Cycle: 0.7110
Epoch 72/80 | Step 500350 | G: 2.3492 | D_A: 0.0857 | D_B: 0.0482 | Cycle: 0.9096
Epoch 72/80 | Step 500400 | G: 1.9543 | D_A: 0.1102 | D_B: 0.1887 | Cycle: 0.6281
Epoch 72/80 | Step 500450 | G: 2.3513 | D_A: 0.0517 | D_B: 0.0950 | Cycle: 0.7847
Epoch 72/80 | Step 500500 | G: 2.4832 | D_A: 0.0896 | D_B: 0.0593 | Cycle: 0.8821
Epoch 72/80 | Step 500550 | G: 2.2498 | D_A: 0.2309 | D_B: 0.0675 | Cycle: 0.8513
Epoch 72/80 | Step 500600 | G: 1.9971 | D_A: 0.0848 | D_B: 0.0385 | Cycle: 0.6992
Epoch 72/80 | Step 500650 | G: 2.5769 | D_A: 0.0788 | D_B: 0.0434 | Cycle: 0.9981
Epoch 72/80 | Step 500700 | G: 2.2332 | D_A: 0.0711 | D_B: 0.0815 | Cycle: 0.7833
Epoch 72/80 | Step 500750 | G: 2.4588 | D_A: 0.1024 | D_B: 0.0607 | Cycle: 0.6905
Epoch 72/80 | Step 500800 | G: 2.2014 | D_A: 0.0918 | D_B: 0.0715 | Cycle: 0.7337
Epoch 72/80 | Step 500850 | G: 2.3145 | D_A: 0.1699 | D_B: 0.0457 | Cycle: 0.7766
Epoch 72/80 | Step 500900 | G: 2.3871 | D_A: 0.0751 | D_B: 0.0501 | Cycle: 0.8803
Epoch 72/80 | Step 500950 | G: 1.9978 | D_A: 0.1421 | D_B: 0.0843 | Cycle: 0.8353
Epoch 72/80 | Step 501000 | G: 2.0612 | D_A: 0.2167 | D_B: 0.0497 | Cycle: 0.8130
Epoch 72/80 | Step 501050 | G: 2.2268 | D_A: 0.0909 | D_B: 0.1392 | Cycle: 0.7112
Epoch 72/80 | Step 501100 | G: 2.5749 | D_A: 0.1029 | D_B: 0.0509 | Cycle: 0.8678
Epoch 72/80 | Step 501150 | G: 2.9389 | D_A: 0.0640 | D_B: 0.0325 | Cycle: 1.0059
Epoch 72/80 | Step 501200 | G: 2.7223 | D_A: 0.0541 | D_B: 0.0701 | Cycle: 0.8754
Epoch 72/80 | Step 501250 | G: 2.3223 | D_A: 0.0799 | D_B: 0.0774 | Cycle: 0.7996
Epoch 72/80 | Step 501300 | G: 2.0438 | D_A: 0.1129 | D_B: 0.1026 | Cycle: 0.9471
Epoch 72/80 | Step 501350 | G: 2.4543 | D_A: 0.0931 | D_B: 0.0821 | Cycle: 0.7609
Epoch 72/80 | Step 501400 | G: 2.8672 | D_A: 0.0483 | D_B: 0.0368 | Cycle: 0.7737
Epoch 72/80 | Step 501450 | G: 2.0865 | D_A: 0.0622 | D_B: 0.1319 | Cycle: 0.7371
Epoch 72/80 | Step 501500 | G: 2.5361 | D_A: 0.0843 | D_B: 0.0431 | Cycle: 0.7751
Epoch 72/80 | Step 501550 | G: 2.0990 | D_A: 0.0732 | D_B: 0.0549 | Cycle: 0.9009
Epoch 72/80 | Step 501600 | G: 2.7493 | D_A: 0.0848 | D_B: 0.0292 | Cycle: 0.7936
Epoch 72/80 | Step 501650 | G: 2.3207 | D_A: 0.1480 | D_B: 0.0403 | Cycle: 0.6929
Epoch 72/80 | Step 501700 | G: 2.2521 | D_A: 0.1018 | D_B: 0.0315 | Cycle: 0.6565
Epoch 72/80 | Step 501750 | G: 1.9026 | D_A: 0.1959 | D_B: 0.1470 | Cycle: 0.8899
Epoch 72/80 | Step 501800 | G: 3.1826 | D_A: 0.1169 | D_B: 0.1230 | Cycle: 0.9874
Epoch 72/80 | Step 501850 | G: 1.8071 | D_A: 0.0755 | D_B: 0.1334 | Cycle: 0.5936
Epoch 72/80 | Step 501900 | G: 2.5798 | D_A: 0.1280 | D_B: 0.0485 | Cycle: 0.7708
Epoch 72/80 | Step 501950 | G: 2.1311 | D_A: 0.3007 | D_B: 0.0385 | Cycle: 0.7308
Epoch 72/80 | Step 502000 | G: 1.5925 | D_A: 0.0843 | D_B: 0.1901 | Cycle: 0.4770
Epoch 72/80 | Step 502050 | G: 2.5236 | D_A: 0.1318 | D_B: 0.0364 | Cycle: 0.8504
Epoch 72/80 | Step 502100 | G: 1.9961 | D_A: 0.0986 | D_B: 0.1223 | Cycle: 0.5513
Epoch 72/80 | Step 502150 | G: 2.1778 | D_A: 0.1140 | D_B: 0.1521 | Cycle: 0.7321
Epoch 72/80 | Step 502200 | G: 2.7085 | D_A: 0.2269 | D_B: 0.0644 | Cycle: 0.8616
Epoch 72/80 | Step 502250 | G: 2.8567 | D_A: 0.1238 | D_B: 0.0514 | Cycle: 1.1809
Epoch 72/80 | Step 502300 | G: 2.6628 | D_A: 0.0828 | D_B: 0.0853 | Cycle: 0.6659
Epoch 72/80 | Step 502350 | G: 2.2945 | D_A: 0.1135 | D_B: 0.0245 | Cycle: 0.7970
Epoch 72/80 | Step 502400 | G: 2.2579 | D_A: 0.0994 | D_B: 0.0389 | Cycle: 0.8151
Epoch 72/80 | Step 502450 | G: 1.6538 | D_A: 0.2472 | D_B: 0.2136 | Cycle: 0.6478
Epoch 72/80 | Step 502500 | G: 2.4384 | D_A: 0.1532 | D_B: 0.0483 | Cycle: 0.7996
Epoch 72/80 | Step 502550 | G: 2.2480 | D_A: 0.2119 | D_B: 0.0537 | Cycle: 0.8107
Epoch 72/80 | Step 502600 | G: 2.6335 | D_A: 0.0491 | D_B: 0.0765 | Cycle: 0.8910
Epoch 72/80 | Step 502650 | G: 2.9567 | D_A: 0.0373 | D_B: 0.0866 | Cycle: 0.7956
Epoch 72/80 | Step 502700 | G: 3.7240 | D_A: 0.1571 | D_B: 0.0955 | Cycle: 1.1647
Epoch 72/80 | Step 502750 | G: 2.3816 | D_A: 0.0713 | D_B: 0.0547 | Cycle: 0.8487
Epoch 72/80 | Step 502800 | G: 2.9489 | D_A: 0.0369 | D_B: 0.0389 | Cycle: 0.9642
Epoch 72/80 | Step 502850 | G: 2.2638 | D_A: 0.0406 | D_B: 0.1224 | Cycle: 0.6991
Epoch 72/80 | Step 502900 | G: 2.5313 | D_A: 0.1070 | D_B: 0.1321 | Cycle: 0.7382
Epoch 72/80 | Step 502950 | G: 3.3390 | D_A: 0.0592 | D_B: 0.0552 | Cycle: 1.0418
Epoch 72/80 | Step 503000 | G: 3.1508 | D_A: 0.1229 | D_B: 0.0429 | Cycle: 1.1269
Epoch 72/80 | Step 503050 | G: 2.2785 | D_A: 0.0468 | D_B: 0.0521 | Cycle: 0.7918
Epoch 72/80 | Step 503100 | G: 2.7374 | D_A: 0.1190 | D_B: 0.0365 | Cycle: 0.9007
Epoch 72/80 | Step 503150 | G: 2.5811 | D_A: 0.1816 | D_B: 0.0400 | Cycle: 0.7844
Epoch 72/80 | Step 503200 | G: 2.3360 | D_A: 0.0877 | D_B: 0.0310 | Cycle: 0.8563
Epoch 72/80 | Step 503250 | G: 2.1992 | D_A: 0.1374 | D_B: 0.0513 | Cycle: 0.9072
Epoch 72/80 | Step 503300 | G: 2.9679 | D_A: 0.0690 | D_B: 0.0549 | Cycle: 1.0839
Epoch 72/80 | Step 503350 | G: 2.2049 | D_A: 0.1559 | D_B: 0.0381 | Cycle: 0.9358
Epoch 72/80 | Step 503400 | G: 4.1655 | D_A: 0.0579 | D_B: 0.0557 | Cycle: 1.1472
Epoch 72/80 | Step 503450 | G: 2.2480 | D_A: 0.0577 | D_B: 0.0556 | Cycle: 0.6419
Epoch 72/80 | Step 503500 | G: 2.5224 | D_A: 0.0476 | D_B: 0.0661 | Cycle: 0.8579
Epoch 72/80 | Step 503550 | G: 1.9333 | D_A: 0.0818 | D_B: 0.0525 | Cycle: 0.7937
Epoch 72/80 | Step 503600 | G: 2.6899 | D_A: 0.0520 | D_B: 0.0454 | Cycle: 0.7772
Epoch 72/80 | Step 503650 | G: 2.2205 | D_A: 0.1847 | D_B: 0.0741 | Cycle: 0.7526
Epoch 72/80 | Step 503700 | G: 2.4901 | D_A: 0.1382 | D_B: 0.1146 | Cycle: 0.7508
Epoch 72/80 | Step 503750 | G: 2.1783 | D_A: 0.1759 | D_B: 0.0405 | Cycle: 0.7986
Epoch 72/80 | Step 503800 | G: 1.9961 | D_A: 0.1588 | D_B: 0.1098 | Cycle: 0.5490
Epoch 72/80 | Step 503850 | G: 1.9789 | D_A: 0.0861 | D_B: 0.0938 | Cycle: 0.6571
Epoch 72/80 | Step 503900 | G: 2.0551 | D_A: 0.1366 | D_B: 0.0393 | Cycle: 0.7204
Epoch 72/80 | Step 503950 | G: 2.1415 | D_A: 0.1088 | D_B: 0.1016 | Cycle: 0.7136
Epoch 72/80 | Step 504000 | G: 2.0156 | D_A: 0.0891 | D_B: 0.1320 | Cycle: 0.6997
Epoch 72/80 | Step 504050 | G: 2.3470 | D_A: 0.0248 | D_B: 0.1295 | Cycle: 0.6498
Epoch 72/80 | Step 504100 | G: 2.2730 | D_A: 0.1280 | D_B: 0.0378 | Cycle: 0.7794
Epoch 72/80 | Step 504150 | G: 2.6194 | D_A: 0.0990 | D_B: 0.0259 | Cycle: 0.8276
Epoch 72/80 | Step 504200 | G: 2.8588 | D_A: 0.0452 | D_B: 0.0855 | Cycle: 0.9655
Epoch 72/80 | Step 504250 | G: 2.0978 | D_A: 0.0678 | D_B: 0.0655 | Cycle: 0.6050
Epoch 72/80 | Step 504300 | G: 1.7885 | D_A: 0.0741 | D_B: 0.0319 | Cycle: 0.5318
Epoch 72/80 | Step 504350 | G: 2.8304 | D_A: 0.0363 | D_B: 0.0815 | Cycle: 0.7709
Epoch 72/80 | Step 504400 | G: 2.3579 | D_A: 0.0685 | D_B: 0.1202 | Cycle: 0.8062
Epoch 72/80 | Step 504450 | G: 1.8886 | D_A: 0.1757 | D_B: 0.0639 | Cycle: 0.7123
Epoch 72/80 | Step 504500 | G: 2.9262 | D_A: 0.0597 | D_B: 0.0677 | Cycle: 0.9142
Epoch 72/80 | Step 504550 | G: 1.9692 | D_A: 0.2942 | D_B: 0.1243 | Cycle: 0.5876
Epoch 72/80 | Step 504600 | G: 1.9213 | D_A: 0.0788 | D_B: 0.0594 | Cycle: 0.5980
Epoch 72/80 | Step 504650 | G: 1.8885 | D_A: 0.2468 | D_B: 0.0559 | Cycle: 0.6809
Epoch 72/80 | Step 504700 | G: 2.7902 | D_A: 0.2135 | D_B: 0.0695 | Cycle: 0.9033
Epoch 72/80 | Step 504750 | G: 2.3590 | D_A: 0.1819 | D_B: 0.0823 | Cycle: 0.8805
Epoch 72/80 | Step 504800 | G: 2.6059 | D_A: 0.0906 | D_B: 0.0748 | Cycle: 1.0428
Epoch 72/80 | Step 504850 | G: 2.1085 | D_A: 0.1486 | D_B: 0.0840 | Cycle: 0.5965
Epoch 72/80 | Step 504900 | G: 1.8208 | D_A: 0.0635 | D_B: 0.1775 | Cycle: 0.7569
Epoch 72/80 | Step 504950 | G: 2.0736 | D_A: 0.0913 | D_B: 0.0386 | Cycle: 0.7384
Epoch 72/80 | Step 505000 | G: 2.0243 | D_A: 0.0574 | D_B: 0.0942 | Cycle: 0.8068
Epoch 72/80 | Step 505050 | G: 1.9459 | D_A: 0.1543 | D_B: 0.1466 | Cycle: 0.5845
Epoch 72/80 | Step 505100 | G: 2.7422 | D_A: 0.1149 | D_B: 0.0453 | Cycle: 0.8330
Epoch 72/80 | Step 505150 | G: 2.9059 | D_A: 0.0540 | D_B: 0.0344 | Cycle: 0.9092
Epoch 72/80 | Step 505200 | G: 2.6645 | D_A: 0.1207 | D_B: 0.0339 | Cycle: 0.8538
Epoch 72/80 | Step 505250 | G: 2.5244 | D_A: 0.2009 | D_B: 0.0490 | Cycle: 0.7576
Epoch 72/80 | Step 505300 | G: 2.1690 | D_A: 0.1436 | D_B: 0.1666 | Cycle: 0.7155
Epoch 72/80 | Step 505350 | G: 2.1539 | D_A: 0.2559 | D_B: 0.1033 | Cycle: 0.7542
Epoch 72/80 | Step 505400 | G: 1.5332 | D_A: 0.0893 | D_B: 0.2036 | Cycle: 0.6207
Epoch 72/80 | Step 505450 | G: 2.7413 | D_A: 0.0585 | D_B: 0.0380 | Cycle: 0.8484
Epoch 72/80 | Step 505500 | G: 2.7897 | D_A: 0.0467 | D_B: 0.0777 | Cycle: 0.8198
Epoch 72/80 | Step 505550 | G: 2.1174 | D_A: 0.1148 | D_B: 0.0996 | Cycle: 0.6996
Epoch 72/80 | Step 505600 | G: 2.5800 | D_A: 0.0479 | D_B: 0.2046 | Cycle: 0.7079
Epoch 72/80 | Step 505650 | G: 2.3692 | D_A: 0.0380 | D_B: 0.1129 | Cycle: 0.5534
Epoch 72/80 | Step 505700 | G: 2.3143 | D_A: 0.1277 | D_B: 0.1077 | Cycle: 0.5916
Epoch 72/80 | Step 505750 | G: 2.9763 | D_A: 0.0472 | D_B: 0.1454 | Cycle: 0.7884
Epoch 72/80 | Step 505800 | G: 2.0735 | D_A: 0.1993 | D_B: 0.0272 | Cycle: 0.6869
Epoch 72/80 | Step 505850 | G: 2.6491 | D_A: 0.0536 | D_B: 0.0450 | Cycle: 0.9553
Epoch 72/80 | Step 505900 | G: 1.9521 | D_A: 0.2794 | D_B: 0.1734 | Cycle: 0.5992
Epoch 72/80 | Step 505950 | G: 2.5152 | D_A: 0.1021 | D_B: 0.0745 | Cycle: 0.8856
Epoch 72/80 | Step 506000 | G: 2.1507 | D_A: 0.0536 | D_B: 0.1028 | Cycle: 0.7431
Epoch 72/80 | Step 506050 | G: 2.1951 | D_A: 0.0676 | D_B: 0.0715 | Cycle: 0.7340
Epoch 72/80 | Step 506100 | G: 2.3983 | D_A: 0.0954 | D_B: 0.0887 | Cycle: 0.7878
Epoch 72/80 | Step 506150 | G: 2.1085 | D_A: 0.0786 | D_B: 0.0864 | Cycle: 0.7887
Epoch 72/80 | Step 506200 | G: 2.5608 | D_A: 0.1072 | D_B: 0.2068 | Cycle: 0.7407
Epoch 72/80 | Step 506250 | G: 1.9092 | D_A: 0.1384 | D_B: 0.0620 | Cycle: 0.7091
Epoch 72/80 | Step 506300 | G: 2.1897 | D_A: 0.0719 | D_B: 0.0614 | Cycle: 0.7470
Epoch 72/80 | Step 506350 | G: 2.8803 | D_A: 0.0753 | D_B: 0.0577 | Cycle: 0.8536
Epoch 72/80 | Step 506400 | G: 2.8285 | D_A: 0.0774 | D_B: 0.0845 | Cycle: 0.8831
Epoch 72/80 | Step 506450 | G: 2.4455 | D_A: 0.0407 | D_B: 0.0628 | Cycle: 0.8011
Epoch 72/80 | Step 506500 | G: 2.3141 | D_A: 0.0664 | D_B: 0.0740 | Cycle: 0.6112
Epoch 72/80 | Step 506550 | G: 2.0956 | D_A: 0.0278 | D_B: 0.0417 | Cycle: 0.6098
Epoch 72/80 | Step 506600 | G: 2.4856 | D_A: 0.0572 | D_B: 0.0806 | Cycle: 0.7124
Epoch 72/80 | Step 506650 | G: 2.8695 | D_A: 0.0528 | D_B: 0.0570 | Cycle: 1.0801
Epoch 72/80 | Step 506700 | G: 2.5869 | D_A: 0.0448 | D_B: 0.0759 | Cycle: 0.8735
Epoch 72/80 complete | Time: 426s | Avg G: 2.4111 | Avg D: 0.0893
Epoch 73/80 | Step 506750 | G: 2.3337 | D_A: 0.0692 | D_B: 0.0545 | Cycle: 0.6642
Epoch 73/80 | Step 506800 | G: 2.3679 | D_A: 0.1132 | D_B: 0.1632 | Cycle: 0.7056
Epoch 73/80 | Step 506850 | G: 2.9237 | D_A: 0.1205 | D_B: 0.0564 | Cycle: 1.0040
Epoch 73/80 | Step 506900 | G: 1.8264 | D_A: 0.1620 | D_B: 0.1017 | Cycle: 0.6116
Epoch 73/80 | Step 506950 | G: 1.9954 | D_A: 0.0633 | D_B: 0.0459 | Cycle: 0.6774
Epoch 73/80 | Step 507000 | G: 1.8400 | D_A: 0.1104 | D_B: 0.0774 | Cycle: 0.6396
Epoch 73/80 | Step 507050 | G: 2.3439 | D_A: 0.0559 | D_B: 0.0549 | Cycle: 0.9941
Epoch 73/80 | Step 507100 | G: 2.6539 | D_A: 0.0614 | D_B: 0.0407 | Cycle: 0.7975
Epoch 73/80 | Step 507150 | G: 2.6016 | D_A: 0.1243 | D_B: 0.0524 | Cycle: 0.8713
Epoch 73/80 | Step 507200 | G: 2.2759 | D_A: 0.0442 | D_B: 0.1097 | Cycle: 0.6726
Epoch 73/80 | Step 507250 | G: 2.3837 | D_A: 0.0642 | D_B: 0.1550 | Cycle: 0.6789
Epoch 73/80 | Step 507300 | G: 2.9291 | D_A: 0.0683 | D_B: 0.1204 | Cycle: 0.7912
Epoch 73/80 | Step 507350 | G: 2.4848 | D_A: 0.0761 | D_B: 0.0723 | Cycle: 0.7564
Epoch 73/80 | Step 507400 | G: 2.7595 | D_A: 0.0753 | D_B: 0.0608 | Cycle: 0.8586
Epoch 73/80 | Step 507450 | G: 2.4233 | D_A: 0.0447 | D_B: 0.0359 | Cycle: 0.7049
Epoch 73/80 | Step 507500 | G: 2.2557 | D_A: 0.1382 | D_B: 0.1233 | Cycle: 0.6715
Epoch 73/80 | Step 507550 | G: 2.4914 | D_A: 0.0512 | D_B: 0.1525 | Cycle: 0.7013
Epoch 73/80 | Step 507600 | G: 2.2256 | D_A: 0.0704 | D_B: 0.0804 | Cycle: 0.8137
Epoch 73/80 | Step 507650 | G: 3.0490 | D_A: 0.0533 | D_B: 0.1799 | Cycle: 0.8917
Epoch 73/80 | Step 507700 | G: 3.3770 | D_A: 0.1160 | D_B: 0.0360 | Cycle: 1.2943
Epoch 73/80 | Step 507750 | G: 2.3300 | D_A: 0.1142 | D_B: 0.0677 | Cycle: 0.6493
Epoch 73/80 | Step 507800 | G: 2.3314 | D_A: 0.0477 | D_B: 0.1047 | Cycle: 0.7164
Epoch 73/80 | Step 507850 | G: 2.2902 | D_A: 0.1311 | D_B: 0.0423 | Cycle: 0.8504
Epoch 73/80 | Step 507900 | G: 1.8642 | D_A: 0.1471 | D_B: 0.0790 | Cycle: 0.6846
Epoch 73/80 | Step 507950 | G: 2.7751 | D_A: 0.0577 | D_B: 0.0346 | Cycle: 0.9212
Epoch 73/80 | Step 508000 | G: 2.0602 | D_A: 0.1865 | D_B: 0.0332 | Cycle: 0.7050
Epoch 73/80 | Step 508050 | G: 2.5134 | D_A: 0.0696 | D_B: 0.1220 | Cycle: 0.5820
Epoch 73/80 | Step 508100 | G: 2.6214 | D_A: 0.0988 | D_B: 0.0634 | Cycle: 0.8253
Epoch 73/80 | Step 508150 | G: 2.3036 | D_A: 0.0274 | D_B: 0.0476 | Cycle: 0.7490
Epoch 73/80 | Step 508200 | G: 2.4239 | D_A: 0.0943 | D_B: 0.0660 | Cycle: 0.7935
Epoch 73/80 | Step 508250 | G: 3.3308 | D_A: 0.0751 | D_B: 0.0816 | Cycle: 0.7513
Epoch 73/80 | Step 508300 | G: 1.6149 | D_A: 0.1201 | D_B: 0.1220 | Cycle: 0.5853
Epoch 73/80 | Step 508350 | G: 2.6808 | D_A: 0.0716 | D_B: 0.0588 | Cycle: 1.0575
Epoch 73/80 | Step 508400 | G: 2.4616 | D_A: 0.1657 | D_B: 0.0533 | Cycle: 0.8329
Epoch 73/80 | Step 508450 | G: 2.8120 | D_A: 0.0623 | D_B: 0.1223 | Cycle: 0.7286
Epoch 73/80 | Step 508500 | G: 1.7913 | D_A: 0.0819 | D_B: 0.1158 | Cycle: 0.6793
Epoch 73/80 | Step 508550 | G: 2.4646 | D_A: 0.1548 | D_B: 0.0663 | Cycle: 0.7120
Epoch 73/80 | Step 508600 | G: 2.8672 | D_A: 0.1342 | D_B: 0.0489 | Cycle: 1.1154
Epoch 73/80 | Step 508650 | G: 2.1699 | D_A: 0.0707 | D_B: 0.1291 | Cycle: 0.7035
Epoch 73/80 | Step 508700 | G: 3.4843 | D_A: 0.0441 | D_B: 0.0466 | Cycle: 1.1254
Epoch 73/80 | Step 508750 | G: 1.9324 | D_A: 0.1091 | D_B: 0.1478 | Cycle: 0.5636
Epoch 73/80 | Step 508800 | G: 2.4424 | D_A: 0.0616 | D_B: 0.0705 | Cycle: 0.8846
Epoch 73/80 | Step 508850 | G: 3.1522 | D_A: 0.0701 | D_B: 0.0803 | Cycle: 0.8610
Epoch 73/80 | Step 508900 | G: 2.3568 | D_A: 0.1577 | D_B: 0.1185 | Cycle: 0.7169
Epoch 73/80 | Step 508950 | G: 1.7309 | D_A: 0.0941 | D_B: 0.0453 | Cycle: 0.6870
Epoch 73/80 | Step 509000 | G: 2.4499 | D_A: 0.0310 | D_B: 0.0904 | Cycle: 0.6111
Epoch 73/80 | Step 509050 | G: 2.3190 | D_A: 0.0854 | D_B: 0.2003 | Cycle: 0.6943
Epoch 73/80 | Step 509100 | G: 2.1782 | D_A: 0.1701 | D_B: 0.0968 | Cycle: 0.9367
Epoch 73/80 | Step 509150 | G: 1.9585 | D_A: 0.0760 | D_B: 0.0600 | Cycle: 0.7580
Epoch 73/80 | Step 509200 | G: 2.1231 | D_A: 0.2866 | D_B: 0.0831 | Cycle: 0.6682
Epoch 73/80 | Step 509250 | G: 2.2331 | D_A: 0.0704 | D_B: 0.0660 | Cycle: 0.8112
Epoch 73/80 | Step 509300 | G: 2.1319 | D_A: 0.1099 | D_B: 0.1455 | Cycle: 0.7813
Epoch 73/80 | Step 509350 | G: 2.5541 | D_A: 0.0561 | D_B: 0.1189 | Cycle: 0.8068
Epoch 73/80 | Step 509400 | G: 2.1326 | D_A: 0.1884 | D_B: 0.0514 | Cycle: 0.7710
Epoch 73/80 | Step 509450 | G: 3.1579 | D_A: 0.0599 | D_B: 0.0296 | Cycle: 0.7396
Epoch 73/80 | Step 509500 | G: 2.7420 | D_A: 0.0255 | D_B: 0.0818 | Cycle: 0.9030
Epoch 73/80 | Step 509550 | G: 2.3004 | D_A: 0.1526 | D_B: 0.0508 | Cycle: 0.8014
Epoch 73/80 | Step 509600 | G: 2.8160 | D_A: 0.0479 | D_B: 0.0481 | Cycle: 1.0122
Epoch 73/80 | Step 509650 | G: 2.6251 | D_A: 0.0299 | D_B: 0.2026 | Cycle: 0.7111
Epoch 73/80 | Step 509700 | G: 2.5751 | D_A: 0.1867 | D_B: 0.0320 | Cycle: 0.9568
Epoch 73/80 | Step 509750 | G: 2.3665 | D_A: 0.0696 | D_B: 0.0461 | Cycle: 0.8393
Epoch 73/80 | Step 509800 | G: 2.8060 | D_A: 0.0376 | D_B: 0.0427 | Cycle: 0.8955
Epoch 73/80 | Step 509850 | G: 2.3664 | D_A: 0.1716 | D_B: 0.0785 | Cycle: 0.6480
Epoch 73/80 | Step 509900 | G: 2.5733 | D_A: 0.0546 | D_B: 0.0724 | Cycle: 0.7703
Epoch 73/80 | Step 509950 | G: 2.2697 | D_A: 0.0561 | D_B: 0.1850 | Cycle: 0.6233
Epoch 73/80 | Step 510000 | G: 3.1063 | D_A: 0.0683 | D_B: 0.0449 | Cycle: 0.8888
Epoch 73/80 | Step 510050 | G: 2.6741 | D_A: 0.0804 | D_B: 0.1910 | Cycle: 0.8812
Epoch 73/80 | Step 510100 | G: 2.8671 | D_A: 0.0547 | D_B: 0.1240 | Cycle: 0.8803
Epoch 73/80 | Step 510150 | G: 2.5168 | D_A: 0.1030 | D_B: 0.0696 | Cycle: 0.8095
Epoch 73/80 | Step 510200 | G: 2.0765 | D_A: 0.0517 | D_B: 0.0598 | Cycle: 0.7445
Epoch 73/80 | Step 510250 | G: 2.4621 | D_A: 0.0739 | D_B: 0.0984 | Cycle: 0.8134
Epoch 73/80 | Step 510300 | G: 2.8452 | D_A: 0.0477 | D_B: 0.0716 | Cycle: 0.7859
Epoch 73/80 | Step 510350 | G: 2.7978 | D_A: 0.1025 | D_B: 0.0361 | Cycle: 0.9559
Epoch 73/80 | Step 510400 | G: 2.0877 | D_A: 0.0352 | D_B: 0.1536 | Cycle: 0.6154
Epoch 73/80 | Step 510450 | G: 2.0573 | D_A: 0.1071 | D_B: 0.0277 | Cycle: 0.8274
Epoch 73/80 | Step 510500 | G: 2.4132 | D_A: 0.1178 | D_B: 0.0664 | Cycle: 0.8486
Epoch 73/80 | Step 510550 | G: 2.2179 | D_A: 0.0517 | D_B: 0.0342 | Cycle: 0.7915
Epoch 73/80 | Step 510600 | G: 2.5943 | D_A: 0.0546 | D_B: 0.0532 | Cycle: 0.8948
Epoch 73/80 | Step 510650 | G: 2.2765 | D_A: 0.0399 | D_B: 0.0958 | Cycle: 0.7696
Epoch 73/80 | Step 510700 | G: 2.2153 | D_A: 0.1451 | D_B: 0.0695 | Cycle: 0.5402
Epoch 73/80 | Step 510750 | G: 2.8173 | D_A: 0.0559 | D_B: 0.0687 | Cycle: 0.7043
Epoch 73/80 | Step 510800 | G: 2.0435 | D_A: 0.1280 | D_B: 0.0614 | Cycle: 0.7151
Epoch 73/80 | Step 510850 | G: 1.9698 | D_A: 0.1104 | D_B: 0.0444 | Cycle: 0.7868
Epoch 73/80 | Step 510900 | G: 2.6214 | D_A: 0.0546 | D_B: 0.0669 | Cycle: 0.8669
Epoch 73/80 | Step 510950 | G: 2.3427 | D_A: 0.1237 | D_B: 0.0423 | Cycle: 0.8654
Epoch 73/80 | Step 511000 | G: 1.8167 | D_A: 0.0781 | D_B: 0.0826 | Cycle: 0.5397
Epoch 73/80 | Step 511050 | G: 1.9572 | D_A: 0.1417 | D_B: 0.0688 | Cycle: 0.6017
Epoch 73/80 | Step 511100 | G: 2.5974 | D_A: 0.0469 | D_B: 0.0475 | Cycle: 0.8400
Epoch 73/80 | Step 511150 | G: 2.3472 | D_A: 0.0658 | D_B: 0.1006 | Cycle: 0.8221
Epoch 73/80 | Step 511200 | G: 2.7871 | D_A: 0.0531 | D_B: 0.0554 | Cycle: 0.7512
Epoch 73/80 | Step 511250 | G: 2.4025 | D_A: 0.0325 | D_B: 0.0390 | Cycle: 0.7775
Epoch 73/80 | Step 511300 | G: 1.9649 | D_A: 0.0599 | D_B: 0.0407 | Cycle: 0.8097
Epoch 73/80 | Step 511350 | G: 2.0883 | D_A: 0.1403 | D_B: 0.0621 | Cycle: 0.7010
Epoch 73/80 | Step 511400 | G: 1.8781 | D_A: 0.1870 | D_B: 0.0541 | Cycle: 0.5812
Epoch 73/80 | Step 511450 | G: 2.3657 | D_A: 0.1072 | D_B: 0.0642 | Cycle: 0.9411
Epoch 73/80 | Step 511500 | G: 2.5552 | D_A: 0.0399 | D_B: 0.0768 | Cycle: 0.9447
Epoch 73/80 | Step 511550 | G: 2.1868 | D_A: 0.0452 | D_B: 0.1150 | Cycle: 0.5693
Epoch 73/80 | Step 511600 | G: 2.3191 | D_A: 0.0579 | D_B: 0.0830 | Cycle: 0.7728
Epoch 73/80 | Step 511650 | G: 2.1581 | D_A: 0.1280 | D_B: 0.0475 | Cycle: 0.6566
Epoch 73/80 | Step 511700 | G: 2.2898 | D_A: 0.1043 | D_B: 0.0392 | Cycle: 0.8009
Epoch 73/80 | Step 511750 | G: 2.9294 | D_A: 0.0847 | D_B: 0.0458 | Cycle: 0.9697
Epoch 73/80 | Step 511800 | G: 2.3403 | D_A: 0.2035 | D_B: 0.0744 | Cycle: 0.6417
Epoch 73/80 | Step 511850 | G: 2.4816 | D_A: 0.0779 | D_B: 0.0730 | Cycle: 0.6946
Epoch 73/80 | Step 511900 | G: 2.0346 | D_A: 0.0631 | D_B: 0.0866 | Cycle: 0.6134
Epoch 73/80 | Step 511950 | G: 2.3793 | D_A: 0.0993 | D_B: 0.0620 | Cycle: 0.7917
Epoch 73/80 | Step 512000 | G: 2.3699 | D_A: 0.0779 | D_B: 0.0297 | Cycle: 0.8025
Epoch 73/80 | Step 512050 | G: 2.6247 | D_A: 0.1370 | D_B: 0.0696 | Cycle: 0.8917
Epoch 73/80 | Step 512100 | G: 2.5449 | D_A: 0.0432 | D_B: 0.0639 | Cycle: 0.8724
Epoch 73/80 | Step 512150 | G: 2.2893 | D_A: 0.0828 | D_B: 0.0630 | Cycle: 0.7543
Epoch 73/80 | Step 512200 | G: 1.9420 | D_A: 0.1239 | D_B: 0.0866 | Cycle: 0.7819
Epoch 73/80 | Step 512250 | G: 3.1475 | D_A: 0.1282 | D_B: 0.0479 | Cycle: 0.8818
Epoch 73/80 | Step 512300 | G: 2.3412 | D_A: 0.0805 | D_B: 0.0983 | Cycle: 0.6850
Epoch 73/80 | Step 512350 | G: 3.3295 | D_A: 0.1739 | D_B: 0.0812 | Cycle: 0.7494
Epoch 73/80 | Step 512400 | G: 2.6884 | D_A: 0.1282 | D_B: 0.0387 | Cycle: 0.8618
Epoch 73/80 | Step 512450 | G: 2.2997 | D_A: 0.0695 | D_B: 0.1165 | Cycle: 0.7710
Epoch 73/80 | Step 512500 | G: 2.2183 | D_A: 0.0480 | D_B: 0.0753 | Cycle: 0.7815
Epoch 73/80 | Step 512550 | G: 2.4274 | D_A: 0.0599 | D_B: 0.0821 | Cycle: 0.7752
Epoch 73/80 | Step 512600 | G: 2.6636 | D_A: 0.0969 | D_B: 0.0397 | Cycle: 0.8446
Epoch 73/80 | Step 512650 | G: 2.2974 | D_A: 0.1061 | D_B: 0.0737 | Cycle: 0.7585
Epoch 73/80 | Step 512700 | G: 3.3520 | D_A: 0.0533 | D_B: 0.0387 | Cycle: 0.9832
Epoch 73/80 | Step 512750 | G: 2.2734 | D_A: 0.2158 | D_B: 0.0496 | Cycle: 0.8850
Epoch 73/80 | Step 512800 | G: 1.2726 | D_A: 0.1812 | D_B: 0.1816 | Cycle: 0.5907
Epoch 73/80 | Step 512850 | G: 2.3597 | D_A: 0.1260 | D_B: 0.0628 | Cycle: 0.8621
Epoch 73/80 | Step 512900 | G: 2.4473 | D_A: 0.0619 | D_B: 0.0369 | Cycle: 0.9684
Epoch 73/80 | Step 512950 | G: 2.0091 | D_A: 0.2905 | D_B: 0.0730 | Cycle: 0.5848
Epoch 73/80 | Step 513000 | G: 2.1915 | D_A: 0.0895 | D_B: 0.0467 | Cycle: 0.6579
Epoch 73/80 | Step 513050 | G: 2.1684 | D_A: 0.1168 | D_B: 0.2212 | Cycle: 0.7241
Epoch 73/80 | Step 513100 | G: 2.6744 | D_A: 0.1499 | D_B: 0.0508 | Cycle: 0.8229
Epoch 73/80 | Step 513150 | G: 2.4380 | D_A: 0.0489 | D_B: 0.0615 | Cycle: 0.9136
Epoch 73/80 | Step 513200 | G: 2.1384 | D_A: 0.1954 | D_B: 0.0357 | Cycle: 0.7447
Epoch 73/80 | Step 513250 | G: 2.8369 | D_A: 0.0542 | D_B: 0.0697 | Cycle: 0.7544
Epoch 73/80 | Step 513300 | G: 3.3725 | D_A: 0.0804 | D_B: 0.0572 | Cycle: 1.2121
Epoch 73/80 | Step 513350 | G: 2.6924 | D_A: 0.0867 | D_B: 0.0711 | Cycle: 0.8982
Epoch 73/80 | Step 513400 | G: 2.6874 | D_A: 0.1206 | D_B: 0.1175 | Cycle: 0.9206
Epoch 73/80 | Step 513450 | G: 2.5234 | D_A: 0.1583 | D_B: 0.0772 | Cycle: 0.8716
Epoch 73/80 | Step 513500 | G: 2.8603 | D_A: 0.1929 | D_B: 0.0724 | Cycle: 0.8726
Epoch 73/80 | Step 513550 | G: 2.0641 | D_A: 0.0880 | D_B: 0.1112 | Cycle: 0.6911
Epoch 73/80 | Step 513600 | G: 3.0619 | D_A: 0.0628 | D_B: 0.0568 | Cycle: 1.1640
Epoch 73/80 | Step 513650 | G: 2.0157 | D_A: 0.0398 | D_B: 0.1184 | Cycle: 0.7366
Epoch 73/80 | Step 513700 | G: 2.6917 | D_A: 0.4125 | D_B: 0.0813 | Cycle: 0.7067
Epoch 73/80 | Step 513750 | G: 2.9991 | D_A: 0.0445 | D_B: 0.0645 | Cycle: 0.9071
Epoch 73/80 complete | Time: 432s | Avg G: 2.4220 | Avg D: 0.0881
Epoch 74/80 | Step 513800 | G: 2.4712 | D_A: 0.0427 | D_B: 0.0768 | Cycle: 1.0904
Epoch 74/80 | Step 513850 | G: 2.9050 | D_A: 0.2372 | D_B: 0.0451 | Cycle: 1.1012
Epoch 74/80 | Step 513900 | G: 2.1837 | D_A: 0.1027 | D_B: 0.1638 | Cycle: 0.6688
Epoch 74/80 | Step 513950 | G: 2.2145 | D_A: 0.0782 | D_B: 0.0504 | Cycle: 0.8227
Epoch 74/80 | Step 514000 | G: 2.1970 | D_A: 0.0554 | D_B: 0.0672 | Cycle: 1.0102
Epoch 74/80 | Step 514050 | G: 2.3628 | D_A: 0.1339 | D_B: 0.0797 | Cycle: 0.8757
Epoch 74/80 | Step 514100 | G: 2.3585 | D_A: 0.0655 | D_B: 0.0873 | Cycle: 0.8466
Epoch 74/80 | Step 514150 | G: 2.3658 | D_A: 0.0586 | D_B: 0.0456 | Cycle: 0.8209
Epoch 74/80 | Step 514200 | G: 1.9800 | D_A: 0.0676 | D_B: 0.0633 | Cycle: 0.6934
Epoch 74/80 | Step 514250 | G: 1.9451 | D_A: 0.1022 | D_B: 0.0583 | Cycle: 0.5905
Epoch 74/80 | Step 514300 | G: 2.4407 | D_A: 0.1072 | D_B: 0.1908 | Cycle: 0.9082
Epoch 74/80 | Step 514350 | G: 2.4966 | D_A: 0.1883 | D_B: 0.0724 | Cycle: 1.1252
Epoch 74/80 | Step 514400 | G: 2.1801 | D_A: 0.1035 | D_B: 0.0538 | Cycle: 0.7622
Epoch 74/80 | Step 514450 | G: 2.2024 | D_A: 0.0745 | D_B: 0.0833 | Cycle: 0.7539
Epoch 74/80 | Step 514500 | G: 2.4037 | D_A: 0.1128 | D_B: 0.0697 | Cycle: 0.6340
Epoch 74/80 | Step 514550 | G: 2.2490 | D_A: 0.0721 | D_B: 0.0590 | Cycle: 0.8434
Epoch 74/80 | Step 514600 | G: 2.8141 | D_A: 0.0720 | D_B: 0.0538 | Cycle: 0.7996
Epoch 74/80 | Step 514650 | G: 2.3227 | D_A: 0.0751 | D_B: 0.0406 | Cycle: 0.7407
Epoch 74/80 | Step 514700 | G: 2.2105 | D_A: 0.1822 | D_B: 0.1206 | Cycle: 0.6703
Epoch 74/80 | Step 514750 | G: 2.7234 | D_A: 0.0399 | D_B: 0.0572 | Cycle: 0.7163
Epoch 74/80 | Step 514800 | G: 2.6457 | D_A: 0.0845 | D_B: 0.1058 | Cycle: 0.8885
Epoch 74/80 | Step 514850 | G: 2.5197 | D_A: 0.1149 | D_B: 0.0337 | Cycle: 0.9411
Epoch 74/80 | Step 514900 | G: 2.8110 | D_A: 0.0919 | D_B: 0.0558 | Cycle: 1.0515
Epoch 74/80 | Step 514950 | G: 2.4768 | D_A: 0.0958 | D_B: 0.0336 | Cycle: 0.8250
Epoch 74/80 | Step 515000 | G: 2.4487 | D_A: 0.1259 | D_B: 0.1448 | Cycle: 0.9198
Epoch 74/80 | Step 515050 | G: 2.5476 | D_A: 0.0545 | D_B: 0.0356 | Cycle: 0.8101
Epoch 74/80 | Step 515100 | G: 2.2986 | D_A: 0.3486 | D_B: 0.0737 | Cycle: 0.7209
Epoch 74/80 | Step 515150 | G: 2.2538 | D_A: 0.0829 | D_B: 0.0475 | Cycle: 0.7572
Epoch 74/80 | Step 515200 | G: 2.0914 | D_A: 0.0872 | D_B: 0.0455 | Cycle: 0.6849
Epoch 74/80 | Step 515250 | G: 2.8109 | D_A: 0.1652 | D_B: 0.0738 | Cycle: 1.1157
Epoch 74/80 | Step 515300 | G: 2.6230 | D_A: 0.1371 | D_B: 0.0558 | Cycle: 0.7707
Epoch 74/80 | Step 515350 | G: 2.3395 | D_A: 0.0722 | D_B: 0.1378 | Cycle: 0.6099
Epoch 74/80 | Step 515400 | G: 2.2945 | D_A: 0.0594 | D_B: 0.0741 | Cycle: 0.8714
Epoch 74/80 | Step 515450 | G: 2.3606 | D_A: 0.1176 | D_B: 0.0706 | Cycle: 0.9602
Epoch 74/80 | Step 515500 | G: 2.0570 | D_A: 0.1179 | D_B: 0.0558 | Cycle: 0.5933
Epoch 74/80 | Step 515550 | G: 2.6709 | D_A: 0.0640 | D_B: 0.1302 | Cycle: 0.7711
Epoch 74/80 | Step 515600 | G: 2.1045 | D_A: 0.0651 | D_B: 0.1730 | Cycle: 0.7760
Epoch 74/80 | Step 515650 | G: 2.7720 | D_A: 0.0806 | D_B: 0.0275 | Cycle: 0.8267
Epoch 74/80 | Step 515700 | G: 2.1628 | D_A: 0.0933 | D_B: 0.0586 | Cycle: 0.5971
Epoch 74/80 | Step 515750 | G: 2.0797 | D_A: 0.1368 | D_B: 0.0674 | Cycle: 0.7391
Epoch 74/80 | Step 515800 | G: 2.4685 | D_A: 0.1365 | D_B: 0.0517 | Cycle: 0.9774
Epoch 74/80 | Step 515850 | G: 2.5992 | D_A: 0.1568 | D_B: 0.0385 | Cycle: 0.7629
Epoch 74/80 | Step 515900 | G: 1.9786 | D_A: 0.1168 | D_B: 0.0428 | Cycle: 0.7662
Epoch 74/80 | Step 515950 | G: 2.5045 | D_A: 0.0641 | D_B: 0.0511 | Cycle: 0.7652
Epoch 74/80 | Step 516000 | G: 2.8132 | D_A: 0.1530 | D_B: 0.0837 | Cycle: 0.9273
Epoch 74/80 | Step 516050 | G: 2.2273 | D_A: 0.0390 | D_B: 0.0699 | Cycle: 0.5599
Epoch 74/80 | Step 516100 | G: 2.2873 | D_A: 0.0610 | D_B: 0.1040 | Cycle: 0.7873
Epoch 74/80 | Step 516150 | G: 2.3810 | D_A: 0.1115 | D_B: 0.0558 | Cycle: 0.7497
Epoch 74/80 | Step 516200 | G: 2.0995 | D_A: 0.0677 | D_B: 0.0466 | Cycle: 0.6526
Epoch 74/80 | Step 516250 | G: 1.9976 | D_A: 0.2112 | D_B: 0.1068 | Cycle: 0.7085
Epoch 74/80 | Step 516300 | G: 2.5146 | D_A: 0.0646 | D_B: 0.0451 | Cycle: 0.7224
Epoch 74/80 | Step 516350 | G: 2.3887 | D_A: 0.0422 | D_B: 0.0672 | Cycle: 0.7609
Epoch 74/80 | Step 516400 | G: 2.4773 | D_A: 0.1150 | D_B: 0.0876 | Cycle: 0.9861
Epoch 74/80 | Step 516450 | G: 2.6233 | D_A: 0.0966 | D_B: 0.0555 | Cycle: 0.9052
Epoch 74/80 | Step 516500 | G: 2.4931 | D_A: 0.0740 | D_B: 0.0836 | Cycle: 0.8058
Epoch 74/80 | Step 516550 | G: 3.6636 | D_A: 0.2464 | D_B: 0.0310 | Cycle: 1.1209
Epoch 74/80 | Step 516600 | G: 2.4670 | D_A: 0.0679 | D_B: 0.0533 | Cycle: 0.7708
Epoch 74/80 | Step 516650 | G: 2.4856 | D_A: 0.0785 | D_B: 0.0787 | Cycle: 0.8417
Epoch 74/80 | Step 516700 | G: 2.3123 | D_A: 0.1397 | D_B: 0.0882 | Cycle: 0.6817
Epoch 74/80 | Step 516750 | G: 2.3633 | D_A: 0.0236 | D_B: 0.0538 | Cycle: 0.6635
Epoch 74/80 | Step 516800 | G: 2.1037 | D_A: 0.0963 | D_B: 0.0860 | Cycle: 0.7617
Epoch 74/80 | Step 516850 | G: 2.8563 | D_A: 0.1282 | D_B: 0.1279 | Cycle: 1.1140
Epoch 74/80 | Step 516900 | G: 2.1305 | D_A: 0.0980 | D_B: 0.0691 | Cycle: 0.9296
Epoch 74/80 | Step 516950 | G: 2.1724 | D_A: 0.0976 | D_B: 0.0455 | Cycle: 0.6672
Epoch 74/80 | Step 517000 | G: 2.3771 | D_A: 0.1278 | D_B: 0.1019 | Cycle: 0.7465
Epoch 74/80 | Step 517050 | G: 2.8180 | D_A: 0.1735 | D_B: 0.0342 | Cycle: 0.8614
Epoch 74/80 | Step 517100 | G: 2.5507 | D_A: 0.0645 | D_B: 0.1126 | Cycle: 0.7161
Epoch 74/80 | Step 517150 | G: 2.3490 | D_A: 0.0348 | D_B: 0.1102 | Cycle: 0.6000
Epoch 74/80 | Step 517200 | G: 1.7602 | D_A: 0.0546 | D_B: 0.1603 | Cycle: 0.6497
Epoch 74/80 | Step 517250 | G: 2.7759 | D_A: 0.0506 | D_B: 0.0719 | Cycle: 1.0008
Epoch 74/80 | Step 517300 | G: 2.5708 | D_A: 0.0449 | D_B: 0.1621 | Cycle: 0.5956
Epoch 74/80 | Step 517350 | G: 2.5203 | D_A: 0.1306 | D_B: 0.0380 | Cycle: 0.6876
Epoch 74/80 | Step 517400 | G: 2.3889 | D_A: 0.1212 | D_B: 0.1016 | Cycle: 0.9639
Epoch 74/80 | Step 517450 | G: 2.4789 | D_A: 0.2654 | D_B: 0.0613 | Cycle: 0.9618
Epoch 74/80 | Step 517500 | G: 1.6902 | D_A: 0.0727 | D_B: 0.0889 | Cycle: 0.6449
Epoch 74/80 | Step 517550 | G: 2.2147 | D_A: 0.0807 | D_B: 0.1624 | Cycle: 0.8469
Epoch 74/80 | Step 517600 | G: 2.3249 | D_A: 0.1238 | D_B: 0.0571 | Cycle: 0.6575
Epoch 74/80 | Step 517650 | G: 2.2490 | D_A: 0.0434 | D_B: 0.0374 | Cycle: 0.6069
Epoch 74/80 | Step 517700 | G: 2.4195 | D_A: 0.0533 | D_B: 0.0678 | Cycle: 0.6757
Epoch 74/80 | Step 517750 | G: 2.5020 | D_A: 0.0393 | D_B: 0.0456 | Cycle: 0.7645
Epoch 74/80 | Step 517800 | G: 2.5404 | D_A: 0.0539 | D_B: 0.0589 | Cycle: 0.8847
Epoch 74/80 | Step 517850 | G: 2.5312 | D_A: 0.0863 | D_B: 0.0494 | Cycle: 0.8191
Epoch 74/80 | Step 517900 | G: 3.5724 | D_A: 0.0940 | D_B: 0.0741 | Cycle: 0.9829
Epoch 74/80 | Step 517950 | G: 2.5085 | D_A: 0.0355 | D_B: 0.0565 | Cycle: 0.7822
Epoch 74/80 | Step 518000 | G: 2.3959 | D_A: 0.1672 | D_B: 0.0358 | Cycle: 0.7528
Epoch 74/80 | Step 518050 | G: 1.9704 | D_A: 0.0641 | D_B: 0.0750 | Cycle: 0.6598
Epoch 74/80 | Step 518100 | G: 1.8802 | D_A: 0.0797 | D_B: 0.0602 | Cycle: 0.7940
Epoch 74/80 | Step 518150 | G: 2.7594 | D_A: 0.0953 | D_B: 0.0492 | Cycle: 0.9663
Epoch 74/80 | Step 518200 | G: 2.6268 | D_A: 0.0452 | D_B: 0.0596 | Cycle: 0.8399
Epoch 74/80 | Step 518250 | G: 2.4998 | D_A: 0.0359 | D_B: 0.0472 | Cycle: 0.8537
Epoch 74/80 | Step 518300 | G: 2.8788 | D_A: 0.1561 | D_B: 0.0760 | Cycle: 0.8615
Epoch 74/80 | Step 518350 | G: 2.2171 | D_A: 0.0792 | D_B: 0.0867 | Cycle: 0.6888
Epoch 74/80 | Step 518400 | G: 2.7360 | D_A: 0.1696 | D_B: 0.0574 | Cycle: 0.9244
Epoch 74/80 | Step 518450 | G: 2.6418 | D_A: 0.0661 | D_B: 0.0515 | Cycle: 1.0190
Epoch 74/80 | Step 518500 | G: 2.0025 | D_A: 0.2273 | D_B: 0.0620 | Cycle: 0.6750
Epoch 74/80 | Step 518550 | G: 1.8288 | D_A: 0.1604 | D_B: 0.0281 | Cycle: 0.6699
Epoch 74/80 | Step 518600 | G: 2.6421 | D_A: 0.0493 | D_B: 0.1418 | Cycle: 0.7592
Epoch 74/80 | Step 518650 | G: 2.2975 | D_A: 0.1700 | D_B: 0.0520 | Cycle: 0.7406
Epoch 74/80 | Step 518700 | G: 2.0940 | D_A: 0.0409 | D_B: 0.0947 | Cycle: 0.7706
Epoch 74/80 | Step 518750 | G: 1.6893 | D_A: 0.0910 | D_B: 0.0372 | Cycle: 0.6113
Epoch 74/80 | Step 518800 | G: 2.7181 | D_A: 0.1085 | D_B: 0.0583 | Cycle: 1.0398
Epoch 74/80 | Step 518850 | G: 2.2758 | D_A: 0.0465 | D_B: 0.1750 | Cycle: 0.6549
Epoch 74/80 | Step 518900 | G: 2.5879 | D_A: 0.0939 | D_B: 0.0470 | Cycle: 0.8860
Epoch 74/80 | Step 518950 | G: 2.3260 | D_A: 0.0589 | D_B: 0.0358 | Cycle: 0.8057
Epoch 74/80 | Step 519000 | G: 2.0136 | D_A: 0.1416 | D_B: 0.0693 | Cycle: 0.7010
Epoch 74/80 | Step 519050 | G: 2.5526 | D_A: 0.1143 | D_B: 0.0646 | Cycle: 0.8532
Epoch 74/80 | Step 519100 | G: 1.9504 | D_A: 0.0912 | D_B: 0.0681 | Cycle: 0.5653
Epoch 74/80 | Step 519150 | G: 2.3772 | D_A: 0.0599 | D_B: 0.0794 | Cycle: 0.9960
Epoch 74/80 | Step 519200 | G: 2.0216 | D_A: 0.1550 | D_B: 0.0529 | Cycle: 0.7305
Epoch 74/80 | Step 519250 | G: 2.1718 | D_A: 0.0346 | D_B: 0.0633 | Cycle: 0.8177
Epoch 74/80 | Step 519300 | G: 2.4348 | D_A: 0.0488 | D_B: 0.0442 | Cycle: 0.7405
Epoch 74/80 | Step 519350 | G: 2.1351 | D_A: 0.0926 | D_B: 0.1051 | Cycle: 0.7155
Epoch 74/80 | Step 519400 | G: 2.2056 | D_A: 0.1162 | D_B: 0.1691 | Cycle: 0.5785
Epoch 74/80 | Step 519450 | G: 2.2630 | D_A: 0.0400 | D_B: 0.1371 | Cycle: 0.7646
Epoch 74/80 | Step 519500 | G: 2.1471 | D_A: 0.0837 | D_B: 0.0377 | Cycle: 0.7105
Epoch 74/80 | Step 519550 | G: 2.2600 | D_A: 0.0792 | D_B: 0.0861 | Cycle: 0.7210
Epoch 74/80 | Step 519600 | G: 2.1423 | D_A: 0.1086 | D_B: 0.0424 | Cycle: 0.6251
Epoch 74/80 | Step 519650 | G: 2.4494 | D_A: 0.0683 | D_B: 0.1360 | Cycle: 0.6413
Epoch 74/80 | Step 519700 | G: 1.9703 | D_A: 0.0692 | D_B: 0.1075 | Cycle: 0.7798
Epoch 74/80 | Step 519750 | G: 2.7552 | D_A: 0.0638 | D_B: 0.0308 | Cycle: 0.7598
Epoch 74/80 | Step 519800 | G: 2.6231 | D_A: 0.0653 | D_B: 0.0565 | Cycle: 0.7104
Epoch 74/80 | Step 519850 | G: 2.5092 | D_A: 0.1605 | D_B: 0.0340 | Cycle: 0.6579
Epoch 74/80 | Step 519900 | G: 2.6542 | D_A: 0.0629 | D_B: 0.0554 | Cycle: 0.7759
Epoch 74/80 | Step 519950 | G: 2.7276 | D_A: 0.0583 | D_B: 0.0511 | Cycle: 0.8565
Epoch 74/80 | Step 520000 | G: 2.6965 | D_A: 0.0583 | D_B: 0.0320 | Cycle: 0.8174
Epoch 74/80 | Step 520050 | G: 2.3055 | D_A: 0.0714 | D_B: 0.0487 | Cycle: 0.7577
Epoch 74/80 | Step 520100 | G: 2.8180 | D_A: 0.0637 | D_B: 0.0345 | Cycle: 0.8270
Epoch 74/80 | Step 520150 | G: 2.0960 | D_A: 0.0496 | D_B: 0.0596 | Cycle: 0.7921
Epoch 74/80 | Step 520200 | G: 1.9883 | D_A: 0.0767 | D_B: 0.1215 | Cycle: 0.6261
Epoch 74/80 | Step 520250 | G: 2.0844 | D_A: 0.1909 | D_B: 0.1200 | Cycle: 0.6533
Epoch 74/80 | Step 520300 | G: 1.9416 | D_A: 0.1749 | D_B: 0.0895 | Cycle: 0.6510
Epoch 74/80 | Step 520350 | G: 1.8536 | D_A: 0.0608 | D_B: 0.2044 | Cycle: 0.5876
Epoch 74/80 | Step 520400 | G: 1.8941 | D_A: 0.0567 | D_B: 0.0833 | Cycle: 0.6903
Epoch 74/80 | Step 520450 | G: 2.3430 | D_A: 0.1265 | D_B: 0.1116 | Cycle: 0.6932
Epoch 74/80 | Step 520500 | G: 2.3446 | D_A: 0.0294 | D_B: 0.1510 | Cycle: 0.8292
Epoch 74/80 | Step 520550 | G: 2.9509 | D_A: 0.0633 | D_B: 0.0942 | Cycle: 0.7772
Epoch 74/80 | Step 520600 | G: 2.8054 | D_A: 0.0626 | D_B: 0.0370 | Cycle: 0.8657
Epoch 74/80 | Step 520650 | G: 2.3362 | D_A: 0.0665 | D_B: 0.0419 | Cycle: 0.7776
Epoch 74/80 | Step 520700 | G: 2.4969 | D_A: 0.0707 | D_B: 0.0542 | Cycle: 0.8345
Epoch 74/80 | Step 520750 | G: 2.3731 | D_A: 0.1456 | D_B: 0.0775 | Cycle: 0.8931
Epoch 74/80 | Step 520800 | G: 2.8011 | D_A: 0.0629 | D_B: 0.0467 | Cycle: 0.8958
Epoch 74/80 complete | Time: 427s | Avg G: 2.4196 | Avg D: 0.0881
Epoch 75/80 | Step 520850 | G: 2.0050 | D_A: 0.0477 | D_B: 0.1370 | Cycle: 0.5384
Epoch 75/80 | Step 520900 | G: 2.2874 | D_A: 0.0673 | D_B: 0.0541 | Cycle: 0.8573
Epoch 75/80 | Step 520950 | G: 2.2110 | D_A: 0.0838 | D_B: 0.0664 | Cycle: 0.8099
Epoch 75/80 | Step 521000 | G: 2.1834 | D_A: 0.0471 | D_B: 0.0649 | Cycle: 0.7517
Epoch 75/80 | Step 521050 | G: 2.2249 | D_A: 0.0911 | D_B: 0.0280 | Cycle: 0.6584
Epoch 75/80 | Step 521100 | G: 2.4881 | D_A: 0.1305 | D_B: 0.0303 | Cycle: 0.8668
Epoch 75/80 | Step 521150 | G: 2.4364 | D_A: 0.0653 | D_B: 0.0243 | Cycle: 0.7385
Epoch 75/80 | Step 521200 | G: 2.3148 | D_A: 0.0672 | D_B: 0.0829 | Cycle: 0.7285
Epoch 75/80 | Step 521250 | G: 2.1811 | D_A: 0.0765 | D_B: 0.0636 | Cycle: 0.7076
Epoch 75/80 | Step 521300 | G: 1.9080 | D_A: 0.1434 | D_B: 0.0996 | Cycle: 0.5937
Epoch 75/80 | Step 521350 | G: 2.6088 | D_A: 0.0562 | D_B: 0.1170 | Cycle: 0.7558
Epoch 75/80 | Step 521400 | G: 2.0825 | D_A: 0.1458 | D_B: 0.1135 | Cycle: 0.8400
Epoch 75/80 | Step 521450 | G: 2.3454 | D_A: 0.1898 | D_B: 0.0901 | Cycle: 0.7978
Epoch 75/80 | Step 521500 | G: 3.1040 | D_A: 0.0588 | D_B: 0.0754 | Cycle: 1.2056
Epoch 75/80 | Step 521550 | G: 1.5294 | D_A: 0.1162 | D_B: 0.0938 | Cycle: 0.5560
Epoch 75/80 | Step 521600 | G: 2.8151 | D_A: 0.0505 | D_B: 0.0997 | Cycle: 0.9993
Epoch 75/80 | Step 521650 | G: 2.1327 | D_A: 0.0666 | D_B: 0.1943 | Cycle: 0.7018
Epoch 75/80 | Step 521700 | G: 2.5113 | D_A: 0.0519 | D_B: 0.0682 | Cycle: 0.7104
Epoch 75/80 | Step 521750 | G: 2.4621 | D_A: 0.0749 | D_B: 0.0483 | Cycle: 0.8260
Epoch 75/80 | Step 521800 | G: 3.2297 | D_A: 0.0944 | D_B: 0.0834 | Cycle: 0.9327
Epoch 75/80 | Step 521850 | G: 2.4312 | D_A: 0.1415 | D_B: 0.0822 | Cycle: 0.8539
Epoch 75/80 | Step 521900 | G: 2.4258 | D_A: 0.1881 | D_B: 0.0351 | Cycle: 0.5737
Epoch 75/80 | Step 521950 | G: 3.3702 | D_A: 0.1184 | D_B: 0.0413 | Cycle: 1.0317
Epoch 75/80 | Step 522000 | G: 2.9303 | D_A: 0.0569 | D_B: 0.0253 | Cycle: 0.7594
Epoch 75/80 | Step 522050 | G: 2.2707 | D_A: 0.2081 | D_B: 0.2603 | Cycle: 0.7082
Epoch 75/80 | Step 522100 | G: 2.5084 | D_A: 0.0583 | D_B: 0.0985 | Cycle: 0.6539
Epoch 75/80 | Step 522150 | G: 3.2137 | D_A: 0.0490 | D_B: 0.0372 | Cycle: 0.7954
Epoch 75/80 | Step 522200 | G: 2.6455 | D_A: 0.0427 | D_B: 0.1056 | Cycle: 0.7511
Epoch 75/80 | Step 522250 | G: 2.4556 | D_A: 0.0388 | D_B: 0.1188 | Cycle: 0.7309
Epoch 75/80 | Step 522300 | G: 2.7533 | D_A: 0.0967 | D_B: 0.0701 | Cycle: 0.9071
Epoch 75/80 | Step 522350 | G: 2.9657 | D_A: 0.0340 | D_B: 0.0378 | Cycle: 0.7332
Epoch 75/80 | Step 522400 | G: 2.6261 | D_A: 0.0618 | D_B: 0.0474 | Cycle: 0.8095
Epoch 75/80 | Step 522450 | G: 2.5262 | D_A: 0.1303 | D_B: 0.0725 | Cycle: 0.7485
Epoch 75/80 | Step 522500 | G: 2.8647 | D_A: 0.4277 | D_B: 0.0340 | Cycle: 0.7265
Epoch 75/80 | Step 522550 | G: 2.1944 | D_A: 0.0859 | D_B: 0.1509 | Cycle: 0.6792
Epoch 75/80 | Step 522600 | G: 2.9282 | D_A: 0.2214 | D_B: 0.0874 | Cycle: 1.0537
Epoch 75/80 | Step 522650 | G: 2.1194 | D_A: 0.1070 | D_B: 0.0534 | Cycle: 0.7866
Epoch 75/80 | Step 522700 | G: 2.2885 | D_A: 0.0550 | D_B: 0.1012 | Cycle: 0.9030
Epoch 75/80 | Step 522750 | G: 2.3674 | D_A: 0.0435 | D_B: 0.0289 | Cycle: 0.8643
Epoch 75/80 | Step 522800 | G: 2.1138 | D_A: 0.1592 | D_B: 0.0637 | Cycle: 0.8225
Epoch 75/80 | Step 522850 | G: 2.8493 | D_A: 0.0483 | D_B: 0.0781 | Cycle: 0.9542
Epoch 75/80 | Step 522900 | G: 2.0922 | D_A: 0.0825 | D_B: 0.1028 | Cycle: 0.6990
Epoch 75/80 | Step 522950 | G: 2.7261 | D_A: 0.0531 | D_B: 0.0347 | Cycle: 0.7750
Epoch 75/80 | Step 523000 | G: 2.2537 | D_A: 0.0464 | D_B: 0.1908 | Cycle: 0.7483
Epoch 75/80 | Step 523050 | G: 2.0887 | D_A: 0.1674 | D_B: 0.0813 | Cycle: 0.7381
Epoch 75/80 | Step 523100 | G: 2.4490 | D_A: 0.0595 | D_B: 0.0616 | Cycle: 0.6845
Epoch 75/80 | Step 523150 | G: 2.4696 | D_A: 0.0370 | D_B: 0.0960 | Cycle: 0.8331
Epoch 75/80 | Step 523200 | G: 2.2413 | D_A: 0.1151 | D_B: 0.0873 | Cycle: 0.9512
Epoch 75/80 | Step 523250 | G: 1.9408 | D_A: 0.1218 | D_B: 0.1281 | Cycle: 0.6827
Epoch 75/80 | Step 523300 | G: 3.2192 | D_A: 0.0619 | D_B: 0.1106 | Cycle: 0.9371
Epoch 75/80 | Step 523350 | G: 2.0344 | D_A: 0.0806 | D_B: 0.0984 | Cycle: 0.6896
Epoch 75/80 | Step 523400 | G: 2.4724 | D_A: 0.1472 | D_B: 0.0777 | Cycle: 0.7064
Epoch 75/80 | Step 523450 | G: 2.5003 | D_A: 0.0379 | D_B: 0.0445 | Cycle: 0.7240
Epoch 75/80 | Step 523500 | G: 2.3545 | D_A: 0.1361 | D_B: 0.0529 | Cycle: 0.8021
Epoch 75/80 | Step 523550 | G: 2.7925 | D_A: 0.1522 | D_B: 0.0330 | Cycle: 0.9896
Epoch 75/80 | Step 523600 | G: 2.6670 | D_A: 0.1784 | D_B: 0.0360 | Cycle: 0.8500
Epoch 75/80 | Step 523650 | G: 2.4776 | D_A: 0.1060 | D_B: 0.0825 | Cycle: 0.7916
Epoch 75/80 | Step 523700 | G: 1.8832 | D_A: 0.0656 | D_B: 0.1499 | Cycle: 0.6618
Epoch 75/80 | Step 523750 | G: 2.2641 | D_A: 0.0453 | D_B: 0.1167 | Cycle: 0.8674
Epoch 75/80 | Step 523800 | G: 2.6700 | D_A: 0.0610 | D_B: 0.0789 | Cycle: 0.8492
Epoch 75/80 | Step 523850 | G: 3.3252 | D_A: 0.0481 | D_B: 0.0534 | Cycle: 1.0075
Epoch 75/80 | Step 523900 | G: 2.3047 | D_A: 0.0869 | D_B: 0.0665 | Cycle: 0.7750
Epoch 75/80 | Step 523950 | G: 2.5481 | D_A: 0.0327 | D_B: 0.0733 | Cycle: 0.9045
Epoch 75/80 | Step 524000 | G: 2.5148 | D_A: 0.2127 | D_B: 0.0481 | Cycle: 0.8709
Epoch 75/80 | Step 524050 | G: 2.3941 | D_A: 0.0538 | D_B: 0.0835 | Cycle: 0.7812
Epoch 75/80 | Step 524100 | G: 2.4644 | D_A: 0.2788 | D_B: 0.0495 | Cycle: 0.7919
Epoch 75/80 | Step 524150 | G: 2.5309 | D_A: 0.0980 | D_B: 0.0672 | Cycle: 0.9218
Epoch 75/80 | Step 524200 | G: 3.0815 | D_A: 0.0708 | D_B: 0.0392 | Cycle: 1.1316
Epoch 75/80 | Step 524250 | G: 2.3018 | D_A: 0.0427 | D_B: 0.0403 | Cycle: 0.6173
Epoch 75/80 | Step 524300 | G: 1.9605 | D_A: 0.1052 | D_B: 0.0810 | Cycle: 0.7297
Epoch 75/80 | Step 524350 | G: 2.1951 | D_A: 0.1050 | D_B: 0.0759 | Cycle: 0.5744
Epoch 75/80 | Step 524400 | G: 2.3293 | D_A: 0.1409 | D_B: 0.1169 | Cycle: 0.7035
Epoch 75/80 | Step 524450 | G: 2.1610 | D_A: 0.1016 | D_B: 0.0771 | Cycle: 0.7670
Epoch 75/80 | Step 524500 | G: 2.3707 | D_A: 0.0644 | D_B: 0.0856 | Cycle: 0.9741
Epoch 75/80 | Step 524550 | G: 2.1431 | D_A: 0.4126 | D_B: 0.1368 | Cycle: 0.6826
Epoch 75/80 | Step 524600 | G: 3.2082 | D_A: 0.0626 | D_B: 0.0478 | Cycle: 0.9807
Epoch 75/80 | Step 524650 | G: 1.9501 | D_A: 0.1842 | D_B: 0.0542 | Cycle: 0.6675
Epoch 75/80 | Step 524700 | G: 2.6672 | D_A: 0.0741 | D_B: 0.0425 | Cycle: 0.7158
Epoch 75/80 | Step 524750 | G: 2.0315 | D_A: 0.3800 | D_B: 0.0740 | Cycle: 0.6896
Epoch 75/80 | Step 524800 | G: 2.6053 | D_A: 0.0793 | D_B: 0.0530 | Cycle: 0.7574
Epoch 75/80 | Step 524850 | G: 2.6037 | D_A: 0.1078 | D_B: 0.1086 | Cycle: 0.7993
Epoch 75/80 | Step 524900 | G: 1.9690 | D_A: 0.1385 | D_B: 0.0756 | Cycle: 0.7853
Epoch 75/80 | Step 524950 | G: 2.3321 | D_A: 0.1578 | D_B: 0.0336 | Cycle: 0.7414
Epoch 75/80 | Step 525000 | G: 2.0536 | D_A: 0.1596 | D_B: 0.0573 | Cycle: 0.6333
Epoch 75/80 | Step 525050 | G: 2.2897 | D_A: 0.0805 | D_B: 0.0445 | Cycle: 0.6094
Epoch 75/80 | Step 525100 | G: 2.8984 | D_A: 0.0728 | D_B: 0.0395 | Cycle: 1.0454
Epoch 75/80 | Step 525150 | G: 1.8742 | D_A: 0.2950 | D_B: 0.1169 | Cycle: 0.5334
Epoch 75/80 | Step 525200 | G: 2.7376 | D_A: 0.0525 | D_B: 0.0590 | Cycle: 0.7660
Epoch 75/80 | Step 525250 | G: 2.8067 | D_A: 0.0843 | D_B: 0.0298 | Cycle: 0.8791
Epoch 75/80 | Step 525300 | G: 1.9663 | D_A: 0.0822 | D_B: 0.0905 | Cycle: 0.5694
Epoch 75/80 | Step 525350 | G: 2.6366 | D_A: 0.0504 | D_B: 0.0391 | Cycle: 0.8799
Epoch 75/80 | Step 525400 | G: 2.8626 | D_A: 0.0613 | D_B: 0.0392 | Cycle: 0.9364
Epoch 75/80 | Step 525450 | G: 2.9823 | D_A: 0.1206 | D_B: 0.0412 | Cycle: 1.1160
Epoch 75/80 | Step 525500 | G: 2.9046 | D_A: 0.1613 | D_B: 0.0369 | Cycle: 0.7870
Epoch 75/80 | Step 525550 | G: 2.1024 | D_A: 0.0745 | D_B: 0.0624 | Cycle: 0.6626
Epoch 75/80 | Step 525600 | G: 2.6991 | D_A: 0.0944 | D_B: 0.0438 | Cycle: 0.6920
Epoch 75/80 | Step 525650 | G: 2.5605 | D_A: 0.0741 | D_B: 0.0469 | Cycle: 1.0021
Epoch 75/80 | Step 525700 | G: 2.8830 | D_A: 0.0915 | D_B: 0.0548 | Cycle: 1.1037
Epoch 75/80 | Step 525750 | G: 2.5146 | D_A: 0.0327 | D_B: 0.0364 | Cycle: 0.8271
Epoch 75/80 | Step 525800 | G: 2.5870 | D_A: 0.0724 | D_B: 0.0397 | Cycle: 0.8379
Epoch 75/80 | Step 525850 | G: 2.6618 | D_A: 0.0570 | D_B: 0.0523 | Cycle: 0.9791
Epoch 75/80 | Step 525900 | G: 2.4878 | D_A: 0.1164 | D_B: 0.0453 | Cycle: 0.8123
Epoch 75/80 | Step 525950 | G: 2.5418 | D_A: 0.0904 | D_B: 0.1109 | Cycle: 0.7720
Epoch 75/80 | Step 526000 | G: 1.8850 | D_A: 0.0378 | D_B: 0.0921 | Cycle: 0.7047
Epoch 75/80 | Step 526050 | G: 2.7781 | D_A: 0.0442 | D_B: 0.0501 | Cycle: 1.1254
Epoch 75/80 | Step 526100 | G: 3.4430 | D_A: 0.0605 | D_B: 0.0267 | Cycle: 1.1941
Epoch 75/80 | Step 526150 | G: 2.5919 | D_A: 0.0764 | D_B: 0.0457 | Cycle: 0.8542
Epoch 75/80 | Step 526200 | G: 2.4732 | D_A: 0.0827 | D_B: 0.0580 | Cycle: 0.8190
Epoch 75/80 | Step 526250 | G: 2.0484 | D_A: 0.2574 | D_B: 0.1403 | Cycle: 0.6456
Epoch 75/80 | Step 526300 | G: 2.3917 | D_A: 0.1125 | D_B: 0.0584 | Cycle: 0.7384
Epoch 75/80 | Step 526350 | G: 2.1031 | D_A: 0.0919 | D_B: 0.1132 | Cycle: 0.6516
Epoch 75/80 | Step 526400 | G: 2.0345 | D_A: 0.0958 | D_B: 0.1126 | Cycle: 0.6827
Epoch 75/80 | Step 526450 | G: 2.4145 | D_A: 0.2887 | D_B: 0.0796 | Cycle: 0.9028
Epoch 75/80 | Step 526500 | G: 2.5625 | D_A: 0.0444 | D_B: 0.0525 | Cycle: 0.7984
Epoch 75/80 | Step 526550 | G: 2.1374 | D_A: 0.0929 | D_B: 0.0597 | Cycle: 0.6495
Epoch 75/80 | Step 526600 | G: 2.2851 | D_A: 0.0704 | D_B: 0.0635 | Cycle: 0.8721
Epoch 75/80 | Step 526650 | G: 2.4035 | D_A: 0.0537 | D_B: 0.0844 | Cycle: 0.7808
Epoch 75/80 | Step 526700 | G: 2.5077 | D_A: 0.0840 | D_B: 0.0404 | Cycle: 0.8218
Epoch 75/80 | Step 526750 | G: 2.4368 | D_A: 0.0726 | D_B: 0.0913 | Cycle: 0.6692
Epoch 75/80 | Step 526800 | G: 2.5522 | D_A: 0.1506 | D_B: 0.1070 | Cycle: 0.8035
Epoch 75/80 | Step 526850 | G: 2.3913 | D_A: 0.2143 | D_B: 0.1217 | Cycle: 0.6784
Epoch 75/80 | Step 526900 | G: 2.6978 | D_A: 0.0420 | D_B: 0.0487 | Cycle: 1.0391
Epoch 75/80 | Step 526950 | G: 2.2761 | D_A: 0.0916 | D_B: 0.1496 | Cycle: 0.6882
Epoch 75/80 | Step 527000 | G: 2.0046 | D_A: 0.0625 | D_B: 0.0647 | Cycle: 0.7162
Epoch 75/80 | Step 527050 | G: 2.4155 | D_A: 0.0434 | D_B: 0.0496 | Cycle: 0.7933
Epoch 75/80 | Step 527100 | G: 2.0377 | D_A: 0.0586 | D_B: 0.0473 | Cycle: 0.5983
Epoch 75/80 | Step 527150 | G: 2.1065 | D_A: 0.0785 | D_B: 0.1189 | Cycle: 0.7728
Epoch 75/80 | Step 527200 | G: 2.2689 | D_A: 0.0874 | D_B: 0.0692 | Cycle: 0.6206
Epoch 75/80 | Step 527250 | G: 2.4981 | D_A: 0.0976 | D_B: 0.0581 | Cycle: 0.8020
Epoch 75/80 | Step 527300 | G: 2.0859 | D_A: 0.1877 | D_B: 0.1228 | Cycle: 0.6437
Epoch 75/80 | Step 527350 | G: 2.1646 | D_A: 0.0848 | D_B: 0.0551 | Cycle: 0.5893
Epoch 75/80 | Step 527400 | G: 2.2190 | D_A: 0.0932 | D_B: 0.0761 | Cycle: 0.7772
Epoch 75/80 | Step 527450 | G: 2.0441 | D_A: 0.1335 | D_B: 0.0948 | Cycle: 0.6744
Epoch 75/80 | Step 527500 | G: 2.4194 | D_A: 0.0262 | D_B: 0.1466 | Cycle: 0.7856
Epoch 75/80 | Step 527550 | G: 2.4288 | D_A: 0.1039 | D_B: 0.0454 | Cycle: 0.8599
Epoch 75/80 | Step 527600 | G: 2.0645 | D_A: 0.0837 | D_B: 0.0581 | Cycle: 0.7145
Epoch 75/80 | Step 527650 | G: 2.2333 | D_A: 0.0695 | D_B: 0.0582 | Cycle: 0.7589
Epoch 75/80 | Step 527700 | G: 2.7137 | D_A: 0.0689 | D_B: 0.0373 | Cycle: 0.7975
Epoch 75/80 | Step 527750 | G: 2.6583 | D_A: 0.0540 | D_B: 0.0622 | Cycle: 1.0359
Epoch 75/80 | Step 527800 | G: 1.7458 | D_A: 0.0596 | D_B: 0.2297 | Cycle: 0.6905
Epoch 75/80 | Step 527850 | G: 2.5782 | D_A: 0.0433 | D_B: 0.0428 | Cycle: 0.8120
Epoch 75/80 complete | Time: 427s | Avg G: 2.4247 | Avg D: 0.0875
Epoch 76/80 | Step 527900 | G: 1.9897 | D_A: 0.0420 | D_B: 0.0836 | Cycle: 0.7031
Epoch 76/80 | Step 527950 | G: 2.0365 | D_A: 0.1051 | D_B: 0.1609 | Cycle: 0.6424
Epoch 76/80 | Step 528000 | G: 2.5222 | D_A: 0.0551 | D_B: 0.0709 | Cycle: 0.9734
Epoch 76/80 | Step 528050 | G: 2.2346 | D_A: 0.0907 | D_B: 0.0638 | Cycle: 0.8007
Epoch 76/80 | Step 528100 | G: 2.4312 | D_A: 0.0733 | D_B: 0.1601 | Cycle: 0.6889
Epoch 76/80 | Step 528150 | G: 2.6292 | D_A: 0.0511 | D_B: 0.0832 | Cycle: 0.6250
Epoch 76/80 | Step 528200 | G: 3.3478 | D_A: 0.0792 | D_B: 0.0500 | Cycle: 1.0868
Epoch 76/80 | Step 528250 | G: 2.7805 | D_A: 0.1221 | D_B: 0.0274 | Cycle: 0.9282
Epoch 76/80 | Step 528300 | G: 2.6125 | D_A: 0.0722 | D_B: 0.0525 | Cycle: 0.8199
Epoch 76/80 | Step 528350 | G: 2.3277 | D_A: 0.0698 | D_B: 0.0827 | Cycle: 0.6833
Epoch 76/80 | Step 528400 | G: 2.0840 | D_A: 0.1796 | D_B: 0.1412 | Cycle: 0.6805
Epoch 76/80 | Step 528450 | G: 2.2945 | D_A: 0.0887 | D_B: 0.1887 | Cycle: 0.6241
Epoch 76/80 | Step 528500 | G: 2.8225 | D_A: 0.0353 | D_B: 0.0370 | Cycle: 0.9926
Epoch 76/80 | Step 528550 | G: 2.2716 | D_A: 0.0296 | D_B: 0.0447 | Cycle: 0.7987
Epoch 76/80 | Step 528600 | G: 2.4354 | D_A: 0.1120 | D_B: 0.0608 | Cycle: 0.9548
Epoch 76/80 | Step 528650 | G: 3.0734 | D_A: 0.0551 | D_B: 0.0457 | Cycle: 1.0349
Epoch 76/80 | Step 528700 | G: 2.7068 | D_A: 0.1094 | D_B: 0.0446 | Cycle: 0.8679
Epoch 76/80 | Step 528750 | G: 2.7559 | D_A: 0.0468 | D_B: 0.0418 | Cycle: 0.9998
Epoch 76/80 | Step 528800 | G: 2.6131 | D_A: 0.0541 | D_B: 0.0391 | Cycle: 0.6980
Epoch 76/80 | Step 528850 | G: 2.4590 | D_A: 0.1086 | D_B: 0.0480 | Cycle: 0.8342
Epoch 76/80 | Step 528900 | G: 2.5264 | D_A: 0.4674 | D_B: 0.0619 | Cycle: 0.8427
Epoch 76/80 | Step 528950 | G: 2.8506 | D_A: 0.1440 | D_B: 0.0575 | Cycle: 0.8813
Epoch 76/80 | Step 529000 | G: 2.8089 | D_A: 0.0425 | D_B: 0.0703 | Cycle: 0.7971
Epoch 76/80 | Step 529050 | G: 2.0139 | D_A: 0.0678 | D_B: 0.0831 | Cycle: 0.6193
Epoch 76/80 | Step 529100 | G: 3.0377 | D_A: 0.0491 | D_B: 0.0528 | Cycle: 1.0737
Epoch 76/80 | Step 529150 | G: 1.9031 | D_A: 0.1532 | D_B: 0.0634 | Cycle: 0.6720
Epoch 76/80 | Step 529200 | G: 2.3425 | D_A: 0.1668 | D_B: 0.0913 | Cycle: 0.7731
Epoch 76/80 | Step 529250 | G: 2.5128 | D_A: 0.0359 | D_B: 0.0514 | Cycle: 0.8105
Epoch 76/80 | Step 529300 | G: 2.7371 | D_A: 0.0450 | D_B: 0.0436 | Cycle: 0.8302
Epoch 76/80 | Step 529350 | G: 2.9203 | D_A: 0.1355 | D_B: 0.0816 | Cycle: 1.0725
Epoch 76/80 | Step 529400 | G: 2.6215 | D_A: 0.2956 | D_B: 0.0952 | Cycle: 0.8488
Epoch 76/80 | Step 529450 | G: 1.7826 | D_A: 0.0510 | D_B: 0.0473 | Cycle: 0.6705
Epoch 76/80 | Step 529500 | G: 2.9205 | D_A: 0.0564 | D_B: 0.1177 | Cycle: 0.8340
Epoch 76/80 | Step 529550 | G: 2.0474 | D_A: 0.0763 | D_B: 0.1280 | Cycle: 0.7463
Epoch 76/80 | Step 529600 | G: 2.5704 | D_A: 0.0763 | D_B: 0.0902 | Cycle: 1.0884
Epoch 76/80 | Step 529650 | G: 3.0576 | D_A: 0.0942 | D_B: 0.0331 | Cycle: 1.0185
Epoch 76/80 | Step 529700 | G: 2.6689 | D_A: 0.0412 | D_B: 0.2510 | Cycle: 0.7619
Epoch 76/80 | Step 529750 | G: 2.2857 | D_A: 0.0997 | D_B: 0.2335 | Cycle: 0.7781
Epoch 76/80 | Step 529800 | G: 2.2927 | D_A: 0.1215 | D_B: 0.0314 | Cycle: 0.9170
Epoch 76/80 | Step 529850 | G: 2.4509 | D_A: 0.0437 | D_B: 0.0456 | Cycle: 0.8426
Epoch 76/80 | Step 529900 | G: 2.3703 | D_A: 0.1417 | D_B: 0.0921 | Cycle: 0.7859
Epoch 76/80 | Step 529950 | G: 2.3148 | D_A: 0.1258 | D_B: 0.1364 | Cycle: 0.7028
Epoch 76/80 | Step 530000 | G: 2.7763 | D_A: 0.0980 | D_B: 0.0940 | Cycle: 1.0272
Epoch 76/80 | Step 530050 | G: 2.7386 | D_A: 0.1108 | D_B: 0.0800 | Cycle: 0.9346
Epoch 76/80 | Step 530100 | G: 2.6049 | D_A: 0.0716 | D_B: 0.0587 | Cycle: 0.6449
Epoch 76/80 | Step 530150 | G: 2.2822 | D_A: 0.0505 | D_B: 0.0372 | Cycle: 0.7780
Epoch 76/80 | Step 530200 | G: 2.0350 | D_A: 0.0485 | D_B: 0.1486 | Cycle: 0.6338
Epoch 76/80 | Step 530250 | G: 2.5691 | D_A: 0.0408 | D_B: 0.0449 | Cycle: 0.7597
Epoch 76/80 | Step 530300 | G: 2.2276 | D_A: 0.0685 | D_B: 0.0823 | Cycle: 0.8140
Epoch 76/80 | Step 530350 | G: 2.2386 | D_A: 0.1123 | D_B: 0.0554 | Cycle: 0.8032
Epoch 76/80 | Step 530400 | G: 2.8155 | D_A: 0.0795 | D_B: 0.0306 | Cycle: 0.8054
Epoch 76/80 | Step 530450 | G: 2.1842 | D_A: 0.1508 | D_B: 0.0645 | Cycle: 0.7593
Epoch 76/80 | Step 530500 | G: 2.2008 | D_A: 0.0457 | D_B: 0.0817 | Cycle: 0.7906
Epoch 76/80 | Step 530550 | G: 1.7163 | D_A: 0.1682 | D_B: 0.0388 | Cycle: 0.5977
Epoch 76/80 | Step 530600 | G: 1.9426 | D_A: 0.0640 | D_B: 0.1285 | Cycle: 0.6931
Epoch 76/80 | Step 530650 | G: 2.4349 | D_A: 0.0762 | D_B: 0.0468 | Cycle: 0.8935
Epoch 76/80 | Step 530700 | G: 2.2469 | D_A: 0.1437 | D_B: 0.1443 | Cycle: 0.6917
Epoch 76/80 | Step 530750 | G: 2.4000 | D_A: 0.1594 | D_B: 0.0766 | Cycle: 0.7043
Epoch 76/80 | Step 530800 | G: 3.2104 | D_A: 0.0798 | D_B: 0.0409 | Cycle: 1.1079
Epoch 76/80 | Step 530850 | G: 2.3258 | D_A: 0.1392 | D_B: 0.0479 | Cycle: 0.9099
Epoch 76/80 | Step 530900 | G: 2.2028 | D_A: 0.1190 | D_B: 0.0899 | Cycle: 0.8063
Epoch 76/80 | Step 530950 | G: 2.0454 | D_A: 0.0763 | D_B: 0.0610 | Cycle: 0.7024
Epoch 76/80 | Step 531000 | G: 2.0938 | D_A: 0.0788 | D_B: 0.0688 | Cycle: 0.5485
Epoch 76/80 | Step 531050 | G: 2.4115 | D_A: 0.0626 | D_B: 0.0430 | Cycle: 0.7953
Epoch 76/80 | Step 531100 | G: 2.6434 | D_A: 0.0312 | D_B: 0.0651 | Cycle: 0.7835
Epoch 76/80 | Step 531150 | G: 1.9930 | D_A: 0.0701 | D_B: 0.1307 | Cycle: 0.6513
Epoch 76/80 | Step 531200 | G: 2.4694 | D_A: 0.1537 | D_B: 0.0553 | Cycle: 0.8188
Epoch 76/80 | Step 531250 | G: 2.4726 | D_A: 0.0956 | D_B: 0.0523 | Cycle: 1.1096
Epoch 76/80 | Step 531300 | G: 2.0556 | D_A: 0.0598 | D_B: 0.0763 | Cycle: 0.7895
Epoch 76/80 | Step 531350 | G: 2.2206 | D_A: 0.1230 | D_B: 0.0258 | Cycle: 0.7860
Epoch 76/80 | Step 531400 | G: 2.5035 | D_A: 0.1072 | D_B: 0.0668 | Cycle: 0.8157
Epoch 76/80 | Step 531450 | G: 2.4173 | D_A: 0.1281 | D_B: 0.0400 | Cycle: 0.7908
Epoch 76/80 | Step 531500 | G: 2.2434 | D_A: 0.1278 | D_B: 0.0449 | Cycle: 0.9092
Epoch 76/80 | Step 531550 | G: 2.0499 | D_A: 0.1106 | D_B: 0.0890 | Cycle: 0.7403
Epoch 76/80 | Step 531600 | G: 2.6382 | D_A: 0.0679 | D_B: 0.0988 | Cycle: 0.7834
Epoch 76/80 | Step 531650 | G: 2.2012 | D_A: 0.1401 | D_B: 0.0657 | Cycle: 0.7209
Epoch 76/80 | Step 531700 | G: 2.0446 | D_A: 0.1158 | D_B: 0.0637 | Cycle: 0.6945
Epoch 76/80 | Step 531750 | G: 2.1521 | D_A: 0.1059 | D_B: 0.1087 | Cycle: 0.6309
Epoch 76/80 | Step 531800 | G: 2.0828 | D_A: 0.0994 | D_B: 0.0654 | Cycle: 0.7075
Epoch 76/80 | Step 531850 | G: 2.3132 | D_A: 0.1474 | D_B: 0.0553 | Cycle: 0.7931
Epoch 76/80 | Step 531900 | G: 2.8983 | D_A: 0.1327 | D_B: 0.0800 | Cycle: 1.1248
Epoch 76/80 | Step 531950 | G: 2.5082 | D_A: 0.1739 | D_B: 0.0370 | Cycle: 0.7129
Epoch 76/80 | Step 532000 | G: 2.4803 | D_A: 0.0932 | D_B: 0.0824 | Cycle: 0.8143
Epoch 76/80 | Step 532050 | G: 2.4245 | D_A: 0.1788 | D_B: 0.0337 | Cycle: 0.6824
Epoch 76/80 | Step 532100 | G: 2.0130 | D_A: 0.1090 | D_B: 0.1178 | Cycle: 0.7166
Epoch 76/80 | Step 532150 | G: 2.7370 | D_A: 0.0740 | D_B: 0.0300 | Cycle: 0.9464
Epoch 76/80 | Step 532200 | G: 2.2321 | D_A: 0.1059 | D_B: 0.0670 | Cycle: 0.7011
Epoch 76/80 | Step 532250 | G: 2.6316 | D_A: 0.0629 | D_B: 0.0388 | Cycle: 0.7915
Epoch 76/80 | Step 532300 | G: 2.0351 | D_A: 0.0490 | D_B: 0.0427 | Cycle: 0.6981
Epoch 76/80 | Step 532350 | G: 2.6192 | D_A: 0.0528 | D_B: 0.0441 | Cycle: 0.6893
Epoch 76/80 | Step 532400 | G: 2.8843 | D_A: 0.0427 | D_B: 0.0593 | Cycle: 0.8683
Epoch 76/80 | Step 532450 | G: 2.7493 | D_A: 0.1724 | D_B: 0.1067 | Cycle: 0.9209
Epoch 76/80 | Step 532500 | G: 2.7135 | D_A: 0.1377 | D_B: 0.0562 | Cycle: 1.0126
Epoch 76/80 | Step 532550 | G: 2.4074 | D_A: 0.1265 | D_B: 0.0795 | Cycle: 0.8457
Epoch 76/80 | Step 532600 | G: 2.3583 | D_A: 0.1438 | D_B: 0.0427 | Cycle: 0.7711
Epoch 76/80 | Step 532650 | G: 2.1122 | D_A: 0.0860 | D_B: 0.1708 | Cycle: 0.6791
Epoch 76/80 | Step 532700 | G: 2.3045 | D_A: 0.0741 | D_B: 0.0443 | Cycle: 0.7347
Epoch 76/80 | Step 532750 | G: 2.5416 | D_A: 0.0426 | D_B: 0.0683 | Cycle: 0.6725
Epoch 76/80 | Step 532800 | G: 2.5220 | D_A: 0.0343 | D_B: 0.0456 | Cycle: 0.8120
Epoch 76/80 | Step 532850 | G: 2.1269 | D_A: 0.1312 | D_B: 0.0434 | Cycle: 0.6704
Epoch 76/80 | Step 532900 | G: 2.8306 | D_A: 0.0426 | D_B: 0.0363 | Cycle: 0.7171
Epoch 76/80 | Step 532950 | G: 2.3592 | D_A: 0.0467 | D_B: 0.0708 | Cycle: 1.0386
Epoch 76/80 | Step 533000 | G: 2.4289 | D_A: 0.0709 | D_B: 0.0946 | Cycle: 0.7689
Epoch 76/80 | Step 533050 | G: 2.6735 | D_A: 0.0582 | D_B: 0.0509 | Cycle: 0.8651
Epoch 76/80 | Step 533100 | G: 2.2086 | D_A: 0.1516 | D_B: 0.0472 | Cycle: 0.8284
Epoch 76/80 | Step 533150 | G: 2.6891 | D_A: 0.0578 | D_B: 0.0353 | Cycle: 0.8261
Epoch 76/80 | Step 533200 | G: 2.3120 | D_A: 0.1027 | D_B: 0.1270 | Cycle: 0.6941
Epoch 76/80 | Step 533250 | G: 2.8096 | D_A: 0.0725 | D_B: 0.0372 | Cycle: 1.0170
Epoch 76/80 | Step 533300 | G: 2.7354 | D_A: 0.0729 | D_B: 0.2018 | Cycle: 0.6956
Epoch 76/80 | Step 533350 | G: 1.9265 | D_A: 0.0976 | D_B: 0.0536 | Cycle: 0.8146
Epoch 76/80 | Step 533400 | G: 2.4590 | D_A: 0.1066 | D_B: 0.1017 | Cycle: 0.8183
Epoch 76/80 | Step 533450 | G: 2.2273 | D_A: 0.0365 | D_B: 0.0766 | Cycle: 0.6608
Epoch 76/80 | Step 533500 | G: 2.1008 | D_A: 0.0661 | D_B: 0.1167 | Cycle: 0.6358
Epoch 76/80 | Step 533550 | G: 2.5192 | D_A: 0.1391 | D_B: 0.0660 | Cycle: 0.6551
Epoch 76/80 | Step 533600 | G: 2.6225 | D_A: 0.2586 | D_B: 0.0653 | Cycle: 1.1151
Epoch 76/80 | Step 533650 | G: 2.1009 | D_A: 0.0451 | D_B: 0.0855 | Cycle: 0.8043
Epoch 76/80 | Step 533700 | G: 3.1562 | D_A: 0.0826 | D_B: 0.0465 | Cycle: 1.1404
Epoch 76/80 | Step 533750 | G: 2.5310 | D_A: 0.0644 | D_B: 0.0481 | Cycle: 0.7629
Epoch 76/80 | Step 533800 | G: 1.9916 | D_A: 0.1773 | D_B: 0.0844 | Cycle: 0.7518
Epoch 76/80 | Step 533850 | G: 2.2453 | D_A: 0.0411 | D_B: 0.1743 | Cycle: 0.7011
Epoch 76/80 | Step 533900 | G: 2.4402 | D_A: 0.0905 | D_B: 0.1037 | Cycle: 0.7281
Epoch 76/80 | Step 533950 | G: 2.9377 | D_A: 0.0623 | D_B: 0.0871 | Cycle: 0.8921
Epoch 76/80 | Step 534000 | G: 2.5933 | D_A: 0.0341 | D_B: 0.0411 | Cycle: 0.7071
Epoch 76/80 | Step 534050 | G: 1.8209 | D_A: 0.1608 | D_B: 0.0729 | Cycle: 0.6836
Epoch 76/80 | Step 534100 | G: 2.7647 | D_A: 0.0475 | D_B: 0.0342 | Cycle: 0.8598
Epoch 76/80 | Step 534150 | G: 2.0770 | D_A: 0.0813 | D_B: 0.1251 | Cycle: 0.6647
Epoch 76/80 | Step 534200 | G: 2.6491 | D_A: 0.0665 | D_B: 0.0297 | Cycle: 0.8095
Epoch 76/80 | Step 534250 | G: 2.5893 | D_A: 0.0739 | D_B: 0.1402 | Cycle: 0.8074
Epoch 76/80 | Step 534300 | G: 2.8226 | D_A: 0.0552 | D_B: 0.0347 | Cycle: 0.8682
Epoch 76/80 | Step 534350 | G: 2.6100 | D_A: 0.0728 | D_B: 0.0872 | Cycle: 0.7665
Epoch 76/80 | Step 534400 | G: 2.1666 | D_A: 0.1121 | D_B: 0.1697 | Cycle: 0.6608
Epoch 76/80 | Step 534450 | G: 2.4236 | D_A: 0.0866 | D_B: 0.0930 | Cycle: 0.7279
Epoch 76/80 | Step 534500 | G: 2.3842 | D_A: 0.0899 | D_B: 0.0706 | Cycle: 0.7430
Epoch 76/80 | Step 534550 | G: 2.4709 | D_A: 0.1068 | D_B: 0.0662 | Cycle: 0.9462
Epoch 76/80 | Step 534600 | G: 2.9036 | D_A: 0.1436 | D_B: 0.0355 | Cycle: 1.0929
Epoch 76/80 | Step 534650 | G: 2.3448 | D_A: 0.1905 | D_B: 0.0282 | Cycle: 0.5616
Epoch 76/80 | Step 534700 | G: 2.8379 | D_A: 0.0547 | D_B: 0.0329 | Cycle: 0.9940
Epoch 76/80 | Step 534750 | G: 2.4044 | D_A: 0.0830 | D_B: 0.0819 | Cycle: 0.8696
Epoch 76/80 | Step 534800 | G: 2.1217 | D_A: 0.0697 | D_B: 0.0473 | Cycle: 0.6846
Epoch 76/80 | Step 534850 | G: 2.6774 | D_A: 0.1599 | D_B: 0.0954 | Cycle: 1.1571
Epoch 76/80 complete | Time: 429s | Avg G: 2.4354 | Avg D: 0.0861
Epoch 77/80 | Step 534900 | G: 2.3758 | D_A: 0.1424 | D_B: 0.0809 | Cycle: 0.6500
Epoch 77/80 | Step 534950 | G: 2.8908 | D_A: 0.0750 | D_B: 0.0576 | Cycle: 0.9162
Epoch 77/80 | Step 535000 | G: 2.0047 | D_A: 0.1147 | D_B: 0.0748 | Cycle: 0.6515
Epoch 77/80 | Step 535050 | G: 2.8840 | D_A: 0.0384 | D_B: 0.0337 | Cycle: 0.9104
Epoch 77/80 | Step 535100 | G: 2.6214 | D_A: 0.0829 | D_B: 0.0616 | Cycle: 0.9118
Epoch 77/80 | Step 535150 | G: 2.3448 | D_A: 0.1622 | D_B: 0.0398 | Cycle: 0.8079
Epoch 77/80 | Step 535200 | G: 2.2423 | D_A: 0.0427 | D_B: 0.1724 | Cycle: 0.6438
Epoch 77/80 | Step 535250 | G: 2.5822 | D_A: 0.0998 | D_B: 0.0552 | Cycle: 0.8565
Epoch 77/80 | Step 535300 | G: 2.3663 | D_A: 0.0756 | D_B: 0.0523 | Cycle: 0.8921
Epoch 77/80 | Step 535350 | G: 2.8199 | D_A: 0.0467 | D_B: 0.0509 | Cycle: 0.8373
Epoch 77/80 | Step 535400 | G: 2.7763 | D_A: 0.1241 | D_B: 0.0377 | Cycle: 0.9047
Epoch 77/80 | Step 535450 | G: 2.0625 | D_A: 0.1010 | D_B: 0.0632 | Cycle: 0.6245
Epoch 77/80 | Step 535500 | G: 3.1859 | D_A: 0.1022 | D_B: 0.0427 | Cycle: 1.0635
Epoch 77/80 | Step 535550 | G: 2.2975 | D_A: 0.1130 | D_B: 0.0863 | Cycle: 0.8363
Epoch 77/80 | Step 535600 | G: 2.4057 | D_A: 0.0682 | D_B: 0.0723 | Cycle: 0.8309
Epoch 77/80 | Step 535650 | G: 2.1076 | D_A: 0.1266 | D_B: 0.0519 | Cycle: 0.7738
Epoch 77/80 | Step 535700 | G: 3.1165 | D_A: 0.0442 | D_B: 0.0453 | Cycle: 0.8298
Epoch 77/80 | Step 535750 | G: 2.2405 | D_A: 0.0567 | D_B: 0.0577 | Cycle: 0.6323
Epoch 77/80 | Step 535800 | G: 2.6093 | D_A: 0.1008 | D_B: 0.1090 | Cycle: 0.7725
Epoch 77/80 | Step 535850 | G: 2.5558 | D_A: 0.1118 | D_B: 0.0495 | Cycle: 0.7849
Epoch 77/80 | Step 535900 | G: 2.4885 | D_A: 0.1388 | D_B: 0.0544 | Cycle: 0.7866
Epoch 77/80 | Step 535950 | G: 2.5441 | D_A: 0.0472 | D_B: 0.0861 | Cycle: 0.7212
Epoch 77/80 | Step 536000 | G: 1.8156 | D_A: 0.1933 | D_B: 0.0981 | Cycle: 0.7204
Epoch 77/80 | Step 536050 | G: 2.3229 | D_A: 0.1338 | D_B: 0.0383 | Cycle: 0.8110
Epoch 77/80 | Step 536100 | G: 2.3311 | D_A: 0.1066 | D_B: 0.0565 | Cycle: 0.7170
Epoch 77/80 | Step 536150 | G: 2.4194 | D_A: 0.1603 | D_B: 0.0470 | Cycle: 0.8580
Epoch 77/80 | Step 536200 | G: 2.8199 | D_A: 0.0960 | D_B: 0.0414 | Cycle: 0.8892
Epoch 77/80 | Step 536250 | G: 2.1409 | D_A: 0.1026 | D_B: 0.0823 | Cycle: 0.5760
Epoch 77/80 | Step 536300 | G: 2.7228 | D_A: 0.0435 | D_B: 0.0565 | Cycle: 0.9131
Epoch 77/80 | Step 536350 | G: 2.9661 | D_A: 0.0544 | D_B: 0.0870 | Cycle: 0.9765
Epoch 77/80 | Step 536400 | G: 2.3398 | D_A: 0.0616 | D_B: 0.0491 | Cycle: 0.7828
Epoch 77/80 | Step 536450 | G: 2.1549 | D_A: 0.1087 | D_B: 0.0773 | Cycle: 0.7226
Epoch 77/80 | Step 536500 | G: 2.3785 | D_A: 0.0414 | D_B: 0.1307 | Cycle: 0.7053
Epoch 77/80 | Step 536550 | G: 2.3447 | D_A: 0.2816 | D_B: 0.0495 | Cycle: 0.7532
Epoch 77/80 | Step 536600 | G: 2.5094 | D_A: 0.0872 | D_B: 0.1097 | Cycle: 0.8145
Epoch 77/80 | Step 536650 | G: 2.9184 | D_A: 0.0775 | D_B: 0.0484 | Cycle: 0.9884
Epoch 77/80 | Step 536700 | G: 2.3298 | D_A: 0.1295 | D_B: 0.0700 | Cycle: 0.9036
Epoch 77/80 | Step 536750 | G: 2.6797 | D_A: 0.1383 | D_B: 0.0366 | Cycle: 0.9383
Epoch 77/80 | Step 536800 | G: 2.6800 | D_A: 0.0457 | D_B: 0.0852 | Cycle: 0.8653
Epoch 77/80 | Step 536850 | G: 1.8513 | D_A: 0.0901 | D_B: 0.1661 | Cycle: 0.5972
Epoch 77/80 | Step 536900 | G: 2.0976 | D_A: 0.1077 | D_B: 0.0626 | Cycle: 0.7161
Epoch 77/80 | Step 536950 | G: 2.4711 | D_A: 0.1080 | D_B: 0.0374 | Cycle: 0.7659
Epoch 77/80 | Step 537000 | G: 1.9387 | D_A: 0.1481 | D_B: 0.1882 | Cycle: 0.6413
Epoch 77/80 | Step 537050 | G: 2.3946 | D_A: 0.0718 | D_B: 0.0396 | Cycle: 0.7625
Epoch 77/80 | Step 537100 | G: 2.8802 | D_A: 0.1546 | D_B: 0.0425 | Cycle: 1.2347
Epoch 77/80 | Step 537150 | G: 2.4557 | D_A: 0.1465 | D_B: 0.0298 | Cycle: 0.7777
Epoch 77/80 | Step 537200 | G: 2.9242 | D_A: 0.0457 | D_B: 0.0965 | Cycle: 0.8791
Epoch 77/80 | Step 537250 | G: 2.0914 | D_A: 0.0682 | D_B: 0.0607 | Cycle: 0.6678
Epoch 77/80 | Step 537300 | G: 2.5639 | D_A: 0.0705 | D_B: 0.0551 | Cycle: 0.7374
Epoch 77/80 | Step 537350 | G: 2.1060 | D_A: 0.0787 | D_B: 0.0724 | Cycle: 0.6548
Epoch 77/80 | Step 537400 | G: 2.4910 | D_A: 0.0734 | D_B: 0.1326 | Cycle: 0.7077
Epoch 77/80 | Step 537450 | G: 2.1904 | D_A: 0.1119 | D_B: 0.1692 | Cycle: 0.6145
Epoch 77/80 | Step 537500 | G: 2.1042 | D_A: 0.0879 | D_B: 0.1120 | Cycle: 0.7811
Epoch 77/80 | Step 537550 | G: 2.2895 | D_A: 0.2097 | D_B: 0.0622 | Cycle: 0.7354
Epoch 77/80 | Step 537600 | G: 2.8535 | D_A: 0.0300 | D_B: 0.0553 | Cycle: 0.8986
Epoch 77/80 | Step 537650 | G: 2.5665 | D_A: 0.1185 | D_B: 0.0362 | Cycle: 0.8489
Epoch 77/80 | Step 537700 | G: 2.4620 | D_A: 0.0595 | D_B: 0.0539 | Cycle: 0.6145
Epoch 77/80 | Step 537750 | G: 2.0217 | D_A: 0.0630 | D_B: 0.0708 | Cycle: 0.5291
Epoch 77/80 | Step 537800 | G: 2.2339 | D_A: 0.0434 | D_B: 0.1189 | Cycle: 0.7289
Epoch 77/80 | Step 537850 | G: 2.5373 | D_A: 0.0584 | D_B: 0.0530 | Cycle: 0.9001
Epoch 77/80 | Step 537900 | G: 2.9627 | D_A: 0.0946 | D_B: 0.0535 | Cycle: 0.9075
Epoch 77/80 | Step 537950 | G: 2.7632 | D_A: 0.0463 | D_B: 0.0869 | Cycle: 0.8234
Epoch 77/80 | Step 538000 | G: 2.3999 | D_A: 0.0338 | D_B: 0.0679 | Cycle: 0.7382
Epoch 77/80 | Step 538050 | G: 2.4081 | D_A: 0.1649 | D_B: 0.0453 | Cycle: 0.7911
Epoch 77/80 | Step 538100 | G: 1.7281 | D_A: 0.2788 | D_B: 0.1071 | Cycle: 0.6753
Epoch 77/80 | Step 538150 | G: 2.0292 | D_A: 0.1106 | D_B: 0.1112 | Cycle: 0.8625
Epoch 77/80 | Step 538200 | G: 2.5344 | D_A: 0.0546 | D_B: 0.0479 | Cycle: 0.7647
Epoch 77/80 | Step 538250 | G: 2.8998 | D_A: 0.0596 | D_B: 0.0640 | Cycle: 0.7259
Epoch 77/80 | Step 538300 | G: 3.1968 | D_A: 0.0972 | D_B: 0.0515 | Cycle: 1.1795
Epoch 77/80 | Step 538350 | G: 2.9192 | D_A: 0.0921 | D_B: 0.0588 | Cycle: 0.9046
Epoch 77/80 | Step 538400 | G: 2.4407 | D_A: 0.0678 | D_B: 0.0675 | Cycle: 0.8414
Epoch 77/80 | Step 538450 | G: 2.0219 | D_A: 0.0772 | D_B: 0.0546 | Cycle: 0.7059
Epoch 77/80 | Step 538500 | G: 2.4494 | D_A: 0.0601 | D_B: 0.0708 | Cycle: 0.8252
Epoch 77/80 | Step 538550 | G: 2.7917 | D_A: 0.0507 | D_B: 0.0491 | Cycle: 0.9407
Epoch 77/80 | Step 538600 | G: 1.9946 | D_A: 0.0613 | D_B: 0.0503 | Cycle: 0.6307
Epoch 77/80 | Step 538650 | G: 2.4140 | D_A: 0.0979 | D_B: 0.0739 | Cycle: 0.7840
Epoch 77/80 | Step 538700 | G: 2.4062 | D_A: 0.0676 | D_B: 0.0443 | Cycle: 0.7890
Epoch 77/80 | Step 538750 | G: 2.8710 | D_A: 0.0390 | D_B: 0.0641 | Cycle: 0.7717
Epoch 77/80 | Step 538800 | G: 2.3976 | D_A: 0.0443 | D_B: 0.0546 | Cycle: 0.6536
Epoch 77/80 | Step 538850 | G: 2.3178 | D_A: 0.1101 | D_B: 0.0456 | Cycle: 0.8528
Epoch 77/80 | Step 538900 | G: 3.1829 | D_A: 0.1632 | D_B: 0.0537 | Cycle: 1.1240
Epoch 77/80 | Step 538950 | G: 2.6010 | D_A: 0.1589 | D_B: 0.1405 | Cycle: 0.7086
Epoch 77/80 | Step 539000 | G: 2.2132 | D_A: 0.0703 | D_B: 0.0660 | Cycle: 0.8193
Epoch 77/80 | Step 539050 | G: 2.4165 | D_A: 0.1090 | D_B: 0.0618 | Cycle: 0.8292
Epoch 77/80 | Step 539100 | G: 2.3731 | D_A: 0.0814 | D_B: 0.0310 | Cycle: 0.9045
Epoch 77/80 | Step 539150 | G: 2.8131 | D_A: 0.0543 | D_B: 0.0359 | Cycle: 1.0159
Epoch 77/80 | Step 539200 | G: 2.1448 | D_A: 0.0541 | D_B: 0.0950 | Cycle: 0.6915
Epoch 77/80 | Step 539250 | G: 1.8687 | D_A: 0.0845 | D_B: 0.1527 | Cycle: 0.7004
Epoch 77/80 | Step 539300 | G: 2.4941 | D_A: 0.0426 | D_B: 0.1070 | Cycle: 0.6954
Epoch 77/80 | Step 539350 | G: 2.9111 | D_A: 0.0961 | D_B: 0.0304 | Cycle: 0.9185
Epoch 77/80 | Step 539400 | G: 3.0632 | D_A: 0.0612 | D_B: 0.0898 | Cycle: 0.9381
Epoch 77/80 | Step 539450 | G: 2.0580 | D_A: 0.0360 | D_B: 0.1122 | Cycle: 0.7008
Epoch 77/80 | Step 539500 | G: 2.5162 | D_A: 0.0672 | D_B: 0.0854 | Cycle: 0.7971
Epoch 77/80 | Step 539550 | G: 2.3121 | D_A: 0.0508 | D_B: 0.0729 | Cycle: 0.7915
Epoch 77/80 | Step 539600 | G: 2.4377 | D_A: 0.0760 | D_B: 0.1064 | Cycle: 0.6747
Epoch 77/80 | Step 539650 | G: 2.1213 | D_A: 0.0898 | D_B: 0.0588 | Cycle: 0.7782
Epoch 77/80 | Step 539700 | G: 2.0260 | D_A: 0.1481 | D_B: 0.0373 | Cycle: 0.7032
Epoch 77/80 | Step 539750 | G: 3.0935 | D_A: 0.1362 | D_B: 0.0377 | Cycle: 0.7701
Epoch 77/80 | Step 539800 | G: 2.1649 | D_A: 0.1001 | D_B: 0.0447 | Cycle: 0.8188
Epoch 77/80 | Step 539850 | G: 3.0349 | D_A: 0.0676 | D_B: 0.0523 | Cycle: 1.0668
Epoch 77/80 | Step 539900 | G: 2.7058 | D_A: 0.0514 | D_B: 0.0443 | Cycle: 0.8814
Epoch 77/80 | Step 539950 | G: 2.1971 | D_A: 0.0552 | D_B: 0.1308 | Cycle: 0.7441
Epoch 77/80 | Step 540000 | G: 3.0055 | D_A: 0.1019 | D_B: 0.1265 | Cycle: 0.9612
Epoch 77/80 | Step 540050 | G: 2.3368 | D_A: 0.1398 | D_B: 0.0567 | Cycle: 0.6399
Epoch 77/80 | Step 540100 | G: 1.9131 | D_A: 0.1923 | D_B: 0.0623 | Cycle: 0.7116
Epoch 77/80 | Step 540150 | G: 1.7520 | D_A: 0.1099 | D_B: 0.1746 | Cycle: 0.6007
Epoch 77/80 | Step 540200 | G: 2.6006 | D_A: 0.0996 | D_B: 0.0298 | Cycle: 0.8025
Epoch 77/80 | Step 540250 | G: 2.1053 | D_A: 0.0747 | D_B: 0.1011 | Cycle: 0.5980
Epoch 77/80 | Step 540300 | G: 2.9529 | D_A: 0.0381 | D_B: 0.1448 | Cycle: 0.9010
Epoch 77/80 | Step 540350 | G: 1.6222 | D_A: 0.1029 | D_B: 0.0717 | Cycle: 0.6123
Epoch 77/80 | Step 540400 | G: 2.1389 | D_A: 0.2777 | D_B: 0.0508 | Cycle: 0.7110
Epoch 77/80 | Step 540450 | G: 1.9552 | D_A: 0.1814 | D_B: 0.0912 | Cycle: 0.6637
Epoch 77/80 | Step 540500 | G: 2.0907 | D_A: 0.0608 | D_B: 0.0562 | Cycle: 0.6876
Epoch 77/80 | Step 540550 | G: 2.8097 | D_A: 0.1081 | D_B: 0.0659 | Cycle: 0.7666
Epoch 77/80 | Step 540600 | G: 2.5489 | D_A: 0.0736 | D_B: 0.0437 | Cycle: 0.7509
Epoch 77/80 | Step 540650 | G: 2.5291 | D_A: 0.0622 | D_B: 0.1451 | Cycle: 0.8822
Epoch 77/80 | Step 540700 | G: 2.6180 | D_A: 0.1051 | D_B: 0.0425 | Cycle: 0.8700
Epoch 77/80 | Step 540750 | G: 2.4522 | D_A: 0.1289 | D_B: 0.0363 | Cycle: 0.8386
Epoch 77/80 | Step 540800 | G: 2.0675 | D_A: 0.1723 | D_B: 0.1308 | Cycle: 0.8484
Epoch 77/80 | Step 540850 | G: 2.2402 | D_A: 0.1777 | D_B: 0.0651 | Cycle: 0.8526
Epoch 77/80 | Step 540900 | G: 2.4445 | D_A: 0.0614 | D_B: 0.2359 | Cycle: 0.8587
Epoch 77/80 | Step 540950 | G: 2.8582 | D_A: 0.1048 | D_B: 0.2157 | Cycle: 0.7616
Epoch 77/80 | Step 541000 | G: 2.6916 | D_A: 0.0484 | D_B: 0.0466 | Cycle: 0.7099
Epoch 77/80 | Step 541050 | G: 2.2182 | D_A: 0.0754 | D_B: 0.0592 | Cycle: 0.7419
Epoch 77/80 | Step 541100 | G: 3.2337 | D_A: 0.0760 | D_B: 0.1003 | Cycle: 1.0781
Epoch 77/80 | Step 541150 | G: 1.6223 | D_A: 0.0582 | D_B: 0.1513 | Cycle: 0.6417
Epoch 77/80 | Step 541200 | G: 2.2191 | D_A: 0.0489 | D_B: 0.1319 | Cycle: 0.6274
Epoch 77/80 | Step 541250 | G: 2.6116 | D_A: 0.1206 | D_B: 0.0614 | Cycle: 0.8693
Epoch 77/80 | Step 541300 | G: 2.4682 | D_A: 0.0974 | D_B: 0.0552 | Cycle: 0.8885
Epoch 77/80 | Step 541350 | G: 2.4562 | D_A: 0.1567 | D_B: 0.0607 | Cycle: 0.8067
Epoch 77/80 | Step 541400 | G: 3.0364 | D_A: 0.1926 | D_B: 0.0476 | Cycle: 0.8897
Epoch 77/80 | Step 541450 | G: 2.1393 | D_A: 0.0524 | D_B: 0.1198 | Cycle: 0.6832
Epoch 77/80 | Step 541500 | G: 2.8529 | D_A: 0.0900 | D_B: 0.0463 | Cycle: 0.9787
Epoch 77/80 | Step 541550 | G: 2.5769 | D_A: 0.1022 | D_B: 0.0364 | Cycle: 0.9698
Epoch 77/80 | Step 541600 | G: 2.5110 | D_A: 0.0336 | D_B: 0.0641 | Cycle: 0.6883
Epoch 77/80 | Step 541650 | G: 2.0257 | D_A: 0.0470 | D_B: 0.0702 | Cycle: 0.6378
Epoch 77/80 | Step 541700 | G: 3.3155 | D_A: 0.0962 | D_B: 0.1255 | Cycle: 1.2443
Epoch 77/80 | Step 541750 | G: 2.0633 | D_A: 0.1568 | D_B: 0.0543 | Cycle: 0.6352
Epoch 77/80 | Step 541800 | G: 2.4229 | D_A: 0.0679 | D_B: 0.0359 | Cycle: 0.7186
Epoch 77/80 | Step 541850 | G: 2.5745 | D_A: 0.1224 | D_B: 0.0399 | Cycle: 0.8924
Epoch 77/80 | Step 541900 | G: 2.1954 | D_A: 0.0647 | D_B: 0.0555 | Cycle: 0.7207
Epoch 77/80 complete | Time: 432s | Avg G: 2.4388 | Avg D: 0.0860
Epoch 78/80 | Step 541950 | G: 2.4368 | D_A: 0.1163 | D_B: 0.0614 | Cycle: 0.8230
Epoch 78/80 | Step 542000 | G: 2.5455 | D_A: 0.0597 | D_B: 0.0599 | Cycle: 0.8471
Epoch 78/80 | Step 542050 | G: 2.5122 | D_A: 0.0588 | D_B: 0.0411 | Cycle: 0.7262
Epoch 78/80 | Step 542100 | G: 2.3181 | D_A: 0.0633 | D_B: 0.0514 | Cycle: 0.6476
Epoch 78/80 | Step 542150 | G: 2.9766 | D_A: 0.0373 | D_B: 0.0548 | Cycle: 1.3339
Epoch 78/80 | Step 542200 | G: 1.8260 | D_A: 0.2247 | D_B: 0.0855 | Cycle: 0.6049
Epoch 78/80 | Step 542250 | G: 2.9119 | D_A: 0.0383 | D_B: 0.0903 | Cycle: 0.6831
Epoch 78/80 | Step 542300 | G: 2.3542 | D_A: 0.0927 | D_B: 0.1450 | Cycle: 0.7481
Epoch 78/80 | Step 542350 | G: 2.5402 | D_A: 0.0997 | D_B: 0.0386 | Cycle: 0.8276
Epoch 78/80 | Step 542400 | G: 2.4612 | D_A: 0.0395 | D_B: 0.0407 | Cycle: 0.7642
Epoch 78/80 | Step 542450 | G: 2.4491 | D_A: 0.0697 | D_B: 0.0577 | Cycle: 0.8320
Epoch 78/80 | Step 542500 | G: 1.9273 | D_A: 0.0546 | D_B: 0.0391 | Cycle: 0.7759
Epoch 78/80 | Step 542550 | G: 2.6991 | D_A: 0.3550 | D_B: 0.0440 | Cycle: 0.9190
Epoch 78/80 | Step 542600 | G: 2.8045 | D_A: 0.0744 | D_B: 0.0552 | Cycle: 0.8065
Epoch 78/80 | Step 542650 | G: 2.7784 | D_A: 0.0434 | D_B: 0.0643 | Cycle: 0.8317
Epoch 78/80 | Step 542700 | G: 2.7990 | D_A: 0.0911 | D_B: 0.1603 | Cycle: 0.7736
Epoch 78/80 | Step 542750 | G: 2.6358 | D_A: 0.1173 | D_B: 0.0722 | Cycle: 0.8034
Epoch 78/80 | Step 542800 | G: 2.3280 | D_A: 0.1130 | D_B: 0.0636 | Cycle: 0.7786
Epoch 78/80 | Step 542850 | G: 2.6159 | D_A: 0.0945 | D_B: 0.1255 | Cycle: 0.6892
Epoch 78/80 | Step 542900 | G: 2.2301 | D_A: 0.0778 | D_B: 0.0722 | Cycle: 0.6791
Epoch 78/80 | Step 542950 | G: 3.2731 | D_A: 0.1687 | D_B: 0.1571 | Cycle: 1.0533
Epoch 78/80 | Step 543000 | G: 2.3288 | D_A: 0.0568 | D_B: 0.0419 | Cycle: 0.8146
Epoch 78/80 | Step 543050 | G: 2.1537 | D_A: 0.0591 | D_B: 0.0497 | Cycle: 0.6528
Epoch 78/80 | Step 543100 | G: 2.6598 | D_A: 0.1196 | D_B: 0.0317 | Cycle: 0.9498
Epoch 78/80 | Step 543150 | G: 2.2756 | D_A: 0.0994 | D_B: 0.1080 | Cycle: 0.5981
Epoch 78/80 | Step 543200 | G: 2.3781 | D_A: 0.1048 | D_B: 0.0411 | Cycle: 0.8516
Epoch 78/80 | Step 543250 | G: 2.6699 | D_A: 0.0323 | D_B: 0.0272 | Cycle: 0.7452
Epoch 78/80 | Step 543300 | G: 3.3576 | D_A: 0.0545 | D_B: 0.0775 | Cycle: 0.9378
Epoch 78/80 | Step 543350 | G: 2.5248 | D_A: 0.1265 | D_B: 0.0557 | Cycle: 1.0545
Epoch 78/80 | Step 543400 | G: 2.4679 | D_A: 0.0842 | D_B: 0.0437 | Cycle: 0.8633
Epoch 78/80 | Step 543450 | G: 2.1173 | D_A: 0.0679 | D_B: 0.0764 | Cycle: 0.7594
Epoch 78/80 | Step 543500 | G: 2.9045 | D_A: 0.0541 | D_B: 0.0813 | Cycle: 0.8531
Epoch 78/80 | Step 543550 | G: 2.4000 | D_A: 0.0824 | D_B: 0.1159 | Cycle: 0.8347
Epoch 78/80 | Step 543600 | G: 2.3869 | D_A: 0.0456 | D_B: 0.0328 | Cycle: 0.7268
Epoch 78/80 | Step 543650 | G: 2.9418 | D_A: 0.0413 | D_B: 0.1412 | Cycle: 0.8800
Epoch 78/80 | Step 543700 | G: 2.4338 | D_A: 0.0494 | D_B: 0.0905 | Cycle: 0.9148
Epoch 78/80 | Step 543750 | G: 2.7280 | D_A: 0.0792 | D_B: 0.0698 | Cycle: 0.9387
Epoch 78/80 | Step 543800 | G: 2.1371 | D_A: 0.2588 | D_B: 0.0864 | Cycle: 0.8356
Epoch 78/80 | Step 543850 | G: 2.2894 | D_A: 0.0948 | D_B: 0.0580 | Cycle: 0.7420
Epoch 78/80 | Step 543900 | G: 2.2589 | D_A: 0.0589 | D_B: 0.0606 | Cycle: 0.7255
Epoch 78/80 | Step 543950 | G: 2.3421 | D_A: 0.0608 | D_B: 0.1084 | Cycle: 0.7367
Epoch 78/80 | Step 544000 | G: 2.7686 | D_A: 0.0384 | D_B: 0.0602 | Cycle: 0.8468
Epoch 78/80 | Step 544050 | G: 2.2774 | D_A: 0.1006 | D_B: 0.0260 | Cycle: 0.8945
Epoch 78/80 | Step 544100 | G: 2.6029 | D_A: 0.0711 | D_B: 0.1319 | Cycle: 0.9228
Epoch 78/80 | Step 544150 | G: 2.6800 | D_A: 0.0801 | D_B: 0.0603 | Cycle: 0.8744
Epoch 78/80 | Step 544200 | G: 2.1554 | D_A: 0.0946 | D_B: 0.0661 | Cycle: 0.6902
Epoch 78/80 | Step 544250 | G: 2.7057 | D_A: 0.0546 | D_B: 0.0340 | Cycle: 0.8301
Epoch 78/80 | Step 544300 | G: 2.4288 | D_A: 0.1450 | D_B: 0.0546 | Cycle: 0.8716
Epoch 78/80 | Step 544350 | G: 2.7989 | D_A: 0.0400 | D_B: 0.0444 | Cycle: 1.0322
Epoch 78/80 | Step 544400 | G: 2.2602 | D_A: 0.1232 | D_B: 0.1004 | Cycle: 0.8225
Epoch 78/80 | Step 544450 | G: 1.6243 | D_A: 0.0428 | D_B: 0.1173 | Cycle: 0.5406
Epoch 78/80 | Step 544500 | G: 3.0442 | D_A: 0.3432 | D_B: 0.0702 | Cycle: 1.0843
Epoch 78/80 | Step 544550 | G: 2.6893 | D_A: 0.0524 | D_B: 0.0502 | Cycle: 0.8501
Epoch 78/80 | Step 544600 | G: 2.1343 | D_A: 0.1441 | D_B: 0.0392 | Cycle: 0.6156
Epoch 78/80 | Step 544650 | G: 2.1501 | D_A: 0.1089 | D_B: 0.0349 | Cycle: 0.7359
Epoch 78/80 | Step 544700 | G: 2.2476 | D_A: 0.1309 | D_B: 0.0614 | Cycle: 0.7354
Epoch 78/80 | Step 544750 | G: 2.5937 | D_A: 0.1703 | D_B: 0.0703 | Cycle: 0.9252
Epoch 78/80 | Step 544800 | G: 2.9370 | D_A: 0.2402 | D_B: 0.0767 | Cycle: 0.8809
Epoch 78/80 | Step 544850 | G: 2.0810 | D_A: 0.1006 | D_B: 0.0762 | Cycle: 0.7569
Epoch 78/80 | Step 544900 | G: 2.4721 | D_A: 0.0603 | D_B: 0.1255 | Cycle: 0.7511
Epoch 78/80 | Step 544950 | G: 2.6611 | D_A: 0.1786 | D_B: 0.0818 | Cycle: 1.0745
Epoch 78/80 | Step 545000 | G: 3.1716 | D_A: 0.1093 | D_B: 0.0577 | Cycle: 0.9886
Epoch 78/80 | Step 545050 | G: 2.6884 | D_A: 0.1195 | D_B: 0.0446 | Cycle: 0.7919
Epoch 78/80 | Step 545100 | G: 2.4091 | D_A: 0.0429 | D_B: 0.0491 | Cycle: 0.6730
Epoch 78/80 | Step 545150 | G: 2.5495 | D_A: 0.1787 | D_B: 0.0604 | Cycle: 0.7555
Epoch 78/80 | Step 545200 | G: 2.5362 | D_A: 0.0558 | D_B: 0.1222 | Cycle: 0.8771
Epoch 78/80 | Step 545250 | G: 2.1112 | D_A: 0.0620 | D_B: 0.0659 | Cycle: 0.6808
Epoch 78/80 | Step 545300 | G: 2.9516 | D_A: 0.0661 | D_B: 0.0709 | Cycle: 1.0385
Epoch 78/80 | Step 545350 | G: 2.9813 | D_A: 0.0980 | D_B: 0.0589 | Cycle: 0.9920
Epoch 78/80 | Step 545400 | G: 1.9019 | D_A: 0.0838 | D_B: 0.0537 | Cycle: 0.5603
Epoch 78/80 | Step 545450 | G: 2.8968 | D_A: 0.0752 | D_B: 0.0435 | Cycle: 1.0378
Epoch 78/80 | Step 545500 | G: 2.5512 | D_A: 0.0393 | D_B: 0.0344 | Cycle: 0.9365
Epoch 78/80 | Step 545550 | G: 2.4662 | D_A: 0.1681 | D_B: 0.0536 | Cycle: 0.7867
Epoch 78/80 | Step 545600 | G: 2.4173 | D_A: 0.0479 | D_B: 0.0445 | Cycle: 0.7868
Epoch 78/80 | Step 545650 | G: 2.8690 | D_A: 0.1285 | D_B: 0.0683 | Cycle: 1.0279
Epoch 78/80 | Step 545700 | G: 2.2357 | D_A: 0.2032 | D_B: 0.0739 | Cycle: 0.8098
Epoch 78/80 | Step 545750 | G: 2.6057 | D_A: 0.1395 | D_B: 0.0481 | Cycle: 0.9421
Epoch 78/80 | Step 545800 | G: 1.9851 | D_A: 0.0374 | D_B: 0.1336 | Cycle: 0.6197
Epoch 78/80 | Step 545850 | G: 2.4239 | D_A: 0.0604 | D_B: 0.0573 | Cycle: 0.8157
Epoch 78/80 | Step 545900 | G: 2.6620 | D_A: 0.0500 | D_B: 0.0787 | Cycle: 0.9476
Epoch 78/80 | Step 545950 | G: 1.7995 | D_A: 0.1714 | D_B: 0.0414 | Cycle: 0.6148
Epoch 78/80 | Step 546000 | G: 2.6567 | D_A: 0.0878 | D_B: 0.0381 | Cycle: 0.8409
Epoch 78/80 | Step 546050 | G: 2.2802 | D_A: 0.0957 | D_B: 0.0567 | Cycle: 0.7384
Epoch 78/80 | Step 546100 | G: 2.4234 | D_A: 0.1524 | D_B: 0.0526 | Cycle: 0.8398
Epoch 78/80 | Step 546150 | G: 2.9350 | D_A: 0.0928 | D_B: 0.1836 | Cycle: 0.7928
Epoch 78/80 | Step 546200 | G: 2.1359 | D_A: 0.1493 | D_B: 0.0443 | Cycle: 0.7242
Epoch 78/80 | Step 546250 | G: 2.0211 | D_A: 0.0845 | D_B: 0.1663 | Cycle: 0.8500
Epoch 78/80 | Step 546300 | G: 2.0204 | D_A: 0.1152 | D_B: 0.0970 | Cycle: 0.6188
Epoch 78/80 | Step 546350 | G: 2.8014 | D_A: 0.1001 | D_B: 0.0465 | Cycle: 0.7934
Epoch 78/80 | Step 546400 | G: 2.7823 | D_A: 0.1173 | D_B: 0.0603 | Cycle: 0.9552
Epoch 78/80 | Step 546450 | G: 2.3702 | D_A: 0.1336 | D_B: 0.0455 | Cycle: 0.8762
Epoch 78/80 | Step 546500 | G: 2.3508 | D_A: 0.0954 | D_B: 0.0356 | Cycle: 0.8569
Epoch 78/80 | Step 546550 | G: 2.4840 | D_A: 0.0428 | D_B: 0.1016 | Cycle: 0.8506
Epoch 78/80 | Step 546600 | G: 2.3290 | D_A: 0.0516 | D_B: 0.0319 | Cycle: 0.6659
Epoch 78/80 | Step 546650 | G: 2.0413 | D_A: 0.1321 | D_B: 0.1108 | Cycle: 0.7499
Epoch 78/80 | Step 546700 | G: 2.2922 | D_A: 0.0797 | D_B: 0.0581 | Cycle: 0.8002
Epoch 78/80 | Step 546750 | G: 2.7209 | D_A: 0.1195 | D_B: 0.0830 | Cycle: 0.8247
Epoch 78/80 | Step 546800 | G: 3.0003 | D_A: 0.0443 | D_B: 0.0865 | Cycle: 0.8196
Epoch 78/80 | Step 546850 | G: 2.0993 | D_A: 0.1398 | D_B: 0.0338 | Cycle: 0.6727
Epoch 78/80 | Step 546900 | G: 2.9532 | D_A: 0.1884 | D_B: 0.0949 | Cycle: 0.7266
Epoch 78/80 | Step 546950 | G: 2.4991 | D_A: 0.0674 | D_B: 0.0552 | Cycle: 0.7367
Epoch 78/80 | Step 547000 | G: 2.2762 | D_A: 0.0538 | D_B: 0.1588 | Cycle: 0.7159
Epoch 78/80 | Step 547050 | G: 2.5712 | D_A: 0.0725 | D_B: 0.0442 | Cycle: 0.7793
Epoch 78/80 | Step 547100 | G: 2.3825 | D_A: 0.0935 | D_B: 0.0844 | Cycle: 0.7286
Epoch 78/80 | Step 547150 | G: 2.8144 | D_A: 0.0959 | D_B: 0.0765 | Cycle: 0.7262
Epoch 78/80 | Step 547200 | G: 2.8318 | D_A: 0.0941 | D_B: 0.0544 | Cycle: 0.8967
Epoch 78/80 | Step 547250 | G: 2.4667 | D_A: 0.0443 | D_B: 0.0308 | Cycle: 0.6327
Epoch 78/80 | Step 547300 | G: 2.6958 | D_A: 0.1114 | D_B: 0.0432 | Cycle: 0.8043
Epoch 78/80 | Step 547350 | G: 3.7447 | D_A: 0.0850 | D_B: 0.0803 | Cycle: 1.0755
Epoch 78/80 | Step 547400 | G: 2.4445 | D_A: 0.0510 | D_B: 0.0693 | Cycle: 0.8489
Epoch 78/80 | Step 547450 | G: 2.3160 | D_A: 0.1925 | D_B: 0.0895 | Cycle: 0.7632
Epoch 78/80 | Step 547500 | G: 2.5146 | D_A: 0.0390 | D_B: 0.0485 | Cycle: 0.7732
Epoch 78/80 | Step 547550 | G: 2.5932 | D_A: 0.2249 | D_B: 0.0683 | Cycle: 0.8965
Epoch 78/80 | Step 547600 | G: 2.2482 | D_A: 0.0984 | D_B: 0.0605 | Cycle: 0.7504
Epoch 78/80 | Step 547650 | G: 2.0946 | D_A: 0.1255 | D_B: 0.0591 | Cycle: 0.6356
Epoch 78/80 | Step 547700 | G: 2.7694 | D_A: 0.0840 | D_B: 0.0781 | Cycle: 0.7380
Epoch 78/80 | Step 547750 | G: 2.4311 | D_A: 0.1220 | D_B: 0.0829 | Cycle: 0.8970
Epoch 78/80 | Step 547800 | G: 2.7274 | D_A: 0.0462 | D_B: 0.0609 | Cycle: 0.8324
Epoch 78/80 | Step 547850 | G: 2.3356 | D_A: 0.0523 | D_B: 0.0775 | Cycle: 0.7673
Epoch 78/80 | Step 547900 | G: 2.1276 | D_A: 0.0644 | D_B: 0.0567 | Cycle: 0.6772
Epoch 78/80 | Step 547950 | G: 2.7039 | D_A: 0.1245 | D_B: 0.0304 | Cycle: 0.9924
Epoch 78/80 | Step 548000 | G: 2.9215 | D_A: 0.0571 | D_B: 0.0419 | Cycle: 1.3000
Epoch 78/80 | Step 548050 | G: 2.2107 | D_A: 0.1681 | D_B: 0.0818 | Cycle: 0.7695
Epoch 78/80 | Step 548100 | G: 2.3708 | D_A: 0.0687 | D_B: 0.1248 | Cycle: 0.8014
Epoch 78/80 | Step 548150 | G: 2.5257 | D_A: 0.0568 | D_B: 0.0630 | Cycle: 0.8742
Epoch 78/80 | Step 548200 | G: 1.8816 | D_A: 0.0583 | D_B: 0.1200 | Cycle: 0.5768
Epoch 78/80 | Step 548250 | G: 2.5664 | D_A: 0.0417 | D_B: 0.0344 | Cycle: 0.7699
Epoch 78/80 | Step 548300 | G: 2.0008 | D_A: 0.0727 | D_B: 0.1836 | Cycle: 0.6497
Epoch 78/80 | Step 548350 | G: 2.2597 | D_A: 0.0315 | D_B: 0.1197 | Cycle: 0.5070
Epoch 78/80 | Step 548400 | G: 2.5987 | D_A: 0.1162 | D_B: 0.0787 | Cycle: 0.9825
Epoch 78/80 | Step 548450 | G: 2.0452 | D_A: 0.1723 | D_B: 0.0586 | Cycle: 0.7409
Epoch 78/80 | Step 548500 | G: 1.9822 | D_A: 0.2025 | D_B: 0.1449 | Cycle: 0.5466
Epoch 78/80 | Step 548550 | G: 2.5836 | D_A: 0.1015 | D_B: 0.0553 | Cycle: 0.8409
Epoch 78/80 | Step 548600 | G: 2.4453 | D_A: 0.0506 | D_B: 0.0485 | Cycle: 0.7500
Epoch 78/80 | Step 548650 | G: 2.6192 | D_A: 0.0382 | D_B: 0.0345 | Cycle: 0.7601
Epoch 78/80 | Step 548700 | G: 2.5174 | D_A: 0.0588 | D_B: 0.0987 | Cycle: 0.7972
Epoch 78/80 | Step 548750 | G: 2.4634 | D_A: 0.0535 | D_B: 0.0877 | Cycle: 1.0084
Epoch 78/80 | Step 548800 | G: 2.9262 | D_A: 0.0828 | D_B: 0.0718 | Cycle: 1.1411
Epoch 78/80 | Step 548850 | G: 2.3206 | D_A: 0.0816 | D_B: 0.0529 | Cycle: 0.8051
Epoch 78/80 | Step 548900 | G: 2.1200 | D_A: 0.0437 | D_B: 0.1134 | Cycle: 0.7022
Epoch 78/80 | Step 548950 | G: 2.2035 | D_A: 0.0405 | D_B: 0.0781 | Cycle: 0.6938
Epoch 78/80 complete | Time: 430s | Avg G: 2.4471 | Avg D: 0.0847
Epoch 79/80 | Step 549000 | G: 2.2544 | D_A: 0.0427 | D_B: 0.0554 | Cycle: 0.6455
Epoch 79/80 | Step 549050 | G: 2.5833 | D_A: 0.0393 | D_B: 0.0306 | Cycle: 0.9408
Epoch 79/80 | Step 549100 | G: 2.5348 | D_A: 0.0765 | D_B: 0.0756 | Cycle: 0.9112
Epoch 79/80 | Step 549150 | G: 2.5742 | D_A: 0.1379 | D_B: 0.0792 | Cycle: 0.9448
Epoch 79/80 | Step 549200 | G: 1.9321 | D_A: 0.1061 | D_B: 0.1503 | Cycle: 0.7189
Epoch 79/80 | Step 549250 | G: 2.8554 | D_A: 0.0715 | D_B: 0.0515 | Cycle: 1.0818
Epoch 79/80 | Step 549300 | G: 2.1291 | D_A: 0.1211 | D_B: 0.0500 | Cycle: 0.7548
Epoch 79/80 | Step 549350 | G: 2.9727 | D_A: 0.0550 | D_B: 0.0487 | Cycle: 0.9697
Epoch 79/80 | Step 549400 | G: 2.7535 | D_A: 0.0559 | D_B: 0.0398 | Cycle: 0.7272
Epoch 79/80 | Step 549450 | G: 2.1132 | D_A: 0.0872 | D_B: 0.0621 | Cycle: 0.6810
Epoch 79/80 | Step 549500 | G: 2.1147 | D_A: 0.0856 | D_B: 0.0929 | Cycle: 0.8045
Epoch 79/80 | Step 549550 | G: 2.2803 | D_A: 0.1307 | D_B: 0.1414 | Cycle: 0.7192
Epoch 79/80 | Step 549600 | G: 2.4345 | D_A: 0.1358 | D_B: 0.0637 | Cycle: 0.9298
Epoch 79/80 | Step 549650 | G: 2.3040 | D_A: 0.0448 | D_B: 0.0691 | Cycle: 0.7010
Epoch 79/80 | Step 549700 | G: 2.2607 | D_A: 0.0452 | D_B: 0.0514 | Cycle: 0.7355
Epoch 79/80 | Step 549750 | G: 2.1248 | D_A: 0.0873 | D_B: 0.1325 | Cycle: 0.7979
Epoch 79/80 | Step 549800 | G: 3.0424 | D_A: 0.1045 | D_B: 0.0608 | Cycle: 1.1414
Epoch 79/80 | Step 549850 | G: 1.5971 | D_A: 0.0880 | D_B: 0.1619 | Cycle: 0.5974
Epoch 79/80 | Step 549900 | G: 2.9536 | D_A: 0.1405 | D_B: 0.0437 | Cycle: 1.0406
Epoch 79/80 | Step 549950 | G: 2.1845 | D_A: 0.1063 | D_B: 0.1971 | Cycle: 0.6519
Epoch 79/80 | Step 550000 | G: 2.4471 | D_A: 0.2389 | D_B: 0.0852 | Cycle: 0.6390
Epoch 79/80 | Step 550050 | G: 2.3631 | D_A: 0.0734 | D_B: 0.0520 | Cycle: 0.8391
Epoch 79/80 | Step 550100 | G: 2.5815 | D_A: 0.0707 | D_B: 0.0674 | Cycle: 0.8434
Epoch 79/80 | Step 550150 | G: 2.9925 | D_A: 0.0527 | D_B: 0.0346 | Cycle: 0.9570
Epoch 79/80 | Step 550200 | G: 3.0268 | D_A: 0.0674 | D_B: 0.0366 | Cycle: 0.8245
Epoch 79/80 | Step 550250 | G: 2.8866 | D_A: 0.1063 | D_B: 0.0486 | Cycle: 1.0243
Epoch 79/80 | Step 550300 | G: 1.9202 | D_A: 0.1265 | D_B: 0.1651 | Cycle: 0.6447
Epoch 79/80 | Step 550350 | G: 2.7185 | D_A: 0.0743 | D_B: 0.0577 | Cycle: 1.1208
Epoch 79/80 | Step 550400 | G: 1.9144 | D_A: 0.1001 | D_B: 0.1155 | Cycle: 0.5038
Epoch 79/80 | Step 550450 | G: 3.1608 | D_A: 0.0744 | D_B: 0.0432 | Cycle: 1.0211
Epoch 79/80 | Step 550500 | G: 2.1545 | D_A: 0.0772 | D_B: 0.0659 | Cycle: 0.7163
Epoch 79/80 | Step 550550 | G: 2.1458 | D_A: 0.1403 | D_B: 0.0519 | Cycle: 0.6564
Epoch 79/80 | Step 550600 | G: 3.0106 | D_A: 0.1148 | D_B: 0.1496 | Cycle: 0.9533
Epoch 79/80 | Step 550650 | G: 2.9726 | D_A: 0.1034 | D_B: 0.0408 | Cycle: 1.2032
Epoch 79/80 | Step 550700 | G: 1.8155 | D_A: 0.1300 | D_B: 0.1354 | Cycle: 0.7749
Epoch 79/80 | Step 550750 | G: 2.0844 | D_A: 0.0641 | D_B: 0.0911 | Cycle: 0.6922
Epoch 79/80 | Step 550800 | G: 2.4470 | D_A: 0.0524 | D_B: 0.0680 | Cycle: 0.8409
Epoch 79/80 | Step 550850 | G: 2.5563 | D_A: 0.0762 | D_B: 0.0540 | Cycle: 0.8423
Epoch 79/80 | Step 550900 | G: 2.8629 | D_A: 0.0625 | D_B: 0.0432 | Cycle: 0.9802
Epoch 79/80 | Step 550950 | G: 2.2409 | D_A: 0.0637 | D_B: 0.0233 | Cycle: 0.7362
Epoch 79/80 | Step 551000 | G: 2.6333 | D_A: 0.0786 | D_B: 0.0458 | Cycle: 0.9425
Epoch 79/80 | Step 551050 | G: 2.7606 | D_A: 0.0543 | D_B: 0.1031 | Cycle: 0.9239
Epoch 79/80 | Step 551100 | G: 2.7157 | D_A: 0.0736 | D_B: 0.0454 | Cycle: 1.0076
Epoch 79/80 | Step 551150 | G: 2.5971 | D_A: 0.1075 | D_B: 0.0323 | Cycle: 0.7922
Epoch 79/80 | Step 551200 | G: 2.7227 | D_A: 0.1390 | D_B: 0.0514 | Cycle: 1.0832
Epoch 79/80 | Step 551250 | G: 2.5470 | D_A: 0.0469 | D_B: 0.0929 | Cycle: 0.8203
Epoch 79/80 | Step 551300 | G: 2.3491 | D_A: 0.0777 | D_B: 0.0872 | Cycle: 0.8945
Epoch 79/80 | Step 551350 | G: 3.0667 | D_A: 0.0871 | D_B: 0.1118 | Cycle: 0.9047
Epoch 79/80 | Step 551400 | G: 2.3464 | D_A: 0.0637 | D_B: 0.0359 | Cycle: 0.8032
Epoch 79/80 | Step 551450 | G: 2.2016 | D_A: 0.0419 | D_B: 0.0540 | Cycle: 0.6873
Epoch 79/80 | Step 551500 | G: 1.9505 | D_A: 0.0893 | D_B: 0.0879 | Cycle: 0.7577
Epoch 79/80 | Step 551550 | G: 2.6051 | D_A: 0.0788 | D_B: 0.0330 | Cycle: 0.8167
Epoch 79/80 | Step 551600 | G: 2.2045 | D_A: 0.0972 | D_B: 0.0839 | Cycle: 0.6608
Epoch 79/80 | Step 551650 | G: 2.2025 | D_A: 0.0482 | D_B: 0.0883 | Cycle: 0.7430
Epoch 79/80 | Step 551700 | G: 2.7147 | D_A: 0.0781 | D_B: 0.0756 | Cycle: 1.0738
Epoch 79/80 | Step 551750 | G: 2.2877 | D_A: 0.1146 | D_B: 0.0763 | Cycle: 0.7851
Epoch 79/80 | Step 551800 | G: 2.4553 | D_A: 0.1034 | D_B: 0.0492 | Cycle: 0.9398
Epoch 79/80 | Step 551850 | G: 2.8222 | D_A: 0.0495 | D_B: 0.0436 | Cycle: 0.9070
Epoch 79/80 | Step 551900 | G: 2.6333 | D_A: 0.0778 | D_B: 0.0417 | Cycle: 0.9533
Epoch 79/80 | Step 551950 | G: 2.3607 | D_A: 0.1001 | D_B: 0.0474 | Cycle: 0.7848
Epoch 79/80 | Step 552000 | G: 2.7524 | D_A: 0.0364 | D_B: 0.0374 | Cycle: 0.7574
Epoch 79/80 | Step 552050 | G: 2.4223 | D_A: 0.1005 | D_B: 0.0575 | Cycle: 0.8169
Epoch 79/80 | Step 552100 | G: 2.5581 | D_A: 0.0599 | D_B: 0.0773 | Cycle: 1.0152
Epoch 79/80 | Step 552150 | G: 2.4780 | D_A: 0.0570 | D_B: 0.0455 | Cycle: 0.8843
Epoch 79/80 | Step 552200 | G: 2.7025 | D_A: 0.0942 | D_B: 0.0396 | Cycle: 1.0226
Epoch 79/80 | Step 552250 | G: 2.6172 | D_A: 0.2284 | D_B: 0.0675 | Cycle: 0.8400
Epoch 79/80 | Step 552300 | G: 2.5089 | D_A: 0.1645 | D_B: 0.0666 | Cycle: 0.6338
Epoch 79/80 | Step 552350 | G: 2.0560 | D_A: 0.0474 | D_B: 0.1255 | Cycle: 0.6019
Epoch 79/80 | Step 552400 | G: 2.6261 | D_A: 0.0611 | D_B: 0.0375 | Cycle: 1.0373
Epoch 79/80 | Step 552450 | G: 2.3144 | D_A: 0.0884 | D_B: 0.0608 | Cycle: 0.6204
Epoch 79/80 | Step 552500 | G: 2.4866 | D_A: 0.1153 | D_B: 0.1688 | Cycle: 0.6794
Epoch 79/80 | Step 552550 | G: 2.8212 | D_A: 0.0905 | D_B: 0.0240 | Cycle: 0.7940
Epoch 79/80 | Step 552600 | G: 2.7189 | D_A: 0.0482 | D_B: 0.0807 | Cycle: 0.7547
Epoch 79/80 | Step 552650 | G: 2.2424 | D_A: 0.0980 | D_B: 0.0781 | Cycle: 0.6730
Epoch 79/80 | Step 552700 | G: 2.4675 | D_A: 0.0823 | D_B: 0.0615 | Cycle: 0.8410
Epoch 79/80 | Step 552750 | G: 2.8237 | D_A: 0.0811 | D_B: 0.0755 | Cycle: 1.0652
Epoch 79/80 | Step 552800 | G: 2.2026 | D_A: 0.0785 | D_B: 0.0664 | Cycle: 0.7502
Epoch 79/80 | Step 552850 | G: 2.5140 | D_A: 0.0832 | D_B: 0.0889 | Cycle: 0.8953
Epoch 79/80 | Step 552900 | G: 2.4335 | D_A: 0.0538 | D_B: 0.0588 | Cycle: 0.7520
Epoch 79/80 | Step 552950 | G: 2.9835 | D_A: 0.0681 | D_B: 0.0438 | Cycle: 0.9720
Epoch 79/80 | Step 553000 | G: 2.7502 | D_A: 0.0480 | D_B: 0.0770 | Cycle: 0.8395
Epoch 79/80 | Step 553050 | G: 2.3927 | D_A: 0.0568 | D_B: 0.1232 | Cycle: 0.8006
Epoch 79/80 | Step 553100 | G: 2.3614 | D_A: 0.0707 | D_B: 0.0325 | Cycle: 0.7714
Epoch 79/80 | Step 553150 | G: 2.0405 | D_A: 0.0924 | D_B: 0.0717 | Cycle: 0.6228
Epoch 79/80 | Step 553200 | G: 2.2594 | D_A: 0.0840 | D_B: 0.0895 | Cycle: 0.7451
Epoch 79/80 | Step 553250 | G: 2.4912 | D_A: 0.0505 | D_B: 0.0659 | Cycle: 0.7829
Epoch 79/80 | Step 553300 | G: 2.3287 | D_A: 0.2484 | D_B: 0.0528 | Cycle: 0.8661
Epoch 79/80 | Step 553350 | G: 2.4145 | D_A: 0.0440 | D_B: 0.0796 | Cycle: 0.7142
Epoch 79/80 | Step 553400 | G: 2.6007 | D_A: 0.1379 | D_B: 0.0506 | Cycle: 0.7647
Epoch 79/80 | Step 553450 | G: 1.9589 | D_A: 0.1399 | D_B: 0.0880 | Cycle: 0.5649
Epoch 79/80 | Step 553500 | G: 2.4453 | D_A: 0.0705 | D_B: 0.1073 | Cycle: 0.6659
Epoch 79/80 | Step 553550 | G: 1.8705 | D_A: 0.0925 | D_B: 0.0445 | Cycle: 0.7637
Epoch 79/80 | Step 553600 | G: 1.9011 | D_A: 0.0973 | D_B: 0.0555 | Cycle: 0.6911
Epoch 79/80 | Step 553650 | G: 2.6749 | D_A: 0.0394 | D_B: 0.0221 | Cycle: 0.6712
Epoch 79/80 | Step 553700 | G: 2.9373 | D_A: 0.0868 | D_B: 0.0526 | Cycle: 1.1662
Epoch 79/80 | Step 553750 | G: 2.4796 | D_A: 0.0763 | D_B: 0.0309 | Cycle: 0.6956
Epoch 79/80 | Step 553800 | G: 2.1429 | D_A: 0.1319 | D_B: 0.0965 | Cycle: 0.7623
Epoch 79/80 | Step 553850 | G: 2.6695 | D_A: 0.1725 | D_B: 0.0503 | Cycle: 0.7490
Epoch 79/80 | Step 553900 | G: 2.3729 | D_A: 0.1133 | D_B: 0.0371 | Cycle: 0.7241
Epoch 79/80 | Step 553950 | G: 2.3849 | D_A: 0.1465 | D_B: 0.1098 | Cycle: 0.7038
Epoch 79/80 | Step 554000 | G: 2.2646 | D_A: 0.1826 | D_B: 0.0346 | Cycle: 0.8638
Epoch 79/80 | Step 554050 | G: 2.1761 | D_A: 0.0678 | D_B: 0.0988 | Cycle: 0.5450
Epoch 79/80 | Step 554100 | G: 2.1629 | D_A: 0.0521 | D_B: 0.0786 | Cycle: 0.6088
Epoch 79/80 | Step 554150 | G: 2.4726 | D_A: 0.2685 | D_B: 0.0576 | Cycle: 0.8654
Epoch 79/80 | Step 554200 | G: 2.9790 | D_A: 0.0413 | D_B: 0.1048 | Cycle: 0.8972
Epoch 79/80 | Step 554250 | G: 3.0620 | D_A: 0.0875 | D_B: 0.0667 | Cycle: 0.8927
Epoch 79/80 | Step 554300 | G: 2.7014 | D_A: 0.0964 | D_B: 0.0554 | Cycle: 1.0196
Epoch 79/80 | Step 554350 | G: 1.9160 | D_A: 0.0647 | D_B: 0.1784 | Cycle: 0.5456
Epoch 79/80 | Step 554400 | G: 2.1051 | D_A: 0.0570 | D_B: 0.0815 | Cycle: 0.6383
Epoch 79/80 | Step 554450 | G: 2.2395 | D_A: 0.1121 | D_B: 0.0598 | Cycle: 0.7308
Epoch 79/80 | Step 554500 | G: 2.5905 | D_A: 0.0531 | D_B: 0.0887 | Cycle: 0.6808
Epoch 79/80 | Step 554550 | G: 2.7478 | D_A: 0.0634 | D_B: 0.0628 | Cycle: 0.7900
Epoch 79/80 | Step 554600 | G: 2.7338 | D_A: 0.0677 | D_B: 0.0491 | Cycle: 0.9861
Epoch 79/80 | Step 554650 | G: 3.2032 | D_A: 0.0486 | D_B: 0.0545 | Cycle: 1.0994
Epoch 79/80 | Step 554700 | G: 2.9753 | D_A: 0.0555 | D_B: 0.0376 | Cycle: 0.8369
Epoch 79/80 | Step 554750 | G: 2.5883 | D_A: 0.2122 | D_B: 0.0716 | Cycle: 0.7739
Epoch 79/80 | Step 554800 | G: 2.4165 | D_A: 0.0704 | D_B: 0.1373 | Cycle: 0.6289
Epoch 79/80 | Step 554850 | G: 2.4891 | D_A: 0.0418 | D_B: 0.0679 | Cycle: 0.8540
Epoch 79/80 | Step 554900 | G: 2.1663 | D_A: 0.0719 | D_B: 0.0902 | Cycle: 0.7701
Epoch 79/80 | Step 554950 | G: 2.4705 | D_A: 0.0985 | D_B: 0.0605 | Cycle: 0.7763
Epoch 79/80 | Step 555000 | G: 2.7257 | D_A: 0.0881 | D_B: 0.1047 | Cycle: 0.8314
Epoch 79/80 | Step 555050 | G: 2.8726 | D_A: 0.1074 | D_B: 0.0593 | Cycle: 0.8144
Epoch 79/80 | Step 555100 | G: 2.5245 | D_A: 0.1092 | D_B: 0.0417 | Cycle: 0.7348
Epoch 79/80 | Step 555150 | G: 2.7388 | D_A: 0.1143 | D_B: 0.0806 | Cycle: 0.8405
Epoch 79/80 | Step 555200 | G: 2.4128 | D_A: 0.0888 | D_B: 0.0583 | Cycle: 0.7894
Epoch 79/80 | Step 555250 | G: 2.6004 | D_A: 0.0394 | D_B: 0.0473 | Cycle: 0.7626
Epoch 79/80 | Step 555300 | G: 2.3783 | D_A: 0.0907 | D_B: 0.2164 | Cycle: 0.8398
Epoch 79/80 | Step 555350 | G: 2.8025 | D_A: 0.0964 | D_B: 0.0493 | Cycle: 0.8984
Epoch 79/80 | Step 555400 | G: 1.9961 | D_A: 0.0597 | D_B: 0.0831 | Cycle: 0.7813
Epoch 79/80 | Step 555450 | G: 2.2971 | D_A: 0.0398 | D_B: 0.0596 | Cycle: 0.6332
Epoch 79/80 | Step 555500 | G: 2.4150 | D_A: 0.0758 | D_B: 0.1244 | Cycle: 0.8238
Epoch 79/80 | Step 555550 | G: 2.0817 | D_A: 0.1028 | D_B: 0.0556 | Cycle: 0.6451
Epoch 79/80 | Step 555600 | G: 2.2552 | D_A: 0.0651 | D_B: 0.0340 | Cycle: 0.6790
Epoch 79/80 | Step 555650 | G: 2.5908 | D_A: 0.0420 | D_B: 0.0317 | Cycle: 0.7132
Epoch 79/80 | Step 555700 | G: 2.3828 | D_A: 0.0681 | D_B: 0.0352 | Cycle: 0.7996
Epoch 79/80 | Step 555750 | G: 2.1394 | D_A: 0.1189 | D_B: 0.1642 | Cycle: 0.6808
Epoch 79/80 | Step 555800 | G: 1.9833 | D_A: 0.0496 | D_B: 0.0485 | Cycle: 0.5592
Epoch 79/80 | Step 555850 | G: 2.5743 | D_A: 0.0950 | D_B: 0.0395 | Cycle: 0.7989
Epoch 79/80 | Step 555900 | G: 2.4190 | D_A: 0.0884 | D_B: 0.0365 | Cycle: 0.7839
Epoch 79/80 | Step 555950 | G: 3.1040 | D_A: 0.1120 | D_B: 0.0508 | Cycle: 1.0340
Epoch 79/80 | Step 556000 | G: 2.6004 | D_A: 0.1548 | D_B: 0.0473 | Cycle: 0.8152
Epoch 79/80 complete | Time: 427s | Avg G: 2.4608 | Avg D: 0.0831
Epoch 80/80 | Step 556050 | G: 2.4822 | D_A: 0.0414 | D_B: 0.0644 | Cycle: 0.8347
Epoch 80/80 | Step 556100 | G: 2.0204 | D_A: 0.0306 | D_B: 0.1086 | Cycle: 0.5815
Epoch 80/80 | Step 556150 | G: 2.6314 | D_A: 0.0720 | D_B: 0.0369 | Cycle: 0.8634
Epoch 80/80 | Step 556200 | G: 2.6226 | D_A: 0.0810 | D_B: 0.2175 | Cycle: 0.8552
Epoch 80/80 | Step 556250 | G: 2.1354 | D_A: 0.1925 | D_B: 0.0799 | Cycle: 0.6473
Epoch 80/80 | Step 556300 | G: 2.4992 | D_A: 0.0665 | D_B: 0.0287 | Cycle: 0.8420
Epoch 80/80 | Step 556350 | G: 2.5875 | D_A: 0.0477 | D_B: 0.0413 | Cycle: 0.8239
Epoch 80/80 | Step 556400 | G: 2.2386 | D_A: 0.0721 | D_B: 0.0720 | Cycle: 0.6769
Epoch 80/80 | Step 556450 | G: 2.0384 | D_A: 0.0499 | D_B: 0.1153 | Cycle: 0.6951
Epoch 80/80 | Step 556500 | G: 2.3892 | D_A: 0.0508 | D_B: 0.2033 | Cycle: 0.7968
Epoch 80/80 | Step 556550 | G: 3.0989 | D_A: 0.0762 | D_B: 0.0572 | Cycle: 1.1378
Epoch 80/80 | Step 556600 | G: 1.9666 | D_A: 0.1176 | D_B: 0.0440 | Cycle: 0.6765
Epoch 80/80 | Step 556650 | G: 2.6552 | D_A: 0.0563 | D_B: 0.0725 | Cycle: 1.0716
Epoch 80/80 | Step 556700 | G: 2.3906 | D_A: 0.1391 | D_B: 0.0865 | Cycle: 0.8788
Epoch 80/80 | Step 556750 | G: 2.8638 | D_A: 0.0494 | D_B: 0.0373 | Cycle: 1.0424
Epoch 80/80 | Step 556800 | G: 2.9417 | D_A: 0.0949 | D_B: 0.0942 | Cycle: 1.0964
Epoch 80/80 | Step 556850 | G: 2.1787 | D_A: 0.0873 | D_B: 0.0767 | Cycle: 0.6637
Epoch 80/80 | Step 556900 | G: 1.9418 | D_A: 0.0923 | D_B: 0.0763 | Cycle: 0.5744
Epoch 80/80 | Step 556950 | G: 2.8603 | D_A: 0.0581 | D_B: 0.0444 | Cycle: 1.0086
Epoch 80/80 | Step 557000 | G: 2.6213 | D_A: 0.0693 | D_B: 0.0963 | Cycle: 0.8672
Epoch 80/80 | Step 557050 | G: 2.4402 | D_A: 0.0865 | D_B: 0.0915 | Cycle: 0.7911
Epoch 80/80 | Step 557100 | G: 2.5869 | D_A: 0.0363 | D_B: 0.0757 | Cycle: 0.8007
Epoch 80/80 | Step 557150 | G: 2.7070 | D_A: 0.0987 | D_B: 0.0806 | Cycle: 1.0428
Epoch 80/80 | Step 557200 | G: 3.5504 | D_A: 0.0631 | D_B: 0.0332 | Cycle: 1.1969
Epoch 80/80 | Step 557250 | G: 2.9703 | D_A: 0.1713 | D_B: 0.0406 | Cycle: 0.8896
Epoch 80/80 | Step 557300 | G: 2.1648 | D_A: 0.0605 | D_B: 0.0274 | Cycle: 0.7704
Epoch 80/80 | Step 557350 | G: 2.1626 | D_A: 0.1849 | D_B: 0.0806 | Cycle: 0.6821
Epoch 80/80 | Step 557400 | G: 2.1809 | D_A: 0.1406 | D_B: 0.0807 | Cycle: 0.6703
Epoch 80/80 | Step 557450 | G: 2.7790 | D_A: 0.0939 | D_B: 0.0417 | Cycle: 1.0061
Epoch 80/80 | Step 557500 | G: 2.7257 | D_A: 0.0439 | D_B: 0.0407 | Cycle: 0.7827
Epoch 80/80 | Step 557550 | G: 2.4893 | D_A: 0.0409 | D_B: 0.0519 | Cycle: 0.7901
Epoch 80/80 | Step 557600 | G: 1.8956 | D_A: 0.0429 | D_B: 0.0975 | Cycle: 0.6044
Epoch 80/80 | Step 557650 | G: 2.5563 | D_A: 0.0626 | D_B: 0.0710 | Cycle: 0.7991
Epoch 80/80 | Step 557700 | G: 2.2191 | D_A: 0.0583 | D_B: 0.0424 | Cycle: 0.7073
Epoch 80/80 | Step 557750 | G: 2.5672 | D_A: 0.0833 | D_B: 0.0400 | Cycle: 0.6980
Epoch 80/80 | Step 557800 | G: 2.1729 | D_A: 0.1074 | D_B: 0.0777 | Cycle: 0.8452
Epoch 80/80 | Step 557850 | G: 2.6523 | D_A: 0.0539 | D_B: 0.2392 | Cycle: 0.7799
Epoch 80/80 | Step 557900 | G: 3.2814 | D_A: 0.0827 | D_B: 0.0501 | Cycle: 1.2649
Epoch 80/80 | Step 557950 | G: 2.7965 | D_A: 0.0793 | D_B: 0.0350 | Cycle: 0.9265
Epoch 80/80 | Step 558000 | G: 2.9353 | D_A: 0.0647 | D_B: 0.0391 | Cycle: 1.0777
Epoch 80/80 | Step 558050 | G: 2.2462 | D_A: 0.0666 | D_B: 0.1785 | Cycle: 0.7946
Epoch 80/80 | Step 558100 | G: 2.3932 | D_A: 0.0520 | D_B: 0.1097 | Cycle: 0.7195
Epoch 80/80 | Step 558150 | G: 2.4353 | D_A: 0.0771 | D_B: 0.1251 | Cycle: 0.6127
Epoch 80/80 | Step 558200 | G: 3.0364 | D_A: 0.0521 | D_B: 0.0450 | Cycle: 0.9645
Epoch 80/80 | Step 558250 | G: 2.3193 | D_A: 0.1784 | D_B: 0.0528 | Cycle: 0.8695
Epoch 80/80 | Step 558300 | G: 2.3647 | D_A: 0.0943 | D_B: 0.0768 | Cycle: 0.7505
Epoch 80/80 | Step 558350 | G: 2.5160 | D_A: 0.0646 | D_B: 0.0470 | Cycle: 0.7592
Epoch 80/80 | Step 558400 | G: 2.2956 | D_A: 0.0587 | D_B: 0.0401 | Cycle: 0.6801
Epoch 80/80 | Step 558450 | G: 2.5440 | D_A: 0.0697 | D_B: 0.0496 | Cycle: 0.7877
Epoch 80/80 | Step 558500 | G: 2.7493 | D_A: 0.0660 | D_B: 0.0395 | Cycle: 1.0076
Epoch 80/80 | Step 558550 | G: 2.3902 | D_A: 0.0616 | D_B: 0.0388 | Cycle: 0.9104
Epoch 80/80 | Step 558600 | G: 2.0801 | D_A: 0.0652 | D_B: 0.1103 | Cycle: 0.7002
Epoch 80/80 | Step 558650 | G: 2.9562 | D_A: 0.1585 | D_B: 0.0541 | Cycle: 1.2656
Epoch 80/80 | Step 558700 | G: 2.3922 | D_A: 0.0521 | D_B: 0.1132 | Cycle: 0.8387
Epoch 80/80 | Step 558750 | G: 2.1793 | D_A: 0.0821 | D_B: 0.0309 | Cycle: 0.6056
Epoch 80/80 | Step 558800 | G: 2.1383 | D_A: 0.0730 | D_B: 0.1970 | Cycle: 0.6705
Epoch 80/80 | Step 558850 | G: 2.6272 | D_A: 0.0771 | D_B: 0.0986 | Cycle: 0.8893
Epoch 80/80 | Step 558900 | G: 1.9634 | D_A: 0.0771 | D_B: 0.1878 | Cycle: 0.5436
Epoch 80/80 | Step 558950 | G: 2.2378 | D_A: 0.0661 | D_B: 0.0681 | Cycle: 0.6056
Epoch 80/80 | Step 559000 | G: 2.5341 | D_A: 0.0797 | D_B: 0.1530 | Cycle: 0.8142
Epoch 80/80 | Step 559050 | G: 2.7207 | D_A: 0.1922 | D_B: 0.0612 | Cycle: 0.9409
Epoch 80/80 | Step 559100 | G: 2.7232 | D_A: 0.0548 | D_B: 0.0675 | Cycle: 0.9643
Epoch 80/80 | Step 559150 | G: 2.0346 | D_A: 0.1302 | D_B: 0.0723 | Cycle: 0.7049
Epoch 80/80 | Step 559200 | G: 2.6340 | D_A: 0.0881 | D_B: 0.1870 | Cycle: 0.7287
Epoch 80/80 | Step 559250 | G: 2.4909 | D_A: 0.0940 | D_B: 0.0798 | Cycle: 0.7407
Epoch 80/80 | Step 559300 | G: 2.8214 | D_A: 0.1145 | D_B: 0.0433 | Cycle: 0.9296
Epoch 80/80 | Step 559350 | G: 1.9694 | D_A: 0.0586 | D_B: 0.0898 | Cycle: 0.5358
Epoch 80/80 | Step 559400 | G: 2.1857 | D_A: 0.0722 | D_B: 0.0719 | Cycle: 0.7556
Epoch 80/80 | Step 559450 | G: 2.5735 | D_A: 0.1355 | D_B: 0.0456 | Cycle: 0.9316
Epoch 80/80 | Step 559500 | G: 2.2192 | D_A: 0.3749 | D_B: 0.0285 | Cycle: 0.7425
Epoch 80/80 | Step 559550 | G: 2.0173 | D_A: 0.1102 | D_B: 0.0786 | Cycle: 0.6226
Epoch 80/80 | Step 559600 | G: 2.3524 | D_A: 0.0878 | D_B: 0.0606 | Cycle: 0.6909
Epoch 80/80 | Step 559650 | G: 2.4598 | D_A: 0.0889 | D_B: 0.0785 | Cycle: 0.8259
Epoch 80/80 | Step 559700 | G: 2.4550 | D_A: 0.1149 | D_B: 0.0989 | Cycle: 0.7998
Epoch 80/80 | Step 559750 | G: 2.4514 | D_A: 0.1288 | D_B: 0.0489 | Cycle: 0.7117
Epoch 80/80 | Step 559800 | G: 2.2436 | D_A: 0.0644 | D_B: 0.0608 | Cycle: 0.6892
Epoch 80/80 | Step 559850 | G: 2.2446 | D_A: 0.0899 | D_B: 0.0606 | Cycle: 0.8009
Epoch 80/80 | Step 559900 | G: 2.5982 | D_A: 0.0243 | D_B: 0.0580 | Cycle: 0.7215
Epoch 80/80 | Step 559950 | G: 2.6639 | D_A: 0.0537 | D_B: 0.1313 | Cycle: 0.7583
Epoch 80/80 | Step 560000 | G: 2.3182 | D_A: 0.0848 | D_B: 0.0860 | Cycle: 0.8984
Epoch 80/80 | Step 560050 | G: 3.3797 | D_A: 0.0717 | D_B: 0.0204 | Cycle: 1.3207
Epoch 80/80 | Step 560100 | G: 2.0984 | D_A: 0.0567 | D_B: 0.0887 | Cycle: 0.6886
Epoch 80/80 | Step 560150 | G: 2.6105 | D_A: 0.1169 | D_B: 0.0739 | Cycle: 1.0195
Epoch 80/80 | Step 560200 | G: 2.5462 | D_A: 0.2966 | D_B: 0.0429 | Cycle: 0.7456
Epoch 80/80 | Step 560250 | G: 2.1120 | D_A: 0.0763 | D_B: 0.0804 | Cycle: 0.6589
Epoch 80/80 | Step 560300 | G: 2.7317 | D_A: 0.1691 | D_B: 0.0461 | Cycle: 0.9722
Epoch 80/80 | Step 560350 | G: 2.5979 | D_A: 0.0411 | D_B: 0.0324 | Cycle: 0.7455
Epoch 80/80 | Step 560400 | G: 2.8737 | D_A: 0.0671 | D_B: 0.0393 | Cycle: 1.1245
Epoch 80/80 | Step 560450 | G: 2.8208 | D_A: 0.0815 | D_B: 0.0390 | Cycle: 0.8927
Epoch 80/80 | Step 560500 | G: 2.4023 | D_A: 0.0872 | D_B: 0.0369 | Cycle: 0.8434
Epoch 80/80 | Step 560550 | G: 2.8339 | D_A: 0.2395 | D_B: 0.0558 | Cycle: 1.1615
Epoch 80/80 | Step 560600 | G: 2.4808 | D_A: 0.1519 | D_B: 0.0470 | Cycle: 0.7726
Epoch 80/80 | Step 560650 | G: 2.7558 | D_A: 0.0756 | D_B: 0.0337 | Cycle: 1.0034
Epoch 80/80 | Step 560700 | G: 2.2923 | D_A: 0.1028 | D_B: 0.1212 | Cycle: 0.6520
Epoch 80/80 | Step 560750 | G: 2.9888 | D_A: 0.0334 | D_B: 0.0550 | Cycle: 0.9951
Epoch 80/80 | Step 560800 | G: 2.2671 | D_A: 0.2231 | D_B: 0.0447 | Cycle: 0.6174
Epoch 80/80 | Step 560850 | G: 2.3038 | D_A: 0.0911 | D_B: 0.1291 | Cycle: 0.6057
Epoch 80/80 | Step 560900 | G: 2.0226 | D_A: 0.1482 | D_B: 0.1070 | Cycle: 0.7293
Epoch 80/80 | Step 560950 | G: 2.1682 | D_A: 0.0923 | D_B: 0.2233 | Cycle: 0.5364
Epoch 80/80 | Step 561000 | G: 2.4508 | D_A: 0.0760 | D_B: 0.0731 | Cycle: 0.7261
Epoch 80/80 | Step 561050 | G: 2.2884 | D_A: 0.1117 | D_B: 0.0443 | Cycle: 0.7642
Epoch 80/80 | Step 561100 | G: 2.5529 | D_A: 0.0756 | D_B: 0.0481 | Cycle: 0.9036
Epoch 80/80 | Step 561150 | G: 2.9285 | D_A: 0.0923 | D_B: 0.0510 | Cycle: 1.1315
Epoch 80/80 | Step 561200 | G: 2.0693 | D_A: 0.1426 | D_B: 0.0669 | Cycle: 0.7086
Epoch 80/80 | Step 561250 | G: 2.7345 | D_A: 0.1519 | D_B: 0.0672 | Cycle: 0.7278
Epoch 80/80 | Step 561300 | G: 2.7727 | D_A: 0.1290 | D_B: 0.0317 | Cycle: 0.8956
Epoch 80/80 | Step 561350 | G: 2.7354 | D_A: 0.1421 | D_B: 0.0382 | Cycle: 0.8144
Epoch 80/80 | Step 561400 | G: 2.6158 | D_A: 0.1275 | D_B: 0.0606 | Cycle: 0.7616
Epoch 80/80 | Step 561450 | G: 2.1898 | D_A: 0.0735 | D_B: 0.0461 | Cycle: 0.6979
Epoch 80/80 | Step 561500 | G: 2.1191 | D_A: 0.1239 | D_B: 0.0938 | Cycle: 0.7967
Epoch 80/80 | Step 561550 | G: 2.0639 | D_A: 0.1886 | D_B: 0.0449 | Cycle: 0.5334
Epoch 80/80 | Step 561600 | G: 2.3488 | D_A: 0.0899 | D_B: 0.0384 | Cycle: 0.8168
Epoch 80/80 | Step 561650 | G: 2.4981 | D_A: 0.0507 | D_B: 0.0397 | Cycle: 0.7278
Epoch 80/80 | Step 561700 | G: 2.0399 | D_A: 0.1225 | D_B: 0.0675 | Cycle: 0.6162
Epoch 80/80 | Step 561750 | G: 2.5139 | D_A: 0.2255 | D_B: 0.1337 | Cycle: 0.8776
Epoch 80/80 | Step 561800 | G: 2.2714 | D_A: 0.0499 | D_B: 0.1395 | Cycle: 0.5580
Epoch 80/80 | Step 561850 | G: 2.5666 | D_A: 0.0430 | D_B: 0.0411 | Cycle: 0.9013
Epoch 80/80 | Step 561900 | G: 2.7738 | D_A: 0.0637 | D_B: 0.0350 | Cycle: 0.8129
Epoch 80/80 | Step 561950 | G: 3.3298 | D_A: 0.0510 | D_B: 0.1256 | Cycle: 0.9074
Epoch 80/80 | Step 562000 | G: 2.0379 | D_A: 0.0739 | D_B: 0.1019 | Cycle: 0.6424
Epoch 80/80 | Step 562050 | G: 2.3652 | D_A: 0.1674 | D_B: 0.0494 | Cycle: 0.7642
Epoch 80/80 | Step 562100 | G: 1.8868 | D_A: 0.0566 | D_B: 0.0732 | Cycle: 0.6804
Epoch 80/80 | Step 562150 | G: 3.0774 | D_A: 0.0712 | D_B: 0.0622 | Cycle: 1.0377
Epoch 80/80 | Step 562200 | G: 2.6403 | D_A: 0.1282 | D_B: 0.0431 | Cycle: 0.8459
Epoch 80/80 | Step 562250 | G: 2.5758 | D_A: 0.0804 | D_B: 0.0326 | Cycle: 0.9464
Epoch 80/80 | Step 562300 | G: 2.5657 | D_A: 0.0420 | D_B: 0.0486 | Cycle: 0.7212
Epoch 80/80 | Step 562350 | G: 3.1102 | D_A: 0.0600 | D_B: 0.0572 | Cycle: 0.9017
Epoch 80/80 | Step 562400 | G: 2.3705 | D_A: 0.0807 | D_B: 0.0657 | Cycle: 0.6558
Epoch 80/80 | Step 562450 | G: 2.1815 | D_A: 0.0795 | D_B: 0.0500 | Cycle: 0.6587
Epoch 80/80 | Step 562500 | G: 2.2928 | D_A: 0.0595 | D_B: 0.0369 | Cycle: 0.8473
Epoch 80/80 | Step 562550 | G: 2.2532 | D_A: 0.0920 | D_B: 0.0807 | Cycle: 0.7182
Epoch 80/80 | Step 562600 | G: 2.5074 | D_A: 0.0449 | D_B: 0.0392 | Cycle: 0.9208
Epoch 80/80 | Step 562650 | G: 2.2608 | D_A: 0.1710 | D_B: 0.0411 | Cycle: 0.7189
Epoch 80/80 | Step 562700 | G: 1.9855 | D_A: 0.0403 | D_B: 0.2225 | Cycle: 0.5612
Epoch 80/80 | Step 562750 | G: 2.1849 | D_A: 0.1039 | D_B: 0.0694 | Cycle: 0.8473
Epoch 80/80 | Step 562800 | G: 2.4501 | D_A: 0.0674 | D_B: 0.0663 | Cycle: 0.8547
Epoch 80/80 | Step 562850 | G: 2.2426 | D_A: 0.0817 | D_B: 0.0948 | Cycle: 0.7858
Epoch 80/80 | Step 562900 | G: 2.2840 | D_A: 0.0695 | D_B: 0.0357 | Cycle: 0.6384
Epoch 80/80 | Step 562950 | G: 2.1299 | D_A: 0.2526 | D_B: 0.0621 | Cycle: 0.7069
Epoch 80/80 | Step 563000 | G: 1.7856 | D_A: 0.2131 | D_B: 0.1208 | Cycle: 0.5215
Epoch 80/80 complete | Time: 429s | Avg G: 2.4613 | Avg D: 0.0823
Saved checkpoint: /content/drive/MyDrive/DATA266_Lab1/task3_gan/shreya_akotiya/checkpoints/t3_shreya_unet_128_20261002_023102_epoch080.pt
============================================================
Training complete! Total time: 9.66 hours
