step,grad_norm_G,grad_norm_D_A,grad_norm_D_B,loss_G,loss_D_A,loss_D_B,loss_cycle
1,27.812862396240234,5.849603652954102,3.281261444091797,2.257112741470337,0.08159186691045761,0.044387973845005035,0.8256039917469025
2,41.95726776123047,3.891010284423828,4.46355676651001,2.4087648391723633,0.04681268706917763,0.07776214182376862,0.7463424503803253
3,41.402748107910156,4.734298229217529,2.649712324142456,2.5731863975524902,0.07560247927904129,0.045569516718387604,0.8108243644237518
4,27.606414794921875,10.615312576293945,5.456155300140381,2.3267741203308105,0.11966007202863693,0.07700417935848236,0.8201476633548737
5,40.657772064208984,6.598996162414551,7.392497539520264,2.573911666870117,0.056626930832862854,0.16803871095180511,0.8026485443115234
6,54.37149429321289,3.508462429046631,2.474721908569336,2.564756393432617,0.050810039043426514,0.03372534364461899,0.8179395794868469
7,36.16030502319336,5.938467025756836,4.866544723510742,2.33212947845459,0.061509519815444946,0.06809686869382858,0.7189959585666656
8,33.114418029785156,10.838868141174316,6.609500885009766,2.23583722114563,0.10516218841075897,0.14612193405628204,0.6291160583496094
9,35.097660064697266,2.7797915935516357,7.201739311218262,2.593268394470215,0.03689459338784218,0.0887860432267189,0.980422168970108
10,34.722042083740234,8.466010093688965,6.5517578125,2.3894333839416504,0.09149612486362457,0.1448902189731598,0.7555373907089233
11,36.571956634521484,5.464605331420898,8.329354286193848,2.2626559734344482,0.07114189863204956,0.0975620225071907,0.9410099387168884
12,37.050567626953125,5.936787128448486,4.823546409606934,2.3680381774902344,0.0555821917951107,0.06751014292240143,0.7172010540962219
13,29.266061782836914,7.3420562744140625,7.387787342071533,2.064642906188965,0.09038230776786804,0.1343066543340683,0.6544855535030365
14,40.66853713989258,4.353762626647949,2.7451484203338623,2.2805144786834717,0.062495697289705276,0.05103185027837753,0.6382194459438324
15,33.39704895019531,7.884932041168213,5.032321929931641,2.4105260372161865,0.09237203001976013,0.08260965347290039,0.824421226978302
16,48.256160736083984,5.595887660980225,3.9416167736053467,2.3979461193084717,0.04218554496765137,0.05958585441112518,0.6789368838071823
17,56.08009338378906,7.355881690979004,2.9415061473846436,2.6967265605926514,0.059155724942684174,0.037122100591659546,0.880876213312149
18,66.55604553222656,7.829962253570557,5.897125244140625,2.1898369789123535,0.10593684017658234,0.07716087996959686,0.6551337242126465
19,59.48802947998047,4.564050674438477,5.024363994598389,2.531304121017456,0.045693062245845795,0.05259418487548828,0.7716018557548523
20,38.48218536376953,12.470277786254883,5.406839847564697,2.5648696422576904,0.14189131557941437,0.07072865217924118,0.5950150191783905
21,24.49974250793457,5.273659706115723,3.165342092514038,2.625645399093628,0.0566796250641346,0.04189227893948555,0.9251005053520203
22,28.522716522216797,4.518739700317383,1.7990416288375854,2.855877161026001,0.06022310256958008,0.0415828600525856,0.8795360326766968
23,46.67179489135742,7.772150039672852,5.018998622894287,2.5333032608032227,0.10506422817707062,0.062384411692619324,0.9763142466545105
24,27.0445613861084,5.6288042068481445,6.471994876861572,2.5841357707977295,0.061860088258981705,0.08946438878774643,0.9753529727458954
25,32.637123107910156,9.622566223144531,3.096257209777832,2.7136051654815674,0.18015533685684204,0.0490029975771904,0.9875741004943848
26,52.95266342163086,12.209012031555176,3.376260757446289,2.8798270225524902,0.2232261598110199,0.05798764526844025,1.0111077427864075
27,31.51445770263672,7.877287864685059,7.1515045166015625,2.44342303276062,0.14588189125061035,0.07809696346521378,0.8540434837341309
28,23.151540756225586,7.698860168457031,1.970064401626587,3.0080788135528564,0.13315241038799286,0.043470270931720734,1.2261817455291748
29,31.939956665039062,8.074786186218262,2.155210494995117,2.5315699577331543,0.07331039756536484,0.03375933691859245,0.8108278512954712
30,32.4830436706543,4.260217189788818,5.488375663757324,2.124605894088745,0.06705627590417862,0.04069359973073006,0.6442733705043793
31,46.83218765258789,7.088824272155762,5.647985458374023,1.973790168762207,0.1163792833685875,0.11264568567276001,0.6153794825077057
32,25.544578552246094,6.180620193481445,3.9374797344207764,2.306645631790161,0.07940398156642914,0.05039433389902115,0.7233140766620636
33,53.061893463134766,7.064783573150635,1.5774738788604736,2.5165507793426514,0.06547314673662186,0.03133771941065788,0.7094005048274994
34,52.00986099243164,5.324626445770264,3.316237211227417,3.464362621307373,0.08329994231462479,0.053623318672180176,1.0303886234760284
35,44.8773307800293,6.270873546600342,4.0491743087768555,2.4687702655792236,0.04487328976392746,0.03840639814734459,0.7157894670963287
36,28.046781539916992,7.176065921783447,7.2779316902160645,2.6033995151519775,0.09925027191638947,0.07937697321176529,0.9797363877296448
37,50.41974639892578,6.5820136070251465,7.530385971069336,2.0185747146606445,0.10649102181196213,0.18172621726989746,0.6490920186042786
38,34.89176559448242,6.137837886810303,2.5160210132598877,3.601443290710449,0.055997803807258606,0.04702676832675934,1.1726229786872864
39,49.63746643066406,6.243722915649414,5.491161346435547,2.25097393989563,0.07246916741132736,0.11664524674415588,0.6926138401031494
40,57.03091049194336,4.55938196182251,3.1394150257110596,2.4808905124664307,0.03653261065483093,0.03655432164669037,0.7379266321659088
41,48.81593704223633,5.444891452789307,3.6746158599853516,2.3073348999023438,0.06324713677167892,0.043254267424345016,0.6295133531093597
42,30.519418716430664,2.0411324501037598,6.0381178855896,2.6377947330474854,0.03694523125886917,0.07946006953716278,0.9414187669754028
43,37.079341888427734,7.964237689971924,4.075601577758789,2.8650147914886475,0.06274114549160004,0.04474702849984169,0.9338149428367615
44,28.545433044433594,5.606517791748047,4.720437526702881,2.6052963733673096,0.09587465226650238,0.05607400834560394,0.9218042492866516
45,43.635032653808594,12.841837882995605,3.7928102016448975,2.562164545059204,0.09522294253110886,0.04040192440152168,0.6875236332416534
46,40.515655517578125,11.103632926940918,3.4063730239868164,2.5179946422576904,0.07547667622566223,0.035182733088731766,0.8889134526252747
47,34.4610481262207,6.730246543884277,1.8232755661010742,2.81103777885437,0.06254811584949493,0.039530426263809204,0.9286320209503174
48,87.40287780761719,3.9190635681152344,4.400920867919922,2.737637758255005,0.04795026034116745,0.07731232792139053,0.9694453477859497
49,57.76166534423828,3.804478406906128,2.9754414558410645,2.6824378967285156,0.03740794211626053,0.05322016403079033,0.8892040848731995
50,29.37194061279297,6.158099174499512,4.056239604949951,2.4004769325256348,0.09545107930898666,0.04024264216423035,0.8136973679065704
51,38.48237228393555,15.894895553588867,5.177587985992432,2.6629672050476074,0.20693838596343994,0.05645856261253357,0.7623062133789062
52,26.51529312133789,11.242238998413086,1.974094033241272,2.7188761234283447,0.07033073157072067,0.03439506143331528,0.7910787761211395
53,37.81307601928711,6.95143985748291,3.153106689453125,2.5219480991363525,0.1027970016002655,0.05717610567808151,0.729589581489563
54,47.43748092651367,7.943661689758301,5.607443809509277,2.5733449459075928,0.08758026361465454,0.05691338703036308,0.6294399797916412
55,45.040313720703125,7.836539268493652,4.331028938293457,2.6762659549713135,0.06736670434474945,0.05928843840956688,0.9804193377494812
56,34.0164909362793,7.790380001068115,5.376903533935547,2.195368528366089,0.051712434738874435,0.07446885108947754,0.7067922651767731
57,47.68000793457031,8.586594581604004,3.2083733081817627,2.4781484603881836,0.05753083527088165,0.029725808650255203,0.7956447601318359
58,36.27058792114258,6.75429630279541,3.353794813156128,2.3720829486846924,0.05970139801502228,0.03935248777270317,0.7724206745624542
59,32.399017333984375,6.756343364715576,5.769216537475586,2.8408315181732178,0.07594161480665207,0.06559503823518753,1.148970365524292
60,34.9490852355957,8.067712783813477,4.348188877105713,2.5524206161499023,0.10244423151016235,0.0655878558754921,0.6817141771316528
61,20.370275497436523,12.529295921325684,2.1939847469329834,2.3941261768341064,0.15251529216766357,0.04107094556093216,0.836620956659317
62,52.639705657958984,9.78447151184082,5.360065460205078,1.8827077150344849,0.08513198792934418,0.08930113166570663,0.6269821226596832
63,36.583045959472656,8.900115966796875,6.885977745056152,2.3408985137939453,0.06982139497995377,0.0915125161409378,0.7264244556427002
64,29.156269073486328,10.397772789001465,3.1484954357147217,2.493126630783081,0.14720775187015533,0.030274752527475357,0.6566735506057739
65,30.908252716064453,4.464575290679932,2.3925628662109375,1.7256098985671997,0.05504463613033295,0.03373738378286362,0.6050114631652832
66,32.8742561340332,5.368760108947754,3.546867609024048,2.1982944011688232,0.08547505736351013,0.03936213254928589,0.795551061630249
67,41.668548583984375,10.883992195129395,2.6911110877990723,2.576387882232666,0.07810831069946289,0.03766833245754242,0.9840219020843506
68,26.642356872558594,10.290727615356445,5.545145034790039,2.2774817943573,0.1335628628730774,0.11039082705974579,0.7839180529117584
69,52.36701202392578,8.904884338378906,5.504608631134033,3.140164613723755,0.18503901362419128,0.07019274681806564,0.9009086191654205
70,34.70542526245117,5.979683876037598,4.137173175811768,2.353276491165161,0.06918206810951233,0.05697653815150261,0.7611709833145142
71,32.512306213378906,9.401209831237793,2.932823419570923,2.403630495071411,0.17887654900550842,0.047919899225234985,0.819060206413269
72,23.263023376464844,11.063837051391602,4.817537784576416,2.264050006866455,0.14655226469039917,0.06827476620674133,0.8188029229640961
73,38.812381744384766,9.404983520507812,7.187588214874268,2.3249223232269287,0.06036578118801117,0.05182627588510513,0.716649204492569
74,47.15228271484375,7.4483160972595215,6.516909599304199,2.7555034160614014,0.12528015673160553,0.06822872906923294,0.8947174251079559
75,34.54615783691406,10.938678741455078,1.7714948654174805,2.1908066272735596,0.11026795208454132,0.025265876203775406,0.7199561297893524
76,35.09572219848633,8.421320915222168,4.524449348449707,2.4597883224487305,0.08414362370967865,0.06402897834777832,0.8115391433238983
77,41.802921295166016,9.212696075439453,2.5769975185394287,2.4885709285736084,0.08012381941080093,0.029705408960580826,0.8226466774940491
78,60.175968170166016,8.510449409484863,3.3069045543670654,3.190720558166504,0.07712357491254807,0.04114183783531189,0.9730010628700256
79,29.05221939086914,9.085166931152344,4.125166893005371,2.2716400623321533,0.12415972352027893,0.04178239777684212,0.758103221654892
80,45.26719284057617,6.97587251663208,1.9349801540374756,2.608900547027588,0.09256520867347717,0.03944012150168419,0.8469476699829102
81,53.002227783203125,11.962831497192383,5.751447677612305,2.5584921836853027,0.10845407843589783,0.057854101061820984,0.6880670785903931
82,38.597442626953125,13.698122024536133,2.6909995079040527,2.8777015209198,0.14867928624153137,0.04499848186969757,0.9358968734741211
83,26.75499153137207,8.479432106018066,2.155191421508789,2.639340877532959,0.1735820472240448,0.026748184114694595,0.9212519526481628
84,37.26627731323242,4.63032865524292,4.211807727813721,2.593395233154297,0.09397905319929123,0.08182340860366821,0.7579565644264221
85,38.969730377197266,11.380712509155273,6.054378032684326,2.24745512008667,0.12748724222183228,0.08567467331886292,0.6856070756912231
86,35.47272491455078,9.022469520568848,8.329468727111816,2.513831377029419,0.10578303784132004,0.1296711415052414,0.7859814465045929
87,35.27015686035156,4.984787464141846,6.713206768035889,2.669741630554199,0.046886079013347626,0.06638245284557343,0.8296945095062256
88,37.452903747558594,2.6011159420013428,3.3449084758758545,2.647059917449951,0.03915656730532646,0.0627216100692749,0.9929943084716797
89,40.12957763671875,5.8659210205078125,5.060548782348633,2.3076932430267334,0.041125793009996414,0.05718012526631355,0.8885512351989746
90,27.079349517822266,3.119023323059082,3.464292287826538,2.603503942489624,0.05350412428379059,0.049522124230861664,1.0696985125541687
91,28.41489028930664,7.5978617668151855,3.9001264572143555,2.237400531768799,0.11082780361175537,0.04042468219995499,0.7883038818836212
92,48.624359130859375,10.487337112426758,2.5121302604675293,2.3462648391723633,0.07491351664066315,0.06688479334115982,0.7697010338306427
93,27.701074600219727,5.662510871887207,2.2026944160461426,2.281090021133423,0.07968327403068542,0.03733949363231659,0.7645322680473328
94,44.25062561035156,19.8455810546875,2.423309326171875,2.6250197887420654,0.20984165370464325,0.044824205338954926,0.9521377682685852
95,39.83682632446289,4.6534423828125,2.5705971717834473,2.5388338565826416,0.07528945803642273,0.03785444423556328,0.8266938626766205
96,24.888460159301758,8.871574401855469,1.9691375494003296,2.2937467098236084,0.13055209815502167,0.032217059284448624,0.6962528228759766
97,35.4161262512207,5.104444980621338,3.5351884365081787,2.5081143379211426,0.08724242448806763,0.04038897156715393,1.0142016410827637
98,30.665355682373047,10.254070281982422,5.43731689453125,2.357205390930176,0.12831443548202515,0.048359859734773636,0.8633134961128235
99,37.508033752441406,10.245407104492188,11.905288696289062,2.708618402481079,0.0625443160533905,0.11159075051546097,0.8233004510402679
100,42.604095458984375,15.148140907287598,3.9517366886138916,2.5954813957214355,0.11532779783010483,0.05800227075815201,0.7659256458282471
101,36.90948486328125,3.8553614616394043,9.667733192443848,2.166151762008667,0.046202532947063446,0.13665199279785156,0.6646148562431335
102,57.717567443847656,7.260750770568848,4.055265426635742,2.43696928024292,0.07508621364831924,0.050942711532115936,0.7838076055049896
103,41.32487869262695,9.296710014343262,2.426156997680664,2.8602263927459717,0.07684986293315887,0.036192767322063446,0.9567965865135193
104,41.46154022216797,7.638611793518066,3.998322010040283,2.112931489944458,0.07848524302244186,0.05493507906794548,0.6638714671134949
105,53.11935806274414,5.610436916351318,4.325965881347656,2.3602070808410645,0.0712146908044815,0.0613502599298954,0.6691425144672394
106,38.18026351928711,15.489899635314941,1.6169816255569458,2.7714550495147705,0.20365329086780548,0.029895616695284843,0.823217362165451
107,26.29672622680664,7.001044750213623,7.043755531311035,2.3129005432128906,0.08084238320589066,0.0790228545665741,0.7476910948753357
108,42.38313293457031,6.068355083465576,4.203606128692627,2.187910795211792,0.07382199168205261,0.06637416779994965,0.5720895826816559
109,30.120025634765625,15.427820205688477,1.8261488676071167,2.462764263153076,0.08724525570869446,0.037935640662908554,0.9593632221221924
110,36.5757942199707,13.241832733154297,1.5332506895065308,2.5437867641448975,0.1452896147966385,0.026070185005664825,0.7582307457923889
111,37.09365463256836,5.68330192565918,5.909666538238525,2.167816638946533,0.10339589416980743,0.09782242774963379,0.7500019669532776
112,28.965702056884766,5.999879837036133,3.7044267654418945,2.7164418697357178,0.13707265257835388,0.054477378726005554,1.0264626741409302
113,32.496097564697266,5.050827980041504,3.18815279006958,2.5831258296966553,0.07656392455101013,0.051505282521247864,0.7678164839744568
114,34.45484161376953,10.742942810058594,10.767187118530273,2.4657886028289795,0.09294518828392029,0.09686309099197388,0.7516463696956635
115,30.07853126525879,7.213253498077393,4.901619911193848,2.451084613800049,0.06363119930028915,0.051362890750169754,0.8331657946109772
116,20.19524383544922,9.541272163391113,4.956617832183838,2.6218268871307373,0.13092365860939026,0.058346621692180634,0.9098687469959259
117,33.10032272338867,5.1895880699157715,8.771784782409668,1.9370189905166626,0.050616536289453506,0.07890453934669495,0.6418933570384979
118,22.413625717163086,7.568329811096191,4.903092861175537,1.9646145105361938,0.06284819543361664,0.11844466626644135,0.6800291538238525
119,33.567527770996094,3.6934149265289307,7.661876678466797,2.716549873352051,0.03248985856771469,0.07857946306467056,0.9734453558921814
120,29.18549156188965,8.52747631072998,7.986368656158447,2.183469533920288,0.083207868039608,0.10623764246702194,0.7090329825878143
121,66.60775756835938,4.341819763183594,3.398717164993286,2.470292568206787,0.03844273090362549,0.041051506996154785,0.913449227809906
122,34.04244613647461,5.464718341827393,2.8737339973449707,2.4654557704925537,0.049911145120859146,0.036167606711387634,0.7919581532478333
123,90.8705825805664,9.93686580657959,5.230078220367432,2.6452410221099854,0.07124407589435577,0.05817073956131935,0.7147179245948792
124,32.71931838989258,3.9691619873046875,5.600874423980713,2.4706287384033203,0.06538426876068115,0.09345907717943192,0.7857348918914795
125,61.218666076660156,3.8898212909698486,6.821657180786133,2.3125193119049072,0.05662893131375313,0.15199759602546692,0.7347515225410461
126,29.92838478088379,7.345677375793457,3.541644334793091,2.517294406890869,0.07673977315425873,0.03815509378910065,0.8268031477928162
127,24.393699645996094,11.537772178649902,3.715263843536377,2.5810725688934326,0.13734924793243408,0.03450547903776169,1.007512629032135
128,43.74418258666992,9.88933277130127,7.630025386810303,2.3694839477539062,0.09522433578968048,0.09809595346450806,0.7013173699378967
129,26.920915603637695,3.0852482318878174,8.024518966674805,2.558319091796875,0.03869003802537918,0.2302388995885849,0.7554158568382263
130,34.47488784790039,5.86710262298584,3.5453362464904785,2.2803826332092285,0.07158850878477097,0.04021651670336723,0.7436263859272003
131,51.41436767578125,11.181526184082031,3.3460772037506104,2.3562004566192627,0.11193758249282837,0.07260578870773315,0.5974927544593811
132,47.694190979003906,7.238532543182373,4.197834491729736,2.1749682426452637,0.07059870660305023,0.0435558557510376,0.6582166850566864
133,31.238658905029297,9.014997482299805,6.8041768074035645,2.3776838779449463,0.10703617334365845,0.09362250566482544,0.728561282157898
134,21.82636833190918,9.992684364318848,3.9420721530914307,2.873899221420288,0.1084681898355484,0.04801423102617264,1.1020774841308594
135,35.940189361572266,10.52735424041748,3.324388265609741,2.485151529312134,0.1148165911436081,0.042315445840358734,0.9643769264221191
136,45.10261917114258,7.090510845184326,2.3118932247161865,2.4049644470214844,0.04710476100444794,0.03910621255636215,0.6326647698879242
137,31.135936737060547,9.698850631713867,4.798911094665527,2.712498426437378,0.17567645013332367,0.053932830691337585,1.0364912748336792
138,41.003883361816406,10.451254844665527,7.280921459197998,2.797130584716797,0.11439161002635956,0.0853768140077591,0.8693168461322784
139,36.626625061035156,6.397120475769043,6.226779460906982,2.4507248401641846,0.060434211045503616,0.07963772863149643,0.783485621213913
140,32.553104400634766,5.391969203948975,6.672756671905518,2.590510845184326,0.06746659427881241,0.12928606569766998,0.7496030330657959
141,42.654823303222656,8.376006126403809,9.184597969055176,2.7018396854400635,0.10865329205989838,0.09686002135276794,0.8515198528766632
142,30.072280883789062,7.916740894317627,3.390554189682007,2.548107862472534,0.050329193472862244,0.037222400307655334,0.6467483639717102
143,49.560577392578125,8.52036190032959,5.153190612792969,2.3715155124664307,0.06003260239958763,0.07565833628177643,0.7019360363483429
144,30.90070343017578,5.112480640411377,6.008177757263184,2.0599420070648193,0.05740572512149811,0.07868781685829163,0.7307738959789276
145,41.74086380004883,7.007393836975098,4.79302453994751,2.5904340744018555,0.058898523449897766,0.04924926906824112,0.9742295742034912
146,31.46372413635254,5.279369831085205,10.518058776855469,2.303266763687134,0.07365107536315918,0.08542706817388535,0.7986262142658234
147,44.8151741027832,6.63511848449707,1.8541679382324219,2.2881336212158203,0.07718146592378616,0.030842922627925873,0.6440978348255157
148,51.98808670043945,13.329527854919434,2.3412728309631348,2.551631450653076,0.2677049934864044,0.03276703134179115,0.7808192372322083
149,38.34075164794922,15.551261901855469,6.084745407104492,3.009984016418457,0.12677370011806488,0.09579646587371826,0.9483343362808228
150,23.67270278930664,11.727265357971191,2.295041799545288,2.131652593612671,0.17430472373962402,0.03752324730157852,0.6944310665130615
151,31.225418090820312,4.916403770446777,2.589064836502075,2.3845560550689697,0.10445204377174377,0.04644510895013809,0.8902715742588043
152,50.49424743652344,6.301868438720703,3.5255918502807617,2.408952474594116,0.07118161767721176,0.05392014980316162,0.9779045879840851
153,42.63695526123047,10.88052749633789,4.316982269287109,2.5407419204711914,0.103871650993824,0.06256748735904694,0.7953024804592133
154,33.14558410644531,5.43034553527832,6.461183547973633,2.0849430561065674,0.05160663276910782,0.1633671671152115,0.5676172375679016
155,34.3162956237793,9.120383262634277,7.7818498611450195,2.2227189540863037,0.09005825966596603,0.1117742657661438,0.7895149290561676
156,31.01319122314453,7.9468817710876465,5.582921504974365,2.495323419570923,0.07885371148586273,0.06981773674488068,0.8193633258342743
157,105.9394760131836,8.115103721618652,7.232057094573975,2.552802562713623,0.07112991064786911,0.11240474879741669,0.775836706161499
158,27.9334659576416,8.647940635681152,6.359386920928955,2.006596088409424,0.05198856443166733,0.09036701917648315,0.668550431728363
159,44.21910095214844,9.829608917236328,5.39656925201416,2.400459051132202,0.09067593514919281,0.09774552285671234,0.6550432741641998
160,36.727657318115234,8.022452354431152,4.398462772369385,2.4136836528778076,0.1142524853348732,0.06161941587924957,0.7660945951938629
161,28.617252349853516,4.839527606964111,3.7190983295440674,2.364187002182007,0.05120549723505974,0.05827893316745758,0.7750750184059143
162,26.473526000976562,15.15962028503418,11.323751449584961,2.958418130874634,0.0697726234793663,0.12099480628967285,1.2363808751106262
163,31.365453720092773,17.856746673583984,5.85551643371582,1.808005690574646,0.1598982810974121,0.07875463366508484,0.6184843182563782
164,36.1387825012207,8.455581665039062,4.329777717590332,2.336547613143921,0.0556768998503685,0.05761069059371948,0.7412515878677368
165,33.74862289428711,13.135941505432129,2.7859644889831543,2.6809966564178467,0.28742462396621704,0.03447350859642029,0.9543681442737579
166,64.99830627441406,8.368252754211426,5.597080230712891,2.9890308380126953,0.062162257730960846,0.0631023645401001,0.9334002435207367
167,56.34499740600586,5.2775774002075195,3.4087486267089844,2.3326518535614014,0.09059368818998337,0.0460696741938591,0.6356448829174042
168,46.55500793457031,18.142208099365234,3.282805919647217,1.8834326267242432,0.19988149404525757,0.033602941781282425,0.567453533411026
169,37.68729019165039,10.069611549377441,4.653192520141602,2.056588888168335,0.11750039458274841,0.06579224020242691,0.8090365529060364
170,28.75687026977539,10.22069263458252,4.303096294403076,2.283210515975952,0.08918900787830353,0.05669010430574417,0.8259824216365814
171,40.68163299560547,6.506241798400879,1.819685697555542,2.7422802448272705,0.05021922290325165,0.03370201215147972,0.9598137438297272
172,34.30889129638672,17.492107391357422,5.630423545837402,2.430933952331543,0.1535443365573883,0.058718860149383545,0.7758577466011047
173,32.636131286621094,8.581506729125977,12.895707130432129,1.9073230028152466,0.12332969158887863,0.09539163112640381,0.7816570401191711
174,31.946393966674805,11.220430374145508,5.023414134979248,2.366050958633423,0.18259263038635254,0.06605631858110428,0.7283954620361328
175,39.6882209777832,16.75165557861328,2.0185353755950928,2.3667678833007812,0.09418198466300964,0.03146755322813988,0.6795888245105743
176,47.42969512939453,4.256528854370117,4.108728885650635,2.2562108039855957,0.04387454688549042,0.06305098533630371,0.6090196967124939
177,39.284183502197266,3.957303524017334,5.362295627593994,2.603020668029785,0.041599057614803314,0.0659579485654831,0.9414505064487457
178,41.02096939086914,4.933637619018555,7.318603992462158,2.326011896133423,0.06167967990040779,0.09397095441818237,0.7227470874786377
179,41.49469757080078,24.725357055664062,1.4554656744003296,2.8528337478637695,0.24876202642917633,0.03229067474603653,0.9923468232154846
180,26.99332046508789,5.165779113769531,5.829285144805908,3.0417399406433105,0.04577435553073883,0.07651298493146896,0.9981589317321777
181,29.832345962524414,5.384428024291992,4.304944038391113,2.813480854034424,0.058043528348207474,0.06991623342037201,0.9606456160545349
182,32.574180603027344,5.35022497177124,2.751171588897705,2.6682286262512207,0.08782018721103668,0.03618096187710762,0.9065428972244263
183,18.6070613861084,18.228225708007812,2.3165111541748047,3.4261088371276855,0.22025159001350403,0.042753368616104126,1.3725301027297974
184,44.248291015625,8.007948875427246,3.8163704872131348,2.620065450668335,0.09877714514732361,0.0515088215470314,0.8118515014648438
185,65.07576751708984,8.282414436340332,5.359378814697266,2.8090338706970215,0.0641380101442337,0.11837738752365112,0.9339770078659058
186,60.592132568359375,11.07286548614502,4.856664180755615,2.7462289333343506,0.08596839010715485,0.053278714418411255,1.1668861508369446
187,38.50654220581055,29.963024139404297,2.8856594562530518,2.31620192527771,0.2674298584461212,0.04414162412285805,0.8075056970119476
188,30.221729278564453,12.469133377075195,3.929482936859131,2.5318844318389893,0.14683662354946136,0.05036464333534241,0.7729445695877075
189,27.97425079345703,15.452712059020996,5.9813737869262695,2.2297170162200928,0.11308040469884872,0.07968665659427643,0.7951649725437164
190,63.17253875732422,4.296636581420898,5.699193000793457,2.3823606967926025,0.04703320935368538,0.08388063311576843,0.7895948886871338
191,28.509981155395508,6.819603443145752,2.3877551555633545,2.5289790630340576,0.11251915991306305,0.03011295571923256,0.8319833874702454
192,36.59443664550781,7.708425045013428,3.89640736579895,2.2548129558563232,0.06419278681278229,0.046968258917331696,0.6754773259162903
193,44.22710037231445,8.790543556213379,3.9983837604522705,2.908334970474243,0.07762180268764496,0.05476335063576698,0.8174805641174316
194,51.16206741333008,9.240153312683105,4.650425434112549,2.339088201522827,0.1617284119129181,0.06510679423809052,0.6150310337543488
195,28.58721160888672,8.606616973876953,3.573587417602539,2.6520824432373047,0.12724478542804718,0.053440287709236145,0.9306997656822205
196,55.9678840637207,9.749003410339355,6.011811256408691,2.1511857509613037,0.11839255690574646,0.1551593840122223,0.6987547278404236
197,41.874061584472656,3.7673065662384033,2.327486515045166,2.4454054832458496,0.040597815066576004,0.03761960566043854,0.7931669354438782
198,52.476768493652344,16.51795768737793,4.191866397857666,2.3209240436553955,0.08897245675325394,0.0434100478887558,0.8271172642707825
199,38.343753814697266,5.070760250091553,4.858415603637695,2.320375680923462,0.04548649862408638,0.08012722432613373,0.6186604797840118
200,38.267799377441406,9.893315315246582,3.112886905670166,2.3708767890930176,0.133964404463768,0.0345565564930439,0.8122320175170898
201,40.463111877441406,3.3180031776428223,7.830531120300293,2.5784788131713867,0.05804479867219925,0.1301264762878418,0.6914596855640411
202,70.31702423095703,5.229375839233398,5.747625827789307,2.4578468799591064,0.04180890694260597,0.07604502141475677,0.8412599414587021
203,28.18243980407715,9.339768409729004,3.4642608165740967,2.408775806427002,0.055730462074279785,0.043375708162784576,0.7535851001739502
204,46.94841384887695,12.579530715942383,1.7313342094421387,2.653907299041748,0.17794309556484222,0.03198152408003807,0.9450527429580688
205,50.078224182128906,9.121953964233398,5.729067802429199,3.0125515460968018,0.08819466829299927,0.07923255115747452,0.9026852250099182
206,49.633644104003906,10.25486946105957,3.963257074356079,2.6237475872039795,0.11700325459241867,0.06251589208841324,0.7630794048309326
207,31.892446517944336,3.582610845565796,3.008917808532715,3.350738048553467,0.09375087171792984,0.04094967246055603,1.2153374254703522
208,29.60765838623047,4.100807189941406,2.187061071395874,2.500040292739868,0.04770093411207199,0.04935326427221298,0.8067215085029602
209,47.55039978027344,3.237959623336792,4.6017351150512695,2.4133481979370117,0.030825749039649963,0.1188310906291008,0.6196979284286499
210,36.792320251464844,13.098328590393066,2.4259274005889893,2.3607864379882812,0.07009682059288025,0.03848488628864288,0.7443450689315796
211,26.842857360839844,6.243599891662598,4.810952186584473,2.531158208847046,0.09046569466590881,0.05672312155365944,0.9739396870136261
212,45.20492172241211,11.828153610229492,4.020169258117676,2.2337870597839355,0.12816503643989563,0.05318429321050644,0.718759149312973
213,36.8361701965332,2.466481924057007,5.005062103271484,2.5866382122039795,0.03403376415371895,0.06397179514169693,0.890346109867096
214,30.3143310546875,10.326931953430176,3.4076619148254395,2.634835720062256,0.11317866295576096,0.05407967418432236,0.8954620659351349
215,40.00638198852539,6.830549716949463,4.238155841827393,2.2833168506622314,0.06939773261547089,0.08374211192131042,0.711455911397934
216,52.28279495239258,5.364007472991943,10.941484451293945,2.9129228591918945,0.0425991453230381,0.14591529965400696,0.6925121545791626
217,39.54196548461914,1.9363731145858765,4.688439846038818,2.978152275085449,0.028989575803279877,0.05785709619522095,0.8447473347187042
218,32.251548767089844,9.490632057189941,4.979930877685547,2.3873422145843506,0.064974345266819,0.05013849586248398,0.6742351055145264
219,23.457275390625,5.8280181884765625,2.468397378921509,2.568263530731201,0.06015457212924957,0.03930717334151268,0.8217196464538574
220,42.065574645996094,5.070245742797852,2.347656488418579,2.789947986602783,0.0612206906080246,0.04592793807387352,1.0005548894405365
221,39.36289978027344,4.82561731338501,3.3012523651123047,2.5090060234069824,0.06882937997579575,0.03434934467077255,0.8200882971286774
222,55.409175872802734,8.051069259643555,6.30019474029541,2.244927406311035,0.06483747065067291,0.20474082231521606,0.5990549027919769
223,52.67938232421875,6.101476669311523,4.385639667510986,2.171360731124878,0.0566992461681366,0.03496694564819336,0.6308242380619049
224,46.32460021972656,13.742278099060059,1.4138790369033813,2.2116811275482178,0.16424651443958282,0.030590418726205826,0.5812670290470123
225,31.088293075561523,6.953544616699219,8.610025405883789,2.4923949241638184,0.054399676620960236,0.12114584445953369,0.8783552646636963
226,29.06182098388672,6.7937493324279785,2.8259506225585938,2.467176675796509,0.05215161293745041,0.04137364774942398,0.8962469696998596
227,50.84132385253906,12.951549530029297,3.7207624912261963,2.1176226139068604,0.0849304348230362,0.07281415164470673,0.6882809996604919
228,38.81520080566406,5.410856246948242,6.403664588928223,2.1182479858398438,0.06017713621258736,0.0963224396109581,0.5989253222942352
229,37.72824478149414,3.9993228912353516,2.0072643756866455,2.6895368099212646,0.047501057386398315,0.03519997373223305,0.7786040008068085
230,30.81339454650879,7.656022071838379,4.547788619995117,2.2709500789642334,0.05779751390218735,0.07181290537118912,0.7279725074768066
231,25.6135311126709,5.773470401763916,5.785646438598633,2.6492230892181396,0.09717926383018494,0.11603893339633942,0.8159874677658081
232,49.39252853393555,5.391402721405029,5.298115253448486,2.096135377883911,0.06308542191982269,0.15146635472774506,0.511298418045044
233,52.4566650390625,3.974501848220825,2.0624372959136963,3.0338692665100098,0.04052727296948433,0.03746943175792694,1.0071072578430176
234,40.73577880859375,5.498011112213135,3.6559832096099854,2.5542261600494385,0.07405765354633331,0.04231805354356766,0.8674203157424927
235,29.183080673217773,13.839703559875488,3.635794162750244,2.5076332092285156,0.15105882287025452,0.056687578558921814,0.8365504145622253
236,40.324501037597656,16.064722061157227,8.131982803344727,2.6289844512939453,0.15994256734848022,0.06393755972385406,0.8817577064037323
237,34.12904357910156,10.828344345092773,6.177675724029541,2.3659348487854004,0.1143123060464859,0.09155285358428955,0.8051982223987579
238,35.87485885620117,6.851306915283203,3.682060480117798,2.6755454540252686,0.0601208359003067,0.06946888566017151,0.8151290416717529
239,50.37028884887695,5.6775689125061035,5.094165325164795,2.439002513885498,0.04957249015569687,0.04340818151831627,0.8206237852573395
240,45.10304260253906,5.979012966156006,3.9197962284088135,2.1293952465057373,0.06676933169364929,0.04212721809744835,0.7027486860752106
241,27.156986236572266,5.786025047302246,3.006049394607544,2.6599249839782715,0.11217223852872849,0.0426248237490654,1.0123163163661957
242,39.445228576660156,10.882607460021973,6.791797637939453,2.3740835189819336,0.07486338168382645,0.11759089678525925,0.6558459997177124
243,27.198484420776367,7.370217323303223,4.780883312225342,2.4011759757995605,0.1287408471107483,0.048439666628837585,0.8484093248844147
244,26.454614639282227,4.786431789398193,7.92025089263916,2.5581908226013184,0.07464324682950974,0.09875550121068954,0.7549470067024231
245,28.33346939086914,3.533050298690796,8.21653938293457,2.5901970863342285,0.060592494904994965,0.0867001861333847,0.8178321719169617
246,29.31888771057129,5.826748847961426,5.47268533706665,2.179290533065796,0.05050738900899887,0.14539951086044312,0.7385061085224152
247,46.68125915527344,7.039259433746338,5.802820682525635,2.367337465286255,0.14129188656806946,0.0944819524884224,0.6224481463432312
248,29.59330177307129,5.963252544403076,5.271188259124756,2.3459935188293457,0.12290679663419724,0.042537838220596313,0.7971603870391846
249,50.86717224121094,15.668910026550293,4.573370933532715,1.8671880960464478,0.25817880034446716,0.09115928411483765,0.5308095514774323
250,64.48417663574219,14.952377319335938,2.737863540649414,2.2689075469970703,0.13920922577381134,0.038205672055482864,0.6196582019329071
251,38.85239028930664,11.783950805664062,4.571961402893066,2.1297993659973145,0.07729682326316833,0.09210020303726196,0.7097133696079254
252,68.4679946899414,8.128945350646973,4.156056880950928,2.490493059158325,0.0946999043226242,0.04037591442465782,0.7804938852787018
253,69.59187316894531,10.97513484954834,5.466751575469971,2.6741724014282227,0.1372259259223938,0.06227455660700798,0.8677076697349548
254,36.01117706298828,6.226591110229492,6.440056324005127,1.7074332237243652,0.07245786488056183,0.13643214106559753,0.584783524274826
255,32.99014663696289,9.22872257232666,5.786379814147949,2.476883888244629,0.05702860280871391,0.04429573565721512,0.8225854635238647
256,32.06824493408203,13.733220100402832,7.30791711807251,1.7730915546417236,0.10282154381275177,0.2331043928861618,0.5202128887176514
257,24.401613235473633,5.668713092803955,3.8176376819610596,2.540060520172119,0.052850570529699326,0.04541507363319397,0.7744671702384949
258,28.640819549560547,7.861850738525391,3.519979238510132,2.0086166858673096,0.09402067214250565,0.05823003500699997,0.6275656819343567
259,37.28495407104492,7.826467037200928,3.784684181213379,2.1982147693634033,0.05249876528978348,0.0603901632130146,0.7689432203769684
260,29.58057975769043,4.253360748291016,2.8374030590057373,2.396085023880005,0.04312971979379654,0.044417813420295715,0.6414237320423126
261,18.12442398071289,10.855298042297363,5.731032371520996,1.853971242904663,0.09135356545448303,0.08890604972839355,0.687698245048523
262,46.33702087402344,9.747904777526855,4.965961933135986,2.0578067302703857,0.056872572749853134,0.0515202172100544,0.6820656955242157
263,32.643619537353516,14.85782527923584,7.921658992767334,2.2865076065063477,0.13228186964988708,0.2079455703496933,0.6974895000457764
264,31.3391056060791,10.844734191894531,4.113256931304932,2.0101141929626465,0.10279674082994461,0.06909873336553574,0.7698698043823242
265,49.303977966308594,8.35621166229248,2.642519950866699,2.378983974456787,0.11060371994972229,0.04065803810954094,0.6408236622810364
266,30.872926712036133,9.770742416381836,4.687135219573975,1.816599726676941,0.14138096570968628,0.05496886372566223,0.6916250884532928
267,33.52121353149414,11.591407775878906,3.0706517696380615,2.045240640640259,0.22889956831932068,0.05088725686073303,0.7158667147159576
268,28.015777587890625,4.811654567718506,2.61207914352417,2.6625254154205322,0.05791701748967171,0.03858684003353119,0.9529213607311249
269,52.139102935791016,5.800619602203369,6.912107944488525,2.576838254928589,0.055231448262929916,0.09691379964351654,0.9732494950294495
270,39.48084259033203,3.880969524383545,8.06402587890625,2.225167989730835,0.03237764537334442,0.21619413793087006,0.6443525552749634
271,44.27341842651367,4.286392688751221,3.7505438327789307,2.1043691635131836,0.058299750089645386,0.047701843082904816,0.581156998872757
272,37.88655090332031,10.180444717407227,5.141363620758057,2.309523105621338,0.10826684534549713,0.06347157806158066,0.8726463615894318
273,30.541107177734375,3.754197359085083,6.343860149383545,1.7144485712051392,0.062930628657341,0.20787563920021057,0.5710514187812805
274,33.600189208984375,5.900992393493652,5.786726474761963,2.3258821964263916,0.06395024061203003,0.08688269555568695,0.6495296359062195
275,29.275146484375,4.828555583953857,5.557465076446533,3.1428256034851074,0.06257505714893341,0.059899117797613144,0.9383855164051056
276,52.2994270324707,4.056293964385986,3.2405636310577393,2.464322566986084,0.04150564968585968,0.04037648066878319,0.7428119480609894
277,34.46026611328125,12.540080070495605,7.119444370269775,2.3667151927948,0.14540362358093262,0.05632521212100983,0.6917932331562042
278,27.453792572021484,6.096756458282471,1.8761816024780273,2.3156847953796387,0.07210593670606613,0.028729407116770744,0.7204430103302002
279,29.958471298217773,4.113289833068848,4.086208343505859,2.738023042678833,0.06018432602286339,0.045685119926929474,1.1323210000991821
280,39.919185638427734,4.234287738800049,3.9097931385040283,2.3221893310546875,0.049878157675266266,0.046575628221035004,0.7788589596748352
281,27.357681274414062,17.310382843017578,10.024112701416016,1.915193796157837,0.12928920984268188,0.18104290962219238,0.5925158560276031
282,38.432342529296875,5.922428607940674,4.547791957855225,2.1200742721557617,0.08682028949260712,0.06456661224365234,0.6085174381732941
283,57.59050369262695,10.082361221313477,2.6572391986846924,2.267895221710205,0.07270800322294235,0.030050020664930344,0.728296160697937
284,43.67044448852539,5.069690227508545,5.227471351623535,2.474851608276367,0.040596865117549896,0.07312656193971634,0.8019996881484985
285,29.843042373657227,11.647905349731445,4.790109634399414,2.227294921875,0.1784207820892334,0.06384022533893585,0.622524619102478
286,37.74394989013672,6.404699325561523,1.6979398727416992,2.5208117961883545,0.0882953479886055,0.02978593483567238,0.8533641695976257
287,28.547151565551758,3.8877577781677246,10.846510887145996,2.3680057525634766,0.054751381278038025,0.08820232003927231,0.7652134597301483
288,35.44751739501953,5.932292938232422,8.234130859375,2.3271167278289795,0.06360232084989548,0.180836483836174,0.6717503070831299
289,27.435575485229492,11.179247856140137,3.221810817718506,2.288334369659424,0.0794769823551178,0.05018620565533638,0.9555022418498993
290,29.54263687133789,8.372958183288574,6.779819965362549,2.3864331245422363,0.12959182262420654,0.061341553926467896,0.8761857748031616
291,60.417354583740234,4.565016746520996,9.919681549072266,2.162585735321045,0.057987064123153687,0.1398247629404068,0.9255310893058777
292,59.37588882446289,5.712506294250488,4.9322614669799805,2.273925542831421,0.053900059312582016,0.0543295294046402,0.6133083999156952
293,25.7285099029541,7.185543060302734,4.3153276443481445,2.3898067474365234,0.11159814894199371,0.1094774529337883,0.8689906299114227
294,39.628787994384766,6.9258317947387695,2.170621633529663,2.4016568660736084,0.07696247100830078,0.03588756546378136,0.8396952152252197
295,39.445369720458984,5.708782196044922,3.208786964416504,2.53583025932312,0.03884890675544739,0.05275719612836838,0.7992361485958099
296,34.32942199707031,4.731271266937256,4.4394917488098145,2.2912962436676025,0.06420151889324188,0.06004388630390167,0.665170282125473
297,32.63740539550781,10.683097839355469,4.820446491241455,2.1319785118103027,0.11972694098949432,0.046082306653261185,0.772918313741684
298,31.527935028076172,4.337896347045898,6.029176712036133,2.175241708755493,0.05489024147391319,0.07932566106319427,0.7322963774204254
299,28.171520233154297,8.430099487304688,4.3313679695129395,2.433932065963745,0.18966999650001526,0.05692766606807709,0.8656384348869324
300,35.29971694946289,4.746844291687012,2.28727388381958,2.6384294033050537,0.05008190497756004,0.032108597457408905,0.7494593560695648
301,25.460037231445312,7.034224987030029,6.641656398773193,2.1259422302246094,0.1262723207473755,0.10719212889671326,0.6842653155326843
302,51.47623062133789,5.042489528656006,3.9475622177124023,2.7534146308898926,0.05602377653121948,0.05046309530735016,0.9292307496070862
303,47.245731353759766,6.0160017013549805,1.5889238119125366,2.492093086242676,0.06635994464159012,0.03150445967912674,0.8629958629608154
304,33.877445220947266,6.327634811401367,5.226545333862305,2.161958932876587,0.08410495519638062,0.06390579044818878,0.8093165755271912
305,49.23921203613281,2.861476182937622,9.958457946777344,2.428239583969116,0.04388920217752457,0.16648311913013458,0.6558390855789185
306,34.86725997924805,11.076641082763672,7.025753021240234,2.5358469486236572,0.11056382954120636,0.06906741857528687,0.6819391250610352
307,29.259647369384766,11.884053230285645,8.230175971984863,2.4927284717559814,0.246074840426445,0.1489100456237793,0.7909883558750153
308,36.57698440551758,7.149977207183838,6.725189685821533,2.161316394805908,0.06478796154260635,0.16142408549785614,0.633003830909729
309,25.15542984008789,8.153934478759766,5.599775791168213,2.2601876258850098,0.11340194940567017,0.07382234930992126,0.6653245389461517
310,60.294769287109375,5.319673538208008,3.897341012954712,2.23732328414917,0.08178968727588654,0.06947889924049377,0.7787722945213318
311,24.776809692382812,6.606817245483398,3.261307716369629,2.7895514965057373,0.12045792490243912,0.05079037696123123,1.026206225156784
312,39.1505241394043,8.478395462036133,4.269759178161621,2.5336055755615234,0.10692533850669861,0.04301432520151138,0.8893218040466309
313,23.2922420501709,4.855600833892822,4.432602882385254,2.0009102821350098,0.09942197054624557,0.055413320660591125,0.6644079387187958
314,27.847776412963867,7.658527851104736,2.847031831741333,2.274012565612793,0.0530887134373188,0.04693380743265152,0.7614510655403137
315,33.67118835449219,3.978712797164917,4.291116237640381,2.618579864501953,0.048687729984521866,0.06542239338159561,1.2678670287132263
316,26.41048240661621,10.829156875610352,2.9263949394226074,1.8410117626190186,0.1784418672323227,0.04370170831680298,0.6673858463764191
317,40.785274505615234,5.5244011878967285,5.060400485992432,2.775859832763672,0.057105399668216705,0.07100153714418411,0.7021315097808838
318,32.91122817993164,12.450667381286621,6.161518573760986,2.4407804012298584,0.18686732649803162,0.07559189200401306,0.7701566517353058
319,29.40882682800293,10.554709434509277,2.133850336074829,2.2571518421173096,0.14059419929981232,0.035418551415205,0.719507485628128
320,56.84302520751953,5.090911388397217,3.9709179401397705,2.5626683235168457,0.05350104346871376,0.04071252420544624,0.7611451745033264
321,28.112058639526367,3.475170373916626,8.460519790649414,2.4429986476898193,0.05827050656080246,0.07284882664680481,0.8286556303501129
322,41.58134078979492,11.475565910339355,3.7167623043060303,3.139291763305664,0.1066213920712471,0.04263673350214958,0.994188129901886
323,43.42776870727539,4.1345295906066895,1.766514539718628,3.2341368198394775,0.040139444172382355,0.030491918325424194,0.9411822855472565
324,42.45835876464844,11.072606086730957,4.949435710906982,2.6927855014801025,0.1972019374370575,0.0819629654288292,0.8938694000244141
325,35.03337097167969,5.171359062194824,7.85634708404541,2.236131191253662,0.07098177075386047,0.12730133533477783,0.5644601881504059
326,39.688690185546875,6.675362586975098,2.150306463241577,2.254899024963379,0.09066343307495117,0.036642614752054214,0.7173566520214081
327,40.425025939941406,7.695844650268555,5.8694539070129395,2.4529154300689697,0.09897768497467041,0.06036228686571121,0.7646191716194153
328,29.45519256591797,4.679396629333496,4.403274059295654,2.8114662170410156,0.06562868505716324,0.07228155434131622,0.7856765687465668
329,24.5844669342041,9.214756965637207,8.887195587158203,2.147139310836792,0.11790028214454651,0.0939495861530304,0.7201490998268127
330,58.554012298583984,14.695637702941895,5.678219318389893,2.170604705810547,0.07684014737606049,0.06874743849039078,0.6362217962741852
331,24.60215950012207,3.6643428802490234,2.5797958374023438,2.799583673477173,0.054292768239974976,0.03743662312626839,0.9925074577331543
332,53.75871658325195,4.285558223724365,8.604735374450684,2.3312041759490967,0.046638742089271545,0.1223348081111908,0.779980480670929
333,43.377925872802734,2.4057252407073975,4.352613925933838,2.8400609493255615,0.044128723442554474,0.033508315682411194,1.0081518292427063
334,24.388240814208984,12.899407386779785,5.971807956695557,2.886662483215332,0.13455519080162048,0.08395175635814667,1.1278720498085022
335,35.85470199584961,12.07487964630127,4.334985256195068,2.5705437660217285,0.13014402985572815,0.04274192452430725,0.9544391334056854
336,35.146759033203125,7.292527198791504,6.5668511390686035,2.348979949951172,0.0939134955406189,0.07417299598455429,0.8360697031021118
337,34.11100769042969,6.919217109680176,7.840318202972412,2.019577741622925,0.1323021948337555,0.12621818482875824,0.6934382617473602
338,38.42270278930664,11.796199798583984,6.442709445953369,2.130068063735962,0.22559146583080292,0.0759025290608406,0.638719767332077
339,49.39090347290039,4.972152233123779,4.725287437438965,2.8157618045806885,0.0376691073179245,0.056971292942762375,0.8791832029819489
340,67.6810531616211,4.371642589569092,3.4882333278656006,2.627115249633789,0.04590217396616936,0.0364316925406456,0.8456041514873505
341,35.337337493896484,14.217836380004883,4.779617786407471,2.3259644508361816,0.17034754157066345,0.03976675122976303,0.7896942496299744
342,32.97611999511719,6.355205535888672,4.113481521606445,2.7543351650238037,0.06567506492137909,0.041187722235918045,0.8467488288879395
343,69.04901885986328,14.412186622619629,3.5076303482055664,2.3157589435577393,0.19719775021076202,0.03970895707607269,0.7658888101577759
344,60.499969482421875,11.064384460449219,3.742208480834961,2.1553618907928467,0.09378202259540558,0.0644623413681984,0.6439756751060486
345,41.16102981567383,7.508445739746094,2.0010268688201904,2.8125431537628174,0.06741302460432053,0.030621785670518875,0.9653477072715759
346,25.804582595825195,9.357175827026367,7.3931169509887695,1.902565836906433,0.15938951075077057,0.10544577240943909,0.6963459253311157
347,36.8740234375,14.005918502807617,2.837956428527832,2.2811219692230225,0.17493051290512085,0.050618987530469894,0.6846436858177185
348,38.90761947631836,11.086116790771484,3.8298370838165283,2.681191921234131,0.09362852573394775,0.053737007081508636,0.952904462814331
349,52.06840896606445,5.27044153213501,6.414205551147461,1.9287192821502686,0.0974247008562088,0.14033254981040955,0.6436658501625061
350,57.94450378417969,2.6398210525512695,5.601932525634766,2.870828151702881,0.04372341185808182,0.10422973334789276,1.005441814661026
351,37.16386795043945,10.697639465332031,4.350565433502197,2.446775436401367,0.14678189158439636,0.09359782189130783,0.8688411116600037
352,28.40555191040039,5.784433364868164,1.966143250465393,2.1568336486816406,0.08558677136898041,0.029431629925966263,0.7054301798343658
353,42.30259323120117,14.42060661315918,1.8417760133743286,2.608616828918457,0.11993472278118134,0.030695918947458267,0.84495410323143
354,37.73024368286133,12.213241577148438,3.9845826625823975,2.0035691261291504,0.06597469747066498,0.037296801805496216,0.6853070855140686
355,39.95416259765625,10.250116348266602,2.731816530227661,2.5223209857940674,0.1276630163192749,0.04193390533328056,0.8281034529209137
356,21.070825576782227,15.49028491973877,4.044944763183594,2.4634275436401367,0.30253270268440247,0.04531129077076912,0.7956736087799072
357,48.362213134765625,7.698802947998047,9.951225280761719,2.4299156665802,0.06995336711406708,0.07423971593379974,0.6939230561256409
358,31.56308364868164,4.303203582763672,5.491495609283447,2.2034497261047363,0.06807412207126617,0.07811480015516281,0.7364425957202911
359,42.67792892456055,7.015751361846924,9.810830116271973,2.1413519382476807,0.0590142160654068,0.09769043326377869,0.8462244272232056
360,31.196020126342773,8.270898818969727,4.965237617492676,2.3397319316864014,0.09323962032794952,0.08233566582202911,0.6815298795700073
361,33.50015640258789,6.126232624053955,7.596467971801758,1.8286206722259521,0.06335952877998352,0.1839945763349533,0.6244603991508484
362,25.968080520629883,9.450970649719238,4.078551769256592,2.179293155670166,0.057410094887018204,0.059918828308582306,0.6430468559265137
363,34.6546630859375,11.727470397949219,5.540989875793457,2.480158567428589,0.1943107545375824,0.04501715674996376,0.7727357745170593
364,28.423038482666016,11.648551940917969,2.9199025630950928,2.208958387374878,0.1679416000843048,0.05583477392792702,0.6890839040279388
365,24.241640090942383,5.462324619293213,5.349932670593262,2.65645694732666,0.06347120553255081,0.05901388078927994,0.8988576531410217
366,28.755056381225586,5.4992876052856445,2.765639543533325,2.9725019931793213,0.08100628107786179,0.0414920300245285,1.123352289199829
367,39.15568923950195,7.415566444396973,4.8597588539123535,2.583279609680176,0.08568045496940613,0.09189487993717194,0.8333747982978821
368,36.594337463378906,5.984263896942139,5.353068828582764,2.1722214221954346,0.0662158951163292,0.06519479304552078,0.7714143991470337
369,36.20479965209961,4.980318069458008,5.560604095458984,2.746778726577759,0.0675191581249237,0.07383434474468231,0.7949870824813843
370,38.546478271484375,7.6176228523254395,8.786384582519531,2.9130632877349854,0.06361577659845352,0.17743782699108124,0.9091548919677734
371,37.041263580322266,4.865767955780029,3.5249321460723877,2.372762441635132,0.046446871012449265,0.039049625396728516,0.8041282594203949
372,51.69672393798828,4.707176208496094,3.7001144886016846,2.252476215362549,0.04552586376667023,0.0354105643928051,0.8848447203636169
373,35.37774658203125,5.840994834899902,5.008386611938477,2.5626649856567383,0.10710330307483673,0.04919792711734772,0.8185188174247742
374,29.643545150756836,5.913730621337891,2.415170192718506,2.406806468963623,0.09983780235052109,0.041186701506376266,0.944499671459198
375,25.40866470336914,5.758150577545166,3.0407965183258057,2.186906099319458,0.0515853688120842,0.04763208329677582,0.6653932332992554
376,33.445030212402344,3.933283805847168,4.925144195556641,2.4713540077209473,0.03965015709400177,0.06224091351032257,0.7041355967521667
377,55.41376495361328,4.863229274749756,5.143653392791748,2.574003219604492,0.05994875356554985,0.05452272295951843,0.7826992869377136
378,38.781009674072266,7.923055171966553,5.913540840148926,2.679597854614258,0.09369318187236786,0.10718633979558945,0.7923095524311066
379,41.381996154785156,6.509504795074463,4.848808765411377,2.3082051277160645,0.05699729919433594,0.07518322765827179,0.7042266130447388
380,35.83771896362305,10.868207931518555,6.917758464813232,2.151916980743408,0.07675575464963913,0.10449805110692978,0.6838563680648804
381,28.95346450805664,9.00155258178711,2.18084454536438,2.4607417583465576,0.1405789703130722,0.03268168494105339,0.8286597728729248
382,20.0439395904541,6.547158718109131,9.284093856811523,2.1696853637695312,0.055960558354854584,0.13103312253952026,0.6709024310112
383,39.61841583251953,9.263879776000977,4.1216139793396,2.6583800315856934,0.133113294839859,0.05128460377454758,0.9968494474887848
384,53.15782928466797,11.065457344055176,7.195349216461182,2.8568525314331055,0.09574347734451294,0.07564014196395874,1.053223729133606
385,23.603225708007812,11.67913818359375,3.961773633956909,2.32912540435791,0.1877347230911255,0.0581999197602272,0.70127734541893
386,36.37663269042969,8.652034759521484,7.635805606842041,2.608100414276123,0.09727136045694351,0.07075577229261398,0.9847755432128906
387,40.07977294921875,4.88582181930542,3.5615179538726807,2.30436110496521,0.08032311499118805,0.06121726706624031,0.7370036542415619
388,26.260984420776367,7.795383453369141,3.222787618637085,2.5265183448791504,0.09367921948432922,0.04139825329184532,0.7553899586200714
389,31.420696258544922,9.646830558776855,8.533614158630371,2.9426252841949463,0.07719244807958603,0.12010770291090012,0.8375612497329712
390,41.5147590637207,7.02822208404541,6.092985153198242,2.654174327850342,0.06931906938552856,0.05715354532003403,0.8058032691478729
391,54.727195739746094,5.516984939575195,7.850856781005859,2.1552913188934326,0.0784432590007782,0.14109964668750763,0.6838708519935608
392,32.56770706176758,6.667590141296387,6.197286605834961,2.5069756507873535,0.06687384098768234,0.07169745862483978,0.86280956864357
393,32.43720245361328,5.497015953063965,3.4898767471313477,2.12272310256958,0.09015406668186188,0.07497376948595047,0.8200652003288269
394,36.81551742553711,5.757219314575195,5.305288314819336,2.1979355812072754,0.06533369421958923,0.08291587233543396,0.7475499510765076
395,21.913162231445312,4.250316143035889,2.511586904525757,2.82297945022583,0.14915673434734344,0.04936237260699272,1.142812430858612
396,38.54650115966797,8.632023811340332,3.1825382709503174,2.348729372024536,0.11412608623504639,0.057796478271484375,0.7931422591209412
397,38.02153396606445,13.464649200439453,1.6034053564071655,2.4845705032348633,0.13856548070907593,0.027145110070705414,0.6506376266479492
398,40.11408615112305,5.503770351409912,3.0918712615966797,2.1862690448760986,0.0659201517701149,0.058747757226228714,0.7433800399303436
399,31.923330307006836,13.11607837677002,4.528177261352539,2.1295218467712402,0.08083628118038177,0.06055736914277077,0.6481883525848389
400,29.129106521606445,6.658377170562744,6.133700847625732,2.168322801589966,0.059541236609220505,0.19166505336761475,0.6438758671283722
401,38.493019104003906,6.806339263916016,2.6824753284454346,1.6824216842651367,0.07941008359193802,0.0317750945687294,0.6227527260780334
402,28.937915802001953,3.3002843856811523,5.233021259307861,2.4084181785583496,0.0367792472243309,0.05579058825969696,0.7532517611980438
403,56.204341888427734,17.423307418823242,1.8004196882247925,2.4164786338806152,0.17756256461143494,0.025684688240289688,0.7593346238136292
404,32.134620666503906,15.46719741821289,7.01944637298584,2.4883453845977783,0.18969592452049255,0.09360674768686295,0.698654443025589
405,24.07931137084961,5.830681800842285,2.795079231262207,2.992502450942993,0.07026295363903046,0.0546504482626915,1.1044915318489075
406,42.22597885131836,9.096220970153809,6.164469242095947,2.258237838745117,0.07818581163883209,0.10496227443218231,0.7116342186927795
407,38.025543212890625,6.349348545074463,2.4236507415771484,2.7669126987457275,0.07708073407411575,0.028121978044509888,0.8056577444076538
408,48.78772735595703,4.906503200531006,4.7018303871154785,2.7006161212921143,0.06327590346336365,0.0802779346704483,0.9336524903774261
409,33.80524444580078,5.738004684448242,2.595581531524658,2.6846790313720703,0.04287361353635788,0.03927846625447273,0.8772021234035492
410,33.32099914550781,4.22834587097168,2.9657063484191895,2.556006908416748,0.04077364504337311,0.04970688372850418,0.7822459042072296
411,29.939653396606445,6.643017292022705,3.9679324626922607,2.757672071456909,0.09053981304168701,0.052403293550014496,0.9123797118663788
412,25.363298416137695,8.663958549499512,8.580720901489258,3.2917773723602295,0.11281132698059082,0.08327032625675201,1.3465808033943176
413,34.64420700073242,7.844067573547363,4.860247611999512,3.2113678455352783,0.1400761753320694,0.07580510526895523,1.227753460407257
414,42.28474426269531,9.313755989074707,7.9356231689453125,2.378833293914795,0.08291087299585342,0.09141725301742554,0.7077188491821289
415,35.95772933959961,5.865426063537598,6.178288459777832,2.3459458351135254,0.08452074974775314,0.07008614391088486,0.7513469159603119
416,32.79422378540039,15.340913772583008,6.011930465698242,2.1305339336395264,0.1543966382741928,0.0595364049077034,0.7939619719982147
417,22.77014923095703,8.341458320617676,2.2922449111938477,2.9013195037841797,0.08998386561870575,0.04057570546865463,1.0214772820472717
418,33.8197135925293,7.520247459411621,4.033351898193359,2.2370123863220215,0.06978769600391388,0.07495664060115814,0.8026955425739288
419,35.651493072509766,7.101428508758545,7.833680629730225,2.356652021408081,0.08451159298419952,0.08941297233104706,0.7305996716022491
420,34.400596618652344,10.90355110168457,6.518970966339111,2.2033252716064453,0.19231578707695007,0.09960426390171051,0.6117309033870697
421,44.59678649902344,4.998380661010742,5.360968112945557,2.1640617847442627,0.05669858306646347,0.04955895245075226,0.7071053981781006
422,32.53539276123047,7.216189861297607,7.498105525970459,1.7373521327972412,0.051209934055805206,0.07611174136400223,0.6212652325630188
423,32.67586898803711,7.223641872406006,5.81858491897583,2.8437414169311523,0.08975057303905487,0.08311482518911362,1.0503378510475159
424,51.77821731567383,3.446106433868408,7.932676792144775,2.5980477333068848,0.04690142720937729,0.19352997839450836,0.9200960099697113
425,43.54328918457031,8.919198036193848,4.04677152633667,2.7275266647338867,0.07888738065958023,0.050883207470178604,0.7438130378723145
426,39.727378845214844,3.8423612117767334,6.137759685516357,2.3085646629333496,0.06575838476419449,0.09643741697072983,0.6259753406047821
427,38.388492584228516,4.471624374389648,7.083681106567383,2.419003486633301,0.05784981697797775,0.13377287983894348,0.7621104419231415
428,31.805015563964844,10.294645309448242,2.5111775398254395,2.271465301513672,0.048687003552913666,0.05641864240169525,0.7532400488853455
429,26.890657424926758,9.139540672302246,2.5338828563690186,2.2834033966064453,0.11783776432275772,0.035725124180316925,0.754023015499115
430,28.972257614135742,7.639076232910156,4.930689334869385,2.1883699893951416,0.07123430073261261,0.07898509502410889,0.6260271668434143
431,20.529909133911133,9.93226432800293,2.375056266784668,2.6503095626831055,0.14751526713371277,0.044465068727731705,1.0181715488433838
432,44.63570785522461,7.781583309173584,5.730215072631836,2.4271483421325684,0.05243437737226486,0.04724302887916565,0.730626255273819
433,31.19182586669922,6.1954665184021,6.096816062927246,2.0559520721435547,0.08208610117435455,0.09746955335140228,0.5923477411270142
434,51.55632781982422,6.818786144256592,7.441634654998779,2.4185702800750732,0.06251590698957443,0.0574183315038681,0.6745371520519257
435,36.54640579223633,6.11308479309082,2.0962865352630615,2.503026247024536,0.053281717002391815,0.033362023532390594,0.8485438823699951
436,42.485198974609375,1.8402032852172852,4.42165470123291,2.943133592605591,0.03651963174343109,0.04508424550294876,0.9886960089206696
437,36.58815002441406,30.788116455078125,3.0945487022399902,2.649995803833008,0.3202744126319885,0.044829294085502625,0.9111858606338501
438,33.80735397338867,3.2595484256744385,2.533036470413208,2.9098145961761475,0.04220709204673767,0.043609265238046646,0.899871826171875
439,22.035531997680664,6.528414726257324,4.185389518737793,2.946938991546631,0.07389558106660843,0.05726730450987816,1.0861503779888153
440,27.300670623779297,3.181671142578125,6.588088035583496,2.5315732955932617,0.03672931343317032,0.08900216221809387,0.6618036031723022
441,42.153160095214844,5.237375736236572,7.067848205566406,3.0759308338165283,0.058166876435279846,0.07291235029697418,0.9689222276210785
442,39.368682861328125,2.976297616958618,4.4047441482543945,3.0900607109069824,0.03949793055653572,0.07151392102241516,0.9234922528266907
443,18.933799743652344,8.449980735778809,4.536500930786133,2.386199712753296,0.1590167135000229,0.05057702958583832,0.8997441232204437
444,33.6927604675293,11.796777725219727,7.126763820648193,2.0467052459716797,0.1347566694021225,0.1158381924033165,0.7462936043739319
445,42.58656311035156,6.336278438568115,2.1577160358428955,3.2837486267089844,0.04671866446733475,0.03881088271737099,0.9586490392684937
446,42.6515998840332,9.548977851867676,8.269412994384766,2.077801465988159,0.12062092870473862,0.08427802473306656,0.6456397473812103
447,27.474464416503906,7.989376068115234,5.1477837562561035,2.1356709003448486,0.11660699546337128,0.08481316268444061,0.6094373464584351
448,42.50370788574219,5.304321765899658,4.101600170135498,2.426196813583374,0.06976146996021271,0.05332598090171814,0.7736058831214905
449,28.94593620300293,8.295165061950684,4.725583076477051,2.5039708614349365,0.08215760439634323,0.05159524083137512,0.7700012922286987
450,34.23787307739258,8.537224769592285,5.66300630569458,2.1594583988189697,0.09535599499940872,0.1195288598537445,0.6538850665092468
451,43.21860885620117,12.55355453491211,6.471979141235352,2.134373664855957,0.1717892289161682,0.07868079841136932,0.5468287467956543
452,40.9464225769043,11.242203712463379,5.548574924468994,2.172741651535034,0.13123536109924316,0.0870971828699112,0.7608806490898132
453,40.075382232666016,5.92561149597168,2.5231730937957764,2.222039222717285,0.0564969927072525,0.033583514392375946,0.8734584152698517
454,31.978710174560547,5.7812957763671875,5.443539142608643,2.258345365524292,0.08074015378952026,0.05695222690701485,0.792298436164856
455,40.026527404785156,7.671964645385742,5.4292683601379395,2.385157585144043,0.1461474597454071,0.09253938496112823,0.799926370382309
456,35.786624908447266,7.734117031097412,1.976746678352356,2.7664968967437744,0.1046973466873169,0.03776516392827034,1.1952540874481201
457,35.595272064208984,2.989751100540161,4.886533260345459,2.4381017684936523,0.04000822454690933,0.06117991358041763,0.8015778660774231
458,31.45578384399414,13.407476425170898,4.124321937561035,2.701953172683716,0.1315736323595047,0.06330828368663788,1.0853718519210815
459,40.04290008544922,9.380454063415527,9.263269424438477,2.60036039352417,0.09785222262144089,0.12987467646598816,0.8430370390415192
460,35.863258361816406,3.9189765453338623,5.8816447257995605,2.736973762512207,0.04828251525759697,0.0628223866224289,0.9861337542533875
461,37.4862174987793,4.512856960296631,1.811090350151062,2.973539352416992,0.04022537171840668,0.030618609860539436,0.7582073211669922
462,39.46202087402344,3.068659543991089,1.980938196182251,3.141342878341675,0.04110259562730789,0.033118437975645065,0.9509719610214233
463,32.173648834228516,11.487150192260742,9.44951057434082,2.3485801219940186,0.22200360894203186,0.08547695726156235,0.6534710824489594
464,30.58121109008789,8.772307395935059,5.373687744140625,2.6075758934020996,0.07920193672180176,0.08814210444688797,0.7762664258480072
465,33.16325759887695,5.281408309936523,3.386524200439453,2.4368069171905518,0.06699468195438385,0.05954474210739136,0.7618672251701355
466,38.45095443725586,9.807835578918457,3.7475571632385254,2.518836498260498,0.09700845181941986,0.03765945881605148,0.6880700290203094
467,46.513916015625,4.19814920425415,3.624664068222046,3.3570265769958496,0.05960620939731598,0.05733111873269081,1.031048834323883
468,45.868202209472656,7.4654221534729,8.910009384155273,2.3895537853240967,0.06633716076612473,0.16304771602153778,0.6450212895870209
469,43.1473503112793,7.47921895980835,4.284033298492432,2.145454168319702,0.07018978893756866,0.11601076275110245,0.639918327331543
470,43.486900329589844,6.67816686630249,9.284137725830078,2.275508403778076,0.06377975642681122,0.09034916758537292,0.8877688646316528
471,51.68217468261719,10.537642478942871,7.197317600250244,2.2993736267089844,0.11410762369632721,0.17932698130607605,0.7158189713954926
472,33.91307067871094,4.553914546966553,4.0147881507873535,2.4068634510040283,0.03722193464636803,0.06349010765552521,0.8494643568992615
473,45.902191162109375,5.728748321533203,4.508748531341553,3.1335248947143555,0.0589560866355896,0.06152265518903732,1.1880144476890564
474,33.26508331298828,22.792634963989258,9.15943717956543,2.338892698287964,0.23866207897663116,0.05860266834497452,0.7898439168930054
475,43.35980224609375,6.943495273590088,6.981849670410156,2.2116453647613525,0.059044525027275085,0.07582351565361023,0.5848148018121719
476,42.89424133300781,5.667100429534912,2.3181686401367188,2.857288122177124,0.06345149874687195,0.03038521111011505,1.0178979933261871
477,31.593490600585938,7.545355319976807,8.79395866394043,2.470607280731201,0.07964234054088593,0.07249350100755692,0.9020911157131195
478,27.567232131958008,8.880110740661621,4.465427398681641,2.8732779026031494,0.14697831869125366,0.053930483758449554,0.9353185594081879
479,35.76630401611328,13.216832160949707,7.304798603057861,2.5947790145874023,0.08278901875019073,0.14352849125862122,0.7656243741512299
480,28.7021484375,7.028886795043945,3.01359486579895,3.2532455921173096,0.0849563404917717,0.05704422667622566,1.1160687804222107
481,42.23861312866211,4.760037422180176,5.720414161682129,2.4768903255462646,0.05196212977170944,0.07273326814174652,0.8514788746833801
482,34.478065490722656,6.829333782196045,8.826468467712402,2.4284355640411377,0.18673914670944214,0.043882425874471664,0.7287159562110901
483,35.8369026184082,5.906006336212158,4.554113388061523,2.1237707138061523,0.060629092156887054,0.06384424865245819,0.6888335943222046
484,27.301651000976562,5.69077730178833,3.184093475341797,2.4334466457366943,0.08152075856924057,0.05213714390993118,0.7056299448013306
485,38.43122863769531,6.703759670257568,4.191517353057861,2.2877962589263916,0.06121598184108734,0.05647889897227287,0.7993842661380768
486,31.79096031188965,8.183220863342285,6.878994941711426,2.5791268348693848,0.05053085833787918,0.04878881573677063,0.7540774345397949
487,69.90042114257812,6.45089054107666,5.012808799743652,2.5410962104797363,0.05568760633468628,0.05106165260076523,0.8696817457675934
488,55.0482292175293,8.329672813415527,6.999417781829834,1.9234042167663574,0.11905549466609955,0.14427387714385986,0.5708872079849243
489,65.57542419433594,5.6069159507751465,12.270782470703125,2.0417492389678955,0.04792940616607666,0.08727520704269409,0.6617523729801178
490,39.8531494140625,9.796883583068848,9.36180591583252,2.6413655281066895,0.0799531638622284,0.06861905753612518,0.7823671102523804
491,36.128135681152344,12.379749298095703,4.9886627197265625,2.350710153579712,0.10964389145374298,0.07092871516942978,0.7327223420143127
492,26.0528621673584,5.179905414581299,3.596090316772461,2.4861700534820557,0.05743362382054329,0.07560472935438156,0.8038747012615204
493,37.08213806152344,8.230856895446777,6.100590229034424,2.1380674839019775,0.06076044589281082,0.1157684475183487,0.7551074922084808
494,39.99298095703125,5.61460542678833,6.662339687347412,2.111323833465576,0.06685356795787811,0.06113583967089653,0.6897044777870178
495,32.884521484375,6.91067361831665,4.109244346618652,1.8593446016311646,0.09648194909095764,0.043218761682510376,0.6193410754203796
496,33.73623275756836,3.116023063659668,5.861957550048828,2.3520119190216064,0.04377610236406326,0.06652384996414185,0.781565248966217
497,35.39533615112305,10.537415504455566,6.644689559936523,2.537057638168335,0.10768145322799683,0.10148457437753677,0.6429771780967712
498,47.01404571533203,6.129276752471924,2.457942247390747,2.665659189224243,0.09874007850885391,0.036053434014320374,0.9299920797348022
499,36.469337463378906,8.888253211975098,4.207460880279541,2.594667673110962,0.09673622250556946,0.042835306376218796,0.9118904173374176
500,40.0036506652832,3.6232099533081055,3.040109395980835,2.4267232418060303,0.04194795712828636,0.04746661335229874,0.758730947971344
501,27.542001724243164,9.041236877441406,6.671511173248291,2.0481083393096924,0.12302879989147186,0.1027785986661911,0.6926015913486481
502,47.99003601074219,6.98652982711792,5.799302577972412,1.887609839439392,0.04917610436677933,0.06584915518760681,0.5833339989185333
503,51.27359390258789,2.427464485168457,1.5939717292785645,3.12912654876709,0.036180395632982254,0.02976284734904766,1.0140363574028015
504,36.898223876953125,8.787918090820312,4.504105091094971,2.5297183990478516,0.10801345109939575,0.07143695652484894,0.8795560300350189
505,39.56647491455078,3.2970662117004395,1.7767205238342285,2.8778324127197266,0.037067197263240814,0.03154013305902481,0.818379282951355
506,26.219097137451172,8.814586639404297,1.3930376768112183,3.1708807945251465,0.0990624949336052,0.029498066753149033,0.9943674206733704
507,29.53667640686035,8.336243629455566,11.636665344238281,3.5365920066833496,0.09121888875961304,0.1836438775062561,1.2360783815383911
508,43.83399963378906,4.584388256072998,6.125740051269531,2.4540557861328125,0.04906328022480011,0.06713588535785675,0.7524102926254272
509,25.362154006958008,12.74625301361084,5.5862884521484375,2.7203283309936523,0.11581581085920334,0.05207057297229767,0.9987362921237946
510,28.22389030456543,22.572362899780273,5.165352821350098,2.2415363788604736,0.2073965221643448,0.05759267508983612,0.7080123126506805
511,25.67547607421875,4.245628356933594,2.911567211151123,2.27052903175354,0.06234080716967583,0.05661942809820175,0.7063327431678772
512,28.21616554260254,3.811779022216797,1.4514316320419312,2.8284151554107666,0.048901163041591644,0.03961518034338951,0.9981852471828461
513,24.595985412597656,10.994223594665527,2.439542055130005,2.0422677993774414,0.1390189379453659,0.03339695185422897,0.6696146130561829
514,52.52898406982422,3.5917491912841797,3.194723606109619,2.599902868270874,0.049157388508319855,0.06319499760866165,0.6776458323001862
515,36.026100158691406,6.358341217041016,4.358697414398193,2.4290170669555664,0.056493327021598816,0.04888484627008438,0.6215918958187103
516,29.916568756103516,10.661577224731445,4.093527317047119,2.3567957878112793,0.20218242704868317,0.04388517141342163,0.7649133503437042
517,37.34220504760742,8.23914623260498,13.835078239440918,2.1975011825561523,0.08577361702919006,0.12697727978229523,0.7616395354270935
518,38.66780471801758,10.161558151245117,4.404811859130859,2.3679535388946533,0.12223101407289505,0.06906264275312424,0.825504332780838
519,26.499879837036133,5.924698352813721,6.720450401306152,2.1911070346832275,0.0717327743768692,0.09524007141590118,0.675126314163208
520,31.693897247314453,5.413894176483154,8.085827827453613,2.417691230773926,0.06659194082021713,0.08182798326015472,0.7203405499458313
521,30.868915557861328,5.304184436798096,8.663046836853027,2.184549570083618,0.08200021088123322,0.12410750240087509,0.6854226887226105
522,31.76146125793457,7.314957618713379,3.3815646171569824,2.6644773483276367,0.06262042373418808,0.03495551645755768,0.7916343808174133
523,37.107357025146484,6.19247579574585,3.373316764831543,2.3966431617736816,0.10769914090633392,0.04899509996175766,0.7203613817691803
524,25.908353805541992,7.781355857849121,5.573389053344727,2.4824881553649902,0.06577622145414352,0.06002082675695419,0.850715696811676
525,39.25194549560547,5.961831569671631,7.616344928741455,2.7054901123046875,0.14282530546188354,0.11238644272089005,0.908042311668396
526,43.61273956298828,4.1876115798950195,7.810434818267822,2.24357271194458,0.049275804311037064,0.10721408575773239,0.7797111868858337
527,31.061241149902344,6.079296112060547,3.4752655029296875,2.473214864730835,0.07895128428936005,0.053582288324832916,0.6129167675971985
528,50.63279724121094,4.248765468597412,4.715269088745117,2.15801739692688,0.08997111022472382,0.125362828373909,0.6792303025722504
529,34.16481399536133,9.350985527038574,3.7627475261688232,2.2707228660583496,0.0995127260684967,0.060450807213783264,0.7273000776767731
530,67.81940460205078,4.7057013511657715,6.391284465789795,2.87483811378479,0.061074476689100266,0.0459713488817215,0.915598601102829
531,29.3189754486084,6.461780071258545,9.605048179626465,2.192725658416748,0.07224757224321365,0.09446132183074951,0.6774749159812927
532,34.53868865966797,9.673383712768555,5.002109050750732,2.386359930038452,0.23117706179618835,0.04732615128159523,0.7246250212192535
533,32.19783020019531,5.456833362579346,8.702038764953613,2.110119104385376,0.05394817143678665,0.09543862193822861,0.8956551253795624
534,49.224369049072266,7.494558334350586,2.657463312149048,2.893113613128662,0.05400547385215759,0.027094732969999313,0.8445905447006226
535,47.819923400878906,3.6573853492736816,8.503154754638672,1.7382012605667114,0.05918014794588089,0.06625779718160629,0.5462426245212555
536,47.904075622558594,11.379158973693848,3.302664279937744,2.5969505310058594,0.19442249834537506,0.04309941828250885,0.8618043959140778
537,42.775421142578125,4.924469470977783,10.014591217041016,2.0577008724212646,0.06264621019363403,0.1290699988603592,0.5929054617881775
538,37.26586151123047,6.387354850769043,4.4117279052734375,2.726346254348755,0.054420508444309235,0.044835999608039856,0.8768454194068909
539,43.004486083984375,5.248508453369141,8.336296081542969,2.175832748413086,0.07117151468992233,0.15872521698474884,0.7216429114341736
540,34.62505340576172,9.028020858764648,7.728943347930908,2.5499064922332764,0.08222434669733047,0.14758196473121643,0.7478724718093872
541,33.36593246459961,3.099121570587158,4.546727180480957,2.78170108795166,0.07829971611499786,0.07339155673980713,0.9768613576889038
542,39.3806266784668,8.100424766540527,4.863580226898193,2.254814386367798,0.06356870383024216,0.05330170318484306,0.6948088705539703
543,39.40934753417969,8.497572898864746,6.132035732269287,2.549612522125244,0.06517885625362396,0.07699701189994812,0.9145445227622986
544,59.86876678466797,8.515800476074219,3.5382015705108643,2.703704595565796,0.21163153648376465,0.04296737536787987,0.8029479682445526
545,28.245574951171875,10.951519012451172,3.3980300426483154,2.3457448482513428,0.13073831796646118,0.04439989849925041,0.7024330496788025
546,37.681068420410156,5.437314033508301,3.1018080711364746,2.342451572418213,0.06370754539966583,0.044410526752471924,0.7255454361438751
547,70.016357421875,4.7277607917785645,2.3998353481292725,2.341998815536499,0.06205824017524719,0.03591347485780716,0.6422967314720154
548,24.714759826660156,6.160341262817383,8.729604721069336,3.049133777618408,0.05164308100938797,0.12240097671747208,0.9714100956916809
549,43.402366638183594,11.51562786102295,6.049637317657471,2.5496270656585693,0.09443459659814835,0.07390991598367691,0.7682234346866608
550,30.02574348449707,8.281338691711426,10.63236141204834,2.055873155593872,0.11216548085212708,0.23415392637252808,0.6314972639083862
551,44.94822692871094,7.521706581115723,4.812228679656982,1.9679259061813354,0.11681710183620453,0.0726228654384613,0.5166916847229004
552,34.097984313964844,7.6354079246521,1.630989909172058,3.0558974742889404,0.13955138623714447,0.051250897347927094,1.1271284818649292
553,42.76978302001953,9.438741683959961,1.446439504623413,2.6222052574157715,0.1740369200706482,0.033493347465991974,0.8428424894809723
554,31.785959243774414,3.160404920578003,7.143359661102295,2.260037660598755,0.034705229103565216,0.2079835832118988,0.661399632692337
555,37.462772369384766,7.584023952484131,3.3623199462890625,2.986790657043457,0.057557083666324615,0.04014520347118378,0.8200756907463074
556,38.12618637084961,10.166281700134277,4.651020050048828,2.377260208129883,0.08853136003017426,0.05376167222857475,0.8029626607894897
557,45.831092834472656,11.510723114013672,5.05517053604126,2.4034061431884766,0.12996213138103485,0.05659414827823639,0.732220470905304
558,36.16489791870117,7.785794258117676,7.91001033782959,2.1877124309539795,0.08454029262065887,0.08635062724351883,0.8683516085147858
559,39.36361312866211,7.922666549682617,1.5338308811187744,2.3666036128997803,0.08809714019298553,0.04607514292001724,0.7436491549015045
560,37.41166687011719,10.90487289428711,4.52968168258667,2.2404985427856445,0.0740775391459465,0.07405927032232285,0.9527350962162018
561,41.3719596862793,8.860949516296387,7.148875713348389,2.069483518600464,0.0735194981098175,0.13364410400390625,0.6063156425952911
562,60.423892974853516,5.21811580657959,2.709301710128784,2.4678213596343994,0.05119382590055466,0.042804695665836334,0.6698996126651764
563,36.206520080566406,6.239687919616699,3.0855987071990967,3.0782899856567383,0.08009909838438034,0.047190356999635696,0.9272648692131042
564,40.51322555541992,8.698115348815918,5.591541767120361,2.915799379348755,0.07392270863056183,0.06684038043022156,1.004697471857071
565,96.63131713867188,4.528101444244385,2.854253053665161,2.9844675064086914,0.04674277827143669,0.03240973874926567,0.8972278833389282
566,33.09956359863281,11.052966117858887,5.540194034576416,2.4500129222869873,0.2005319595336914,0.06266258656978607,0.7062698006629944
567,31.681699752807617,13.766206741333008,5.347220420837402,2.4543302059173584,0.4596519470214844,0.061399124562740326,0.8125913441181183
568,39.412864685058594,9.717287063598633,5.352132320404053,2.6110494136810303,0.07188478112220764,0.04634908586740494,0.8399915397167206
569,44.2575569152832,3.7862753868103027,3.188711166381836,2.187080144882202,0.06601174175739288,0.0329078808426857,0.5753660798072815
570,42.52328872680664,6.668217182159424,2.6006906032562256,2.405581474304199,0.05664302408695221,0.04337430000305176,0.7960151731967926
571,33.375186920166016,6.954311370849609,4.446317672729492,2.462871789932251,0.10644717514514923,0.07397694885730743,0.6790181696414948
572,43.29789733886719,10.373509407043457,6.330424785614014,2.153082847595215,0.1029992550611496,0.09167342633008957,0.7379924058914185
573,34.16453552246094,6.592863082885742,5.5945725440979,2.3858413696289062,0.071053646504879,0.0603681281208992,0.7769000232219696
574,44.469051361083984,6.110654354095459,1.4593852758407593,2.198575973510742,0.057117387652397156,0.030359920114278793,0.7210789620876312
575,27.202035903930664,9.44694709777832,4.784441947937012,2.0225508213043213,0.1289292275905609,0.05420907586812973,0.7094115018844604
576,28.20745849609375,5.435815334320068,1.7995504140853882,2.668041944503784,0.08092061430215836,0.03319089114665985,0.9942193627357483
577,63.42776870727539,3.9951834678649902,3.6641740798950195,3.004822254180908,0.040948644280433655,0.0417213961482048,0.9600797891616821
578,39.18806076049805,3.8757312297821045,4.353424072265625,2.5800862312316895,0.08241593092679977,0.05045732110738754,0.8486384749412537
579,24.752180099487305,6.4135565757751465,8.968422889709473,3.0317883491516113,0.053443148732185364,0.14635995030403137,0.9470348954200745
580,33.05183029174805,4.4632344245910645,4.465543746948242,2.788581609725952,0.04365766793489456,0.05672197416424751,0.9036341905593872
581,33.209693908691406,4.706977367401123,2.910714626312256,3.018526554107666,0.06362004578113556,0.039961591362953186,1.1384133100509644
582,27.595909118652344,1.4511659145355225,3.932889461517334,2.5820367336273193,0.02747352421283722,0.04866771399974823,0.7694254517555237
583,31.743099212646484,13.045599937438965,3.753049612045288,2.8958795070648193,0.1577434539794922,0.05036222189664841,0.9411415457725525
584,33.94266128540039,2.844550609588623,2.8325247764587402,2.396357297897339,0.04177626594901085,0.04042580723762512,0.8808035552501678
585,41.61729431152344,3.8394596576690674,4.895243167877197,3.070141315460205,0.05383361503481865,0.06067410111427307,0.8574378788471222
586,32.87051010131836,14.345107078552246,7.529385566711426,2.480238437652588,0.20644758641719818,0.12761922180652618,0.6871267557144165
587,27.577953338623047,5.911078453063965,1.806936264038086,2.4964492321014404,0.06818416714668274,0.02630898915231228,0.8980294764041901
588,39.3211555480957,6.442575454711914,5.759906768798828,2.653599500656128,0.07909108698368073,0.057025738060474396,0.8444138765335083
589,38.242942810058594,6.888827800750732,2.8980445861816406,2.1619467735290527,0.08983753621578217,0.031009197235107422,0.7137990891933441
590,42.85641098022461,4.771186351776123,4.138474941253662,2.2350549697875977,0.07240087538957596,0.04551517218351364,0.6367967128753662
591,27.584314346313477,6.073550701141357,3.5049843788146973,2.5039827823638916,0.07445645332336426,0.036655016243457794,0.9254346489906311
592,29.715660095214844,8.222416877746582,5.303974151611328,2.4821345806121826,0.1630360335111618,0.05933266133069992,0.8314526677131653
593,37.5244140625,5.058730602264404,3.526057720184326,2.5493266582489014,0.06432946026325226,0.05970033258199692,0.8363886475563049
594,40.59855651855469,12.034676551818848,5.430359840393066,2.077268600463867,0.23671625554561615,0.05082686245441437,0.6213822364807129
595,54.443912506103516,14.564811706542969,6.457653999328613,2.5049846172332764,0.1710710972547531,0.1121140867471695,0.6462070643901825
596,44.98045349121094,3.0942203998565674,7.956271171569824,2.03631329536438,0.041685741394758224,0.12559401988983154,0.5919051766395569
597,30.746103286743164,11.999917030334473,5.237881183624268,2.557269811630249,0.09717624634504318,0.06244223937392235,0.743044376373291
598,47.30339813232422,4.660099506378174,4.098893165588379,2.618967056274414,0.057847365736961365,0.04734998941421509,0.7378748953342438
599,49.43745422363281,4.988163471221924,7.291808605194092,2.111149787902832,0.0748898833990097,0.10342776775360107,0.6733604967594147
600,31.700273513793945,5.581427097320557,4.611477851867676,2.150650978088379,0.09211333096027374,0.05157950520515442,0.7796236574649811
601,26.781389236450195,12.803629875183105,6.235830783843994,2.575308084487915,0.13611237704753876,0.13195301592350006,0.7961251437664032
602,35.848915100097656,9.313501358032227,4.6125712394714355,2.136043071746826,0.15761002898216248,0.06160277873277664,0.6590595245361328
603,43.260597229003906,9.815314292907715,5.655925750732422,2.299039125442505,0.07693405449390411,0.07183390855789185,0.816361665725708
604,33.23855972290039,5.59160041809082,4.447689533233643,1.9496618509292603,0.08928540349006653,0.08635169267654419,0.6501723527908325
605,41.92954635620117,5.455041408538818,5.433985710144043,2.056034803390503,0.07150157541036606,0.09108363091945648,0.5877755880355835
606,38.512203216552734,14.31654167175293,7.557731628417969,2.0555224418640137,0.08935946226119995,0.07301083952188492,0.7011659741401672
607,19.323013305664062,8.817757606506348,5.196014404296875,1.6513547897338867,0.11247661709785461,0.11529897153377533,0.5548251569271088
608,27.260515213012695,5.530888557434082,6.540655612945557,2.3507046699523926,0.056065596640110016,0.18882521986961365,0.5858335196971893
609,35.9936408996582,5.272653579711914,2.840024709701538,2.2472546100616455,0.05043414980173111,0.0591033473610878,0.6967475414276123
610,33.893890380859375,2.712362051010132,1.972529649734497,2.322580337524414,0.03221530467271805,0.041463468223810196,0.662887305021286
611,41.425567626953125,9.157965660095215,4.808729648590088,2.758105516433716,0.09541166573762894,0.07386184483766556,0.8125015795230865
612,40.943843841552734,5.6411824226379395,3.4368338584899902,2.6592979431152344,0.044796474277973175,0.04596389830112457,0.8180782198905945
613,29.89622688293457,13.132057189941406,4.675087928771973,2.36592698097229,0.13564667105674744,0.05713823065161705,0.725420355796814
614,37.762786865234375,13.81321907043457,4.2936272621154785,2.1854820251464844,0.18925729393959045,0.07137651741504669,0.7689958214759827
615,32.50575256347656,8.049429893493652,4.868778228759766,2.7210512161254883,0.12198573350906372,0.057235237210989,0.9453826546669006
616,37.84990692138672,10.90526008605957,2.023634195327759,2.752229690551758,0.12356860935688019,0.03501100093126297,1.0634206235408783
617,56.56418228149414,15.271300315856934,9.087015151977539,2.380289316177368,0.09159321337938309,0.05726776272058487,0.8451926708221436
618,32.4533576965332,5.6688151359558105,3.922625780105591,2.489375114440918,0.07886825501918793,0.05901234224438667,0.9386774599552155
619,49.97324752807617,14.263860702514648,7.880102634429932,2.0463407039642334,0.15539424121379852,0.10259280353784561,0.5698219239711761
620,58.30177307128906,2.9052484035491943,6.123884677886963,2.432425022125244,0.031556181609630585,0.0446254201233387,0.6165971159934998
621,35.68672180175781,5.7793426513671875,2.215059518814087,2.5815277099609375,0.06632696092128754,0.042906831949949265,0.8363913297653198
622,44.99530792236328,4.799916744232178,6.888972759246826,2.9235036373138428,0.06296347081661224,0.08589044958353043,0.8619177341461182
623,43.38018035888672,15.773784637451172,2.171940565109253,2.3214590549468994,0.135681614279747,0.040385231375694275,0.821228563785553
624,41.73648452758789,10.149352073669434,3.000152587890625,2.775362253189087,0.1371418982744217,0.06565208733081818,1.000748872756958
625,32.3000602722168,4.052879333496094,3.4203686714172363,2.2702367305755615,0.06360385566949844,0.04049862176179886,0.8046974837779999
626,28.337940216064453,6.464776992797852,4.355775356292725,2.487109422683716,0.06783391535282135,0.04572170227766037,0.8366031348705292
627,97.79315185546875,9.96572494506836,1.9499393701553345,2.4690394401550293,0.10402518510818481,0.027854574844241142,0.7851801216602325
628,27.75319480895996,10.465496063232422,4.237377166748047,2.5286290645599365,0.1294306218624115,0.06457222998142242,0.90787273645401
629,40.835269927978516,9.212258338928223,2.8931519985198975,3.0340051651000977,0.06063966453075409,0.041005343198776245,0.9994752109050751
630,46.083335876464844,9.570430755615234,5.194321632385254,2.379561424255371,0.1506824940443039,0.08504149317741394,0.8441322147846222
631,36.24727249145508,9.32872486114502,2.863391876220703,3.545258045196533,0.08662304282188416,0.038992054760456085,1.076831340789795
632,33.73562240600586,7.922210216522217,4.331913948059082,2.1736679077148438,0.06999616324901581,0.04740449786186218,0.7012989819049835
633,36.74525451660156,8.316749572753906,7.203592300415039,3.0103037357330322,0.08487850427627563,0.08436314761638641,0.8966816067695618
634,29.702083587646484,11.115138053894043,5.104090690612793,2.3620145320892334,0.06879648566246033,0.06400652229785919,0.7753671407699585
635,38.02104949951172,13.842905044555664,4.613907814025879,2.539412498474121,0.23160399496555328,0.0639234185218811,0.8238591253757477
636,49.02769088745117,5.170052528381348,2.683415174484253,2.760791540145874,0.06074630096554756,0.04597649723291397,0.883217841386795
637,34.37205123901367,2.201254367828369,9.480033874511719,2.662559986114502,0.025051716715097427,0.15610376000404358,0.6094680428504944
638,33.72197723388672,4.229622840881348,2.9273602962493896,3.101269245147705,0.05422384291887283,0.04808494448661804,1.1029794216156006
639,30.106813430786133,15.687057495117188,2.44205641746521,2.709221363067627,0.2030310481786728,0.03343131020665169,0.8952211737632751
640,36.650447845458984,4.25273323059082,5.6073222160339355,3.057415723800659,0.03274035453796387,0.05562540143728256,1.039292573928833
641,31.790363311767578,11.722005844116211,6.224098205566406,2.4452786445617676,0.0826144739985466,0.08113411068916321,0.7276801764965057
642,47.44247817993164,3.887521505355835,2.064363479614258,2.5067901611328125,0.04146081954240799,0.03206232190132141,0.6656674146652222
643,48.6860237121582,2.791383743286133,7.5679192543029785,2.1154074668884277,0.03431432694196701,0.06627290695905685,0.5390695631504059
644,32.35875701904297,5.617791175842285,4.23719596862793,2.9535162448883057,0.07320749014616013,0.0711958259344101,1.2999414801597595
645,37.935638427734375,4.479648113250732,4.260941982269287,2.9151906967163086,0.0443207249045372,0.05043898522853851,0.7125866115093231
646,25.549571990966797,11.640238761901855,5.530597686767578,3.1486988067626953,0.1615285575389862,0.07611934840679169,0.9594769179821014
647,48.70026397705078,14.237900733947754,4.896378517150879,2.6174283027648926,0.1077018454670906,0.09817923605442047,0.7357496023178101
648,24.789825439453125,5.778350830078125,5.098606109619141,2.6728625297546387,0.06980839371681213,0.08000250905752182,0.9626660346984863
649,34.539161682128906,9.266396522521973,2.523125410079956,2.3312904834747314,0.0802166610956192,0.03630213066935539,0.8096827566623688
650,50.9820442199707,12.621374130249023,3.6009883880615234,2.3267319202423096,0.13441558182239532,0.03993559628725052,0.6731559038162231
651,26.973175048828125,8.862927436828613,8.837231636047363,2.357215404510498,0.06573282182216644,0.13050487637519836,0.7182611227035522
652,44.61320114135742,4.744158744812012,8.735167503356934,2.397151470184326,0.05153468996286392,0.09087628126144409,0.6458704769611359
653,25.979656219482422,3.561318874359131,5.591357231140137,2.9114952087402344,0.0761248841881752,0.05704207718372345,0.990475982427597
654,28.888626098632812,4.806817531585693,7.813932418823242,2.2144975662231445,0.06535171717405319,0.11199343204498291,0.5579884350299835
655,30.096281051635742,5.114143371582031,8.568785667419434,2.2905921936035156,0.09227625280618668,0.23303622007369995,0.6552223861217499
656,24.75211524963379,4.107954502105713,2.685793876647949,2.7944204807281494,0.06396839022636414,0.04108806699514389,0.8393347859382629
657,33.486732482910156,9.430839538574219,1.4436357021331787,2.5150561332702637,0.16688799858093262,0.03485627844929695,0.8157328069210052
658,33.935768127441406,8.741443634033203,4.288124084472656,2.385575294494629,0.11139355599880219,0.03786681964993477,0.7638197839260101
659,41.387935638427734,6.591325759887695,6.725783348083496,2.120783805847168,0.044710975140333176,0.0645298957824707,0.5848177671432495
660,34.3389778137207,5.493320465087891,4.050267696380615,2.8468241691589355,0.09378539025783539,0.04513752460479736,0.9681648015975952
661,28.45456314086914,6.507381439208984,6.187576770782471,2.69132924079895,0.05916707217693329,0.07108122110366821,0.9763159155845642
662,31.645774841308594,3.729686737060547,6.876907825469971,2.091618776321411,0.02936084382236004,0.11477556079626083,0.7675002217292786
663,35.83243179321289,4.40877103805542,3.56245756149292,2.977044105529785,0.058769822120666504,0.047409117221832275,0.8635051250457764
664,33.398338317871094,6.921370506286621,7.585188865661621,2.043820858001709,0.07691331207752228,0.09294493496417999,0.7163517773151398
665,31.505002975463867,4.616743087768555,1.4774099588394165,2.864548683166504,0.04157285392284393,0.03249284252524376,0.9468240141868591
666,53.60072326660156,9.374539375305176,4.489466190338135,2.224149465560913,0.07117736339569092,0.04776560515165329,0.7814871668815613
667,27.7584228515625,7.892643928527832,21.78118324279785,1.4770365953445435,0.06112467125058174,0.23639383912086487,0.5726787149906158
668,70.0046157836914,4.893543243408203,4.015731334686279,2.4106175899505615,0.06335248053073883,0.035359419882297516,0.5809116065502167
669,48.12681198120117,3.74516224861145,5.0578413009643555,2.711542844772339,0.059170324355363846,0.07376833260059357,1.0508514642715454
670,50.690494537353516,2.363647222518921,2.277952194213867,2.841726541519165,0.030547048896551132,0.04257339984178543,0.9295573532581329
671,38.62349319458008,8.995956420898438,7.2445902824401855,2.6894829273223877,0.06800277531147003,0.061617881059646606,0.7840976119041443
672,32.97643280029297,5.391092300415039,6.243173599243164,3.220407724380493,0.04821948707103729,0.1237301230430603,0.774715393781662
673,27.409629821777344,7.119635581970215,4.937518119812012,2.7299182415008545,0.10965357720851898,0.053242579102516174,0.8859871029853821
674,38.48252868652344,7.637413024902344,4.662341594696045,2.4437310695648193,0.12304266542196274,0.06531824171543121,0.7300137877464294
675,31.627933502197266,8.987597465515137,2.928438901901245,2.477658271789551,0.11334748566150665,0.04747413098812103,0.6350821256637573
676,37.079498291015625,9.883216857910156,4.295087814331055,2.986345052719116,0.11315753310918808,0.03614070639014244,0.7554222941398621
677,36.70570373535156,7.358646869659424,6.144653797149658,2.4613757133483887,0.07008568197488785,0.04395456239581108,0.8016816675662994
678,43.44662094116211,11.065116882324219,7.069707870483398,2.133695363998413,0.11006247997283936,0.08094434440135956,0.6103924512863159
679,38.84326171875,8.508145332336426,2.908872604370117,2.5085861682891846,0.157513827085495,0.053781550377607346,0.9556611478328705
680,39.22867965698242,4.777572154998779,9.89709758758545,2.201525926589966,0.05820830166339874,0.23771944642066956,0.615632951259613
681,36.073486328125,4.846344470977783,3.8377926349639893,2.255249261856079,0.04429621994495392,0.08212821185588837,0.6779766976833344
682,28.306686401367188,7.209077835083008,6.596668720245361,1.9983971118927002,0.13016462326049805,0.19756126403808594,0.6499783098697662
683,41.654850006103516,9.236598014831543,5.691761016845703,2.0921804904937744,0.05148594081401825,0.05006964132189751,0.6750361323356628
684,38.86949920654297,3.401493549346924,7.652185916900635,2.854923963546753,0.034789808094501495,0.07065990567207336,0.9496074318885803
685,40.68808364868164,4.61240816116333,4.684350490570068,2.4899544715881348,0.03920646011829376,0.06442864239215851,0.7453415393829346
686,31.851640701293945,20.797380447387695,5.158444404602051,1.9956830739974976,0.20892499387264252,0.07894782721996307,0.6476917266845703
687,36.50033187866211,7.537746906280518,1.6796355247497559,2.6330795288085938,0.12214891612529755,0.02754693105816841,0.6443846225738525
688,43.43683624267578,3.927194356918335,3.4324629306793213,2.5130374431610107,0.05318376049399376,0.04858037829399109,0.7396368682384491
689,32.9949836730957,15.06212329864502,5.838854789733887,2.4280006885528564,0.12823176383972168,0.04820049926638603,0.8835009634494781
690,42.86835479736328,10.037386894226074,10.614006996154785,2.371171236038208,0.10031094402074814,0.08447884768247604,0.7487470507621765
691,46.81859588623047,10.162361145019531,3.8024775981903076,2.3037734031677246,0.10756072402000427,0.061671435832977295,0.7583348751068115
692,34.23137664794922,9.707350730895996,9.599493026733398,2.01686692237854,0.14573441445827484,0.17508836090564728,0.7738257050514221
693,30.498870849609375,4.389886856079102,5.284339904785156,2.5111801624298096,0.07358384132385254,0.05893361568450928,0.8369210958480835
694,31.352781295776367,4.176817893981934,2.197420597076416,2.7692506313323975,0.050321660935878754,0.04317079484462738,0.9446718692779541
695,25.89138412475586,7.251354217529297,4.754746437072754,2.191448926925659,0.09106715023517609,0.07427746057510376,0.7046793103218079
696,25.071741104125977,4.624858856201172,4.006590843200684,2.5034894943237305,0.04300624132156372,0.043421320617198944,0.9075331389904022
697,37.86240768432617,5.144064426422119,7.274051666259766,2.637185573577881,0.06118668615818024,0.06111559644341469,0.850580483675003
698,29.003297805786133,14.308998107910156,2.998516082763672,2.118516683578491,0.23502503335475922,0.035376667976379395,0.6777803301811218
699,36.46883010864258,6.718692779541016,3.13727068901062,2.0406556129455566,0.09542607516050339,0.037291817367076874,0.6714515686035156
700,29.409395217895508,6.537151336669922,4.463019371032715,2.8487417697906494,0.048490218818187714,0.04139506444334984,0.9596399366855621
701,30.68002700805664,6.270268440246582,6.239538192749023,2.577374219894409,0.06319520622491837,0.06054845452308655,0.7694914042949677
702,26.60161590576172,10.722443580627441,3.5867083072662354,2.167269229888916,0.14195197820663452,0.03672722727060318,0.7580342292785645
703,43.932376861572266,3.598422050476074,3.5132596492767334,2.4869484901428223,0.054260071367025375,0.05712725967168808,0.7202587127685547
704,29.46569061279297,3.996622085571289,2.9167025089263916,2.8934919834136963,0.0531187541782856,0.04727918654680252,0.9356538653373718
705,48.2630500793457,7.467559814453125,7.483307838439941,2.141524314880371,0.07243132591247559,0.18005149066448212,0.6155689060688019
706,35.65104675292969,13.198720932006836,4.094576358795166,2.0759434700012207,0.12610112130641937,0.0317009836435318,0.6930649280548096
707,57.270809173583984,6.81385612487793,5.546187400817871,2.21561861038208,0.04444804787635803,0.07206039130687714,0.6982614398002625
708,32.2485237121582,5.5856242179870605,3.3593056201934814,2.8055355548858643,0.06284738332033157,0.06048757582902908,0.8476303219795227
709,37.50054931640625,7.161593914031982,3.2170493602752686,2.538715124130249,0.10920019447803497,0.06341206282377243,0.7772912383079529
710,34.42051696777344,8.073333740234375,6.490950584411621,2.576141834259033,0.08390632271766663,0.048580288887023926,0.8357782363891602
711,34.625301361083984,5.499871730804443,2.965195417404175,2.236149787902832,0.05278189480304718,0.03703321889042854,0.7195811867713928
712,27.316835403442383,2.2129018306732178,6.6054277420043945,2.342003107070923,0.055263400077819824,0.1072249785065651,0.8421098291873932
713,52.926902770996094,10.975927352905273,2.885932683944702,2.2745237350463867,0.17786073684692383,0.03692898154258728,0.7458506226539612
714,52.55355453491211,5.18031120300293,6.4737958908081055,2.181391716003418,0.06594288349151611,0.056708574295043945,0.6161918342113495
715,40.690303802490234,10.554649353027344,5.108051776885986,2.3689918518066406,0.21747691929340363,0.07126517593860626,0.7608971893787384
716,39.4463996887207,6.43697452545166,3.881197690963745,2.339634418487549,0.12031988054513931,0.06595726311206818,0.7966049611568451
717,32.63551712036133,11.06579303741455,3.715750217437744,2.0559487342834473,0.0851486399769783,0.050028882920742035,0.6568618714809418
718,64.0605239868164,18.428722381591797,15.861590385437012,2.118147611618042,0.13176527619361877,0.14586932957172394,0.6924062669277191
719,44.41621398925781,5.021184921264648,3.5372467041015625,2.7360033988952637,0.06285399943590164,0.044345855712890625,1.0137599408626556
720,45.74104690551758,3.06404972076416,8.333849906921387,2.2727394104003906,0.048037879168987274,0.06902071833610535,0.7151323556900024
721,45.939151763916016,6.14147424697876,2.25217342376709,2.7166049480438232,0.06244737654924393,0.03216664120554924,0.8067319393157959
722,47.495033264160156,10.071422576904297,6.5751800537109375,2.1264302730560303,0.14773762226104736,0.15641428530216217,0.7113917469978333
723,30.20052146911621,5.720894813537598,1.8876177072525024,3.0164897441864014,0.09008868038654327,0.03078024461865425,1.0888752043247223
724,49.6342887878418,7.390562534332275,2.720271348953247,2.4222543239593506,0.0789741575717926,0.03705702722072601,0.7664816379547119
725,32.982154846191406,8.105025291442871,5.825356483459473,2.243701696395874,0.03941085934638977,0.08525273948907852,0.8628011345863342
726,67.44261932373047,8.416946411132812,7.233989238739014,1.7622557878494263,0.10849359631538391,0.10814186185598373,0.5592021644115448
727,32.2765998840332,6.997774124145508,2.287465810775757,2.3363962173461914,0.07842017710208893,0.0333125963807106,0.829612672328949
728,52.62649154663086,6.1047186851501465,5.596073150634766,2.893278121948242,0.07171313464641571,0.06112369894981384,0.8778856992721558
729,52.78080749511719,6.630946636199951,7.863854885101318,2.334118604660034,0.10145145654678345,0.05983144789934158,0.6509255170822144
730,35.686824798583984,9.652676582336426,2.405358076095581,2.5992701053619385,0.11128547787666321,0.030024424195289612,0.6893456876277924
731,41.60400390625,12.933490753173828,4.9833502769470215,2.367234706878662,0.1506696194410324,0.08385390043258667,0.7640606462955475
732,36.467567443847656,11.87333869934082,7.62828254699707,2.8430769443511963,0.12746112048625946,0.08526334166526794,0.9291284680366516
733,27.90886116027832,8.924509048461914,4.460935592651367,2.0885202884674072,0.06669881194829941,0.0595240592956543,0.7673327922821045
734,44.596885681152344,9.742901802062988,7.243398666381836,2.6132774353027344,0.07187828421592712,0.09124067425727844,0.8390920758247375
735,31.16727066040039,10.85596752166748,3.7972702980041504,2.2829861640930176,0.14050377905368805,0.05081050097942352,0.8485881388187408
736,84.03570556640625,7.286908149719238,4.072011947631836,2.214287757873535,0.16507560014724731,0.10149513185024261,0.6533896625041962
737,33.58285903930664,6.4202470779418945,7.22907018661499,2.2313477993011475,0.056001391261816025,0.09945909678936005,0.6554996967315674
738,38.35231018066406,6.205755710601807,5.393851280212402,2.501035213470459,0.12009669840335846,0.08278439939022064,0.7906587421894073
739,57.84840774536133,5.842396259307861,2.383746385574341,2.7329986095428467,0.06971956044435501,0.03254657983779907,0.7391248345375061
740,41.64275360107422,5.78913688659668,2.0190589427948,2.330439567565918,0.04876374453306198,0.03420452028512955,0.7556323111057281
741,25.614301681518555,5.502889156341553,7.296423435211182,2.13999605178833,0.05955042690038681,0.07528899610042572,0.6751245260238647
742,24.782896041870117,6.213517665863037,5.828356742858887,2.1845855712890625,0.08864371478557587,0.08280732482671738,0.7452040314674377
743,35.357242584228516,7.8397297859191895,10.575571060180664,2.2866809368133545,0.06358347833156586,0.17126032710075378,0.7976148128509521
744,28.341413497924805,10.1373291015625,8.698142051696777,2.392770290374756,0.13274750113487244,0.13019686937332153,0.6811214089393616
745,61.21182632446289,4.598553657531738,5.330870628356934,2.7914860248565674,0.041826777160167694,0.054138146340847015,0.9838814735412598
746,31.34347915649414,5.203525066375732,4.06752347946167,2.7464439868927,0.037909284234046936,0.10881048440933228,0.7766874432563782
747,29.464017868041992,9.515714645385742,9.13931941986084,2.5059328079223633,0.1315542310476303,0.06855981796979904,0.7725754976272583
748,32.58913803100586,4.649522304534912,2.9062154293060303,2.5052924156188965,0.06601216644048691,0.04855499789118767,0.8814716935157776
749,29.216482162475586,6.154743671417236,3.0324201583862305,2.9435112476348877,0.11107794940471649,0.05688480660319328,0.9897733330726624
750,30.261526107788086,10.431978225708008,5.793279647827148,2.3828694820404053,0.19034472107887268,0.06530758738517761,0.7476484477519989
751,32.29296875,7.4561076164245605,4.731647968292236,2.6344666481018066,0.06269164383411407,0.06258145719766617,0.8603444397449493
752,33.416282653808594,3.895667791366577,5.168192386627197,2.319380760192871,0.035475559532642365,0.044646378606557846,0.7205536961555481
753,39.754154205322266,4.818188190460205,2.9709973335266113,2.570321559906006,0.05009516701102257,0.03560931980609894,0.7602120339870453
754,28.727556228637695,9.08836555480957,8.183382034301758,2.611321449279785,0.20791906118392944,0.06886148452758789,0.9508987963199615
755,30.213253021240234,7.338500499725342,3.289062023162842,2.6722445487976074,0.0646682158112526,0.06437712907791138,0.8823711574077606
756,40.162044525146484,5.726739883422852,3.285264253616333,2.2121119499206543,0.07277680188417435,0.037132665514945984,0.6806331276893616
757,30.439599990844727,6.715097904205322,2.6334712505340576,2.849259376525879,0.0959315076470375,0.05899864062666893,0.9844042062759399
758,47.5228271484375,15.777256965637207,5.176022052764893,2.5069422721862793,0.11719384789466858,0.05555998533964157,0.7708725929260254
759,27.019155502319336,5.5665154457092285,4.91615629196167,2.7133777141571045,0.11924915015697479,0.05215676873922348,1.0926660299301147
760,29.34257698059082,10.507729530334473,8.06406307220459,2.3707239627838135,0.17714568972587585,0.12006283551454544,0.724045068025589
761,31.950166702270508,13.2650146484375,8.721673011779785,1.6641005277633667,0.16379697620868683,0.1267884224653244,0.656361997127533
762,39.980445861816406,5.3646955490112305,5.8963422775268555,2.020970106124878,0.05608987808227539,0.06968092173337936,0.7772420942783356
763,32.10808563232422,9.965274810791016,10.196233749389648,2.0524728298187256,0.08250825107097626,0.12214289605617523,0.6004955768585205
764,32.759483337402344,9.746167182922363,3.410299062728882,2.7737860679626465,0.18487723171710968,0.036028023809194565,0.8625794947147369
765,32.486629486083984,6.449492454528809,6.612813472747803,2.3351380825042725,0.06098473072052002,0.08406941592693329,0.7055827677249908
766,44.23115539550781,5.273641109466553,4.950448036193848,2.447479486465454,0.08999177813529968,0.05664513260126114,0.8007370829582214
767,26.810483932495117,9.538277626037598,6.74030065536499,2.222654342651367,0.08710131049156189,0.06111573427915573,0.743145227432251
768,38.937049865722656,10.06797981262207,8.16513729095459,1.8851946592330933,0.06834836304187775,0.09189464151859283,0.7017416954040527
769,33.789283752441406,8.0833101272583,5.418642520904541,2.1699330806732178,0.1091846227645874,0.06390070170164108,0.8394169211387634
770,39.21453857421875,8.182890892028809,8.633760452270508,2.541764259338379,0.04719976335763931,0.08714693784713745,0.7982794046401978
771,35.832340240478516,11.7415132522583,6.310319423675537,2.3454363346099854,0.10776598751544952,0.1358332335948944,0.6202549636363983
772,33.729736328125,5.592734336853027,4.593951225280762,2.599721908569336,0.04851974546909332,0.07432641834020615,0.7059379518032074
773,34.91154861450195,10.810787200927734,5.037562847137451,2.5024640560150146,0.09073080122470856,0.05692164599895477,0.7956188917160034
774,23.05084991455078,10.23690128326416,5.452404975891113,2.584609031677246,0.09265629202127457,0.0828845426440239,0.89002326130867
775,43.26727294921875,9.82982063293457,2.392768621444702,3.145866870880127,0.13925105333328247,0.03864511474967003,1.087472379207611
776,33.397762298583984,5.18383264541626,4.262511253356934,2.147311210632324,0.060413144528865814,0.04711698740720749,0.6341095864772797
777,40.950862884521484,10.20324993133545,11.426544189453125,2.095522165298462,0.151075541973114,0.08231125771999359,0.6889020204544067
778,37.98263168334961,7.598823070526123,5.452785968780518,2.3679471015930176,0.09742365777492523,0.07689991593360901,0.8399996757507324
779,42.72182846069336,4.289912700653076,2.616426467895508,2.2866454124450684,0.04539666324853897,0.04414995014667511,0.6663619875907898
780,44.044212341308594,9.31457805633545,3.433978319168091,2.7661454677581787,0.10165531933307648,0.037319451570510864,1.0380261540412903
781,54.244564056396484,4.713894844055176,2.8297228813171387,2.369868278503418,0.07157516479492188,0.04179096221923828,0.7463221848011017
782,30.430482864379883,3.4496262073516846,3.4491820335388184,2.4721028804779053,0.04871070384979248,0.059037402272224426,0.7885521650314331
783,73.16522216796875,10.697860717773438,5.636185169219971,2.2896928787231445,0.0575762502849102,0.06713300943374634,0.7475800812244415
784,29.872865676879883,12.662721633911133,5.941596031188965,2.790299654006958,0.15924762189388275,0.05902065336704254,1.059429407119751
785,47.96062469482422,6.749993801116943,7.892840385437012,2.202380418777466,0.045870307832956314,0.12288379669189453,0.5701674222946167
786,49.48219299316406,4.937103271484375,5.030699729919434,1.9423110485076904,0.059197425842285156,0.08866863697767258,0.618393063545227
787,33.919246673583984,3.1867904663085938,5.259344577789307,2.693040609359741,0.039239853620529175,0.09043671935796738,0.7668339908123016
788,62.02737045288086,6.870056629180908,9.269482612609863,2.7709829807281494,0.06415953487157822,0.11897534132003784,0.7506707608699799
789,35.008689880371094,12.527684211730957,6.820609092712402,2.407437801361084,0.15678958594799042,0.07035531103610992,0.8235645294189453
790,44.23598098754883,9.415931701660156,5.888908386230469,2.1278908252716064,0.10798224061727524,0.0844007134437561,0.6104893088340759
791,36.70134735107422,9.94386100769043,5.116891860961914,2.9754629135131836,0.09918998181819916,0.0547715425491333,0.9774718880653381
792,37.656982421875,3.682800531387329,7.855766773223877,2.5550360679626465,0.05227816104888916,0.07823702692985535,0.7853428423404694
793,22.9311466217041,4.496832847595215,4.706817150115967,2.3053598403930664,0.06728360056877136,0.04906594380736351,0.6863830983638763
794,35.318260192871094,17.151582717895508,3.2310726642608643,2.0966789722442627,0.21766135096549988,0.04615505039691925,0.6609711945056915
795,34.44164276123047,11.03957462310791,2.953580141067505,2.0885169506073,0.2247915267944336,0.03769795596599579,0.6430505216121674
796,35.105350494384766,5.745383262634277,4.1651153564453125,2.8507981300354004,0.0566597506403923,0.048287004232406616,0.8941500782966614
797,29.54959487915039,12.093888282775879,5.542919158935547,1.9079877138137817,0.12418495118618011,0.09180784970521927,0.7188604176044464
798,37.70701599121094,6.231478214263916,1.8232380151748657,3.5864739418029785,0.045567288994789124,0.03193866088986397,0.8652389943599701
799,48.2672004699707,8.190997123718262,5.740992546081543,2.8505775928497314,0.18046647310256958,0.06319163739681244,1.1416238844394684
800,34.50706100463867,7.436757564544678,4.963249206542969,2.354849100112915,0.09860479086637497,0.07721023261547089,0.6650953590869904
801,48.26445770263672,13.639324188232422,8.572709083557129,2.4542219638824463,0.10881112515926361,0.21818089485168457,0.7180094420909882
802,39.62320327758789,4.956881523132324,3.1655352115631104,2.7702038288116455,0.053041134029626846,0.046160221099853516,0.8204691410064697
803,30.603620529174805,8.349898338317871,5.167238235473633,2.5273635387420654,0.09048646688461304,0.04409819096326828,0.7549007534980774
804,38.463348388671875,5.414557456970215,4.971138954162598,2.4131829738616943,0.08623100817203522,0.05865628272294998,0.8058072328567505
805,45.70640563964844,6.54319953918457,5.283487319946289,2.221677780151367,0.059761084616184235,0.06985069811344147,0.7070712447166443
806,37.54766082763672,17.601797103881836,3.6415016651153564,2.5847082138061523,0.22896751761436462,0.05427733063697815,0.8654395341873169
807,48.904869079589844,3.0638318061828613,3.821566581726074,2.3575713634490967,0.046461112797260284,0.041005607694387436,0.7078450620174408
808,38.886234283447266,9.951247215270996,3.053471088409424,2.1099483966827393,0.09913060069084167,0.041486501693725586,0.6459217369556427
809,38.22264099121094,7.538975238800049,3.2785463333129883,2.383439540863037,0.14481966197490692,0.039870962500572205,0.8486736416816711
810,48.18535232543945,9.609550476074219,8.821097373962402,2.4178383350372314,0.07899369299411774,0.17551906406879425,0.8146605342626572
811,29.97655487060547,6.3577351570129395,2.710787057876587,2.1891090869903564,0.06394314765930176,0.04051092267036438,0.755266010761261
812,42.0910758972168,13.276107788085938,4.188533782958984,2.088632583618164,0.1765524297952652,0.08237576484680176,0.5674464702606201
813,32.43093490600586,6.205894470214844,3.6568188667297363,2.473165512084961,0.08396384865045547,0.06381929665803909,0.9283843040466309
814,33.834693908691406,8.654790878295898,6.818944931030273,1.7546032667160034,0.06558982282876968,0.09702177345752716,0.5453246533870697
815,28.580686569213867,11.52725601196289,5.293506145477295,2.379528522491455,0.17320890724658966,0.048994604498147964,0.7282789349555969
816,24.86954689025879,9.388440132141113,5.278648376464844,2.1728246212005615,0.10515505820512772,0.06711368262767792,0.8591514229774475
817,29.808351516723633,4.82486629486084,3.4875621795654297,2.529146194458008,0.038739100098609924,0.03772023320198059,0.8959315121173859
818,44.993473052978516,5.1523590087890625,8.024467468261719,2.040522336959839,0.042225565761327744,0.21171990036964417,0.5852452516555786
819,38.607444763183594,6.352062702178955,2.3815104961395264,2.5148329734802246,0.06393130123615265,0.03267029672861099,0.740482896566391
820,31.53755760192871,17.609891891479492,4.044849872589111,2.607609272003174,0.1782771497964859,0.04527275264263153,0.7731956243515015
821,32.51701736450195,8.446866989135742,8.37987995147705,2.2853457927703857,0.08650340139865875,0.20559045672416687,0.6480758488178253
822,69.30485534667969,6.385686874389648,2.700072765350342,3.099139451980591,0.11521632969379425,0.06569365411996841,1.2460854053497314
823,53.61625289916992,3.3554844856262207,4.938296318054199,2.619053363800049,0.05430964380502701,0.05343712121248245,1.0269266366958618
824,43.72418212890625,9.189252853393555,4.228635311126709,2.0396761894226074,0.06402705609798431,0.04491962492465973,0.686998188495636
825,48.244659423828125,8.763444900512695,3.902061939239502,2.986973524093628,0.08608010411262512,0.05123846232891083,1.0466685593128204
826,53.16904067993164,6.028058052062988,4.808703422546387,2.412264823913574,0.08368363976478577,0.10149107873439789,0.7228347361087799
827,38.66574478149414,5.841332912445068,5.254699230194092,2.6932640075683594,0.058100856840610504,0.043886296451091766,0.7529930770397186
828,30.03501319885254,3.9919426441192627,5.926883220672607,2.2629902362823486,0.036313824355602264,0.0978316068649292,0.7045333981513977
829,26.773632049560547,9.009217262268066,4.062586784362793,2.2540078163146973,0.08024271577596664,0.052089422941207886,0.710959404706955
830,44.21794509887695,4.085907936096191,6.282483100891113,2.5410776138305664,0.036417774856090546,0.06731114536523819,0.943945586681366
831,45.02207946777344,10.522066116333008,5.433516502380371,2.0979721546173096,0.1397469937801361,0.05066227167844772,0.5952641367912292
832,52.62038040161133,11.13364315032959,8.782291412353516,2.0226311683654785,0.16685941815376282,0.08067292720079422,0.7661469578742981
833,66.8921127319336,8.381153106689453,2.6251277923583984,2.325547218322754,0.11280561983585358,0.04709668457508087,0.6689529418945312
834,34.14606475830078,16.78089141845703,5.438601016998291,1.9612904787063599,0.21162092685699463,0.06457023322582245,0.7270093560218811
835,31.4838924407959,6.386250972747803,4.583103179931641,2.567009687423706,0.06836036592721939,0.06931634992361069,0.9639303684234619
836,35.45325469970703,13.841297149658203,7.819953441619873,2.2462410926818848,0.11424772441387177,0.045688748359680176,0.7608405649662018
837,34.56958770751953,6.458858966827393,5.136595726013184,2.6549367904663086,0.0764765664935112,0.07975087314844131,0.8536741137504578
838,31.41375732421875,4.202491283416748,5.30035924911499,2.2001047134399414,0.05163675546646118,0.068605937063694,0.710870623588562
839,71.29224395751953,7.476970195770264,4.012861728668213,2.3220720291137695,0.07544270157814026,0.03112376108765602,0.6174096167087555
840,42.22427749633789,8.79434871673584,4.8381476402282715,2.3035888671875,0.08115340769290924,0.054027870297431946,0.6436465382575989
841,44.85484313964844,9.043893814086914,3.5732603073120117,2.457300901412964,0.06763690710067749,0.06766235828399658,0.7750853896141052
842,37.635955810546875,7.292807579040527,2.9598469734191895,2.146038770675659,0.07007475197315216,0.03142635524272919,0.7153596580028534
843,27.850486755371094,10.540772438049316,4.26035213470459,3.0267927646636963,0.12161761522293091,0.049942538142204285,0.9895675778388977
844,31.487817764282227,4.310716152191162,3.9729554653167725,2.3406307697296143,0.06427102535963058,0.04593866318464279,0.786838710308075
845,30.10639762878418,6.0076985359191895,5.300423622131348,2.4685781002044678,0.09674657881259918,0.0631338506937027,0.8351263403892517
846,33.03776168823242,6.70695686340332,3.2934927940368652,3.0583887100219727,0.08910531550645828,0.04137144237756729,1.1875872611999512
847,34.32556915283203,14.753952980041504,4.240707874298096,2.7112109661102295,0.09847843647003174,0.066269151866436,0.8152892589569092
848,31.458402633666992,8.638043403625488,6.282715797424316,2.058042287826538,0.13219068944454193,0.0997815802693367,0.5488731265068054
849,34.02358627319336,9.582775115966797,5.587377548217773,2.6282460689544678,0.09282656759023666,0.13377831876277924,0.7638581991195679
850,31.236637115478516,8.654983520507812,3.225661516189575,2.6475186347961426,0.09711691737174988,0.05716554820537567,0.9901523292064667
851,28.328943252563477,4.932934284210205,4.447770595550537,2.6652212142944336,0.06525315344333649,0.06752895563840866,1.0588114261627197
852,32.47882080078125,5.892476558685303,10.049241065979004,2.3119611740112305,0.09200027585029602,0.126887708902359,0.7414074540138245
853,22.43498992919922,7.899133682250977,5.432226657867432,1.7501386404037476,0.16026908159255981,0.1583983153104782,0.701770007610321
854,40.25146484375,8.747660636901855,5.470497131347656,2.078728437423706,0.15771043300628662,0.06077241525053978,0.7366885244846344
855,44.158897399902344,11.22519302368164,1.9227582216262817,2.5205156803131104,0.0850224420428276,0.032666802406311035,0.8160965740680695
856,36.80487060546875,6.190706729888916,2.7341833114624023,2.304488182067871,0.08828679472208023,0.054795704782009125,0.7278230786323547
857,39.69643020629883,18.62801170349121,2.7001914978027344,2.7710304260253906,0.2292950600385666,0.053006187081336975,0.7524906098842621
858,21.203340530395508,6.609787464141846,4.101361274719238,2.099236011505127,0.06638249009847641,0.08502697944641113,0.7376300096511841
859,31.60348892211914,3.262166738510132,7.054730415344238,1.7787069082260132,0.03748561441898346,0.08835620433092117,0.6639913320541382
860,34.90664291381836,5.9812493324279785,9.004422187805176,2.0587470531463623,0.09209301322698593,0.12878796458244324,0.6105884909629822
861,38.572959899902344,10.859362602233887,1.5348484516143799,2.1519949436187744,0.06545914709568024,0.030392277985811234,0.8361123204231262
862,36.0604248046875,4.846144199371338,3.8192107677459717,2.641803026199341,0.06502202898263931,0.08064185082912445,0.823298841714859
863,29.526700973510742,2.6039934158325195,5.069712162017822,2.62854266166687,0.04721144586801529,0.08938431739807129,0.8916995525360107
864,33.52953338623047,6.97566556930542,4.607300758361816,2.323012351989746,0.0806347131729126,0.059375353157520294,0.7164674401283264
865,36.11484146118164,13.456331253051758,5.501875877380371,1.9394205808639526,0.231998011469841,0.09505778551101685,0.7151787579059601
866,43.25978088378906,9.360123634338379,4.969513416290283,2.1815361976623535,0.10438427329063416,0.05252997577190399,0.685888946056366
867,34.001644134521484,7.222134113311768,8.090299606323242,2.1911659240722656,0.10308682918548584,0.11948840320110321,0.6212556958198547
868,38.95036315917969,8.561156272888184,6.241539478302002,2.3483715057373047,0.07172317802906036,0.05891689658164978,0.6718730926513672
869,29.730615615844727,8.822690963745117,7.439708232879639,2.313204526901245,0.14247898757457733,0.06380683183670044,0.8450142741203308
870,42.57541275024414,4.335712432861328,7.940318584442139,1.912262201309204,0.037375081330537796,0.14870919287204742,0.5410294830799103
871,20.029861450195312,9.651948928833008,6.215810775756836,2.152243137359619,0.10349766165018082,0.11545740813016891,0.7412190139293671
872,24.534276962280273,7.824174880981445,4.185207366943359,2.467714786529541,0.06130877137184143,0.056677430868148804,1.1155930757522583
873,35.005340576171875,5.778713226318359,3.654066801071167,2.7639176845550537,0.060344040393829346,0.05004635453224182,0.857963502407074
874,24.068317413330078,4.061715126037598,3.524332046508789,2.732635974884033,0.04621294140815735,0.04284869134426117,0.8678611516952515
875,27.921131134033203,10.186746597290039,3.8210484981536865,2.4008283615112305,0.14935806393623352,0.041369616985321045,0.7464401721954346
876,30.7710018157959,5.338145732879639,6.432571887969971,2.222194194793701,0.04643500596284866,0.08331337571144104,0.7813726663589478
877,39.4637565612793,5.35085916519165,9.226184844970703,2.384138822555542,0.0532807782292366,0.12950804829597473,0.6457018554210663
878,41.531951904296875,3.021092176437378,3.5288095474243164,2.3867809772491455,0.04474298655986786,0.057311076670885086,0.6848916411399841
879,38.56999969482422,8.931962013244629,6.278687953948975,2.435669422149658,0.195138618350029,0.1465635597705841,0.627795934677124
880,44.55076599121094,7.123469352722168,5.2754902839660645,2.1857383251190186,0.12217020988464355,0.062284715473651886,0.708460658788681
881,32.46030807495117,6.840738773345947,3.5488243103027344,2.757760763168335,0.07770310342311859,0.057000383734703064,0.8881827592849731
882,32.67239761352539,5.1907830238342285,9.001806259155273,2.1275062561035156,0.06496011465787888,0.10349893569946289,0.6720679700374603
883,31.428014755249023,4.550436973571777,4.491790294647217,2.9047322273254395,0.06888996064662933,0.053111761808395386,0.9854048490524292
884,42.330543518066406,10.086217880249023,5.653531551361084,2.7136988639831543,0.09339510649442673,0.06323069334030151,0.9682221412658691
885,39.688419342041016,9.488452911376953,4.7887115478515625,2.3375046253204346,0.0874200388789177,0.05208493769168854,0.7986085116863251
886,28.26361083984375,3.3184046745300293,2.624645233154297,2.581645965576172,0.060413431376218796,0.041618697345256805,0.8832841515541077
887,36.39527130126953,5.516425609588623,2.6798689365386963,2.328425407409668,0.05004148930311203,0.036609500646591187,0.7610014081001282
888,42.48539733886719,7.138519763946533,3.765961170196533,2.4725499153137207,0.056780483573675156,0.044994425028562546,0.6016198992729187
889,53.35737609863281,6.256363868713379,4.446804523468018,3.073887586593628,0.11391399800777435,0.06925638765096664,1.0299211144447327
890,32.093807220458984,11.698343276977539,3.1765213012695312,2.6100258827209473,0.08520288020372391,0.04433584585785866,0.7595648467540741
891,39.21530532836914,15.740394592285156,5.380825519561768,2.2701895236968994,0.1656160056591034,0.052800484001636505,0.9725661873817444
892,34.80630874633789,7.055306434631348,8.575119018554688,2.41068959236145,0.08039914071559906,0.07574385404586792,0.6570608615875244
893,36.17963409423828,5.997908592224121,4.53960657119751,2.6785712242126465,0.07995674014091492,0.06449288874864578,0.8900229930877686
894,26.80951499938965,6.278645992279053,3.609147310256958,2.480530261993408,0.09581989049911499,0.05501794442534447,0.8157184720039368
895,39.68129348754883,24.85097312927246,4.9084577560424805,2.237042188644409,0.1605854481458664,0.0667366087436676,0.6593626439571381
896,29.012928009033203,4.893321514129639,4.4235076904296875,2.571227550506592,0.06121266260743141,0.06393460184335709,0.768808513879776
897,66.3960189819336,12.343961715698242,5.683461666107178,2.205613136291504,0.15868020057678223,0.0831056609749794,0.7191610336303711
898,29.529497146606445,11.007110595703125,4.937448024749756,2.2910537719726562,0.10733243823051453,0.05820653587579727,0.785604327917099
899,51.62556076049805,8.417447090148926,2.3787550926208496,3.0769386291503906,0.08782097697257996,0.03669904172420502,1.2226287126541138
900,55.57923889160156,5.15341329574585,3.9169881343841553,2.3842334747314453,0.08088040351867676,0.04304717853665352,0.7780239880084991
901,34.84695816040039,5.651448726654053,4.134786128997803,2.1784093379974365,0.0854102224111557,0.08461272716522217,0.6984423995018005
902,32.417877197265625,7.443625450134277,6.123826026916504,2.3436906337738037,0.07031553983688354,0.10715548694133759,0.8407833874225616
903,34.69285202026367,5.1352434158325195,5.8705949783325195,2.3706512451171875,0.05858413875102997,0.07056593894958496,0.6899133324623108
904,32.927764892578125,6.153349876403809,2.0007874965667725,3.0661232471466064,0.07224695384502411,0.0302867591381073,0.9471143484115601
905,25.33952522277832,8.473750114440918,8.459033012390137,2.9940624237060547,0.26065558195114136,0.17344965040683746,0.8151255548000336
906,32.552486419677734,5.003810405731201,4.3725266456604,2.4638569355010986,0.08614122122526169,0.03346846252679825,0.7276747822761536
907,40.36973571777344,10.033479690551758,4.974750995635986,1.7403385639190674,0.08848363161087036,0.0999397486448288,0.5653380751609802
908,23.18428611755371,6.886763095855713,12.359725952148438,2.4706742763519287,0.0851176530122757,0.09207922965288162,1.1023141741752625
909,48.3814697265625,5.837852478027344,8.181766510009766,2.0687928199768066,0.058685578405857086,0.0828242152929306,0.7452250719070435
910,56.39043045043945,4.279923915863037,4.461794853210449,2.333749771118164,0.03850778937339783,0.06842561811208725,0.8531604409217834
911,37.11013412475586,9.169912338256836,5.952424049377441,2.0369770526885986,0.08832358568906784,0.14579370617866516,0.574863076210022
912,31.063425064086914,15.22606372833252,3.838593006134033,2.5811212062835693,0.1123846024274826,0.04509136825799942,0.8242941498756409
913,33.74031066894531,3.7538347244262695,6.6746649742126465,2.4854133129119873,0.045846953988075256,0.09293054789304733,0.6573396921157837
914,35.92509460449219,14.917350769042969,3.1294331550598145,2.837101936340332,0.12406754493713379,0.04902774840593338,0.9423566460609436
915,23.353858947753906,1.7855663299560547,4.160613059997559,2.822330951690674,0.040390390902757645,0.04684210568666458,0.9448679983615875
916,33.450714111328125,3.5736305713653564,5.751588344573975,2.2309465408325195,0.040300723165273666,0.08170145750045776,0.7146524488925934
917,31.7844295501709,12.692404747009277,2.677427053451538,2.236100435256958,0.14141294360160828,0.05240076035261154,0.6227730810642242
918,45.31281661987305,8.363661766052246,2.9573721885681152,2.7871153354644775,0.07169174402952194,0.03238733112812042,0.7620295882225037
919,26.993135452270508,8.267181396484375,3.97234845161438,2.0164289474487305,0.06268789619207382,0.144977867603302,0.6334783732891083
920,25.5909366607666,5.61777925491333,7.106306076049805,2.5877559185028076,0.042765628546476364,0.07451189309358597,0.7962533831596375
921,58.568641662597656,24.126237869262695,5.500299453735352,2.414174795150757,0.19081264734268188,0.13718906044960022,0.6808831095695496
922,47.45349884033203,11.595147132873535,3.806541681289673,2.351301431655884,0.08809123933315277,0.04573947936296463,0.7705175876617432
923,40.54356002807617,16.4593505859375,6.50432014465332,2.489962339401245,0.15851402282714844,0.1025879830121994,0.7168069779872894
924,34.520103454589844,9.372940063476562,5.659045219421387,2.127974271774292,0.17026548087596893,0.06801147758960724,0.7475923895835876
925,29.055814743041992,7.334400653839111,2.016035318374634,1.7357683181762695,0.08139781653881073,0.029561255127191544,0.5533185303211212
926,51.823936462402344,5.760087490081787,2.118812084197998,2.868647575378418,0.05991156026721001,0.047023214399814606,1.044200599193573
927,33.42169952392578,5.732303619384766,4.013761520385742,2.578023672103882,0.08917570859193802,0.04969828575849533,0.9179465770721436
928,29.75438690185547,7.049396991729736,6.223926544189453,2.1654653549194336,0.07819661498069763,0.14328160881996155,0.820445328950882
929,34.00801086425781,4.597675323486328,2.970858573913574,2.4623024463653564,0.044553354382514954,0.041721850633621216,0.7726256549358368
930,29.509937286376953,15.112434387207031,3.9437618255615234,2.3574740886688232,0.10830282419919968,0.0696399062871933,0.8563508093357086
931,42.07758331298828,5.830098628997803,4.473202705383301,2.5161871910095215,0.12014973163604736,0.041786640882492065,0.7311391532421112
932,71.1465072631836,4.197553634643555,6.559157848358154,2.173929452896118,0.03791653737425804,0.07509301602840424,0.5173311531543732
933,33.94390869140625,6.260609149932861,5.994999885559082,2.572807788848877,0.05984453111886978,0.06315407156944275,0.9184715747833252
934,35.233219146728516,5.100947856903076,3.6623337268829346,2.5063672065734863,0.061796680092811584,0.061389222741127014,0.9073006510734558
935,86.73197174072266,3.8297922611236572,4.091088771820068,2.3256185054779053,0.04139616712927818,0.05190061032772064,0.7822104692459106
936,42.15603256225586,12.31124210357666,5.002285003662109,2.720688581466675,0.1303953379392624,0.06804472208023071,0.8337791562080383
937,40.23910140991211,3.3009817600250244,3.8824830055236816,2.833449602127075,0.08506199717521667,0.04988723248243332,0.8741452395915985
938,61.88642501831055,4.809805393218994,3.57961368560791,2.583897113800049,0.0468711331486702,0.034704964607954025,0.7412822842597961
939,34.95576095581055,3.5418291091918945,3.9916508197784424,2.208648204803467,0.052113525569438934,0.05281960964202881,0.8268823325634003
940,59.60177993774414,5.809997081756592,4.744615077972412,2.085216522216797,0.08592037856578827,0.08455760031938553,0.7696649134159088
941,28.651485443115234,7.837098121643066,4.4445695877075195,2.615283489227295,0.15165695548057556,0.04879676550626755,0.8813359439373016
942,43.00420379638672,10.396689414978027,6.654122829437256,2.183523178100586,0.1208808571100235,0.07418297976255417,0.8336155414581299
943,32.53003692626953,12.080866813659668,3.893556594848633,2.1928939819335938,0.13855576515197754,0.06296613812446594,0.7959878444671631
944,25.226306915283203,6.108473777770996,1.7514585256576538,2.6206319332122803,0.045686982572078705,0.034113943576812744,0.9550368785858154
945,48.30265808105469,7.026853084564209,4.715557098388672,2.3809680938720703,0.07678909599781036,0.054824814200401306,0.8024731874465942
946,22.165800094604492,8.516735076904297,5.788858890533447,2.1492984294891357,0.08280865103006363,0.058786071836948395,0.9900599122047424
947,29.93558692932129,7.935459136962891,6.663879871368408,2.157543897628784,0.12127196788787842,0.1729573905467987,0.7161154448986053
948,37.747798919677734,11.144259452819824,2.8894686698913574,2.3430395126342773,0.08196864277124405,0.037053078413009644,0.7898410260677338
949,25.853809356689453,10.941301345825195,5.475396156311035,2.043151617050171,0.14893019199371338,0.12754546105861664,0.8010270893573761
950,37.36671447753906,15.118791580200195,5.034742832183838,2.221649169921875,0.14909683167934418,0.06703408062458038,0.6479179561138153
951,44.389503479003906,7.686206340789795,8.17407512664795,2.0063507556915283,0.06297565251588821,0.12831394374370575,0.8570579588413239
952,25.478912353515625,6.933339595794678,5.77716064453125,1.9751538038253784,0.06841766089200974,0.07300785183906555,0.6988951563835144
953,40.08894348144531,7.793530464172363,4.6725239753723145,2.2545440196990967,0.1540425717830658,0.0483221709728241,0.7634916603565216
954,29.24601173400879,6.862393379211426,12.720113754272461,1.496752381324768,0.06483111530542374,0.23798686265945435,0.5064291656017303
955,39.031890869140625,9.637864112854004,2.0027520656585693,2.7967529296875,0.1282913237810135,0.03898290544748306,1.0714789032936096
956,53.05738067626953,4.994045734405518,4.15088415145874,2.399630546569824,0.0446324422955513,0.07495681941509247,0.7702113389968872
957,49.16375732421875,7.480209827423096,3.8515584468841553,2.2926406860351562,0.0726189836859703,0.047030385583639145,0.6450861990451813
958,28.144716262817383,2.5581820011138916,6.042006969451904,2.6489791870117188,0.033638712018728256,0.1281859278678894,1.1104127764701843
959,32.509925842285156,4.603288173675537,2.3668761253356934,2.551143169403076,0.05585837364196777,0.03623639792203903,0.8416419625282288
960,38.89908218383789,8.025130271911621,4.360106468200684,2.2525203227996826,0.13139581680297852,0.07620184123516083,0.9611944556236267
961,32.15230178833008,6.38399076461792,4.369014263153076,2.3948864936828613,0.060664091259241104,0.06421848386526108,0.6518911123275757
962,38.23088455200195,13.20511531829834,3.0478899478912354,2.724684000015259,0.10197246074676514,0.04216521978378296,1.0116458535194397
963,38.9975700378418,10.545324325561523,4.522702693939209,2.104065179824829,0.10860347002744675,0.06228101998567581,0.8502308130264282
964,31.960655212402344,8.053646087646484,7.500418186187744,2.1376543045043945,0.08916909247636795,0.09673450142145157,0.6899919509887695
965,32.213539123535156,11.024833679199219,5.501993179321289,2.0262410640716553,0.21171210706233978,0.07586727291345596,0.6000262945890427
966,35.85957717895508,9.913579940795898,3.6881392002105713,2.134294271469116,0.17567238211631775,0.04898538812994957,0.6735115647315979
967,34.95488357543945,8.514659881591797,2.573841094970703,2.6526031494140625,0.1349232792854309,0.040598247200250626,0.7524524927139282
968,40.23576736450195,11.028656959533691,4.520643711090088,1.9476436376571655,0.11325390636920929,0.04856066778302193,0.6579675078392029
969,30.196008682250977,7.351522445678711,4.500630855560303,2.0331599712371826,0.09806229919195175,0.06445808708667755,0.6381365358829498
970,25.784570693969727,8.462645530700684,3.068054437637329,2.5292341709136963,0.1056743934750557,0.03329373896121979,0.939778745174408
971,33.00432586669922,4.643059730529785,6.632838726043701,1.9521989822387695,0.06669251620769501,0.07024061679840088,0.5565467774868011
972,31.07822036743164,5.967287063598633,4.832606315612793,2.513720989227295,0.07180459797382355,0.05927783250808716,0.844499260187149
973,25.038164138793945,7.700994491577148,8.057693481445312,2.595813274383545,0.06221034750342369,0.08670973777770996,0.773301512002945
974,65.1439208984375,12.408744812011719,3.3877196311950684,2.8012778759002686,0.08037327229976654,0.03614014759659767,0.8293210864067078
975,33.19905090332031,3.2332444190979004,4.168522357940674,2.3799731731414795,0.04479257017374039,0.05736899748444557,0.8646121025085449
976,40.38954162597656,20.4020938873291,8.177022933959961,2.7122979164123535,0.17085301876068115,0.07761259377002716,0.9024049937725067
977,28.617591857910156,15.835156440734863,4.053389549255371,2.0302155017852783,0.2549445629119873,0.09106642752885818,0.6452012658119202
978,43.89524459838867,4.524011135101318,3.5014054775238037,2.8466200828552246,0.061533257365226746,0.05200469121336937,0.8750757575035095
979,38.83674240112305,3.849616289138794,3.9204916954040527,2.2188313007354736,0.04656220227479935,0.034673452377319336,0.7228273749351501
980,27.847414016723633,11.028501510620117,3.306593656539917,2.921828269958496,0.22777217626571655,0.06003277748823166,1.1395921111106873
981,42.94459533691406,6.407890796661377,4.632201194763184,2.4406015872955322,0.0879642516374588,0.06420973688364029,0.8162413537502289
982,33.72884750366211,11.218269348144531,2.387876510620117,2.640629768371582,0.08076584339141846,0.03883739933371544,0.907118558883667
983,25.88640785217285,7.467217922210693,2.9985227584838867,2.218984842300415,0.17147904634475708,0.05091267079114914,0.6917146444320679
984,31.18923568725586,4.886631488800049,6.2152838706970215,2.7155942916870117,0.047290049493312836,0.08685608208179474,0.7649651765823364
985,28.144149780273438,11.762466430664062,4.796499729156494,2.3176965713500977,0.09897546470165253,0.05945795029401779,0.8723069727420807
986,23.8769588470459,7.749952793121338,3.8993513584136963,2.5096683502197266,0.0745244026184082,0.031783297657966614,0.7865323722362518
987,28.776634216308594,9.451517105102539,4.900510787963867,2.628998041152954,0.06479752063751221,0.09446734935045242,0.889356791973114
988,22.654951095581055,4.670137882232666,3.1288511753082275,2.8843488693237305,0.0640009194612503,0.05616182088851929,1.0558401346206665
989,27.785783767700195,13.796491622924805,3.003675937652588,2.353320598602295,0.1689675748348236,0.0331241711974144,0.7527786493301392
990,33.8723258972168,9.642885208129883,9.317000389099121,2.576021671295166,0.07303602993488312,0.0892072468996048,0.6416649222373962
991,42.174705505371094,12.309011459350586,3.0778913497924805,2.628871202468872,0.1738908290863037,0.04593867063522339,0.8152098655700684
992,32.513248443603516,9.616609573364258,1.7906402349472046,2.551520824432373,0.09785650670528412,0.035915471613407135,0.7932895123958588
993,33.020973205566406,7.437427997589111,6.729941368103027,2.0400891304016113,0.09508189558982849,0.07484549283981323,0.6380385160446167
994,29.783239364624023,5.726650238037109,8.166305541992188,2.659308671951294,0.0496288537979126,0.059114545583724976,0.8821783661842346
995,37.61933517456055,9.97900676727295,1.9343791007995605,2.846585273742676,0.10673864185810089,0.048276957124471664,1.0032028257846832
996,47.11532211303711,5.957499980926514,7.8428473472595215,2.4923577308654785,0.06351416558027267,0.21130996942520142,0.6910932064056396
997,44.572731018066406,10.303167343139648,6.452942848205566,2.0779852867126465,0.1736951768398285,0.1507560759782791,0.6576212644577026
998,44.49117660522461,5.478178024291992,4.256622791290283,2.432422161102295,0.06604772806167603,0.03471475839614868,0.797051340341568
999,33.21472930908203,4.149865627288818,5.495305061340332,2.323093891143799,0.0522916316986084,0.07927639037370682,0.8587977290153503
1000,35.14596939086914,13.473011016845703,4.549324989318848,2.40578556060791,0.14275653660297394,0.05146171152591705,0.817621260881424
1001,26.327085494995117,10.889981269836426,3.8737382888793945,2.024552583694458,0.16693159937858582,0.05891430005431175,0.6753053963184357
1002,64.41756439208984,5.117832183837891,4.501679420471191,2.612529993057251,0.0607207752764225,0.037953201681375504,0.6532959938049316
1003,46.2640380859375,4.194028854370117,6.7075419425964355,2.372239828109741,0.05937860161066055,0.07217079401016235,0.779181718826294
1004,33.099639892578125,3.8072867393493652,4.917901992797852,2.477217674255371,0.05372554808855057,0.05475763976573944,0.7617968320846558
1005,24.914627075195312,10.528569221496582,7.617195129394531,2.685751438140869,0.079381562769413,0.1832527071237564,0.8542602360248566
1006,25.810977935791016,7.10828161239624,6.000202178955078,3.1146178245544434,0.09935068339109421,0.18261323869228363,1.1368688642978668
1007,24.453947067260742,8.367015838623047,2.117238759994507,3.12445330619812,0.13860772550106049,0.052383821457624435,1.223138689994812
1008,52.02583312988281,5.5634894371032715,6.891114711761475,2.369884729385376,0.045343250036239624,0.06434059143066406,0.7909237146377563
1009,29.573999404907227,4.395944118499756,3.4001803398132324,2.2354488372802734,0.07522518932819366,0.06855662912130356,0.7105579972267151
1010,45.69599151611328,4.0556464195251465,6.824106216430664,2.377588987350464,0.05317924544215202,0.09105034172534943,0.7988705337047577
1011,40.5649299621582,8.190817832946777,5.972335338592529,3.212327718734741,0.06470242887735367,0.05366844683885574,1.1348984837532043
1012,29.809505462646484,10.743966102600098,4.558835506439209,2.589421033859253,0.13369326293468475,0.06383051723241806,0.8580085039138794
1013,31.454511642456055,14.417052268981934,5.72141170501709,2.346402168273926,0.24218332767486572,0.04352917522192001,0.804546594619751
1014,32.13752746582031,12.556084632873535,8.783719062805176,2.405829668045044,0.10287830233573914,0.06718846410512924,0.815665602684021
1015,23.50413703918457,13.022541999816895,1.485329031944275,2.4123153686523438,0.21804076433181763,0.04849623888731003,0.955613523721695
1016,20.59898567199707,3.515814781188965,6.601899147033691,2.5805611610412598,0.05270926654338837,0.10705995559692383,0.7737802267074585
1017,29.392545700073242,3.563161611557007,2.6384592056274414,2.845745086669922,0.05833879113197327,0.038317836821079254,0.9638299942016602
1018,26.812137603759766,11.001477241516113,5.668038368225098,2.290835380554199,0.0961185097694397,0.06805954873561859,0.6778538525104523
1019,48.46910858154297,6.949833393096924,9.610719680786133,3.1229894161224365,0.06401745975017548,0.19421756267547607,0.6926117539405823
1020,25.953014373779297,4.510347366333008,3.0356695652008057,2.4640300273895264,0.07982832193374634,0.05819770321249962,0.7249490022659302
1021,61.38888931274414,13.278255462646484,5.590442657470703,2.515021800994873,0.1133897602558136,0.09532022476196289,0.7345260977745056
1022,48.14509963989258,6.641787052154541,6.79291296005249,2.1859898567199707,0.0698290467262268,0.05824056640267372,0.7091666758060455
1023,35.600948333740234,4.613677978515625,9.832396507263184,2.4999122619628906,0.08988680690526962,0.16561153531074524,0.6803183257579803
1024,32.326171875,7.2663960456848145,6.119961261749268,2.4165821075439453,0.14962978661060333,0.08798177540302277,0.817704826593399
1025,37.097042083740234,6.366793632507324,1.9758830070495605,3.069422721862793,0.12966914474964142,0.03929619491100311,1.0854219794273376
1026,41.75127410888672,3.3501312732696533,10.020264625549316,2.3314027786254883,0.032312698662281036,0.10646224021911621,0.726920485496521
1027,27.966331481933594,7.991464614868164,6.889657020568848,2.0851376056671143,0.1601160764694214,0.07415646314620972,0.5804406702518463
1028,35.74028396606445,8.758306503295898,4.1924591064453125,2.3843493461608887,0.058173760771751404,0.04038719832897186,0.7908866703510284
1029,22.413646697998047,3.2330446243286133,2.3592896461486816,3.0618834495544434,0.037419211119413376,0.03820759057998657,1.12260040640831
1030,29.040502548217773,7.349980354309082,4.015405654907227,2.561687469482422,0.09196855872869492,0.05599570274353027,0.8416348993778229
1031,42.08655548095703,9.12885856628418,4.252007484436035,2.5114173889160156,0.08244108408689499,0.07639216631650925,0.726536214351654
1032,29.201053619384766,8.382085800170898,12.493247032165527,1.9280588626861572,0.11586397886276245,0.1248418390750885,0.7226437926292419
1033,40.80955505371094,10.762978553771973,3.5486185550689697,2.032207489013672,0.09244520217180252,0.052840955555438995,0.6072872877120972
1034,48.30254364013672,10.455759048461914,10.68311595916748,2.208617687225342,0.18035286664962769,0.1126675009727478,0.7338939309120178
1035,32.76802444458008,6.812039375305176,7.258674621582031,2.7253754138946533,0.1135047972202301,0.08872314542531967,0.9065156280994415
1036,51.6976432800293,10.568286895751953,6.1335577964782715,2.521376371383667,0.06476808339357376,0.051930852234363556,0.9557153582572937
1037,39.88232421875,17.757051467895508,6.103679180145264,1.8278491497039795,0.17222091555595398,0.15650758147239685,0.6383496224880219
1038,27.270418167114258,9.099268913269043,5.509037017822266,2.3049235343933105,0.09306706488132477,0.048875048756599426,0.7103197276592255
1039,27.36942481994629,6.840096950531006,2.714601516723633,2.6047723293304443,0.04306492954492569,0.03950617089867592,0.8748922646045685
1040,41.63971710205078,9.053853034973145,4.246861457824707,1.96653413772583,0.06369693577289581,0.06334336847066879,0.6494840085506439
1041,31.30660629272461,11.237733840942383,2.3200414180755615,2.551964521408081,0.07898133993148804,0.03278769552707672,0.7950217127799988
1042,35.578895568847656,9.825467109680176,6.919327735900879,2.231203556060791,0.08673965930938721,0.08526072651147842,0.7170596122741699
1043,63.361148834228516,9.942084312438965,6.754966735839844,2.0950636863708496,0.08585640788078308,0.06774769723415375,0.6615491807460785
1044,26.081466674804688,15.685285568237305,1.9708647727966309,3.2318153381347656,0.2072712779045105,0.03640887886285782,1.0574180483818054
1045,42.213165283203125,4.751237869262695,6.244411468505859,2.428710699081421,0.050775475800037384,0.05656677484512329,0.8379372656345367
1046,42.44248580932617,5.793000221252441,5.7761735916137695,2.5796029567718506,0.0799178034067154,0.08893144130706787,0.595346599817276
1047,23.832183837890625,11.848169326782227,4.813704490661621,2.1994192600250244,0.16480322182178497,0.07152797281742096,0.7197147607803345
1048,33.84675979614258,6.210155487060547,4.486667156219482,2.3919248580932617,0.0827135443687439,0.05962909758090973,0.7745451629161835
1049,35.70846176147461,7.569601058959961,5.929070949554443,2.4272046089172363,0.11788244545459747,0.10310861468315125,0.7573434710502625
1050,32.21748352050781,2.9090404510498047,2.63822078704834,2.7104263305664062,0.04945788532495499,0.03966541215777397,0.8987992405891418
1051,44.028358459472656,6.4103851318359375,3.6623566150665283,2.4186551570892334,0.05368296056985855,0.04575483500957489,0.781447172164917
1052,31.0988712310791,10.479558944702148,3.6666996479034424,2.8414459228515625,0.14730170369148254,0.04900433123111725,0.796449601650238
1053,43.82945251464844,7.1309494972229,2.6768224239349365,2.5804250240325928,0.0558876171708107,0.034762315452098846,0.6958302855491638
1054,26.439552307128906,10.03453540802002,1.6544164419174194,2.9153878688812256,0.10290354490280151,0.038359105587005615,1.2567013502120972
1055,30.611982345581055,10.689001083374023,3.480224370956421,2.1752054691314697,0.1466541886329651,0.05021798610687256,0.7333728671073914
1056,50.3265380859375,9.006206512451172,8.830926895141602,2.3598101139068604,0.08700525760650635,0.1644023209810257,0.635053813457489
1057,37.29064178466797,6.858363151550293,6.117134094238281,2.768960952758789,0.09857139736413956,0.12300153821706772,0.9672416150569916
1058,44.52407455444336,11.95234203338623,6.330799579620361,1.9633967876434326,0.1862698197364807,0.06702250987291336,0.6145264506340027
1059,28.972375869750977,8.224244117736816,6.982658386230469,1.8738375902175903,0.07524141669273376,0.11082340776920319,0.7086525559425354
1060,33.63945388793945,2.2769176959991455,5.402019023895264,2.4665870666503906,0.03620845824480057,0.1295483410358429,0.7827532887458801
1061,36.0100212097168,12.005395889282227,10.24104118347168,2.1159133911132812,0.07574150711297989,0.14413446187973022,0.6665417850017548
1062,45.60673141479492,9.33608627319336,4.6764020919799805,2.4361846446990967,0.08232777565717697,0.04611228406429291,0.9766622185707092
1063,50.97602462768555,4.967119216918945,8.71692180633545,1.9181532859802246,0.05682728812098503,0.08246630430221558,0.7154640853404999
1064,50.49360656738281,7.242722034454346,2.0261342525482178,2.8470065593719482,0.09492650628089905,0.033405207097530365,0.898066371679306
1065,47.531253814697266,5.385585784912109,7.878762722015381,2.2782726287841797,0.05800226330757141,0.1298840045928955,0.6365395486354828
1066,64.80247497558594,12.523868560791016,6.470795154571533,2.1889102458953857,0.10501950979232788,0.15088945627212524,0.6519106030464172
1067,54.35450744628906,4.945383548736572,6.147562026977539,2.116182565689087,0.06669434905052185,0.13776011765003204,0.7590036988258362
1068,36.6850700378418,10.383073806762695,7.9081130027771,2.690781593322754,0.2578112781047821,0.08385150879621506,0.8057402968406677
1069,36.688411712646484,7.620208263397217,6.494167804718018,2.054943799972534,0.10645970702171326,0.08498738706111908,0.7218344807624817
1070,28.23536491394043,6.781015872955322,5.065099716186523,1.9084293842315674,0.08539465069770813,0.04709099233150482,0.7298343181610107
1071,36.9277229309082,6.798665523529053,5.838412761688232,2.9056687355041504,0.04887663945555687,0.06202150881290436,0.9105090498924255
1072,46.25300216674805,13.2972993850708,6.663819789886475,1.9553117752075195,0.14044490456581116,0.13778361678123474,0.6122667789459229
1073,30.175708770751953,6.589963436126709,5.341034412384033,2.421973943710327,0.1253114938735962,0.041848450899124146,0.8318648338317871
1074,41.8845329284668,12.86184024810791,4.612137317657471,2.386915683746338,0.09881287813186646,0.07982149720191956,0.822752833366394
1075,43.40155029296875,8.196769714355469,3.2019295692443848,2.383819580078125,0.10716408491134644,0.049503128975629807,0.7427854537963867
1076,28.871915817260742,5.924630641937256,7.71063756942749,2.799522876739502,0.10872186720371246,0.15169215202331543,0.8054853081703186
1077,32.30946350097656,3.9824001789093018,7.16219425201416,2.4847512245178223,0.03887150436639786,0.07797519862651825,0.8220260739326477
1078,49.24628829956055,3.095567226409912,3.7836856842041016,3.0935211181640625,0.040890682488679886,0.044376716017723083,0.9405544996261597
1079,39.019386291503906,5.407088756561279,3.411667823791504,2.6341381072998047,0.0606304407119751,0.04002861678600311,0.8587414920330048
1080,42.706390380859375,4.936614036560059,7.301196575164795,2.4104645252227783,0.06134587153792381,0.06797733157873154,0.7064759731292725
1081,39.02132034301758,4.39133882522583,4.998271465301514,2.64285945892334,0.032840825617313385,0.08624399453401566,0.8645855188369751
1082,25.045381546020508,13.136128425598145,4.512584686279297,2.1577975749969482,0.20149461925029755,0.040921006351709366,0.7345200777053833
1083,28.75605583190918,14.801492691040039,3.77410626411438,2.200644016265869,0.2128233164548874,0.07651737332344055,0.6745034158229828
1084,32.52102279663086,5.523402690887451,6.85756254196167,2.3574602603912354,0.0671970546245575,0.08505154401063919,0.6429951786994934
1085,58.02053451538086,16.8726749420166,4.89439582824707,2.3477091789245605,0.24753841757774353,0.07229577004909515,0.7353178262710571
1086,25.80765724182129,10.343490600585938,5.1160993576049805,2.097458600997925,0.11838825792074203,0.08575140684843063,0.6596293449401855
1087,26.163454055786133,10.222670555114746,5.33797025680542,2.416006565093994,0.13047918677330017,0.07470865547657013,0.9571345448493958
1088,30.645130157470703,5.458988189697266,4.693634986877441,2.736520290374756,0.06793836504220963,0.07367443293333054,1.0152097642421722
1089,86.04865264892578,9.673490524291992,3.425116777420044,2.6117706298828125,0.07548797130584717,0.03999532014131546,0.787896454334259
1090,33.60066223144531,6.847110748291016,1.8583258390426636,2.5128984451293945,0.09616706520318985,0.02812807634472847,0.787928968667984
1091,35.502933502197266,11.64216423034668,3.7396483421325684,2.6481196880340576,0.08454945683479309,0.04052009433507919,0.7556647062301636
1092,29.20904541015625,4.635142803192139,3.5023443698883057,2.657264232635498,0.06775545328855515,0.07210167497396469,0.9912360608577728
1093,24.960189819335938,11.615367889404297,7.867325305938721,2.146167278289795,0.13657508790493011,0.13213396072387695,0.7391270399093628
1094,89.15937805175781,13.86621379852295,3.8500962257385254,2.30973219871521,0.21250014007091522,0.038938675075769424,0.7312600016593933
1095,23.134611129760742,7.333059310913086,2.9963977336883545,2.3973233699798584,0.17841708660125732,0.04044892638921738,0.8294333815574646
1096,34.73691177368164,8.326396942138672,4.363436222076416,2.4219348430633545,0.09610060602426529,0.0757078006863594,0.9090883135795593
1097,49.23016357421875,8.887778282165527,3.728649854660034,2.325507164001465,0.0687759593129158,0.0489034429192543,0.7260420918464661
1098,42.334102630615234,7.582085609436035,4.965883255004883,2.4840824604034424,0.056833915412425995,0.03604237735271454,0.7650330066680908
1099,40.550498962402344,7.805539608001709,3.6384880542755127,2.3512017726898193,0.04693478345870972,0.04668833315372467,0.7879025936126709
1100,69.15596008300781,6.506255626678467,4.6090087890625,2.0092506408691406,0.07259449362754822,0.05270294100046158,0.6335271298885345
1101,38.509517669677734,5.605578422546387,3.274677038192749,2.662614583969116,0.05919570103287697,0.044498372822999954,0.9646419286727905
1102,45.85792541503906,8.08675479888916,3.350674629211426,2.7063088417053223,0.07375184446573257,0.051179662346839905,0.865968644618988
1103,60.279518127441406,8.40628433227539,2.9698257446289062,2.614078998565674,0.08257359266281128,0.035222459584474564,0.7842752635478973
1104,30.602935791015625,5.126295566558838,6.845699787139893,2.5835399627685547,0.08034363389015198,0.07264146953821182,0.7644785046577454
1105,30.622222900390625,6.535411834716797,4.697142124176025,2.313310384750366,0.04469061642885208,0.11368391662836075,0.8001120984554291
1106,56.58527374267578,19.920942306518555,6.390521049499512,2.0915374755859375,0.2992120385169983,0.09876643121242523,0.6410976946353912
1107,90.78402709960938,6.854608058929443,4.551849842071533,2.7073278427124023,0.057454753667116165,0.07423605024814606,0.8352153599262238
1108,39.18754577636719,7.542140483856201,5.1847357749938965,2.1801159381866455,0.06036083400249481,0.08492301404476166,0.8760532140731812
1109,48.589603424072266,7.579933166503906,5.67336368560791,2.1523430347442627,0.06347928941249847,0.05398372560739517,0.8177973031997681
1110,44.717193603515625,3.8350436687469482,3.744560480117798,2.374255895614624,0.04579845070838928,0.06588676571846008,0.7257755100727081
1111,49.94025421142578,7.3245530128479,3.64334774017334,2.4719061851501465,0.12977704405784607,0.057319119572639465,0.8471949994564056
1112,52.489627838134766,4.492846965789795,6.394737243652344,2.6952548027038574,0.06390751898288727,0.08180802315473557,0.8418206572532654
1113,25.721662521362305,9.145252227783203,6.325994491577148,2.694471597671509,0.12728680670261383,0.09503187239170074,1.004918485879898
1114,32.75068283081055,2.375955104827881,2.8527119159698486,2.415400743484497,0.0373975932598114,0.06532552093267441,0.7825537919998169
1115,25.505075454711914,5.420401573181152,8.737500190734863,2.89203143119812,0.0557856410741806,0.12903857231140137,0.6956030130386353
1116,66.07929992675781,7.48996639251709,3.1255569458007812,2.6678671836853027,0.05559244379401207,0.052604883909225464,0.9986939430236816
1117,30.723270416259766,3.8406214714050293,7.558547496795654,2.170928478240967,0.041951268911361694,0.16033506393432617,0.885206550359726
1118,54.49761962890625,5.505247116088867,3.6434295177459717,2.478623151779175,0.059081967920064926,0.044015418738126755,0.8125824630260468
1119,27.79827117919922,9.802608489990234,4.5719099044799805,2.3213605880737305,0.08943501114845276,0.0700751394033432,0.7584918737411499
1120,31.23978614807129,7.775848865509033,1.7361805438995361,2.8023903369903564,0.06251215934753418,0.02760300785303116,0.7775601744651794
1121,40.020713806152344,9.96052074432373,2.02608060836792,2.1771984100341797,0.07078830897808075,0.029038678854703903,0.7182279229164124
1122,45.77318572998047,4.335129737854004,3.4519264698028564,2.668100357055664,0.04728083312511444,0.04433710500597954,0.8221046924591064
1123,36.906883239746094,4.4240803718566895,3.1958813667297363,2.7531497478485107,0.05713041126728058,0.0328863263130188,0.8572807610034943
1124,45.63754653930664,17.300119400024414,4.0851616859436035,2.4651641845703125,0.19250383973121643,0.058124952018260956,0.6808489859104156
1125,30.643115997314453,9.938401222229004,5.901309967041016,2.513838529586792,0.11754590272903442,0.05428323894739151,0.9121384024620056
1126,33.074798583984375,5.511141300201416,3.808957099914551,2.556535005569458,0.07188413292169571,0.04229804128408432,0.9086551666259766
1127,34.67703628540039,14.575535774230957,4.244125843048096,2.5216026306152344,0.11186236143112183,0.0522872656583786,0.8174173831939697
1128,26.240224838256836,9.552276611328125,8.745928764343262,2.2468016147613525,0.08983039855957031,0.056869253516197205,0.780037522315979
1129,50.18632888793945,5.507724761962891,5.736308574676514,2.424055576324463,0.0680321455001831,0.06960367411375046,0.8411630690097809
1130,43.823204040527344,8.610260963439941,1.759055256843567,2.744107246398926,0.064849853515625,0.031101040542125702,0.8645803928375244
1131,44.61524200439453,9.627472877502441,4.4325852394104,2.52469801902771,0.05406239628791809,0.04519622400403023,0.9480710625648499
1132,48.786197662353516,4.207634449005127,5.685307502746582,2.425567626953125,0.041191160678863525,0.07359236478805542,0.6439070105552673
1133,30.510469436645508,9.866597175598145,3.562511444091797,2.625523567199707,0.13251355290412903,0.04376927763223648,0.9445627331733704
1134,28.23780632019043,13.157560348510742,2.773972511291504,2.2910385131835938,0.2190534621477127,0.04796318709850311,0.8240532279014587
1135,37.64525604248047,3.694159746170044,5.3324785232543945,2.4969630241394043,0.04749368876218796,0.038293808698654175,0.7297808527946472
1136,37.98482131958008,4.784944534301758,8.62488842010498,2.2507476806640625,0.044668085873126984,0.19136326014995575,0.6563242077827454
1137,34.01087188720703,4.587547779083252,1.894419550895691,2.792017698287964,0.04861846938729286,0.03958109766244888,0.8436964452266693
1138,29.315868377685547,3.7938148975372314,5.07355260848999,2.6625864505767822,0.036509521305561066,0.05532694607973099,0.8382095396518707
1139,38.25149917602539,2.8561692237854004,6.519038677215576,2.439988374710083,0.03691627457737923,0.06932324171066284,0.7619917094707489
1140,35.271217346191406,9.103479385375977,4.006483554840088,2.83412504196167,0.1497882455587387,0.08007070422172546,0.9009512066841125
1141,31.45013427734375,7.6760172843933105,3.624140501022339,3.1435933113098145,0.06264576315879822,0.047415055334568024,0.9286190271377563
1142,27.417579650878906,13.46201229095459,5.36724328994751,2.558218240737915,0.1026206985116005,0.09608040750026703,0.859400600194931
1143,29.22186851501465,7.853379249572754,3.3509275913238525,2.773815870285034,0.11971008777618408,0.04621802270412445,0.9133982360363007
1144,27.61477279663086,7.574151039123535,2.9244444370269775,2.835463762283325,0.059074968099594116,0.02987825870513916,0.976460874080658
1145,52.26234436035156,8.116342544555664,4.066250801086426,2.3394930362701416,0.07581119239330292,0.0663439929485321,0.7117834091186523
1146,35.657100677490234,8.399457931518555,4.140966415405273,2.3853092193603516,0.061026278883218765,0.03254396468400955,0.6364461779594421
1147,31.948396682739258,4.979455947875977,3.1647183895111084,2.525075674057007,0.04423921927809715,0.05279584974050522,0.9275638461112976
1148,29.716920852661133,4.263409614562988,3.81727933883667,2.7280187606811523,0.04952022060751915,0.03849419951438904,0.8756070733070374
1149,35.84214401245117,7.6705803871154785,7.249758243560791,2.430215835571289,0.11827148497104645,0.10229888558387756,0.830481082201004
1150,62.108917236328125,4.1645402908325195,2.3158071041107178,2.260802745819092,0.06928405165672302,0.03124982863664627,0.9579570293426514
1151,40.650489807128906,10.367385864257812,3.7862966060638428,2.3091375827789307,0.06372417509555817,0.041857462376356125,0.6518251895904541
1152,36.50670623779297,7.2429375648498535,7.4362335205078125,2.4901840686798096,0.07659947872161865,0.08744311332702637,0.6690032482147217
1153,33.728973388671875,17.484594345092773,9.3795166015625,2.7965493202209473,0.1475985199213028,0.14563114941120148,0.7489736080169678
1154,36.41738510131836,2.149308443069458,2.7139358520507812,2.489250421524048,0.026224996894598007,0.053782869130373,0.7418619990348816
1155,34.865325927734375,4.916998863220215,2.815417766571045,2.4518020153045654,0.04554346948862076,0.030342034995555878,0.7925696969032288
1156,42.30819320678711,7.070123195648193,9.058429718017578,2.004739284515381,0.08311468362808228,0.12950868904590607,0.7092031836509705
1157,32.94416427612305,9.496033668518066,5.027188777923584,2.404726266860962,0.09579534083604813,0.07017429918050766,0.8141410052776337
1158,35.109344482421875,4.446866512298584,4.021642208099365,2.7989251613616943,0.06005958467721939,0.06558220088481903,0.9934836030006409
1159,36.1304931640625,9.842388153076172,3.5312843322753906,2.745603561401367,0.11121152341365814,0.03851979225873947,0.7823925316333771
1160,35.46087646484375,9.491625785827637,6.380765438079834,2.5077614784240723,0.09445379674434662,0.11800045520067215,0.8460479974746704
1161,40.26316452026367,15.43460464477539,8.522807121276855,2.5694732666015625,0.22706663608551025,0.12317401170730591,0.885136604309082
1162,23.867469787597656,12.724843978881836,2.440999984741211,2.5573532581329346,0.13158385455608368,0.04863419383764267,1.1465701162815094
1163,30.947132110595703,4.5130157470703125,2.5988593101501465,2.235239267349243,0.06149732321500778,0.039076220244169235,0.7135994136333466
1164,32.48363494873047,4.716237545013428,9.75514030456543,2.4031906127929688,0.054684557020664215,0.11088290810585022,0.8033738434314728
1165,37.901702880859375,14.738719940185547,5.514760494232178,1.9760196208953857,0.2282029688358307,0.06774456799030304,0.5824885368347168
1166,24.343496322631836,8.077227592468262,5.694850444793701,2.7359695434570312,0.09446850419044495,0.05884379521012306,1.0366947650909424
1167,67.31962585449219,16.286516189575195,4.762378692626953,3.058223009109497,0.17822644114494324,0.05572839081287384,1.0138212442398071
1168,26.508852005004883,15.65022087097168,4.214085578918457,2.604576587677002,0.32345205545425415,0.08117467164993286,0.9016221165657043
1169,35.53141784667969,13.605116844177246,5.253733158111572,2.0748465061187744,0.24418850243091583,0.08234851807355881,0.5890574753284454
1170,28.71643829345703,13.341525077819824,3.350266933441162,2.4607980251312256,0.21359525620937347,0.03638404235243797,0.8852714598178864
1171,36.87832260131836,8.897924423217773,9.555120468139648,3.0453426837921143,0.07403545081615448,0.14880818128585815,0.89255091547966
1172,28.54425621032715,3.991535186767578,6.4473795890808105,2.4108948707580566,0.046709418296813965,0.07998593896627426,0.8312254250049591
1173,35.443302154541016,5.919924259185791,2.2863218784332275,2.606210708618164,0.05448947474360466,0.047536157071590424,0.8904463052749634
1174,26.5151309967041,5.563332557678223,4.566390037536621,2.383024215698242,0.07620804011821747,0.06189848855137825,0.7786818444728851
1175,33.35612487792969,11.783452033996582,2.7927303314208984,2.6793320178985596,0.15795139968395233,0.046586453914642334,0.9481335282325745
1176,20.506364822387695,3.8593685626983643,3.723804235458374,2.600550413131714,0.050984740257263184,0.0613241121172905,0.8562604188919067
1177,44.105770111083984,3.961940288543701,4.464624404907227,2.4228615760803223,0.04495306313037872,0.05480487644672394,0.7263521552085876
1178,42.30477523803711,5.836048603057861,2.679197311401367,2.3078222274780273,0.06287685036659241,0.03818808123469353,0.8939867615699768
1179,36.94880676269531,6.753790855407715,2.5766515731811523,2.798941135406494,0.1026320680975914,0.043104320764541626,0.9778341054916382
1180,38.35475540161133,6.413617134094238,7.2691545486450195,2.1381049156188965,0.049393557012081146,0.1505126953125,0.6129043698310852
1181,39.55529022216797,3.5508804321289062,4.417459964752197,2.787872314453125,0.055026497691869736,0.04619380831718445,0.9103888869285583
1182,36.24715042114258,4.413435459136963,7.352666854858398,1.9336252212524414,0.06924322247505188,0.08604615181684494,0.5599440783262253
1183,35.229461669921875,12.55618953704834,1.8373409509658813,2.3152015209198,0.1728510856628418,0.0282447412610054,0.6329234540462494
1184,40.49324035644531,8.821840286254883,10.351724624633789,2.651742458343506,0.1944795399904251,0.09997330605983734,0.9172787368297577
1185,26.78589630126953,13.713261604309082,5.108193874359131,2.8026459217071533,0.1558796912431717,0.06649211049079895,1.0051961243152618
1186,28.26961898803711,8.377102851867676,5.4019999504089355,2.546203374862671,0.10003016889095306,0.04291915148496628,0.7620064318180084
1187,29.000547409057617,6.514919281005859,3.162548065185547,2.108617067337036,0.0991702675819397,0.08691683411598206,0.643767774105072
1188,34.89057540893555,10.689669609069824,2.9352667331695557,2.4996232986450195,0.06899194419384003,0.0416412428021431,0.8304207921028137
1189,30.593366622924805,9.084373474121094,2.0527656078338623,2.3291356563568115,0.1425487995147705,0.02857622504234314,0.6305870115756989
1190,30.840120315551758,6.7771453857421875,4.107581615447998,2.8780248165130615,0.06937019526958466,0.06474624574184418,0.9160234928131104
1191,32.56805419921875,7.150984287261963,1.7828974723815918,3.313674211502075,0.04532386362552643,0.03217553347349167,0.940117359161377
1192,35.751625061035156,2.9176177978515625,3.364060163497925,2.2977418899536133,0.03058774396777153,0.0291433222591877,0.5931954979896545
1193,22.41514015197754,4.334751605987549,5.776473045349121,2.6471354961395264,0.049155883491039276,0.04568830877542496,0.9143649339675903
1194,32.08484649658203,7.347250938415527,4.749605655670166,3.248887300491333,0.0884881317615509,0.04012104868888855,1.041645497083664
1195,29.766023635864258,3.682142972946167,6.650485038757324,2.2079737186431885,0.03150620311498642,0.09519129991531372,0.7003151774406433
1196,29.215030670166016,8.916219711303711,3.0484344959259033,2.927198886871338,0.11825105547904968,0.042439550161361694,0.9413556456565857
1197,31.98815155029297,16.613935470581055,11.153965950012207,2.304044723510742,0.2596328854560852,0.09097030758857727,0.8845549821853638
1198,41.73733901977539,9.379197120666504,3.0708868503570557,3.0558383464813232,0.17998842895030975,0.03212595731019974,1.0539047718048096
1199,35.37004089355469,5.508026123046875,10.642135620117188,2.569392442703247,0.049309879541397095,0.2522416114807129,0.7416638433933258
1200,40.37996292114258,11.85547161102295,5.230058193206787,2.101116180419922,0.10601919889450073,0.05441417172551155,0.6288945376873016
1201,28.985158920288086,6.886767864227295,8.188152313232422,2.088972806930542,0.07606760412454605,0.11385449767112732,0.5424985885620117
1202,27.704299926757812,6.052308082580566,4.058327674865723,2.0939788818359375,0.17058749496936798,0.07230450212955475,0.7266659438610077
1203,56.99885177612305,7.74196195602417,5.502061367034912,2.218703031539917,0.06944264471530914,0.07846932858228683,0.7115326523780823
1204,35.363372802734375,12.316316604614258,3.317464590072632,1.9865789413452148,0.26491469144821167,0.05128716677427292,0.6237854659557343
1205,41.69454574584961,13.36803150177002,4.556437015533447,2.3493669033050537,0.141582190990448,0.04905131459236145,0.8236608803272247
1206,33.818870544433594,2.9643187522888184,6.734801292419434,2.518805980682373,0.04120427742600441,0.09460954368114471,0.8525497913360596
1207,34.808799743652344,11.767072677612305,3.309166669845581,2.19816255569458,0.14373454451560974,0.04758961498737335,0.8476521670818329
1208,31.822566986083984,5.488199710845947,5.76940393447876,2.162726879119873,0.05892334133386612,0.10586580634117126,0.7175324857234955
1209,40.91717529296875,19.608970642089844,4.262087345123291,2.4018499851226807,0.16798001527786255,0.05347493663430214,0.7670602202415466
1210,42.77071762084961,5.008509635925293,4.004897594451904,2.3233823776245117,0.05638813599944115,0.02842555195093155,0.610575795173645
1211,37.62171173095703,8.70033073425293,3.7495100498199463,2.549355983734131,0.16459324955940247,0.04182298853993416,0.8402031660079956
1212,37.88301467895508,5.0676398277282715,2.1906960010528564,2.3787803649902344,0.060221701860427856,0.028379246592521667,0.6839760541915894
1213,94.19879150390625,8.26981258392334,2.8518567085266113,2.84458327293396,0.08304105699062347,0.0448477603495121,1.0167827606201172
1214,44.78853225708008,7.081199645996094,4.059591293334961,2.840628147125244,0.10816238820552826,0.05716989189386368,0.9751340448856354
1215,136.36280822753906,10.23690414428711,2.2495954036712646,3.0659594535827637,0.07268514484167099,0.03456953167915344,0.889615535736084
1216,68.49950408935547,8.930476188659668,4.336068630218506,2.2614352703094482,0.06941781938076019,0.036779068410396576,0.6204878687858582
1217,35.032047271728516,5.377140045166016,3.723264455795288,2.1541402339935303,0.04527581110596657,0.04890282452106476,0.694629579782486
1218,56.25074768066406,10.61573314666748,3.9769041538238525,2.0979278087615967,0.11758454144001007,0.054528072476387024,0.5900270938873291
1219,46.909297943115234,5.723400592803955,2.4674599170684814,2.3629422187805176,0.10549433529376984,0.03958842158317566,0.7221835255622864
1220,35.831031799316406,10.23897647857666,7.354944229125977,2.1756625175476074,0.07527989894151688,0.13013996183872223,0.6565975248813629
1221,45.9459342956543,17.996265411376953,7.427361011505127,2.2439496517181396,0.15963530540466309,0.05376702919602394,0.6887702345848083
1222,48.49631118774414,6.191120147705078,3.601933240890503,2.515756368637085,0.0640220046043396,0.08261075615882874,0.763996809720993
1223,39.34718704223633,13.264309883117676,5.664838790893555,2.403926134109497,0.1333429217338562,0.11152990907430649,0.800870418548584
1224,28.89241600036621,7.02726936340332,3.7705912590026855,2.5455234050750732,0.05744292214512825,0.05692324787378311,0.7735059261322021
1225,23.142459869384766,5.040775299072266,6.268649578094482,2.9912703037261963,0.08169740438461304,0.07156097888946533,1.137281358242035
1226,33.89137268066406,3.0158345699310303,4.202691078186035,2.8463518619537354,0.0498427152633667,0.05780276656150818,0.7258896827697754
1227,29.796510696411133,6.852942943572998,4.092770576477051,2.810413360595703,0.08092324435710907,0.04800209030508995,1.0412248075008392
1228,24.988157272338867,14.635680198669434,7.972881317138672,2.8604228496551514,0.1556597352027893,0.06604709476232529,0.9101625680923462
1229,35.51472091674805,9.801518440246582,2.826956033706665,2.327786684036255,0.14972063899040222,0.056903496384620667,0.7197614014148712
1230,41.19042205810547,9.264669418334961,3.3348681926727295,2.5250754356384277,0.06847203522920609,0.040670059621334076,0.7987255752086639
1231,36.19770431518555,7.702519416809082,1.9254227876663208,2.4956157207489014,0.08950260281562805,0.04445384442806244,0.812187135219574
1232,36.1645393371582,8.14018440246582,8.33415412902832,2.1037795543670654,0.06570350378751755,0.1128939837217331,0.7555652260780334
1233,31.841724395751953,7.8135151863098145,5.723648548126221,2.173159599304199,0.06362036615610123,0.07713794708251953,0.6831392645835876
1234,31.40069580078125,2.605553388595581,7.643645286560059,2.289203643798828,0.050603628158569336,0.20096203684806824,0.6877660751342773
1235,41.009029388427734,12.137203216552734,3.166522741317749,2.073560953140259,0.1863192319869995,0.045644231140613556,0.6871652901172638
1236,43.74549102783203,5.336395263671875,2.867412567138672,2.5309503078460693,0.048175740987062454,0.059051498770713806,0.8637181520462036
1237,34.74704360961914,8.021459579467773,5.312837600708008,1.8973944187164307,0.08337469398975372,0.057507164776325226,0.6488373279571533
1238,37.52142333984375,8.317696571350098,4.812794208526611,2.1201066970825195,0.057725973427295685,0.07899920642375946,0.7614388167858124
1239,25.222055435180664,4.947854518890381,2.5460562705993652,2.536097288131714,0.11114504933357239,0.05292737856507301,0.8602257370948792
1240,27.646461486816406,8.087252616882324,2.2300949096679688,2.5237183570861816,0.11662930995225906,0.03594592958688736,0.751151978969574
1241,40.26668167114258,6.586942195892334,5.732059001922607,1.9738967418670654,0.07300882041454315,0.10940949618816376,0.6335189044475555
1242,28.13166618347168,13.040566444396973,5.8779296875,1.999053955078125,0.1284998059272766,0.08008140325546265,0.6047486066818237
1243,26.313812255859375,7.565560817718506,5.098747253417969,2.4851903915405273,0.07031369209289551,0.11089468002319336,0.8187568187713623
1244,33.724273681640625,6.520849704742432,5.095547676086426,2.082153081893921,0.06759856641292572,0.06646651029586792,0.7187447845935822
1245,39.190860748291016,8.613728523254395,5.791626453399658,2.0952041149139404,0.09479638934135437,0.13319191336631775,0.6862351298332214
1246,37.153778076171875,9.486673355102539,3.2828614711761475,2.3781185150146484,0.11862935870885849,0.032668814063072205,0.7669910192489624
1247,63.30610656738281,6.7013349533081055,5.801998615264893,1.9814651012420654,0.07858914136886597,0.08896246552467346,0.6465901732444763
1248,34.18601989746094,7.291746616363525,4.4172749519348145,2.2349095344543457,0.1039268895983696,0.06007326394319534,0.7241570055484772
1249,54.329410552978516,4.493405818939209,1.9715548753738403,2.3655691146850586,0.05149330571293831,0.03394992649555206,0.8690947890281677
1250,20.645681381225586,10.613313674926758,7.2363972663879395,2.684828281402588,0.23523841798305511,0.06122872978448868,0.978302001953125
1251,32.004730224609375,8.212458610534668,2.757291078567505,2.3746721744537354,0.1320272982120514,0.033828385174274445,0.9364388287067413
1252,39.86331558227539,7.459713935852051,4.421494960784912,2.1887471675872803,0.06421038508415222,0.06963194906711578,0.7510872781276703
1253,49.35069274902344,8.299734115600586,7.647494316101074,2.0342557430267334,0.08783619105815887,0.13028061389923096,0.610308051109314
1254,32.19443130493164,10.024835586547852,7.8783979415893555,2.3802330493927,0.10155090689659119,0.13626988232135773,0.8179057538509369
1255,30.147140502929688,8.75739860534668,3.4163219928741455,2.408292770385742,0.11034510284662247,0.03632915019989014,0.8928637206554413
1256,48.70928192138672,7.276005268096924,6.91782808303833,2.4621469974517822,0.07040354609489441,0.08436194062232971,0.814132422208786
1257,27.571002960205078,8.985421180725098,5.0348992347717285,2.2102315425872803,0.04084394499659538,0.11172087490558624,0.7134271562099457
1258,43.13945770263672,8.84675407409668,7.519458293914795,1.9670881032943726,0.07429198175668716,0.06497681140899658,0.6398569345474243
1259,35.851924896240234,5.970431804656982,5.894648551940918,2.4147400856018066,0.06845162063837051,0.07587747275829315,0.7117089331150055
1260,39.77708435058594,10.10402774810791,8.950815200805664,2.2848446369171143,0.056336138397455215,0.09163428097963333,0.7439521253108978
1261,21.732200622558594,3.405651807785034,3.631279230117798,2.4901530742645264,0.07342936843633652,0.05262701213359833,0.9059410691261292
1262,28.049448013305664,9.112395286560059,3.056004285812378,2.591768264770508,0.08874194324016571,0.03677007555961609,0.7616013288497925
1263,41.7275276184082,4.901166915893555,6.511429309844971,2.285839796066284,0.06339985132217407,0.049053486436605453,0.999542236328125
1264,32.57403564453125,6.785118103027344,7.21992301940918,2.4591100215911865,0.08281382918357849,0.07031230628490448,0.7928974628448486
1265,22.22243881225586,10.106447219848633,2.6332154273986816,2.7643094062805176,0.15899960696697235,0.05596531555056572,1.0622909367084503
1266,38.46094512939453,4.683518409729004,12.851423263549805,2.15116810798645,0.07189563661813736,0.1375478208065033,0.6694118976593018
1267,26.892675399780273,5.550690174102783,6.201805591583252,2.523486852645874,0.04544040560722351,0.07831484079360962,0.7242868840694427
1268,29.222158432006836,10.167505264282227,5.469858646392822,2.247438907623291,0.104082852602005,0.14005301892757416,0.7343968749046326
1269,41.615474700927734,6.471977710723877,7.882299900054932,1.7854758501052856,0.07406477630138397,0.06999596208333969,0.6663913726806641
1270,30.64047622680664,6.120494842529297,4.402691841125488,2.0630767345428467,0.06906180083751678,0.0897071361541748,0.7120872437953949
1271,30.068086624145508,9.596273422241211,5.303323745727539,2.5503275394439697,0.05924372375011444,0.10072776675224304,0.8083369433879852
1272,39.20888900756836,4.616398811340332,7.207454204559326,2.4928646087646484,0.050511348992586136,0.08818019926548004,0.8773313164710999
1273,37.46465301513672,4.28690767288208,5.027624607086182,2.358396291732788,0.04713492840528488,0.07118275761604309,0.7766986787319183
1274,21.72309112548828,4.101245403289795,6.391263484954834,2.896699905395508,0.07975734770298004,0.06298460066318512,1.063154697418213
1275,39.386680603027344,9.248847961425781,1.4938595294952393,2.1536970138549805,0.21052971482276917,0.03517521917819977,0.7134966254234314
1276,37.27677536010742,8.21081829071045,6.084031581878662,2.3933558464050293,0.10041618347167969,0.0786021500825882,0.625162810087204
1277,35.01394271850586,2.9533088207244873,4.252825736999512,2.2358968257904053,0.04196079447865486,0.04369635134935379,0.7937636375427246
1278,26.89388084411621,12.288651466369629,4.9588799476623535,2.374218225479126,0.12591806054115295,0.07777319848537445,0.7795612514019012
1279,41.55299377441406,12.993091583251953,4.291281700134277,2.416699171066284,0.17130878567695618,0.04290565103292465,0.7569862604141235
1280,33.28787612915039,7.5548319816589355,6.095653533935547,2.5537197589874268,0.09791748225688934,0.06699471920728683,0.7461282312870026
1281,37.93992614746094,4.42213249206543,4.9020256996154785,3.084543466567993,0.08154067397117615,0.057218991219997406,0.9988852739334106
1282,44.015602111816406,9.704434394836426,3.6899983882904053,2.4433488845825195,0.11671153455972672,0.06648842245340347,0.8464078903198242
1283,37.1622200012207,7.440066337585449,7.424623012542725,2.2048377990722656,0.07074111700057983,0.07543309032917023,0.7855698466300964
1284,35.63642120361328,15.140843391418457,8.212202072143555,2.115020275115967,0.11200910806655884,0.1160859614610672,0.6882863342761993
1285,37.477394104003906,19.103578567504883,5.510695934295654,1.966403841972351,0.05384207144379616,0.08962754905223846,0.592713475227356
1286,39.238094329833984,3.2333576679229736,4.905140399932861,2.5018985271453857,0.029873374849557877,0.055042266845703125,0.8277059495449066
1287,34.8319091796875,4.4470415115356445,3.96767520904541,2.370473623275757,0.05742258578538895,0.052111685276031494,0.716148316860199
1288,35.5748291015625,17.369014739990234,2.8884119987487793,2.652829647064209,0.18677695095539093,0.04999954253435135,0.7349282503128052
1289,33.49431610107422,4.8610100746154785,5.163551330566406,2.366565227508545,0.04626746475696564,0.05052856728434563,0.8052024245262146
1290,33.299156188964844,2.1072826385498047,6.281693458557129,2.8840174674987793,0.032906223088502884,0.07246625423431396,0.8464246988296509
1291,36.11728286743164,4.07949161529541,8.138749122619629,2.5244908332824707,0.05938456952571869,0.12796108424663544,0.7723271548748016
1292,30.063310623168945,6.72033166885376,4.10524845123291,2.590630292892456,0.08073636889457703,0.04615658149123192,0.9721516966819763
1293,31.662254333496094,4.514346122741699,2.7415058612823486,2.4146015644073486,0.06871521472930908,0.04229146987199783,0.7328417897224426
1294,55.966346740722656,12.585100173950195,8.573987007141113,2.3031296730041504,0.13085711002349854,0.209462508559227,0.6415928602218628
1295,47.89247131347656,5.4835429191589355,8.438333511352539,2.3003318309783936,0.06486145406961441,0.11396150290966034,0.5621012449264526
1296,31.907634735107422,5.3261237144470215,3.738203763961792,2.6444926261901855,0.07847203314304352,0.046561166644096375,1.0084413290023804
1297,53.23078536987305,4.6394829750061035,7.061791896820068,1.973990797996521,0.04794563353061676,0.1728581041097641,0.655197024345398
1298,35.47838592529297,8.214130401611328,3.377829074859619,2.901625871658325,0.08319824934005737,0.07554803043603897,0.9131264686584473
1299,35.68635940551758,10.430337905883789,11.222692489624023,2.1422481536865234,0.0914057120680809,0.16390663385391235,0.8715742230415344
1300,47.738739013671875,11.542048454284668,7.052323341369629,2.4272913932800293,0.08409897983074188,0.09385591745376587,0.9347035884857178
1301,49.71780014038086,6.757033824920654,10.182071685791016,2.4556477069854736,0.10418594628572464,0.09694729745388031,0.7581706047058105
1302,36.088565826416016,8.129806518554688,4.017631530761719,2.2248754501342773,0.1235562264919281,0.07167137414216995,0.6732714772224426
1303,43.542236328125,3.8934717178344727,8.281410217285156,2.532460927963257,0.051058441400527954,0.10377589613199234,0.7138833701610565
1304,33.943538665771484,6.9847798347473145,7.1662678718566895,2.3765010833740234,0.10037249326705933,0.11827549338340759,0.8832366764545441
1305,52.73223876953125,2.8787219524383545,4.431189060211182,2.050855875015259,0.04456617683172226,0.09081912785768509,0.6209730505943298
1306,33.029693603515625,6.105133056640625,3.2999956607818604,2.4308977127075195,0.07559656351804733,0.04911395534873009,0.8236798048019409
1307,28.816335678100586,4.855926036834717,3.7634775638580322,2.3815314769744873,0.05082999914884567,0.0489187091588974,0.8929558098316193
1308,31.38011360168457,6.04868221282959,10.580504417419434,2.3210718631744385,0.059171952307224274,0.10706731677055359,0.7165815234184265
1309,27.090269088745117,7.087268352508545,9.078009605407715,2.241133451461792,0.1209736093878746,0.09697101265192032,0.8610546290874481
1310,33.31059265136719,12.51164722442627,2.5355684757232666,2.2511355876922607,0.30954185128211975,0.04464692994952202,0.6963622868061066
1311,37.35243225097656,4.0456743240356445,3.745789051055908,2.4164090156555176,0.05058666318655014,0.05613455921411514,0.7882181406021118
1312,33.08515548706055,5.307651519775391,4.943680286407471,2.4641342163085938,0.04703386127948761,0.08727678656578064,0.7375045418739319
1313,35.03463363647461,14.520451545715332,5.554096221923828,2.160301446914673,0.13391199707984924,0.09499959647655487,0.7303593456745148
1314,23.45302963256836,15.304234504699707,4.152443885803223,1.997843623161316,0.16388776898384094,0.07179757207632065,0.7177231907844543
1315,38.11967086791992,9.280196189880371,6.301875591278076,2.0475592613220215,0.10587847232818604,0.12110493332147598,0.6692223250865936
1316,37.549678802490234,3.568681478500366,2.593071699142456,2.420032501220703,0.046224601566791534,0.03947250545024872,0.818660318851471
1317,40.96649169921875,13.554672241210938,6.072140216827393,2.292325019836426,0.13547351956367493,0.06958527117967606,0.7223087549209595
1318,53.07913589477539,8.763659477233887,3.6382429599761963,2.44258451461792,0.05765790492296219,0.05507545918226242,0.6765739917755127
1319,44.39982223510742,10.001598358154297,3.2624940872192383,3.3927905559539795,0.07747873663902283,0.07617972791194916,1.1119187474250793
1320,29.170780181884766,18.163116455078125,5.922609329223633,2.721240758895874,0.22977866232395172,0.09582013636827469,1.0068354904651642
1321,43.693695068359375,12.152656555175781,11.038447380065918,2.5689525604248047,0.07152906060218811,0.20629963278770447,0.7058859765529633
1322,33.1369514465332,7.065976142883301,1.487443447113037,2.335211753845215,0.0888504832983017,0.030158918350934982,0.7512591183185577
1323,32.846168518066406,6.941851615905762,7.716499328613281,2.285857677459717,0.11107905209064484,0.22020693123340607,0.6441435515880585
1324,29.560495376586914,6.494186878204346,2.385542154312134,3.2094953060150146,0.05119144171476364,0.04391532763838768,1.2042368054389954
1325,37.08298873901367,10.570443153381348,3.5769855976104736,2.383974552154541,0.13701392710208893,0.04328712821006775,0.91770139336586
1326,37.84891891479492,11.490778923034668,5.87290096282959,2.689922332763672,0.1083461344242096,0.06259701400995255,0.9036483764648438
1327,32.04692459106445,4.75893497467041,3.9875617027282715,2.0528199672698975,0.0730351060628891,0.04586311802268028,0.729507714509964
1328,29.77935791015625,14.654314994812012,5.434901237487793,2.4141452312469482,0.17393985390663147,0.05144668370485306,0.7279261946678162
1329,32.43122863769531,11.390165328979492,4.571296691894531,2.6046853065490723,0.10095305740833282,0.035890549421310425,0.7329133749008179
1330,28.630849838256836,9.26291561126709,11.247733116149902,1.978560447692871,0.09287922829389572,0.11888760328292847,0.5714716613292694
1331,50.39078903198242,10.72011947631836,7.959414958953857,2.252331018447876,0.09591184556484222,0.11142228543758392,0.7654387056827545
1332,22.687746047973633,10.25607967376709,6.1851372718811035,2.1906538009643555,0.20734329521656036,0.16230010986328125,0.7093769013881683
1333,25.758407592773438,2.6259617805480957,8.110095024108887,2.3555567264556885,0.027921456843614578,0.13740018010139465,0.6589112281799316
1334,42.6864128112793,12.824013710021973,7.512013912200928,2.0527985095977783,0.1023329421877861,0.15782305598258972,0.595724493265152
1335,44.508846282958984,4.20396614074707,6.724762916564941,2.2198498249053955,0.07924045622348785,0.056363992393016815,0.835669994354248
1336,30.290939331054688,13.239241600036621,4.463914394378662,2.526301383972168,0.1856987625360489,0.05194695293903351,0.7825070023536682
1337,64.18665313720703,10.690183639526367,4.6396660804748535,2.0106594562530518,0.151201069355011,0.048707738518714905,0.6571642160415649
1338,55.98648452758789,16.07339096069336,8.308148384094238,2.327852964401245,0.14718671143054962,0.06889744102954865,0.8730874061584473
1339,26.122976303100586,5.8879923820495605,3.3536102771759033,2.6366569995880127,0.04567854851484299,0.03895615041255951,0.9221017956733704
1340,36.94697570800781,9.911582946777344,2.5133213996887207,1.8684070110321045,0.09659229218959808,0.03209029883146286,0.7294668257236481
1341,47.71404266357422,7.1137776374816895,5.1091837882995605,2.5725035667419434,0.06299928575754166,0.06453210115432739,0.833288311958313
1342,32.97795867919922,13.778276443481445,5.267057418823242,2.32340669631958,0.18150284886360168,0.08647172152996063,0.7229754626750946
1343,30.431795120239258,6.761350154876709,1.5531781911849976,2.659148931503296,0.07338988780975342,0.03037361428141594,0.9236425161361694
1344,36.629600524902344,8.044602394104004,8.876959800720215,2.361469030380249,0.1420174092054367,0.18732933700084686,0.6893984377384186
1345,34.767127990722656,7.962632656097412,5.728245735168457,2.1801578998565674,0.08766252547502518,0.0781317949295044,0.7151587605476379
1346,25.45201301574707,9.732213973999023,5.704748153686523,2.4549763202667236,0.09674124419689178,0.0735662430524826,0.8871701061725616
1347,28.529521942138672,21.691204071044922,4.414490699768066,2.293200731277466,0.1648334562778473,0.0737309530377388,0.6765502691268921
1348,39.70935821533203,11.393953323364258,5.757658958435059,2.359403371810913,0.12674444913864136,0.07365848124027252,0.9457175135612488
1349,29.306655883789062,10.929317474365234,4.070950031280518,2.5773391723632812,0.10486041009426117,0.06268920004367828,0.8026014268398285
1350,40.674617767333984,9.57425308227539,4.411934852600098,2.5212740898132324,0.07239490002393723,0.038314543664455414,0.6759689152240753
1351,33.53297424316406,5.457840919494629,6.812814235687256,2.2291839122772217,0.05667635798454285,0.05556502193212509,0.6562851965427399
1352,30.37883186340332,6.925785541534424,8.515104293823242,1.864974021911621,0.1098785400390625,0.14362215995788574,0.5310660004615784
1353,29.90793228149414,9.63998794555664,3.8644027709960938,2.7757885456085205,0.08506117761135101,0.04661159589886665,0.7900550067424774
1354,34.043426513671875,12.035260200500488,4.457515239715576,1.8678158521652222,0.33357131481170654,0.05299440398812294,0.6171839833259583
1355,45.17222213745117,8.279333114624023,2.635807514190674,2.0022997856140137,0.09400796890258789,0.0451219379901886,0.6150709688663483
1356,32.133758544921875,5.389618396759033,10.260897636413574,2.65252685546875,0.04783705621957779,0.13839122653007507,0.9332001805305481
1357,29.75689697265625,6.2446608543396,3.5389719009399414,2.604118585586548,0.056364186108112335,0.036561254411935806,0.8100189566612244
1358,30.53427505493164,5.727811813354492,9.578499794006348,2.748100757598877,0.07072971761226654,0.1569785326719284,0.8464972674846649
1359,24.922607421875,6.124678134918213,2.9674832820892334,2.3218085765838623,0.13077563047409058,0.0409674234688282,0.7128560841083527
1360,27.281986236572266,6.956207752227783,6.776100158691406,2.1544580459594727,0.0720580518245697,0.0689382329583168,0.6484487950801849
1361,43.40782165527344,4.18475866317749,4.251077175140381,2.077061414718628,0.05590663105249405,0.05397110804915428,0.5430082678794861
1362,33.328224182128906,19.535982131958008,1.5094860792160034,2.462129831314087,0.20231154561042786,0.026929179206490517,0.7949425578117371
1363,42.246482849121094,7.641725063323975,5.200302600860596,2.536149263381958,0.06797567009925842,0.0664089173078537,0.8829600214958191
1364,30.039216995239258,6.992129802703857,4.4609856605529785,2.484253168106079,0.06557312607765198,0.07251638174057007,0.8203195035457611
1365,44.09877014160156,8.66579532623291,8.370708465576172,2.236051321029663,0.09880796074867249,0.07653412222862244,0.7052677273750305
1366,31.581445693969727,7.074479579925537,2.4452826976776123,2.602102756500244,0.10423758625984192,0.04246704280376434,0.864149421453476
1367,43.60858917236328,4.547539234161377,2.9288220405578613,2.9680848121643066,0.07466796785593033,0.05097572132945061,0.8581889271736145
1368,44.94898986816406,8.575905799865723,6.31947135925293,2.3768880367279053,0.09004394710063934,0.057366665452718735,0.7645218670368195
1369,53.136985778808594,11.30009651184082,4.083873748779297,2.1855902671813965,0.21193738281726837,0.04953509569168091,0.6791046559810638
1370,37.336788177490234,5.387281894683838,4.279502868652344,2.1875367164611816,0.06654773652553558,0.03451858460903168,0.5947752892971039
1371,39.10165786743164,8.91088581085205,5.23681640625,2.2049596309661865,0.12045857310295105,0.08838368952274323,0.7294304966926575
1372,28.47101402282715,16.776123046875,9.031856536865234,2.461344003677368,0.13465620577335358,0.15347395837306976,0.7519767582416534
1373,39.386627197265625,7.871553897857666,6.666876316070557,2.312817335128784,0.06863085180521011,0.059290848672389984,0.6766578555107117
1374,39.70833969116211,9.351107597351074,6.5962958335876465,2.4097607135772705,0.07665935158729553,0.13372783362865448,0.740631639957428
1375,37.24554443359375,4.521472930908203,4.322159290313721,2.434666156768799,0.04376283288002014,0.11100903153419495,0.8597066402435303
1376,25.17116928100586,7.312556743621826,5.906688690185547,2.251007080078125,0.1202644407749176,0.06661107391119003,0.7581112384796143
1377,36.6966552734375,6.884159088134766,5.628861427307129,1.9887303113937378,0.05936555191874504,0.06583801656961441,0.6614496409893036
1378,27.14235496520996,11.839728355407715,3.2109758853912354,2.083159923553467,0.17964135110378265,0.046745095402002335,0.8197548091411591
1379,46.36663055419922,7.5791802406311035,2.5057265758514404,2.5938968658447266,0.07118448615074158,0.03194056823849678,0.9087035953998566
1380,50.928245544433594,19.497482299804688,3.4307544231414795,1.8188300132751465,0.17164897918701172,0.0408630408346653,0.6720309257507324
1381,33.049320220947266,5.705934524536133,4.2816338539123535,2.630380868911743,0.07239679247140884,0.06527407467365265,0.7172912061214447
1382,47.422122955322266,7.253812789916992,4.449841022491455,2.5855047702789307,0.06747221201658249,0.06703025102615356,0.8031161427497864
1383,42.733062744140625,8.759859085083008,5.6221747398376465,2.958883285522461,0.08472341299057007,0.050982438027858734,1.0520023107528687
1384,43.22795104980469,8.318486213684082,4.691659927368164,2.2485554218292236,0.07043661922216415,0.060748495161533356,0.5969437658786774
1385,25.626544952392578,2.3375871181488037,5.7612690925598145,2.1682534217834473,0.03350314497947693,0.1319652497768402,0.7343096733093262
1386,41.91876220703125,7.592206001281738,2.5490758419036865,2.6839711666107178,0.08001508563756943,0.030668150633573532,0.7935750484466553
1387,31.641807556152344,7.551651954650879,8.730046272277832,2.311366558074951,0.17306838929653168,0.14922666549682617,0.676019012928009
1388,33.999786376953125,19.704814910888672,3.181731700897217,2.3234152793884277,0.17720411717891693,0.04604416340589523,0.6840181946754456
1389,25.951814651489258,5.91049861907959,4.204200744628906,2.905742883682251,0.06237655133008957,0.04806392639875412,0.9965991377830505
1390,24.020803451538086,7.946743488311768,7.0239577293396,2.3181333541870117,0.055015772581100464,0.13175126910209656,0.7766790986061096
1391,25.958091735839844,7.0648908615112305,6.108046054840088,2.189394474029541,0.09367425739765167,0.0770089253783226,0.7982168197631836
1392,39.27226257324219,4.8932061195373535,5.23618221282959,2.4253785610198975,0.0701415091753006,0.05171750485897064,0.8754140436649323
1393,44.30302429199219,16.468353271484375,11.236016273498535,1.7975027561187744,0.058988772332668304,0.0894211083650589,0.5661129653453827
1394,40.43360137939453,5.770993709564209,5.067775726318359,2.3058125972747803,0.05625223368406296,0.06803344190120697,0.8485398590564728
1395,28.483566284179688,5.552481174468994,7.9944844245910645,2.163470506668091,0.06655248999595642,0.14767900109291077,0.6711956262588501
1396,31.127107620239258,6.277893543243408,2.5074846744537354,2.1775248050689697,0.07512275874614716,0.03623881936073303,0.6718007922172546
1397,36.15349578857422,10.148672103881836,7.357986927032471,2.659470319747925,0.08363496512174606,0.11638810485601425,0.855779767036438
1398,41.245540618896484,11.577630996704102,4.265722751617432,2.6968038082122803,0.16692782938480377,0.03663305938243866,0.913415789604187
1399,31.419010162353516,11.132582664489746,4.294821262359619,2.659169912338257,0.11602245271205902,0.050961174070835114,0.7834560871124268
1400,45.93084716796875,10.962433815002441,6.886176586151123,2.3396174907684326,0.07493796944618225,0.05964997410774231,0.779761403799057
1401,35.090023040771484,9.060476303100586,3.089834451675415,2.377263069152832,0.1527198702096939,0.04211188107728958,0.8015115857124329
1402,35.0267448425293,8.160428047180176,7.400297164916992,2.70812726020813,0.08300240337848663,0.12758873403072357,0.7871856093406677
1403,29.635087966918945,5.2325592041015625,2.2454895973205566,2.1020243167877197,0.05014626309275627,0.03224607929587364,0.7773833274841309
1404,33.638206481933594,7.976912975311279,4.62615966796875,2.3710944652557373,0.06808799505233765,0.04491236060857773,0.7722439765930176
1405,45.16614532470703,6.845948219299316,4.629830837249756,2.769681930541992,0.07661139965057373,0.04715361073613167,0.7834938764572144
1406,37.45762252807617,13.225591659545898,3.4658052921295166,2.4936394691467285,0.15453147888183594,0.05896291509270668,0.6344507336616516
1407,35.171817779541016,5.945684432983398,7.393680095672607,2.598626136779785,0.06443046033382416,0.13695576786994934,0.7706599235534668
1408,29.60856056213379,12.188732147216797,4.636542320251465,3.0008420944213867,0.12402085959911346,0.06004631146788597,1.0770027041435242
1409,61.39229202270508,23.488677978515625,4.233932018280029,3.8178584575653076,0.10761915147304535,0.04393034428358078,1.3811702728271484
1410,47.13620376586914,5.278944492340088,2.5548131465911865,2.310878276824951,0.09201683104038239,0.03256811201572418,0.732636034488678
1411,34.22905349731445,8.606833457946777,3.2415883541107178,1.8557568788528442,0.12661999464035034,0.04303525388240814,0.6300855875015259
1412,36.724761962890625,7.7694783210754395,5.847498416900635,2.2201907634735107,0.11851479858160019,0.07801065593957901,0.7089836001396179
1413,37.75621032714844,3.3828377723693848,2.474632501602173,2.184340238571167,0.049266569316387177,0.03568952903151512,0.6615949869155884
1414,28.51495361328125,5.271082401275635,7.600641250610352,2.6391031742095947,0.05322752147912979,0.07692806422710419,1.0184737741947174
1415,37.3679084777832,2.9202935695648193,10.038424491882324,2.0016777515411377,0.032753705978393555,0.10250894725322723,0.6912862360477448
1416,45.03306198120117,9.554465293884277,2.54760479927063,3.001910924911499,0.0765337198972702,0.03215436637401581,0.9090074300765991
1417,35.959590911865234,6.1332244873046875,2.615347146987915,2.2701308727264404,0.08455970883369446,0.035978130996227264,0.7485502660274506
1418,26.843704223632812,6.0540008544921875,4.058782577514648,2.49993896484375,0.08796977251768112,0.034024428576231,0.9932265877723694
1419,67.98226928710938,7.305459976196289,5.907530784606934,2.231839179992676,0.061410341411828995,0.06551995873451233,0.6988364160060883
1420,36.76289749145508,4.991171360015869,4.439845561981201,2.406033515930176,0.048026569187641144,0.059700898826122284,0.7783232629299164
1421,46.01420211791992,4.423242568969727,8.964184761047363,2.5748307704925537,0.04219204559922218,0.26113489270210266,0.6960660219192505
1422,33.600921630859375,5.439427375793457,6.407968044281006,2.9433443546295166,0.053966909646987915,0.0908861830830574,0.9649539589881897
1423,64.38694763183594,28.71431541442871,3.4732744693756104,2.9264185428619385,0.37611255049705505,0.06535515189170837,1.0374999642372131
1424,38.742366790771484,13.650518417358398,3.3287034034729004,3.2933216094970703,0.10697446018457413,0.04667031764984131,1.0541325807571411
1425,48.44129180908203,6.07031774520874,6.453990459442139,3.90747332572937,0.05188167095184326,0.06546949595212936,1.690363347530365
1426,34.37031173706055,8.702597618103027,3.7084572315216064,2.562924861907959,0.10987239331007004,0.053033363074064255,0.9068653881549835
1427,35.96604537963867,10.394110679626465,2.5516953468322754,2.6588311195373535,0.12367670983076096,0.05092991143465042,0.783346563577652
1428,39.95222091674805,6.02784538269043,4.708203315734863,2.4190399646759033,0.04270893335342407,0.05666821822524071,0.675418496131897
1429,46.1512336730957,5.322079181671143,1.9727824926376343,2.813399076461792,0.050043098628520966,0.03088434599339962,1.0706855058670044
1430,39.68674850463867,6.510687351226807,5.437598705291748,3.0997934341430664,0.05665629357099533,0.030531328171491623,1.0366613864898682
1431,39.75791931152344,8.90290355682373,6.686155796051025,2.5317397117614746,0.14533643424510956,0.07584837824106216,0.854326605796814
1432,40.30451583862305,8.255166053771973,8.782316207885742,2.507397174835205,0.1954532265663147,0.16176101565361023,0.8022955656051636
1433,27.345138549804688,14.85840892791748,4.816400527954102,3.022796869277954,0.2975725829601288,0.060666561126708984,1.1586221754550934
1434,46.5299186706543,8.062716484069824,11.704407691955566,2.2213122844696045,0.08127408474683762,0.24431410431861877,0.7168455123901367
1435,37.311038970947266,4.869333744049072,3.696795701980591,2.384983539581299,0.05746971443295479,0.04950828105211258,0.832084596157074
1436,59.40781021118164,5.333412170410156,1.4137866497039795,2.419400453567505,0.07395344227552414,0.028929106891155243,0.7364996373653412
1437,45.197208404541016,6.517546653747559,10.426432609558105,1.9300899505615234,0.13572373986244202,0.11282679438591003,0.5979593992233276
1438,27.5498046875,10.3859224319458,3.294818639755249,2.2709596157073975,0.10103073716163635,0.0350889228284359,0.6648309528827667
1439,24.40934181213379,12.232782363891602,2.840275526046753,2.6160171031951904,0.09387034177780151,0.03987182676792145,0.958039253950119
1440,31.157930374145508,4.77103328704834,4.7517781257629395,2.69095516204834,0.044984154403209686,0.07503245770931244,0.8579463064670563
1441,33.43946075439453,9.526444435119629,9.665911674499512,2.807921886444092,0.14758138358592987,0.10339116305112839,0.977561891078949
1442,43.55928421020508,4.034607887268066,2.5428810119628906,2.676180601119995,0.07002174854278564,0.043586134910583496,0.7657909989356995
1443,38.09376525878906,6.740143775939941,3.4460883140563965,2.9326889514923096,0.1134437769651413,0.035997457802295685,1.14178866147995
1444,26.946996688842773,6.477868556976318,16.048709869384766,2.375732421875,0.05946626514196396,0.17721238732337952,0.6265150606632233
1445,47.0698127746582,3.736851453781128,4.061392307281494,2.450796365737915,0.05400848016142845,0.03915104642510414,0.6777902543544769
1446,30.81455421447754,8.266809463500977,8.755285263061523,2.3607540130615234,0.09500684589147568,0.0732017457485199,0.7112954556941986
1447,32.375709533691406,16.45538902282715,4.9869184494018555,2.0478389263153076,0.20921804010868073,0.049402203410863876,0.7229322195053101
1448,31.4621639251709,6.76254415512085,4.5419511795043945,2.5277254581451416,0.04083782434463501,0.03934601694345474,0.9341736137866974
1449,36.834129333496094,4.638427734375,8.65378189086914,2.3762784004211426,0.05554099753499031,0.13685137033462524,0.6818622052669525
1450,27.321617126464844,9.00368595123291,5.01437520980835,2.4318687915802,0.13008278608322144,0.05543520674109459,0.7183763682842255
1451,27.807493209838867,5.147878646850586,1.9715330600738525,2.8834633827209473,0.06053838133811951,0.03645782172679901,0.9507440626621246
1452,37.827491760253906,4.244386672973633,4.952497482299805,2.3204615116119385,0.04483189433813095,0.04329744726419449,0.6174623072147369
1453,41.09304428100586,4.390632629394531,3.9219675064086914,2.280134916305542,0.054480694234371185,0.04493088647723198,0.7116795778274536
1454,39.54938888549805,4.280029773712158,6.746882438659668,2.4380366802215576,0.046749845147132874,0.08454854041337967,0.8710669279098511
1455,35.802978515625,6.81295919418335,5.132413387298584,2.571388006210327,0.0682668387889862,0.10601435601711273,0.756790041923523
1456,31.84921646118164,7.627006530761719,4.175747871398926,2.263577938079834,0.04716280847787857,0.05859081819653511,0.6146595776081085
1457,33.26753616333008,8.424704551696777,6.715937614440918,2.208034038543701,0.15687882900238037,0.09225393831729889,0.7013190686702728
1458,40.6952018737793,6.082082271575928,7.39188814163208,1.9912198781967163,0.0698147565126419,0.18200767040252686,0.6007007360458374
1459,22.9534969329834,5.764498710632324,5.2700724601745605,2.2097671031951904,0.1111072301864624,0.04492062330245972,0.7449182868003845
1460,43.58805465698242,5.8285627365112305,7.500112533569336,2.77913236618042,0.05482567101716995,0.08116050064563751,0.8916536569595337
1461,27.941829681396484,4.7730183601379395,9.3427095413208,2.436687707901001,0.06448237597942352,0.16073308885097504,0.6644389927387238
1462,32.375789642333984,10.198074340820312,6.078182220458984,2.2564594745635986,0.10238038748502731,0.09455162286758423,0.6864520013332367
1463,33.411380767822266,3.7515676021575928,7.204758644104004,2.3212034702301025,0.04417615011334419,0.13103912770748138,0.802981972694397
1464,37.415000915527344,7.757513999938965,4.36289119720459,2.1387288570404053,0.08424960821866989,0.12984183430671692,0.6910789608955383
1465,23.9671630859375,7.922973155975342,3.910470485687256,2.3914313316345215,0.18086670339107513,0.06299415230751038,0.8508679270744324
1466,43.82773208618164,4.059267997741699,3.657081127166748,1.964332103729248,0.043690577149391174,0.06521423906087875,0.6913745999336243
1467,34.885040283203125,10.973904609680176,4.132160663604736,2.664936065673828,0.07574327290058136,0.03637056052684784,1.013825535774231
1468,39.87086486816406,5.412055492401123,10.071346282958984,2.0631330013275146,0.09747746586799622,0.12349282205104828,0.6042541265487671
1469,39.22797393798828,14.804198265075684,3.791379690170288,2.2482285499572754,0.21157248318195343,0.058015067130327225,0.7507282793521881
1470,28.421478271484375,13.292731285095215,10.341015815734863,2.034273147583008,0.27016451954841614,0.08189155161380768,0.7954050004482269
1471,28.771242141723633,5.835146427154541,6.558528900146484,2.3765344619750977,0.11488450318574905,0.060411348938941956,0.9584732949733734
1472,46.81849670410156,3.8771021366119385,4.129497051239014,2.2804322242736816,0.03920470178127289,0.049114927649497986,0.7310605645179749
1473,34.294044494628906,6.201668739318848,2.593977928161621,2.502659320831299,0.0890430212020874,0.041368380188941956,0.7672065794467926
1474,55.29692077636719,9.474748611450195,5.223679065704346,2.1799628734588623,0.06447106599807739,0.07489888370037079,0.6868330538272858
1475,40.25614929199219,9.533984184265137,2.354565143585205,2.774479627609253,0.11885318160057068,0.03862195089459419,0.8655318915843964
1476,26.147396087646484,16.28653907775879,4.198761940002441,2.3017241954803467,0.19078212976455688,0.045763202011585236,0.7981428503990173
1477,34.0677490234375,6.598340034484863,8.047268867492676,2.264291286468506,0.06492821872234344,0.15069249272346497,0.7260355055332184
1478,44.676414489746094,11.928460121154785,3.5602242946624756,2.4040536880493164,0.11678948253393173,0.03615977242588997,0.7153970003128052
1479,29.69672966003418,5.15561580657959,7.167222023010254,1.8031328916549683,0.05679985135793686,0.0987137109041214,0.5786867141723633
1480,41.372718811035156,5.15922212600708,4.106681823730469,2.3679039478302,0.052529167383909225,0.04034885764122009,0.9157207012176514
1481,26.153440475463867,4.08917760848999,2.68916392326355,2.6632802486419678,0.06551605463027954,0.04209461063146591,0.8845670521259308
1482,33.379764556884766,11.612876892089844,6.883154392242432,2.491431713104248,0.12598146498203278,0.08951529860496521,0.6942089200019836
1483,30.35692024230957,7.509913921356201,3.763474702835083,2.486128568649292,0.09318185597658157,0.03410976380109787,0.7798196375370026
1484,21.427013397216797,13.813777923583984,6.469969272613525,2.3212766647338867,0.1304686963558197,0.060010574758052826,0.8451969027519226
1485,36.068241119384766,7.06240177154541,9.115984916687012,2.6488895416259766,0.06561118364334106,0.15799668431282043,0.8440400660037994
1486,26.169139862060547,6.347635269165039,6.840839862823486,2.6380820274353027,0.07784517109394073,0.08089384436607361,0.9202423095703125
1487,34.800209045410156,5.230113506317139,2.6699891090393066,2.8739402294158936,0.06893092393875122,0.0522335022687912,1.0191699862480164
1488,40.10950469970703,5.834606170654297,3.947737693786621,2.5985538959503174,0.0543900802731514,0.05822071060538292,0.7808971107006073
1489,34.263545989990234,5.768603324890137,5.663658142089844,2.243894338607788,0.0700748935341835,0.037166986614465714,0.7487760484218597
1490,52.977901458740234,6.484455585479736,2.2931201457977295,2.6836750507354736,0.05290453881025314,0.03818545117974281,0.8126387298107147
1491,37.84300231933594,12.148679733276367,2.6465401649475098,2.8321568965911865,0.13345566391944885,0.04146553575992584,0.8320240378379822
1492,23.918943405151367,11.782963752746582,11.085577964782715,2.33268666267395,0.12659426033496857,0.18102431297302246,0.7840279042720795
1493,29.938365936279297,8.526405334472656,2.149345636367798,2.2744736671447754,0.15733449161052704,0.05075746774673462,0.7389323115348816
1494,27.66282844543457,6.470918655395508,5.0490288734436035,2.762378215789795,0.09300116449594498,0.05259789526462555,0.978468507528305
1495,35.39844512939453,13.408985137939453,6.093554973602295,2.2184486389160156,0.05832212418317795,0.06510041654109955,0.6714701950550079
1496,37.220863342285156,6.866257667541504,8.543991088867188,2.373415946960449,0.09530075639486313,0.1817312091588974,1.0214288234710693
1497,34.93498229980469,5.4478230476379395,11.194146156311035,2.907559633255005,0.0573698952794075,0.18289412558078766,0.8485116958618164
1498,49.26003646850586,6.328237533569336,2.0279312133789062,2.5528078079223633,0.04480845481157303,0.030534734949469566,0.746302455663681
1499,30.183197021484375,5.962355136871338,3.992283582687378,2.3285224437713623,0.051140397787094116,0.04919375479221344,0.7216765582561493
1500,37.02614974975586,15.71083927154541,4.527281761169434,1.979718804359436,0.22224415838718414,0.05591472238302231,0.5654879212379456
1501,62.982215881347656,4.056838512420654,5.238390922546387,2.5349128246307373,0.0712408572435379,0.08458065241575241,0.7455680966377258
1502,34.47722625732422,8.637569427490234,3.7631850242614746,2.257296085357666,0.12291194498538971,0.04349825531244278,0.6543200314044952
1503,23.904804229736328,13.435921669006348,6.4277567863464355,2.4596071243286133,0.27885448932647705,0.0630267933011055,0.7837449312210083
1504,34.40121841430664,4.927010536193848,3.731661796569824,2.314821243286133,0.061620861291885376,0.07131128758192062,0.7257803082466125
1505,25.83371353149414,8.973260879516602,4.409905433654785,2.7554714679718018,0.08186764270067215,0.03664197027683258,0.9472569227218628
1506,33.914825439453125,6.389499187469482,8.755008697509766,2.5422866344451904,0.08107858151197433,0.18320295214653015,0.7390867471694946
1507,58.4128303527832,12.164254188537598,4.050477981567383,2.3156533241271973,0.09475022554397583,0.03549472615122795,0.7190565466880798
1508,33.18600082397461,4.660406112670898,5.601224899291992,2.380352020263672,0.05817249417304993,0.06912092864513397,0.8433370590209961
1509,56.43539047241211,10.155845642089844,2.5169098377227783,2.033661127090454,0.21700528264045715,0.03823129087686539,0.7241943776607513
1510,26.73691177368164,3.320962905883789,4.076946258544922,2.319261074066162,0.05465342104434967,0.060126893222332,0.7417866587638855
1511,45.08913803100586,11.189680099487305,7.331243991851807,2.445279359817505,0.12833654880523682,0.245980903506279,0.6190299093723297
1512,33.06734848022461,9.04259204864502,4.59696626663208,2.4568536281585693,0.13876599073410034,0.056602150201797485,0.8338855504989624
1513,36.82743835449219,8.323307037353516,2.387497901916504,2.154188632965088,0.08336560428142548,0.03054019808769226,0.7294982671737671
1514,26.389551162719727,4.520373344421387,3.742999315261841,2.4539549350738525,0.04945191740989685,0.04947925731539726,0.8536985814571381
1515,101.4334716796875,4.190579891204834,5.110095500946045,2.205021619796753,0.055643267929553986,0.0585719458758831,0.7278556227684021
1516,33.80533981323242,8.81284236907959,5.5239434242248535,2.2776505947113037,0.09948572516441345,0.04999545216560364,0.6877349615097046
1517,46.64309310913086,8.818580627441406,4.189639091491699,2.5680859088897705,0.12791728973388672,0.05637134984135628,0.964121013879776
1518,28.565834045410156,5.669590473175049,1.688755989074707,2.685647964477539,0.09345410764217377,0.034915365278720856,1.002541720867157
1519,24.558944702148438,9.461938858032227,5.757712364196777,2.385742425918579,0.1052209734916687,0.07539249211549759,0.7923575937747955
1520,29.311573028564453,8.692084312438965,5.313608646392822,2.4636166095733643,0.0782381072640419,0.07677778601646423,0.8816845118999481
1521,37.48386001586914,4.491701126098633,4.281314373016357,2.082249402999878,0.053032081574201584,0.04598299413919449,0.6160765886306763
1522,28.911405563354492,7.568679332733154,9.277767181396484,2.0519938468933105,0.07376221567392349,0.11608818918466568,0.6852959394454956
1523,36.874427795410156,6.735556602478027,2.8424103260040283,2.2988274097442627,0.08538790047168732,0.0373997837305069,0.8132015466690063
1524,32.91056442260742,6.703964710235596,3.6304736137390137,2.4642586708068848,0.055542975664138794,0.06308089196681976,0.8606346249580383
1525,29.943988800048828,5.180821895599365,5.06876802444458,2.15529727935791,0.07589785754680634,0.068535715341568,0.7402449250221252
1526,40.22867965698242,4.396829128265381,8.767518043518066,2.83689546585083,0.04762871563434601,0.17546126246452332,0.858452707529068
1527,41.34318161010742,6.824674606323242,2.743903160095215,2.586721181869507,0.09474600851535797,0.030582431703805923,0.7774929106235504
1528,40.92353820800781,3.1759908199310303,7.313636302947998,2.2760181427001953,0.03926379233598709,0.21676206588745117,0.7303541600704193
1529,32.14141845703125,12.773296356201172,4.415747165679932,2.7249608039855957,0.0896381363272667,0.05092120170593262,0.9759164452552795
1530,48.57244110107422,8.527874946594238,9.01917839050293,2.2738735675811768,0.08246685564517975,0.12238164246082306,0.730193167924881
1531,36.2278938293457,3.348705291748047,5.602640151977539,2.3131444454193115,0.03671122342348099,0.08289805054664612,0.6287202835083008
1532,38.85873794555664,6.02390193939209,8.924722671508789,2.367914915084839,0.05529870092868805,0.08983297646045685,0.8173359930515289
1533,36.71949005126953,9.98228645324707,7.730705738067627,2.320049524307251,0.12012670934200287,0.1946139931678772,0.5719412565231323
1534,32.82388687133789,18.49054718017578,5.865025043487549,2.2191085815429688,0.1918366700410843,0.06145733594894409,0.8061659634113312
1535,31.97910499572754,3.2828142642974854,2.430912733078003,2.1973936557769775,0.03966956213116646,0.03801998496055603,0.7313780188560486
1536,44.824012756347656,7.521798610687256,2.185669422149658,2.6523146629333496,0.04762005805969238,0.04099487513303757,0.8306289613246918
1537,58.97283935546875,7.576314926147461,3.466940402984619,2.436275005340576,0.08257042616605759,0.050750307738780975,0.7614116966724396
1538,30.701053619384766,4.236278057098389,4.045868873596191,2.5583584308624268,0.06737244874238968,0.07607044279575348,0.8649937808513641
1539,96.29877471923828,5.386162281036377,5.556684494018555,2.872671365737915,0.07436071336269379,0.09233953058719635,0.9981891214847565
1540,26.657289505004883,4.969130516052246,4.982764720916748,2.1801881790161133,0.08520153909921646,0.058680955320596695,0.6082959771156311
1541,48.575775146484375,4.610254764556885,5.491305351257324,2.5726993083953857,0.039303071796894073,0.05734902620315552,0.8235888183116913
1542,32.67935562133789,13.542274475097656,4.476650714874268,2.5196895599365234,0.1999998390674591,0.06391812860965729,0.7606747150421143
1543,39.509639739990234,7.311412334442139,2.826421022415161,2.3891704082489014,0.11531347036361694,0.03417738899588585,0.8500542640686035
1544,54.527042388916016,7.563889980316162,7.189428329467773,2.025388240814209,0.04824024811387062,0.1349046230316162,0.5472486913204193
1545,79.36907958984375,4.124996185302734,8.24748706817627,2.551731824874878,0.05869535356760025,0.06960076093673706,1.0125056505203247
1546,49.837249755859375,8.831482887268066,3.5564613342285156,2.6799304485321045,0.1760377287864685,0.044365376234054565,0.7714145183563232
1547,38.4403076171875,9.729743957519531,4.1813578605651855,2.525635004043579,0.1395021677017212,0.05386119708418846,0.8447676301002502
1548,31.768983840942383,3.9834485054016113,7.526646614074707,2.2327895164489746,0.06389779597520828,0.11044305562973022,0.7579755783081055
1549,49.29193115234375,8.740701675415039,2.7507073879241943,2.4341492652893066,0.12692436575889587,0.04418624937534332,0.9387527108192444
1550,32.43785095214844,5.584838390350342,10.256566047668457,2.1201252937316895,0.07210280746221542,0.13674083352088928,0.7883780896663666
1551,34.085716247558594,5.631311416625977,3.64793062210083,2.531684398651123,0.07166269421577454,0.04895547777414322,0.785321056842804
1552,39.904537200927734,5.595488548278809,7.092136383056641,2.8055131435394287,0.05356156453490257,0.1136135533452034,0.8101052939891815
1553,46.00967788696289,8.800562858581543,3.747673273086548,2.1750383377075195,0.062070753425359726,0.05324402078986168,0.5729335844516754
1554,35.802276611328125,3.624752998352051,4.124183177947998,2.7637956142425537,0.036555446684360504,0.04183417558670044,0.9129543900489807
1555,40.119384765625,7.957844257354736,3.9330246448516846,1.8654333353042603,0.15280766785144806,0.06880084425210953,0.5919815897941589
1556,38.15840148925781,6.3639302253723145,6.77573299407959,2.278414011001587,0.08050762116909027,0.11236006021499634,0.7641932368278503
1557,38.23063278198242,5.055812835693359,12.38095474243164,1.9845863580703735,0.11343581974506378,0.10675695538520813,0.6333067417144775
1558,50.133304595947266,8.134988784790039,3.1142187118530273,3.2159957885742188,0.06397072225809097,0.05103278532624245,0.8890959620475769
1559,49.060150146484375,4.697768688201904,4.016626358032227,2.881378412246704,0.04513690620660782,0.048180870711803436,0.9539910852909088
1560,33.102386474609375,3.882549524307251,3.5499355792999268,3.4634931087493896,0.05242323875427246,0.05304224044084549,1.0805977582931519
1561,27.905029296875,11.692770957946777,5.493628978729248,2.31217098236084,0.16836202144622803,0.062313009053468704,0.6369994282722473
1562,43.357948303222656,1.8668948411941528,3.692246675491333,1.9780617952346802,0.024932626634836197,0.053050413727760315,0.6748134791851044
1563,44.3404655456543,11.448379516601562,2.230120897293091,2.2178115844726562,0.13243645429611206,0.04726361110806465,0.764745682477951
1564,24.361003875732422,6.524668216705322,4.831947326660156,2.669461250305176,0.09486504644155502,0.06322270631790161,1.057596117258072
1565,43.588356018066406,12.519810676574707,4.121145248413086,2.682701587677002,0.17427203059196472,0.04744585230946541,0.9561318755149841
1566,39.76498794555664,11.115564346313477,4.206973552703857,2.508868455886841,0.12729103863239288,0.05026328191161156,1.077498733997345
1567,29.398277282714844,3.0482184886932373,1.736575961112976,3.002732992172241,0.04856596142053604,0.033416423946619034,0.9996366500854492
1568,40.31943130493164,11.738387107849121,2.8320515155792236,2.520861864089966,0.16149728000164032,0.04105054959654808,0.9181922972202301
1569,28.72090721130371,10.030735969543457,5.758412837982178,1.750504970550537,0.06633856147527695,0.05638909339904785,0.5693664252758026
1570,31.210378646850586,3.503376007080078,3.8126883506774902,2.8421874046325684,0.04356596618890762,0.048788174986839294,0.9762541055679321
1571,31.367780685424805,4.644845962524414,3.3111090660095215,2.4666664600372314,0.05485708639025688,0.04691575467586517,0.8715647459030151
1572,53.567726135253906,16.33219337463379,7.133817195892334,2.9090423583984375,0.15862490236759186,0.06511209905147552,1.0068113207817078
1573,41.70121765136719,6.441511154174805,4.429006576538086,2.4406604766845703,0.07450926303863525,0.049138545989990234,0.7192096412181854
1574,57.64094543457031,3.1562585830688477,3.3910670280456543,2.6480038166046143,0.05586379021406174,0.03217930346727371,0.7823040783405304
1575,29.514535903930664,4.587832450866699,5.077801704406738,2.86336612701416,0.061486974358558655,0.09679223597049713,0.9008433222770691
1576,37.697593688964844,6.329356670379639,1.5463931560516357,2.8551604747772217,0.080936960875988,0.03122680075466633,0.9270519614219666
1577,30.478559494018555,12.061695098876953,5.510868072509766,2.495251178741455,0.12680435180664062,0.06695210933685303,0.6783920526504517
1578,33.6489372253418,6.196033954620361,4.1657023429870605,2.270592212677002,0.057193558663129807,0.04991960898041725,0.6626571714878082
1579,28.344280242919922,7.52308988571167,2.862854242324829,2.4585728645324707,0.06571049243211746,0.03685349225997925,0.8780964910984039
1580,24.277990341186523,6.587862491607666,2.5126006603240967,2.948805570602417,0.09129250049591064,0.040382325649261475,1.017729103565216
1581,34.67396545410156,6.032951354980469,5.442498207092285,2.28481388092041,0.12596061825752258,0.08129430562257767,0.6835397183895111
1582,35.82828140258789,15.635639190673828,5.648721694946289,2.9697086811065674,0.10975003987550735,0.060945603996515274,0.8688935041427612
1583,32.67776107788086,6.824375629425049,1.9415037631988525,2.7556073665618896,0.08405201882123947,0.04312868416309357,0.8169607520103455
1584,32.29774475097656,5.313628673553467,3.4052889347076416,2.234501838684082,0.06504962593317032,0.050377849489450455,0.7143825590610504
1585,28.778696060180664,6.076197624206543,11.30892276763916,2.415548801422119,0.04304639250040054,0.12488021701574326,0.7758832275867462
1586,32.633174896240234,15.393966674804688,3.8443965911865234,2.1726250648498535,0.26558825373649597,0.057036641985177994,0.8067605197429657
1587,33.45182418823242,4.886508941650391,8.584098815917969,2.3305959701538086,0.07158789783716202,0.16163045167922974,0.7993473708629608
1588,30.18128776550293,7.013215065002441,1.4715096950531006,3.199802875518799,0.06553363054990768,0.02967551164329052,1.1248016357421875
1589,62.778316497802734,5.99454927444458,5.142939567565918,2.31441068649292,0.07927265763282776,0.07181321829557419,0.7248774766921997
1590,37.39971160888672,7.4390645027160645,3.4884157180786133,2.170663595199585,0.07577725499868393,0.05732276290655136,0.7590206861495972
1591,51.029842376708984,8.866482734680176,2.1464121341705322,2.644585371017456,0.16180433332920074,0.03577961400151253,0.8974285125732422
1592,43.0346794128418,5.015110969543457,5.947897434234619,2.5893125534057617,0.08365195989608765,0.079435333609581,0.8215633034706116
1593,35.26258850097656,2.431098222732544,4.854556083679199,2.753826856613159,0.037353597581386566,0.05250665172934532,0.8800652325153351
1594,37.85837936401367,11.56848430633545,4.932082653045654,2.376098394393921,0.1647634506225586,0.05015547201037407,0.725700706243515
1595,63.8426513671875,7.539482116699219,4.105278015136719,2.3561360836029053,0.07435489445924759,0.05776840075850487,0.7601217031478882
1596,39.67696762084961,9.214820861816406,6.0878729820251465,2.2360730171203613,0.1337682604789734,0.06913573294878006,0.7102594971656799
1597,56.204925537109375,14.601035118103027,4.126986026763916,2.6263058185577393,0.23437318205833435,0.047410644590854645,0.8919600248336792
1598,41.278472900390625,4.437309741973877,3.8236427307128906,2.688664436340332,0.055239662528038025,0.048387572169303894,0.8255805671215057
1599,32.57415771484375,13.46336555480957,7.191943168640137,2.4984705448150635,0.1199570819735527,0.0624721422791481,0.8045741617679596
1600,30.01291847229004,5.9839863777160645,3.3276619911193848,2.6716814041137695,0.0880933403968811,0.056320659816265106,0.8348066508769989
1601,35.62159729003906,3.4172756671905518,6.288742542266846,2.418656826019287,0.04893413186073303,0.11525776982307434,0.7085279226303101
1602,33.04693603515625,3.0766217708587646,8.692928314208984,2.1307919025421143,0.03560875728726387,0.1962481439113617,0.6542960703372955
1603,26.454757690429688,10.027400016784668,2.9449710845947266,2.328336000442505,0.08602915704250336,0.040714289993047714,0.7636127471923828
1604,39.908363342285156,4.898070335388184,3.085275411605835,2.095698356628418,0.10275112092494965,0.04224042221903801,0.7051944732666016
1605,79.79192352294922,7.235080718994141,4.328946113586426,2.3033359050750732,0.10250314325094223,0.06262599676847458,0.7648411393165588
1606,51.361045837402344,19.856687545776367,2.9375085830688477,2.70786714553833,0.1207016110420227,0.04532274603843689,0.9166595041751862
1607,57.47943115234375,8.472210884094238,3.6917009353637695,2.7052505016326904,0.11083641648292542,0.05118609964847565,0.8448582589626312
1608,44.9427604675293,7.071325302124023,6.561474800109863,2.491750955581665,0.06780987977981567,0.06963367760181427,0.9352983236312866
1609,37.40694046020508,13.255180358886719,3.026418924331665,2.6956610679626465,0.21691842377185822,0.050219401717185974,0.8161768317222595
1610,36.35531997680664,7.585942268371582,2.967911958694458,2.2526018619537354,0.10287132859230042,0.057780131697654724,0.6813894808292389
1611,37.883419036865234,6.838144302368164,6.870066165924072,2.44696044921875,0.09709414839744568,0.12007783353328705,0.8387468457221985
1612,42.701961517333984,12.58898639678955,5.290005683898926,2.2799417972564697,0.0927983969449997,0.059392258524894714,0.7646855413913727
1613,33.09786605834961,10.448344230651855,1.920089840888977,2.5840578079223633,0.20148929953575134,0.0318242646753788,0.9656209945678711
1614,51.28501892089844,12.499009132385254,3.16617488861084,2.6110148429870605,0.25728222727775574,0.04482599347829819,0.9389645457267761
1615,34.80984115600586,5.5972795486450195,7.248056411743164,2.0981674194335938,0.06146526336669922,0.14203797280788422,0.6460061967372894
1616,37.07962417602539,5.898752212524414,5.988669395446777,2.0840725898742676,0.08992814272642136,0.07646743953227997,0.6368407309055328
1617,28.655202865600586,5.969374179840088,2.7919530868530273,2.1809868812561035,0.077965646982193,0.035822153091430664,0.7600560188293457
1618,38.256141662597656,6.767408847808838,2.482118844985962,2.675663709640503,0.0678209662437439,0.04588112235069275,0.9629075825214386
1619,34.03379440307617,8.979395866394043,6.0654520988464355,2.060373544692993,0.10463514924049377,0.10306297987699509,0.6803649365901947
1620,33.323646545410156,13.00733470916748,3.685828447341919,2.4824585914611816,0.175670325756073,0.04868793115019798,0.9267286360263824
1621,27.09469985961914,5.958521366119385,5.348291397094727,2.668933391571045,0.07086703181266785,0.04941219836473465,0.8975915014743805
1622,49.29482650756836,18.51211929321289,5.577006816864014,2.0159857273101807,0.13505370914936066,0.084700807929039,0.6833935976028442
1623,38.647987365722656,8.350784301757812,5.503831386566162,2.24330735206604,0.0923200324177742,0.05180337280035019,0.7471880614757538
1624,42.325408935546875,20.00723648071289,3.9888839721679688,2.5174338817596436,0.22489774227142334,0.05850096046924591,0.7157047688961029
1625,33.02011489868164,9.095250129699707,4.271342754364014,2.4342191219329834,0.0822448581457138,0.06257805228233337,0.8171412348747253
1626,35.708045959472656,10.800333023071289,3.720090389251709,2.7542500495910645,0.08615266531705856,0.061320576816797256,0.787629246711731
1627,32.925559997558594,5.606396675109863,7.9689178466796875,2.7438387870788574,0.04750673100352287,0.06643668562173843,1.2377756536006927
1628,35.01341247558594,11.838157653808594,6.55557918548584,2.2750566005706787,0.07930400967597961,0.07271996140480042,0.8586835563182831
1629,39.8077392578125,2.7506978511810303,5.156847953796387,2.2786483764648438,0.028799118474125862,0.07714469730854034,0.6365692317485809
1630,54.03252410888672,13.50428295135498,4.2962493896484375,2.711015224456787,0.1348164975643158,0.054062873125076294,0.8658804893493652
1631,40.514923095703125,8.519100189208984,5.05147123336792,2.440908908843994,0.05984596908092499,0.05630490183830261,0.8137539029121399
1632,39.360694885253906,6.171347618103027,9.957761764526367,1.7896424531936646,0.0473620742559433,0.0982898622751236,0.600584089756012
1633,36.44803237915039,27.118751525878906,5.24684476852417,2.4787437915802,0.2122926563024521,0.04847664386034012,0.7516013383865356
1634,36.96015930175781,4.733917236328125,7.255413055419922,2.222508192062378,0.08198697865009308,0.10109801590442657,0.5984689891338348
1635,32.19107437133789,7.169076442718506,2.312704563140869,2.1413071155548096,0.0657200962305069,0.038685426115989685,0.609594076871872
1636,35.49208068847656,6.607827186584473,4.725429534912109,2.1778781414031982,0.11270925402641296,0.053001198917627335,0.6965829730033875
1637,31.43256378173828,9.201367378234863,4.448298931121826,2.41428542137146,0.09193489700555801,0.053816284984350204,0.7992709279060364
1638,44.137603759765625,7.971855640411377,2.2017641067504883,2.7407310009002686,0.039766825735569,0.04860806465148926,0.9382551908493042
1639,53.96689987182617,8.600850105285645,4.267852306365967,2.2917239665985107,0.06405466049909592,0.04339586943387985,0.7669957280158997
1640,29.709901809692383,8.582653999328613,3.052260160446167,3.197841167449951,0.0665985569357872,0.06589426845312119,1.0830878615379333
1641,36.130367279052734,5.7349019050598145,8.321822166442871,2.6863958835601807,0.06307919323444366,0.12583114206790924,0.7321690618991852
1642,39.973751068115234,5.407888412475586,9.773735046386719,2.193166494369507,0.0348992794752121,0.099951833486557,0.7314480543136597
1643,29.81420135498047,3.795198678970337,3.4957287311553955,2.3268699645996094,0.04590597748756409,0.043129757046699524,0.8059263229370117
1644,42.390098571777344,4.218267440795898,1.8315469026565552,2.631736993789673,0.05465079843997955,0.03572455793619156,0.724224328994751
1645,42.35305404663086,6.621674537658691,3.3950343132019043,2.622110605239868,0.05696367844939232,0.048624299466609955,0.7121182680130005
1646,29.246604919433594,10.550152778625488,1.929574966430664,2.539053440093994,0.15487194061279297,0.028283819556236267,0.6507351100444794
1647,38.12702178955078,4.559574127197266,8.66868782043457,2.8679726123809814,0.06649456918239594,0.07742141932249069,0.8430863320827484
1648,38.992088317871094,9.537065505981445,4.574538230895996,2.231417417526245,0.1194429099559784,0.07124322652816772,0.7929068505764008
1649,47.03340148925781,2.5088560581207275,3.050626516342163,2.6641879081726074,0.04498840868473053,0.04889716953039169,1.0016667246818542
1650,29.22563934326172,10.474115371704102,3.8965299129486084,3.0149967670440674,0.14984560012817383,0.04196706786751747,1.0705897808074951
1651,42.450931549072266,6.478635787963867,1.3564292192459106,2.911867380142212,0.1374795138835907,0.028795603662729263,0.9788766205310822
1652,28.7182674407959,6.261289119720459,2.946929454803467,2.8191335201263428,0.07437989115715027,0.048545580357313156,1.0720704793930054
1653,37.68140411376953,14.441739082336426,9.58045768737793,2.580263137817383,0.11983174085617065,0.17895929515361786,0.8219875991344452
1654,32.11356735229492,10.471317291259766,7.482259273529053,2.0684337615966797,0.16204914450645447,0.06109236925840378,0.743801474571228
1655,47.67822265625,7.460750579833984,3.5719730854034424,2.3994662761688232,0.09060776233673096,0.03495732694864273,0.8100041151046753
1656,27.90770721435547,11.410837173461914,7.483386039733887,2.481206178665161,0.10989561676979065,0.06488407403230667,0.7832275331020355
1657,39.442569732666016,10.442937850952148,7.698039531707764,2.8356664180755615,0.08547568321228027,0.06880062818527222,1.0410405695438385
1658,32.09811019897461,6.00680685043335,1.4814016819000244,3.082657814025879,0.0567866787314415,0.03549213707447052,0.9840048551559448
1659,28.659549713134766,1.3463095426559448,4.630946159362793,2.7929341793060303,0.029360666871070862,0.0913984403014183,0.8558069467544556
1660,39.91203689575195,9.408562660217285,5.273352146148682,2.1821985244750977,0.1680992692708969,0.04121079668402672,0.7707930207252502
1661,37.25730895996094,15.069311141967773,5.529487609863281,2.6826837062835693,0.27326369285583496,0.0946127325296402,1.0335628390312195
1662,36.83220672607422,5.095951080322266,3.034270763397217,2.6177785396575928,0.05569759011268616,0.0530732125043869,0.8418610990047455
1663,29.6181697845459,5.476535320281982,7.473405361175537,2.7923381328582764,0.05275705084204674,0.07927641272544861,0.9373005330562592
1664,31.146265029907227,5.530775547027588,9.31730842590332,2.3972971439361572,0.045984115451574326,0.1991899609565735,0.6460506618022919
1665,29.312772750854492,7.97227668762207,2.152397394180298,2.2685413360595703,0.08980843424797058,0.031857963651418686,0.7458716630935669
1666,28.06772232055664,5.142294883728027,4.854312896728516,2.0512611865997314,0.06219276785850525,0.077604278922081,0.6654299199581146
1667,33.39229965209961,12.665157318115234,3.9748404026031494,2.4541985988616943,0.24411356449127197,0.05447746813297272,0.7342219948768616
1668,34.07170104980469,8.658042907714844,4.4954094886779785,2.2391610145568848,0.07835108786821365,0.06813018023967743,0.8135452270507812
1669,43.436702728271484,10.267882347106934,11.426087379455566,2.4964466094970703,0.06550177186727524,0.09452388435602188,0.8316999077796936
1670,33.567054748535156,17.11147689819336,3.90982723236084,2.295010566711426,0.34057509899139404,0.05064621567726135,0.7280796468257904
1671,29.33390235900879,12.749870300292969,7.7782182693481445,2.319680690765381,0.09320462495088577,0.13352490961551666,0.673325777053833
1672,33.28634262084961,6.569038391113281,2.488668203353882,2.6116814613342285,0.09201020002365112,0.04764644056558609,1.0026518106460571
1673,33.95342254638672,14.652678489685059,4.615188121795654,2.869995355606079,0.4110666513442993,0.05267535150051117,1.1686327457427979
1674,51.05773162841797,4.317224979400635,3.24385404586792,2.5292394161224365,0.042280860245227814,0.03440464287996292,0.7758331000804901
1675,66.086181640625,5.360507488250732,3.646146774291992,2.5267364978790283,0.049550898373126984,0.045915137976408005,0.7631573379039764
1676,37.204139709472656,6.64888334274292,4.317968845367432,2.5823564529418945,0.11023066937923431,0.05034499242901802,0.9682465195655823
1677,43.810543060302734,9.401573181152344,7.132577419281006,2.712301254272461,0.07646341621875763,0.08691398799419403,0.7744738459587097
1678,28.916494369506836,6.793638229370117,4.339890480041504,2.7957656383514404,0.08153221756219864,0.04244792461395264,0.9595206379890442
1679,36.97642135620117,7.457836151123047,6.416392803192139,2.4419045448303223,0.06452765315771103,0.11208684742450714,0.7684434950351715
1680,42.64033126831055,4.850381374359131,3.410270929336548,2.7823283672332764,0.06415063887834549,0.05884668231010437,0.7430244982242584
1681,51.838775634765625,5.0441389083862305,2.539372444152832,2.8149666786193848,0.03739434480667114,0.03479737415909767,0.8687528967857361
1682,27.161951065063477,5.5712995529174805,2.8769848346710205,2.116179943084717,0.09309473633766174,0.05129191651940346,0.7374213635921478
1683,50.291038513183594,15.199115753173828,4.326132774353027,2.058044672012329,0.22625650465488434,0.1159040555357933,0.6422960460186005
1684,21.75906753540039,4.759366512298584,5.687205791473389,2.515629291534424,0.04836998134851456,0.11151964962482452,0.7574332058429718
1685,44.43053436279297,11.232717514038086,5.221187114715576,2.149648427963257,0.12916423380374908,0.056302256882190704,0.7324821949005127
1686,38.54671096801758,19.51363182067871,7.832714557647705,2.372197389602661,0.2109919786453247,0.13113683462142944,0.6362340152263641
1687,33.5349006652832,5.807867527008057,2.757126569747925,2.5915746688842773,0.06388266384601593,0.06191493570804596,0.798458069562912
1688,47.696170806884766,8.484756469726562,5.362734317779541,2.2017581462860107,0.07484429329633713,0.06203331798315048,0.674606442451477
1689,24.72991180419922,3.6038570404052734,2.80169415473938,2.6343586444854736,0.07863165438175201,0.052351146936416626,1.0449763238430023
1690,33.17947769165039,7.5125837326049805,8.525428771972656,2.3190715312957764,0.06297001242637634,0.06024527922272682,0.7376927733421326
1691,38.22942352294922,10.497013092041016,9.238388061523438,2.1070165634155273,0.08910326659679413,0.11724839359521866,0.7503571808338165
1692,39.07880783081055,9.189860343933105,2.941599130630493,2.7878170013427734,0.08391503244638443,0.035711150616407394,0.9336851835250854
1693,36.65180206298828,5.872783660888672,1.8163282871246338,2.494971990585327,0.0634242445230484,0.02734481170773506,0.7789852917194366
1694,59.75127029418945,8.8353853225708,3.820176601409912,2.4382457733154297,0.14745968580245972,0.06409763544797897,0.6908278465270996
1695,30.225833892822266,12.355168342590332,1.7357629537582397,2.682263135910034,0.15248295664787292,0.04704485833644867,0.9598020911216736
1696,28.112430572509766,4.765120983123779,6.7833123207092285,1.975683569908142,0.10049925744533539,0.12522132694721222,0.6771689057350159
1697,33.96107864379883,10.327601432800293,4.87540864944458,2.343036651611328,0.08647751808166504,0.07140330970287323,0.7699523568153381
1698,43.75981140136719,14.223932266235352,4.958452224731445,1.8401696681976318,0.2196860909461975,0.04261026531457901,0.5674132406711578
1699,46.542049407958984,7.3009138107299805,4.991167068481445,2.4578747749328613,0.07289636880159378,0.054338812828063965,0.8356428742408752
1700,32.89274597167969,12.868866920471191,5.2187418937683105,2.757685899734497,0.16222603619098663,0.10635142028331757,0.9485822319984436
1701,23.2052059173584,5.089296817779541,5.237945556640625,2.5286595821380615,0.12722726166248322,0.09027577936649323,0.9209735095500946
1702,39.4578971862793,6.522676944732666,9.897095680236816,2.1428146362304688,0.07911660522222519,0.2248869091272354,0.6239224672317505
1703,41.87269973754883,6.681211471557617,5.335763454437256,2.445557117462158,0.043947696685791016,0.09703134000301361,0.7372453510761261
1704,50.81606674194336,11.429645538330078,4.636120319366455,2.18522310256958,0.07577676326036453,0.06725989282131195,0.6689814329147339
1705,50.016944885253906,8.093340873718262,4.353765487670898,2.4098455905914307,0.06193891912698746,0.06792589277029037,0.7674793303012848
1706,33.960792541503906,5.572082042694092,3.1975924968719482,2.498441219329834,0.054147154092788696,0.04198245704174042,0.7498617768287659
1707,55.96665954589844,4.821547508239746,1.6347161531448364,2.728790521621704,0.08031708002090454,0.04225093871355057,0.8804902732372284
1708,41.9793586730957,5.375741481781006,2.0277292728424072,3.0907998085021973,0.06402791291475296,0.038204096257686615,0.9898503720760345
1709,28.244579315185547,5.529129981994629,6.948670387268066,2.3277041912078857,0.09349092841148376,0.08967405557632446,0.8163883984088898
1710,32.117942810058594,8.254731178283691,5.159262180328369,2.4097485542297363,0.1032581478357315,0.04862477630376816,0.7975014746189117
1711,43.31337356567383,9.30677604675293,4.452031135559082,2.1230521202087402,0.2266312539577484,0.04683157429099083,0.7331517934799194
1712,27.355533599853516,6.5634942054748535,6.367546081542969,2.3262155055999756,0.05966995656490326,0.047938279807567596,0.7953023910522461
1713,55.79513168334961,9.116713523864746,2.2980525493621826,2.5510618686676025,0.05841084569692612,0.040388405323028564,0.8660925030708313
1714,43.398948669433594,10.943126678466797,2.5657827854156494,3.1696629524230957,0.22530582547187805,0.051123712211847305,1.320961356163025
1715,23.569717407226562,3.896028995513916,4.087954044342041,3.106496810913086,0.07356977462768555,0.05295354127883911,1.1139975786209106
1716,61.60443115234375,9.850890159606934,5.561301231384277,2.5622501373291016,0.10058107227087021,0.05945347994565964,0.9421730637550354
1717,34.44008255004883,4.481424331665039,7.329837322235107,2.3527472019195557,0.07888591289520264,0.14220070838928223,0.7463955581188202
1718,43.25741195678711,8.90877628326416,2.861154079437256,2.6356539726257324,0.0711505115032196,0.043484173715114594,0.818314254283905
1719,48.768070220947266,18.66647720336914,6.019850254058838,2.1857550144195557,0.1135731041431427,0.06672216206789017,0.7704405784606934
1720,57.71194839477539,8.282517433166504,5.753452777862549,2.1602165699005127,0.09663171321153641,0.04722803831100464,0.6275507509708405
1721,24.252450942993164,3.676593542098999,4.624029636383057,2.4098246097564697,0.05528450012207031,0.055885590612888336,0.8797233700752258
1722,31.410537719726562,9.020600318908691,2.560770034790039,2.900876522064209,0.0704166367650032,0.036648161709308624,0.9559338688850403
1723,34.33314514160156,4.278842926025391,11.579845428466797,2.1848623752593994,0.06500157713890076,0.2341226041316986,0.6958589553833008
1724,47.82994842529297,6.717653751373291,4.749177932739258,2.4907257556915283,0.04125998541712761,0.07556667923927307,0.780345618724823
1725,26.53932762145996,1.7445343732833862,0.972558319568634,3.259727954864502,0.03338252380490303,0.026391526684165,1.0069500803947449
1726,47.4764289855957,13.868728637695312,4.149969577789307,2.5402097702026367,0.14980290830135345,0.04049505293369293,0.7443410158157349
1727,32.37190628051758,4.088785171508789,5.434973239898682,2.439779043197632,0.04420098662376404,0.06671862304210663,0.8309641182422638
1728,29.99480628967285,12.667067527770996,5.881610870361328,2.327665090560913,0.16635389626026154,0.11255057901144028,0.7593252956867218
1729,34.47282028198242,16.613916397094727,8.769950866699219,2.364961624145508,0.15821871161460876,0.06445559114217758,0.8527041673660278
1730,57.84489440917969,5.212847709655762,3.7969071865081787,2.6107165813446045,0.10859491676092148,0.0606110543012619,0.9853914380073547
1731,46.8038330078125,11.613653182983398,2.5791337490081787,2.3207590579986572,0.09979879856109619,0.033932797610759735,0.7698878049850464
1732,51.97087860107422,12.677446365356445,3.5072364807128906,2.5555150508880615,0.09085000306367874,0.059863101691007614,0.868303045630455
1733,30.904495239257812,9.152501106262207,6.247752666473389,2.1302123069763184,0.15115609765052795,0.10488423705101013,0.5571655631065369
1734,28.23390007019043,13.582415580749512,3.2373387813568115,2.2050867080688477,0.2588648796081543,0.03840433806180954,0.7984992861747742
1735,61.96010971069336,3.4145679473876953,4.606043815612793,2.435112714767456,0.043596409261226654,0.0495961494743824,0.7798662185668945
1736,48.80516052246094,2.895404815673828,1.4325867891311646,2.743802070617676,0.04380249232053757,0.032877132296562195,0.7883643507957458
1737,33.97311782836914,8.607346534729004,5.409022331237793,1.9239156246185303,0.08047866821289062,0.08441656827926636,0.7504353523254395
1738,32.046966552734375,3.721776247024536,3.625678777694702,2.5001440048217773,0.04798661917448044,0.05493096262216568,0.7783309519290924
1739,32.48413848876953,8.362870216369629,7.859328746795654,2.165724277496338,0.06484762579202652,0.0696219950914383,0.8075750470161438
1740,30.222610473632812,8.497961044311523,3.8792309761047363,2.157097578048706,0.09612685441970825,0.05567313730716705,0.6966058611869812
1741,27.371335983276367,10.358893394470215,4.665641784667969,2.572211503982544,0.14766710996627808,0.06335429847240448,0.9446240067481995
1742,26.007179260253906,3.859630823135376,4.617644309997559,2.458134651184082,0.08679825067520142,0.06571177393198013,0.580128937959671
1743,32.504600524902344,9.700112342834473,10.746889114379883,3.2809832096099854,0.07682354748249054,0.07443813979625702,0.9877750873565674
1744,32.48245620727539,2.9685864448547363,3.1139984130859375,3.0451624393463135,0.04816727340221405,0.04263686388731003,0.99629145860672
1745,40.46327590942383,2.1776158809661865,5.01647424697876,2.561964273452759,0.042809851467609406,0.04070591181516647,0.7797617316246033
1746,34.67881393432617,6.213946342468262,3.324408769607544,2.827186346054077,0.0748770534992218,0.04068567231297493,0.8591130077838898
1747,38.254638671875,6.761621952056885,3.2736728191375732,2.7940726280212402,0.06781473755836487,0.0657925233244896,0.921597421169281
1748,33.4542121887207,16.039525985717773,1.4631515741348267,3.14154052734375,0.09787694364786148,0.03482760488986969,1.1500691771507263
1749,42.201332092285156,9.136701583862305,1.189328908920288,2.747570276260376,0.15609775483608246,0.029623374342918396,0.8411310315132141
1750,41.553611755371094,11.075461387634277,5.682194232940674,2.462529182434082,0.1238735020160675,0.11235123872756958,0.7751629054546356
1751,28.936906814575195,7.062319278717041,8.103537559509277,2.716214656829834,0.09522786736488342,0.08214913308620453,1.0099535584449768
1752,225.52418518066406,17.740402221679688,3.707657814025879,2.351480484008789,0.1832580715417862,0.05561920255422592,0.7865854203701019
1753,35.60523223876953,7.581164360046387,9.366254806518555,2.3155760765075684,0.10340943932533264,0.13324971497058868,0.760326623916626
1754,31.358491897583008,2.370774984359741,4.421993732452393,2.547952175140381,0.038926877081394196,0.05866704136133194,0.7687354981899261
1755,48.81816482543945,10.532341003417969,8.434102058410645,2.394671678543091,0.214468851685524,0.13244570791721344,0.7713759243488312
1756,46.18907928466797,6.022532939910889,3.303309440612793,2.348095655441284,0.0855407863855362,0.035278793424367905,0.6695523262023926
1757,36.44934844970703,2.848316192626953,3.8731307983398438,2.7185537815093994,0.03291228786110878,0.05748642981052399,0.7777012586593628
1758,45.94073486328125,8.866068840026855,7.461292743682861,2.3199987411499023,0.11589200049638748,0.2010955959558487,0.6337438225746155
1759,64.03815460205078,5.752800464630127,2.7817845344543457,2.5668413639068604,0.0686185359954834,0.031925082206726074,0.8080416321754456
1760,33.99830627441406,5.413853168487549,2.7376487255096436,2.3682022094726562,0.0756196677684784,0.04805399104952812,0.8242834508419037
1761,39.0663948059082,13.15293025970459,2.217302083969116,2.419010639190674,0.17266950011253357,0.03438589721918106,0.7791993021965027
1762,37.12062072753906,5.987837314605713,4.408893585205078,2.674828290939331,0.13375431299209595,0.06634628027677536,1.0684611797332764
1763,37.823875427246094,13.180122375488281,2.2631125450134277,2.6804332733154297,0.09538574516773224,0.025695182383060455,0.9825285971164703
1764,41.30917739868164,8.034984588623047,8.0181303024292,2.5646653175354004,0.05742168426513672,0.08197910338640213,0.7323355674743652
1765,35.741512298583984,5.89369010925293,3.3749704360961914,2.291433095932007,0.09329810738563538,0.042278364300727844,0.7798405885696411
1766,49.03999710083008,5.92185640335083,3.925751209259033,2.511301040649414,0.11933457851409912,0.06544206291437149,0.8386824131011963
1767,32.0844612121582,5.766881465911865,9.626569747924805,2.4308323860168457,0.06690561771392822,0.08833841979503632,0.8114919662475586
1768,38.09347152709961,7.946342945098877,11.088123321533203,2.0016729831695557,0.05380053073167801,0.14635734260082245,0.5265473425388336
1769,48.99430465698242,4.6439595222473145,3.0666284561157227,2.680201530456543,0.11961928009986877,0.043894048780202866,0.6769779026508331
1770,30.99329948425293,7.002724647521973,4.204631328582764,2.7544891834259033,0.09355208277702332,0.061067864298820496,0.8155770897865295
1771,19.68684959411621,14.100172996520996,2.259789228439331,2.3262436389923096,0.322158545255661,0.03367789834737778,0.8181282579898834
1772,75.01603698730469,12.336708068847656,4.2301435470581055,2.272167444229126,0.13361002504825592,0.04172615706920624,0.6586303114891052
1773,31.644433975219727,4.163198947906494,3.8160560131073,2.5604043006896973,0.06442605704069138,0.05376911908388138,0.9073314070701599
1774,37.655941009521484,4.559850215911865,11.410273551940918,2.1940860748291016,0.05233638361096382,0.07994117587804794,0.6830532550811768
1775,47.359249114990234,8.231986999511719,1.6831756830215454,2.6203925609588623,0.08271574229001999,0.03658819943666458,0.7669038474559784
1776,28.099971771240234,4.791688919067383,6.271835803985596,2.5745933055877686,0.04568083956837654,0.07932423800230026,0.8920081257820129
1777,60.24622344970703,5.259185791015625,6.517490863800049,2.1596806049346924,0.07982093095779419,0.10472548007965088,0.6983627676963806
1778,31.956289291381836,9.437580108642578,5.140173435211182,2.30437970161438,0.16183578968048096,0.04605695977807045,0.7896708846092224
1779,49.76691436767578,5.531842231750488,3.66741943359375,2.4517555236816406,0.06031259149312973,0.03681173548102379,0.746099442243576
1780,48.923912048339844,5.821393966674805,7.406140327453613,2.316016912460327,0.08777020126581192,0.07590626180171967,0.7454662919044495
1781,61.98236083984375,12.72050666809082,3.8388595581054688,2.661983013153076,0.10617578029632568,0.05402764305472374,0.9147203862667084
1782,43.677734375,6.0930681228637695,3.4884235858917236,2.639572858810425,0.05108490586280823,0.03299925476312637,0.965806394815445
1783,29.8072452545166,7.7293314933776855,4.859860420227051,2.747880697250366,0.06539197266101837,0.06534860283136368,1.0213087797164917
1784,35.88349914550781,4.979541301727295,10.653541564941406,3.067304849624634,0.048961713910102844,0.08693769574165344,0.8730450570583344
1785,33.300777435302734,14.241329193115234,7.5083699226379395,2.201645851135254,0.23958948254585266,0.11146222054958344,0.6855083405971527
1786,35.969566345214844,4.881905555725098,8.036471366882324,2.074514865875244,0.07020062208175659,0.16257911920547485,0.6441460251808167
1787,26.094907760620117,9.249728202819824,4.449247360229492,2.630229949951172,0.15920504927635193,0.052983008325099945,1.0038196742534637
1788,37.974117279052734,5.587479591369629,4.233315467834473,2.426504135131836,0.057580411434173584,0.10038755089044571,0.6165657341480255
1789,27.151569366455078,8.01392650604248,8.270061492919922,2.1442883014678955,0.06432238966226578,0.07952090352773666,0.8497129380702972
1790,25.7988224029541,6.546034812927246,4.392959117889404,2.152726888656616,0.07117591798305511,0.07015740871429443,0.8113240003585815
1791,40.633365631103516,17.742918014526367,7.259472846984863,1.944200873374939,0.16984552145004272,0.096796914935112,0.7983461022377014
1792,54.801395416259766,6.192700386047363,7.137179374694824,2.521273374557495,0.051824286580085754,0.08158533275127411,1.0260310769081116
1793,36.61386489868164,6.984979152679443,2.3743276596069336,3.1196975708007812,0.058255236595869064,0.03775300458073616,1.0155447721481323
1794,52.587249755859375,13.2127685546875,4.511941909790039,2.555722951889038,0.1269671767950058,0.05567480996251106,1.0179961621761322
1795,46.54103088378906,8.017277717590332,6.420013904571533,2.5917887687683105,0.07255290448665619,0.09647348523139954,0.8156293630599976
1796,55.905914306640625,6.380690574645996,6.006845474243164,2.5735394954681396,0.05971216782927513,0.14676761627197266,0.7914940118789673
1797,24.623979568481445,3.7790303230285645,3.5389561653137207,2.5994200706481934,0.07872220873832703,0.054071009159088135,0.8749502003192902
1798,39.80820083618164,6.0622100830078125,1.0750885009765625,2.098397731781006,0.07329627871513367,0.03057217225432396,0.654899001121521
1799,34.56779861450195,3.964770793914795,8.290395736694336,2.571216344833374,0.05874468386173248,0.12490131705999374,0.742687851190567
1800,29.023475646972656,7.1218037605285645,6.307800769805908,2.3790698051452637,0.07130338996648788,0.060869038105010986,0.7916088998317719
1801,41.165374755859375,11.078141212463379,3.732560396194458,2.076481342315674,0.09891051054000854,0.03552451357245445,0.6884928941726685
1802,35.97055435180664,7.416321754455566,7.487006187438965,2.4654650688171387,0.05598213151097298,0.10071387887001038,0.7910257875919342
1803,31.609752655029297,4.989443302154541,4.2736921310424805,2.0616037845611572,0.04472781717777252,0.05851247161626816,0.7121329605579376
1804,46.81402587890625,5.382320404052734,1.8405447006225586,2.561356544494629,0.07563328742980957,0.02727755904197693,0.6881557404994965
1805,41.485023498535156,5.551224231719971,8.107194900512695,2.188659191131592,0.06687045097351074,0.06699717044830322,0.7375765144824982
1806,34.36521530151367,6.128393173217773,3.5696516036987305,2.214322090148926,0.05647607892751694,0.049193061888217926,0.6262288689613342
1807,27.6694278717041,8.707279205322266,4.925760269165039,2.6387157440185547,0.10990549623966217,0.07383790612220764,0.9294544458389282
1808,33.10519790649414,6.825431823730469,3.5550503730773926,2.813929796218872,0.08008531481027603,0.04019711911678314,0.7840149104595184
1809,52.016361236572266,8.576026916503906,3.1421852111816406,2.62404465675354,0.056234210729599,0.03659806028008461,0.864151120185852
1810,54.79116439819336,10.723552703857422,9.867874145507812,3.011066198348999,0.20405295491218567,0.10117693245410919,1.0851849913597107
1811,35.00174331665039,8.56151008605957,5.75935697555542,2.074293851852417,0.15723562240600586,0.06922022998332977,0.5390104651451111
1812,58.155609130859375,6.505801200866699,7.153780937194824,2.7267277240753174,0.04731817543506622,0.06382273137569427,0.7711586356163025
1813,47.4793701171875,4.662103652954102,3.9680752754211426,2.8590095043182373,0.03597681596875191,0.04012273997068405,0.9451959133148193
1814,44.61590576171875,12.307581901550293,3.3999950885772705,2.7521533966064453,0.1793525516986847,0.05198340117931366,0.8849558234214783
1815,28.743196487426758,5.236574649810791,4.659688949584961,2.6495678424835205,0.060191214084625244,0.06152065843343735,0.953436553478241
1816,54.412498474121094,6.178903579711914,5.007862567901611,2.3287909030914307,0.056154824793338776,0.050809960812330246,0.5724379122257233
1817,37.86499786376953,4.2458624839782715,3.170975685119629,2.2363030910491943,0.07308680564165115,0.04864973574876785,0.6893507242202759
1818,36.47962188720703,7.098860263824463,4.401438236236572,2.662480592727661,0.07728314399719238,0.10045211017131805,0.7314214706420898
1819,29.388572692871094,10.912162780761719,3.6974246501922607,2.504672050476074,0.07969756424427032,0.047660015523433685,0.8087107539176941
1820,76.61480712890625,3.946289539337158,1.6693453788757324,2.7840309143066406,0.05131840705871582,0.035605743527412415,0.9723334312438965
1821,39.52593231201172,4.872516632080078,10.378145217895508,2.2084591388702393,0.052677005529403687,0.12163282185792923,0.669952005147934
1822,31.24224090576172,5.357855319976807,4.48664665222168,2.275239944458008,0.06052704155445099,0.07281111180782318,0.6654360890388489
1823,21.91661834716797,6.604694366455078,8.20043659210205,2.4647467136383057,0.15078623592853546,0.11744546890258789,0.8543703854084015
1824,23.498390197753906,3.251296043395996,1.6470085382461548,2.3130953311920166,0.04755021259188652,0.0380697175860405,0.7916083037853241
1825,30.614091873168945,5.698591232299805,5.407634735107422,2.502342462539673,0.05283791571855545,0.04816450923681259,0.7991009950637817
1826,50.00538635253906,7.914386749267578,2.742485284805298,2.437378168106079,0.100737065076828,0.038980770856142044,0.7068812549114227
1827,44.01166915893555,2.579491138458252,3.2139577865600586,2.373016834259033,0.03946700692176819,0.04944097250699997,0.787015438079834
1828,139.80177307128906,7.164177417755127,3.6664483547210693,2.2351760864257812,0.11357458680868149,0.04971899092197418,0.7409161925315857
1829,26.811004638671875,4.6050028800964355,4.533191204071045,2.1801908016204834,0.05171183496713638,0.08699244260787964,0.6936419904232025
1830,32.4537467956543,10.440332412719727,2.818417549133301,2.220947027206421,0.245405912399292,0.033192288130521774,0.6503812670707703
1831,37.65745544433594,7.783793926239014,3.3370134830474854,2.627087354660034,0.06382285803556442,0.042453840374946594,0.8133334815502167
1832,38.354366302490234,7.92081356048584,3.036095380783081,2.675956964492798,0.05289219319820404,0.03351183235645294,0.746867448091507
1833,46.24289321899414,9.995607376098633,6.575839996337891,3.5439343452453613,0.07369069755077362,0.08724278211593628,1.0943926572799683
1834,40.551578521728516,3.4699854850769043,3.765688896179199,2.7644741535186768,0.0559617280960083,0.051237478852272034,0.9720184803009033
1835,37.38129806518555,6.725611686706543,7.344399452209473,2.537449359893799,0.060180194675922394,0.06431855261325836,0.8067319989204407
1836,25.69984245300293,3.466421604156494,4.377660274505615,2.424027681350708,0.04377736523747444,0.07027183473110199,0.7834439873695374
1837,38.75402069091797,5.747137069702148,4.037482261657715,2.3053269386291504,0.1074957624077797,0.05645076930522919,0.7531304657459259
1838,22.8662166595459,8.600875854492188,2.6659421920776367,2.7191953659057617,0.08189134299755096,0.038141731172800064,0.9761965870857239
1839,44.755714416503906,6.855670928955078,2.478325605392456,2.6672403812408447,0.08978039771318436,0.04517015814781189,0.9052757024765015
1840,32.63105392456055,8.478314399719238,4.022508144378662,2.730614185333252,0.07363712787628174,0.045300040394067764,0.7718065679073334
1841,62.93778991699219,7.45798397064209,8.127269744873047,3.15229868888855,0.10044480860233307,0.09721272438764572,0.7715362906455994
1842,57.502315521240234,7.412745475769043,5.164063453674316,2.690295696258545,0.07520457357168198,0.06643448024988174,0.85702183842659
1843,37.93979263305664,8.409523010253906,2.7678427696228027,2.4679994583129883,0.14791566133499146,0.0425560362637043,0.7479409277439117
1844,23.675548553466797,5.679940223693848,5.56646203994751,2.5036683082580566,0.05513269454240799,0.084726482629776,0.8304577767848969
1845,37.043983459472656,10.660431861877441,2.6314239501953125,2.1520273685455322,0.09052756428718567,0.03217777609825134,0.818132609128952
1846,22.867481231689453,11.778762817382812,3.09128999710083,2.006373405456543,0.10117407888174057,0.054959435015916824,0.775203138589859
1847,26.928346633911133,8.929038047790527,3.7729697227478027,2.7602131366729736,0.12781067192554474,0.10646285116672516,1.0501247644424438
1848,37.91520309448242,4.559934139251709,4.463442802429199,2.2318170070648193,0.06573815643787384,0.07869602739810944,0.76532381772995
1849,27.06573486328125,4.516829013824463,4.667721271514893,2.3681538105010986,0.044268980622291565,0.07079673558473587,0.7190736830234528
1850,26.85369873046875,5.18664026260376,7.562735080718994,2.7774620056152344,0.10118871927261353,0.12784606218338013,0.9831363558769226
1851,28.01987648010254,8.071380615234375,4.8132476806640625,3.1073341369628906,0.12261975556612015,0.05380632355809212,1.15037202835083
1852,33.892513275146484,9.44837760925293,4.885466575622559,2.4980485439300537,0.1602228730916977,0.06665252149105072,0.7283884584903717
1853,40.118011474609375,21.33628273010254,7.075807094573975,4.049243927001953,0.23637336492538452,0.0933888778090477,1.4136331677436829
1854,30.968379974365234,4.0314621925354,3.417940616607666,2.411717414855957,0.035749178379774094,0.037889912724494934,0.7917058169841766
1855,42.623023986816406,9.679758071899414,4.667905330657959,2.183762550354004,0.06703955680131912,0.04139527678489685,0.6025155484676361
1856,27.38956069946289,11.444883346557617,4.509091377258301,2.370152473449707,0.09320664405822754,0.07738834619522095,0.7217025756835938
1857,43.067626953125,7.008780479431152,11.443400382995605,2.887202501296997,0.06339144706726074,0.1498481184244156,0.7410345375537872
1858,32.17750930786133,4.901350021362305,6.050776958465576,2.859607696533203,0.04337566718459129,0.09186313301324844,0.8810672163963318
1859,42.78904724121094,7.6062164306640625,5.102079391479492,2.52219557762146,0.1381925493478775,0.058795034885406494,0.8189364075660706
1860,34.804405212402344,9.444497108459473,4.9009318351745605,2.039459705352783,0.10626771301031113,0.09057683497667313,0.7613250613212585
1861,26.531888961791992,9.282424926757812,7.2498979568481445,2.0971505641937256,0.12960103154182434,0.06942881643772125,0.7105395793914795
1862,40.62179946899414,6.709164619445801,4.585756778717041,2.8649773597717285,0.11427947133779526,0.06931817531585693,0.8845676779747009
1863,37.02048873901367,5.537939071655273,9.725793838500977,2.5050010681152344,0.06385554373264313,0.10257422924041748,0.9053447246551514
1864,27.941123962402344,8.074029922485352,1.9868147373199463,2.930671453475952,0.10720126330852509,0.03567785024642944,1.1250370144844055
1865,28.180410385131836,13.652596473693848,6.794812202453613,2.146153450012207,0.1591113805770874,0.0712665393948555,0.6652041077613831
1866,32.157806396484375,5.754693031311035,4.34471321105957,2.3408639430999756,0.0685243085026741,0.03988676518201828,0.7526908218860626
1867,32.38237380981445,11.674422264099121,6.692814350128174,2.1556835174560547,0.20013941824436188,0.07510994374752045,0.6641251742839813
1868,30.320083618164062,5.643552780151367,6.745802879333496,2.155540704727173,0.08327211439609528,0.10505150258541107,0.6546831130981445
1869,30.337459564208984,7.103967666625977,4.215084075927734,2.3840153217315674,0.15672200918197632,0.03962821513414383,0.6861178874969482
1870,29.571359634399414,13.544062614440918,2.741088390350342,2.563842296600342,0.13310599327087402,0.045183852314949036,0.9386569261550903
1871,37.587547302246094,4.881682872772217,4.434759616851807,2.3906331062316895,0.06671585142612457,0.0638333410024643,0.9048615097999573
1872,33.93710708618164,7.294954776763916,3.7807250022888184,2.788529634475708,0.0793660581111908,0.04071490466594696,1.0780094861984253
1873,30.71413803100586,4.347409725189209,7.886013507843018,2.3050425052642822,0.03887047618627548,0.08008579909801483,0.6438588500022888
1874,38.11104202270508,3.245746374130249,5.255550861358643,2.900836706161499,0.0417863205075264,0.057846952229738235,0.8421974778175354
1875,36.94363021850586,10.129890441894531,8.80411434173584,2.6028120517730713,0.07017231732606888,0.19928447902202606,0.6119156181812286
1876,30.41118049621582,13.762778282165527,1.5408344268798828,3.161792516708374,0.07060909271240234,0.03503280133008957,1.0823132991790771
1877,44.44635009765625,5.604155540466309,7.7839484214782715,2.2488534450531006,0.0828324481844902,0.14506205916404724,0.6425929665565491
1878,37.15715789794922,3.87007737159729,8.624335289001465,1.9633342027664185,0.04747530445456505,0.16904175281524658,0.6293155550956726
1879,32.396461486816406,7.641872882843018,5.279094219207764,1.979473352432251,0.11256386339664459,0.12577861547470093,0.5717175006866455
1880,30.553359985351562,16.381872177124023,5.989202976226807,2.6059072017669678,0.18043391406536102,0.06101486459374428,1.0415688753128052
1881,43.0504150390625,17.980911254882812,3.8868911266326904,2.334613084793091,0.1579330712556839,0.0499427393078804,0.7150736749172211
1882,30.151098251342773,7.604097366333008,6.474338531494141,2.233181953430176,0.05684962123632431,0.1393701285123825,0.7693195641040802
1883,28.82921028137207,12.736794471740723,7.2037272453308105,2.0061850547790527,0.27655133605003357,0.0991317480802536,0.788531482219696
1884,33.480899810791016,10.92403793334961,3.476464033126831,2.2031126022338867,0.13239634037017822,0.06457623839378357,0.6880552768707275
1885,26.324132919311523,8.171395301818848,6.782332897186279,1.8983134031295776,0.051962174475193024,0.07714743912220001,0.6267529428005219
1886,33.171234130859375,9.227140426635742,3.2080225944519043,1.931746006011963,0.10438142716884613,0.05157691612839699,0.6598603427410126
1887,22.49939727783203,8.709778785705566,3.7379648685455322,2.366180896759033,0.0747559666633606,0.050125427544116974,0.921571671962738
1888,22.548721313476562,5.9558515548706055,6.884126663208008,2.458503246307373,0.07411693036556244,0.10169094800949097,0.9367313385009766
1889,20.633987426757812,9.45114517211914,2.898472309112549,1.6196500062942505,0.15903031826019287,0.047252215445041656,0.6218343675136566
1890,30.4143009185791,6.253441333770752,7.0296950340271,2.3520689010620117,0.0899079442024231,0.07016003876924515,0.9479431807994843
1891,25.421783447265625,4.7889628410339355,4.600837707519531,2.4861576557159424,0.03140450268983841,0.05805337429046631,0.669377326965332
1892,30.65975570678711,5.877994537353516,2.770752191543579,2.3796589374542236,0.05104198306798935,0.03909159451723099,0.8352115750312805
1893,33.50994110107422,6.719692230224609,1.7169069051742554,3.306020498275757,0.14961479604244232,0.04595869407057762,1.2156004905700684
1894,33.13931655883789,3.6538093090057373,1.9674129486083984,2.334345817565918,0.05698075890541077,0.03346672281622887,0.8083091378211975
1895,27.85728645324707,5.127982139587402,8.546804428100586,2.4186666011810303,0.08221769332885742,0.1289733648300171,0.6941335201263428
1896,53.90774154663086,6.2533369064331055,4.990049839019775,2.4808337688446045,0.04261510446667671,0.047944024205207825,0.7742587924003601
1897,26.706586837768555,10.11247444152832,4.3779683113098145,3.2379729747772217,0.11465132236480713,0.042578887194395065,1.1432725191116333
1898,32.180633544921875,8.908304214477539,4.394554615020752,2.271195888519287,0.08974634110927582,0.058391351252794266,0.8827642798423767
1899,29.2644100189209,4.437015056610107,5.160354137420654,2.672433376312256,0.0586695671081543,0.0886966735124588,0.9198116064071655
1900,50.299224853515625,6.377220630645752,5.20405912399292,2.412489414215088,0.08822765946388245,0.0608564130961895,0.7830998301506042
1901,29.476526260375977,8.764727592468262,5.965158939361572,2.488591432571411,0.11581937968730927,0.10988111048936844,0.6305141150951385
1902,34.508270263671875,5.259095191955566,1.8908072710037231,2.8871312141418457,0.046046048402786255,0.029147116467356682,0.9479877948760986
1903,51.22269058227539,8.297499656677246,9.130087852478027,2.7394747734069824,0.0746869146823883,0.1281987726688385,0.8269813060760498
1904,78.5773696899414,7.2944016456604,8.038861274719238,2.1592471599578857,0.08382606506347656,0.12323419749736786,0.6084294617176056
1905,30.503984451293945,7.786668300628662,7.114533424377441,2.6259210109710693,0.09465455263853073,0.10059390962123871,0.9103294014930725
1906,26.048398971557617,4.615798473358154,4.956254005432129,2.41742205619812,0.044738397002220154,0.08127067238092422,0.9389893412590027
1907,69.1402359008789,6.753583908081055,1.9101810455322266,2.6797752380371094,0.1202327087521553,0.042508624494075775,1.0685738325119019
1908,46.642581939697266,8.410344123840332,2.1392834186553955,1.989743947982788,0.1878717839717865,0.043333396315574646,0.6939011812210083
1909,52.193260192871094,6.570733547210693,1.7536122798919678,2.7811508178710938,0.044959284365177155,0.029239119961857796,0.794264554977417
1910,38.39507293701172,8.711978912353516,7.666565418243408,2.622856378555298,0.11977902799844742,0.05903176963329315,0.9367115795612335
1911,44.07147979736328,4.373236656188965,2.501615524291992,2.9032108783721924,0.049858540296554565,0.03631239011883736,0.9392443895339966
1912,39.04541778564453,8.954009056091309,4.283219814300537,2.6976819038391113,0.08346394449472427,0.07010182738304138,0.9459643065929413
1913,34.53411102294922,4.86045503616333,2.3413443565368652,2.637320041656494,0.06045471876859665,0.034354761242866516,0.9006892144680023
1914,34.41949462890625,6.73037052154541,3.8474655151367188,2.4498403072357178,0.05812028422951698,0.06744344532489777,0.7365126013755798
1915,38.1984977722168,17.177661895751953,5.243858814239502,2.4863123893737793,0.2136964052915573,0.08207052946090698,0.7269763350486755
1916,39.06094741821289,9.92056655883789,7.882307052612305,1.9716086387634277,0.08346229791641235,0.06600681692361832,0.6509272754192352
1917,24.349773406982422,4.150901794433594,3.353693723678589,2.3548123836517334,0.05424797534942627,0.03836110234260559,0.7519655525684357
1918,43.41353988647461,8.172796249389648,6.691700458526611,3.5152931213378906,0.0760592371225357,0.0920228585600853,1.0519180595874786
1919,33.931434631347656,6.265541076660156,4.723723888397217,2.7783706188201904,0.048818860203027725,0.044227056205272675,0.8366694748401642
1920,32.18678665161133,7.7198405265808105,5.751619338989258,2.180935859680176,0.09566124528646469,0.09393666684627533,0.6725843548774719
1921,39.55107116699219,11.147254943847656,7.494296073913574,2.392500400543213,0.08995677530765533,0.08925791084766388,0.863267719745636
1922,33.690155029296875,4.823204517364502,2.8786473274230957,2.998535394668579,0.06840668618679047,0.03981269150972366,0.8917606770992279
1923,40.612369537353516,12.870580673217773,6.674553871154785,2.366605758666992,0.23958012461662292,0.11836938560009003,0.7894067764282227
1924,26.247350692749023,9.573148727416992,3.351132392883301,2.4052209854125977,0.10063515603542328,0.06309904903173447,0.9058606624603271
1925,33.76667022705078,6.3136515617370605,3.4086296558380127,3.6531436443328857,0.044004715979099274,0.05759691447019577,1.297127902507782
1926,29.660381317138672,3.3855531215667725,3.6335110664367676,2.736649751663208,0.03958204388618469,0.04766419529914856,0.9437543749809265
1927,59.548702239990234,3.975787401199341,7.459969520568848,3.1279783248901367,0.04844045639038086,0.08794216811656952,0.9522005617618561
1928,50.680519104003906,4.127657413482666,2.7643814086914062,2.682429313659668,0.04317037761211395,0.04856707155704498,0.8410026431083679
1929,37.54791259765625,17.543346405029297,4.317838191986084,2.3494584560394287,0.24580048024654388,0.05826522409915924,0.6941218376159668
1930,63.66810989379883,3.5107779502868652,3.7720088958740234,2.718695878982544,0.051160939037799835,0.031981270760297775,0.8366094827651978
1931,35.4465446472168,3.890685796737671,3.204213857650757,2.5530576705932617,0.06416158378124237,0.032928165048360825,0.8164191842079163
1932,56.77495193481445,14.06083869934082,3.275385856628418,2.749527931213379,0.18442247807979584,0.03538580983877182,0.7636903822422028
1933,22.076261520385742,5.526183605194092,2.4591143131256104,3.1052658557891846,0.073842853307724,0.040843188762664795,1.140561580657959
1934,54.57475280761719,13.130117416381836,2.6714563369750977,2.2025556564331055,0.09935373067855835,0.028271086513996124,0.6113432943820953
1935,36.477840423583984,8.810296058654785,1.1375350952148438,2.3953568935394287,0.10236509144306183,0.02430635131895542,0.7734324038028717
1936,40.54179763793945,8.608779907226562,2.1259381771087646,2.491777181625366,0.06363877654075623,0.03326791524887085,0.8042016327381134
1937,46.26395034790039,4.404626369476318,5.121697425842285,2.8890135288238525,0.06204887852072716,0.03377924859523773,0.9338462948799133
1938,39.30281066894531,8.76749038696289,2.2846531867980957,3.015176773071289,0.06806036829948425,0.04527312144637108,1.0339668989181519
1939,100.25666809082031,7.550749778747559,10.976645469665527,2.745751142501831,0.10561700165271759,0.19480133056640625,0.7438209652900696
1940,26.335176467895508,6.361878871917725,4.964282989501953,2.6062066555023193,0.10085438936948776,0.0577591210603714,1.0984667539596558
1941,39.988502502441406,4.338044166564941,4.067811965942383,2.478585958480835,0.05426307022571564,0.05429203808307648,0.7515800893306732
1942,35.78178405761719,8.83720588684082,10.029483795166016,1.876725196838379,0.10384665429592133,0.21302081644535065,0.7774065136909485
1943,37.81837463378906,11.57936954498291,4.872949600219727,2.286099433898926,0.15520401298999786,0.13231311738491058,0.628660649061203
1944,29.708602905273438,9.472003936767578,4.509978771209717,2.8616013526916504,0.09075747430324554,0.07596147060394287,0.9505907893180847
1945,39.967472076416016,5.577915668487549,2.766263723373413,2.7854127883911133,0.06687689572572708,0.03666837140917778,1.0221982896327972
1946,47.723819732666016,10.289705276489258,3.6816933155059814,2.580724000930786,0.06569523364305496,0.05060318112373352,0.9031168222427368
1947,49.768821716308594,5.5400261878967285,3.957803964614868,2.0160233974456787,0.08959373831748962,0.05354127287864685,0.6134618520736694
1948,51.9931526184082,6.800330638885498,3.5434396266937256,2.5678324699401855,0.05639612674713135,0.05705562233924866,0.7766147255897522
1949,39.21738815307617,11.236055374145508,1.3725610971450806,2.7148232460021973,0.10948765277862549,0.027709199115633965,0.9332578480243683
1950,24.63162612915039,5.440992832183838,2.5189568996429443,1.8806498050689697,0.06283950060606003,0.040486183017492294,0.616170734167099
1951,40.3671989440918,13.933659553527832,2.944054365158081,3.0000693798065186,0.14059415459632874,0.03791046142578125,0.9553956389427185
1952,36.42267608642578,8.504975318908691,6.540258407592773,2.30725359916687,0.08861301839351654,0.07469162344932556,0.802483320236206
1953,42.27510452270508,11.97470760345459,4.370336055755615,2.6245906352996826,0.17799533903598785,0.04629145935177803,0.8655932545661926
1954,43.6931037902832,4.374758243560791,8.340753555297852,2.6850838661193848,0.043810345232486725,0.07945643365383148,0.8793047368526459
1955,48.569580078125,7.407002925872803,12.85982608795166,2.011639356613159,0.06218845024704933,0.17551977932453156,0.7155940979719162
1956,34.280906677246094,3.940582275390625,6.6892476081848145,2.2267587184906006,0.04500691965222359,0.10932612419128418,0.8156023621559143
1957,29.722610473632812,3.6382081508636475,5.53801155090332,2.4518964290618896,0.05652128532528877,0.07765769958496094,0.6777900457382202
1958,26.650636672973633,4.95048189163208,5.61280632019043,3.0289039611816406,0.06717626750469208,0.053759828209877014,0.9898000657558441
1959,52.206214904785156,5.8920698165893555,4.482112884521484,2.710904121398926,0.058211907744407654,0.044266197830438614,0.8805103003978729
1960,32.018585205078125,10.455795288085938,4.248874664306641,2.450989007949829,0.14945188164710999,0.06206975132226944,0.8340626657009125
1961,26.757099151611328,6.476994037628174,3.93753981590271,3.037220001220703,0.12869200110435486,0.10336609184741974,1.0296245515346527
1962,37.87886047363281,8.440147399902344,5.335989952087402,2.353835105895996,0.0956512913107872,0.06407845765352249,0.6657859086990356
1963,40.211856842041016,3.8569369316101074,2.844395160675049,2.481706142425537,0.03640663996338844,0.035322174429893494,0.8061727583408356
1964,31.242576599121094,4.386550426483154,4.431880474090576,2.841459035873413,0.05908456817269325,0.03555405139923096,0.856349378824234
1965,33.85144805908203,6.330536842346191,3.270794630050659,2.417947769165039,0.08727210760116577,0.0539800226688385,0.7853418290615082
1966,40.92131423950195,6.576904296875,5.31735897064209,2.359679698944092,0.08130823075771332,0.0626983791589737,0.8128332793712616
1967,26.108551025390625,22.989072799682617,7.854717254638672,2.708740711212158,0.2820345163345337,0.15183882415294647,0.938710480928421
1968,30.581674575805664,7.654724597930908,6.7293195724487305,2.545332908630371,0.17291231453418732,0.05574937164783478,0.7065668702125549
1969,27.28957176208496,7.408792018890381,4.5759406089782715,2.2715225219726562,0.06533998996019363,0.05525633320212364,0.811122715473175
1970,26.391517639160156,2.9933552742004395,3.262049674987793,2.4513161182403564,0.04009294509887695,0.05002165958285332,0.7929346561431885
1971,33.759498596191406,15.143120765686035,3.3113908767700195,2.4749257564544678,0.09331685304641724,0.03788812458515167,0.9388477206230164
1972,28.899879455566406,5.289618015289307,3.9970901012420654,2.6157023906707764,0.12450273334980011,0.06962104141712189,0.8854230046272278
1973,25.71293830871582,5.859218597412109,7.476324081420898,2.134389877319336,0.09116630256175995,0.05618070811033249,0.6962152719497681
1974,50.41606903076172,8.329488754272461,4.139341354370117,2.8726160526275635,0.09206189215183258,0.04734395816922188,0.8483245074748993
1975,47.23292922973633,5.051373481750488,3.7781596183776855,2.507037878036499,0.05685194581747055,0.0426316112279892,0.6684579253196716
1976,28.07378387451172,2.4289488792419434,7.483283042907715,2.6394097805023193,0.03160310536623001,0.09622682631015778,0.7238450646400452
1977,50.906063079833984,7.158795356750488,1.5360502004623413,2.640403985977173,0.10188084095716476,0.027608241885900497,0.9503891170024872
1978,26.91484832763672,6.585023880004883,8.263838768005371,2.3289237022399902,0.11946898698806763,0.14364585280418396,0.7536808550357819
1979,27.199731826782227,12.572840690612793,5.426228046417236,3.2593345642089844,0.23579315841197968,0.08529288321733475,1.165297508239746
1980,29.934165954589844,8.30263900756836,4.818170547485352,1.7742581367492676,0.11950424313545227,0.04146929457783699,0.6818350255489349
1981,33.304054260253906,12.665740966796875,4.856997013092041,2.7147536277770996,0.19484691321849823,0.060721561312675476,0.8502728939056396
1982,30.237611770629883,3.537128210067749,4.123811721801758,2.368950605392456,0.05192875489592552,0.0967327207326889,0.7067437171936035
1983,26.67607307434082,8.884010314941406,2.6823508739471436,3.156933069229126,0.10993984341621399,0.04833380877971649,1.3726494312286377
1984,38.7061653137207,10.37308406829834,5.7744340896606445,1.9801727533340454,0.17225204408168793,0.0450485423207283,0.6068877577781677
1985,26.25181770324707,8.43612289428711,3.8120996952056885,2.5498688220977783,0.07141312956809998,0.07660368829965591,0.950687050819397
1986,43.406917572021484,9.655439376831055,3.5647599697113037,2.0668463706970215,0.12788435816764832,0.03881904110312462,0.6638018190860748
1987,77.60924530029297,7.106332778930664,7.532898426055908,2.2007391452789307,0.11712072789669037,0.1112489402294159,0.66428542137146
1988,40.40553283691406,9.99341869354248,4.554171562194824,2.814115047454834,0.09445983171463013,0.05422775447368622,1.0036309957504272
1989,39.47200012207031,4.902041912078857,4.931863307952881,2.3227901458740234,0.05650158226490021,0.10968665778636932,0.674892395734787
1990,35.213253021240234,6.847093105316162,1.272920846939087,2.5441980361938477,0.10932422429323196,0.034205928444862366,1.0021916031837463
1991,36.14170837402344,11.638469696044922,2.291524648666382,2.4457695484161377,0.11252319812774658,0.038852035999298096,0.7874386310577393
1992,22.549205780029297,4.539264678955078,1.8289978504180908,2.341634511947632,0.07805350422859192,0.04001564532518387,0.8855779767036438
1993,20.30315399169922,12.267013549804688,4.587104797363281,2.041062593460083,0.0852079764008522,0.07026415318250656,0.7462194859981537
1994,37.06110382080078,19.686378479003906,8.593262672424316,2.0258567333221436,0.27898865938186646,0.15265844762325287,0.5611517429351807
1995,37.76151657104492,5.565496921539307,6.519242763519287,2.2325003147125244,0.08792375028133392,0.10953368246555328,0.8581932783126831
1996,34.12263107299805,4.522100448608398,6.282591819763184,2.03505277633667,0.0566970556974411,0.08749225735664368,0.671729326248169
1997,43.984893798828125,6.8171210289001465,2.1299195289611816,1.9150676727294922,0.076554074883461,0.032334066927433014,0.7286856174468994
1998,48.13111114501953,8.422582626342773,5.286715030670166,2.2037417888641357,0.10922743380069733,0.07863786816596985,0.7421149611473083
1999,35.19815444946289,2.269644260406494,4.433202266693115,2.9835927486419678,0.04377300292253494,0.03770163655281067,1.0017172694206238
2000,25.138248443603516,7.483591079711914,5.196746826171875,2.6566624641418457,0.13523370027542114,0.07550793886184692,1.183912992477417
2001,40.954307556152344,5.128268718719482,2.8591086864471436,2.4455296993255615,0.04261159151792526,0.04413679242134094,0.7950770258903503
2002,38.70298767089844,4.813979148864746,3.137113571166992,2.7447011470794678,0.05907125771045685,0.0439632311463356,0.8483166098594666
2003,39.431514739990234,8.795451164245605,3.2788965702056885,2.533986806869507,0.08509709686040878,0.04971904307603836,0.9187468886375427
2004,63.32949447631836,10.722991943359375,5.839427471160889,2.3030827045440674,0.14917677640914917,0.06975628435611725,0.6770770251750946
2005,54.625396728515625,4.7848124504089355,7.765903949737549,2.6054463386535645,0.037102311849594116,0.12508346140384674,0.8494901657104492
2006,35.891578674316406,8.520617485046387,1.9423428773880005,2.736845016479492,0.1041487604379654,0.03934108465909958,0.8300682008266449
2007,74.3684310913086,3.7353341579437256,2.7430758476257324,2.4524078369140625,0.04604664444923401,0.04859664663672447,0.7397401630878448
2008,52.373966217041016,7.603553295135498,3.125687837600708,2.580662965774536,0.08645792305469513,0.04048717021942139,0.9527773857116699
2009,40.468231201171875,5.259506702423096,5.232767581939697,2.172980546951294,0.04442179203033447,0.06545905768871307,0.6793550550937653
2010,25.788558959960938,16.51495361328125,8.066734313964844,2.1015610694885254,0.2101038545370102,0.12455347180366516,0.6521039307117462
2011,31.16135597229004,8.070738792419434,3.4167847633361816,2.444197416305542,0.11996442079544067,0.045644208788871765,0.8990609645843506
2012,38.88737869262695,4.8022685050964355,6.07634973526001,2.5269532203674316,0.07702106237411499,0.04625685513019562,0.7597290575504303
2013,22.446247100830078,7.856658458709717,4.505321025848389,2.0121679306030273,0.15282751619815826,0.054908543825149536,0.6804855167865753
2014,33.60702133178711,12.576764106750488,2.034726619720459,2.858368158340454,0.12171260267496109,0.047681644558906555,1.0693413615226746
2015,51.21420669555664,14.927218437194824,3.856165647506714,2.125847816467285,0.09504391998052597,0.037152159959077835,0.6494461297988892
2016,29.20488166809082,10.581809043884277,4.298953533172607,1.905226707458496,0.13144925236701965,0.04319947957992554,0.6145152449607849
2017,23.06785011291504,4.402782917022705,3.7474372386932373,2.5948739051818848,0.04993360489606857,0.08595480024814606,0.8789633512496948
2018,53.451168060302734,4.711077690124512,9.167851448059082,2.619049310684204,0.04232339560985565,0.1425931304693222,0.7370220720767975
2019,50.091705322265625,3.4187839031219482,9.21957015991211,2.448662281036377,0.04107832908630371,0.14457352459430695,0.7037400603294373
2020,36.82168197631836,6.450597286224365,3.256582021713257,2.3777315616607666,0.07867548614740372,0.07402454316616058,0.9657683372497559
2021,32.93720245361328,7.483090400695801,5.464758396148682,2.29670786857605,0.16064372658729553,0.05198739841580391,0.7781958878040314
2022,31.562252044677734,6.186655521392822,2.86510968208313,2.416513442993164,0.11337009072303772,0.03985106572508812,0.8030672073364258
2023,45.8176155090332,7.721367835998535,7.132647514343262,2.334449052810669,0.13711851835250854,0.09906960278749466,0.7288570404052734
2024,45.018524169921875,5.5060601234436035,5.025420188903809,2.146793842315674,0.07403291016817093,0.04423035681247711,0.6136247217655182
2025,36.43779373168945,5.732171058654785,3.438481569290161,3.4044156074523926,0.11931172013282776,0.045983366668224335,1.2271655201911926
2026,35.217063903808594,5.612767696380615,5.808215618133545,2.880460500717163,0.09404723346233368,0.05355887860059738,1.1074320673942566
2027,45.08470916748047,10.98640251159668,4.666914939880371,2.399320602416992,0.08434339612722397,0.07768354564905167,0.6556604504585266
2028,32.04187774658203,3.6293721199035645,3.155891180038452,2.563652276992798,0.04247279837727547,0.04501376301050186,0.8550800979137421
2029,71.1130599975586,7.319495677947998,9.143796920776367,2.5624680519104004,0.09177383780479431,0.08180562406778336,0.7100170254707336
2030,28.037240982055664,5.10781717300415,2.847597599029541,2.718808174133301,0.0740305632352829,0.05305793136358261,0.8610794246196747
2031,35.31262969970703,12.845782279968262,3.106370210647583,2.494633436203003,0.15408359467983246,0.03957068547606468,0.8315666317939758
2032,48.838314056396484,5.258030891418457,4.1927266120910645,2.479872703552246,0.04650735855102539,0.06921716034412384,0.5540135204792023
2033,44.21460723876953,8.241676330566406,3.2495462894439697,2.638491630554199,0.13391315937042236,0.06183791533112526,0.8708251714706421
2034,75.11805725097656,13.623185157775879,4.747297286987305,2.1534616947174072,0.25851330161094666,0.08736628293991089,0.700607568025589
2035,49.624149322509766,4.654960632324219,2.1128604412078857,2.9706244468688965,0.047723669558763504,0.04002338647842407,0.9757463932037354
2036,66.42436218261719,19.006122589111328,4.5516862869262695,2.2506253719329834,0.20196209847927094,0.037679318338632584,0.7035563588142395
2037,36.35580062866211,6.118771076202393,4.95601749420166,2.447906255722046,0.07404471933841705,0.05450854077935219,0.8268153667449951
2038,49.09514617919922,13.419746398925781,2.296525001525879,3.3058910369873047,0.13926279544830322,0.035581931471824646,0.9193039834499359
2039,31.06386947631836,2.767486810684204,3.0237114429473877,2.682176113128662,0.032967910170555115,0.03699730336666107,0.8256581425666809
2040,54.990943908691406,3.4259276390075684,2.563685178756714,2.9867193698883057,0.039257220923900604,0.029752161353826523,0.839250773191452
2041,46.21442794799805,10.194369316101074,6.900965690612793,2.3059608936309814,0.12339625507593155,0.1270231306552887,0.6703967154026031
2042,39.64175796508789,5.926026344299316,3.6255409717559814,2.988027572631836,0.10857255011796951,0.04787471145391464,1.118994802236557
2043,42.64825439453125,5.648926734924316,3.8974740505218506,2.2233266830444336,0.11316481232643127,0.067963145673275,0.6204700469970703
2044,48.111698150634766,10.195923805236816,5.117082595825195,2.5373332500457764,0.0973823294043541,0.03354386240243912,0.7122527062892914
2045,34.932918548583984,8.191861152648926,2.079864025115967,3.227175235748291,0.06948510557413101,0.0376136377453804,1.0005770325660706
2046,36.51698303222656,8.440437316894531,3.3332605361938477,2.212528944015503,0.14176881313323975,0.03726595267653465,0.7220678627490997
2047,35.846248626708984,2.644382953643799,3.906555414199829,2.6262614727020264,0.051747843623161316,0.06231268495321274,0.8869093358516693
2048,38.4521484375,4.623447895050049,10.922310829162598,2.5784027576446533,0.09467306733131409,0.18136905133724213,0.7627446949481964
2049,41.748741149902344,4.479547023773193,4.426921844482422,2.675450086593628,0.06422332674264908,0.059932343661785126,0.9072908461093903
2050,26.93256378173828,5.488105773925781,5.582026958465576,2.5262770652770996,0.057986535131931305,0.08314462751150131,0.8343955874443054
2051,37.69036865234375,5.681238651275635,6.736527919769287,2.5513501167297363,0.05207196995615959,0.10476534068584442,0.7986262142658234
2052,50.16877365112305,5.5635528564453125,4.532924175262451,2.435051441192627,0.07045286893844604,0.053417354822158813,0.7187588214874268
2053,34.53299331665039,6.000860691070557,4.162989139556885,2.561920404434204,0.11960799992084503,0.05333947762846947,0.9232696890830994
2054,32.14971923828125,4.189704418182373,3.2676773071289062,2.5437498092651367,0.049951620399951935,0.05312173068523407,0.8133771419525146
2055,49.06573486328125,7.523646354675293,5.991145133972168,2.5539824962615967,0.07190313935279846,0.05686136335134506,0.8018601834774017
2056,26.34807014465332,6.57595157623291,11.181920051574707,2.0764172077178955,0.05241041257977486,0.23865890502929688,0.7295063138008118
2057,36.35906219482422,8.049296379089355,1.4076346158981323,2.6278250217437744,0.056351326406002045,0.03224729746580124,0.8090124428272247
2058,38.35572814941406,3.2899720668792725,3.334993600845337,2.2109715938568115,0.03310641273856163,0.03391874209046364,0.707740992307663
2059,43.39971923828125,8.905411720275879,3.8337957859039307,2.9404706954956055,0.06951940059661865,0.06159008666872978,0.9709632694721222
2060,33.024192810058594,3.6359705924987793,2.8259599208831787,2.354421377182007,0.05106005817651749,0.04115547612309456,0.7265039682388306
2061,36.1872673034668,11.344280242919922,4.579482555389404,2.2259347438812256,0.10111058503389359,0.06514030694961548,0.658100038766861
2062,40.54174041748047,8.916742324829102,2.831268072128296,2.277860641479492,0.06897111237049103,0.03525964915752411,0.6605618596076965
2063,32.174983978271484,19.238462448120117,4.652379989624023,2.217984437942505,0.270245224237442,0.03724592551589012,0.6437306702136993
2064,43.7448844909668,7.150188446044922,7.707048416137695,2.6455602645874023,0.05964981019496918,0.1574842631816864,0.8689265251159668
2065,41.76280975341797,7.9508957862854,5.954796314239502,1.9784348011016846,0.10008157789707184,0.063038170337677,0.6625507175922394
2066,69.3320083618164,16.2957820892334,2.6471641063690186,2.8645458221435547,0.3155330419540405,0.03151192516088486,0.8087241351604462
2067,37.2032470703125,4.5448102951049805,4.326820373535156,2.385465145111084,0.05455157905817032,0.060896068811416626,0.6585720479488373
2068,30.91183090209961,8.412019729614258,3.30673885345459,2.418581485748291,0.061830829828977585,0.051695965230464935,0.8599463701248169
2069,43.26738357543945,4.234010696411133,4.199863910675049,2.5483901500701904,0.0517510324716568,0.054480765014886856,0.7654227614402771
2070,33.537994384765625,11.860703468322754,4.688681125640869,2.234727382659912,0.20534169673919678,0.060909174382686615,0.69740030169487
2071,28.177661895751953,6.308962821960449,3.2687087059020996,2.7415361404418945,0.061184030026197433,0.03759679198265076,0.9018285572528839
2072,39.41840744018555,12.337532043457031,6.5510172843933105,2.3544704914093018,0.12065879255533218,0.09453842788934708,0.6823380887508392
2073,55.84687042236328,7.374272346496582,4.944389343261719,2.375370502471924,0.06139712780714035,0.07016001641750336,0.7854406088590622
2074,25.940080642700195,16.466615676879883,4.177444934844971,2.612475633621216,0.22123458981513977,0.053895946592092514,0.9731518626213074
2075,26.35010528564453,14.126436233520508,6.345315933227539,2.3545081615448,0.19410522282123566,0.06275077164173126,0.7930501699447632
2076,37.45933151245117,12.444287300109863,6.792937755584717,1.7460850477218628,0.15268638730049133,0.10339078307151794,0.5634683072566986
2077,25.119800567626953,7.433172225952148,1.759926438331604,2.569960594177246,0.06670495122671127,0.03648900240659714,0.9846035242080688
2078,30.796672821044922,5.691899299621582,4.567333221435547,2.7910232543945312,0.10744445025920868,0.06537190824747086,0.8247944116592407
2079,49.66753387451172,13.055481910705566,4.543552398681641,2.1965465545654297,0.14066748321056366,0.06905175000429153,0.5861592590808868
2080,30.367307662963867,5.98588752746582,9.206446647644043,3.2142834663391113,0.10006740689277649,0.14384768903255463,0.9156477749347687
2081,34.630069732666016,6.47611141204834,2.910125970840454,2.7087855339050293,0.06407859921455383,0.046383000910282135,0.9372060894966125
2082,32.869144439697266,9.22930908203125,2.201601505279541,2.6205074787139893,0.15714296698570251,0.046796634793281555,0.9764503836631775
2083,36.44453430175781,11.25117015838623,1.9348411560058594,2.164773464202881,0.09145694971084595,0.033048905432224274,0.8126331567764282
2084,33.391197204589844,7.617485046386719,1.9575334787368774,2.1601574420928955,0.0936012715101242,0.030485481023788452,0.8572785556316376
2085,56.9327507019043,5.267801761627197,9.738525390625,2.2174434661865234,0.055384546518325806,0.20759406685829163,0.6044800281524658
2086,136.26914978027344,5.473361015319824,6.452293395996094,2.5885629653930664,0.05865252763032913,0.06869074702262878,0.814865916967392
2087,34.32637405395508,4.939535617828369,3.629457473754883,2.3114824295043945,0.08641450852155685,0.03377275913953781,0.7706764042377472
2088,26.532936096191406,5.349700450897217,5.52586030960083,1.719879150390625,0.06745591759681702,0.0670725405216217,0.6024924516677856
2089,74.39226531982422,8.078080177307129,5.039649486541748,2.4262967109680176,0.09866215288639069,0.09810052812099457,0.7785613536834717
2090,44.08601760864258,4.814148426055908,8.407787322998047,2.419856548309326,0.07615631073713303,0.10983553528785706,0.8077355027198792
2091,42.457008361816406,8.553248405456543,3.1434805393218994,2.690812587738037,0.06611195206642151,0.05369959771633148,0.9111583232879639
2092,60.08455276489258,8.948657989501953,3.4886622428894043,2.0986926555633545,0.11408741027116776,0.037344470620155334,0.737630695104599
2093,36.57998275756836,4.692751884460449,3.4991371631622314,2.196115016937256,0.06936744600534439,0.03651077300310135,0.6272001564502716
2094,73.2219009399414,17.881868362426758,1.6700665950775146,2.590517997741699,0.22293445467948914,0.02716917358338833,0.7078162431716919
2095,31.104738235473633,8.187728881835938,2.0276525020599365,2.4534316062927246,0.13003531098365784,0.03833729773759842,0.8860894739627838
2096,32.31196975708008,4.352764129638672,4.99385929107666,2.559185743331909,0.04242308437824249,0.04330555349588394,0.8434546589851379
2097,52.40119934082031,6.119368076324463,2.578334331512451,2.311406373977661,0.055086687207221985,0.044980812817811966,0.67026287317276
2098,40.074398040771484,9.701797485351562,3.068577527999878,2.2069666385650635,0.1551527976989746,0.03411081060767174,0.763975590467453
2099,30.48502540588379,6.0278000831604,7.9472856521606445,2.1771674156188965,0.10230398923158646,0.09580094367265701,0.8306243419647217
2100,43.26918411254883,6.115235805511475,3.204624891281128,2.60857892036438,0.06483802199363708,0.03744680434465408,0.8681460618972778
2101,73.0209732055664,9.990439414978027,4.21083927154541,2.396324634552002,0.13547596335411072,0.05270932987332344,0.6674171984195709
2102,26.989377975463867,7.00188684463501,9.105691909790039,2.418292999267578,0.12225282192230225,0.13510273396968842,0.8117203116416931
2103,34.786678314208984,6.381326675415039,5.421278953552246,2.0602238178253174,0.09564825147390366,0.06309085339307785,0.6036429107189178
2104,34.75444412231445,9.258992195129395,3.274754047393799,2.4838523864746094,0.05552281439304352,0.03241445869207382,0.6826806366443634
2105,30.56021499633789,5.698086738586426,2.618300676345825,3.0338799953460693,0.09940562397241592,0.044360604137182236,0.8132437765598297
2106,35.75089645385742,6.443127155303955,8.694247245788574,3.9212849140167236,0.06481864303350449,0.12805970013141632,1.1924462020397186
2107,38.96763229370117,7.052886486053467,6.497289180755615,2.08660888671875,0.08600567281246185,0.05066048353910446,0.7411440908908844
2108,21.949644088745117,7.5107340812683105,4.013070583343506,2.7978572845458984,0.09108198434114456,0.05698008835315704,1.0683901906013489
2109,43.99638366699219,4.36801290512085,7.38683557510376,2.3669402599334717,0.07339152693748474,0.1201334297657013,0.773584395647049
2110,36.36790466308594,8.558707237243652,5.678720951080322,2.7948789596557617,0.07816813141107559,0.05339377373456955,0.9138405621051788
2111,38.98539352416992,3.14082407951355,5.227653980255127,2.405351161956787,0.034982528537511826,0.0776820033788681,0.7801290452480316
2112,25.94597625732422,4.885684490203857,3.3509206771850586,2.6701912879943848,0.06270557641983032,0.03887186571955681,0.8138496577739716
2113,42.44029235839844,9.106402397155762,13.988256454467773,2.0302183628082275,0.06793972104787827,0.14091293513774872,0.6534265726804733
2114,34.191314697265625,5.891578197479248,4.45691442489624,2.7898342609405518,0.09899318963289261,0.05911879241466522,0.8184608519077301
2115,30.080615997314453,5.645431995391846,12.410233497619629,2.362680435180664,0.05694463104009628,0.1437494158744812,0.6927418112754822
2116,55.701499938964844,4.631026744842529,4.328575611114502,2.307391881942749,0.04362550377845764,0.05511169135570526,0.7285847961902618
2117,30.29239273071289,8.804057121276855,8.226131439208984,2.164095401763916,0.10984034836292267,0.0752442479133606,0.6823749840259552
2118,41.0835075378418,7.497105121612549,5.221034049987793,3.0686748027801514,0.146876260638237,0.08669225871562958,0.8671974539756775
2119,36.8424186706543,5.955491065979004,5.585832595825195,2.9002387523651123,0.05628785490989685,0.048475854098796844,0.9063160717487335
2120,89.19908142089844,6.605013847351074,3.2335152626037598,2.7502236366271973,0.0760183334350586,0.03696543350815773,0.8147345781326294
2121,32.83790588378906,8.045480728149414,4.773793697357178,2.48346209526062,0.13280202448368073,0.07298635691404343,0.6497266590595245
2122,71.39466094970703,7.6774091720581055,3.167680025100708,2.5239429473876953,0.04496624320745468,0.03447560966014862,0.8550846576690674
2123,37.83402633666992,7.332390785217285,4.906801223754883,2.459017515182495,0.0761885941028595,0.050413940101861954,0.7862012684345245
2124,28.410364151000977,6.402588367462158,3.36067795753479,2.6612801551818848,0.06629674881696701,0.03887335583567619,0.8045032322406769
2125,52.71034240722656,7.830634593963623,8.336896896362305,2.446868658065796,0.0670931488275528,0.07429227232933044,0.8087855279445648
2126,47.56614685058594,10.549574851989746,2.1668355464935303,2.4523494243621826,0.14630302786827087,0.029895758256316185,0.6501258015632629
2127,37.380252838134766,7.039741516113281,5.87230920791626,1.8707431554794312,0.07248599827289581,0.05440133064985275,0.604590892791748
2128,33.48320770263672,3.4564952850341797,4.070836067199707,2.498483419418335,0.06410108506679535,0.04727409780025482,0.8302975594997406
2129,34.325050354003906,6.308752536773682,6.778393745422363,1.9420151710510254,0.10141056030988693,0.06535524874925613,0.74423548579216
2130,30.28682518005371,6.200766563415527,6.412609577178955,1.9056240320205688,0.08742573857307434,0.1036166250705719,0.7028808295726776
2131,35.32971954345703,6.604231834411621,4.54387903213501,2.6351304054260254,0.06160321831703186,0.03928716480731964,0.7847705483436584
2132,27.879562377929688,8.954971313476562,4.133470058441162,2.633122682571411,0.13028475642204285,0.055139657109975815,0.8534785807132721
2133,33.330101013183594,5.703746795654297,8.511635780334473,2.383693218231201,0.05339602380990982,0.09728880971670151,0.8330255746841431
2134,33.09617233276367,6.628787040710449,4.492147922515869,2.244924545288086,0.06997555494308472,0.08079896867275238,0.6866998672485352
2135,20.824275970458984,11.994953155517578,2.5631134510040283,2.752244234085083,0.1559569239616394,0.05362040549516678,1.0326789617538452
2136,39.10073471069336,8.884245872497559,2.988969326019287,2.3531546592712402,0.166554793715477,0.034668147563934326,0.8189378380775452
2137,57.527069091796875,6.922801494598389,7.9335618019104,2.5242719650268555,0.07952634245157242,0.1140354797244072,0.8694902658462524
2138,32.913299560546875,7.471658229827881,7.413926601409912,2.5078201293945312,0.05714266747236252,0.08264067769050598,0.8816817104816437
2139,33.928897857666016,4.799982070922852,9.133551597595215,2.749208688735962,0.05215133726596832,0.20725852251052856,0.8480421602725983
2140,36.640296936035156,6.745848178863525,6.020350456237793,2.3014750480651855,0.04684819281101227,0.08622635900974274,0.6940106451511383
2141,33.01066589355469,4.967617034912109,6.1214189529418945,2.164167881011963,0.05416412279009819,0.17365910112857819,0.7142814695835114
2142,30.46891212463379,4.697389125823975,3.003486156463623,2.764737367630005,0.09287954866886139,0.033687155693769455,0.8562471270561218
2143,44.18391418457031,15.48122787475586,7.828000545501709,2.033928155899048,0.2306477427482605,0.10909250378608704,0.5759118497371674
2144,33.82432174682617,4.376368522644043,8.030414581298828,2.1590776443481445,0.051072463393211365,0.10162464529275894,0.8360152244567871
2145,40.57250213623047,6.085220813751221,7.2567033767700195,2.221599817276001,0.07151849567890167,0.09744763374328613,0.736706018447876
2146,29.860309600830078,4.916598796844482,3.1127259731292725,2.5814428329467773,0.05130256339907646,0.04140888527035713,0.6813927590847015
2147,30.039003372192383,6.682845592498779,3.311985731124878,2.6081035137176514,0.040493402630090714,0.038873761892318726,0.6638829112052917
2148,31.466629028320312,8.231887817382812,1.867600440979004,2.809826374053955,0.12122203409671783,0.0371280238032341,0.8886874616146088
2149,29.256032943725586,7.969088077545166,4.696384429931641,2.624124765396118,0.10621383041143417,0.0813935324549675,0.9075267910957336
2150,27.709104537963867,5.0887651443481445,5.234251499176025,2.390263080596924,0.04062328487634659,0.05784056708216667,0.7621075510978699
2151,39.339900970458984,7.216160297393799,4.297797679901123,2.5411722660064697,0.09653130173683167,0.055879879742860794,0.7806907892227173
2152,43.04343795776367,7.789062976837158,5.859736442565918,2.8170855045318604,0.08720351755619049,0.05248355120420456,0.8532882332801819
2153,40.58860397338867,9.794612884521484,5.483604907989502,2.0617384910583496,0.10571587085723877,0.08011959493160248,0.6795800924301147
2154,29.349409103393555,6.848458290100098,3.8113255500793457,2.4921162128448486,0.11743347346782684,0.06245789676904678,0.8188640773296356
2155,41.41215896606445,3.838219404220581,2.986536741256714,2.59887433052063,0.04331572353839874,0.03924134373664856,0.804739236831665
2156,32.32135772705078,16.191646575927734,5.145317554473877,2.0583066940307617,0.13579244911670685,0.07961627840995789,0.5870550572872162
2157,45.694793701171875,7.362167835235596,3.511963129043579,2.552888870239258,0.05337074026465416,0.046571195125579834,0.891237199306488
2158,33.96343994140625,5.23958158493042,4.070629596710205,2.6783833503723145,0.05309595167636871,0.0483500137925148,1.0337710976600647
2159,58.49911117553711,5.30013370513916,5.569151878356934,2.673156499862671,0.0870017409324646,0.09690983593463898,0.9618620276451111
2160,21.793210983276367,6.078622817993164,17.980077743530273,2.5402889251708984,0.08213180303573608,0.08024576306343079,1.01760596036911
2161,54.9986457824707,3.808941125869751,6.795265197753906,2.3133857250213623,0.04213491827249527,0.09539162367582321,0.7129166722297668
2162,34.575016021728516,7.432362079620361,4.691242218017578,2.355684757232666,0.07559574395418167,0.06455804407596588,0.7904345095157623
2163,31.065265655517578,10.101594924926758,4.743935585021973,1.9840061664581299,0.07161194086074829,0.05651723966002464,0.6504104137420654
2164,44.64900207519531,11.052926063537598,1.5898141860961914,2.1892786026000977,0.09006758034229279,0.03300977125763893,0.7788183987140656
2165,46.07501983642578,6.755498886108398,4.0545525550842285,2.459892749786377,0.08705465495586395,0.04952111095190048,0.9881129264831543
2166,32.84382247924805,6.295743465423584,1.9560785293579102,2.58644962310791,0.08889705687761307,0.031621549278497696,0.7325895726680756
2167,43.167781829833984,11.750014305114746,2.397345781326294,2.933248519897461,0.145085409283638,0.029288411140441895,0.9660256206989288
2168,43.60139465332031,16.252281188964844,4.408140182495117,2.8230364322662354,0.11135956645011902,0.05410460755228996,0.9032481610774994
2169,53.60359573364258,10.602463722229004,3.407567262649536,2.475813627243042,0.11964107304811478,0.033748380839824677,0.7942883372306824
2170,38.796844482421875,8.26386833190918,2.6352641582489014,2.6545536518096924,0.13311931490898132,0.03841701149940491,0.7697114050388336
2171,37.079124450683594,6.4735426902771,6.598771095275879,1.909116506576538,0.0709126889705658,0.08951841294765472,0.6267594695091248
2172,32.71268081665039,5.889840126037598,6.428051471710205,2.387380838394165,0.0807725265622139,0.06789699196815491,0.824594259262085
2173,47.76978302001953,6.473987579345703,2.9279720783233643,2.6305763721466064,0.12335716187953949,0.03849121183156967,0.903456449508667
2174,29.49627113342285,7.058019638061523,2.3599863052368164,2.691338300704956,0.13991796970367432,0.03365828096866608,0.9543118476867676
2175,74.05245971679688,9.07746696472168,11.119781494140625,2.427441120147705,0.06142253428697586,0.06541086733341217,0.742507666349411
2176,35.09393310546875,3.8970699310302734,4.517675876617432,2.7072079181671143,0.052161529660224915,0.07406057417392731,0.9633300006389618
2177,61.42893981933594,7.9364848136901855,3.1026196479797363,2.5629818439483643,0.14270150661468506,0.046393267810344696,0.783102810382843
2178,34.6830940246582,7.629291534423828,9.586723327636719,2.4253604412078857,0.07136888802051544,0.11640803515911102,0.6679995954036713
2179,24.179100036621094,8.233001708984375,6.927872180938721,2.2337169647216797,0.0702352523803711,0.09194706380367279,0.6945830285549164
2180,29.77704429626465,5.561160564422607,2.5467190742492676,2.545295238494873,0.075275719165802,0.04857960343360901,0.96425861120224
2181,34.80445098876953,7.305974006652832,4.491221904754639,2.211688756942749,0.06752234697341919,0.06734316051006317,0.6817524433135986
2182,34.2964973449707,4.535341739654541,3.458207607269287,2.456731081008911,0.0678803101181984,0.03186912089586258,0.665298730134964
2183,32.57840347290039,7.907496452331543,4.921563625335693,2.1417267322540283,0.10801081359386444,0.05946435034275055,0.8055217266082764
2184,47.87411880493164,8.272290229797363,2.46736741065979,2.367032289505005,0.11685913056135178,0.04453669488430023,0.8408480882644653
2185,27.79270362854004,6.945466995239258,5.223206996917725,2.3671157360076904,0.06385989487171173,0.0678965374827385,0.8313962519168854
2186,43.63571548461914,11.524271965026855,2.104804039001465,3.07613468170166,0.09396776556968689,0.0343596450984478,0.9642503559589386
2187,35.91766357421875,4.6134209632873535,7.341928482055664,2.3843157291412354,0.042570456862449646,0.07609230279922485,0.6567403376102448
2188,38.22789001464844,10.42462158203125,2.6796393394470215,2.7305963039398193,0.20314478874206543,0.03629410266876221,0.8366087675094604
2189,55.9321403503418,10.959065437316895,6.182059288024902,2.5482585430145264,0.0916798859834671,0.08371460437774658,0.8395111858844757
2190,34.59246063232422,6.764293670654297,12.618115425109863,2.833287000656128,0.0777343213558197,0.07002602517604828,0.7371183633804321
2191,49.72754669189453,8.227624893188477,2.518272876739502,2.520552635192871,0.18097051978111267,0.03174629434943199,0.8718131482601166
2192,44.72473907470703,8.012954711914062,2.7179620265960693,2.8114817142486572,0.07967371493577957,0.04475640133023262,0.8040453195571899
2193,39.98826599121094,3.76305890083313,7.281741142272949,2.3058297634124756,0.03917798399925232,0.1382572203874588,0.6924053430557251
2194,31.274940490722656,7.265018463134766,5.860863208770752,2.191469669342041,0.13901248574256897,0.042239222675561905,0.7124965488910675
2195,30.216022491455078,4.4678473472595215,6.975444793701172,1.9504146575927734,0.06719326227903366,0.09358018636703491,0.7130117118358612
2196,28.406566619873047,5.284282207489014,6.155075550079346,2.052349805831909,0.044820863753557205,0.11375868320465088,0.697757750749588
2197,34.770973205566406,6.289367198944092,7.3272385597229,2.0049657821655273,0.05938824266195297,0.12771335244178772,0.5444502830505371
2198,46.87534713745117,4.692956924438477,3.060739278793335,2.615891933441162,0.04279877245426178,0.04885464906692505,0.7115387320518494
2199,39.20873260498047,8.773193359375,6.902021408081055,2.6959619522094727,0.159275084733963,0.05565638467669487,0.725664347410202
2200,67.28970336914062,9.090751647949219,6.684736251831055,2.1597113609313965,0.08624473959207535,0.09256400913000107,0.6295595169067383
2201,88.58821868896484,8.046669006347656,2.629696846008301,2.643444061279297,0.1043005883693695,0.03641583397984505,0.7713504731655121
2202,38.75600051879883,12.155405044555664,8.91981029510498,2.2295734882354736,0.052016064524650574,0.09676284343004227,0.852905809879303
2203,66.76963806152344,3.991234302520752,5.608223915100098,2.794741153717041,0.0396115779876709,0.0673997700214386,0.7112404108047485
2204,30.128398895263672,6.8796162605285645,5.843285083770752,2.632831573486328,0.08392664045095444,0.07828136533498764,0.9133913815021515
2205,36.15622329711914,11.413162231445312,1.9212055206298828,2.475782871246338,0.18445166945457458,0.027360377833247185,0.926345705986023
2206,39.48183059692383,6.743237018585205,2.000781297683716,3.0059540271759033,0.06312429904937744,0.03959174081683159,1.0752775967121124
2207,33.32935333251953,11.171250343322754,2.5228283405303955,2.8393142223358154,0.0600111186504364,0.03877492994070053,0.9211974740028381
2208,55.10708236694336,14.739057540893555,3.8387036323547363,2.8377561569213867,0.33298560976982117,0.04739363119006157,0.7737016081809998
2209,43.95766067504883,7.47085428237915,9.64342975616455,2.8142526149749756,0.060098446905612946,0.1886475384235382,0.85478875041008
2210,37.538978576660156,10.201906204223633,3.0853207111358643,2.6264355182647705,0.16104120016098022,0.06066382676362991,0.9920201301574707
2211,41.95536804199219,5.820335388183594,3.737095832824707,2.0272905826568604,0.049365293234586716,0.04233742505311966,0.6419213861227036
2212,44.903663635253906,12.030517578125,3.434251070022583,2.3153164386749268,0.12287256866693497,0.04089787229895592,0.729678213596344
2213,69.25418853759766,10.983728408813477,2.0899736881256104,2.514357089996338,0.1498199850320816,0.03383752703666687,0.7164270281791687
2214,44.812522888183594,7.902920246124268,2.348845958709717,2.055825710296631,0.07902646064758301,0.0360192246735096,0.6194445788860321
2215,54.10447311401367,13.23343563079834,9.802692413330078,2.34713077545166,0.2420419305562973,0.2131621092557907,0.7490347623825073
2216,39.14170455932617,10.296704292297363,9.966141700744629,2.366854190826416,0.09178583323955536,0.13600125908851624,0.8419521152973175
2217,45.84360122680664,9.163063049316406,6.618832588195801,1.8907603025436401,0.06554068624973297,0.0948040634393692,0.5999859273433685
2218,30.36624526977539,6.346800327301025,4.442630767822266,2.3492698669433594,0.08240728080272675,0.05630141496658325,0.9049881994724274
2219,35.40081024169922,9.302075386047363,4.594703674316406,2.5929384231567383,0.07338142395019531,0.07039663195610046,0.7997701168060303
2220,42.47551727294922,11.203686714172363,8.74560546875,1.9564344882965088,0.10770978778600693,0.1126457005739212,0.6735164523124695
2221,27.822351455688477,12.977583885192871,3.237460136413574,2.1477699279785156,0.17090323567390442,0.043452002108097076,0.8314566314220428
2222,32.52825927734375,6.990816593170166,8.887205123901367,2.2642323970794678,0.10702962428331375,0.09054937958717346,0.8822599649429321
2223,21.764238357543945,5.617481231689453,5.957634925842285,2.1490886211395264,0.10148012638092041,0.07667145878076553,0.7303812503814697
2224,36.630924224853516,12.202837944030762,2.1209380626678467,2.759658098220825,0.14407721161842346,0.04594343155622482,1.2947132587432861
2225,40.836856842041016,6.348559379577637,2.3225619792938232,2.547696828842163,0.10311415791511536,0.03536180406808853,0.8041700124740601
2226,27.6583309173584,8.256391525268555,5.999715328216553,2.061908006668091,0.09068635106086731,0.10547587275505066,0.8489865064620972
2227,32.05939483642578,9.46145248413086,1.9115296602249146,2.58384370803833,0.07546836882829666,0.03584422916173935,1.0141169428825378
2228,49.23468017578125,7.521935939788818,5.1717658042907715,2.436567783355713,0.09958595782518387,0.05534696206450462,0.8589773774147034
2229,50.054317474365234,5.885810375213623,8.103511810302734,3.3439033031463623,0.05365699529647827,0.08980849385261536,1.129403531551361
2230,31.871545791625977,12.959576606750488,7.368353366851807,2.193469285964966,0.29576438665390015,0.12461139261722565,0.7002752423286438
2231,39.21843719482422,12.410077095031738,9.966216087341309,2.280256986618042,0.10813063383102417,0.1300874650478363,0.7348128259181976
2232,38.98955535888672,12.269820213317871,5.05816650390625,2.1635093688964844,0.2714812755584717,0.07411634176969528,0.534424215555191
2233,26.33405303955078,6.895683288574219,7.687588214874268,2.023439645767212,0.0855068564414978,0.16634176671504974,0.669302374124527
2234,31.26091957092285,5.602983474731445,4.12371301651001,2.5431292057037354,0.10111024975776672,0.06287313997745514,0.9521815478801727
2235,37.359703063964844,7.726328372955322,4.1899261474609375,2.849121570587158,0.06711549311876297,0.047488078474998474,0.7091678380966187
2236,35.770408630371094,6.544986248016357,2.3336362838745117,2.4179577827453613,0.0977548360824585,0.03813990205526352,0.7450261116027832
2237,29.74362564086914,6.044934272766113,4.140326499938965,2.624248743057251,0.07142166793346405,0.05702192336320877,0.8541228473186493
2238,58.88046646118164,4.839709281921387,5.238358020782471,2.456818103790283,0.029861699789762497,0.05997318774461746,0.8354486227035522
2239,44.27915954589844,4.744225025177002,4.9073662757873535,2.4070138931274414,0.038015663623809814,0.09218475967645645,0.7047379612922668
2240,47.45644760131836,8.651203155517578,7.023672103881836,2.574025869369507,0.12331384420394897,0.09869902580976486,0.9037521183490753
2241,36.494510650634766,9.532577514648438,3.4977352619171143,2.1488020420074463,0.0605393648147583,0.040218010544776917,0.7650870680809021
2242,26.404680252075195,9.738269805908203,4.218443870544434,2.3762764930725098,0.13594399392604828,0.04896799474954605,0.7319150269031525
2243,31.01993751525879,11.817140579223633,5.4406962394714355,2.08603572845459,0.2934476137161255,0.10153429210186005,0.6850109398365021
2244,29.7711124420166,6.419627666473389,9.147276878356934,2.4446752071380615,0.12389354407787323,0.1694522202014923,0.6302585303783417
2245,40.905311584472656,6.490322589874268,10.400771141052246,2.9524431228637695,0.07480571419000626,0.21264725923538208,1.0239758491516113
2246,27.891223907470703,10.417007446289062,1.9843043088912964,2.5400099754333496,0.0851515382528305,0.04157260060310364,0.9885314702987671
2247,21.554004669189453,6.143413543701172,2.4993162155151367,2.397322654724121,0.07380206882953644,0.0359630361199379,0.7896363437175751
2248,52.539695739746094,7.493893623352051,9.654292106628418,2.1108601093292236,0.05498509109020233,0.08682234585285187,0.6279556155204773
2249,37.912200927734375,6.695867538452148,3.038984775543213,2.244027614593506,0.15794403851032257,0.03963343799114227,0.7561609148979187
2250,79.27151489257812,8.147643089294434,4.711696624755859,1.9198716878890991,0.1230812668800354,0.058589108288288116,0.5948520302772522
2251,56.932533264160156,3.2996761798858643,6.574589729309082,2.079744815826416,0.04708913341164589,0.07766794413328171,0.6882341504096985
2252,72.21466064453125,13.428971290588379,5.480459690093994,2.3681368827819824,0.19373071193695068,0.07840734720230103,0.6373351514339447
2253,38.16743087768555,9.109539031982422,5.725172996520996,2.191950798034668,0.15497028827667236,0.12450416386127472,0.7457149624824524
2254,71.57492065429688,9.108197212219238,4.398036479949951,2.8825104236602783,0.15284419059753418,0.0416005402803421,0.8873858451843262
2255,34.97723388671875,4.2260966300964355,1.642207145690918,2.5508947372436523,0.08415471017360687,0.028128713369369507,0.9080856442451477
2256,32.11371612548828,5.9358415603637695,6.284390926361084,2.600376605987549,0.07487814128398895,0.05560171604156494,1.0543986558914185
2257,60.326499938964844,5.247603416442871,4.959340572357178,1.8227531909942627,0.06247420236468315,0.09818693995475769,0.5761115550994873
2258,32.51908874511719,4.223398685455322,5.119292736053467,2.0127062797546387,0.0710136666893959,0.04222210496664047,0.5564829111099243
2259,37.694313049316406,5.764102935791016,5.021154880523682,2.638005495071411,0.06900258362293243,0.045984506607055664,0.7403596639633179
2260,45.93661880493164,6.194323539733887,2.882253646850586,2.592451572418213,0.07690664380788803,0.04189818352460861,0.9044321179389954
2261,30.76653289794922,4.486120223999023,6.335417747497559,2.687018871307373,0.07866756618022919,0.08490712940692902,0.9273111522197723
2262,35.46976089477539,4.099190711975098,4.183731555938721,2.3501086235046387,0.03932374343276024,0.039805248379707336,0.6866766214370728
2263,74.3050765991211,7.205990791320801,7.500019073486328,2.7252919673919678,0.1567421406507492,0.07150329649448395,0.6681217551231384
2264,37.837730407714844,20.544370651245117,2.872178792953491,2.393681287765503,0.13963888585567474,0.04694957658648491,0.8432695865631104
2265,36.22951126098633,4.474627494812012,2.9849278926849365,2.3200361728668213,0.08189113438129425,0.03209415823221207,0.8162638545036316
2266,28.265748977661133,8.2274751663208,5.725011348724365,2.381441593170166,0.13444292545318604,0.08783698081970215,0.9398699402809143
2267,35.22721862792969,5.506103038787842,2.181755304336548,2.441772222518921,0.07352954894304276,0.03990193456411362,0.7580493688583374
2268,33.9644775390625,5.401614665985107,4.792992115020752,2.083174467086792,0.09775350242853165,0.10710294544696808,0.6004772186279297
2269,44.603939056396484,7.036781311035156,5.129488468170166,1.999216079711914,0.09196193516254425,0.039260733872652054,0.7010417282581329
2270,41.94746780395508,7.63968563079834,4.166639804840088,2.641185998916626,0.04740540310740471,0.03939018398523331,0.8263489007949829
2271,57.51706314086914,5.809868335723877,6.139737606048584,2.3626694679260254,0.06057634949684143,0.1246049776673317,0.7464510202407837
2272,34.938785552978516,12.080382347106934,4.778529644012451,1.9330708980560303,0.1382359266281128,0.057960547506809235,0.7446602880954742
2273,33.21390914916992,14.708163261413574,2.371136426925659,2.477080821990967,0.15961965918540955,0.0378507599234581,0.8631988763809204
2274,43.927555084228516,8.293852806091309,5.892195701599121,2.747570753097534,0.051951855421066284,0.04777497798204422,0.720125675201416
2275,61.444862365722656,25.36212730407715,3.4566471576690674,2.5743777751922607,0.26905009150505066,0.037636227905750275,0.8845231533050537
2276,33.00752258300781,8.181695938110352,2.2795495986938477,2.4145493507385254,0.16264352202415466,0.03849613666534424,0.7969304323196411
2277,26.46031379699707,6.790005207061768,3.8039634227752686,2.644318103790283,0.07936838269233704,0.032179366797208786,0.9541741907596588
2278,30.152816772460938,6.439019680023193,2.5152995586395264,2.502368211746216,0.1164633184671402,0.04206821322441101,0.8505242168903351
2279,53.999263763427734,14.971280097961426,3.381251335144043,2.162630796432495,0.10741585493087769,0.04849432036280632,0.8258199095726013
2280,30.50689697265625,11.465104103088379,4.346262454986572,2.4039156436920166,0.08745510876178741,0.058452047407627106,0.8788800835609436
2281,31.54654884338379,13.247153282165527,4.157823085784912,2.1304943561553955,0.13112831115722656,0.057057298719882965,0.5629492998123169
2282,58.8238525390625,7.484319686889648,4.093986988067627,1.9441359043121338,0.05325186997652054,0.057326540350914,0.5633274912834167
2283,50.90879821777344,9.676156044006348,2.7593493461608887,2.5659611225128174,0.08270713686943054,0.03161602094769478,0.8335126638412476
2284,32.44390106201172,14.43169116973877,3.1238009929656982,2.4743378162384033,0.12410280853509903,0.07116497308015823,0.6859842240810394
2285,42.236061096191406,10.246084213256836,6.64867639541626,3.051030158996582,0.07220419496297836,0.04637587442994118,1.1894052624702454
2286,32.12530517578125,5.7340898513793945,5.322993278503418,2.6216330528259277,0.048986636102199554,0.10633955895900726,0.8037659227848053
2287,58.21442794799805,8.603334426879883,7.082245826721191,2.543421506881714,0.06560169160366058,0.07637224346399307,0.7708765864372253
2288,42.30216979980469,7.08070182800293,3.0680439472198486,2.842820644378662,0.0736163929104805,0.05246139317750931,0.8366177678108215
2289,69.61711883544922,11.187731742858887,8.859014511108398,2.399233818054199,0.08176121860742569,0.07499672472476959,0.6165663301944733
2290,47.698753356933594,19.975061416625977,5.952823638916016,2.6236982345581055,0.12229035049676895,0.052646704018116,0.8941090106964111
2291,34.310157775878906,19.924732208251953,4.690160751342773,2.2334046363830566,0.3770875632762909,0.09669750928878784,0.7094192802906036
2292,54.98137283325195,15.127131462097168,4.972766399383545,3.526960849761963,0.12797468900680542,0.07002826035022736,1.1831485331058502
2293,56.1684455871582,6.651393890380859,5.23337984085083,2.3978183269500732,0.05681426078081131,0.07915668934583664,0.5786451101303101
2294,48.626380920410156,8.502482414245605,7.8175506591796875,2.534076452255249,0.09907164424657822,0.10896985232830048,0.7848925590515137
2295,141.80557250976562,4.134201526641846,4.184055805206299,3.261467933654785,0.043413110077381134,0.04952957108616829,0.9604075253009796
2296,45.36885070800781,7.733560562133789,8.67496109008789,2.090466022491455,0.09716586768627167,0.06047704815864563,0.7187780737876892
2297,63.75925064086914,3.7852489948272705,3.905902624130249,1.8236218690872192,0.047361694276332855,0.04991818591952324,0.5988057851791382
2298,47.90159225463867,19.891937255859375,20.435882568359375,1.8103578090667725,0.2122625708580017,0.09963564574718475,0.6852792501449585
2299,39.12607192993164,6.298573017120361,9.011600494384766,2.3433241844177246,0.07159259915351868,0.09610725194215775,0.6589656472206116
2300,60.033172607421875,9.22108268737793,7.553521633148193,2.7308225631713867,0.1109684556722641,0.10329493880271912,0.9191512763500214
2301,59.37093734741211,9.177133560180664,8.609957695007324,2.0589823722839355,0.15643979609012604,0.09464459121227264,0.6915535926818848
2302,26.578340530395508,5.427796363830566,3.6369073390960693,2.5716776847839355,0.06410016119480133,0.04722323268651962,0.7881078124046326
2303,45.54337692260742,3.997076988220215,3.453728199005127,2.1907429695129395,0.039787594228982925,0.048067085444927216,0.6229228973388672
2304,25.158710479736328,11.001287460327148,7.106492042541504,2.1737561225891113,0.09141930192708969,0.0956120565533638,0.7787660956382751
2305,29.106725692749023,5.310142993927002,2.599135637283325,1.7407801151275635,0.04560289531946182,0.027787692844867706,0.7268346846103668
2306,26.917221069335938,23.28533172607422,12.506989479064941,1.8551355600357056,0.14613980054855347,0.11425846815109253,0.6556454002857208
2307,29.210777282714844,12.26450252532959,2.330397367477417,2.714383840560913,0.1299799531698227,0.04807313531637192,0.9813694357872009
2308,27.19841194152832,10.193705558776855,2.5307247638702393,2.394817590713501,0.09433045983314514,0.05017218738794327,0.8343115448951721
2309,43.8919677734375,5.852558135986328,4.6205735206604,2.5223076343536377,0.06213284283876419,0.07460536807775497,0.7613488435745239
2310,46.67947006225586,6.075516223907471,6.6485795974731445,1.8710142374038696,0.06620432436466217,0.09928693622350693,0.667919397354126
2311,26.923877716064453,5.927943706512451,8.335050582885742,2.2873353958129883,0.08611226826906204,0.2360534965991974,0.7551429271697998
2312,44.463504791259766,10.485886573791504,2.9915781021118164,2.4511992931365967,0.19321048259735107,0.03330244868993759,0.8941507637500763
2313,25.188447952270508,7.7315239906311035,3.0375518798828125,1.7962992191314697,0.09038574248552322,0.041731998324394226,0.6878367960453033
2314,31.351415634155273,12.102212905883789,5.785764694213867,2.2803854942321777,0.12151901423931122,0.07616245746612549,0.745928019285202
2315,38.21770095825195,9.133943557739258,5.449177265167236,2.3078012466430664,0.0712273120880127,0.050654344260692596,0.873803049325943
2316,32.1162223815918,8.062117576599121,3.2610092163085938,2.473830461502075,0.07167273759841919,0.046759381890296936,0.8443405628204346
2317,20.277008056640625,11.433870315551758,4.827223300933838,2.4585201740264893,0.17700709402561188,0.06367207318544388,1.0992671847343445
2318,48.08357620239258,8.474109649658203,3.332472801208496,2.8482437133789062,0.05777375400066376,0.0418698750436306,1.0478292107582092
2319,32.550601959228516,6.61378288269043,6.494751930236816,2.0189740657806396,0.07482471317052841,0.14759446680545807,0.5546090602874756
2320,29.542062759399414,6.280306339263916,6.630899906158447,2.440096139907837,0.06273620575666428,0.09334646165370941,0.6990228295326233
2321,31.520273208618164,5.338984489440918,6.152426719665527,2.2629849910736084,0.07525359094142914,0.08750224858522415,0.6689493358135223
2322,33.107242584228516,5.14996862411499,4.624030113220215,3.192533493041992,0.06788019090890884,0.04958052188158035,1.1299079060554504
2323,34.891624450683594,9.150687217712402,4.410301208496094,2.489313840866089,0.1634785532951355,0.07759706676006317,0.7884884774684906
2324,35.19631576538086,4.558734893798828,3.8179547786712646,1.9768095016479492,0.08407745510339737,0.05353149399161339,0.7905813455581665
2325,37.252098083496094,7.081813812255859,6.512608528137207,2.672250270843506,0.07512237131595612,0.08456521481275558,0.8480574488639832
2326,25.74239730834961,7.067613124847412,9.97509765625,2.21179461479187,0.10072873532772064,0.15614469349384308,0.6990266442298889
2327,34.85223388671875,5.769251823425293,1.7179185152053833,2.4286036491394043,0.057114116847515106,0.04064958542585373,0.7151651382446289
2328,43.17792510986328,4.878757953643799,3.1004443168640137,2.227890729904175,0.04821311682462692,0.04174444079399109,0.6897707879543304
2329,47.68753433227539,8.853129386901855,4.221056938171387,2.8972465991973877,0.10227760672569275,0.04622318968176842,0.7578771710395813
2330,33.62503433227539,6.814255237579346,7.3277153968811035,1.9207838773727417,0.13480231165885925,0.17012614011764526,0.6720199882984161
2331,40.11729049682617,4.094795227050781,5.219608783721924,1.7370989322662354,0.05764275789260864,0.13633610308170319,0.5702930390834808
2332,40.5218505859375,12.11528205871582,7.881068706512451,2.2747344970703125,0.18237276375293732,0.1474287509918213,0.6303898692131042
2333,33.91773223876953,2.3345446586608887,7.13397216796875,2.6751294136047363,0.036348894238471985,0.09829968959093094,0.8980213403701782
2334,23.558866500854492,9.221778869628906,9.437089920043945,2.060896396636963,0.15025295317173004,0.13655418157577515,0.7521919906139374
2335,51.447731018066406,4.3112263679504395,3.917482376098633,1.9674310684204102,0.045480482280254364,0.03838266432285309,0.5802497267723083
2336,34.287288665771484,10.674036026000977,6.608473300933838,1.739277720451355,0.06087063252925873,0.11366479098796844,0.6011463701725006
2337,30.364116668701172,6.444621562957764,7.033179759979248,2.358109712600708,0.07943420112133026,0.100776806473732,0.7468429207801819
2338,33.86070251464844,8.240511894226074,4.421499252319336,2.9831292629241943,0.06215594708919525,0.04437944293022156,1.1184166371822357
2339,30.563377380371094,8.314380645751953,6.022805213928223,1.9307811260223389,0.1082843616604805,0.09981349110603333,0.6037207245826721
2340,41.861324310302734,9.100931167602539,2.4520509243011475,2.6019484996795654,0.1437283754348755,0.0297789815813303,0.8981918692588806
2341,29.566349029541016,9.603321075439453,4.958670616149902,2.24750018119812,0.13921435177326202,0.05811033025383949,0.5831204056739807
2342,28.143863677978516,4.0073018074035645,2.6846635341644287,2.6130130290985107,0.08099700510501862,0.039293073117733,0.9828431010246277
2343,33.649940490722656,6.942331790924072,4.593465805053711,3.1029534339904785,0.06838779896497726,0.047164298593997955,1.014292061328888
2344,31.097827911376953,12.289463996887207,3.767778158187866,1.9300075769424438,0.10050980001688004,0.06127697974443436,0.6558036804199219
2345,33.24808120727539,8.470206260681152,11.69742488861084,2.6016745567321777,0.10595536231994629,0.12243155390024185,0.8585812449455261
2346,30.960988998413086,5.3171796798706055,3.1462016105651855,3.0291359424591064,0.05810532718896866,0.03604322671890259,0.9017895460128784
2347,25.044200897216797,6.456894874572754,5.549435138702393,2.495589256286621,0.08783026039600372,0.0704120397567749,0.8778492212295532
2348,31.617490768432617,7.550868034362793,5.069286346435547,2.476472854614258,0.15690535306930542,0.0983423963189125,0.929226279258728
2349,49.33425521850586,7.722403526306152,2.346414089202881,2.163539171218872,0.0668521597981453,0.03987661004066467,0.687240868806839
2350,44.44078063964844,3.2679405212402344,2.615135669708252,2.8092758655548096,0.036692649126052856,0.052400682121515274,0.9501604437828064
2351,28.907686233520508,9.05941390991211,7.205175876617432,2.6300461292266846,0.06227784603834152,0.1304963231086731,0.7247883677482605
2352,45.396175384521484,5.252874374389648,4.717757701873779,2.486686944961548,0.05079786479473114,0.09053855389356613,0.7428403198719025
2353,37.73025131225586,4.54004430770874,6.848746299743652,3.4882936477661133,0.03323981538414955,0.07887829840183258,1.0578676462173462
2354,30.54083251953125,12.763201713562012,7.353456020355225,2.2759199142456055,0.1677214503288269,0.07410500943660736,0.756249725818634
2355,36.55844497680664,6.272278308868408,3.2291347980499268,2.2389893531799316,0.05175235867500305,0.04468785971403122,0.7110902070999146
2356,32.05632400512695,5.7390546798706055,4.323154926300049,2.445770025253296,0.06160970404744148,0.07964815944433212,0.8591785728931427
2357,26.103435516357422,6.33220911026001,4.1285200119018555,2.203644037246704,0.14057442545890808,0.05881611257791519,0.6631356775760651
2358,38.72614669799805,12.137333869934082,11.833372116088867,2.812535524368286,0.1197943240404129,0.07490155845880508,0.8770520389080048
2359,40.608726501464844,5.709219455718994,6.522768020629883,3.3055710792541504,0.06325726211071014,0.0637991726398468,0.9901014566421509
2360,33.38228225708008,4.740391731262207,6.706910610198975,2.73587965965271,0.047062817960977554,0.07384830713272095,0.7368806898593903
2361,35.35430145263672,16.824012756347656,3.323338508605957,2.670135259628296,0.18475177884101868,0.048733651638031006,0.7766662836074829
2362,59.927734375,3.95721173286438,4.344105243682861,2.2105703353881836,0.049560435116291046,0.05055034160614014,0.7322331070899963
2363,32.239959716796875,5.935259819030762,2.185673713684082,2.5292036533355713,0.061019107699394226,0.04054493457078934,0.7963323593139648
2364,57.16033172607422,5.071013927459717,7.24976921081543,2.733030080795288,0.10278231650590897,0.06463629752397537,0.7857083380222321
2365,27.213014602661133,10.844575881958008,7.913301944732666,1.9544564485549927,0.153213769197464,0.08282690495252609,0.6593092083930969
2366,31.011096954345703,7.901747226715088,4.69024133682251,2.1778929233551025,0.08661764860153198,0.04050225019454956,0.6358590126037598
2367,45.48497009277344,8.073129653930664,7.1629791259765625,1.9411895275115967,0.086204394698143,0.08904315531253815,0.6917091608047485
2368,32.11372375488281,5.428302764892578,3.990766763687134,2.3040120601654053,0.08140644431114197,0.06244754046201706,0.781595915555954
2369,30.538251876831055,7.189297199249268,4.045629024505615,2.275055408477783,0.07325051724910736,0.09210087358951569,0.7809232771396637
2370,37.898658752441406,3.9326083660125732,4.167394161224365,2.1888680458068848,0.0558486133813858,0.0695582926273346,0.6658154129981995
2371,29.14985466003418,7.839770793914795,7.593506336212158,2.448091983795166,0.10073642432689667,0.08075736463069916,0.8631083071231842
2372,32.90924072265625,8.888447761535645,5.101201057434082,2.2502329349517822,0.10519237816333771,0.12558425962924957,0.6145789921283722
2373,29.719623565673828,9.13529109954834,3.803744316101074,2.2221152782440186,0.12277595698833466,0.05586368590593338,0.6789161860942841
2374,77.75238800048828,4.915873050689697,6.955718517303467,2.3324954509735107,0.061607249081134796,0.1382806897163391,0.7685181200504303
2375,38.36848068237305,2.141526937484741,5.183997631072998,2.8623900413513184,0.03274879977107048,0.04858509451150894,0.9009096920490265
2376,29.252309799194336,8.532140731811523,4.524954795837402,2.7152557373046875,0.14516094326972961,0.05796896666288376,0.7255916595458984
2377,32.01718521118164,5.214502334594727,5.1844611167907715,2.111567497253418,0.05148092657327652,0.08304031193256378,0.5840074717998505
2378,40.80897903442383,8.09731388092041,3.5583364963531494,2.7748093605041504,0.09735625237226486,0.0708942860364914,0.9293400347232819
2379,25.093774795532227,5.397704601287842,2.5191853046417236,2.496638059616089,0.07618408650159836,0.030813679099082947,0.8589879274368286
2380,33.21506881713867,6.901862144470215,6.491497993469238,2.2439212799072266,0.0914059430360794,0.06721395254135132,0.6529770791530609
2381,23.81304359436035,2.592278242111206,2.641972780227661,2.2339682579040527,0.03793151676654816,0.04023027420043945,0.8257834017276764
2382,33.96652603149414,8.120867729187012,5.0556559562683105,2.034919500350952,0.13184557855129242,0.07538434118032455,0.7187616527080536
2383,34.896236419677734,16.031654357910156,11.32957935333252,2.426382064819336,0.27793240547180176,0.11370506882667542,0.9972568452358246
2384,34.51103210449219,13.886590003967285,3.769558906555176,2.6442008018493652,0.20736411213874817,0.04040136933326721,0.7796863913536072
2385,39.22897720336914,5.911284923553467,2.393209218978882,2.4351181983947754,0.07602211833000183,0.03713323920965195,0.7732060849666595
2386,36.14333724975586,7.85433292388916,8.99108600616455,2.344543695449829,0.09402952343225479,0.2039511799812317,0.6720024049282074
2387,42.718902587890625,13.114249229431152,8.510865211486816,3.2491073608398438,0.1459009349346161,0.08417845517396927,1.0622654259204865
2388,30.92662239074707,4.340822696685791,1.797060251235962,2.7637364864349365,0.06328834593296051,0.030631069093942642,0.7606336176395416
2389,24.442964553833008,7.34397029876709,3.791569471359253,2.407017230987549,0.1600727140903473,0.04147748649120331,0.8872368037700653
2390,30.453683853149414,5.02202033996582,3.74143648147583,2.8587892055511475,0.0659220814704895,0.0459456667304039,0.955553412437439
2391,37.044166564941406,3.441096782684326,4.6843438148498535,2.3147313594818115,0.03643306717276573,0.05379973351955414,0.6548541486263275
2392,40.165443420410156,6.2753987312316895,3.4669625759124756,2.2586591243743896,0.05796326696872711,0.037633344531059265,0.6246129274368286
2393,44.73495101928711,7.407820224761963,5.263309478759766,2.596958637237549,0.04526619613170624,0.052325539290905,0.76055908203125
2394,72.43284606933594,6.868912696838379,4.131528377532959,2.3486647605895996,0.09261967241764069,0.08662151545286179,0.8180897533893585
2395,67.88778686523438,4.938549518585205,3.934324026107788,2.3612911701202393,0.04262533411383629,0.06622926890850067,0.7116446793079376
2396,46.43889236450195,10.687753677368164,7.576539993286133,2.753277540206909,0.058600135147571564,0.10598617792129517,0.8042348325252533
2397,54.86651611328125,25.856298446655273,6.1838884353637695,1.8560067415237427,0.3231249451637268,0.08223509043455124,0.5287921726703644
2398,51.187843322753906,7.128304958343506,2.8484067916870117,2.686032772064209,0.11155276745557785,0.0410233810544014,0.8267380595207214
2399,44.93766403198242,4.648595809936523,5.399191379547119,2.0118863582611084,0.05116339772939682,0.08582352101802826,0.6511594355106354
2400,48.320499420166016,3.326906442642212,4.987884044647217,2.809727191925049,0.03334689885377884,0.04197411239147186,0.7427531480789185
2401,41.519676208496094,7.83264684677124,3.0560364723205566,2.4347598552703857,0.056891441345214844,0.056313931941986084,0.794499933719635
2402,33.39133834838867,10.722825050354004,3.3546884059906006,1.9160454273223877,0.13662287592887878,0.04713163524866104,0.6625851094722748
2403,53.58296203613281,10.790938377380371,2.9424118995666504,3.312279462814331,0.09589806199073792,0.05181843042373657,1.357649028301239
2404,39.993629455566406,17.102272033691406,6.520139694213867,2.2164344787597656,0.10026400536298752,0.19451504945755005,0.7388683259487152
2405,48.5428352355957,6.609616279602051,8.336174964904785,2.6034326553344727,0.08880003541707993,0.19406618177890778,0.7635775506496429
2406,30.119667053222656,4.02472448348999,2.611278772354126,2.3028554916381836,0.05400919169187546,0.039722949266433716,0.7193371951580048
2407,40.259361267089844,4.837060928344727,4.797486305236816,3.167100667953491,0.04937407001852989,0.04119814559817314,1.0538615584373474
2408,31.120418548583984,9.584526062011719,9.344647407531738,2.159946918487549,0.14199833571910858,0.14600273966789246,0.8071276843547821
2409,26.992958068847656,14.440248489379883,4.072771072387695,2.156388759613037,0.1141478419303894,0.0702165737748146,0.6471010148525238
2410,30.47810173034668,13.807071685791016,5.3029866218566895,2.4260263442993164,0.14998352527618408,0.12302254140377045,0.6739271581172943
2411,21.228134155273438,9.008183479309082,3.484440326690674,2.2888848781585693,0.10732702910900116,0.045991651713848114,0.7501396834850311
2412,35.97554016113281,9.34434700012207,4.122994422912598,2.0328831672668457,0.1556292474269867,0.043204165995121,0.676860123872757
2413,27.166685104370117,10.860966682434082,4.758275985717773,2.4444024562835693,0.10371135175228119,0.06228888779878616,1.0296128392219543
2414,47.408931732177734,10.397197723388672,7.363909721374512,2.503408670425415,0.11283966153860092,0.08745420724153519,0.7315186560153961
2415,47.08891677856445,13.319727897644043,4.625270843505859,2.0635476112365723,0.1876620352268219,0.051397472620010376,0.6689009666442871
2416,31.847579956054688,6.778234481811523,7.97737455368042,1.7982608079910278,0.16457822918891907,0.14527691900730133,0.6239804029464722
2417,40.14106369018555,11.004382133483887,5.620147705078125,2.182905912399292,0.07443398237228394,0.03983456641435623,0.7540421783924103
2418,38.62385940551758,4.548723220825195,8.259346008300781,2.142855644226074,0.06836022436618805,0.15300413966178894,0.7371397018432617
2419,44.15304946899414,5.8557257652282715,1.5523111820220947,2.5186867713928223,0.11597269773483276,0.028186053037643433,0.8289559781551361
2420,37.87736892700195,6.747753143310547,4.993207931518555,2.3183908462524414,0.11268185079097748,0.06800790131092072,0.8557401299476624
2421,34.18299102783203,4.339512825012207,4.893747329711914,2.362978935241699,0.053710125386714935,0.08499002456665039,0.7403187453746796
2422,36.25680160522461,8.561797142028809,5.423348903656006,2.462784767150879,0.08602488785982132,0.07752231508493423,0.8420735895633698
2423,35.18482971191406,7.518376350402832,3.9583797454833984,2.1864960193634033,0.0628587156534195,0.05610010027885437,0.8964119553565979
2424,37.38714599609375,8.662434577941895,4.822540760040283,2.5548112392425537,0.08669580519199371,0.04131809622049332,0.8650552928447723
2425,29.867597579956055,9.06864070892334,2.512723684310913,1.7829265594482422,0.14952775835990906,0.048747166991233826,0.6913301050662994
2426,51.73828125,10.594183921813965,5.690234184265137,2.2840371131896973,0.09618472307920456,0.05403492599725723,0.822014331817627
2427,23.0023136138916,5.237225532531738,5.086277961730957,2.769036054611206,0.10197074711322784,0.07469730079174042,1.070612370967865
2428,32.793663024902344,6.323396682739258,9.740735054016113,2.689460515975952,0.08568025380373001,0.07563407719135284,0.996208131313324
2429,43.96100997924805,6.143781661987305,4.3971757888793945,2.4384803771972656,0.05551117658615112,0.05511368438601494,0.8996961712837219
2430,51.4468879699707,7.282412528991699,5.755518913269043,2.5575127601623535,0.10359212756156921,0.0861065611243248,0.8257594108581543
2431,39.5281867980957,7.142110824584961,8.530226707458496,2.217484951019287,0.07915379106998444,0.09328199177980423,0.7776783108711243
2432,49.9655647277832,4.716611862182617,6.905193328857422,2.643855333328247,0.07575313746929169,0.11560481041669846,0.8333429396152496
2433,28.544204711914062,2.7201192378997803,4.101609706878662,3.1560230255126953,0.03785840421915054,0.06177294999361038,1.0099802911281586
2434,37.69705581665039,9.153350830078125,2.306953191757202,2.745901584625244,0.05640241131186485,0.03919582813978195,0.8469708561897278
2435,40.653385162353516,5.364353179931641,7.59464693069458,2.649639129638672,0.04005630314350128,0.11994776129722595,0.7830955386161804
2436,29.35108757019043,13.980854988098145,5.058359622955322,1.7722270488739014,0.259679913520813,0.059163302183151245,0.7195651531219482
2437,22.683330535888672,14.952438354492188,4.880056858062744,2.267683744430542,0.17387183010578156,0.06944137066602707,0.7046702206134796
2438,38.21348571777344,3.3948721885681152,2.3831541538238525,2.5440757274627686,0.044925592839717865,0.03982384130358696,0.8108356297016144
2439,34.67887496948242,5.606036186218262,3.599806070327759,2.236957550048828,0.07995879650115967,0.050474248826503754,0.6950639188289642
2440,40.784698486328125,5.911135673522949,7.050565719604492,2.514369249343872,0.047187548130750656,0.18044427037239075,0.7618588507175446
2441,27.684783935546875,6.684420585632324,2.4488847255706787,2.218064069747925,0.12742683291435242,0.040643200278282166,0.6470993161201477
2442,41.94675064086914,7.321551322937012,2.101954936981201,2.339259147644043,0.09367406368255615,0.03500954434275627,0.7863538563251495
2443,40.900630950927734,3.0750253200531006,7.426851272583008,2.284605026245117,0.04182421416044235,0.20164798200130463,0.5929035246372223
2444,40.93678665161133,8.283968925476074,4.481961250305176,2.614748477935791,0.05581124871969223,0.04958292469382286,0.8271395266056061
2445,31.512514114379883,11.336334228515625,5.169668197631836,2.7094573974609375,0.07351851463317871,0.03992588445544243,0.9580355882644653
2446,46.02365493774414,5.2282915115356445,3.9300200939178467,2.673022747039795,0.0755651444196701,0.04422954469919205,0.8437910676002502
2447,71.80658721923828,12.136711120605469,3.6250863075256348,2.3549864292144775,0.1635328233242035,0.045325543731451035,0.739025354385376
2448,28.454336166381836,11.904021263122559,4.864603519439697,2.2141215801239014,0.1922168731689453,0.08831816911697388,0.691495805978775
2449,47.173580169677734,4.6272783279418945,3.3842804431915283,1.736894965171814,0.07361570745706558,0.03603493422269821,0.5736171305179596
2450,40.917091369628906,7.543496131896973,7.963659286499023,2.016803741455078,0.07203047722578049,0.19879306852817535,0.6566116809844971
2451,28.85555648803711,18.803770065307617,6.157445907592773,2.5557801723480225,0.1906508505344391,0.06883679330348969,0.9393326342105865
2452,37.83407974243164,9.463600158691406,2.715730905532837,2.1421079635620117,0.10540896654129028,0.04158346354961395,0.6759363114833832
2453,30.426183700561523,6.7129011154174805,3.310513496398926,1.9699416160583496,0.13959479331970215,0.04219624772667885,0.6708475947380066
2454,35.157310485839844,5.234358310699463,4.519586563110352,2.545283555984497,0.06032109260559082,0.0692780539393425,0.8397049307823181
2455,31.364316940307617,6.699926853179932,5.0258402824401855,2.45245099067688,0.04885224252939224,0.08764708042144775,0.7181288599967957
2456,38.32749938964844,10.825360298156738,9.874746322631836,2.2076404094696045,0.06278758496046066,0.08979430794715881,0.8227604329586029
2457,33.81056213378906,3.8462579250335693,5.203561782836914,2.627269744873047,0.04883270710706711,0.08788332343101501,0.7035869359970093
2458,50.92106628417969,9.151084899902344,2.899415969848633,2.6103017330169678,0.11678875237703323,0.046810731291770935,0.7785103619098663
2459,35.48168182373047,7.34672737121582,3.6357758045196533,2.673011302947998,0.07888133078813553,0.03999371454119682,0.8268047273159027
2460,52.96118927001953,4.5256476402282715,5.615236282348633,2.4742705821990967,0.06498821824789047,0.05216304212808609,0.8275861144065857
2461,51.175575256347656,5.925623893737793,4.075443267822266,2.3426756858825684,0.07114436477422714,0.055087536573410034,0.8053925037384033
2462,46.32166290283203,8.52933120727539,4.216725826263428,2.5382187366485596,0.11602510511875153,0.06852921843528748,0.9310431778430939
2463,39.212303161621094,6.810131072998047,2.85915207862854,2.6345481872558594,0.1471826583147049,0.03935837745666504,0.8881581723690033
2464,29.257808685302734,7.1613898277282715,3.1568715572357178,2.563528299331665,0.06938673555850983,0.05088108032941818,0.7833341062068939
2465,38.30016326904297,6.69403600692749,5.172199249267578,2.4325037002563477,0.06632848083972931,0.056672610342502594,0.6918214559555054
2466,38.924503326416016,12.905801773071289,1.4699007272720337,3.094386577606201,0.2514357566833496,0.03496728092432022,1.0556457042694092
2467,36.96605682373047,6.36765193939209,6.989850997924805,2.2062981128692627,0.05684228241443634,0.0775897353887558,0.6651217937469482
2468,28.824806213378906,6.290989875793457,3.395747661590576,2.502403497695923,0.07250295579433441,0.039332494139671326,0.7962429225444794
2469,32.76071548461914,13.05344295501709,7.235356330871582,1.8330341577529907,0.12856484949588776,0.06430554389953613,0.6284902989864349
2470,36.499637603759766,3.7193901538848877,6.1313066482543945,2.2968010902404785,0.050991177558898926,0.14151757955551147,0.5607740581035614
2471,33.84922790527344,9.539162635803223,5.10407829284668,2.51090669631958,0.172515869140625,0.04965612664818764,0.7839008867740631
2472,33.73796081542969,17.923171997070312,3.261685609817505,2.3049123287200928,0.1790054738521576,0.043762437999248505,0.768866240978241
2473,83.97697448730469,8.234228134155273,2.4405195713043213,3.4111955165863037,0.06035775691270828,0.03620973974466324,0.9569724202156067
2474,29.156293869018555,8.865818977355957,4.3837504386901855,2.3716628551483154,0.11554322391748428,0.06447810679674149,0.9304114878177643
2475,40.0927734375,8.578804969787598,4.033588409423828,2.604125499725342,0.06261634081602097,0.03198820352554321,1.0020858645439148
2476,52.447811126708984,4.955373764038086,4.336756706237793,2.147151470184326,0.039393067359924316,0.059277355670928955,0.7357200980186462
2477,52.55301284790039,7.524003982543945,6.978855133056641,2.7103958129882812,0.046117305755615234,0.12459424883127213,0.7768901884555817
2478,37.951595306396484,1.9872475862503052,8.305644035339355,2.2480709552764893,0.024656295776367188,0.11723408102989197,0.6346586644649506
2479,33.37503433227539,6.964386940002441,6.780486583709717,2.304898738861084,0.04300752282142639,0.07803555577993393,0.6482124626636505
2480,29.47498321533203,5.179171562194824,4.997673511505127,2.024956226348877,0.058486681431531906,0.04702543467283249,0.6216354072093964
2481,24.386571884155273,7.689685344696045,2.930551528930664,2.901357889175415,0.07697397470474243,0.05239453539252281,1.0201365947723389
2482,32.7908821105957,3.9245431423187256,3.8198893070220947,2.5388357639312744,0.06667056679725647,0.08047789335250854,0.8730573356151581
2483,29.155344009399414,5.771024703979492,7.05698299407959,2.5498151779174805,0.08646121621131897,0.16010062396526337,0.9133972823619843
2484,29.47955322265625,3.2245423793792725,3.2676031589508057,3.0878241062164307,0.034107089042663574,0.044584594666957855,1.0089859068393707
2485,32.57661056518555,2.2640092372894287,3.1997599601745605,2.9177000522613525,0.03756587952375412,0.0617155097424984,0.9092018306255341
2486,33.76884460449219,4.077096939086914,3.7472951412200928,2.7944846153259277,0.04544723778963089,0.04023250937461853,0.9510660767555237
2487,36.35748291015625,8.24827766418457,9.53774642944336,2.4539377689361572,0.045700520277023315,0.17151686549186707,0.6672156751155853
2488,31.658611297607422,21.210302352905273,6.179494857788086,2.276021957397461,0.19167539477348328,0.07932691276073456,0.7643435597419739
2489,28.899831771850586,4.654154300689697,7.299172401428223,2.838921546936035,0.06318334490060806,0.18101203441619873,0.8192412555217743
2490,23.895265579223633,6.290267467498779,4.3404154777526855,2.9203381538391113,0.10197443515062332,0.05531006306409836,1.093565285205841
2491,29.535978317260742,5.388550281524658,6.813257694244385,1.6045773029327393,0.04272123798727989,0.22351926565170288,0.5553500354290009
2492,38.467872619628906,7.955168724060059,7.538497447967529,2.3859148025512695,0.11140849441289902,0.11831413954496384,0.7165462374687195
2493,45.84619140625,6.724919319152832,3.8118844032287598,2.6259350776672363,0.07876520603895187,0.057331301271915436,0.9091655611991882
2494,48.81829833984375,6.075321674346924,4.182431221008301,2.676801919937134,0.06170687451958656,0.08448594808578491,0.8751282095909119
2495,27.95708465576172,5.161466598510742,4.058920383453369,2.816028356552124,0.09145056456327438,0.04808526486158371,0.9574944078922272
2496,37.77434158325195,9.570085525512695,6.99032735824585,2.3317182064056396,0.13483326137065887,0.1631118506193161,0.668827086687088
2497,49.12748718261719,7.845752239227295,3.278059720993042,2.4119229316711426,0.11816748231649399,0.03445439040660858,0.697636753320694
2498,25.11922264099121,8.716547966003418,10.621806144714355,2.244741678237915,0.11171804368495941,0.10693220794200897,0.7006231248378754
2499,41.56455612182617,7.2220354080200195,3.2320568561553955,2.509269952774048,0.06650479137897491,0.04416473209857941,0.8229570388793945
2500,40.502437591552734,8.294157981872559,2.0662574768066406,2.3779385089874268,0.12037311494350433,0.04275411367416382,0.7155303359031677
2501,47.21593475341797,5.088696002960205,6.308120250701904,2.4506537914276123,0.043203867971897125,0.09235319495201111,0.8606626987457275
2502,24.12384796142578,21.632272720336914,4.18170690536499,2.28297758102417,0.24083298444747925,0.041796229779720306,0.8257423043251038
2503,38.28252410888672,5.501948356628418,5.191645622253418,2.161774158477783,0.11668363958597183,0.0768260657787323,0.7017212212085724
2504,40.808067321777344,5.618947505950928,5.757627964019775,2.15959095954895,0.058015771210193634,0.08995025604963303,0.7383076250553131
2505,44.25150680541992,8.301312446594238,6.018093109130859,1.6599775552749634,0.12210601568222046,0.13206933438777924,0.5766398906707764
2506,38.5576171875,8.470460891723633,2.589426279067993,2.7028958797454834,0.1769639253616333,0.05542472004890442,0.7694864273071289
2507,55.61591339111328,6.900550842285156,8.506746292114258,2.254424571990967,0.08186895400285721,0.08919285237789154,0.6706200838088989
2508,25.160877227783203,9.726495742797852,4.747438430786133,2.451932191848755,0.08584051579236984,0.046356040984392166,1.045533299446106
2509,27.77376365661621,2.8785369396209717,2.941087484359741,2.6624643802642822,0.05612938851118088,0.060216158628463745,0.9005970358848572
2510,56.88909149169922,9.201233863830566,3.920581340789795,2.822803020477295,0.07119063287973404,0.04286890849471092,0.8640695214271545
2511,41.35659408569336,4.143078327178955,6.883295059204102,2.0707147121429443,0.06272914260625839,0.11155431717634201,0.6010157763957977
2512,68.22390747070312,6.627748489379883,3.779719114303589,2.3796727657318115,0.08586131036281586,0.060682013630867004,0.7812304496765137
2513,47.76750183105469,3.066512107849121,2.7414724826812744,2.6548104286193848,0.04375986009836197,0.0411628857254982,0.8058444261550903
2514,38.046592712402344,1.6419358253479004,4.30081033706665,2.7917394638061523,0.03275393694639206,0.05551533401012421,1.0275267660617828
2515,58.60287094116211,9.74847412109375,6.767159461975098,2.2824344635009766,0.16242724657058716,0.10536196082830429,0.6815061569213867
2516,35.89038848876953,13.65841007232666,3.2741904258728027,2.405507802963257,0.22758695483207703,0.053918320685625076,0.7740636467933655
2517,47.851627349853516,5.989277362823486,2.9373114109039307,2.6012072563171387,0.06077977269887924,0.04047200456261635,0.8189850747585297
2518,42.693359375,4.621335029602051,5.026998519897461,2.597280740737915,0.04629676043987274,0.04402407258749008,0.7739786505699158
2519,30.38228988647461,6.09575891494751,4.709743022918701,2.4969053268432617,0.08599793165922165,0.04800640419125557,0.8400026261806488
2520,57.89064025878906,9.082738876342773,2.6774649620056152,3.255906343460083,0.10629937797784805,0.046218279749155045,1.2324482202529907
2521,63.27994155883789,6.401433944702148,4.222385406494141,2.7148561477661133,0.055736199021339417,0.058082517236471176,0.7801013290882111
2522,37.47906494140625,10.255993843078613,5.1721062660217285,2.3072524070739746,0.06982025504112244,0.07812543213367462,0.6859104335308075
2523,30.375247955322266,7.680005073547363,9.059935569763184,2.017946481704712,0.12461364269256592,0.1701580137014389,0.6966017186641693
2524,38.35684585571289,8.549311637878418,5.343954563140869,2.273934841156006,0.0996464192867279,0.10101072490215302,0.7438234388828278
2525,34.89706039428711,2.915764331817627,6.142653465270996,2.599860191345215,0.03707472234964371,0.07084641605615616,0.8347643613815308
2526,48.321834564208984,4.883122444152832,3.2012577056884766,2.3139021396636963,0.06513474881649017,0.05514058470726013,0.75272536277771
2527,48.5937614440918,7.585185527801514,2.788302183151245,2.358441114425659,0.05223727971315384,0.026550840586423874,0.7365681231021881
2528,39.28948211669922,13.552244186401367,3.57391619682312,2.4882397651672363,0.22277843952178955,0.03767909109592438,0.7891763746738434
2529,34.16080856323242,6.759342193603516,3.809415578842163,2.2745397090911865,0.06509597599506378,0.04680928587913513,0.8032456636428833
2530,26.653976440429688,8.702217102050781,6.216854095458984,2.16428542137146,0.19197042286396027,0.1283910870552063,0.5631532669067383
2531,25.163799285888672,8.447887420654297,2.576976776123047,2.412485361099243,0.1849190592765808,0.04667845368385315,0.9414795637130737
2532,25.37031364440918,6.067059516906738,4.134402751922607,2.494863271713257,0.06374016404151917,0.04041682928800583,0.8354097008705139
2533,23.318387985229492,13.249423027038574,5.424528121948242,2.006908416748047,0.2087457776069641,0.07113464176654816,0.7529281377792358
2534,39.23899841308594,4.158347129821777,2.964374303817749,2.6471965312957764,0.050801925361156464,0.03713857755064964,0.6614631116390228
2535,40.17108154296875,4.182386875152588,5.903196334838867,2.6974751949310303,0.058054544031620026,0.05526085942983627,0.9074034094810486
2536,28.97421646118164,5.872318267822266,5.512416362762451,1.7647547721862793,0.08506277948617935,0.10053417086601257,0.6298029720783234
2537,44.907142639160156,5.309674263000488,4.018319606781006,2.3357832431793213,0.08117607235908508,0.05220578983426094,0.8104857206344604
2538,32.019840240478516,6.159278869628906,6.0199079513549805,2.6078274250030518,0.0502091646194458,0.11186019331216812,0.9096453785896301
2539,41.49692153930664,8.943192481994629,2.3687291145324707,2.7533035278320312,0.07931654155254364,0.03360312059521675,0.7435550391674042
2540,40.37379837036133,5.601352214813232,7.99383544921875,2.3133797645568848,0.05481456220149994,0.10075750201940536,0.81324303150177
2541,36.95429611206055,9.482795715332031,4.597087860107422,2.4495277404785156,0.07821637392044067,0.0690138041973114,0.801330178976059
2542,72.71910858154297,8.057221412658691,7.27496337890625,2.2171249389648438,0.040557097643613815,0.08016183972358704,0.656224399805069
2543,50.35401153564453,4.039202690124512,6.668787002563477,2.505645751953125,0.04797162860631943,0.07935956120491028,0.7194610834121704
2544,32.646812438964844,4.3011345863342285,9.011387825012207,2.337399482727051,0.05985267087817192,0.21022798120975494,0.5916690528392792
2545,33.207305908203125,4.803824424743652,5.276035308837891,3.1876933574676514,0.10070349276065826,0.06379730254411697,0.8386914432048798
2546,50.43779373168945,3.330627679824829,2.604628324508667,3.009528636932373,0.04396878555417061,0.03632959723472595,0.9923792779445648
2547,27.80152130126953,5.561486721038818,4.882333755493164,2.5072309970855713,0.03965594246983528,0.06569287180900574,0.8898292779922485
2548,30.00425910949707,15.360215187072754,7.479898929595947,1.6641887426376343,0.12450341880321503,0.0788615420460701,0.6785173714160919
2549,41.9602165222168,8.074642181396484,6.726202011108398,2.6771464347839355,0.123753622174263,0.17837631702423096,0.7594725489616394
2550,32.06802749633789,5.120829105377197,7.822872638702393,2.1967990398406982,0.07655709981918335,0.09576430916786194,0.786206990480423
2551,47.71446990966797,6.874236106872559,3.138758897781372,2.475006103515625,0.06040824577212334,0.05003879964351654,0.9392786622047424
2552,45.27609634399414,7.295456409454346,5.976988792419434,2.2642385959625244,0.08494897186756134,0.0836554616689682,0.8001496195793152
2553,37.19756317138672,4.124294281005859,2.4443440437316895,2.3117406368255615,0.06095010042190552,0.040430694818496704,0.7960993647575378
2554,46.88583755493164,7.299480438232422,4.647147178649902,2.3890275955200195,0.08343210816383362,0.08095256984233856,0.5776039659976959
2555,31.81920623779297,4.765132904052734,7.4282379150390625,2.278050661087036,0.04927332326769829,0.09192284196615219,0.5783606767654419
2556,42.85065841674805,6.766463279724121,4.364187240600586,2.502984046936035,0.06543222069740295,0.0759197324514389,0.8970119953155518
2557,42.49262619018555,2.812950849533081,3.8134961128234863,2.2029030323028564,0.03180184215307236,0.05000102147459984,0.7605456113815308
2558,35.948970794677734,5.288843631744385,3.4011013507843018,2.5275962352752686,0.04576912894845009,0.03604516759514809,0.7450786530971527
2559,36.42622375488281,7.773333549499512,6.926800727844238,2.655308723449707,0.06860363483428955,0.07834246754646301,0.9493270218372345
2560,28.054855346679688,2.0719707012176514,4.142544269561768,2.2100987434387207,0.030996188521385193,0.07953374087810516,0.6182244420051575
2561,22.066362380981445,1.8595150709152222,4.800993919372559,2.545910596847534,0.02974836155772209,0.04707684367895126,0.8759024739265442
2562,32.759681701660156,7.2220540046691895,5.343496799468994,1.9513027667999268,0.0649038776755333,0.1295110583305359,0.5982085764408112
2563,32.62886047363281,14.742081642150879,8.28083610534668,2.4128224849700928,0.18326009809970856,0.08813054859638214,0.8275352716445923
2564,34.862857818603516,5.7617268562316895,5.958050727844238,2.9864120483398438,0.060974523425102234,0.04998861253261566,0.727085292339325
2565,177.2970428466797,4.587625026702881,8.866189956665039,1.775976538658142,0.05395908281207085,0.1199113130569458,0.6161441206932068
2566,33.21916198730469,12.448328018188477,10.959229469299316,2.057711124420166,0.10270793735980988,0.06765669584274292,0.655476301908493
2567,42.96892547607422,2.6810431480407715,3.378293514251709,2.7251598834991455,0.04468803107738495,0.05295166000723839,0.8292762637138367
2568,50.708770751953125,3.7355332374572754,6.273275852203369,2.577296733856201,0.033256061375141144,0.054431453347206116,0.7559381425380707
2569,34.050872802734375,14.890396118164062,2.5847437381744385,3.0538487434387207,0.17940156161785126,0.04204336553812027,0.9694185853004456
2570,35.61272048950195,5.984824180603027,6.801695346832275,2.5076143741607666,0.07663983106613159,0.10103606432676315,0.7487338483333588
2571,52.101444244384766,5.639028072357178,4.488622188568115,2.65488862991333,0.05702250078320503,0.06155233085155487,0.8542702198028564
2572,31.223819732666016,7.34628963470459,6.678082466125488,2.295707941055298,0.06184814125299454,0.07569443434476852,0.7766287326812744
2573,31.021419525146484,6.718790054321289,5.846536159515381,2.687528371810913,0.08374835550785065,0.08025774359703064,0.8729830980300903
2574,35.844139099121094,8.87771224975586,5.307277679443359,2.835923433303833,0.13463181257247925,0.07722439616918564,0.7422062754631042
2575,32.7453727722168,3.6454882621765137,6.678082466125488,2.468233585357666,0.051976680755615234,0.07298983633518219,0.8383677303791046
2576,33.513946533203125,4.921528339385986,6.234152793884277,2.4403390884399414,0.05223797634243965,0.07052957266569138,0.9573550522327423
2577,39.91027069091797,7.643874645233154,4.255738258361816,3.237865686416626,0.09672065824270248,0.042861901223659515,0.985852062702179
2578,39.93991470336914,3.1748838424682617,4.52344274520874,2.4883532524108887,0.03936123102903366,0.054019827395677567,0.841399610042572
2579,49.330142974853516,10.6974515914917,7.512767314910889,2.470726251602173,0.12452157586812973,0.0731971487402916,0.6596933007240295
2580,39.978492736816406,13.503716468811035,7.032148838043213,1.969648838043213,0.19630733132362366,0.14750012755393982,0.5676144957542419
2581,29.349206924438477,4.681869983673096,5.824446201324463,2.2931833267211914,0.07032142579555511,0.07496893405914307,0.82554692029953
2582,30.455698013305664,8.837133407592773,5.014420509338379,2.1830410957336426,0.11222587525844574,0.06417785584926605,0.7315353453159332
2583,44.68794631958008,6.688598155975342,6.543377876281738,2.139739751815796,0.055164605379104614,0.15653596818447113,0.6076426804065704
2584,31.1946964263916,7.974020481109619,6.357850074768066,1.9254282712936401,0.08054152131080627,0.10889670252799988,0.6560238301753998
2585,38.90009689331055,17.775556564331055,3.6177403926849365,2.3678138256073,0.23847395181655884,0.045692287385463715,0.6844747066497803
2586,30.79981231689453,9.403565406799316,4.076683521270752,2.517545223236084,0.10212646424770355,0.04862962290644646,1.0405865013599396
2587,25.83086395263672,18.37616729736328,9.236821174621582,1.864182472229004,0.1651420295238495,0.09509219229221344,0.7674841284751892
2588,73.0753173828125,3.7893683910369873,1.8905445337295532,2.569993495941162,0.036798056215047836,0.032470472157001495,0.618059903383255
2589,31.307764053344727,6.067946434020996,2.5602869987487793,2.345294952392578,0.06336937099695206,0.04772676154971123,0.8418407440185547
2590,48.51445007324219,4.740569114685059,3.8945724964141846,2.380519390106201,0.05671694874763489,0.06842019408941269,0.8666405975818634
2591,33.17538833618164,11.517024993896484,1.8815020322799683,3.181206464767456,0.17020449042320251,0.036209672689437866,1.0713809132575989
2592,36.55624008178711,10.685322761535645,3.8602099418640137,2.353760004043579,0.11971065402030945,0.03499810770153999,0.6477785110473633
2593,56.66751480102539,7.343912124633789,5.092055320739746,2.741816759109497,0.06602350622415543,0.05355987697839737,0.831087589263916
2594,59.24064636230469,6.642969131469727,4.551711082458496,2.3182411193847656,0.0801859200000763,0.049515195190906525,0.8437468111515045
2595,62.90489196777344,12.604268074035645,3.4559195041656494,2.4015915393829346,0.09485672414302826,0.06441906094551086,0.8916712999343872
2596,42.44685363769531,2.58858323097229,2.689479351043701,2.997891664505005,0.038852084428071976,0.033397525548934937,1.0344278812408447
2597,45.59334182739258,7.571015357971191,5.0876288414001465,2.7538228034973145,0.07748811691999435,0.046222299337387085,0.9772119522094727
2598,41.776702880859375,4.568361282348633,5.763449192047119,2.0622711181640625,0.0548006147146225,0.07816868275403976,0.6427256464958191
2599,103.24759674072266,5.793558597564697,1.6657097339630127,3.113506555557251,0.034026362001895905,0.032013725489377975,0.7604318261146545
2600,54.35468673706055,10.646891593933105,7.41811990737915,2.7785089015960693,0.08910401165485382,0.1480247676372528,0.88426873087883
2601,44.28412628173828,5.112217426300049,6.517619609832764,2.57084584236145,0.04940938204526901,0.10598534345626831,0.8753345608711243
2602,29.4470272064209,11.152982711791992,8.890192031860352,2.8059191703796387,0.1945396065711975,0.09703314304351807,1.0763460397720337
2603,52.69389343261719,5.194422721862793,5.66543436050415,2.383176326751709,0.06896546483039856,0.08010973781347275,0.8333719968795776
2604,49.48242950439453,10.284931182861328,2.55133056640625,2.0778799057006836,0.18227644264698029,0.049120932817459106,0.6422986090183258
2605,36.634403228759766,5.496274948120117,2.971459150314331,2.7704293727874756,0.08991873264312744,0.03847256302833557,0.8778669536113739
2606,27.99383544921875,7.778571605682373,7.369429588317871,1.5274560451507568,0.08667460829019547,0.09039103984832764,0.5854334533214569
2607,49.798282623291016,12.939359664916992,8.385981559753418,1.9979679584503174,0.07681509852409363,0.12087377905845642,0.7160128653049469
2608,48.88790512084961,3.729816198348999,5.089277744293213,2.455763101577759,0.04439641535282135,0.04566769301891327,0.8056919872760773
2609,33.48194885253906,8.593779563903809,7.848325252532959,1.9519327878952026,0.07859112322330475,0.23789483308792114,0.5673308670520782
2610,27.135574340820312,10.004907608032227,2.452901840209961,2.522913694381714,0.09061743319034576,0.04209665209054947,0.8794827163219452
2611,22.455514907836914,5.94323205947876,1.9907501935958862,2.402176856994629,0.13564440608024597,0.04276023805141449,0.7141686379909515
2612,43.14222717285156,12.527938842773438,7.203752517700195,1.9893689155578613,0.1435145139694214,0.05910900980234146,0.7218307852745056
2613,33.025447845458984,8.977975845336914,2.606083869934082,2.3467586040496826,0.1947782337665558,0.04459188133478165,0.6861932873725891
2614,37.832275390625,10.524062156677246,1.6792314052581787,2.8137810230255127,0.08158797025680542,0.03434143215417862,0.8552504777908325
2615,33.838802337646484,6.462928771972656,5.990185737609863,2.7500762939453125,0.06443993002176285,0.06511574983596802,0.8313550651073456
2616,42.44059371948242,8.564277648925781,3.6646013259887695,2.5982959270477295,0.0659438967704773,0.05798162892460823,1.0236248970031738
2617,50.87965774536133,5.665359973907471,5.941559791564941,2.361647844314575,0.059350624680519104,0.09717145562171936,0.6905500292778015
2618,49.562313079833984,4.062009811401367,3.611506223678589,2.3053293228149414,0.046847566962242126,0.04859670251607895,0.658530205488205
2619,98.237060546875,7.8718743324279785,6.384174823760986,2.8305563926696777,0.0836188793182373,0.05335760861635208,0.9300912320613861
2620,29.76296615600586,4.564651966094971,1.421066403388977,2.6029622554779053,0.06252327561378479,0.02666531130671501,0.7656277120113373
2621,45.413856506347656,5.14803409576416,10.038496017456055,2.400310754776001,0.045148760080337524,0.1450149416923523,0.7657773494720459
2622,40.00509262084961,3.5654382705688477,5.814551830291748,2.028228759765625,0.04233892261981964,0.09275299310684204,0.5668882876634598
2623,40.86833953857422,5.856606960296631,5.625566005706787,2.4380030632019043,0.04641105607151985,0.05823252350091934,0.7934943735599518
2624,32.347251892089844,10.886590003967285,9.025760650634766,2.0656604766845703,0.1980995237827301,0.11432360112667084,0.645298108458519
2625,41.97480773925781,8.863289833068848,4.684743881225586,2.7508292198181152,0.07441291213035583,0.06057991832494736,0.8743507266044617
2626,46.64582443237305,25.164730072021484,3.689556837081909,3.1628825664520264,0.3428315818309784,0.051100894808769226,1.1471686363220215
2627,32.77837371826172,2.8083269596099854,1.374625325202942,3.2105486392974854,0.0461873859167099,0.041733674705028534,1.113757163286209
2628,45.84916687011719,5.248783588409424,5.191427707672119,2.483142852783203,0.06020485982298851,0.07440247386693954,0.758843183517456
2629,50.223079681396484,6.516096115112305,10.38693904876709,1.8637512922286987,0.046032264828681946,0.1630186289548874,0.5728932321071625
2630,47.9886474609375,4.932936191558838,3.199554920196533,2.8969273567199707,0.03813212364912033,0.035701408982276917,0.8461686968803406
2631,87.16688537597656,5.457274913787842,3.886861801147461,2.5299694538116455,0.05280433967709541,0.07181375473737717,0.8219076991081238
2632,27.21644401550293,6.476961135864258,7.096336364746094,2.4257330894470215,0.08862641453742981,0.21327951550483704,0.7720585763454437
2633,111.70032501220703,3.0099575519561768,3.796098470687866,3.024348258972168,0.045217130333185196,0.05137654393911362,0.9597871899604797
2634,41.6235466003418,6.253485202789307,7.47355318069458,2.632107734680176,0.05583814159035683,0.10975749790668488,0.7064479291439056
2635,50.74797439575195,8.601016998291016,2.5611023902893066,2.011512517929077,0.09993159770965576,0.036018006503582,0.6642470359802246
2636,42.72990036010742,12.2434663772583,4.7236151695251465,2.5939295291900635,0.12684103846549988,0.04890529811382294,0.600965678691864
2637,35.14101791381836,3.6344821453094482,5.033857822418213,2.378784656524658,0.02998361736536026,0.055101051926612854,0.6748902797698975
2638,38.939109802246094,11.751200675964355,2.651409149169922,2.308136463165283,0.2065962851047516,0.036107782274484634,0.7631099820137024
2639,22.924230575561523,2.203549861907959,4.265500068664551,2.3907721042633057,0.028725896030664444,0.06294633448123932,0.7363761067390442
2640,30.44623374938965,13.749432563781738,2.9413857460021973,2.8185627460479736,0.14944832026958466,0.03902677446603775,0.9771134853363037
2641,52.29853057861328,10.629203796386719,2.3173880577087402,2.5224609375,0.167287677526474,0.044112615287303925,0.7775770723819733
2642,26.891159057617188,6.684590816497803,5.996764183044434,2.4536139965057373,0.07845538854598999,0.0654168426990509,0.9907552599906921
2643,32.874534606933594,1.565374493598938,7.837495803833008,2.688744068145752,0.035623788833618164,0.053764984011650085,0.877091646194458
2644,48.901084899902344,4.390605449676514,4.768359184265137,2.4910149574279785,0.044269196689128876,0.037191443145275116,0.7554837763309479
2645,38.11145782470703,5.486222743988037,10.727683067321777,2.8748621940612793,0.07160117477178574,0.25360795855522156,0.8511363863945007
2646,41.040767669677734,5.444821357727051,11.563021659851074,2.826231002807617,0.10826557129621506,0.20028401911258698,0.7877051532268524
2647,30.368473052978516,7.80174446105957,5.946986198425293,2.475614070892334,0.13115398585796356,0.06298849731683731,0.7791469395160675
2648,41.631553649902344,5.968516826629639,1.8345273733139038,2.731799840927124,0.08385351300239563,0.03223246708512306,0.7286274135112762
2649,32.7596435546875,9.957304000854492,4.470396995544434,2.7691383361816406,0.22455988824367523,0.044972650706768036,0.9734037220478058
2650,34.283226013183594,11.06328296661377,3.3926799297332764,2.627509117126465,0.07666262984275818,0.04079039767384529,0.8448559939861298
2651,49.45383071899414,4.15843391418457,3.140399694442749,2.7385640144348145,0.03659946843981743,0.04688245803117752,0.8195563554763794
2652,26.584569931030273,10.005192756652832,2.7990334033966064,2.8803210258483887,0.07866325974464417,0.038098275661468506,0.8594934642314911
2653,40.42150115966797,5.558159351348877,4.143643856048584,2.6780481338500977,0.07284571975469589,0.03706192970275879,0.7090353965759277
2654,49.21324157714844,6.405882358551025,4.9582600593566895,2.26212215423584,0.0770982950925827,0.07093663513660431,0.7010786235332489
2655,38.959171295166016,5.228458881378174,7.316599369049072,2.780795097351074,0.039928339421749115,0.0829123929142952,0.7449487149715424
2656,29.759326934814453,4.59829044342041,9.07676887512207,2.019963026046753,0.054745882749557495,0.16523045301437378,0.6886626780033112
2657,45.19814682006836,7.538996696472168,5.6791510581970215,2.25894832611084,0.10905901342630386,0.07294244319200516,0.6097168922424316
2658,36.79863357543945,6.462185859680176,5.781650543212891,2.3195137977600098,0.0417255237698555,0.09349969774484634,0.7340853810310364
2659,46.52135467529297,6.015594959259033,1.6458594799041748,2.578106164932251,0.059325363487005234,0.027076546102762222,0.9044589996337891
2660,30.87919044494629,4.041747093200684,7.278244972229004,2.6433374881744385,0.0363580584526062,0.08046145737171173,0.873508632183075
2661,33.86408615112305,7.403930187225342,6.211567401885986,2.084984064102173,0.11171576380729675,0.09379593282938004,0.6156012415885925
2662,33.1754035949707,4.386910915374756,4.046448230743408,2.4740235805511475,0.03887268900871277,0.047763898968696594,0.7213762998580933
2663,36.01393127441406,19.013004302978516,5.238971710205078,2.4036176204681396,0.22330890595912933,0.09875631332397461,0.6736879944801331
2664,37.00840377807617,6.924709320068359,4.553759574890137,2.411430597305298,0.07926788926124573,0.07289496064186096,0.699456512928009
2665,43.04632568359375,4.696585655212402,4.720313549041748,2.844928503036499,0.071132130920887,0.0402289442718029,0.8942236006259918
2666,29.880128860473633,8.095210075378418,2.6158030033111572,2.5379490852355957,0.09681969881057739,0.039004452526569366,0.8235591650009155
2667,53.27462387084961,8.094243049621582,7.52463436126709,2.4314651489257812,0.11406940221786499,0.05791036784648895,0.6828306019306183
2668,47.184871673583984,8.741619110107422,2.8170669078826904,2.3856160640716553,0.07043839246034622,0.029433855786919594,0.7433445751667023
2669,46.71049118041992,5.5909929275512695,10.131552696228027,2.255601406097412,0.049308933317661285,0.2021164447069168,0.6334030628204346
2670,35.61811828613281,4.632595062255859,3.862323522567749,2.5589370727539062,0.07217752933502197,0.04975687712430954,0.7766032516956329
2671,35.61515426635742,4.317849636077881,6.636939525604248,2.185059070587158,0.04782181233167648,0.061159245669841766,0.7135915458202362
2672,30.71897315979004,7.849724769592285,3.2611491680145264,2.5127124786376953,0.05656442418694496,0.04180138185620308,0.7287859916687012
2673,24.74353790283203,7.104255199432373,2.9212803840637207,2.5291476249694824,0.07371102273464203,0.05853546783328056,0.7201653122901917
2674,25.938154220581055,10.08040714263916,4.1411004066467285,2.5609278678894043,0.189258873462677,0.0777386948466301,0.8359043002128601
2675,36.86647033691406,8.84765911102295,4.464419841766357,3.332578659057617,0.12781310081481934,0.03862251341342926,1.0109522938728333
2676,37.692569732666016,8.467852592468262,5.008800506591797,2.2658638954162598,0.16145195066928864,0.043343331664800644,0.6974644958972931
2677,39.329010009765625,5.764923095703125,3.2976901531219482,2.760382890701294,0.06596393883228302,0.0344683974981308,0.7806706130504608
2678,31.5791015625,6.7487311363220215,3.9324874877929688,2.4372341632843018,0.050128113478422165,0.08984115719795227,0.8022190630435944
2679,25.912691116333008,6.424577713012695,3.302298069000244,2.4085733890533447,0.06035397946834564,0.051578931510448456,0.8505801260471344
2680,32.85868453979492,5.0304765701293945,5.199042797088623,2.2697432041168213,0.055126309394836426,0.10009856522083282,0.6950439214706421
2681,40.045780181884766,2.718136787414551,6.277852535247803,2.4744608402252197,0.038429874926805496,0.09663800895214081,0.8012151718139648
2682,31.85626220703125,16.313358306884766,2.1152265071868896,3.095857620239258,0.224285289645195,0.044318392872810364,0.9509927928447723
2683,33.710227966308594,12.011957168579102,6.864054203033447,2.476569414138794,0.05603273957967758,0.07011960446834564,0.6170211136341095
2684,29.15004539489746,5.164138317108154,3.5796008110046387,1.986396312713623,0.07312770932912827,0.05045032873749733,0.6381264925003052
2685,41.05434036254883,8.617860794067383,4.175514221191406,2.8074934482574463,0.08715499937534332,0.048295825719833374,0.9291586875915527
2686,34.55748748779297,3.0289723873138428,4.5578765869140625,2.2079739570617676,0.032749325037002563,0.07044385373592377,0.6289688050746918
2687,32.16109085083008,2.3276853561401367,6.419938564300537,2.384324789047241,0.04337030276656151,0.07427539676427841,0.8049344122409821
2688,51.207584381103516,10.315569877624512,4.140486240386963,2.2473723888397217,0.0697215348482132,0.07427623122930527,0.632902204990387
2689,38.30426788330078,10.611776351928711,3.3459243774414062,2.5278093814849854,0.15791526436805725,0.029282450675964355,0.9065248370170593
2690,46.63072967529297,7.308037757873535,6.043715953826904,2.401160955429077,0.05307517945766449,0.09390118718147278,0.707754373550415
2691,52.74927520751953,4.774169445037842,7.9706597328186035,2.4274861812591553,0.046958424150943756,0.0684739500284195,0.7097936272621155
2692,60.595130920410156,5.890551567077637,6.262572765350342,2.441833972930908,0.05779750645160675,0.09700994193553925,0.7742074131965637
2693,67.75758361816406,14.723713874816895,4.331913471221924,2.3732848167419434,0.1975741684436798,0.0913492888212204,0.72814080119133
2694,33.8599967956543,10.507529258728027,4.048899173736572,2.3342113494873047,0.0883752629160881,0.05055037885904312,0.7406840622425079
2695,57.943782806396484,7.752328872680664,5.243818283081055,2.1972665786743164,0.07787922024726868,0.08879599720239639,0.7639629542827606
2696,42.256561279296875,6.379787445068359,5.011430263519287,2.4261560440063477,0.09602637588977814,0.07812651991844177,0.88747239112854
2697,64.82334899902344,6.710053443908691,2.766172170639038,2.224452018737793,0.07995539158582687,0.04444839805364609,0.6546346098184586
2698,31.777366638183594,8.856062889099121,6.16680383682251,2.17158842086792,0.12588012218475342,0.057284072041511536,0.6189141869544983
2699,27.965713500976562,9.301712989807129,4.929839134216309,2.225571393966675,0.0782608687877655,0.0702485516667366,0.7867428064346313
2700,26.005176544189453,7.826238632202148,3.5717062950134277,2.3184709548950195,0.15158039331436157,0.06174278259277344,0.7528899610042572
2701,51.27899169921875,6.279533386230469,2.151242256164551,2.572714328765869,0.06286174058914185,0.03594323620200157,0.87514728307724
2702,85.19363403320312,15.4555082321167,6.535987377166748,2.6408610343933105,0.11883662641048431,0.12313716113567352,0.7913511991500854
2703,42.77093505859375,6.767210483551025,6.07149076461792,2.05694580078125,0.1059354841709137,0.14893889427185059,0.66958087682724
2704,30.31132698059082,6.269848346710205,2.4679386615753174,2.6932315826416016,0.09307792782783508,0.040813855826854706,1.1302958130836487
2705,39.44353485107422,10.473088264465332,3.7951552867889404,2.4406538009643555,0.09478078782558441,0.035517022013664246,0.854124516248703
2706,30.286043167114258,7.035069942474365,5.803900718688965,2.1657583713531494,0.09419068694114685,0.07690083980560303,0.8078621327877045
2707,31.47193717956543,7.252382755279541,5.612579822540283,2.72946834564209,0.0570237822830677,0.08645603060722351,0.8698731064796448
2708,46.92053985595703,3.138381004333496,3.7685556411743164,2.4556832313537598,0.03710627555847168,0.051086027175188065,0.7861963510513306
2709,32.90966033935547,8.208601951599121,4.828381538391113,2.4033751487731934,0.06831556558609009,0.07138840854167938,0.7341329157352448
2710,25.848291397094727,3.5436623096466064,8.570364952087402,1.9208236932754517,0.05496441572904587,0.18073917925357819,0.5320273637771606
2711,38.52720642089844,5.0253400802612305,6.108415603637695,2.420393228530884,0.0492059700191021,0.0751340389251709,0.7866615056991577
2712,43.834693908691406,6.689605236053467,2.075249671936035,2.5502333641052246,0.09351067245006561,0.027841294184327126,0.6887568235397339
2713,26.858617782592773,4.558193683624268,4.186408519744873,2.217777729034424,0.04912009835243225,0.06613840907812119,0.6984055638313293
2714,41.279266357421875,5.820889472961426,5.663529396057129,2.337902784347534,0.04274045675992966,0.05697605013847351,0.6508694887161255
2715,45.34394454956055,8.687833786010742,3.3859684467315674,2.09653377532959,0.1115301325917244,0.05202200263738632,0.6695725321769714
2716,50.92552185058594,1.8308932781219482,6.925963401794434,2.08038330078125,0.030007246881723404,0.1483454406261444,0.5219662487506866
2717,40.579917907714844,4.882312297821045,5.741999626159668,2.392906904220581,0.061613380908966064,0.07143966108560562,0.8671274781227112
2718,34.252784729003906,5.359766006469727,5.337240695953369,2.0189602375030518,0.03784385696053505,0.09280115365982056,0.6782746613025665
2719,36.72475814819336,14.67032241821289,6.658989429473877,2.4352054595947266,0.27632951736450195,0.06218114495277405,0.893473893404007
2720,29.703596115112305,4.889065742492676,3.5003879070281982,2.989053249359131,0.0997566506266594,0.06208337843418121,1.2214529514312744
2721,29.847003936767578,5.109079360961914,3.7226274013519287,2.851224184036255,0.04507178068161011,0.04407651722431183,0.8678171038627625
2722,40.468353271484375,4.266689300537109,3.8325648307800293,2.6173431873321533,0.06824240833520889,0.06807668507099152,0.8007375597953796
2723,29.538684844970703,5.136966705322266,4.13267707824707,2.302097797393799,0.06015738099813461,0.07069611549377441,0.7309490442276001
2724,21.911720275878906,5.143423557281494,2.2724506855010986,2.6663107872009277,0.10015808045864105,0.04115211218595505,0.9846120774745941
2725,32.40275192260742,9.474442481994629,5.346357345581055,2.549625873565674,0.17862576246261597,0.13199272751808167,0.7810977101325989
2726,26.263206481933594,9.208381652832031,2.1090235710144043,2.814706563949585,0.10461962968111038,0.03742092102766037,0.9598778784275055
2727,48.02518081665039,14.355968475341797,4.592715740203857,3.1525676250457764,0.12827083468437195,0.07543589174747467,1.0011583268642426
2728,27.6112117767334,6.070938587188721,4.04904842376709,2.561190366744995,0.07701006531715393,0.040010593831539154,0.9108465015888214
2729,35.38240051269531,5.9485979080200195,8.128998756408691,1.8326456546783447,0.05275014787912369,0.20054882764816284,0.6532591283321381
2730,54.411827087402344,5.328054904937744,4.15275239944458,2.8507578372955322,0.054590895771980286,0.05824074149131775,0.8602495789527893
2731,36.54963684082031,5.119661331176758,6.721492767333984,2.695859670639038,0.05037667602300644,0.09921612590551376,0.6483190953731537
2732,41.533199310302734,8.088577270507812,9.050333023071289,2.9394893646240234,0.07733644545078278,0.12805619835853577,0.8384111821651459
2733,37.88093948364258,3.0791242122650146,6.923742771148682,2.248575210571289,0.04766000434756279,0.08503787219524384,0.6159491240978241
2734,25.79180335998535,3.535104990005493,3.22316575050354,2.6020870208740234,0.051842544227838516,0.048782363533973694,0.8089431822299957
2735,40.94541549682617,6.419283866882324,3.5606517791748047,2.6541635990142822,0.06832541525363922,0.03883165121078491,0.7703341245651245
2736,41.47212600708008,15.620376586914062,4.234315872192383,2.797041654586792,0.21846546232700348,0.030951227992773056,0.7395229041576385
2737,28.15576171875,18.192829132080078,6.0672688484191895,2.3971917629241943,0.28443294763565063,0.05600181221961975,0.9137552976608276
2738,50.72133255004883,8.245240211486816,7.226733207702637,2.2691314220428467,0.09372923523187637,0.1257728785276413,0.6032839417457581
2739,32.7810173034668,16.000825881958008,3.2693169116973877,2.1361351013183594,0.10713908821344376,0.04137053340673447,0.6475124359130859
2740,26.42786407470703,4.797044277191162,3.546175241470337,2.391566038131714,0.12427469342947006,0.0403888002038002,0.6951243877410889
2741,41.196659088134766,9.773499488830566,4.094278335571289,3.2086403369903564,0.07763839513063431,0.04863829165697098,0.8884260058403015
2742,40.95167922973633,8.958707809448242,2.117039203643799,2.552129030227661,0.09737170487642288,0.03162192180752754,0.6806440353393555
2743,50.53090286254883,5.500314235687256,7.179142475128174,2.3923282623291016,0.043076470494270325,0.1377989649772644,0.6348710358142853
2744,39.6062126159668,9.088570594787598,1.5646857023239136,2.7114672660827637,0.07182227820158005,0.04785192012786865,0.771474152803421
2745,34.8474006652832,8.007871627807617,2.182697057723999,2.729703187942505,0.10147324204444885,0.038543350994586945,0.949902355670929
2746,49.106605529785156,8.041594505310059,3.4563052654266357,2.7935104370117188,0.11126868426799774,0.033526211977005005,0.6698285937309265
2747,32.69654083251953,6.65613317489624,3.714012622833252,1.9752216339111328,0.0919911116361618,0.05454865097999573,0.6807366609573364
2748,27.28205108642578,5.131113052368164,3.8036844730377197,2.4118621349334717,0.05675147846341133,0.05044253170490265,0.7816730737686157
2749,42.277503967285156,11.811835289001465,4.841789722442627,2.3876261711120605,0.14378339052200317,0.09158428758382797,0.7631579637527466
2750,32.19489669799805,4.436746597290039,2.948570728302002,3.096508502960205,0.0391828790307045,0.03301694244146347,0.9222589731216431
2751,34.85700988769531,5.190526485443115,5.379662990570068,2.3705248832702637,0.03770776838064194,0.05980881303548813,0.6366903781890869
2752,40.585514068603516,9.475812911987305,4.3362836837768555,2.244473457336426,0.0967918336391449,0.0603976845741272,0.7991405129432678
2753,29.091819763183594,6.061086177825928,7.050580978393555,2.2947986125946045,0.09511357545852661,0.09033656865358353,0.9540098607540131
2754,34.246070861816406,4.504117965698242,5.64274263381958,2.519089460372925,0.03415711969137192,0.0884568840265274,0.7819330096244812
2755,62.53746795654297,3.6960391998291016,7.307421684265137,2.1076767444610596,0.0442294180393219,0.12099287658929825,0.691337913274765
2756,33.88031005859375,6.930001258850098,1.8205299377441406,2.9983608722686768,0.12217123061418533,0.03292165696620941,1.0311059951782227
2757,27.680910110473633,12.87195110321045,4.439961910247803,2.6886727809906006,0.10791976004838943,0.06788461655378342,0.9301523566246033
2758,37.912899017333984,3.192246198654175,8.121832847595215,3.3587827682495117,0.03176586329936981,0.08502461016178131,0.7886602878570557
2759,44.778987884521484,8.532048225402832,4.544554233551025,2.4975039958953857,0.13168010115623474,0.040285252034664154,0.8351903855800629
2760,36.90346908569336,10.214903831481934,2.592641830444336,2.529658794403076,0.10159231722354889,0.03247075900435448,0.7070957720279694
2761,35.803218841552734,6.299483299255371,4.954594612121582,1.953038215637207,0.07801124453544617,0.12383919209241867,0.6228856146335602
2762,36.384708404541016,7.313655853271484,4.147845268249512,2.2784340381622314,0.0755610316991806,0.06389882415533066,0.5844324231147766
2763,31.904544830322266,6.119746208190918,4.472775459289551,3.1152243614196777,0.07904611527919769,0.055113017559051514,1.0100765526294708
2764,27.693082809448242,5.652373313903809,3.823326587677002,2.781787395477295,0.0887068584561348,0.04815847426652908,1.0008839666843414
2765,45.71628952026367,7.71088981628418,7.639774799346924,2.8247523307800293,0.15415899455547333,0.08233429491519928,0.8704320788383484
2766,54.4881706237793,18.189411163330078,5.488905906677246,2.35263729095459,0.20899216830730438,0.06703798472881317,0.7372968196868896
2767,42.31304931640625,9.949688911437988,3.1433656215667725,2.364431142807007,0.09562835097312927,0.032844580709934235,0.7217632234096527
2768,38.22502517700195,6.0164947509765625,3.2787795066833496,2.6095380783081055,0.07280920445919037,0.11411812901496887,1.0443525612354279
2769,36.37765121459961,5.620046615600586,4.453784465789795,1.9052455425262451,0.060360461473464966,0.07776480913162231,0.6712552011013031
2770,26.330162048339844,8.650349617004395,5.018332481384277,2.426743268966675,0.0823853462934494,0.07501436769962311,1.0527537167072296
2771,33.30757141113281,8.670361518859863,4.140450954437256,3.4025492668151855,0.06305570155382156,0.03512344881892204,0.9871302247047424
2772,34.64860153198242,3.2681705951690674,2.959197998046875,2.805224895477295,0.03181830793619156,0.038322582840919495,0.8217291235923767
2773,36.383399963378906,6.7455339431762695,4.7009992599487305,2.9955103397369385,0.059856437146663666,0.06591035425662994,1.1961176991462708
2774,47.59817886352539,18.5051212310791,8.925785064697266,2.1749768257141113,0.1806405782699585,0.21755647659301758,0.6963672935962677
2775,48.083370208740234,4.951929569244385,3.685661792755127,2.3244519233703613,0.04811863228678703,0.05324821174144745,0.7723506689071655
2776,30.5985107421875,5.035853862762451,5.527688503265381,2.5492491722106934,0.1149345189332962,0.07622042298316956,0.8073267936706543
2777,36.59047317504883,4.573109149932861,5.583040714263916,2.2776310443878174,0.04885795712471008,0.07160422205924988,0.7113707065582275
2778,40.265140533447266,19.24012565612793,4.723555088043213,2.476775884628296,0.25716662406921387,0.04997266083955765,0.8723443150520325
2779,34.093387603759766,3.930452585220337,2.990306854248047,3.032716989517212,0.05243548005819321,0.0633905827999115,0.941815972328186
2780,28.468284606933594,9.523272514343262,3.230114698410034,2.5861430168151855,0.11594231426715851,0.04605488106608391,1.072284460067749
2781,28.165592193603516,8.469505310058594,3.1689445972442627,2.4870805740356445,0.0893235132098198,0.06226446479558945,0.9456712901592255
2782,38.81645965576172,2.8499598503112793,4.004190921783447,2.92822527885437,0.04792983829975128,0.04150889441370964,0.8992005884647369
2783,37.03703308105469,5.334280967712402,4.814864158630371,2.1965248584747314,0.08218521624803543,0.05778052657842636,0.7517864108085632
2784,46.754974365234375,5.598484516143799,2.299485445022583,2.646878480911255,0.09478972852230072,0.041214995086193085,0.8278126418590546
2785,21.429832458496094,7.57366418838501,4.708477020263672,2.5799546241760254,0.08877641707658768,0.04462142288684845,0.8497461378574371
2786,39.203094482421875,10.5005464553833,1.744910478591919,2.2951619625091553,0.2171476036310196,0.03892608731985092,0.6477604508399963
2787,57.4083137512207,7.494446754455566,3.420952081680298,2.3011720180511475,0.07277211546897888,0.03632551431655884,0.7828552722930908
2788,39.58700180053711,8.01186466217041,2.473769426345825,2.219305992126465,0.06752556562423706,0.05283689498901367,0.7342061102390289
2789,34.897464752197266,6.430501461029053,5.985980987548828,2.4104676246643066,0.0678085908293724,0.07729361951351166,0.9007318317890167
2790,30.58384132385254,10.417230606079102,3.0901474952697754,2.1045360565185547,0.12043669074773788,0.05759391933679581,0.7441079020500183
2791,31.251737594604492,4.247255802154541,3.7128002643585205,2.6373181343078613,0.040011025965213776,0.03806097060441971,0.7827078700065613
2792,25.07929229736328,5.6158952713012695,4.716894626617432,3.202766180038452,0.0517849326133728,0.04216393455862999,1.0514550805091858
2793,42.01504135131836,9.118268966674805,2.943464994430542,2.7131762504577637,0.20894181728363037,0.058072544634342194,0.9550198018550873
2794,46.83384704589844,10.764570236206055,2.0246164798736572,2.3609039783477783,0.14519228041172028,0.04038746654987335,0.7160775065422058
2795,50.32856750488281,8.072545051574707,2.6053762435913086,2.247282028198242,0.09665384888648987,0.03333889693021774,0.569460928440094
2796,25.184791564941406,8.799927711486816,5.078246116638184,2.575584650039673,0.12885551154613495,0.05144330859184265,0.8158602118492126
2797,71.71917724609375,9.044135093688965,3.7720155715942383,3.7871150970458984,0.08190131187438965,0.038711611181497574,1.6625814139842987
2798,32.49191665649414,6.37333345413208,3.5820279121398926,2.9227850437164307,0.07854726910591125,0.05238965153694153,0.9643825590610504
2799,44.644439697265625,9.722618103027344,4.6010212898254395,2.6811540126800537,0.09503959864377975,0.10306911170482635,0.6793070435523987
2800,51.96979904174805,9.114391326904297,8.563287734985352,2.1180098056793213,0.08584443479776382,0.094856396317482,0.6516925990581512
2801,35.209510803222656,3.7315940856933594,4.696215629577637,2.7549684047698975,0.06517310440540314,0.05603957176208496,1.0559150278568268
2802,37.46492385864258,4.808767318725586,4.641919136047363,2.17240309715271,0.05069762468338013,0.06457288563251495,0.6368981301784515
2803,36.006507873535156,3.172833204269409,3.8372392654418945,2.5764007568359375,0.05576110631227493,0.0926588922739029,0.734908252954483
2804,38.094520568847656,9.919137954711914,2.8878791332244873,2.927417039871216,0.13288073241710663,0.02977248653769493,1.1009404361248016
2805,59.365966796875,3.132354497909546,2.9432730674743652,2.2688770294189453,0.03432989865541458,0.027186250314116478,0.6644286513328552
2806,47.224361419677734,6.6836419105529785,7.396617412567139,2.5188238620758057,0.06432121992111206,0.05471864715218544,0.6631415784358978
2807,34.61868667602539,6.457077980041504,4.6991963386535645,2.974689245223999,0.1064508855342865,0.050961125642061234,0.8550529479980469
2808,40.29982376098633,7.589717864990234,4.2053399085998535,2.4285030364990234,0.07071830332279205,0.053821861743927,0.8606789112091064
2809,32.827003479003906,4.136745452880859,5.10587739944458,2.689974784851074,0.05278966203331947,0.13262897729873657,0.8738824129104614
2810,22.945724487304688,11.650066375732422,2.5937650203704834,2.9219138622283936,0.1071832999587059,0.042650915682315826,0.8825857043266296
2811,28.996070861816406,5.238662242889404,9.51302433013916,1.922415852546692,0.0984141081571579,0.15917515754699707,0.6026252210140228
2812,26.24077033996582,6.927057266235352,5.4596686363220215,2.3841371536254883,0.06553386896848679,0.061065465211868286,0.8538216352462769
2813,24.411401748657227,4.766210079193115,6.603922367095947,2.2510478496551514,0.03964630514383316,0.08266463875770569,0.6610749661922455
2814,24.582408905029297,2.992633104324341,3.139246940612793,2.5610907077789307,0.03866653889417648,0.046000540256500244,0.8210463523864746
2815,55.758705139160156,23.617591857910156,3.8369972705841064,2.799076557159424,0.15463529527187347,0.04909634590148926,0.803898960351944
2816,28.509103775024414,7.043913841247559,7.323081970214844,2.5577750205993652,0.05297454819083214,0.17862197756767273,0.7832872569561005
2817,47.6859016418457,2.571665048599243,4.959809303283691,2.701923370361328,0.03548713028430939,0.05450083315372467,1.0802206993103027
2818,46.214271545410156,8.464930534362793,2.19702410697937,2.497526168823242,0.06158982962369919,0.04910743981599808,0.8878512978553772
2819,22.946035385131836,7.154584884643555,2.651393413543701,2.821075916290283,0.10414382070302963,0.04436548426747322,1.1696640253067017
2820,35.63570785522461,3.1075212955474854,3.100696086883545,2.2106456756591797,0.02915971912443638,0.039109401404857635,0.8250447511672974
2821,36.22397232055664,13.6277494430542,4.972245216369629,2.2105259895324707,0.19871671497821808,0.048961371183395386,0.6490274965763092
2822,27.188554763793945,8.40678882598877,5.006897926330566,2.189544916152954,0.12470553070306778,0.0625293031334877,0.7349523305892944
2823,31.733388900756836,7.207448959350586,3.860664129257202,2.790097951889038,0.09910042583942413,0.03867752104997635,0.7866802215576172
2824,43.65965270996094,5.759110450744629,3.4525163173675537,2.959580898284912,0.07800927758216858,0.04975493997335434,0.9457171559333801
2825,32.826568603515625,5.736761569976807,3.7383201122283936,2.404008626937866,0.08140328526496887,0.08102783560752869,0.7532761693000793
2826,26.11182403564453,5.9002814292907715,3.935793876647949,2.8656985759735107,0.053307779133319855,0.033045344054698944,0.8669649064540863
2827,66.48794555664062,13.103936195373535,12.573206901550293,1.909021019935608,0.13594254851341248,0.17873874306678772,0.7125217616558075
2828,55.07856750488281,8.794448852539062,4.365063667297363,3.0775086879730225,0.10136015713214874,0.05087386071681976,0.964483380317688
2829,41.6591682434082,7.506322383880615,4.332379341125488,3.406018018722534,0.08261457085609436,0.051349956542253494,0.9091683030128479
2830,35.05712127685547,7.601321697235107,4.9906206130981445,2.6408984661102295,0.0741659551858902,0.05468403548002243,0.7653590142726898
2831,24.604183197021484,7.0399980545043945,4.28577995300293,2.9835047721862793,0.11531274020671844,0.045206114649772644,1.002550631761551
2832,28.615314483642578,9.109893798828125,5.286587238311768,2.3061723709106445,0.10552724450826645,0.08470854163169861,0.7718485593795776
2833,26.33592987060547,9.480281829833984,7.427505970001221,2.1161701679229736,0.09952661395072937,0.09548070281744003,0.7398476600646973
2834,39.53165817260742,9.026934623718262,2.2995259761810303,2.3198399543762207,0.061446718871593475,0.03904768079519272,0.7239376902580261
2835,79.8563461303711,6.251064300537109,2.4413506984710693,2.3846848011016846,0.05661206692457199,0.03191279619932175,0.835706353187561
2836,25.32959747314453,8.281598091125488,8.975801467895508,2.4323720932006836,0.0984390377998352,0.08115828782320023,0.7654013335704803
2837,40.08696365356445,4.689357280731201,5.3509063720703125,2.6289761066436768,0.05546928197145462,0.06694663316011429,0.8133676946163177
2838,50.285011291503906,7.500735759735107,3.703972816467285,2.2216029167175293,0.13463419675827026,0.05116252601146698,0.8411962389945984
2839,22.751710891723633,5.825518608093262,4.841853618621826,2.2716708183288574,0.04522746056318283,0.10338663309812546,0.862632155418396
2840,36.107704162597656,8.924348831176758,4.593095779418945,2.078183889389038,0.13115963339805603,0.05323988199234009,0.7585841119289398
2841,32.67924118041992,3.980905771255493,3.8864169120788574,2.6592671871185303,0.05027550458908081,0.044434528797864914,0.8902452886104584
2842,28.634998321533203,18.399986267089844,5.959214687347412,2.1713666915893555,0.17834550142288208,0.15874774754047394,0.664410799741745
2843,27.91876792907715,5.914617538452148,3.9776077270507812,2.480269432067871,0.15467356145381927,0.06768582761287689,0.6716560125350952
2844,30.902917861938477,6.638900279998779,3.783855676651001,2.2820985317230225,0.07054603099822998,0.0378611758351326,0.8194651305675507
2845,51.90745162963867,13.828190803527832,3.662358283996582,4.080413341522217,0.1309213638305664,0.05444440245628357,1.2052228450775146
2846,32.409305572509766,10.173868179321289,3.0203444957733154,2.1460890769958496,0.1136484295129776,0.044766176491975784,0.7043685913085938
2847,26.730030059814453,11.341206550598145,6.125001430511475,2.027261734008789,0.16132181882858276,0.09347064793109894,0.7659289240837097
2848,45.1685905456543,5.431180953979492,3.7647485733032227,2.609743356704712,0.050864093005657196,0.05504581332206726,0.7765152752399445
2849,32.06511688232422,7.754184722900391,2.565991163253784,2.8007776737213135,0.08276934921741486,0.04097188264131546,0.8349449336528778
2850,40.595558166503906,3.185073137283325,6.0354743003845215,2.0397160053253174,0.05369357019662857,0.08973610401153564,0.6779447495937347
2851,28.935264587402344,5.5227742195129395,2.7573392391204834,2.444828510284424,0.05892529338598251,0.035570964217185974,0.7510614395141602
2852,46.9367561340332,10.672724723815918,5.4900922775268555,2.259521722793579,0.16262996196746826,0.07067287713289261,0.6567030251026154
2853,42.23099136352539,5.637544631958008,8.36900520324707,2.332146644592285,0.0492386594414711,0.09857209771871567,0.7904887497425079
2854,35.713863372802734,7.324473857879639,5.189801216125488,2.2809576988220215,0.11129042506217957,0.07771258056163788,0.7882760167121887
2855,26.185083389282227,9.022247314453125,2.2126922607421875,2.9320740699768066,0.1295415610074997,0.03617535158991814,1.05959552526474
2856,52.97730255126953,12.6399564743042,2.7086544036865234,2.5399508476257324,0.12536266446113586,0.045961327850818634,0.9263473749160767
2857,54.74116516113281,8.336433410644531,5.089107036590576,2.6216964721679688,0.06889643520116806,0.0942840576171875,0.8712103366851807
2858,35.30606460571289,8.905486106872559,2.7317254543304443,2.8109066486358643,0.07393693923950195,0.03857118636369705,1.0086558759212494
2859,38.68600082397461,5.439437389373779,4.626848220825195,2.902714729309082,0.0562996044754982,0.0741088017821312,1.1242713928222656
2860,34.878089904785156,5.591299533843994,8.541685104370117,2.0335991382598877,0.07404229044914246,0.15527021884918213,0.6033982336521149
2861,36.774940490722656,8.172758102416992,1.9825658798217773,2.520263433456421,0.07958002388477325,0.03122890740633011,0.8241811096668243
2862,42.93739700317383,20.486270904541016,4.514669895172119,2.6847617626190186,0.11021268367767334,0.05317975580692291,0.7566555738449097
2863,26.175851821899414,4.820285797119141,2.6596970558166504,2.9229538440704346,0.07757219672203064,0.03283601254224777,0.9489717781543732
2864,38.565940856933594,6.487050533294678,3.1264777183532715,2.7081098556518555,0.07714979350566864,0.043978333473205566,0.8814715147018433
2865,232.9124755859375,6.9372639656066895,4.444345951080322,2.293455123901367,0.0802125558257103,0.05657532811164856,0.6202535033226013
2866,35.67808532714844,8.118127822875977,5.763880252838135,1.794123649597168,0.1762193739414215,0.16888727247714996,0.5949690937995911
2867,55.478824615478516,2.8225231170654297,6.750669956207275,2.90444016456604,0.03797774389386177,0.05667242035269737,0.8712876737117767
2868,26.338964462280273,10.181916236877441,3.628849983215332,2.6464710235595703,0.13535140454769135,0.0344119556248188,0.886670708656311
2869,51.0375862121582,9.720685005187988,2.262662172317505,3.073859453201294,0.11049453169107437,0.03867553547024727,1.0731038451194763
2870,40.43639373779297,6.739616870880127,4.781966686248779,2.053501844406128,0.09824271500110626,0.03913724794983864,0.5668736398220062
2871,44.86261749267578,11.940018653869629,8.265438079833984,2.1861960887908936,0.12626026570796967,0.14777572453022003,0.6494759023189545
2872,26.891183853149414,5.766942501068115,5.996665954589844,2.263275384902954,0.08306652307510376,0.09395133703947067,0.5869545340538025
2873,30.35976219177246,2.129990816116333,4.355310916900635,2.682065963745117,0.044266313314437866,0.08882037550210953,0.804792582988739
2874,34.33258819580078,4.5788044929504395,4.048077583312988,2.751797914505005,0.06238500028848648,0.04908231645822525,0.9914419054985046
2875,56.11112594604492,5.188819408416748,4.356307506561279,2.4155097007751465,0.06568118929862976,0.04199400171637535,0.6644607782363892
2876,39.49958419799805,7.591898441314697,8.073440551757812,2.3141348361968994,0.07464934140443802,0.09146767854690552,0.7571742534637451
2877,46.570648193359375,6.745519638061523,7.970309734344482,2.303168296813965,0.06164253130555153,0.10606590658426285,0.8190545737743378
2878,32.64173889160156,7.122303009033203,5.335248947143555,2.2247934341430664,0.09123064577579498,0.07597380876541138,0.731974184513092
2879,50.33235168457031,11.951093673706055,2.8451807498931885,1.388308048248291,0.11060889065265656,0.041511278599500656,0.5549985468387604
2880,36.97884750366211,17.347820281982422,2.8077609539031982,2.6110999584198,0.267496258020401,0.04393036291003227,0.7636506855487823
2881,26.098651885986328,11.438340187072754,2.3476603031158447,1.5379867553710938,0.08268219232559204,0.03304441273212433,0.7545004487037659
2882,27.640987396240234,9.573526382446289,6.351612091064453,1.9595824480056763,0.055566247552633286,0.15297022461891174,0.5975871384143829
2883,19.33133316040039,7.690939903259277,5.659154891967773,2.929053544998169,0.1286730319261551,0.11034411191940308,1.2677415013313293
2884,31.24886703491211,6.090411186218262,4.690421104431152,2.8083348274230957,0.07944926619529724,0.05223626270890236,1.1023122370243073
2885,37.52051544189453,7.583280086517334,4.75998592376709,2.3505349159240723,0.07731666415929794,0.09888382256031036,0.6365348696708679
2886,44.14395523071289,4.160294055938721,4.355915069580078,2.347769021987915,0.04916195571422577,0.051286015659570694,0.6440788209438324
2887,33.659523010253906,6.609961032867432,4.543212890625,2.4267470836639404,0.093967005610466,0.07099118083715439,0.760726273059845
2888,32.69390106201172,3.844174385070801,5.354073524475098,2.0605826377868652,0.05477367341518402,0.07444696128368378,0.7011123895645142
2889,40.87138748168945,12.12285041809082,2.7006800174713135,2.8048207759857178,0.1171925738453865,0.032468173652887344,0.9727873206138611
2890,33.5427360534668,4.06187629699707,5.563220024108887,2.1706128120422363,0.05069226771593094,0.054041169583797455,0.7028303444385529
2891,33.65568161010742,6.351720333099365,3.208615303039551,2.348121166229248,0.07672514021396637,0.05021277442574501,0.7967524230480194
2892,25.146522521972656,6.994341850280762,3.376495122909546,2.4966344833374023,0.0984184592962265,0.04688401520252228,0.8007048070430756
2893,37.82857131958008,15.793190956115723,6.609404563903809,2.1525466442108154,0.2970568537712097,0.09751199185848236,0.6276778876781464
2894,30.348478317260742,5.095337867736816,5.1642584800720215,2.5202720165252686,0.04963776469230652,0.05226953327655792,0.8820531666278839
2895,31.158267974853516,5.040040493011475,2.6319010257720947,2.6463820934295654,0.06508682668209076,0.04119428992271423,0.8198760747909546
2896,21.571794509887695,5.725200176239014,6.143049240112305,2.1978375911712646,0.1214689388871193,0.06835740059614182,0.912683367729187
2897,28.690601348876953,3.8769710063934326,11.748017311096191,2.2738242149353027,0.06505212932825089,0.38403037190437317,0.646875262260437
2898,42.8100700378418,7.686507225036621,7.947656154632568,2.6422476768493652,0.13997337222099304,0.13165095448493958,0.7395205795764923
2899,52.01721954345703,5.193522930145264,6.860789775848389,2.513847589492798,0.07896968722343445,0.09238860011100769,0.8049322068691254
2900,19.71196174621582,6.041232585906982,1.7672359943389893,3.2448174953460693,0.11881020665168762,0.04237176477909088,1.2609254121780396
2901,31.247791290283203,9.733183860778809,5.929218292236328,2.634087085723877,0.13928847014904022,0.055532656610012054,0.8909437656402588
2902,28.603185653686523,7.842592239379883,2.065368175506592,2.605886459350586,0.08217068016529083,0.039856888353824615,0.8746021687984467
2903,26.000659942626953,6.455361366271973,8.315865516662598,2.624028205871582,0.06435438990592957,0.18490208685398102,0.8066954910755157
2904,42.385169982910156,11.07460880279541,11.361687660217285,1.987872838973999,0.10077151656150818,0.07533378154039383,0.5746363699436188
2905,30.660369873046875,14.281328201293945,6.553722381591797,2.326282501220703,0.18028545379638672,0.06225840002298355,0.8526346683502197
2906,36.344947814941406,3.6154825687408447,1.6686514616012573,2.6421501636505127,0.06439948081970215,0.03446416184306145,0.8807937502861023
2907,27.656404495239258,5.034880638122559,5.242435455322266,2.625528335571289,0.05885203927755356,0.057190097868442535,0.9820622801780701
2908,40.837013244628906,8.900604248046875,3.86991548538208,2.546916961669922,0.0837518721818924,0.033399343490600586,0.8227512240409851
2909,34.17194747924805,5.549173355102539,7.447491645812988,2.311302661895752,0.05492750182747841,0.12432364374399185,0.6013612747192383
2910,44.982177734375,6.623527526855469,5.445842742919922,2.4723012447357178,0.10214366018772125,0.06742952764034271,0.6890875399112701
2911,33.2759895324707,7.617798328399658,3.695377826690674,2.2789149284362793,0.09330704808235168,0.03825235739350319,0.7736492156982422
2912,46.0910758972168,8.200247764587402,4.591726779937744,2.5602452754974365,0.1095917671918869,0.061898887157440186,0.9708745777606964
2913,27.226314544677734,8.643171310424805,2.7044289112091064,2.614511251449585,0.08980761468410492,0.0623355396091938,0.9035603702068329
2914,26.945302963256836,6.50810432434082,3.4822323322296143,2.291132688522339,0.06656363606452942,0.04413020238280296,0.8727335035800934
2915,44.79762268066406,12.414602279663086,3.653921365737915,2.1057608127593994,0.10197784006595612,0.04664772003889084,0.6485237181186676
2916,26.117069244384766,6.897467136383057,3.0102975368499756,2.5798959732055664,0.052363812923431396,0.04216130077838898,0.9618133902549744
2917,38.787818908691406,12.051916122436523,7.084191799163818,1.9882068634033203,0.14582741260528564,0.07519381493330002,0.7093941271305084
2918,21.62730598449707,9.410162925720215,3.9827024936676025,1.8488142490386963,0.0782352164387703,0.05640425533056259,0.7423025071620941
2919,42.82543182373047,4.279961585998535,3.963338613510132,2.565692901611328,0.07671985030174255,0.0441112294793129,0.8443617820739746
2920,28.883108139038086,10.858428955078125,6.182115077972412,2.661815643310547,0.08460898697376251,0.07479851692914963,0.8591193556785583
2921,28.748443603515625,12.492071151733398,4.9444899559021,2.809243679046631,0.16381840407848358,0.06511373817920685,0.9935643076896667
2922,40.504638671875,3.800774335861206,3.8238797187805176,2.463794469833374,0.0790046751499176,0.05726597458124161,0.7136749625205994
2923,32.68006134033203,7.1378984451293945,6.118419170379639,2.0249602794647217,0.13674622774124146,0.083855539560318,0.6225627362728119
2924,55.07708740234375,10.830010414123535,4.623302459716797,2.421496629714966,0.12197316437959671,0.07494427263736725,0.6547340452671051
2925,39.956024169921875,7.472376823425293,2.6479947566986084,2.666271924972534,0.09487983584403992,0.03800436854362488,0.8657524585723877
2926,29.400165557861328,7.231231212615967,5.790907382965088,2.5521864891052246,0.13267135620117188,0.050365712493658066,0.8229140341281891
2927,37.39949035644531,14.087693214416504,4.053959846496582,1.828713059425354,0.12893854081630707,0.05190155655145645,0.6233015954494476
2928,32.82421112060547,9.336745262145996,5.772512912750244,2.033919095993042,0.10703419148921967,0.07663200050592422,0.6162265241146088
2929,36.20987319946289,6.525239944458008,4.517763614654541,2.8561553955078125,0.0555669441819191,0.05026858299970627,0.8968795239925385
2930,30.466821670532227,7.279749870300293,3.8676159381866455,2.20565128326416,0.08470217138528824,0.055503591895103455,0.7548661231994629
2931,26.762310028076172,8.94820499420166,4.1039557456970215,2.4289212226867676,0.14760085940361023,0.05725516006350517,0.8647286891937256
2932,30.127500534057617,6.088108062744141,4.955739974975586,2.6055715084075928,0.11238232254981995,0.0580248087644577,0.9895130395889282
2933,31.976797103881836,5.795848846435547,28.393102645874023,2.3947372436523438,0.07019266486167908,0.2682752013206482,0.8889575600624084
2934,45.44898986816406,5.3069281578063965,1.674466609954834,2.5865957736968994,0.046907689422369,0.027424778789281845,0.6911909282207489
2935,35.01975631713867,4.193455696105957,4.6939544677734375,2.2519664764404297,0.052851397544145584,0.04829491674900055,0.6775908470153809
2936,36.83730697631836,13.409890174865723,3.1759960651397705,2.4867818355560303,0.19062292575836182,0.038137927651405334,0.7031611204147339
2937,32.1633186340332,8.392481803894043,12.765801429748535,2.60414981842041,0.12851814925670624,0.11588440835475922,0.7830384969711304
2938,40.2440299987793,10.40060043334961,3.920321226119995,2.3298444747924805,0.0966610535979271,0.06155258044600487,0.7212742567062378
2939,34.54500961303711,7.1484222412109375,3.286501169204712,2.7611520290374756,0.10323038697242737,0.041874177753925323,1.0243483185768127
2940,52.95252227783203,8.478776931762695,5.085355758666992,3.360017776489258,0.13850124180316925,0.047225624322891235,0.8855339586734772
2941,36.20081329345703,14.971613883972168,3.689558506011963,2.276369571685791,0.08297625929117203,0.03940696269273758,0.7145332992076874
2942,36.12627410888672,5.772481441497803,7.952415943145752,2.059844493865967,0.04966706037521362,0.134118914604187,0.6986435949802399
2943,66.19496154785156,7.77163028717041,2.339231491088867,2.1768836975097656,0.05238679423928261,0.032911673188209534,0.5914680659770966
2944,29.793479919433594,6.838123321533203,6.946843147277832,2.9959933757781982,0.07699422538280487,0.10849329829216003,0.9365871548652649
2945,31.01754379272461,12.313385009765625,4.207605838775635,2.371713399887085,0.14815327525138855,0.036999527364969254,0.8115583956241608
2946,24.876869201660156,10.435420036315918,2.8492767810821533,2.4414658546447754,0.12494660168886185,0.06117852032184601,0.749191015958786
2947,42.95457077026367,12.531286239624023,2.6561636924743652,2.558699131011963,0.17236210405826569,0.040949754416942596,0.8392938673496246
2948,44.1699104309082,8.896064758300781,3.7011559009552,2.7449357509613037,0.08322198688983917,0.050602253526449203,0.9038549661636353
2949,42.819339752197266,10.618809700012207,8.041141510009766,2.2269928455352783,0.09564541280269623,0.28824448585510254,0.6746309697628021
2950,48.14291000366211,2.8102974891662598,5.7513251304626465,2.939478874206543,0.043050870299339294,0.07234984636306763,0.7375443577766418
2951,36.102046966552734,16.482271194458008,8.71916675567627,2.796830177307129,0.1424899846315384,0.07288436591625214,1.1436565220355988
2952,28.861480712890625,12.638803482055664,10.168479919433594,2.482128381729126,0.13968639075756073,0.08680461347103119,0.885211318731308
2953,69.7969970703125,4.2942399978637695,6.845015048980713,1.8377842903137207,0.043044526129961014,0.07895003259181976,0.5996858775615692
2954,43.7374267578125,3.0826416015625,3.389767646789551,2.2306032180786133,0.05378994718194008,0.04720678552985191,0.7498827576637268
2955,44.888427734375,5.384993553161621,2.2590959072113037,2.2554876804351807,0.06744971126317978,0.031113531440496445,0.6773202121257782
2956,34.13103103637695,10.486613273620605,4.410838603973389,2.296323776245117,0.14844156801700592,0.05295675992965698,0.7495664656162262
2957,27.835111618041992,13.13979434967041,3.810765266418457,2.563689947128296,0.12084712088108063,0.045689113438129425,0.9883364737033844
2958,37.34103775024414,5.490334510803223,4.692203044891357,2.1186435222625732,0.07483333349227905,0.08543006330728531,0.6081042885780334
2959,34.58027648925781,2.333250045776367,3.1403136253356934,2.7755963802337646,0.037249594926834106,0.05179772898554802,0.8915842771530151
2960,29.364728927612305,7.3696136474609375,4.030378818511963,3.0778863430023193,0.08669470995664597,0.051693253219127655,0.9628976881504059
2961,36.597408294677734,4.667913913726807,2.7921972274780273,2.5387609004974365,0.05176737159490585,0.03499399870634079,0.8058731853961945
2962,25.60468292236328,8.572125434875488,11.221090316772461,2.9678895473480225,0.10167258977890015,0.24032382667064667,1.080478310585022
2963,42.46611022949219,9.711699485778809,4.705440521240234,2.584251880645752,0.15028467774391174,0.05423697084188461,0.8806096315383911
2964,32.562931060791016,7.801782131195068,10.425139427185059,2.143367290496826,0.10004743933677673,0.17055678367614746,0.6408492922782898
2965,26.6379451751709,4.7953386306762695,2.8811943531036377,3.0933732986450195,0.04712740331888199,0.03682557865977287,1.0100627839565277
2966,36.440452575683594,4.015172958374023,3.7555947303771973,2.512559413909912,0.04968027025461197,0.06253843009471893,0.8624934554100037
2967,27.081012725830078,3.669795036315918,3.105814218521118,2.612072706222534,0.05313346907496452,0.04915696382522583,0.7703249752521515
2968,41.76778030395508,1.923145055770874,2.6328089237213135,2.6520328521728516,0.025037046521902084,0.03669910132884979,0.7349471747875214
2969,47.27174758911133,5.983825206756592,3.9360668659210205,2.4835169315338135,0.08654378354549408,0.046150676906108856,0.8216392397880554
2970,34.43101501464844,7.7605881690979,3.9249842166900635,2.2265589237213135,0.11490826308727264,0.08084596693515778,0.7488821446895599
2971,40.6470947265625,7.964613914489746,6.6317830085754395,2.202011823654175,0.06227053701877594,0.08276619762182236,0.6099302172660828
2972,29.334749221801758,12.818368911743164,2.997777223587036,2.3123881816864014,0.21907839179039001,0.04269421845674515,0.7147776186466217
2973,35.6721305847168,6.817690372467041,6.080785274505615,2.275718927383423,0.06057049334049225,0.0987384170293808,0.6292235851287842
2974,41.64986038208008,6.050631999969482,4.7667436599731445,1.917762041091919,0.07487575709819794,0.06826891005039215,0.6302526593208313
2975,65.05751037597656,8.485010147094727,6.612016677856445,2.285736560821533,0.06077210605144501,0.07336096465587616,0.7208473682403564
2976,53.927711486816406,6.584023475646973,8.832602500915527,2.1482274532318115,0.029716234654188156,0.11191142350435257,0.7801129221916199
2977,36.07699966430664,4.667416095733643,2.095038652420044,2.6651482582092285,0.06737904250621796,0.03197307139635086,0.8486562371253967
2978,44.82862854003906,9.7694091796875,5.425038814544678,2.4103522300720215,0.08247137069702148,0.0660727247595787,0.6498598754405975
2979,36.74470901489258,5.176129341125488,4.597858905792236,1.9534903764724731,0.1156822144985199,0.06380560249090195,0.6161953210830688
2980,41.2528190612793,8.208194732666016,12.076077461242676,1.9443846940994263,0.06223982200026512,0.11553314328193665,0.6336119174957275
2981,32.3969612121582,9.110450744628906,2.2560513019561768,2.7399871349334717,0.07188422232866287,0.04201830178499222,0.90165776014328
2982,38.66028594970703,10.526494026184082,4.486820220947266,2.274122953414917,0.10966440290212631,0.04540041834115982,0.8089200258255005
2983,37.21290969848633,8.996071815490723,2.6323812007904053,2.769819974899292,0.09685854613780975,0.037321995943784714,0.8265025019645691
2984,41.24291229248047,13.778613090515137,8.585151672363281,2.422431707382202,0.1906522512435913,0.08613207936286926,0.7161082923412323
2985,36.72350311279297,3.2782914638519287,3.806598424911499,2.526649236679077,0.06215337663888931,0.06636945903301239,0.8931849598884583
2986,35.76215744018555,4.98848295211792,6.879880905151367,2.393683433532715,0.08151049166917801,0.11191050708293915,0.6655972898006439
2987,28.65074348449707,3.522336483001709,5.802853107452393,2.662278652191162,0.04897422343492508,0.08533012866973877,0.7392480075359344
2988,33.55154800415039,3.958380699157715,7.479251384735107,2.5050859451293945,0.04355514049530029,0.126251220703125,0.802791953086853
2989,32.79631042480469,8.892293930053711,2.697406053543091,2.7197585105895996,0.09507584571838379,0.04401864483952522,0.9706918001174927
2990,36.4705696105957,5.4920430183410645,3.7840301990509033,2.367887020111084,0.062461934983730316,0.058959346264600754,0.7337662875652313
2991,38.68278503417969,14.047272682189941,5.6185503005981445,2.01680588722229,0.12954451143741608,0.09021862596273422,0.6032338738441467
2992,35.471412658691406,3.0379714965820312,6.614426612854004,2.2165675163269043,0.043547943234443665,0.2035243660211563,0.6668696999549866
2993,24.34539222717285,7.145249366760254,5.190484523773193,2.360950231552124,0.08262353390455246,0.07409530878067017,0.8414215445518494
2994,33.35544204711914,3.8324472904205322,7.954406261444092,1.9825109243392944,0.061992425471544266,0.09986154735088348,0.7038339376449585
2995,18.176979064941406,13.771848678588867,5.857259273529053,2.412743330001831,0.37648290395736694,0.056421227753162384,0.8881852030754089
2996,34.52693557739258,5.244743824005127,3.689286231994629,2.170881748199463,0.06807504594326019,0.06020458787679672,0.6495387852191925
2997,26.824678421020508,6.305292129516602,4.925748825073242,1.9068632125854492,0.08648500591516495,0.09085328876972198,0.6479036808013916
2998,34.467777252197266,10.722286224365234,5.564162254333496,2.4738919734954834,0.10085391998291016,0.0740823820233345,0.8304829299449921
2999,25.255075454711914,10.018485069274902,2.1248414516448975,2.695328712463379,0.12747900187969208,0.04732051491737366,1.0039266347885132
3000,39.026405334472656,6.138851642608643,7.841174125671387,2.266836643218994,0.05159352347254753,0.10172779858112335,0.6968904435634613
3001,35.74718475341797,4.121774196624756,4.1239519119262695,2.7009921073913574,0.03694984316825867,0.054481275379657745,0.8280525207519531
3002,26.401546478271484,3.7739007472991943,8.351934432983398,2.1613941192626953,0.06369084119796753,0.1477041095495224,0.6445695459842682
3003,32.02638626098633,3.55684757232666,5.281766891479492,2.6632754802703857,0.0695183053612709,0.07403934001922607,0.9183362722396851
3004,35.84309768676758,8.248285293579102,6.501711368560791,2.3944358825683594,0.07297778874635696,0.06801552325487137,0.8860956728458405
3005,34.962886810302734,10.129683494567871,7.625123500823975,2.3224740028381348,0.0762028843164444,0.11258874833583832,0.7402061820030212
3006,28.42255973815918,9.15239143371582,2.4252521991729736,2.514139175415039,0.11872867494821548,0.041430436074733734,0.8100361227989197
3007,28.001863479614258,4.444894790649414,3.3019657135009766,2.8851349353790283,0.04289519041776657,0.044126950204372406,0.9651708602905273
3008,35.53485870361328,7.750266075134277,4.957259654998779,2.2967376708984375,0.10289813578128815,0.06621704995632172,0.806547075510025
3009,53.4190559387207,7.032405376434326,5.49213171005249,2.281956434249878,0.08404119312763214,0.056036219000816345,0.8222163915634155
3010,32.965328216552734,5.479930400848389,2.566023588180542,2.33902645111084,0.06378095597028732,0.04060301184654236,0.7854861617088318
3011,59.479000091552734,8.360688209533691,2.931236982345581,2.6813549995422363,0.06699692457914352,0.04658252000808716,0.8102715611457825
3012,38.281551361083984,10.164905548095703,3.3813164234161377,2.5341885089874268,0.0909670740365982,0.05119664967060089,0.9548560678958893
3013,31.742197036743164,5.288496017456055,4.447455406188965,2.967337131500244,0.049100056290626526,0.044566117227077484,0.972361147403717
3014,42.05117416381836,4.360660552978516,8.309903144836426,2.457606792449951,0.04994999244809151,0.11226631700992584,0.7566768527030945
3015,39.04231643676758,24.69147491455078,3.513345241546631,2.587874412536621,0.34907880425453186,0.03324070945382118,0.7133537232875824
3016,36.386756896972656,3.1322712898254395,4.093541622161865,2.7266438007354736,0.05083310604095459,0.0753299817442894,0.9704393148422241
3017,35.600494384765625,5.831034183502197,7.181550025939941,2.5177993774414062,0.074244424700737,0.13063862919807434,0.7105795741081238
3018,44.27042007446289,7.035269260406494,3.881110191345215,2.5034215450286865,0.14736387133598328,0.03813008591532707,0.7574386894702911
3019,35.63804626464844,7.808055400848389,6.579910755157471,2.429172992706299,0.06162518262863159,0.10110589116811752,1.0414143204689026
3020,37.473899841308594,6.228176593780518,4.863183975219727,2.2344555854797363,0.07382450252771378,0.06816242635250092,0.6622690260410309
3021,29.7780704498291,9.81569766998291,5.712236404418945,2.2996771335601807,0.10529650747776031,0.055991508066654205,0.6738797128200531
3022,40.053077697753906,6.461830139160156,2.1752185821533203,2.5408694744110107,0.07686182856559753,0.02685626968741417,0.8751487731933594
3023,28.088773727416992,5.325151443481445,3.9856302738189697,2.532900094985962,0.06932306289672852,0.04543366655707359,0.7929429411888123
3024,43.26493835449219,5.297379493713379,6.670243740081787,2.2311670780181885,0.08629748225212097,0.10008358210325241,0.7482012212276459
3025,32.73733901977539,7.444951057434082,4.425564765930176,2.1680338382720947,0.1181611642241478,0.06154978275299072,0.6665587425231934
3026,65.25361633300781,6.657458782196045,11.96580696105957,2.2322609424591064,0.04131677746772766,0.07028022408485413,0.5960885584354401
3027,36.17855453491211,7.484570503234863,6.426791191101074,2.7046315670013428,0.14450787007808685,0.11250849068164825,0.7590968608856201
3028,29.385955810546875,2.512096405029297,5.1357550621032715,2.451617479324341,0.03446439653635025,0.07213100045919418,0.8015566766262054
3029,30.18716049194336,9.781003952026367,2.908522129058838,2.6970160007476807,0.13397425413131714,0.0415518656373024,1.0243151187896729
3030,35.340293884277344,6.897397041320801,5.869173049926758,1.9545578956604004,0.1027471050620079,0.12129874527454376,0.6262739598751068
3031,36.31163024902344,3.7173409461975098,4.619622230529785,2.3582682609558105,0.03245256841182709,0.05632714927196503,0.6980356276035309
3032,48.65388488769531,3.831033706665039,3.849031686782837,2.718604803085327,0.03793100267648697,0.04786800965666771,0.6918294429779053
3033,33.91105270385742,4.1779303550720215,5.6696882247924805,1.9192813634872437,0.061835456639528275,0.10558297485113144,0.6265417188405991
3034,50.63570785522461,6.022665023803711,3.4904911518096924,2.907682418823242,0.07032584398984909,0.04864552989602089,1.0348459482192993
3035,27.50621223449707,7.240140438079834,6.2944416999816895,2.034358263015747,0.13049301505088806,0.08633722364902496,0.5883490741252899
3036,35.254119873046875,9.252429008483887,4.401506423950195,2.3315486907958984,0.08912348747253418,0.04232056438922882,0.7237696647644043
3037,36.259727478027344,10.687230110168457,2.5637142658233643,2.4216551780700684,0.0807146206498146,0.0585918128490448,0.855108380317688
3038,28.88934326171875,8.49338150024414,7.269517421722412,2.3023290634155273,0.14280785620212555,0.054656386375427246,0.668709933757782
3039,27.27912139892578,8.586588859558105,2.760807991027832,2.1601712703704834,0.1548384130001068,0.04107115417718887,0.7166431844234467
3040,41.49348831176758,13.09012222290039,2.765935182571411,2.0577433109283447,0.10209622979164124,0.03633662313222885,0.6072525382041931
3041,27.230138778686523,7.0687127113342285,6.375351428985596,2.744032859802246,0.07669296115636826,0.06664486974477768,0.9974751472473145
3042,41.02817916870117,7.787843227386475,3.7710764408111572,2.8809258937835693,0.07413022220134735,0.04245370998978615,1.0126495957374573
3043,42.802024841308594,6.101637363433838,6.909316539764404,2.3818917274475098,0.07408022880554199,0.06311716139316559,0.7515906393527985
3044,37.397220611572266,2.819348096847534,4.881625175476074,2.5665502548217773,0.03956560045480728,0.07136119902133942,0.6804700493812561
3045,37.58417892456055,1.889661192893982,5.646254539489746,2.4309909343719482,0.030169740319252014,0.08687537908554077,0.7109746336936951
3046,38.03428649902344,14.106300354003906,5.403101444244385,2.568429470062256,0.09749972820281982,0.08040949702262878,0.632213830947876
3047,33.080543518066406,11.736907005310059,4.27293586730957,2.4511961936950684,0.11565689742565155,0.052275583148002625,0.813445657491684
3048,31.469486236572266,7.6034770011901855,3.60079288482666,2.6493330001831055,0.06741317361593246,0.05480162054300308,0.9281116425991058
3049,37.85319137573242,6.1625776290893555,5.7641987800598145,1.9028232097625732,0.06221412122249603,0.13677465915679932,0.5802425444126129
3050,41.14736557006836,4.156567096710205,4.454672813415527,2.239607095718384,0.04872114956378937,0.06277935951948166,0.7841771841049194
3051,37.484073638916016,7.890468120574951,7.857353687286377,3.3486878871917725,0.10338029265403748,0.07851013541221619,0.970235288143158
3052,24.49022674560547,10.688224792480469,4.249006748199463,2.2114198207855225,0.1886603832244873,0.05735144391655922,0.883152961730957
3053,37.248287200927734,9.30138111114502,9.078747749328613,2.553175449371338,0.13952326774597168,0.14895203709602356,0.8768779635429382
3054,47.399574279785156,5.081989765167236,6.0850067138671875,3.0720267295837402,0.08694417029619217,0.0508476123213768,0.9467102885246277
3055,45.94080352783203,4.413210868835449,4.105886459350586,2.372908115386963,0.05519099161028862,0.04796649143099785,0.7271670699119568
3056,40.37242889404297,3.7059335708618164,3.593111515045166,2.7140865325927734,0.0400724858045578,0.06228578835725784,0.9629576206207275
3057,25.452518463134766,4.334880828857422,3.7074391841888428,2.915040969848633,0.059583164751529694,0.062433525919914246,0.9779425859451294
3058,24.978790283203125,8.753849029541016,1.9712603092193604,1.83797025680542,0.1247280091047287,0.031173093244433403,0.655009537935257
3059,30.718708038330078,6.019753932952881,5.411597728729248,2.7906103134155273,0.1493184119462967,0.06128101795911789,0.9328349828720093
3060,35.2033576965332,7.206061363220215,5.535247325897217,2.401491165161133,0.11213456094264984,0.054735276848077774,0.8377395868301392
3061,42.45960998535156,9.330852508544922,9.670598983764648,2.5935263633728027,0.09115680307149887,0.12433642148971558,0.7965382635593414
3062,123.61634063720703,6.545652389526367,6.228028774261475,2.903917074203491,0.04974628984928131,0.14200393855571747,0.7036141753196716
3063,40.27810287475586,2.3580551147460938,2.4552042484283447,2.79410457611084,0.040099531412124634,0.04952799156308174,1.0456794500350952
3064,36.41377639770508,11.018387794494629,2.8588385581970215,2.432068109512329,0.13028950989246368,0.03605683147907257,0.7981350719928741
3065,48.007625579833984,10.369794845581055,5.294679164886475,2.8244218826293945,0.06750838458538055,0.06283837556838989,0.8875076174736023
3066,34.76626205444336,8.5205659866333,7.471564292907715,2.7218105792999268,0.04494690150022507,0.0791696235537529,0.7636571824550629
3067,42.12385940551758,9.86855411529541,1.6860276460647583,2.514356851577759,0.06674650311470032,0.04324677586555481,0.9304039478302002
3068,32.9779052734375,5.679233551025391,3.508526563644409,2.4764444828033447,0.08070608973503113,0.045443616807460785,0.7683261930942535
3069,32.38400650024414,6.175583362579346,2.8158109188079834,2.7119362354278564,0.049747735261917114,0.03135620802640915,0.9609266817569733
3070,36.82149124145508,4.372780799865723,3.2071468830108643,2.5103886127471924,0.0532974936068058,0.03911041095852852,1.0108671486377716
3071,60.45076370239258,3.269472599029541,4.448349475860596,2.3163256645202637,0.03367163985967636,0.08762358874082565,0.6050242781639099
3072,24.591766357421875,7.18154239654541,4.96152400970459,2.1658108234405518,0.06994476169347763,0.048276692628860474,0.7846629619598389
3073,66.314453125,12.870634078979492,4.648791790008545,2.4725663661956787,0.14143329858779907,0.06721074879169464,0.6613649725914001
3074,28.43526268005371,15.862846374511719,6.445728778839111,3.0109219551086426,0.23657701909542084,0.07288101315498352,1.0717251896858215
3075,37.94234848022461,6.76131010055542,7.040653705596924,2.036846160888672,0.06500137597322464,0.18539369106292725,0.6716480553150177
3076,44.73429489135742,12.237560272216797,4.593375205993652,2.719012498855591,0.1492336094379425,0.038625381886959076,0.9393065571784973
3077,36.82981872558594,4.101259708404541,8.435029029846191,2.7257437705993652,0.039755918085575104,0.05997849255800247,0.9761271178722382
3078,28.538557052612305,6.59006404876709,3.753241539001465,2.3730015754699707,0.1017095297574997,0.04459163174033165,0.9409496784210205
3079,34.874481201171875,13.457127571105957,5.2739105224609375,2.2551612854003906,0.2452380210161209,0.08739619702100754,0.7990173399448395
3080,40.34736633300781,10.430912017822266,5.094976902008057,2.3894705772399902,0.06806063652038574,0.0627484992146492,0.9160217344760895
3081,36.34705352783203,10.179044723510742,10.122840881347656,2.04205584526062,0.12161817401647568,0.06950058043003082,0.6448817253112793
3082,28.974668502807617,8.019314765930176,2.8337490558624268,2.123375654220581,0.0756855309009552,0.04415884241461754,0.7269631624221802
3083,40.971683502197266,4.565132141113281,6.8288092613220215,2.2095389366149902,0.04340244084596634,0.13300514221191406,0.683310866355896
3084,44.332698822021484,6.634049415588379,2.429224967956543,2.3140199184417725,0.054531510919332504,0.03981710597872734,0.6821739375591278
3085,33.8663330078125,6.437912940979004,4.521395683288574,2.552111864089966,0.08292460441589355,0.05489476025104523,0.9035773873329163
3086,36.1057014465332,7.778305530548096,3.2816317081451416,2.5206665992736816,0.05410471558570862,0.04454517364501953,0.8490473031997681
3087,36.24796676635742,2.8246026039123535,2.631617307662964,2.3374133110046387,0.03718655928969383,0.04976063221693039,0.6617231369018555
3088,36.61084747314453,5.686038970947266,2.3853564262390137,3.018730401992798,0.06435833126306534,0.03801927715539932,0.8883067667484283
3089,35.681640625,4.38981819152832,4.5468974113464355,2.4316446781158447,0.041420724242925644,0.06846863776445389,0.7581697106361389
3090,34.55527877807617,10.23918342590332,3.6237144470214844,2.360355854034424,0.1434396207332611,0.0742049589753151,0.8585480451583862
3091,28.324811935424805,3.7630085945129395,5.1671929359436035,2.447565793991089,0.07001034915447235,0.12236656993627548,0.8632485866546631
3092,77.5666275024414,7.592440128326416,6.171666622161865,2.779519557952881,0.08044454455375671,0.06938934326171875,0.8892271816730499
3093,47.072059631347656,5.817668437957764,4.596347332000732,1.9872891902923584,0.09182937443256378,0.07597798109054565,0.7489591240882874
3094,35.8254508972168,8.649689674377441,5.512909412384033,2.2893738746643066,0.07672777771949768,0.06256477534770966,0.7182082533836365
3095,50.8309211730957,4.856316566467285,3.078212261199951,2.168060779571533,0.03995337337255478,0.044040076434612274,0.7993147075176239
3096,37.63454818725586,7.994561195373535,4.918447017669678,2.4251887798309326,0.10135295242071152,0.07808361202478409,0.8601880073547363
3097,47.29280090332031,3.1704580783843994,1.4705778360366821,2.7578344345092773,0.035787470638751984,0.02801961451768875,0.7799494862556458
3098,63.9869270324707,10.137450218200684,3.3129773139953613,2.66410493850708,0.11083041876554489,0.055763572454452515,0.7007458806037903
3099,63.24165344238281,3.8708131313323975,4.042654037475586,2.8222484588623047,0.043384939432144165,0.04083208367228508,0.7662182450294495
3100,36.32614517211914,12.418563842773438,5.9796061515808105,2.462897300720215,0.10135945677757263,0.0648590475320816,0.7781163156032562
3101,91.07183837890625,7.073704242706299,6.327295303344727,2.4900548458099365,0.08263391256332397,0.07424100488424301,0.7513506412506104
3102,36.44468688964844,12.482635498046875,4.616528034210205,2.7055184841156006,0.11358632147312164,0.05359778553247452,0.9361723065376282
3103,44.30080032348633,8.29294490814209,6.743721008300781,2.441676378250122,0.06372818350791931,0.08892164379358292,0.7502033710479736
3104,37.40622329711914,4.329436779022217,3.0448946952819824,2.294771909713745,0.05082176625728607,0.06508278846740723,0.7820950150489807
3105,68.64033508300781,3.2725846767425537,3.6025946140289307,2.3556833267211914,0.03489287942647934,0.04441618174314499,0.7767542600631714
3106,35.184471130371094,5.752727508544922,3.7947325706481934,2.8731837272644043,0.04719573259353638,0.0442299023270607,0.8577712774276733
3107,33.66379165649414,8.578240394592285,2.4222474098205566,2.686903953552246,0.10237906873226166,0.04421012103557587,0.804880678653717
3108,42.28726577758789,10.97839641571045,3.9473960399627686,2.260706663131714,0.15355876088142395,0.053594574332237244,0.6412855386734009
3109,35.199363708496094,9.691298484802246,5.371341228485107,2.7759387493133545,0.11635938286781311,0.07994077354669571,0.9132876992225647
3110,33.48835754394531,11.07224178314209,8.222192764282227,2.1828649044036865,0.2530078589916229,0.12086983025074005,0.6741278767585754
3111,24.813873291015625,6.805408477783203,3.9576563835144043,2.5024662017822266,0.09697027504444122,0.07889235764741898,0.787919670343399
3112,50.91712951660156,5.786983013153076,3.8678462505340576,2.3734145164489746,0.05660827457904816,0.07048449665307999,0.7156373262405396
3113,35.076900482177734,5.713647365570068,5.237229347229004,2.652979850769043,0.04544266313314438,0.05905606970191002,0.7484722435474396
3114,27.637672424316406,5.009879112243652,2.6104016304016113,2.6505348682403564,0.09169529378414154,0.03507624566555023,0.8892253041267395
3115,20.052959442138672,7.76193380355835,4.62970495223999,2.582233428955078,0.1833917796611786,0.05497641861438751,0.9586566388607025
3116,50.11979293823242,5.418366432189941,3.586405038833618,2.811206579208374,0.057812921702861786,0.04308893531560898,0.9747732281684875
3117,31.594322204589844,9.909659385681152,8.07575798034668,2.3754682540893555,0.09349162876605988,0.10433757305145264,0.7190574109554291
3118,41.5467643737793,10.237314224243164,7.620197296142578,2.52445387840271,0.1110450029373169,0.0666368305683136,0.7279644012451172
3119,27.54563331604004,6.937389850616455,3.5970358848571777,2.2556488513946533,0.10854415595531464,0.05858577787876129,0.8182733058929443
3120,29.305452346801758,8.923559188842773,5.8017168045043945,1.9633281230926514,0.05570410564541817,0.059686653316020966,0.6384093463420868
3121,26.774023056030273,5.968094825744629,2.286203622817993,2.0489561557769775,0.08192228525876999,0.04363555461168289,0.7348338961601257
3122,24.44914436340332,6.165307998657227,4.5204267501831055,2.169658660888672,0.0665188655257225,0.05345354974269867,0.7153080403804779
3123,34.291748046875,7.722362995147705,3.9332098960876465,2.269735336303711,0.07964181154966354,0.049716826528310776,0.8282355517148972
3124,43.586429595947266,4.56134557723999,7.813586711883545,2.4533214569091797,0.0670078918337822,0.16807687282562256,0.827100545167923
3125,36.325321197509766,6.477189540863037,3.9517085552215576,2.7287888526916504,0.052027300000190735,0.04661524295806885,0.8938899636268616
3126,29.38296890258789,10.212095260620117,3.582109212875366,2.0478105545043945,0.08737259358167648,0.06877633929252625,0.7063312530517578
3127,29.11092185974121,14.844727516174316,5.208229064941406,2.9097774028778076,0.17351917922496796,0.04903670400381088,1.0274727940559387
3128,33.89638900756836,6.048526763916016,2.27571439743042,2.427842617034912,0.07130216062068939,0.03170637786388397,0.7244266271591187
3129,34.15833282470703,4.280730724334717,8.452459335327148,3.2645134925842285,0.05630694702267647,0.10069089382886887,1.1348927915096283
3130,33.45957565307617,7.134212493896484,8.872077941894531,2.4359655380249023,0.06254428625106812,0.09367360174655914,0.7860514223575592
3131,19.074424743652344,6.62937068939209,7.865663528442383,3.0451741218566895,0.07542869448661804,0.11138563603162766,1.2400227189064026
3132,81.89652252197266,4.796061038970947,1.9810630083084106,2.576603889465332,0.05810993164777756,0.03532908111810684,0.7645784914493561
3133,26.36301612854004,3.7569687366485596,6.87965202331543,3.1042442321777344,0.04976043850183487,0.0668579638004303,1.1075035333633423
3134,45.377986907958984,6.4394097328186035,6.188775062561035,2.4427754878997803,0.0769539326429367,0.09352268278598785,0.7945296168327332
3135,61.68667984008789,16.16066551208496,2.3445141315460205,2.7975013256073,0.21465376019477844,0.04351427033543587,0.8747061491012573
3136,53.50335693359375,5.496582984924316,8.539487838745117,2.0904386043548584,0.05838323384523392,0.08649387210607529,0.6554384529590607
3137,60.963016510009766,13.453784942626953,3.7035410404205322,2.357051134109497,0.06048004329204559,0.04064372926950455,0.6716871559619904
3138,40.932437896728516,5.174897193908691,7.151331424713135,2.5709691047668457,0.05412500351667404,0.09076300263404846,0.7420450150966644
3139,45.61991882324219,4.7284135818481445,4.351922988891602,2.276869297027588,0.051776304841041565,0.04404237121343613,0.6089756190776825
3140,35.10429000854492,5.526443958282471,3.3497602939605713,2.2795283794403076,0.05250914394855499,0.057213373482227325,0.7656333148479462
3141,34.266292572021484,2.5464820861816406,7.2342071533203125,2.633652448654175,0.044646844267845154,0.12264527380466461,0.7764388918876648
3142,33.34981918334961,10.548065185546875,3.280471086502075,2.8567755222320557,0.17281362414360046,0.04336082190275192,1.0272378623485565
3143,26.203157424926758,7.635251998901367,3.3045339584350586,2.486356019973755,0.1658805012702942,0.040821924805641174,0.800411581993103
3144,33.238548278808594,8.45787525177002,5.204269886016846,2.4848532676696777,0.11567123979330063,0.053128018975257874,0.7904739379882812
3145,42.258644104003906,9.698782920837402,4.237095832824707,2.449136972427368,0.09284757822751999,0.04403136298060417,0.7677195370197296
3146,67.27515411376953,5.724300861358643,2.610214948654175,2.774167060852051,0.0467965304851532,0.03527155518531799,0.6844077408313751
3147,30.101463317871094,9.015037536621094,5.930150508880615,2.736799716949463,0.12630429863929749,0.05230671167373657,1.0638954043388367
3148,27.41360092163086,10.67697525024414,4.205443859100342,2.2330284118652344,0.10412751138210297,0.08040151000022888,0.7907635867595673
3149,34.912986755371094,10.497228622436523,5.649952411651611,2.229574203491211,0.13592612743377686,0.08042800426483154,0.7367957234382629
3150,39.57868194580078,6.57090950012207,4.352120399475098,2.406975030899048,0.036423005163669586,0.040226422250270844,0.6802634000778198
3151,33.896202087402344,4.553281307220459,2.169968843460083,2.6912989616394043,0.06848064810037613,0.0485750250518322,0.8571843802928925
3152,43.06949996948242,7.000239372253418,8.741843223571777,2.5588204860687256,0.07288876175880432,0.12366881221532822,0.765400767326355
3153,32.54929733276367,6.134435653686523,3.518421173095703,2.6360995769500732,0.060916751623153687,0.040109701454639435,0.787906140089035
3154,42.629486083984375,5.166905403137207,8.107003211975098,2.1870005130767822,0.039119839668273926,0.07494372874498367,0.6423145234584808
3155,31.96986961364746,6.427678108215332,1.2137759923934937,3.0352578163146973,0.05823424458503723,0.03388987481594086,0.9522748589515686
3156,24.221433639526367,7.596920490264893,4.782602787017822,2.6466176509857178,0.07663968950510025,0.04126458615064621,0.877316802740097
3157,41.506324768066406,15.194868087768555,2.06061053276062,2.477656126022339,0.13128653168678284,0.04569303244352341,0.7799316346645355
3158,53.50302505493164,8.32017993927002,3.6858997344970703,2.322777271270752,0.08874113857746124,0.0432513952255249,0.8278361856937408
3159,30.848573684692383,5.31806755065918,5.2869791984558105,2.337359666824341,0.05100873112678528,0.059060096740722656,0.7514486610889435
3160,26.377775192260742,14.583842277526855,6.970619201660156,2.2855072021484375,0.16154780983924866,0.12603239715099335,0.6556176245212555
3161,37.02174377441406,5.2588982582092285,2.8493876457214355,3.2826950550079346,0.10173686593770981,0.04955074191093445,1.050258994102478
3162,35.963138580322266,4.393698692321777,1.793511986732483,2.8586812019348145,0.054059743881225586,0.03435881435871124,1.0408199429512024
3163,41.948158264160156,7.6809234619140625,5.798700332641602,2.409714460372925,0.060027919709682465,0.06750234961509705,0.7597313821315765
3164,42.91621398925781,5.86137056350708,3.9121248722076416,2.5516769886016846,0.040659934282302856,0.06629432737827301,0.6828130781650543
3165,25.593372344970703,8.7284574508667,2.6362786293029785,2.514017343521118,0.08974211663007736,0.04801416024565697,0.7719682157039642
3166,66.79310607910156,10.808321952819824,3.433048725128174,2.541356086730957,0.11181208491325378,0.04725969582796097,0.9598233103752136
3167,33.25394821166992,5.578514099121094,6.959529399871826,2.1055727005004883,0.06686235964298248,0.11087444424629211,0.6330489218235016
3168,37.729557037353516,9.554536819458008,4.328280448913574,2.8293089866638184,0.098680779337883,0.08306607604026794,0.8057439029216766
3169,30.032779693603516,4.832389831542969,4.520883083343506,2.4566221237182617,0.03744810074567795,0.07071851938962936,0.6845687627792358
3170,71.45338439941406,10.959907531738281,2.910148859024048,3.5276007652282715,0.1050623208284378,0.06015775352716446,1.1951273083686829
3171,53.45563888549805,11.050480842590332,6.102054119110107,2.954362630844116,0.13598664104938507,0.05163081735372543,0.9532443284988403
3172,66.91466522216797,20.79755973815918,6.972228050231934,2.111198902130127,0.2516649663448334,0.14487256109714508,0.6911080777645111
3173,37.37514114379883,5.506925582885742,6.0791015625,2.1956989765167236,0.06044669449329376,0.05106810852885246,0.8159838318824768
3174,57.19894790649414,8.9937744140625,5.819265842437744,2.253024101257324,0.11668239533901215,0.05250036343932152,0.6813077330589294
3175,47.5729866027832,8.208316802978516,4.707152843475342,3.1405773162841797,0.15764778852462769,0.051162637770175934,1.2314300239086151
3176,30.97419548034668,9.018293380737305,4.305962085723877,2.4984090328216553,0.08438064157962799,0.07077409327030182,0.8472474217414856
3177,47.79855728149414,7.107795238494873,10.200457572937012,2.7970023155212402,0.07373838126659393,0.25582602620124817,0.7654347717761993
3178,46.05560302734375,8.751500129699707,6.218588829040527,2.618166446685791,0.07355541735887527,0.06189103052020073,0.6846236884593964
3179,26.280614852905273,6.283242702484131,2.954031229019165,2.693209648132324,0.09908663481473923,0.04364670068025589,1.0569497346878052
3180,52.51295471191406,9.540899276733398,7.345118999481201,2.3377840518951416,0.12984058260917664,0.06119439750909805,0.8322838544845581
3181,34.00543212890625,6.73721170425415,7.694333076477051,2.5560710430145264,0.08132043480873108,0.09633708000183105,0.9554644227027893
3182,29.91791534423828,6.434892177581787,4.036334037780762,2.2119529247283936,0.09074799716472626,0.03860915079712868,0.804924339056015
3183,44.27539825439453,10.103758811950684,8.977764129638672,2.405012369155884,0.11971153318881989,0.22890065610408783,0.5572118163108826
3184,41.66604995727539,8.293848037719727,4.144343376159668,2.249584436416626,0.08347956091165543,0.04199384152889252,0.6767637729644775
3185,29.32404136657715,4.472372055053711,3.0774307250976562,2.8273074626922607,0.055456988513469696,0.0327586755156517,0.8108894228935242
3186,41.9424934387207,10.794017791748047,2.672797918319702,2.5447330474853516,0.10160303860902786,0.037407685071229935,0.7332956492900848
3187,27.694377899169922,4.330321311950684,2.8828494548797607,2.7561800479888916,0.036827150732278824,0.04706498235464096,0.9201809763908386
3188,51.74570083618164,7.636826515197754,1.9272549152374268,2.6084213256835938,0.11523298174142838,0.03020339272916317,0.7846449315547943
3189,28.489213943481445,4.599151611328125,3.2852001190185547,3.2155888080596924,0.04783931374549866,0.0371788814663887,0.961495578289032
3190,33.0197639465332,16.225839614868164,7.3918023109436035,2.1898086071014404,0.21211564540863037,0.10719962418079376,0.6425646841526031
3191,48.11467361450195,9.436931610107422,6.259955883026123,2.250823974609375,0.09688059985637665,0.041783325374126434,0.6722146570682526
3192,44.67337417602539,10.893294334411621,2.716747283935547,2.35903000831604,0.07752422243356705,0.03455936163663864,0.9629910588264465
3193,37.779510498046875,5.228297710418701,4.99058723449707,2.101520299911499,0.05028751119971275,0.06950420141220093,0.7358824610710144
3194,60.03172302246094,19.814783096313477,3.0786218643188477,2.42643666267395,0.13709756731987,0.02822526916861534,0.7424512505531311
3195,37.145545959472656,5.226180076599121,4.710496425628662,2.910957098007202,0.06107817590236664,0.05118420720100403,0.701784759759903
3196,34.869205474853516,6.750594139099121,3.2062153816223145,2.808516502380371,0.07495652884244919,0.030782274901866913,0.8068341016769409
3197,49.958187103271484,11.038284301757812,4.324689865112305,3.2750680446624756,0.10658173263072968,0.03641669452190399,0.847610741853714
3198,45.63664627075195,6.406480312347412,6.368710041046143,2.6233062744140625,0.07481248676776886,0.08635815978050232,0.9228854775428772
3199,59.102909088134766,8.66327953338623,2.5167315006256104,2.536982297897339,0.045204050838947296,0.036100465804338455,0.7026009559631348
3200,64.2533187866211,7.36478853225708,7.381657123565674,2.5139827728271484,0.07546679675579071,0.056567348539829254,0.9736388027667999
3201,40.47617721557617,17.530593872070312,4.897346496582031,2.0526294708251953,0.11215806007385254,0.07908498495817184,0.6807139813899994
3202,37.11328887939453,9.075606346130371,1.6580945253372192,2.3389861583709717,0.11441092193126678,0.025750786066055298,0.6457389891147614
3203,28.256473541259766,7.8451337814331055,4.892759799957275,2.71358323097229,0.10211676359176636,0.061629220843315125,0.9706214070320129
3204,50.54710006713867,7.744907379150391,1.8756948709487915,2.649932384490967,0.10741323232650757,0.03070424683392048,0.6786873042583466
3205,46.330116271972656,5.682328224182129,6.660256385803223,2.3295645713806152,0.047655802220106125,0.06704212725162506,0.6562042534351349
3206,33.684043884277344,5.044374465942383,3.5592644214630127,2.151984214782715,0.042236536741256714,0.04799983650445938,0.681972324848175
3207,42.76555252075195,4.653168201446533,5.123630523681641,2.0943193435668945,0.04910924285650253,0.08265979588031769,0.6796630024909973
3208,44.53736114501953,12.698524475097656,8.092183113098145,2.235527992248535,0.12697553634643555,0.12348081916570663,0.6838259100914001
3209,29.71288299560547,9.893010139465332,3.5437052249908447,2.475184440612793,0.12270936369895935,0.06192851811647415,0.7155035436153412
3210,24.8941707611084,5.87326717376709,3.9631564617156982,2.376331329345703,0.12250547111034393,0.056663207709789276,0.8088023960590363
3211,89.5069351196289,10.48529052734375,1.6565755605697632,2.545910358428955,0.1593306064605713,0.04141806811094284,0.7694415748119354
3212,62.7889518737793,8.599639892578125,5.010415077209473,2.291177749633789,0.14732269942760468,0.03442106023430824,0.7266678214073181
3213,30.5333251953125,8.26031494140625,2.8596932888031006,2.615508556365967,0.12151128798723221,0.042788051068782806,0.8141556978225708
3214,27.857160568237305,13.049947738647461,5.455575942993164,2.1809818744659424,0.18810412287712097,0.05009113997220993,0.8057897686958313
3215,31.909515380859375,8.852444648742676,4.667851448059082,2.263624429702759,0.0567590706050396,0.0652073472738266,0.7450932562351227
3216,41.30299377441406,7.4786248207092285,3.9442129135131836,2.34053635597229,0.12367691099643707,0.04325757175683975,0.698861837387085
3217,26.295989990234375,9.061327934265137,14.073138236999512,1.4060391187667847,0.08909386396408081,0.32404738664627075,0.5354233980178833
3218,21.58053970336914,6.670412540435791,8.505215644836426,2.331871509552002,0.08496861159801483,0.06794995069503784,0.8360632061958313
3219,41.444923400878906,6.972827911376953,4.978971004486084,2.4717118740081787,0.11870881170034409,0.05362687259912491,0.7723777890205383
3220,33.89719009399414,6.25115442276001,8.64411735534668,2.5720911026000977,0.05274929851293564,0.11161084473133087,0.8816116452217102
3221,37.248207092285156,10.626832008361816,4.3374247550964355,2.5848424434661865,0.08779631555080414,0.04109363257884979,0.8355120718479156
3222,48.34475326538086,7.390612602233887,5.762973785400391,2.573349714279175,0.08875863254070282,0.07331657409667969,0.9322770833969116
3223,33.288848876953125,8.632776260375977,1.835698127746582,2.7802608013153076,0.07927855849266052,0.032122526317834854,0.8018634617328644
3224,65.45503234863281,6.937863349914551,3.4635722637176514,2.424579381942749,0.06802713871002197,0.04438600689172745,0.7242926359176636
3225,38.675872802734375,7.5993876457214355,7.012360572814941,2.369807720184326,0.05955159664154053,0.1443244367837906,0.7941587269306183
3226,33.510841369628906,5.136806964874268,1.6057860851287842,2.7302050590515137,0.04929081350564957,0.03367125988006592,0.8551082015037537
3227,30.11752700805664,4.302061557769775,2.252174139022827,2.784240961074829,0.05015784502029419,0.034808024764060974,0.9330542683601379
3228,34.881195068359375,6.544430255889893,3.2359657287597656,3.6528306007385254,0.06305673718452454,0.050360605120658875,1.183267593383789
3229,36.21282196044922,6.280701160430908,3.650743246078491,2.7699179649353027,0.04335750639438629,0.03760160878300667,0.8278400599956512
3230,27.865428924560547,14.27706241607666,5.719291687011719,2.20296311378479,0.15027637779712677,0.05968669429421425,0.7687698006629944
3231,48.76653289794922,5.638223171234131,7.389735221862793,2.3329286575317383,0.07070459425449371,0.08986878395080566,0.7009096741676331
3232,39.27585983276367,8.223918914794922,2.886723279953003,2.684094190597534,0.0977514386177063,0.03573291748762131,0.83815136551857
3233,41.63039779663086,7.022148609161377,6.230291843414307,2.4446825981140137,0.06408265978097916,0.10690587759017944,0.6771419644355774
3234,45.39715576171875,10.378060340881348,7.580292701721191,2.938568115234375,0.11333300173282623,0.11331301927566528,0.9566059708595276
3235,37.01268768310547,7.983527183532715,3.841322422027588,2.482217311859131,0.07231520861387253,0.052379902452230453,0.8337150514125824
3236,32.10837173461914,5.758543491363525,3.5406134128570557,2.1115617752075195,0.08468563854694366,0.031292904168367386,0.6542690098285675
3237,38.06642532348633,10.096145629882812,4.545348644256592,2.892291307449341,0.08772280812263489,0.06170757859945297,0.9076271653175354
3238,49.3257942199707,5.984137535095215,5.375522136688232,2.8380391597747803,0.058724045753479004,0.1222272664308548,0.8057265281677246
3239,38.319419860839844,8.39590072631836,4.506989479064941,2.389425754547119,0.08142538368701935,0.06892981380224228,0.8012422621250153
3240,31.583847045898438,7.837821006774902,2.5458221435546875,2.8108043670654297,0.07844321429729462,0.046328525990247726,0.8568565845489502
3241,33.750247955322266,4.274838924407959,7.734057426452637,2.8697547912597656,0.04913534224033356,0.07822348922491074,1.0172104239463806
3242,48.3962516784668,4.477900981903076,8.315267562866211,2.0961055755615234,0.04618658870458603,0.20984207093715668,0.5514220893383026
3243,30.615110397338867,23.065425872802734,4.938182353973389,2.6864585876464844,0.26559361815452576,0.052710507065057755,0.8743211328983307
3244,33.6183967590332,3.874021053314209,4.266598701477051,2.553114175796509,0.04665404185652733,0.05604945495724678,0.8568121790885925
3245,29.144153594970703,7.953335285186768,3.8483164310455322,2.709338665008545,0.10956360399723053,0.05017164722084999,0.777474582195282
3246,38.24951171875,13.595063209533691,4.760892391204834,2.2719805240631104,0.0942206010222435,0.09252944588661194,0.6493324339389801
3247,26.030391693115234,6.899045944213867,5.887902736663818,2.597264289855957,0.12353935837745667,0.06514579802751541,1.0084877610206604
3248,27.4963436126709,8.643423080444336,3.5060529708862305,1.8810045719146729,0.08906130492687225,0.0400007888674736,0.7899901270866394
3249,25.156980514526367,10.151434898376465,4.841768741607666,2.6463706493377686,0.1272331327199936,0.060110509395599365,0.7134779095649719
3250,41.42007064819336,8.738160133361816,8.507491111755371,2.2031617164611816,0.0733964741230011,0.2363201230764389,0.7273809313774109
3251,32.41545486450195,4.398784637451172,2.7787625789642334,3.067690849304199,0.05199062079191208,0.031607210636138916,0.9216345548629761
3252,28.474523544311523,10.784171104431152,6.421775817871094,1.9747440814971924,0.09303436428308487,0.08527364581823349,0.6740368902683258
3253,48.33142852783203,6.926479816436768,6.095989227294922,2.359884262084961,0.06686198711395264,0.07174696028232574,0.7036668956279755
3254,36.990509033203125,7.820590496063232,3.4158742427825928,2.6275992393493652,0.09799790382385254,0.05057508498430252,0.9284621477127075
3255,28.29462242126465,4.145862579345703,4.308619976043701,2.1882498264312744,0.04238176345825195,0.047891996800899506,0.663092315196991
3256,38.811832427978516,10.182097434997559,3.325159788131714,2.679936170578003,0.11756652593612671,0.040929846465587616,0.8323053419589996
3257,42.34911346435547,13.971461296081543,6.481705188751221,2.8856279850006104,0.1328558772802353,0.08953746408224106,0.753307431936264
3258,48.06256103515625,7.854946613311768,3.4051403999328613,2.408146619796753,0.07564544677734375,0.06692260503768921,0.7442180514335632
3259,53.34400177001953,7.473323822021484,3.726773262023926,2.513223171234131,0.08785266429185867,0.04554007947444916,0.7430775165557861
3260,38.55491638183594,9.61652946472168,7.618228435516357,2.1686084270477295,0.13202640414237976,0.07522798329591751,0.7737624049186707
3261,28.22249412536621,8.310615539550781,3.8149821758270264,2.453373908996582,0.08941232413053513,0.06056388467550278,0.8790210783481598
3262,42.816768646240234,7.961727142333984,5.472004413604736,2.095047950744629,0.10167593508958817,0.05845506861805916,0.6906721591949463
3263,43.1611213684082,18.792526245117188,2.829307794570923,2.486994504928589,0.08056339621543884,0.043655991554260254,0.8753541111946106
3264,26.952224731445312,13.439409255981445,6.591903209686279,2.050363779067993,0.28804323077201843,0.10291247814893723,0.6510468572378159
3265,33.3343620300293,8.184073448181152,5.601513385772705,2.00946307182312,0.14389662444591522,0.07173177599906921,0.741843968629837
3266,31.67224884033203,5.2158942222595215,9.052959442138672,2.765996217727661,0.07644080370664597,0.11376798152923584,0.8136343061923981
3267,32.44724655151367,6.285505771636963,6.549096584320068,2.133702516555786,0.1145515963435173,0.13887934386730194,0.6533559858798981
3268,22.583271026611328,16.969783782958984,4.820164680480957,1.8658825159072876,0.12090114504098892,0.0823504775762558,0.7391060888767242
3269,25.461151123046875,12.500423431396484,5.415196418762207,3.0206592082977295,0.08819302916526794,0.06686533987522125,1.1948512196540833
3270,24.172975540161133,4.002391338348389,2.2951347827911377,2.1939804553985596,0.030515111982822418,0.03272435441613197,0.7858630120754242
3271,26.343975067138672,2.7795426845550537,1.721804141998291,2.7526538372039795,0.03436434268951416,0.03541664034128189,0.8824004530906677
3272,30.738725662231445,9.08029556274414,5.517378330230713,2.1550207138061523,0.10137178003787994,0.09288886934518814,0.5809715390205383
3273,26.807987213134766,7.412192344665527,4.681473731994629,2.225980281829834,0.10102002322673798,0.08937560021877289,0.7690201699733734
3274,44.853271484375,8.721531867980957,5.622213363647461,2.388925552368164,0.18088889122009277,0.07752490043640137,0.7394326329231262
3275,32.55397033691406,8.612658500671387,5.966649055480957,2.0398943424224854,0.08517202734947205,0.08575031161308289,0.6878024935722351
3276,29.553897857666016,12.47075366973877,4.392742156982422,2.8071062564849854,0.08239728212356567,0.06224318593740463,0.9417504966259003
3277,32.75347137451172,18.983627319335938,6.563948154449463,2.400773763656616,0.1844577193260193,0.055539485067129135,0.8125832080841064
3278,46.006893157958984,5.224402904510498,3.626551389694214,2.547305107116699,0.07620351016521454,0.06470298767089844,0.7551859319210052
3279,40.473785400390625,2.6178479194641113,2.533865451812744,2.7608909606933594,0.040350332856178284,0.05754358321428299,0.92024827003479
3280,45.4856071472168,7.8322529792785645,5.6438117027282715,2.41860294342041,0.06029514968395233,0.0707683190703392,0.6411919295787811
3281,37.056190490722656,5.739147186279297,3.8695271015167236,2.227550983428955,0.051997218281030655,0.08063386380672455,0.7622410655021667
3282,29.045303344726562,5.61275577545166,3.553323268890381,2.8974037170410156,0.08325357735157013,0.058986321091651917,0.9539803266525269
3283,30.34840202331543,12.606330871582031,2.7531304359436035,2.0582125186920166,0.15019293129444122,0.049331605434417725,0.7346638441085815
3284,68.45816802978516,8.925641059875488,3.045307159423828,2.3947231769561768,0.10542868077754974,0.04605500400066376,0.726950615644455
3285,39.764862060546875,5.045991897583008,4.433221340179443,2.613382339477539,0.0881827175617218,0.05810621753334999,0.9118238687515259
3286,37.4975700378418,18.606796264648438,4.456028461456299,2.428318977355957,0.11850805580615997,0.05310345068573952,0.7189807593822479
3287,35.2179069519043,3.651563882827759,3.353705644607544,2.4026598930358887,0.041593946516513824,0.04633486270904541,0.6129578649997711
3288,50.586307525634766,6.485897541046143,7.3386616706848145,2.4916162490844727,0.08727715909481049,0.05732196569442749,0.6615233421325684
3289,60.917808532714844,3.5443689823150635,3.551176071166992,2.5529420375823975,0.03764379769563675,0.04783070832490921,0.8224951326847076
3290,34.484107971191406,3.8374850749969482,6.3675537109375,2.4696428775787354,0.03847290948033333,0.069548100233078,0.8793578147888184
3291,47.9312744140625,6.566903591156006,4.90762996673584,2.404709815979004,0.06046794354915619,0.05748014897108078,0.743122011423111
3292,30.90847396850586,3.300936698913574,7.885566234588623,2.403472423553467,0.053867489099502563,0.09992249310016632,0.7767104804515839
3293,41.0373420715332,16.056514739990234,4.181543350219727,2.2173759937286377,0.19061604142189026,0.06810209900140762,0.6513859927654266
3294,38.187686920166016,2.3359737396240234,2.5965309143066406,2.8675217628479004,0.026843450963497162,0.04074651375412941,0.9179797172546387
3295,40.12771224975586,8.305109024047852,4.893080234527588,2.060089588165283,0.21008196473121643,0.09390388429164886,0.6560947299003601
3296,33.333473205566406,2.67832088470459,5.557780742645264,2.444993019104004,0.04513581097126007,0.06803414225578308,0.7876558005809784
3297,28.841196060180664,3.6423044204711914,2.0927751064300537,2.71781325340271,0.052140653133392334,0.04182344302535057,1.0409707427024841
3298,52.76609420776367,3.7443292140960693,3.545703649520874,2.510772943496704,0.04910167306661606,0.05692238360643387,0.776830404996872
3299,31.040273666381836,6.445451736450195,5.807128429412842,2.2163238525390625,0.057407133281230927,0.06458383798599243,0.6952531337738037
3300,29.259349822998047,9.7629976272583,4.737072944641113,2.6719799041748047,0.11308293789625168,0.055382005870342255,0.948164701461792
3301,35.730587005615234,9.209115982055664,5.2821269035339355,2.1465723514556885,0.14219452440738678,0.0591396689414978,0.7246034145355225
3302,34.538936614990234,9.858699798583984,4.025783061981201,2.72440767288208,0.08389370888471603,0.040665801614522934,0.8634536564350128
3303,42.163246154785156,9.049211502075195,8.990431785583496,2.2576420307159424,0.09744639694690704,0.05263930559158325,0.6738118529319763
3304,29.015186309814453,8.841838836669922,3.1913580894470215,2.193272829055786,0.10870523750782013,0.0449468195438385,0.6541159451007843
3305,72.06779479980469,11.92038631439209,9.06100082397461,2.455805540084839,0.06938754767179489,0.20277798175811768,0.6186555325984955
3306,33.7294807434082,7.3085503578186035,2.273747444152832,2.586609363555908,0.07647290825843811,0.031690921634435654,0.8468891084194183
3307,47.05168151855469,7.652011394500732,2.4580752849578857,2.3044376373291016,0.05862746387720108,0.050989292562007904,0.843149721622467
3308,48.998626708984375,9.35315990447998,4.841911315917969,2.4351303577423096,0.11935792863368988,0.054301902651786804,0.7306250035762787
3309,39.719486236572266,5.441251754760742,2.7017765045166016,2.2985708713531494,0.08615551143884659,0.04714750126004219,0.6767606735229492
3310,38.55977249145508,8.300506591796875,2.7977192401885986,2.505788803100586,0.18787217140197754,0.04332102835178375,0.8157491385936737
3311,32.022491455078125,9.2564058303833,3.0056724548339844,1.9858256578445435,0.05360148102045059,0.03424469754099846,0.7246760129928589
3312,63.3858757019043,6.064824104309082,7.731430530548096,2.5553126335144043,0.08875760436058044,0.19259445369243622,0.7842151820659637
3313,38.1524772644043,9.219669342041016,3.6408333778381348,2.4666521549224854,0.05633687227964401,0.0317595936357975,0.7246958017349243
3314,36.56011962890625,6.19743013381958,6.141536235809326,2.5181875228881836,0.04298325628042221,0.11749158799648285,0.8225548267364502
3315,36.3579216003418,6.826650619506836,5.460887432098389,2.154381513595581,0.06477084755897522,0.09656450897455215,0.6422789096832275
3316,42.63372039794922,1.805233120918274,11.443879127502441,1.9023813009262085,0.03074607439339161,0.13704542815685272,0.6247564256191254
3317,35.827701568603516,12.820610046386719,9.082658767700195,1.950052261352539,0.12704305350780487,0.12584273517131805,0.5724401772022247
3318,28.28588104248047,6.687146186828613,8.940336227416992,2.104412078857422,0.07861052453517914,0.11361678689718246,0.6850465536117554
3319,35.21873092651367,12.773943901062012,3.599757432937622,2.098689317703247,0.13796743750572205,0.05247186869382858,0.8598357141017914
3320,34.55156326293945,10.917272567749023,5.4567131996154785,2.441531181335449,0.081876739859581,0.048284776508808136,0.7926100194454193
3321,41.81769561767578,9.068473815917969,4.7447404861450195,2.1188793182373047,0.18618115782737732,0.05670100077986717,0.6677721738815308
3322,26.59330940246582,7.609800338745117,2.6005523204803467,2.559899091720581,0.08567678183317184,0.041429854929447174,0.8233132064342499
3323,30.9593505859375,6.581594467163086,4.206448078155518,2.491569757461548,0.06624047458171844,0.09723058342933655,0.7854110896587372
3324,36.94084930419922,7.440095901489258,6.0800676345825195,1.9043961763381958,0.11856252700090408,0.06313449144363403,0.6197585463523865
3325,31.16473388671875,7.6512932777404785,6.493554592132568,2.5948240756988525,0.2009616643190384,0.16608300805091858,0.7494706213474274
3326,24.454818725585938,6.618515968322754,3.0734291076660156,3.228809356689453,0.07267019152641296,0.04854441434144974,1.1112727522850037
3327,29.271377563476562,6.79072904586792,5.370969295501709,2.231522798538208,0.0957246869802475,0.0627550333738327,0.6225270628929138
3328,46.11629867553711,4.114709854125977,2.573345184326172,2.9568088054656982,0.05065520852804184,0.037538718432188034,0.9977182149887085
3329,19.89156150817871,2.586562156677246,6.100635528564453,1.9398553371429443,0.04204413294792175,0.045081786811351776,0.728265255689621
3330,46.85104751586914,8.844311714172363,4.323023319244385,2.512376308441162,0.11673873662948608,0.048744913190603256,0.9779573380947113
3331,25.95928192138672,7.709946155548096,2.0819969177246094,2.574960231781006,0.10897209495306015,0.03392893075942993,1.0029922127723694
3332,35.63418197631836,9.252703666687012,4.871108055114746,2.8060951232910156,0.08208657801151276,0.047630708664655685,1.0224379003047943
3333,54.78224563598633,8.315185546875,5.464921951293945,2.637371778488159,0.0853254646062851,0.06324142217636108,0.8683559596538544
3334,43.970542907714844,3.987835645675659,8.406326293945312,2.558872938156128,0.06672342121601105,0.1795145720243454,0.9023682177066803
3335,24.719926834106445,7.001821517944336,3.5729031562805176,2.0439982414245605,0.0630410760641098,0.05409162491559982,0.7040903866291046
3336,26.73466682434082,5.441131114959717,2.2689194679260254,2.8591525554656982,0.07569386065006256,0.06007128581404686,0.9792160987854004
3337,42.21819305419922,8.508247375488281,5.402735710144043,2.8340604305267334,0.07562011480331421,0.09798508882522583,0.8255163729190826
3338,28.979604721069336,8.131562232971191,2.701528787612915,2.884591817855835,0.11498674750328064,0.053586944937705994,0.8728048801422119
3339,51.95597839355469,4.493241786956787,5.96739387512207,2.3660895824432373,0.042786240577697754,0.09683513641357422,0.6616024076938629
3340,35.58969497680664,8.645580291748047,5.481125831604004,2.5076401233673096,0.12249420583248138,0.0786866769194603,0.7457326054573059
3341,27.569913864135742,2.7682313919067383,6.8561835289001465,2.5162806510925293,0.03320413827896118,0.0710427463054657,0.8065721988677979
3342,41.49705123901367,7.563569068908691,5.528722763061523,2.4801833629608154,0.09164980053901672,0.05875317007303238,0.6220101118087769
3343,28.51707649230957,4.978483200073242,4.959949016571045,2.457505226135254,0.07380574196577072,0.11478974670171738,0.7468787133693695
3344,33.45293045043945,12.377054214477539,2.7949767112731934,2.22330904006958,0.13365477323532104,0.028222179040312767,0.7213811576366425
3345,30.226688385009766,7.186203956604004,3.895148515701294,2.7507193088531494,0.10073648393154144,0.0463893860578537,1.0813855826854706
3346,33.25826644897461,4.326455116271973,3.680708646774292,2.3831796646118164,0.06428239494562149,0.046354033052921295,0.7108771204948425
3347,33.930084228515625,4.53879976272583,6.419955730438232,2.5644214153289795,0.10248550772666931,0.13652576506137848,0.7880180180072784
3348,26.593589782714844,4.663939952850342,6.179939270019531,2.3320388793945312,0.04836530238389969,0.1125798150897026,0.7684774100780487
3349,36.79973602294922,5.985212326049805,6.8443074226379395,2.4044299125671387,0.05204135924577713,0.050567127764225006,0.746342122554779
3350,36.562198638916016,7.977992057800293,3.2367188930511475,2.142167568206787,0.12010312080383301,0.0383833609521389,0.6074186563491821
3351,36.577056884765625,16.59796714782715,3.4766194820404053,2.0876944065093994,0.11583031713962555,0.05620301514863968,0.6678931415081024
3352,30.580415725708008,9.059163093566895,3.597721815109253,2.388357162475586,0.0922205001115799,0.07659867405891418,0.7894597351551056
3353,46.032711029052734,8.528971672058105,4.23067045211792,2.1816365718841553,0.09933792799711227,0.057433225214481354,0.8047529757022858
3354,33.70224380493164,5.131368637084961,8.668933868408203,2.64093279838562,0.048739269375801086,0.16376951336860657,0.650544673204422
3355,45.0130500793457,3.559049129486084,4.378513336181641,2.2259490489959717,0.06195787340402603,0.06130848079919815,0.7416673302650452
3356,32.5345458984375,6.307516574859619,8.557849884033203,3.373164415359497,0.06611844897270203,0.10538771748542786,1.3291563093662262
3357,31.218727111816406,6.333831310272217,4.106496334075928,2.439049482345581,0.08484786748886108,0.0504794716835022,0.8296093344688416
3358,39.74320983886719,11.469331741333008,6.56625509262085,2.1799404621124268,0.12969134747982025,0.054626304656267166,0.6232520639896393
3359,38.59206771850586,6.839359283447266,5.327272891998291,2.1085052490234375,0.045692089945077896,0.05365405231714249,0.706296443939209
3360,38.963871002197266,6.249095439910889,4.915612697601318,2.465221643447876,0.062158066779375076,0.06334354728460312,0.71612149477005
3361,29.486343383789062,8.780296325683594,6.669078826904297,2.1361262798309326,0.08983011543750763,0.09744899719953537,0.6617847383022308
3362,32.24734115600586,10.674188613891602,1.3694568872451782,2.435861587524414,0.14913973212242126,0.025568682700395584,0.6874269843101501
3363,28.714529037475586,16.340179443359375,3.671794891357422,2.0424489974975586,0.3260452449321747,0.05712965503334999,0.7309008538722992
3364,27.952667236328125,8.850492477416992,2.9824142456054688,1.929962396621704,0.055761195719242096,0.04967804253101349,0.8213182687759399
3365,28.54227066040039,4.233832359313965,3.9550986289978027,2.254814863204956,0.056035153567790985,0.041507359594106674,0.7296134531497955
3366,33.78570556640625,11.527180671691895,4.724049091339111,2.095500946044922,0.21037188172340393,0.05181438475847244,0.7896181344985962
3367,31.91641616821289,5.906316757202148,2.541713237762451,2.3370001316070557,0.07509063184261322,0.03069707751274109,0.723618894815445
3368,24.93413734436035,6.957546710968018,4.034197807312012,2.762259006500244,0.1271272897720337,0.04160759970545769,0.9373618960380554
3369,30.373828887939453,6.15218448638916,10.286916732788086,1.6872801780700684,0.056701771914958954,0.21498221158981323,0.5456824004650116
3370,55.9574089050293,7.025055408477783,2.868919849395752,2.2595438957214355,0.06722831726074219,0.04619593173265457,0.6468286216259003
3371,29.787763595581055,8.309990882873535,3.9467294216156006,1.8525701761245728,0.07115285098552704,0.05048123374581337,0.6361172497272491
3372,30.00145149230957,7.1434807777404785,2.980985164642334,2.4603540897369385,0.05747678130865097,0.038728080689907074,0.8851711452007294
3373,40.96954345703125,7.475209712982178,3.8582043647766113,2.6411290168762207,0.06549061834812164,0.05168614909052849,0.8896660208702087
3374,50.631771087646484,9.135355949401855,9.139740943908691,2.3583824634552,0.13634905219078064,0.12018758058547974,0.7940317392349243
3375,31.84244728088379,6.772945880889893,2.8232641220092773,2.1863865852355957,0.07499824464321136,0.04574250429868698,0.8275678753852844
3376,55.335357666015625,8.602654457092285,8.503645896911621,2.9912333488464355,0.07130157202482224,0.09530288726091385,0.8586506843566895
3377,45.014888763427734,3.2331674098968506,2.5574631690979004,2.6635289192199707,0.038892604410648346,0.038428694009780884,0.9053028523921967
3378,35.77135467529297,4.1920928955078125,7.553825855255127,2.375058174133301,0.0380873903632164,0.07867544144392014,0.8801669180393219
3379,27.141353607177734,12.829314231872559,3.5195236206054688,2.4973177909851074,0.150337815284729,0.03947041556239128,0.8402069211006165
3380,31.371009826660156,8.992864608764648,2.3562848567962646,2.661700487136841,0.1436532586812973,0.03002743422985077,0.814606249332428
3381,69.27588653564453,9.631138801574707,7.5364532470703125,2.2043919563293457,0.13107825815677643,0.127935528755188,0.7864335775375366
3382,26.466936111450195,9.312867164611816,4.998762130737305,2.412740707397461,0.05980557203292847,0.03970741480588913,0.7724209427833557
3383,43.036651611328125,23.81304168701172,2.7687814235687256,3.8131115436553955,0.25778886675834656,0.03397606313228607,1.4846612811088562
3384,29.20041847229004,6.432518482208252,3.0289671421051025,2.8948566913604736,0.08972641825675964,0.05114445090293884,1.0992071330547333
3385,29.5648136138916,7.208219051361084,6.826430797576904,2.1166269779205322,0.09942609071731567,0.05963484197854996,0.7333861291408539
3386,55.54657745361328,11.954704284667969,4.1332831382751465,2.8629274368286133,0.06660355627536774,0.03457997739315033,0.7898162305355072
3387,46.16437530517578,5.6159563064575195,7.039754867553711,2.352874755859375,0.05855915695428848,0.20207764208316803,0.6735811829566956
3388,41.72237014770508,2.0514018535614014,6.579998016357422,2.6257481575012207,0.03609154745936394,0.1252436339855194,1.0424160957336426
3389,43.194095611572266,6.07180118560791,2.743932008743286,2.871739387512207,0.07153541594743729,0.03396466374397278,0.9361482858657837
3390,35.00151443481445,7.349876880645752,4.737325191497803,2.1796674728393555,0.04694419354200363,0.059640903025865555,0.6698227822780609
3391,76.16708374023438,14.089991569519043,7.469363212585449,2.3682985305786133,0.07443772256374359,0.06856406480073929,0.6309784948825836
3392,57.36542510986328,6.55358362197876,4.186188220977783,2.4822757244110107,0.05875746160745621,0.04868584871292114,0.6584472954273224
3393,36.2948112487793,11.090266227722168,6.665770530700684,2.8031046390533447,0.0759269967675209,0.09755291044712067,0.7043814659118652
3394,39.24336624145508,6.113210201263428,12.068538665771484,2.108795166015625,0.06229262799024582,0.16165748238563538,0.6995132565498352
3395,31.890962600708008,18.082050323486328,4.361484050750732,2.4168334007263184,0.4627191424369812,0.05454814434051514,0.7226465344429016
3396,44.813072204589844,12.344627380371094,4.929797172546387,2.568009614944458,0.09717390686273575,0.08190575242042542,0.8966084718704224
3397,40.169395446777344,12.359642028808594,2.300615072250366,2.5347118377685547,0.12324602901935577,0.043663252145051956,0.690595805644989
3398,53.439048767089844,26.501434326171875,3.080486297607422,2.6477556228637695,0.15285015106201172,0.030083362013101578,0.821906328201294
3399,66.5147476196289,12.236148834228516,8.451813697814941,2.190577507019043,0.10681802034378052,0.15516023337841034,0.6128157079219818
3400,41.40472412109375,10.906580924987793,4.65066385269165,2.7179312705993652,0.11237228661775589,0.07695013284683228,0.9966105222702026
3401,50.73968505859375,7.366750717163086,5.156517028808594,2.262866258621216,0.0475468710064888,0.04657076671719551,0.6557828783988953
3402,29.3189754486084,10.983793258666992,7.810572147369385,2.5346450805664062,0.09749679267406464,0.14976650476455688,0.7489004731178284
3403,41.65996551513672,3.187161684036255,1.646004319190979,3.12599778175354,0.03559844195842743,0.042060449719429016,1.0146247744560242
3404,25.870546340942383,3.814439058303833,8.654656410217285,2.5732874870300293,0.04159931465983391,0.05413103103637695,0.8540881276130676
3405,69.2780990600586,3.7997853755950928,2.009935140609741,2.476980209350586,0.04851919412612915,0.029937447980046272,0.8761322498321533
3406,40.8757209777832,4.847000598907471,9.846823692321777,1.6639888286590576,0.05982421711087227,0.15237796306610107,0.5244728624820709
3407,32.26591491699219,4.342563629150391,3.3956546783447266,2.8074088096618652,0.04283148795366287,0.04118554666638374,0.8641293942928314
3408,66.10965728759766,11.494091033935547,8.48404598236084,2.1653730869293213,0.09625831246376038,0.09188184142112732,0.7265946269035339
3409,47.19060134887695,14.54575252532959,4.001676559448242,2.605816125869751,0.14448510110378265,0.03400641679763794,0.6707161962985992
3410,118.67329406738281,5.697659969329834,5.327958583831787,2.8697879314422607,0.0785350650548935,0.044515207409858704,0.9320961236953735
3411,41.34172058105469,20.95871353149414,4.60172700881958,2.435330390930176,0.19821034371852875,0.04384621977806091,0.712921530008316
3412,39.40593338012695,6.435396194458008,5.150750160217285,2.2399611473083496,0.07964751124382019,0.08072834461927414,0.8031106889247894
3413,29.028297424316406,3.823026180267334,7.968326568603516,2.5772175788879395,0.03372025862336159,0.149590402841568,0.7208289504051208
3414,33.02146911621094,5.754391670227051,9.701459884643555,2.3293979167938232,0.043888576328754425,0.12526626884937286,0.6633968949317932
3415,29.47799301147461,3.3853237628936768,1.7532621622085571,2.3259823322296143,0.04355258867144585,0.026006128638982773,0.8060249984264374
3416,32.28104019165039,12.910776138305664,5.223598003387451,2.4515769481658936,0.23539777100086212,0.042356185615062714,0.8507380783557892
3417,35.58795166015625,2.2887935638427734,3.421079158782959,2.2938284873962402,0.033127207309007645,0.046262215822935104,0.6851602494716644
3418,34.31524658203125,7.377388954162598,2.235032081604004,2.667147397994995,0.05755307897925377,0.03514447063207626,0.9057017266750336
3419,44.763397216796875,4.84391450881958,3.359132766723633,2.31402587890625,0.07050779461860657,0.05604894086718559,0.7617646157741547
3420,37.61125564575195,14.33552074432373,2.167353868484497,2.8783411979675293,0.1109967976808548,0.0376286506652832,0.9868566989898682
3421,36.9116096496582,11.111017227172852,8.768257141113281,2.4167516231536865,0.1940523386001587,0.18920399248600006,0.8872004151344299
3422,39.47195816040039,3.2039947509765625,4.180275917053223,2.4837417602539062,0.04074760526418686,0.0510871484875679,0.9043635129928589
3423,33.26052474975586,6.30000114440918,2.117982864379883,2.001727819442749,0.07925738394260406,0.03537055850028992,0.7618294507265091
3424,29.02894401550293,4.022737503051758,2.1692769527435303,2.8263955116271973,0.06566216051578522,0.039555929601192474,0.98829185962677
3425,36.56599044799805,13.440861701965332,14.748812675476074,3.375575542449951,0.17450879514217377,0.10620010644197464,0.9757645428180695
3426,39.519657135009766,10.1456937789917,4.860658168792725,2.4110636711120605,0.08150769770145416,0.08007827401161194,0.8204288184642792
3427,32.68033218383789,4.104257583618164,7.997562885284424,3.476223945617676,0.046911247074604034,0.12452632188796997,1.0200281143188477
3428,38.92109680175781,3.876877784729004,6.636905193328857,2.5004708766937256,0.03934869542717934,0.1333196759223938,0.8045448660850525
3429,30.29714584350586,6.108724117279053,7.986927032470703,2.618868589401245,0.07665450870990753,0.13401952385902405,0.8025769293308258
3430,27.102144241333008,2.704655885696411,5.7369208335876465,2.420576333999634,0.03822963684797287,0.07588272541761398,0.7022593915462494
3431,23.485008239746094,4.553609848022461,8.599364280700684,2.389890670776367,0.037881188094615936,0.13158223032951355,0.7386084794998169
3432,49.5203742980957,2.4832425117492676,5.051799297332764,2.3365530967712402,0.04205577075481415,0.0918521136045456,0.758056253194809
3433,35.747344970703125,10.977066993713379,5.917336463928223,2.196162223815918,0.10339328646659851,0.0837298110127449,0.8167949914932251
3434,35.354557037353516,13.351613998413086,5.310547351837158,2.406066656112671,0.19754017889499664,0.05752187222242355,0.820634663105011
3435,39.910037994384766,10.717367172241211,3.28788161277771,2.537320613861084,0.12622015178203583,0.05910488963127136,0.7849594950675964
3436,45.887596130371094,11.53780460357666,2.4946093559265137,2.28241229057312,0.07534567266702652,0.05182872712612152,0.7118433713912964
3437,55.866737365722656,6.778962135314941,6.107542514801025,1.930579423904419,0.05031610280275345,0.1223289966583252,0.6939400732517242
3438,32.06675338745117,7.91033935546875,3.264194965362549,2.457423210144043,0.09769225120544434,0.042127981781959534,0.8570624589920044
3439,63.89548110961914,7.741456508636475,4.836211681365967,2.3115360736846924,0.05930662900209427,0.039497122168540955,0.6512305438518524
3440,39.388771057128906,9.293926239013672,7.021025657653809,2.0141477584838867,0.13486415147781372,0.06098470091819763,0.5844458937644958
3441,40.2506217956543,9.009078025817871,5.170113563537598,2.9005558490753174,0.12670601904392242,0.06617403030395508,1.2157006859779358
3442,34.5924072265625,3.042710781097412,2.5413007736206055,2.674281597137451,0.04716106504201889,0.0354500487446785,0.7898098826408386
3443,37.2451057434082,17.86375617980957,4.917673110961914,2.4710745811462402,0.272929847240448,0.08842885494232178,0.8056952953338623
3444,42.40315628051758,6.709213733673096,5.5876288414001465,2.27815580368042,0.09723249077796936,0.10693036019802094,0.7064936459064484
3445,84.57392120361328,4.132666110992432,2.921248435974121,2.4729831218719482,0.04752136021852493,0.04112270101904869,0.8435840010643005
3446,72.19792175292969,9.394014358520508,4.02021598815918,2.9337329864501953,0.13436967134475708,0.04158387705683708,0.9680002331733704
3447,35.614051818847656,10.169646263122559,6.023979187011719,2.5288889408111572,0.10169341415166855,0.10281569510698318,0.8614416718482971
3448,32.21449279785156,12.742444038391113,5.297023773193359,2.49539852142334,0.06845545768737793,0.07598140090703964,0.8074568510055542
3449,31.072494506835938,4.809556007385254,5.635738849639893,3.0746212005615234,0.049957215785980225,0.06135093420743942,0.9313337206840515
3450,25.85124969482422,7.546099662780762,5.322297096252441,2.336944580078125,0.150078684091568,0.0771779716014862,0.9046763777732849
3451,35.04920196533203,4.820538520812988,7.3641676902771,2.2359094619750977,0.062327854335308075,0.08621823787689209,0.767958015203476
3452,31.055253982543945,6.993912220001221,8.366474151611328,2.2130417823791504,0.1113111823797226,0.12461529672145844,0.7450293004512787
3453,41.9261474609375,9.175642013549805,4.695248603820801,2.4124646186828613,0.0930190309882164,0.047412581741809845,0.7482665479183197
3454,27.360904693603516,8.353875160217285,4.0170512199401855,2.463186264038086,0.06355423480272293,0.05013450235128403,0.66615229845047
3455,34.18557357788086,7.459961414337158,4.161093711853027,2.2005250453948975,0.18181779980659485,0.03954451531171799,0.7355414628982544
3456,22.275684356689453,10.996980667114258,2.7025864124298096,2.8332390785217285,0.08112414926290512,0.05192658305168152,1.0967382490634918
3457,37.24897766113281,12.368990898132324,3.1409640312194824,2.7005879878997803,0.11918642371892929,0.04051627963781357,0.9372120797634125
3458,52.14372634887695,5.4856462478637695,2.87322735786438,2.973430633544922,0.08262529969215393,0.06091732531785965,0.8060718774795532
3459,24.525089263916016,13.619025230407715,7.011478900909424,2.383626937866211,0.15237057209014893,0.10001865774393082,0.7627570629119873
3460,38.71324157714844,4.594515800476074,4.960867881774902,2.6176939010620117,0.04602935165166855,0.05930308997631073,0.8593720197677612
3461,41.12272644042969,8.062261581420898,4.657388687133789,2.6492085456848145,0.07965335249900818,0.06798596680164337,0.8806930482387543
3462,39.201934814453125,6.753111839294434,11.602800369262695,2.2244014739990234,0.07988940924406052,0.21517479419708252,0.6711940765380859
3463,43.07526397705078,6.130324363708496,2.461714744567871,2.363513469696045,0.05443384125828743,0.031840912997722626,0.6990052163600922
3464,37.941444396972656,3.9156851768493652,6.233792304992676,2.5425267219543457,0.031420864164829254,0.07726795971393585,0.7991325557231903
3465,29.7908878326416,5.584588527679443,1.2562276124954224,2.5323848724365234,0.06920897215604782,0.02222413942217827,0.87091264128685
3466,35.686004638671875,2.53715181350708,3.98514461517334,2.252028703689575,0.03863482177257538,0.05619558319449425,0.6837004125118256
3467,49.034393310546875,9.802433967590332,5.223872184753418,3.3818013668060303,0.09987245500087738,0.05162030830979347,1.3442583084106445
3468,30.769298553466797,7.000146865844727,2.2116611003875732,3.234999418258667,0.06382641941308975,0.045998044312000275,1.0702754855155945
3469,42.31749725341797,6.34890604019165,4.911775588989258,2.3403491973876953,0.04912322759628296,0.05801842734217644,0.7347915470600128
3470,27.90705680847168,7.473605632781982,5.316647529602051,1.9887983798980713,0.1616220772266388,0.061756111681461334,0.6557725369930267
3471,42.435813903808594,3.897648572921753,2.4925761222839355,2.6666126251220703,0.031566254794597626,0.0445084348320961,0.538301944732666
3472,41.16301727294922,13.538021087646484,3.1951043605804443,2.132267951965332,0.23090152442455292,0.048765040934085846,0.676966518163681
3473,34.45812225341797,17.86370277404785,3.916471004486084,2.6079492568969727,0.13855352997779846,0.040139082819223404,0.7511467933654785
3474,48.97181701660156,5.529062271118164,6.119102478027344,2.760951519012451,0.06663703918457031,0.08203328400850296,0.8336935639381409
3475,37.60422134399414,3.511476993560791,3.1334547996520996,2.8184938430786133,0.05067610368132591,0.0401247963309288,1.0010622143745422
3476,45.42197036743164,7.42516565322876,7.850881099700928,2.62182879447937,0.050066716969013214,0.09805186092853546,0.8264907896518707
3477,35.472869873046875,5.002784729003906,1.9000860452651978,2.6676690578460693,0.0725742056965828,0.038502469658851624,0.8735823333263397
3478,36.938377380371094,3.5860331058502197,3.042471170425415,2.9718992710113525,0.062225282192230225,0.0524483397603035,0.9329046010971069
3479,41.66719055175781,18.214616775512695,1.4024490118026733,3.096468925476074,0.21001431345939636,0.03309798240661621,0.9614146649837494
3480,32.73871612548828,5.311728000640869,5.546446323394775,2.398761034011841,0.06618915498256683,0.08017842471599579,0.9463845491409302
3481,47.615535736083984,6.832235813140869,2.7335312366485596,2.50405216217041,0.053863830864429474,0.042459480464458466,0.9142007529735565
3482,36.14260482788086,4.788846492767334,7.9445905685424805,2.5553507804870605,0.07171639800071716,0.13058622181415558,0.8316564559936523
3483,42.10440444946289,6.487961769104004,2.1004836559295654,2.872781276702881,0.06034544110298157,0.03817952424287796,1.0204384922981262
3484,50.683074951171875,9.91319751739502,3.5166687965393066,2.1334962844848633,0.08437882363796234,0.040496718138456345,0.7217503786087036
3485,23.55844497680664,7.062015533447266,8.39333438873291,2.1721267700195312,0.07371319830417633,0.09793908894062042,0.7132935523986816
3486,27.33795928955078,4.544188022613525,3.7954261302948,2.538017988204956,0.04815204441547394,0.0488322377204895,0.7904098331928253
3487,42.37774658203125,8.38061809539795,9.820438385009766,2.2268874645233154,0.09891632944345474,0.04500151425600052,0.6318221390247345
3488,52.49141311645508,5.35161828994751,2.9961326122283936,2.89790940284729,0.05269817262887955,0.037504538893699646,0.9220013916492462
3489,52.80390930175781,6.103881359100342,5.328807830810547,2.4252712726593018,0.08891215920448303,0.10145299136638641,0.724278599023819
3490,32.469322204589844,7.829380035400391,4.29185676574707,2.4594063758850098,0.08802010864019394,0.08508843928575516,0.7717598974704742
3491,30.435667037963867,7.598086833953857,6.222723960876465,2.6788527965545654,0.1252921223640442,0.071358822286129,0.850565493106842
3492,28.063461303710938,4.536172866821289,2.3870046138763428,2.3860342502593994,0.038409870117902756,0.035973161458969116,0.751940906047821
3493,32.17278289794922,5.498807907104492,3.1435022354125977,2.826129674911499,0.0697316825389862,0.07515088468790054,1.0111268162727356
3494,33.274532318115234,8.59654426574707,4.049792289733887,2.669600009918213,0.06603751331567764,0.0467616468667984,0.9125562310218811
3495,34.60475158691406,19.26232147216797,4.368346691131592,2.86606764793396,0.2662964165210724,0.07267168164253235,1.0438455939292908
3496,38.25016784667969,6.353074550628662,3.554716110229492,2.7019283771514893,0.07161691784858704,0.045913636684417725,1.0150671601295471
3497,46.91606903076172,9.945249557495117,5.6095290184021,2.371537208557129,0.09599914401769638,0.06965415179729462,0.6736611127853394
3498,40.9842529296875,8.704765319824219,2.261752128601074,2.3073835372924805,0.17187708616256714,0.03533772751688957,0.776536375284195
3499,25.198820114135742,11.944845199584961,5.715700149536133,2.2908785343170166,0.12441889941692352,0.12812741100788116,0.7052445113658905
3500,29.566312789916992,7.61235237121582,6.08299446105957,1.879347801208496,0.15026316046714783,0.09683842957019806,0.7188035845756531
3501,24.029199600219727,5.584181785583496,6.874478340148926,2.0318470001220703,0.14444154500961304,0.13553589582443237,0.7035773694515228
3502,37.68351745605469,7.645090579986572,1.857313632965088,2.7802188396453857,0.08095019310712814,0.029677007347345352,0.9589517116546631
3503,26.242481231689453,4.539183616638184,4.046609878540039,2.0601656436920166,0.04512866586446762,0.05152896046638489,0.8239380121231079
3504,42.89132308959961,5.590695858001709,5.567165851593018,2.2116105556488037,0.07586915791034698,0.07305066287517548,0.7179176211357117
3505,35.65979766845703,4.453709602355957,9.4920072555542,2.0214321613311768,0.060636214911937714,0.08904153108596802,0.7140473127365112
3506,19.9505615234375,13.03975772857666,4.207799434661865,2.1192238330841064,0.15593686699867249,0.10631588101387024,0.8415190577507019
3507,31.616886138916016,6.87071418762207,5.238194465637207,2.3097245693206787,0.0709407776594162,0.06567223370075226,0.5682166218757629
3508,64.16201782226562,8.495009422302246,4.138290882110596,2.4519567489624023,0.13106466829776764,0.04281173646450043,0.8376537263393402
3509,39.15272903442383,8.838366508483887,9.121757507324219,2.447981595993042,0.142404705286026,0.10155940800905228,0.8647198379039764
3510,34.37897491455078,2.847501039505005,4.318150043487549,2.7508885860443115,0.033957090228796005,0.0663120448589325,0.6942944526672363
3511,40.011199951171875,2.969604730606079,2.794973134994507,2.300114870071411,0.02728215977549553,0.05308688059449196,0.7914098799228668
3512,36.127052307128906,5.042628288269043,3.4161722660064697,2.1247541904449463,0.06846655160188675,0.03847769647836685,0.7097419798374176
3513,22.052629470825195,6.7285075187683105,6.4287567138671875,2.5960705280303955,0.11642247438430786,0.08573957532644272,1.0355073809623718
3514,34.159461975097656,12.600892066955566,2.667372941970825,2.2440640926361084,0.1248975396156311,0.03282330185174942,0.7227749526500702
3515,37.16455078125,9.676450729370117,8.240933418273926,2.340285539627075,0.1112133339047432,0.15963026881217957,0.7452051639556885
3516,25.553253173828125,10.484841346740723,3.6808266639709473,2.617189884185791,0.1923811286687851,0.05488891899585724,1.0492095947265625
3517,39.67369079589844,5.895652770996094,4.114136219024658,2.221663236618042,0.065282441675663,0.05249297246336937,0.8446679711341858
3518,40.89682388305664,13.190245628356934,3.742349147796631,1.901471734046936,0.09773276746273041,0.06882417947053909,0.5553041994571686
3519,32.16244125366211,7.473810195922852,2.6775753498077393,1.9918255805969238,0.0756741538643837,0.043021783232688904,0.6776343584060669
3520,27.277441024780273,6.808390140533447,4.826315879821777,2.588731288909912,0.13512153923511505,0.06302419304847717,0.8425053358078003
3521,68.46853637695312,5.066976547241211,5.887320518493652,2.7574760913848877,0.049616843461990356,0.0714491680264473,0.93295818567276
3522,32.57022476196289,6.780707359313965,3.393775463104248,2.7036452293395996,0.11054754257202148,0.03655518963932991,0.8137351274490356
3523,31.86014175415039,17.875411987304688,8.523338317871094,2.215655565261841,0.16985097527503967,0.14784589409828186,0.6292765736579895
3524,44.139766693115234,7.134868144989014,9.233692169189453,2.325449228286743,0.06686663627624512,0.11228853464126587,0.7038056254386902
3525,33.696346282958984,5.020604133605957,4.879292964935303,2.2913737297058105,0.06806272268295288,0.0572081133723259,0.7086613178253174
3526,36.610897064208984,3.9019196033477783,3.145216464996338,2.577488422393799,0.05095912516117096,0.04984477162361145,0.7749839425086975
3527,33.721214294433594,7.440715312957764,8.42765998840332,2.4196603298187256,0.10546919703483582,0.1311865746974945,0.7927492260932922
3528,34.62344741821289,5.569508075714111,4.991307735443115,2.6790857315063477,0.10402301698923111,0.051286470144987106,0.955632746219635
3529,27.530893325805664,14.61966609954834,7.069795608520508,2.6205670833587646,0.13020683825016022,0.12840840220451355,0.8628144860267639
3530,30.174270629882812,9.851564407348633,9.107847213745117,2.035912275314331,0.06711681187152863,0.278110533952713,0.5857667028903961
3531,35.01377487182617,11.755982398986816,7.834191799163818,2.6344223022460938,0.08927085995674133,0.1685110479593277,0.786402016878128
3532,63.728904724121094,4.82534122467041,6.786103248596191,2.5578057765960693,0.051586974412202835,0.068808414041996,0.8110111653804779
3533,28.290813446044922,10.90463638305664,8.963582992553711,2.2030858993530273,0.08543836325407028,0.07882238179445267,0.5933054387569427
3534,75.43748474121094,6.734191417694092,3.5975894927978516,3.025536298751831,0.04181153327226639,0.06072309985756874,0.852936863899231
3535,25.419376373291016,15.605220794677734,1.4659146070480347,2.822594404220581,0.19231905043125153,0.026753347367048264,1.0312390327453613
3536,43.507347106933594,3.477513313293457,5.368340015411377,2.4186880588531494,0.034798044711351395,0.06140203773975372,0.7533961832523346
3537,40.767032623291016,10.718847274780273,3.8991923332214355,2.4365007877349854,0.09107650816440582,0.06051763892173767,0.7552679777145386
3538,42.457008361816406,7.917350769042969,5.394075870513916,2.320364475250244,0.06844820827245712,0.07722219824790955,0.7586868703365326
3539,27.502349853515625,11.66344165802002,5.955612659454346,2.970857620239258,0.12790647149085999,0.06928199529647827,1.0912088751792908
3540,36.315513610839844,4.701557636260986,3.952139139175415,2.4390947818756104,0.05857629328966141,0.04370608925819397,0.8124404549598694
3541,41.87344741821289,7.684854984283447,2.7795462608337402,2.743924379348755,0.06094074249267578,0.06003258377313614,0.9178943634033203
3542,43.15370559692383,8.709184646606445,7.585261344909668,3.1037344932556152,0.12010214477777481,0.06242464482784271,1.0220670104026794
3543,42.68273162841797,4.0821428298950195,4.100507736206055,2.2642645835876465,0.0430271178483963,0.07121337950229645,0.6872999668121338
3544,38.211063385009766,6.458432197570801,4.1205363273620605,2.14900541305542,0.07994364202022552,0.049441974610090256,0.6922882199287415
3545,49.390106201171875,21.743473052978516,5.112501621246338,2.7082908153533936,0.2651284635066986,0.0774296224117279,0.8066384792327881
3546,44.05375671386719,3.8917946815490723,5.845005989074707,2.8316080570220947,0.05587372928857803,0.059277236461639404,0.7513507008552551
3547,44.817405700683594,7.344005107879639,4.3862481117248535,2.512260675430298,0.1318429857492447,0.08470814675092697,0.680658608675003
3548,31.57915496826172,9.060572624206543,2.660088062286377,2.6757378578186035,0.14262200891971588,0.03622479736804962,0.8723392486572266
3549,55.3646125793457,12.789712905883789,4.399571895599365,2.166078567504883,0.22109204530715942,0.06825250387191772,0.7433311939239502
3550,21.97198486328125,11.010461807250977,6.6439127922058105,2.2809717655181885,0.369008868932724,0.12848712503910065,0.6553435623645782
3551,31.1865177154541,10.365859031677246,4.385087013244629,2.5193331241607666,0.12071110308170319,0.047148287296295166,0.8429254293441772
3552,35.64276123046875,7.080926418304443,2.937791109085083,2.4594016075134277,0.07979479432106018,0.04831520840525627,0.7561315894126892
3553,27.077354431152344,7.265640735626221,5.268877983093262,2.0794565677642822,0.060084179043769836,0.07413318753242493,0.7565549314022064
3554,22.84219741821289,9.84045124053955,2.3838300704956055,2.866032123565674,0.07960481941699982,0.053980179131031036,1.1920395493507385
3555,35.545570373535156,7.079521179199219,9.636590957641602,2.2516579627990723,0.054623864591121674,0.12748569250106812,0.7530611157417297
3556,43.28205490112305,8.081212997436523,3.8848278522491455,2.4788806438446045,0.09184523671865463,0.05918271094560623,0.8445607125759125
3557,33.731990814208984,7.408163070678711,3.0894792079925537,2.1920113563537598,0.09007886797189713,0.0312040988355875,0.6208439469337463
3558,42.07126235961914,5.575870513916016,3.623767137527466,2.360125780105591,0.060237765312194824,0.07489902526140213,0.6973036825656891
3559,59.710506439208984,5.625241756439209,5.414735794067383,2.5659232139587402,0.04170861095190048,0.03937157243490219,0.7953222990036011
3560,35.540184020996094,4.9358110427856445,5.92683744430542,2.406625270843506,0.04376458004117012,0.09077619016170502,0.9155779778957367
3561,34.04212188720703,23.250032424926758,4.120654106140137,3.304959774017334,0.2376866489648819,0.06229700893163681,1.0609381198883057
3562,32.73310852050781,11.641240119934082,4.893465518951416,2.571399688720703,0.1896255910396576,0.07314249873161316,0.916718065738678
3563,30.840896606445312,5.801743030548096,2.8658287525177,2.564793109893799,0.05388546735048294,0.047412071377038956,0.7112335562705994
3564,25.99595069885254,7.326361656188965,7.5528364181518555,2.5361385345458984,0.12672904133796692,0.06685225665569305,0.7185465693473816
3565,38.988277435302734,7.07754373550415,3.3699514865875244,2.4732961654663086,0.04788084700703621,0.05205399915575981,0.9348642230033875
3566,36.151859283447266,14.148841857910156,4.460387706756592,2.4897427558898926,0.11997773498296738,0.05289869010448456,0.8462036848068237
3567,31.152774810791016,7.694316864013672,4.918353080749512,2.7322871685028076,0.10555781424045563,0.078976571559906,0.6796019673347473
3568,26.43020248413086,5.746249675750732,3.5618185997009277,2.6574158668518066,0.07450449466705322,0.047150447964668274,0.7983619272708893
3569,34.030181884765625,8.75590991973877,3.972240686416626,2.441892385482788,0.07022587209939957,0.038196466863155365,0.8844969868659973
3570,26.407167434692383,3.668856143951416,3.7924296855926514,2.9140119552612305,0.035533804446458817,0.05361935496330261,0.764024555683136
3571,42.859840393066406,4.813187122344971,6.940536022186279,2.680558681488037,0.04498296231031418,0.10861650109291077,0.8014472723007202
3572,32.22698974609375,5.376071453094482,5.442630290985107,2.3860552310943604,0.03335478901863098,0.1033380925655365,0.6014744341373444
3573,38.83882141113281,13.743579864501953,5.872858047485352,3.5118045806884766,0.31511926651000977,0.056132055819034576,1.2792401909828186
3574,28.678136825561523,7.3434906005859375,6.565724849700928,2.282956600189209,0.0748269110918045,0.05738347768783569,0.722017228603363
3575,32.164894104003906,15.04729175567627,2.597651243209839,2.6980714797973633,0.1313735693693161,0.044101372361183167,0.7348957657814026
3576,29.48576545715332,6.3012800216674805,3.4885246753692627,2.792630672454834,0.05282426252961159,0.03806863725185394,1.0075531601905823
3577,25.66948127746582,3.7288036346435547,3.4364309310913086,2.3824715614318848,0.040093500167131424,0.05334701016545296,0.8034022748470306
3578,30.390823364257812,4.030797481536865,2.914687156677246,2.708242416381836,0.03653896227478981,0.03446034714579582,0.8527939319610596
3579,23.213380813598633,5.187875747680664,8.803781509399414,2.2463860511779785,0.05020028352737427,0.1100960224866867,0.8430241644382477
3580,35.783931732177734,3.443988561630249,6.780007362365723,2.0821361541748047,0.036002129316329956,0.12956802546977997,0.6839087307453156
3581,37.33917999267578,14.042350769042969,6.137692928314209,2.1940629482269287,0.09015043824911118,0.0749325081706047,0.7359998822212219
3582,35.26433563232422,2.4042322635650635,4.288900852203369,2.3877549171447754,0.04125623777508736,0.04881473630666733,0.691618412733078
3583,31.027494430541992,6.428342342376709,6.780296325683594,1.9927091598510742,0.05527578294277191,0.09930404275655746,0.5815719068050385
3584,31.55019187927246,4.8945136070251465,3.350689649581909,2.0397071838378906,0.06108010560274124,0.04028996080160141,0.6445031464099884
3585,30.819644927978516,13.695746421813965,5.4075493812561035,2.1528427600860596,0.10486035794019699,0.09279828518629074,0.6434332430362701
3586,32.473289489746094,4.348798751831055,6.378496170043945,2.503981590270996,0.04045560210943222,0.08454062044620514,0.8376412391662598
3587,34.288169860839844,6.515603542327881,8.951152801513672,2.572601079940796,0.09241786599159241,0.06904245913028717,0.9395702481269836
3588,39.165504455566406,4.8223185539245605,5.673552989959717,2.067343235015869,0.031160492449998856,0.12475769221782684,0.6606015264987946
3589,26.04546546936035,12.288825988769531,10.866127014160156,2.392261028289795,0.28681907057762146,0.16745054721832275,0.6383557915687561
3590,25.070087432861328,10.512612342834473,3.010239839553833,2.6350314617156982,0.15920840203762054,0.07629823684692383,0.9815627038478851
3591,43.08990478515625,6.7036519050598145,6.8294997215271,2.132179021835327,0.06831397116184235,0.21270111203193665,0.6773484349250793
3592,56.77350616455078,11.739753723144531,8.307960510253906,1.8170557022094727,0.1909027248620987,0.10524971783161163,0.5068473517894745
3593,30.348346710205078,12.70209789276123,4.7918243408203125,1.9748165607452393,0.089230015873909,0.06968101859092712,0.6518252789974213
3594,32.78117370605469,5.816524505615234,4.863792419433594,2.266378402709961,0.06985356658697128,0.05617199093103409,0.7151176631450653
3595,28.387252807617188,4.482396125793457,8.194234848022461,2.414334535598755,0.05796470493078232,0.09426113963127136,0.8322705328464508
3596,48.13161087036133,4.811511993408203,1.9501416683197021,2.3705015182495117,0.06068197637796402,0.0296473428606987,0.6512740850448608
3597,41.364315032958984,6.811570167541504,3.803713083267212,1.8683876991271973,0.05478857457637787,0.056572847068309784,0.6910866796970367
3598,36.95167922973633,7.360483169555664,7.867860317230225,2.3311452865600586,0.047485269606113434,0.09298516809940338,0.6967290043830872
3599,34.81085968017578,8.185826301574707,3.3642632961273193,2.6083009243011475,0.0947180688381195,0.045848142355680466,0.9705228805541992
3600,52.61745071411133,4.912027359008789,4.111071586608887,2.3739962577819824,0.03803084418177605,0.13151945173740387,0.6913267076015472
3601,43.56649398803711,10.798327445983887,7.466433048248291,2.4863126277923584,0.22794999182224274,0.17701393365859985,0.6449194550514221
3602,34.96035385131836,2.7703540325164795,2.9207563400268555,2.9667768478393555,0.0371285080909729,0.04022995010018349,0.9170006513595581
3603,29.367725372314453,4.972099781036377,2.2350833415985107,2.197620391845703,0.06942982226610184,0.03375936299562454,0.6645048260688782
3604,38.35315704345703,20.200101852416992,7.704339027404785,2.2257089614868164,0.43652066588401794,0.1060386449098587,0.703303724527359
3605,27.176347732543945,7.300042152404785,6.197347164154053,2.1159861087799072,0.0812917947769165,0.06929579377174377,0.7545482516288757
3606,55.38661575317383,10.246376037597656,5.229839324951172,2.6013362407684326,0.09339441359043121,0.04761256277561188,0.8767358064651489
3607,41.5822868347168,10.380261421203613,5.827897548675537,2.492147445678711,0.17986562848091125,0.06053883209824562,1.072355568408966
3608,43.96879959106445,4.776035308837891,10.416744232177734,2.498987913131714,0.049364734441041946,0.1758592277765274,0.8046265244483948
3609,51.470394134521484,6.625958442687988,6.641028881072998,2.541058301925659,0.07234969735145569,0.09963192045688629,0.8227649033069611
3610,53.82120132446289,5.371338367462158,4.8329949378967285,2.133077383041382,0.05513892322778702,0.08068832755088806,0.6813422739505768
3611,28.182485580444336,8.110082626342773,6.06735897064209,2.2728700637817383,0.06809279322624207,0.07596997916698456,0.823066383600235
3612,45.391693115234375,7.558104038238525,3.6589651107788086,2.345094680786133,0.06855975091457367,0.047464627772569656,0.75412318110466
3613,48.54408264160156,7.398348808288574,3.7415430545806885,2.656142473220825,0.07919938862323761,0.041769422590732574,0.7565104365348816
3614,37.127723693847656,10.957810401916504,7.552758693695068,2.018584966659546,0.06721720099449158,0.10775697231292725,0.6108953654766083
3615,37.518821716308594,18.53669548034668,5.4262309074401855,2.1095852851867676,0.1311715692281723,0.05992085114121437,0.7024421095848083
3616,64.15959930419922,7.548640727996826,3.276846408843994,2.862506151199341,0.07363399863243103,0.030307065695524216,0.7856636345386505
3617,27.425251007080078,4.415141582489014,3.5789742469787598,1.909497618675232,0.0692320391535759,0.0632181316614151,0.6415152549743652
3618,45.726200103759766,14.435707092285156,4.9568891525268555,2.2789502143859863,0.24068152904510498,0.05016200244426727,0.8369873464107513
3619,50.191368103027344,18.56830596923828,18.455900192260742,2.319977283477783,0.12379210442304611,0.13388824462890625,0.8442012965679169
3620,55.4418830871582,3.905524253845215,6.400397300720215,3.0537736415863037,0.040080249309539795,0.1005769819021225,0.8824339509010315
3621,40.28544998168945,2.988452672958374,4.33835506439209,2.2484819889068604,0.04977266117930412,0.07358498126268387,0.7471697330474854
3622,30.723262786865234,3.5163238048553467,2.2556731700897217,2.670504093170166,0.05538500100374222,0.029860801994800568,0.8340237736701965
3623,31.96477508544922,4.388920783996582,2.9722723960876465,2.562476634979248,0.06000947207212448,0.050859712064266205,0.909429281949997
3624,32.86553955078125,7.958241939544678,5.360103130340576,1.7486138343811035,0.08908285200595856,0.08927906304597855,0.5246934294700623
3625,32.2973747253418,8.091361999511719,5.434043884277344,2.2619199752807617,0.07079821825027466,0.06409595161676407,0.6921968758106232
3626,26.60153579711914,12.058472633361816,3.636683464050293,1.9475574493408203,0.15011431276798248,0.051679253578186035,0.662453681230545
3627,32.680145263671875,5.583637237548828,3.1835434436798096,2.5777671337127686,0.04396335035562515,0.04755910858511925,0.9381783902645111
3628,31.43435287475586,11.496610641479492,5.366702079772949,2.2000341415405273,0.10707544535398483,0.07750115543603897,0.742035299539566
3629,48.22332763671875,6.653539180755615,3.381741762161255,2.2569329738616943,0.16614435613155365,0.053930267691612244,0.7802709639072418
3630,35.659889221191406,5.812780380249023,5.350021839141846,2.2746686935424805,0.06631135940551758,0.08286118507385254,0.6716854572296143
3631,34.596458435058594,4.327184200286865,2.5984416007995605,2.3585448265075684,0.037115685641765594,0.03522621467709541,0.662502646446228
3632,33.3585205078125,7.8524370193481445,3.9327468872070312,2.4542806148529053,0.07659542560577393,0.04968544840812683,0.9043559730052948
3633,58.1389274597168,8.029526710510254,5.879286766052246,2.4682765007019043,0.14977535605430603,0.0772094875574112,0.8132827877998352
3634,42.32801055908203,7.289172649383545,5.035195827484131,1.609715223312378,0.062465980648994446,0.056673623621463776,0.5252298414707184
3635,32.62224197387695,7.390697956085205,4.372978687286377,2.2787346839904785,0.08093051612377167,0.06178474798798561,0.7530115842819214
3636,46.303863525390625,7.1424126625061035,6.1210150718688965,2.4550161361694336,0.04739322513341904,0.08383239805698395,0.683840811252594
3637,42.04271697998047,10.573311805725098,4.478270530700684,2.494802474975586,0.1817333996295929,0.07191538065671921,0.7345178425312042
3638,38.76273727416992,6.065676212310791,4.3898186683654785,1.9356107711791992,0.0796232670545578,0.07916420698165894,0.678598016500473
3639,39.73591232299805,5.36403226852417,5.083301544189453,3.1671552658081055,0.1068415492773056,0.07140044867992401,1.019178032875061
3640,27.56174087524414,6.370587348937988,3.6255228519439697,2.5418174266815186,0.08778803050518036,0.04481677711009979,0.83700031042099
3641,45.404396057128906,8.82576847076416,5.707253456115723,2.0903565883636475,0.08329412341117859,0.07275885343551636,0.698248028755188
3642,30.293901443481445,6.829287052154541,11.931543350219727,2.324093818664551,0.06456980854272842,0.1407131850719452,0.7973199486732483
3643,44.29813003540039,3.6842949390411377,5.2039971351623535,3.1197242736816406,0.03909052908420563,0.06407741457223892,0.9093688726425171
3644,32.64970397949219,9.705238342285156,4.046303749084473,2.5957393646240234,0.08103784173727036,0.06872483342885971,0.9683222770690918
3645,48.00629806518555,6.049934387207031,5.976335048675537,2.0762031078338623,0.06262589991092682,0.1339959353208542,0.6143548488616943
3646,39.829322814941406,12.452095985412598,6.481500625610352,1.8260254859924316,0.16446897387504578,0.22385302186012268,0.5291456878185272
3647,36.08860397338867,7.867359638214111,8.63869571685791,1.930263876914978,0.0937475711107254,0.1800197958946228,0.6598373055458069
3648,45.37028503417969,3.1413991451263428,6.086859226226807,2.651773452758789,0.0401289165019989,0.07686562836170197,0.935159295797348
3649,28.884227752685547,19.74293327331543,4.599599838256836,2.0176148414611816,0.21476736664772034,0.035953305661678314,0.7492665350437164
3650,32.36996078491211,4.062342166900635,8.964655876159668,1.9268630743026733,0.07259097695350647,0.20573431253433228,0.6421757638454437
3651,27.57012176513672,7.361577987670898,10.496110916137695,2.1517996788024902,0.06307453662157059,0.133720263838768,0.6808564960956573
3652,44.30820846557617,6.680020809173584,1.764421820640564,2.271205186843872,0.08748111873865128,0.04034355655312538,0.7026005983352661
3653,36.46410369873047,8.221479415893555,7.5687103271484375,2.3595354557037354,0.08108451217412949,0.07182157039642334,0.6960523128509521
3654,32.82509994506836,1.9999940395355225,6.932029724121094,2.421236038208008,0.03701680526137352,0.19290509819984436,0.8771149218082428
3655,30.11237144470215,2.441776752471924,7.559386253356934,2.2489020824432373,0.03950875252485275,0.08581732958555222,0.8353318274021149
3656,33.21342086791992,4.912237167358398,5.931504249572754,1.8553013801574707,0.05625012144446373,0.1034710556268692,0.6705068051815033
3657,47.26930236816406,4.56306791305542,4.9820942878723145,2.4318618774414062,0.06900876760482788,0.11209459602832794,0.8898885250091553
3658,40.383174896240234,3.679622173309326,3.5521788597106934,2.4500906467437744,0.045173585414886475,0.05980653315782547,0.6079311370849609
3659,64.04814910888672,10.5743408203125,4.911102294921875,2.3785343170166016,0.046827979385852814,0.04733370989561081,0.8272552192211151
3660,35.46089172363281,5.809884548187256,6.448562145233154,3.1953015327453613,0.08298254013061523,0.048023778945207596,1.140671968460083
3661,23.4586238861084,9.858817100524902,4.41221284866333,2.119668483734131,0.09053321182727814,0.05543086677789688,0.7554572224617004
3662,28.69020652770996,13.119633674621582,7.029260635375977,2.3515779972076416,0.16702359914779663,0.05393415689468384,0.8337309062480927
3663,23.858537673950195,8.381662368774414,4.32319974899292,2.5775656700134277,0.11212892085313797,0.05366627871990204,0.8429878950119019
3664,52.64992141723633,8.20070743560791,4.674282073974609,2.232074022293091,0.07146088778972626,0.04560333862900734,0.7899523675441742
3665,29.061071395874023,7.831355571746826,5.545821189880371,2.3615005016326904,0.07947991043329239,0.05166560038924217,0.8029678761959076
3666,29.433746337890625,14.024181365966797,6.49879789352417,2.346693277359009,0.10223323106765747,0.09332894533872604,0.6913548409938812
3667,29.841705322265625,9.686247825622559,1.9278475046157837,2.5985589027404785,0.09100442379713058,0.03193768858909607,0.8554143607616425
3668,28.994796752929688,2.2037463188171387,5.726465225219727,2.3965916633605957,0.03545401990413666,0.11620337516069412,0.6731466352939606
3669,31.119443893432617,9.287430763244629,6.408071041107178,2.5318386554718018,0.09564168751239777,0.08215001970529556,0.7403708696365356
3670,24.77482032775879,5.2102837562561035,4.61732816696167,2.4367692470550537,0.06475311517715454,0.09290504455566406,0.8751133978366852
3671,30.57318115234375,11.111647605895996,10.19320011138916,2.132930278778076,0.14425519108772278,0.14997629821300507,0.8346336781978607
3672,33.59904861450195,10.267400741577148,5.311806678771973,2.7742714881896973,0.08061947673559189,0.0583745539188385,1.077953040599823
3673,49.28324508666992,8.207003593444824,4.724250793457031,2.4613780975341797,0.12187530845403671,0.05176068842411041,0.7502523362636566
3674,41.648685455322266,22.487791061401367,3.003023147583008,2.370044708251953,0.28342628479003906,0.041476838290691376,0.8393407762050629
3675,36.72981262207031,10.837623596191406,6.272170066833496,2.7316181659698486,0.11009848862886429,0.07169540226459503,0.8648804426193237
3676,36.189815521240234,8.743331909179688,1.7699493169784546,2.5875051021575928,0.09442229568958282,0.04282549023628235,0.8558517098426819
3677,52.687713623046875,13.469661712646484,4.372127056121826,2.125072717666626,0.08942505717277527,0.06142664700746536,0.6267544329166412
3678,35.73887252807617,10.556102752685547,6.462213516235352,2.228015899658203,0.14736881852149963,0.10239969193935394,0.8767470121383667
3679,29.227508544921875,7.446758270263672,6.072498798370361,2.4024498462677,0.07251112908124924,0.15375763177871704,0.9005254209041595
3680,33.544586181640625,8.452336311340332,2.937422275543213,2.455436944961548,0.0766691267490387,0.04949174448847771,0.7183938920497894
3681,35.77864074707031,4.019455432891846,2.031968116760254,2.564178943634033,0.04929360747337341,0.03292292356491089,0.7501500248908997
3682,38.88394546508789,8.078965187072754,8.591638565063477,1.9865370988845825,0.11654163897037506,0.13900084793567657,0.5724009573459625
3683,35.671424865722656,3.5774941444396973,5.881943702697754,1.897735834121704,0.06360294669866562,0.056049857288599014,0.7385523617267609
3684,26.648298263549805,6.9867262840271,3.083892583847046,2.3596556186676025,0.09859879314899445,0.06046316772699356,0.8499562740325928
3685,38.913536071777344,5.435145854949951,5.356984615325928,2.0379133224487305,0.05332919955253601,0.08646466583013535,0.6897029280662537
3686,39.9090690612793,5.8784661293029785,4.787274360656738,2.347914695739746,0.14063040912151337,0.07262513786554337,0.8260340392589569
3687,26.783998489379883,9.15369701385498,4.283226490020752,2.6967618465423584,0.08218470215797424,0.10276176780462265,0.7996634840965271
3688,29.455604553222656,9.537361145019531,3.3779890537261963,2.5973575115203857,0.15574219822883606,0.046536143869161606,0.7591470777988434
3689,36.56553649902344,6.988417625427246,6.167019367218018,3.6557979583740234,0.09692293405532837,0.07201966643333435,1.1716193556785583
3690,23.40872573852539,2.892739772796631,2.655442476272583,3.5014703273773193,0.05775751918554306,0.05733563005924225,1.3665771484375
3691,28.72517967224121,11.020699501037598,5.944411754608154,1.708214521408081,0.12595005333423615,0.08518317341804504,0.6739055514335632
3692,54.420101165771484,4.640145778656006,8.422428131103516,2.1736574172973633,0.07385963201522827,0.21227388083934784,0.5500920712947845
3693,37.60483169555664,9.427002906799316,3.814286470413208,2.3421430587768555,0.2721478044986725,0.04763345420360565,0.740603119134903
3694,31.51421546936035,5.53262186050415,3.798638105392456,2.1326756477355957,0.08413776755332947,0.05731946974992752,0.7663436532020569
3695,35.92151641845703,10.09913444519043,3.794572591781616,2.7969613075256348,0.21418575942516327,0.044683583080768585,0.9168380498886108
3696,35.190338134765625,7.621784687042236,4.391810417175293,2.32768177986145,0.1444462686777115,0.07710470259189606,0.8306252658367157
3697,41.00313186645508,7.074245452880859,2.607390880584717,2.3388803005218506,0.09269285202026367,0.04327069967985153,0.821780800819397
3698,31.571605682373047,6.000954627990723,5.067210674285889,2.111217737197876,0.06519930064678192,0.06049232557415962,0.6133056282997131
3699,38.996498107910156,3.3006439208984375,1.1705272197723389,2.940542459487915,0.04683510959148407,0.026449738070368767,0.8674527406692505
3700,41.71696090698242,6.499783039093018,7.920889854431152,2.536729097366333,0.07204600423574448,0.14749976992607117,0.761124312877655
3701,36.05801010131836,6.9644083976745605,2.987612009048462,2.8505101203918457,0.08811898529529572,0.04565120488405228,1.1565425395965576
3702,31.08805274963379,23.587779998779297,3.175837993621826,2.7035958766937256,0.14137816429138184,0.04865383729338646,0.7866407334804535
3703,39.0155029296875,3.9802377223968506,5.362432479858398,2.5514588356018066,0.06342994421720505,0.07775289565324783,0.9132175743579865
3704,35.65900421142578,8.678662300109863,4.210591793060303,2.5655877590179443,0.06595505028963089,0.07277093827724457,0.8334531188011169
3705,42.29419708251953,9.296367645263672,2.6518192291259766,2.7126059532165527,0.13709290325641632,0.04086489602923393,0.7902341783046722
3706,41.02406692504883,8.4395112991333,3.101167917251587,2.640730142593384,0.10810638964176178,0.041496843099594116,0.9116444289684296
3707,36.95652770996094,3.2887542247772217,2.6437017917633057,2.3353700637817383,0.05269046872854233,0.03397411108016968,0.8739389181137085
3708,27.77903938293457,7.354530334472656,5.590275287628174,2.3754196166992188,0.06470529735088348,0.0734262615442276,0.6852575838565826
3709,31.56515121459961,4.37947940826416,6.5052103996276855,2.8865792751312256,0.044103220105171204,0.09848484396934509,0.9469089508056641
3710,29.772397994995117,5.535682201385498,4.768668174743652,2.903996706008911,0.03941522538661957,0.06045152619481087,0.8051014244556427
3711,28.934072494506836,5.060232162475586,4.490660667419434,2.3761916160583496,0.05792372673749924,0.04742562770843506,0.8367983102798462
3712,37.376468658447266,2.3723182678222656,2.385838270187378,2.5194711685180664,0.04022074118256569,0.055553171783685684,0.9437425434589386
3713,44.593936920166016,7.7364301681518555,2.434800148010254,2.9515058994293213,0.1672944724559784,0.043019212782382965,1.158028781414032
3714,34.9084587097168,4.49020528793335,1.5113043785095215,2.7030932903289795,0.051667165011167526,0.0271250382065773,0.8119870126247406
3715,43.9842529296875,7.860428333282471,3.5546324253082275,2.618382453918457,0.07895425707101822,0.04155777394771576,0.9127436280250549
3716,45.03922653198242,3.123163938522339,5.281316757202148,2.8660030364990234,0.0355033241212368,0.06671492010354996,0.7146438360214233
3717,54.793304443359375,11.598684310913086,3.1353437900543213,2.3877294063568115,0.14433357119560242,0.044563040137290955,0.688908576965332
3718,35.31571960449219,5.50444221496582,1.6059951782226562,2.863935708999634,0.04205853492021561,0.0336940623819828,0.8619622588157654
3719,43.621246337890625,2.7603538036346436,4.746701240539551,2.142409324645996,0.03444257006049156,0.0632023811340332,0.5946366786956787
3720,33.40561294555664,2.618074417114258,3.075695276260376,2.6153249740600586,0.04045700281858444,0.04036994278430939,0.7714068293571472
3721,28.66569709777832,8.947999000549316,4.3806023597717285,2.661775827407837,0.12768502533435822,0.07090502232313156,0.7849160730838776
3722,47.757450103759766,4.440891265869141,2.2127456665039062,2.971414566040039,0.05259368568658829,0.04572165012359619,0.7821910977363586
3723,62.546348571777344,8.257068634033203,8.1364107131958,2.5737621784210205,0.09612874686717987,0.15850257873535156,0.6659520268440247
3724,46.816986083984375,13.06739330291748,4.410042762756348,2.565509557723999,0.18279340863227844,0.10359514504671097,0.8026845157146454
3725,40.805049896240234,5.437101364135742,3.595165252685547,2.54951810836792,0.05631636455655098,0.0715951919555664,0.7858295440673828
3726,44.55311584472656,8.562402725219727,2.38265323638916,2.697042226791382,0.07552926987409592,0.03267896920442581,1.0365152955055237
3727,29.414621353149414,7.140176296234131,3.226870536804199,2.7362213134765625,0.12048878520727158,0.032696206122636795,0.9739975333213806
3728,44.63117218017578,13.318642616271973,5.49551248550415,2.8296899795532227,0.32178056240081787,0.07037971913814545,0.8247460722923279
3729,31.395936965942383,10.830329895019531,4.3181328773498535,2.128836154937744,0.1365554928779602,0.03421088308095932,0.9230864942073822
3730,42.98249053955078,7.589765548706055,7.975465297698975,2.617318868637085,0.053780023008584976,0.057122960686683655,0.7128147184848785
3731,36.314857482910156,5.208432197570801,3.52612566947937,2.3638200759887695,0.07521852850914001,0.056645117700099945,0.6343134045600891
3732,28.60112953186035,4.295156478881836,1.7949914932250977,2.7145497798919678,0.053516846150159836,0.0324154868721962,0.8597985208034515
3733,32.455299377441406,6.501889705657959,1.9811007976531982,2.396301507949829,0.05871165171265602,0.03012176789343357,0.7295962870121002
3734,38.133697509765625,7.1038947105407715,5.5840229988098145,2.1568334102630615,0.12149514257907867,0.08016189932823181,0.6583506464958191
3735,32.278472900390625,5.262996196746826,2.3407442569732666,2.518892288208008,0.05818938463926315,0.029199622571468353,0.7623673379421234
3736,37.87301254272461,8.712688446044922,3.013286828994751,2.9002528190612793,0.08363232016563416,0.041494421660900116,0.8850385248661041
3737,30.25420379638672,8.238182067871094,6.589954376220703,2.479043483734131,0.0977763682603836,0.0683550164103508,0.7214102447032928
3738,29.1644287109375,3.2036359310150146,5.94603967666626,2.294699192047119,0.04517963528633118,0.08351987600326538,0.8533695936203003
3739,36.46692657470703,3.095879077911377,10.35132884979248,2.404726266860962,0.046293869614601135,0.15822693705558777,0.7829440236091614
3740,39.61835479736328,6.5178141593933105,7.321768760681152,2.982044219970703,0.0462706983089447,0.056137070059776306,0.8670353889465332
3741,37.599456787109375,7.774923324584961,1.7265758514404297,2.4115917682647705,0.08294584602117538,0.03328891843557358,0.8582940101623535
3742,51.66031265258789,5.43115758895874,3.7751030921936035,2.731356382369995,0.04643150418996811,0.04862246662378311,0.7844446301460266
3743,34.85828399658203,6.974832057952881,6.07117223739624,2.202561855316162,0.10040780901908875,0.1151772290468216,0.7081162929534912
3744,32.0650520324707,4.15937614440918,2.004406213760376,2.514108419418335,0.03833894804120064,0.026702826842665672,0.795645534992218
3745,33.8072624206543,10.23153018951416,7.512433052062988,2.849663257598877,0.08174269646406174,0.08483973145484924,0.8280166685581207
3746,32.85907745361328,6.738700866699219,3.2895710468292236,3.1520724296569824,0.07084676623344421,0.04988300800323486,0.880689799785614
3747,34.514617919921875,12.472289085388184,3.7581019401550293,2.5109269618988037,0.16703525185585022,0.040413208305835724,0.845016360282898
3748,40.96839141845703,10.646697998046875,4.098759651184082,2.700425624847412,0.22807851433753967,0.048630163073539734,0.7100672721862793
3749,28.766571044921875,5.3238444328308105,2.330024003982544,3.457425594329834,0.10211548209190369,0.043518539518117905,1.148425579071045
3750,35.932254791259766,8.464917182922363,7.681617259979248,2.851057529449463,0.07348823547363281,0.10589941591024399,0.8993131518363953
3751,27.898941040039062,5.337359428405762,5.285764694213867,2.257943630218506,0.05734993517398834,0.09444721043109894,0.6808592975139618
3752,49.26106643676758,14.369572639465332,2.639565944671631,2.888495445251465,0.11744436621665955,0.029691709205508232,0.7765922844409943
3753,42.65003967285156,4.881880283355713,2.1864213943481445,2.5675570964813232,0.039605386555194855,0.03015444055199623,0.80170077085495
3754,40.90080261230469,10.000168800354004,3.4847593307495117,2.2381491661071777,0.07423612475395203,0.03728592395782471,0.6024023592472076
3755,45.459232330322266,13.267863273620605,3.6791157722473145,2.6729207038879395,0.09771335124969482,0.06477995216846466,1.0087716281414032
3756,50.797630310058594,3.0270462036132812,2.5969533920288086,2.692504405975342,0.032728858292102814,0.041457198560237885,0.7144325971603394
3757,31.8037166595459,10.652084350585938,6.086956977844238,2.5395824909210205,0.12015897780656815,0.07017828524112701,0.8011600375175476
3758,25.65357208251953,8.780586242675781,5.255652904510498,2.2312827110290527,0.15392851829528809,0.0573623925447464,0.6817446351051331
3759,37.0089225769043,10.01416015625,6.025391101837158,2.296424150466919,0.061422497034072876,0.12575271725654602,0.6628190875053406
3760,41.787410736083984,9.33430004119873,1.985524296760559,2.7057666778564453,0.09842412173748016,0.025742990896105766,0.8822779357433319
3761,39.379878997802734,7.69412899017334,2.4031035900115967,2.4591119289398193,0.08032767474651337,0.033735886216163635,0.8356460928916931
3762,41.65969467163086,7.928524971008301,1.9110513925552368,3.1326212882995605,0.11817176640033722,0.04093395173549652,0.933918833732605
3763,41.74494552612305,8.387911796569824,5.592805862426758,3.052518367767334,0.07231733202934265,0.06810912489891052,1.0179772973060608
3764,35.03331756591797,11.208243370056152,2.4228808879852295,2.537770986557007,0.11420506983995438,0.03518714755773544,0.8036215603351593
3765,25.97077751159668,4.516482353210449,3.7860355377197266,2.19118595123291,0.07734053581953049,0.04737566038966179,0.7442814111709595
3766,34.46235656738281,9.269498825073242,2.3662991523742676,2.203803777694702,0.10644438117742538,0.03204026818275452,0.6053634285926819
3767,58.77555465698242,13.273895263671875,5.64180850982666,2.987586498260498,0.11060871183872223,0.05160665512084961,0.6307419240474701
3768,47.329315185546875,6.549377918243408,5.354340553283691,2.3910789489746094,0.08680549263954163,0.07199753075838089,0.7675781548023224
3769,40.51919174194336,13.817438125610352,5.370084285736084,2.4223856925964355,0.0928308367729187,0.04892589524388313,0.7112528085708618
3770,28.56056785583496,5.152660846710205,2.3344297409057617,2.870490312576294,0.05865411460399628,0.03843589872121811,1.0045876801013947
3771,39.660579681396484,10.22122859954834,3.0975024700164795,2.333345890045166,0.1767044961452484,0.039299994707107544,0.6806538105010986
3772,44.92863845825195,6.936330318450928,3.4713046550750732,2.719803810119629,0.06679506599903107,0.03657256066799164,0.8188417553901672
3773,43.94831085205078,8.108312606811523,3.870802879333496,2.3170177936553955,0.13211391866207123,0.04948064684867859,0.7658048570156097
3774,46.494747161865234,18.753183364868164,2.507127285003662,1.93085777759552,0.16955314576625824,0.04170583561062813,0.6539131104946136
3775,30.73733901977539,11.937808990478516,3.4348230361938477,2.3741700649261475,0.243512824177742,0.044808097183704376,0.7340350151062012
3776,36.96782684326172,9.394920349121094,8.965312004089355,2.1036527156829834,0.07224440574645996,0.11575916409492493,0.6884033977985382
3777,36.117218017578125,4.630039691925049,2.2385342121124268,2.6741795539855957,0.07546296715736389,0.03850070759654045,0.8230886459350586
3778,36.877925872802734,5.600285530090332,4.888051986694336,2.2074873447418213,0.05625384300947189,0.06992792338132858,0.7646518349647522
3779,23.3294677734375,9.905621528625488,3.526315689086914,2.582179069519043,0.1120968610048294,0.0563088059425354,1.0941883325576782
3780,21.615806579589844,12.681655883789062,2.1104423999786377,3.2132112979888916,0.3202765882015228,0.030707363039255142,1.235421895980835
3781,29.823070526123047,5.651358604431152,2.7591514587402344,2.5186264514923096,0.06368683278560638,0.03898264467716217,0.9484584033489227
3782,43.634765625,5.029133319854736,2.9362847805023193,3.083202838897705,0.07878120988607407,0.05886637046933174,0.8198550343513489
3783,26.85466194152832,9.050980567932129,2.2260043621063232,2.0670857429504395,0.13823777437210083,0.03319583460688591,0.6441017687320709
3784,41.98766326904297,11.5292387008667,3.617349147796631,2.23345685005188,0.13857433199882507,0.05093047395348549,0.690485805273056
3785,33.30157470703125,12.348613739013672,5.117057800292969,2.1511409282684326,0.13490235805511475,0.05332675576210022,0.6197044551372528
3786,29.617238998413086,6.56934928894043,10.312440872192383,1.794925332069397,0.10534565150737762,0.13898178935050964,0.6918523907661438
3787,30.717248916625977,5.146103858947754,4.978457927703857,2.37575364112854,0.0648331269621849,0.08651280403137207,0.8232527077198029
3788,26.75196075439453,7.1714324951171875,3.2405149936676025,2.3035922050476074,0.12123113870620728,0.04677852243185043,0.8529069721698761
3789,40.42100143432617,6.553098201751709,4.9886298179626465,2.451364278793335,0.0852930098772049,0.08246003836393356,0.853408545255661
3790,35.63151168823242,10.297544479370117,4.5897955894470215,2.1490864753723145,0.12251941859722137,0.05956752970814705,0.7670695185661316
3791,33.932167053222656,6.282296180725098,1.8714543581008911,2.44531512260437,0.09420084953308105,0.03705838695168495,0.9229838848114014
3792,37.4122200012207,5.088456630706787,3.271184206008911,2.7746288776397705,0.08741271495819092,0.04420280456542969,0.9539365172386169
3793,22.58004379272461,4.99434757232666,2.09625506401062,3.2475807666778564,0.09035685658454895,0.0456060990691185,1.2825130820274353
3794,33.812129974365234,13.740212440490723,9.712555885314941,1.8135720491409302,0.10199376940727234,0.14700478315353394,0.7815060913562775
3795,39.405738830566406,5.3028106689453125,2.5217509269714355,2.5269811153411865,0.049529068171978,0.03775610029697418,0.7672033607959747
3796,39.85112380981445,3.525764226913452,5.289941310882568,2.595130681991577,0.035295143723487854,0.05893806368112564,0.8003891110420227
3797,30.285329818725586,3.6453239917755127,2.622140884399414,2.7177186012268066,0.059778228402137756,0.050506819039583206,1.011989414691925
3798,28.61562156677246,10.168530464172363,4.189384937286377,3.0243098735809326,0.18683220446109772,0.045830585062503815,0.9799548387527466
3799,29.202478408813477,5.702264785766602,4.885794639587402,2.839327812194824,0.08456738293170929,0.0604441873729229,0.9140795469284058
3800,42.38887405395508,5.143238067626953,7.230985641479492,2.432896614074707,0.04643792659044266,0.11045152693986893,0.5720412731170654
3801,33.404998779296875,16.223438262939453,5.470667362213135,2.030132293701172,0.10846182703971863,0.10161471366882324,0.5939454734325409
3802,31.828035354614258,12.180166244506836,4.9244561195373535,2.2585716247558594,0.12498984485864639,0.05795877426862717,0.7496649026870728
3803,40.726810455322266,6.596615791320801,5.425210952758789,2.7027032375335693,0.11688227951526642,0.05048282444477081,0.8138372302055359
3804,43.77212142944336,10.294636726379395,6.036772727966309,2.2496039867401123,0.11779119074344635,0.10642623901367188,0.7141490578651428
3805,134.62872314453125,14.72768783569336,4.3170270919799805,2.4985272884368896,0.12346787750720978,0.05999000370502472,0.8033208250999451
3806,37.83064651489258,4.200720310211182,5.013466835021973,2.6785295009613037,0.04739817976951599,0.05531672388315201,0.883824348449707
3807,45.23273849487305,5.227215766906738,4.401607036590576,2.573467254638672,0.07244987785816193,0.045217011123895645,0.8033309578895569
3808,31.465238571166992,7.536365509033203,5.007131099700928,2.80595326423645,0.06967145204544067,0.057236362248659134,1.081250011920929
3809,49.18502426147461,4.954497337341309,5.560163974761963,2.6711251735687256,0.04777354374527931,0.11491304636001587,1.0190256237983704
3810,33.17156219482422,6.32365083694458,1.8064898252487183,2.674032211303711,0.11050935089588165,0.03114384226500988,0.9724858999252319
3811,49.39844512939453,6.386359691619873,10.950284004211426,2.3967013359069824,0.08353978395462036,0.09268642216920853,0.6912365257740021
3812,51.82072830200195,6.397313117980957,8.80411434173584,1.7831138372421265,0.09517289698123932,0.07498475909233093,0.5115166157484055
3813,34.0870361328125,3.7787327766418457,1.2866339683532715,2.875342607498169,0.04273432493209839,0.026925329118967056,0.8882696628570557
3814,41.14073181152344,8.170727729797363,7.39957857131958,3.5841524600982666,0.15749649703502655,0.1580890566110611,1.1197238564491272
3815,47.79113006591797,3.708806276321411,3.1983461380004883,2.703281879425049,0.05005774274468422,0.05432060360908508,0.8975158929824829
3816,34.8720588684082,8.207606315612793,2.9858968257904053,2.7331337928771973,0.08954841643571854,0.04862591251730919,1.0673311948776245
3817,31.26188087463379,7.923866271972656,7.075821876525879,2.851069927215576,0.09906136989593506,0.14224520325660706,0.902415931224823
3818,37.119422912597656,5.987644672393799,3.0159192085266113,2.1867918968200684,0.08769581466913223,0.03983704000711441,0.6259642839431763
3819,20.60829734802246,5.649706840515137,3.1221370697021484,2.169424533843994,0.06613268703222275,0.042675312608480453,0.9380147457122803
3820,30.837833404541016,7.828762531280518,4.433058261871338,2.777345657348633,0.11140494048595428,0.0570257231593132,1.0145272612571716
3821,30.23171043395996,7.797802925109863,1.4756895303726196,2.004398822784424,0.06878175586462021,0.03237055614590645,0.6499784290790558
3822,33.913089752197266,6.471076488494873,8.115806579589844,2.539961338043213,0.05608935281634331,0.09486111998558044,0.7728315591812134
3823,32.31781768798828,6.859798908233643,6.8084001541137695,2.3891162872314453,0.08919637650251389,0.07516254484653473,0.6898629069328308
3824,40.597503662109375,4.194084644317627,3.5627777576446533,2.2649948596954346,0.036153215914964676,0.05525672063231468,0.7740927636623383
3825,36.34888458251953,8.255452156066895,3.8150932788848877,2.1043901443481445,0.08242368698120117,0.07375284284353256,0.7903579771518707
3826,41.68120574951172,7.039137363433838,2.353250503540039,2.374934434890747,0.057924557477235794,0.03003304824233055,0.9110533595085144
3827,42.307498931884766,7.637668609619141,4.08693790435791,2.193782329559326,0.10107798874378204,0.05926264822483063,0.8063730001449585
3828,31.279985427856445,7.408046722412109,2.2543115615844727,2.4720535278320312,0.07942495495080948,0.03521149605512619,0.6980118751525879
3829,51.712486267089844,4.53592586517334,3.9251344203948975,2.7843708992004395,0.04626745358109474,0.03646887093782425,0.7947506904602051
3830,47.60051345825195,13.949268341064453,5.960024356842041,2.2309741973876953,0.3408125638961792,0.10085990279912949,0.9646840691566467
3831,26.974224090576172,4.884963035583496,3.9990427494049072,2.162879705429077,0.038992322981357574,0.06268104910850525,0.686704695224762
3832,38.364952087402344,5.724932670593262,3.850459337234497,2.3585493564605713,0.046569015830755234,0.056469082832336426,0.6527126729488373
3833,25.288469314575195,7.80889892578125,4.813621997833252,2.54994535446167,0.08372297137975693,0.052308835089206696,0.8923258185386658
3834,63.210060119628906,3.226966619491577,2.2005679607391357,2.660202980041504,0.04092755541205406,0.03154714033007622,0.7982233762741089
3835,47.421546936035156,4.4515180587768555,2.684685468673706,2.264448642730713,0.0640031024813652,0.03663239628076553,0.6790841817855835
3836,53.80986022949219,5.627086639404297,6.287563323974609,2.2306900024414062,0.07165395468473434,0.052323851734399796,0.6274217367172241
3837,50.23532485961914,5.265726566314697,8.685219764709473,1.9725223779678345,0.07196864485740662,0.1152753010392189,0.5545629858970642
3838,34.38485336303711,13.693331718444824,5.09199857711792,2.470280885696411,0.20365004241466522,0.10407870262861252,0.6799514591693878
3839,29.424663543701172,8.824370384216309,2.190546751022339,3.063730478286743,0.10903052985668182,0.039194367825984955,0.8977719843387604
3840,60.50474548339844,27.672243118286133,8.968582153320312,2.282895088195801,0.19345451891422272,0.11941272020339966,0.7070766389369965
3841,54.31924057006836,15.709761619567871,4.484100818634033,2.76180100440979,0.14810475707054138,0.04815537482500076,0.760996401309967
3842,38.513771057128906,11.952187538146973,4.203481674194336,2.6519155502319336,0.16412781178951263,0.044480834156274796,0.8258600234985352
3843,42.101112365722656,6.725099086761475,6.374632358551025,1.8563250303268433,0.13122043013572693,0.09491750597953796,0.529277116060257
3844,33.05447006225586,4.424835205078125,4.02872896194458,2.6634280681610107,0.04942785203456879,0.06985922902822495,0.9869729280471802
3845,39.53554916381836,8.870271682739258,3.320162534713745,2.296536684036255,0.12069205939769745,0.05090520530939102,0.750880777835846
3846,44.634422302246094,3.3763930797576904,6.881352424621582,2.779374122619629,0.04139605164527893,0.061818405985832214,0.8269386291503906
3847,33.40541076660156,9.88748836517334,8.340766906738281,2.460123300552368,0.13815191388130188,0.06949977576732635,0.7142597734928131
3848,24.744075775146484,4.8593525886535645,2.172010898590088,2.0385208129882812,0.07247455418109894,0.03093298338353634,0.7757835984230042
3849,37.37866973876953,8.547598838806152,7.708122253417969,3.017615556716919,0.10700689256191254,0.06958211958408356,1.043280005455017
3850,45.7902946472168,4.874576568603516,3.9095122814178467,2.3067386150360107,0.056918103247880936,0.049991294741630554,0.6049264371395111
3851,29.68311309814453,5.88032341003418,7.016690254211426,2.6814231872558594,0.08374226093292236,0.09750069677829742,0.9668545126914978
3852,31.7012882232666,7.938015937805176,4.511837005615234,2.4205143451690674,0.08483715355396271,0.07760579884052277,0.8444109559059143
3853,37.82195281982422,8.346729278564453,6.652828216552734,2.216909408569336,0.10066394507884979,0.04582224413752556,0.6911931931972504
3854,30.712064743041992,8.28994369506836,4.374340534210205,2.4260833263397217,0.09338757395744324,0.05456964671611786,0.8131942451000214
3855,41.24492645263672,5.997549057006836,14.403756141662598,2.2379894256591797,0.07843251526355743,0.166659414768219,0.6355232298374176
3856,27.347549438476562,4.195209503173828,3.541536808013916,2.7227587699890137,0.06356608122587204,0.06461963802576065,1.1457955241203308
3857,43.76634979248047,1.633476972579956,5.912679195404053,2.7324931621551514,0.030955685302615166,0.08479835838079453,0.6924921870231628
3858,40.34560012817383,8.529535293579102,6.479581356048584,2.5230984687805176,0.08469804376363754,0.10580886155366898,0.8479796648025513
3859,44.38218688964844,2.7086374759674072,6.2685699462890625,3.0227456092834473,0.027504445984959602,0.05088672786951065,0.8357822597026825
3860,42.530982971191406,6.542562007904053,6.166075229644775,2.535465717315674,0.047620490193367004,0.1287434995174408,0.7012512385845184
3861,41.792301177978516,6.045967102050781,6.425252914428711,2.061781644821167,0.09736227989196777,0.0998750776052475,0.5600864887237549
3862,37.97517776489258,12.046979904174805,5.566633701324463,2.2072813510894775,0.11578309535980225,0.06578163802623749,0.7660509049892426
3863,31.93877601623535,4.916492462158203,6.600561141967773,2.3648831844329834,0.08543956279754639,0.1269490271806717,0.7262445092201233
3864,32.373844146728516,10.620268821716309,3.5949721336364746,2.3078114986419678,0.10217186063528061,0.07184886932373047,0.6883686482906342
3865,29.63298797607422,5.198787689208984,6.161541938781738,2.096566677093506,0.045435525476932526,0.1284235566854477,0.5667179822921753
3866,37.37915802001953,10.07190227508545,7.190351963043213,2.2586119174957275,0.17180921137332916,0.13009364902973175,0.6459315419197083
3867,26.636119842529297,7.933276653289795,4.780411243438721,2.3662302494049072,0.09444378316402435,0.0771404281258583,0.7504595220088959
3868,26.25538444519043,8.601318359375,5.74199914932251,2.3691518306732178,0.11322475969791412,0.07184985280036926,0.8696495294570923
3869,38.682212829589844,7.250978469848633,4.907077312469482,2.518284320831299,0.07262065261602402,0.042574238032102585,0.8755994439125061
3870,41.47007369995117,9.489837646484375,4.4700093269348145,3.5074303150177,0.09636843204498291,0.05073383450508118,0.9551705718040466
3871,35.19685745239258,4.837714195251465,2.1138792037963867,3.5499022006988525,0.06914673000574112,0.043088749051094055,1.1730496883392334
3872,31.075361251831055,10.468413352966309,3.1349375247955322,2.0742597579956055,0.1109340637922287,0.039850831031799316,0.7253158688545227
3873,32.286094665527344,9.46772289276123,4.042474746704102,2.1534717082977295,0.08421050012111664,0.047625236213207245,0.6789120733737946
3874,24.812124252319336,10.381278038024902,5.099817276000977,2.228633403778076,0.06846512854099274,0.053278643637895584,0.813360869884491
3875,82.99525451660156,12.13131046295166,2.8362019062042236,2.562089443206787,0.16864274442195892,0.047187790274620056,0.7738324403762817
3876,34.64329147338867,11.700634002685547,5.005744457244873,1.9846882820129395,0.1556185930967331,0.10945940017700195,0.6778103113174438
3877,68.77423858642578,5.7448859214782715,3.6540119647979736,2.105508327484131,0.10734661668539047,0.10595905780792236,0.7623335719108582
3878,33.9234504699707,4.459011554718018,4.639102935791016,2.57173228263855,0.061564188450574875,0.10409314930438995,0.9495358467102051
3879,44.454105377197266,4.582045555114746,12.526644706726074,2.527815341949463,0.04072660207748413,0.15075631439685822,0.9972158968448639
3880,25.779726028442383,3.966508150100708,5.582056999206543,2.694805383682251,0.05094583332538605,0.0678061917424202,1.1347571313381195
3881,48.96279525756836,12.747230529785156,4.081643104553223,2.159158229827881,0.11776159703731537,0.05784345418214798,0.6963996291160583
3882,30.292049407958984,1.4873108863830566,4.000718593597412,2.9743523597717285,0.03451472520828247,0.053615450859069824,0.8725739121437073
3883,31.344112396240234,6.022630214691162,6.107790946960449,2.1931047439575195,0.12172520160675049,0.06363780796527863,0.8019057810306549
3884,38.69517135620117,7.986119747161865,5.648589134216309,2.9151978492736816,0.09090222418308258,0.14045116305351257,0.7339245975017548
3885,46.25121307373047,5.971892833709717,3.1551668643951416,2.2201850414276123,0.06142015755176544,0.039677709341049194,0.7052842676639557
3886,38.42068099975586,10.191162109375,3.832502841949463,2.032705068588257,0.13262054324150085,0.042497530579566956,0.6806189119815826
3887,28.37884521484375,12.019287109375,2.5679590702056885,3.2956604957580566,0.0942300483584404,0.050512321293354034,1.2645370364189148
3888,42.558067321777344,11.125720024108887,4.78066349029541,2.4544870853424072,0.13897162675857544,0.11306146532297134,0.8200600147247314
3889,37.825111389160156,4.971710205078125,2.958937406539917,3.5586886405944824,0.0717679038643837,0.039732273668050766,1.1990914940834045
3890,46.267642974853516,5.192537307739258,3.9292685985565186,2.9230241775512695,0.06759217381477356,0.036810655146837234,0.9572699666023254
3891,22.1417179107666,13.148645401000977,10.3667573928833,2.7996485233306885,0.1855919361114502,0.12374012172222137,1.2275879979133606
3892,40.00115966796875,10.361780166625977,4.011085510253906,3.5299148559570312,0.06421668082475662,0.05044834688305855,1.2248026728630066
3893,83.96044921875,3.9085540771484375,6.34773063659668,2.3411452770233154,0.04819997400045395,0.13467806577682495,0.6156474351882935
3894,85.7275619506836,5.469524383544922,4.738275051116943,2.393148422241211,0.05177617818117142,0.050953980535268784,0.8670505285263062
3895,80.55181121826172,2.92854642868042,6.674948692321777,2.5232045650482178,0.045929186046123505,0.11549807339906693,0.7508729100227356
3896,30.3155574798584,2.5029733180999756,2.294203042984009,3.403074026107788,0.05330751836299896,0.047565530985593796,1.2744587659835815
3897,31.004474639892578,15.046138763427734,3.3083605766296387,2.47695255279541,0.14829765260219574,0.046744391322135925,0.8281636238098145
3898,29.499616622924805,14.194506645202637,8.325581550598145,1.9946227073669434,0.24019929766654968,0.1003410667181015,0.765079140663147
3899,36.022003173828125,3.651782274246216,9.059679985046387,2.5842700004577637,0.04434870555996895,0.12373923510313034,0.7800789475440979
3900,29.60983657836914,9.598801612854004,3.6743783950805664,2.439321517944336,0.08114766329526901,0.036733247339725494,0.7785005867481232
3901,35.583335876464844,5.667054653167725,3.999474048614502,2.3280551433563232,0.0792739987373352,0.05801977589726448,0.8247041404247284
3902,35.211280822753906,5.194803237915039,3.8595659732818604,2.5394387245178223,0.049420107156038284,0.055660754442214966,0.796176016330719
3903,27.523513793945312,3.4903178215026855,2.7604851722717285,2.905777931213379,0.04991172254085541,0.03411044552922249,1.004623532295227
3904,42.491539001464844,7.097291946411133,1.4747731685638428,2.9058661460876465,0.06726302206516266,0.04251691699028015,0.7940379977226257
3905,38.466583251953125,9.40640640258789,6.146551132202148,2.4471702575683594,0.08843037486076355,0.06692174077033997,0.8792456984519958
3906,34.07139587402344,32.45695114135742,1.0659923553466797,2.2103238105773926,0.17850929498672485,0.027565741911530495,0.8347926139831543
3907,34.70126724243164,11.484169960021973,5.403522491455078,2.705233097076416,0.11665896326303482,0.06896467506885529,0.8463484942913055
3908,31.569833755493164,6.6887898445129395,9.941401481628418,2.336172342300415,0.063761867582798,0.10229640454053879,0.8804029226303101
3909,38.04075622558594,5.363731861114502,2.1934409141540527,2.13812518119812,0.04480579495429993,0.03616706654429436,0.7185953557491302
3910,31.90805435180664,5.637444496154785,4.738277435302734,2.451582193374634,0.051995694637298584,0.0579737052321434,0.9010932743549347
3911,22.606660842895508,3.5918545722961426,4.850985050201416,2.774190664291382,0.05319714546203613,0.07173891365528107,1.0474820137023926
3912,29.247594833374023,5.624361515045166,2.867253303527832,2.76473331451416,0.0926971435546875,0.05594579130411148,1.0043974220752716
3913,34.52869415283203,5.905361652374268,2.604055166244507,3.0213887691497803,0.08997050672769547,0.04771880805492401,1.1584585309028625
3914,40.951045989990234,13.013354301452637,5.556498050689697,2.5154237747192383,0.18571563065052032,0.07200987637042999,0.7871524393558502
3915,29.482486724853516,11.2771577835083,3.033061981201172,2.3541979789733887,0.1714741438627243,0.029463598504662514,0.7746680676937103
3916,41.1935920715332,14.465938568115234,5.683030605316162,2.310206174850464,0.1088826060295105,0.07807552069425583,0.7184393107891083
3917,38.399051666259766,10.078031539916992,5.723027229309082,2.573720693588257,0.08431471139192581,0.053333260118961334,0.7256353199481964
3918,22.346467971801758,15.356056213378906,5.940335750579834,2.511005163192749,0.17012469470500946,0.08850294351577759,1.0605511665344238
3919,49.7603645324707,11.901904106140137,10.830327987670898,2.9606592655181885,0.06687556207180023,0.07330687344074249,1.0916343331336975
3920,28.516084671020508,4.898681640625,3.1323320865631104,2.2531402111053467,0.06988480687141418,0.03923051804304123,0.7821887731552124
3921,33.79944610595703,5.168772220611572,2.856273651123047,2.0238707065582275,0.09942862391471863,0.028596628457307816,0.681649923324585
3922,38.15297317504883,6.702926158905029,7.484379768371582,2.4266185760498047,0.13090471923351288,0.10911983996629715,0.731707751750946
3923,28.2142391204834,14.531085014343262,4.495534420013428,2.963441848754883,0.25004157423973083,0.046601586043834686,1.003357082605362
3924,37.67938232421875,5.030072212219238,3.8568975925445557,2.319913864135742,0.05473489314317703,0.05701300501823425,0.8533888459205627
3925,28.171314239501953,7.423367500305176,4.957764625549316,1.9976664781570435,0.09704479575157166,0.053130608052015305,0.7681958079338074
3926,42.23341369628906,6.916879177093506,4.985413074493408,2.4940528869628906,0.06588418036699295,0.04924599453806877,0.8946036100387573
3927,40.405792236328125,8.360274314880371,5.317226886749268,2.628462076187134,0.07307778298854828,0.04472791403532028,0.7947680056095123
3928,40.196861267089844,4.410513877868652,9.679244995117188,2.8652427196502686,0.07004234194755554,0.05831199884414673,0.9285614788532257
3929,37.8660774230957,11.09852123260498,4.934170722961426,2.5098142623901367,0.06488785892724991,0.05281936749815941,0.859541267156601
3930,29.187082290649414,15.349257469177246,7.671180725097656,2.2895541191101074,0.2177848219871521,0.11030612885951996,0.6708599328994751
3931,53.30654525756836,8.388606071472168,4.640542030334473,2.3301994800567627,0.08044496923685074,0.08981728553771973,0.6860138177871704
3932,31.709800720214844,3.034716844558716,1.172646403312683,2.7017252445220947,0.049394913017749786,0.028880037367343903,0.8888058066368103
3933,47.14201736450195,17.85824203491211,4.224880695343018,2.2871673107147217,0.24074068665504456,0.06696654856204987,0.9289152026176453
3934,34.1364860534668,7.458075046539307,3.6158435344696045,2.417170286178589,0.06863735616207123,0.05310726538300514,0.8822529315948486
3935,22.0146484375,11.237857818603516,1.595399022102356,2.8254005908966064,0.15394967794418335,0.040162667632102966,1.1811497807502747
3936,23.8420352935791,7.631406784057617,2.924945592880249,2.821136236190796,0.2229209989309311,0.04985152930021286,1.1197991967201233
3937,26.601083755493164,6.329954624176025,3.0686604976654053,3.099989891052246,0.12828384339809418,0.05216059461236,1.1141473650932312
3938,25.235673904418945,14.461525917053223,4.1579790115356445,2.0008420944213867,0.12415584921836853,0.06223685294389725,0.7298084497451782
3939,25.641801834106445,11.005412101745605,6.992968559265137,1.9678938388824463,0.08843380957841873,0.10833249986171722,0.7869172990322113
3940,43.3611946105957,4.480262279510498,2.2085349559783936,2.9778494834899902,0.054453011602163315,0.04366188868880272,1.12100750207901
3941,25.314237594604492,4.399360656738281,8.586278915405273,2.2852094173431396,0.04505884647369385,0.19509169459342957,0.7596592307090759
3942,36.448001861572266,6.292103290557861,3.8762502670288086,2.1891894340515137,0.1311277151107788,0.08926607668399811,0.6466293334960938
3943,21.920040130615234,11.028889656066895,7.01869535446167,2.3330726623535156,0.13593368232250214,0.06320895999670029,0.7347228527069092
3944,71.07019805908203,7.667146682739258,3.7309629917144775,3.003448724746704,0.10578492283821106,0.04982250928878784,1.012718826532364
3945,31.039306640625,10.51449203491211,3.9348702430725098,1.9506428241729736,0.08588258922100067,0.0766722708940506,0.75043785572052
3946,37.347415924072266,4.941778182983398,2.6045968532562256,2.4707672595977783,0.06008850038051605,0.04478288069367409,0.9139821529388428
3947,22.962434768676758,15.090520858764648,3.9492127895355225,2.465791702270508,0.12862688302993774,0.04864770174026489,0.8394820690155029
3948,40.07461929321289,5.3717875480651855,3.3521664142608643,2.735102415084839,0.05448830872774124,0.04378572478890419,0.8405207097530365
3949,27.994327545166016,6.680500030517578,2.458561420440674,2.586045742034912,0.07431966811418533,0.038333386182785034,0.8619456589221954
3950,43.72001647949219,11.038259506225586,4.580907344818115,2.632359027862549,0.1325782835483551,0.04264269024133682,0.703374445438385
3951,24.080698013305664,8.029352188110352,2.7206504344940186,2.2491209506988525,0.08536027371883392,0.04927511885762215,0.8141455054283142
3952,31.893651962280273,7.167724132537842,3.6527726650238037,2.0101945400238037,0.11834539473056793,0.09058444201946259,0.7192930281162262
3953,32.67914962768555,6.95635986328125,4.530117511749268,2.2879750728607178,0.08047324419021606,0.052026040852069855,0.8198612928390503
3954,32.449256896972656,6.077739238739014,5.316509246826172,2.501439094543457,0.04928639531135559,0.0807541161775589,0.6876988708972931
3955,29.523334503173828,5.370490550994873,7.416725158691406,2.547182321548462,0.09611620008945465,0.0761774405837059,0.8304054737091064
3956,35.78417205810547,6.581786632537842,5.76629638671875,2.5582644939422607,0.06872248649597168,0.10727904736995697,0.8392286896705627
3957,30.759315490722656,5.053832530975342,4.994213581085205,2.290196180343628,0.06876680254936218,0.07521101087331772,0.6397880613803864
3958,32.8410758972168,4.9530439376831055,2.267441987991333,2.748443841934204,0.055953480303287506,0.03669285029172897,0.7715671956539154
3959,24.051097869873047,3.2836406230926514,4.142739295959473,3.058763265609741,0.06086968258023262,0.0666646659374237,1.1006125807762146
3960,80.90802764892578,5.548981666564941,5.058903217315674,2.484182834625244,0.04930807650089264,0.10664910823106766,0.6544762849807739
3961,26.729698181152344,6.650818824768066,2.4232900142669678,2.1553773880004883,0.10377921909093857,0.03548697009682655,0.6539691537618637
3962,27.448867797851562,6.2057576179504395,4.872495174407959,2.0450925827026367,0.07217903435230255,0.07907520234584808,0.6538709104061127
3963,30.108686447143555,7.106278419494629,3.1536271572113037,2.5510802268981934,0.06967175751924515,0.03923064097762108,1.090113639831543
3964,33.3904914855957,3.6680588722229004,5.999629497528076,2.1104300022125244,0.037669453769922256,0.09152054041624069,0.6469931602478027
3965,39.30156326293945,4.884684085845947,7.178635597229004,2.6832783222198486,0.04600796103477478,0.10820569097995758,0.748316079378128
3966,26.447587966918945,6.3348493576049805,4.379502773284912,2.391237735748291,0.04823562502861023,0.07105817645788193,0.8074154257774353
3967,34.38669204711914,8.326101303100586,7.971358299255371,2.366250991821289,0.06807675212621689,0.07680200785398483,0.8637628555297852
3968,27.30149269104004,6.8528876304626465,3.1252777576446533,2.245196580886841,0.10031875967979431,0.0335528738796711,0.7341213524341583
3969,33.62238311767578,6.7036638259887695,5.931600570678711,2.220595121383667,0.09077313542366028,0.10178451240062714,0.7761103510856628
3970,37.637413024902344,8.418190956115723,7.5318989753723145,2.5501954555511475,0.09336758404970169,0.06281537562608719,0.9415186941623688
3971,36.656837463378906,12.437854766845703,3.7855777740478516,2.740919589996338,0.16779768466949463,0.053777314722537994,0.8099374771118164
3972,39.69367980957031,3.536468744277954,8.355913162231445,2.607520580291748,0.059747885912656784,0.08195516467094421,0.695804625749588
3973,27.875259399414062,10.542303085327148,4.104288578033447,2.3426172733306885,0.0744713544845581,0.04176516830921173,0.7016717195510864
3974,42.031192779541016,7.97509241104126,1.3349169492721558,2.6704163551330566,0.10189277678728104,0.03686597943305969,1.02455073595047
3975,29.320158004760742,12.159964561462402,5.373887062072754,2.3147432804107666,0.1331981122493744,0.06165573000907898,0.6134156584739685
3976,30.971298217773438,17.327308654785156,2.7840616703033447,2.3875300884246826,0.285388320684433,0.04887109249830246,0.7251132428646088
3977,25.74692726135254,18.905136108398438,4.363081932067871,2.6585733890533447,0.3159377872943878,0.08221825957298279,0.9208110570907593
3978,76.10443115234375,8.857108116149902,5.080564975738525,2.644840717315674,0.07125415652990341,0.0473983958363533,0.9549621343612671
3979,34.0801887512207,5.818509578704834,3.8540236949920654,2.411876678466797,0.04601246118545532,0.05423758924007416,0.8031790852546692
3980,27.368732452392578,11.847148895263672,4.403565883636475,2.5141565799713135,0.11199915409088135,0.05681881681084633,0.8479668498039246
3981,29.108627319335938,7.23025369644165,2.755481481552124,2.75295352935791,0.12035609036684036,0.054144058376550674,0.8404985666275024
3982,34.21217346191406,8.034647941589355,2.980794668197632,2.395909309387207,0.07065913081169128,0.042362622916698456,0.7875916957855225
3983,27.524824142456055,7.986686706542969,3.1576597690582275,2.2929928302764893,0.06628231704235077,0.045902349054813385,0.7819821238517761
3984,29.972753524780273,16.549015045166016,1.562301516532898,2.4746408462524414,0.18608778715133667,0.041721269488334656,0.7604699432849884
3985,28.995439529418945,8.305920600891113,2.3626198768615723,2.821552038192749,0.1805267035961151,0.03186384588479996,1.109588384628296
3986,42.02412414550781,12.690183639526367,2.6068856716156006,2.225330114364624,0.061279378831386566,0.03880102187395096,0.6733067035675049
3987,28.476593017578125,9.328824043273926,8.228219032287598,2.221526622772217,0.08002635836601257,0.1061021164059639,0.702020138502121
3988,32.37769317626953,5.727904319763184,5.3335700035095215,2.540318250656128,0.05513199418783188,0.06151857227087021,0.9194951057434082
3989,37.225868225097656,9.59598445892334,4.997406959533691,3.018537759780884,0.0729886144399643,0.06953811645507812,0.9227117896080017
3990,40.990169525146484,4.064988136291504,2.746455192565918,2.089630365371704,0.052747584879398346,0.061973895877599716,0.6952012777328491
3991,45.73319625854492,5.894038200378418,3.0258662700653076,2.693216323852539,0.10669007897377014,0.049471862614154816,0.8656327426433563
3992,39.5595703125,4.49721622467041,10.240242004394531,2.3537585735321045,0.051517896354198456,0.12584653496742249,0.9287061393260956
3993,24.377321243286133,4.765726089477539,6.759098052978516,2.870410442352295,0.051142893731594086,0.05721805989742279,0.8445451259613037
3994,77.36273956298828,8.08150863647461,2.5077481269836426,2.539790630340576,0.051093690097332,0.032607778906822205,0.6620056927204132
3995,49.714141845703125,9.542130470275879,7.549150466918945,2.0838332176208496,0.08959828317165375,0.1110074520111084,0.6045548319816589
3996,47.68326950073242,6.643316268920898,3.0504212379455566,3.203866481781006,0.09453245997428894,0.04907075688242912,1.0618675649166107
3997,63.810272216796875,32.290714263916016,7.376580715179443,2.267662286758423,0.15779425203800201,0.1073579341173172,0.7156694829463959
3998,54.76519775390625,6.620607852935791,4.50255823135376,2.9367878437042236,0.057960815727710724,0.06199043244123459,0.9130701422691345
3999,53.7273063659668,13.538008689880371,1.9586540460586548,2.371474266052246,0.3202787935733795,0.0241230595856905,0.7454066276550293
4000,41.307861328125,9.289097785949707,3.9791653156280518,2.1656157970428467,0.12142102420330048,0.06024350970983505,0.8433699905872345
4001,42.48668670654297,13.630410194396973,2.3974714279174805,2.3146774768829346,0.08838751912117004,0.0341731458902359,0.8859931230545044
4002,41.706363677978516,5.338528156280518,4.4004387855529785,2.3204739093780518,0.06750831007957458,0.05075898766517639,0.8733945488929749
4003,36.3581428527832,13.66152572631836,7.343819618225098,2.573070526123047,0.24793028831481934,0.09582491219043732,0.7646750211715698
4004,34.19184875488281,12.068840026855469,6.073055267333984,2.291231632232666,0.13193580508232117,0.06786227226257324,0.8499776422977448
4005,29.97438621520996,18.276649475097656,5.05013370513916,2.4067835807800293,0.21967154741287231,0.06043738126754761,0.7700755894184113
4006,47.372501373291016,5.852290153503418,2.9608542919158936,2.9348933696746826,0.04202500358223915,0.04202695190906525,0.9452387988567352
4007,27.86261749267578,5.320701599121094,5.947864532470703,2.8384647369384766,0.04583551734685898,0.07987399399280548,0.9108309149742126
4008,28.87968635559082,9.834263801574707,3.3381142616271973,3.470041275024414,0.12731893360614777,0.04395267739892006,1.2108935713768005
4009,41.64052963256836,5.299241542816162,1.6642168760299683,2.877915382385254,0.07555601745843887,0.036648787558078766,0.9740864038467407
4010,52.190673828125,3.4898040294647217,2.7167675495147705,2.6554884910583496,0.07408484816551208,0.04649233818054199,0.9020754098892212
4011,46.22064208984375,14.509658813476562,2.6234328746795654,2.60233736038208,0.14863012731075287,0.03612874820828438,0.8649730086326599
4012,52.928287506103516,7.103451728820801,8.471161842346191,2.2919809818267822,0.07738054543733597,0.12653324007987976,0.8105781674385071
4013,35.15275573730469,12.301669120788574,2.5464611053466797,2.3812341690063477,0.15135318040847778,0.04270769655704498,0.7113280594348907
4014,24.248714447021484,12.092227935791016,5.028328895568848,2.5671732425689697,0.14045807719230652,0.046253643929958344,0.7626676261425018
4015,32.51926040649414,5.16653299331665,6.627984046936035,2.501004219055176,0.07555960863828659,0.07531817257404327,0.8115893006324768
4016,39.39772033691406,11.956918716430664,4.801244258880615,2.353905439376831,0.08527393639087677,0.05811958760023117,0.9013081192970276
4017,37.95706558227539,25.937868118286133,3.5895566940307617,2.4399516582489014,0.23703473806381226,0.06527535617351532,0.6566575467586517
4018,59.30733871459961,10.125005722045898,2.9034101963043213,2.76753306388855,0.19082868099212646,0.049790654331445694,0.9568235874176025
4019,44.065887451171875,8.328465461730957,3.5700533390045166,2.266165256500244,0.07289944589138031,0.043536871671676636,0.7796891629695892
4020,34.48775863647461,7.51334285736084,3.05198073387146,2.0364086627960205,0.09565741568803787,0.033000193536281586,0.7324269115924835
4021,36.01295471191406,9.592643737792969,5.108795642852783,2.1579182147979736,0.06312622129917145,0.058234937489032745,0.7377255856990814
4022,38.362022399902344,9.132305145263672,3.344036102294922,2.6897709369659424,0.09183163940906525,0.05628900229930878,0.7877580523490906
4023,50.457637786865234,9.92032527923584,3.243727207183838,2.4742846488952637,0.09620649367570877,0.04547712206840515,0.8518082797527313
4024,48.47992706298828,5.147526741027832,8.126806259155273,3.004852294921875,0.08943592756986618,0.1272841840982437,0.8329563736915588
4025,31.66364288330078,13.99866771697998,2.835761308670044,2.203540563583374,0.14153781533241272,0.04061952978372574,0.6916339695453644
4026,39.58406066894531,7.677327632904053,4.055313587188721,2.063755750656128,0.10519501566886902,0.07690893858671188,0.6870152354240417
4027,76.53782653808594,12.821722984313965,2.52347731590271,2.1871187686920166,0.0878860354423523,0.0466446690261364,0.6862923800945282
4028,33.90358352661133,5.028437614440918,9.01137638092041,2.4725422859191895,0.06177544221282005,0.11280503123998642,0.8016380667686462
4029,54.932491302490234,7.1282172203063965,3.763479232788086,1.9967275857925415,0.09036827832460403,0.04272253066301346,0.654006838798523
4030,34.269317626953125,7.02960729598999,5.210205554962158,2.573338747024536,0.146257221698761,0.05009346082806587,0.8703824877738953
4031,42.51189041137695,5.37352991104126,4.791622161865234,2.6012721061706543,0.07534801959991455,0.16562658548355103,0.793971985578537
4032,43.62308883666992,8.729837417602539,7.333767414093018,2.9054718017578125,0.12264671921730042,0.07402223348617554,0.9964039325714111
4033,41.61751174926758,7.883543491363525,4.759116172790527,3.0706934928894043,0.15897327661514282,0.051399171352386475,1.1008031368255615
4034,39.316619873046875,4.761864185333252,5.0462236404418945,2.5156707763671875,0.06606326252222061,0.06899626553058624,0.953812301158905
4035,31.491661071777344,5.993004322052002,5.990704536437988,2.3419651985168457,0.06445503979921341,0.13704457879066467,0.6614609360694885
4036,34.46015548706055,7.254149436950684,2.3610599040985107,2.4081149101257324,0.0846412405371666,0.03987030312418938,0.8390315771102905
4037,27.100873947143555,8.854836463928223,5.194900035858154,2.043534517288208,0.10945091396570206,0.16107623279094696,0.5924170017242432
4038,33.23163604736328,3.0804522037506104,6.439012050628662,3.031836748123169,0.04387678951025009,0.08994875103235245,0.9393845796585083
4039,32.49183654785156,9.03486156463623,4.9695940017700195,2.324920415878296,0.11495950818061829,0.07273782044649124,0.8302648365497589
4040,35.0986213684082,8.918088912963867,2.39796781539917,3.057450532913208,0.09249690920114517,0.039843298494815826,1.0651361346244812
4041,33.19708251953125,7.405360698699951,3.460716485977173,2.860081672668457,0.06177182495594025,0.035382822155952454,0.8886438012123108
4042,32.2933464050293,15.468954086303711,3.876542329788208,2.5069713592529297,0.151195228099823,0.04857818782329559,0.8662441968917847
4043,31.978548049926758,8.291365623474121,4.4730024337768555,2.2117555141448975,0.12578794360160828,0.04615327715873718,0.8050368428230286
4044,33.690528869628906,6.493700981140137,7.94683837890625,2.229621410369873,0.07015068829059601,0.1626683473587036,0.64175945520401
4045,26.207414627075195,6.003226280212402,4.545289993286133,2.213080406188965,0.035532694309949875,0.07872185111045837,0.7493842244148254
4046,42.356319427490234,5.114389419555664,4.445080280303955,2.5266921520233154,0.0416581928730011,0.04037626087665558,0.7344569563865662
4047,33.068084716796875,6.179371356964111,6.0371413230896,2.4945342540740967,0.04149526357650757,0.07163380831480026,0.7935876250267029
4048,51.171546936035156,2.6517655849456787,7.425556659698486,2.6434295177459717,0.03011889010667801,0.139818012714386,0.7729188501834869
4049,40.48286819458008,7.163939952850342,5.839874267578125,2.871528387069702,0.07442061603069305,0.06634832918643951,0.957031786441803
4050,53.49325180053711,6.091220855712891,6.006131649017334,2.4680073261260986,0.06692149490118027,0.06555894017219543,0.8114051818847656
4051,34.57125473022461,3.8683347702026367,4.412292003631592,2.2237918376922607,0.04292130842804909,0.06018112599849701,0.6454732716083527
4052,34.96464920043945,8.483973503112793,3.784844398498535,2.868967294692993,0.08621856570243835,0.05167118459939957,1.0587854981422424
4053,43.48042678833008,10.986310005187988,6.397435665130615,2.2659921646118164,0.12406669557094574,0.09087017178535461,0.7929690778255463
4054,34.39630126953125,10.373941421508789,3.4533679485321045,2.52500057220459,0.09822860360145569,0.04653322696685791,0.9131579995155334
4055,42.82207489013672,5.123226165771484,2.620102643966675,2.5299911499023438,0.04070620983839035,0.049661245197057724,0.8298958837985992
4056,39.126556396484375,12.461714744567871,5.187138557434082,2.403317451477051,0.2714397609233856,0.08765441924333572,0.6518763899803162
4057,33.848384857177734,4.975413799285889,2.843083620071411,2.176814317703247,0.06665653735399246,0.0359712690114975,0.6635007858276367
4058,33.27898406982422,4.819347381591797,1.1756013631820679,2.7391014099121094,0.05193549022078514,0.026511110365390778,0.7686938047409058
4059,41.82553482055664,6.23166036605835,4.958120346069336,2.2926180362701416,0.0797584280371666,0.05493878573179245,0.6965507566928864
4060,33.68161392211914,12.236586570739746,2.2341361045837402,2.5832924842834473,0.07113155722618103,0.03394346684217453,0.8392338156700134
4061,22.745933532714844,5.871327877044678,5.038780212402344,2.9469728469848633,0.06412875652313232,0.06370386481285095,1.142660766839981
4062,32.804359436035156,9.620722770690918,3.9617342948913574,2.187157392501831,0.09375480562448502,0.05812133103609085,0.7216427624225616
4063,44.610267639160156,6.094315052032471,1.9974846839904785,2.9522008895874023,0.06555812060832977,0.035854555666446686,0.9686307907104492
4064,44.200843811035156,4.241706848144531,6.659305572509766,2.382721424102783,0.058753252029418945,0.11219233274459839,0.6156935691833496
4065,38.02009582519531,4.562943935394287,5.668581485748291,2.218615770339966,0.06548215448856354,0.05726558715105057,0.7466532289981842
4066,30.204242706298828,9.234307289123535,6.6382246017456055,1.8834601640701294,0.12335208058357239,0.08750420063734055,0.7066641747951508
4067,25.94093132019043,5.295912742614746,5.407238006591797,2.2520599365234375,0.07867999374866486,0.07542648911476135,0.7580003142356873
4068,51.51821517944336,3.361063003540039,6.4006571769714355,2.4052934646606445,0.05260228365659714,0.0634050965309143,0.8873706758022308
4069,48.51995086669922,5.123488426208496,11.817307472229004,1.9764416217803955,0.08584293723106384,0.09501750022172928,0.6840565204620361
4070,34.764739990234375,3.695474147796631,5.401860237121582,2.1544158458709717,0.05267617851495743,0.06083091348409653,0.7115854322910309
4071,25.802064895629883,14.436047554016113,3.663297653198242,2.0544848442077637,0.14123791456222534,0.05805252119898796,0.7623358368873596
4072,29.113574981689453,3.998115062713623,2.7866902351379395,2.603458881378174,0.04140300303697586,0.05050205439329147,0.8838322162628174
4073,36.48143005371094,6.84065055847168,5.610052108764648,2.4209394454956055,0.05050297826528549,0.08058971166610718,0.7435962557792664
4074,40.16743850708008,9.957944869995117,6.390233516693115,2.3054256439208984,0.14173869788646698,0.1294790506362915,0.630612313747406
4075,30.619356155395508,6.130352973937988,7.612005710601807,2.5197739601135254,0.05851353332400322,0.06455080211162567,0.6602538526058197
4076,32.01228332519531,6.6655449867248535,7.600785732269287,2.428656578063965,0.06969518959522247,0.12301047891378403,0.7686638832092285
4077,37.88801574707031,5.481019496917725,3.6287992000579834,2.502990961074829,0.04171435534954071,0.056931301951408386,0.8266615867614746
4078,48.15764236450195,10.391620635986328,5.158295631408691,2.670339345932007,0.13799959421157837,0.08253487944602966,0.7004871964454651
4079,32.612709045410156,4.453371047973633,6.705878257751465,2.6134064197540283,0.048998985439538956,0.08571547269821167,0.8134479522705078
4080,44.60749816894531,14.11796760559082,4.619656085968018,2.478304862976074,0.2740776240825653,0.06085849180817604,0.7367054224014282
4081,33.19256591796875,4.876330375671387,6.564658164978027,2.480928659439087,0.047085803002119064,0.08371239900588989,0.8007175028324127
4082,55.13551712036133,5.361349105834961,7.223814010620117,2.122572422027588,0.050630539655685425,0.17404156923294067,0.5700806975364685
4083,26.984357833862305,4.542537212371826,10.806313514709473,2.334641218185425,0.06232333555817604,0.10895099490880966,0.6977746486663818
4084,33.3026237487793,11.105836868286133,6.033969879150391,2.2073090076446533,0.23305076360702515,0.11511549353599548,0.7889856100082397
4085,46.89878845214844,6.64034366607666,3.1929914951324463,2.5997960567474365,0.1319238692522049,0.0593886524438858,0.7556706964969635
4086,52.682533264160156,1.7893545627593994,5.159701347351074,3.0321483612060547,0.043024033308029175,0.053717344999313354,1.0450629591941833
4087,34.284332275390625,3.9148802757263184,4.615379333496094,2.912294626235962,0.05388329178094864,0.058575354516506195,1.071798861026764
4088,47.40678024291992,13.501882553100586,6.621582984924316,2.6093509197235107,0.13152337074279785,0.08130355924367905,0.824284017086029
4089,48.89514923095703,2.5432016849517822,8.179956436157227,2.302788496017456,0.034209027886390686,0.1171453669667244,0.8138921558856964
4090,40.74467849731445,6.293920993804932,4.43586540222168,2.9785633087158203,0.1255694180727005,0.05439706891775131,1.0005524158477783
4091,49.83335494995117,6.326408386230469,3.2676100730895996,2.438265562057495,0.06032261997461319,0.05543634295463562,0.7199489176273346
4092,41.89261245727539,21.06824493408203,6.113579750061035,2.4575588703155518,0.2636644244194031,0.09008593112230301,0.7112553119659424
4093,27.27470588684082,11.414693832397461,7.544040679931641,1.8818631172180176,0.13295038044452667,0.06025245040655136,0.6018432080745697
4094,34.0823860168457,3.8548762798309326,8.833552360534668,2.4735336303710938,0.04422086849808693,0.15820641815662384,0.6719127893447876
4095,43.41359329223633,12.051210403442383,2.8416497707366943,2.1032838821411133,0.17276456952095032,0.037010952830314636,0.8210142850875854
4096,28.39478874206543,11.351312637329102,4.797752857208252,2.705141305923462,0.13399633765220642,0.08657272160053253,1.0987070202827454
4097,30.509323120117188,5.294083595275879,5.510708808898926,2.3169124126434326,0.08015240728855133,0.03844716399908066,0.7254219055175781
4098,29.782882690429688,3.502279043197632,5.691681385040283,2.288754463195801,0.04493468999862671,0.08722938597202301,0.9031756520271301
4099,28.743694305419922,16.807479858398438,3.5297889709472656,2.7738430500030518,0.11780229210853577,0.05111280828714371,0.7757217586040497
4100,44.2034912109375,10.673269271850586,4.466817378997803,3.017756938934326,0.10437221825122833,0.05247330665588379,0.9404471218585968
4101,30.946636199951172,7.499288082122803,1.8384684324264526,2.642826557159424,0.11065761744976044,0.03761414811015129,0.9679000973701477
4102,28.933570861816406,10.311040878295898,4.782049179077148,2.5351831912994385,0.1683858335018158,0.05992686748504639,0.7313660681247711
4103,27.637178421020508,5.7680888175964355,5.629430294036865,2.60111665725708,0.05669685825705528,0.0663856714963913,0.8995569348335266
4104,25.156118392944336,6.673391819000244,4.13391637802124,2.6589949131011963,0.0702924132347107,0.057606715708971024,0.7554857134819031
4105,22.643939971923828,7.1909942626953125,5.244602203369141,2.2589616775512695,0.0653986856341362,0.07583945244550705,0.7337429523468018
4106,42.79139709472656,7.488988876342773,4.214168071746826,2.2429563999176025,0.10410851985216141,0.03540009632706642,0.7073872238397598
4107,27.453710556030273,7.31549072265625,9.531196594238281,2.2215375900268555,0.07372276484966278,0.22545573115348816,0.6839368939399719
4108,26.082740783691406,6.128934860229492,5.330879211425781,2.425055503845215,0.06928728520870209,0.08097662031650543,0.6563450992107391
4109,44.6951789855957,9.268062591552734,2.446165084838867,2.442183494567871,0.05449835956096649,0.03329388052225113,0.7569041550159454
4110,26.5477237701416,8.672733306884766,3.6890552043914795,2.2112929821014404,0.16405504941940308,0.06375819444656372,0.7327311038970947
4111,30.27120590209961,6.6621198654174805,8.428962707519531,2.649357795715332,0.0955938771367073,0.05861608311533928,0.8235439956188202
4112,78.31614685058594,7.494369983673096,5.320876598358154,2.253174304962158,0.0691811740398407,0.10579808056354523,0.7120556831359863
4113,39.11518096923828,8.506498336791992,2.761810302734375,2.492384910583496,0.07094923406839371,0.03668438270688057,0.7402236759662628
4114,37.41236877441406,3.4758265018463135,9.098464012145996,2.2245254516601562,0.07574378699064255,0.059086158871650696,0.9041051864624023
4115,34.17606735229492,6.814624786376953,1.653247356414795,2.376763343811035,0.07373499125242233,0.036330386996269226,0.7012850642204285
4116,33.6521110534668,5.603743553161621,2.81657338142395,2.655707359313965,0.04543401673436165,0.03909803181886673,0.8003417253494263
4117,30.0183162689209,8.604031562805176,7.354776382446289,3.2679755687713623,0.06578823179006577,0.06525684148073196,1.0753856301307678
4118,29.675012588500977,5.016231536865234,2.8370447158813477,2.190617322921753,0.060475654900074005,0.04186447709798813,0.849270224571228
4119,31.60142707824707,9.402382850646973,7.19027853012085,2.261491298675537,0.06445999443531036,0.09421578794717789,0.6809764206409454
4120,37.020626068115234,10.275318145751953,8.011725425720215,2.6419296264648438,0.10596691817045212,0.10904838889837265,0.9092543423175812
4121,47.12797546386719,5.755540370941162,3.1921372413635254,3.5799880027770996,0.07764887064695358,0.0456111878156662,1.18563973903656
4122,31.486085891723633,9.66054916381836,2.9576642513275146,2.357698678970337,0.09571697562932968,0.04636649787425995,0.6926234066486359
4123,40.7515869140625,18.306446075439453,3.490546226501465,2.7397172451019287,0.22796398401260376,0.04100607708096504,1.005063235759735
4124,46.39454650878906,4.058499336242676,6.448730945587158,2.102602958679199,0.05052097886800766,0.07828941941261292,0.7637408375740051
4125,42.1583366394043,4.182596206665039,6.25101900100708,2.034543037414551,0.046471744775772095,0.11552096903324127,0.5780714452266693
4126,29.531837463378906,15.73973274230957,4.105370998382568,2.5438737869262695,0.22502267360687256,0.056532733142375946,0.7682219445705414
4127,58.790794372558594,8.33287525177002,2.6886911392211914,2.6064984798431396,0.04475077986717224,0.025297850370407104,0.6765383780002594
4128,35.29893112182617,14.018548011779785,3.3933217525482178,2.272840738296509,0.0676451325416565,0.057126350700855255,0.6105905771255493
4129,39.927032470703125,12.385324478149414,3.627767562866211,2.719449043273926,0.19099989533424377,0.04465878754854202,0.7454587519168854
4130,37.80677032470703,13.656973838806152,5.1065239906311035,2.9164371490478516,0.15329889953136444,0.07577457278966904,0.7704774439334869
4131,25.336332321166992,4.423119068145752,4.133162498474121,2.6591804027557373,0.03620980679988861,0.0550139956176281,0.9713572859764099
4132,48.00484085083008,8.514986038208008,8.913558959960938,1.912842035293579,0.10235744714736938,0.21607808768749237,0.7762774527072906
4133,33.693241119384766,5.6838507652282715,3.734815835952759,2.228813886642456,0.10329902172088623,0.05468656122684479,0.7185041010379791
4134,45.70494842529297,10.543978691101074,3.634446620941162,2.66451096534729,0.09563528001308441,0.04722344130277634,0.8620763719081879
4135,28.73020362854004,9.462029457092285,3.2082290649414062,2.211766242980957,0.1540146768093109,0.028748827055096626,0.7206717431545258
4136,33.71582794189453,3.8827896118164062,3.9181909561157227,2.7969608306884766,0.04440423846244812,0.05551495403051376,0.8314665853977203
4137,28.375022888183594,5.445371627807617,3.945927381515503,2.880814790725708,0.05835765600204468,0.03350471705198288,0.9487631022930145
4138,43.66944122314453,9.829568862915039,3.1154158115386963,2.312268018722534,0.07577472180128098,0.05612707883119583,0.7808939814567566
4139,42.87890625,8.024553298950195,2.2992005348205566,2.4506146907806396,0.08868841826915741,0.03710709512233734,0.7451885640621185
4140,42.30272674560547,9.617463111877441,7.457064628601074,2.3584322929382324,0.05509249120950699,0.11488842219114304,0.6790736019611359
4141,32.946285247802734,5.960021018981934,5.941526412963867,2.801401138305664,0.07062280178070068,0.122715525329113,0.8923851251602173
4142,31.311140060424805,7.281493663787842,4.930006504058838,1.9229990243911743,0.08155158162117004,0.07673511654138565,0.644780695438385
4143,43.163604736328125,5.442347526550293,7.83785343170166,2.6098594665527344,0.07275788486003876,0.11764183640480042,0.723644345998764
4144,45.49120330810547,6.928228855133057,10.630757331848145,1.9886362552642822,0.06311284005641937,0.1604400873184204,0.7407469749450684
4145,35.227088928222656,10.538488388061523,10.146960258483887,2.008770704269409,0.18412819504737854,0.09631628543138504,0.5920189321041107
4146,31.654674530029297,3.5989794731140137,3.9106953144073486,2.545180082321167,0.04405078664422035,0.06318949908018112,0.7826051712036133
4147,41.60477066040039,15.434904098510742,2.468468189239502,2.70306658744812,0.16337107121944427,0.032467715442180634,0.7171452939510345
4148,31.241825103759766,4.400080680847168,5.948685169219971,2.543792963027954,0.05664447322487831,0.10216684639453888,0.736068606376648
4149,34.594459533691406,6.228310585021973,4.691956043243408,2.3049275875091553,0.06982671469449997,0.06878702342510223,0.6326800584793091
4150,50.416683197021484,10.016120910644531,5.991313934326172,2.572611093521118,0.1283251792192459,0.08831172436475754,0.7791555821895599
4151,41.25421142578125,9.099851608276367,5.422933578491211,2.4442825317382812,0.07957533746957779,0.05598705634474754,0.8385839462280273
4152,34.328060150146484,15.51073169708252,10.29059886932373,2.2358524799346924,0.14262385666370392,0.21349114179611206,0.7062654197216034
4153,30.586620330810547,11.563098907470703,6.890535831451416,2.121565341949463,0.11981825530529022,0.08524777740240097,0.7561081349849701
4154,36.5594367980957,5.320772647857666,3.7105541229248047,2.059108257293701,0.06656539440155029,0.07996734231710434,0.6971974670886993
4155,50.2820930480957,3.124253988265991,3.8172481060028076,2.294842481613159,0.0358642041683197,0.0462992787361145,0.7991559505462646
4156,29.075716018676758,5.673468589782715,4.511708736419678,2.2451930046081543,0.07797954976558685,0.08412215113639832,0.7444454431533813
4157,55.71397399902344,5.807100296020508,5.7237324714660645,2.022761583328247,0.05635211244225502,0.09756841510534286,0.6567929983139038
4158,31.473140716552734,4.419950485229492,2.3894240856170654,2.700162887573242,0.04887860268354416,0.04223562777042389,0.8344227075576782
4159,29.681764602661133,9.734456062316895,2.825387954711914,2.3220374584198,0.11974169313907623,0.04391668736934662,0.764021098613739
4160,28.803110122680664,9.251537322998047,4.443848609924316,1.9226932525634766,0.06911440193653107,0.04660443589091301,0.7104051411151886
4161,43.3020133972168,6.304401874542236,5.306179046630859,2.15885853767395,0.07568532228469849,0.04791043698787689,0.7428385019302368
4162,38.130706787109375,1.6513992547988892,3.847329616546631,2.659778594970703,0.03201521933078766,0.05894208699464798,0.7757212519645691
4163,48.18524169921875,14.126641273498535,4.759881496429443,1.9822733402252197,0.2631092071533203,0.07644468545913696,0.7184809446334839
4164,34.546443939208984,5.883182525634766,2.455825090408325,2.27323055267334,0.07690457999706268,0.04721709340810776,0.7314862310886383
4165,33.696624755859375,5.28142786026001,3.2482948303222656,2.1189630031585693,0.07536640763282776,0.046397045254707336,0.6783306300640106
4166,54.8338737487793,6.7794365882873535,3.527035713195801,2.2645490169525146,0.1389140486717224,0.03110591694712639,0.7701984643936157
4167,22.240633010864258,2.9150795936584473,4.61577033996582,2.7653884887695312,0.03179745748639107,0.07274715602397919,0.9486613273620605
4168,61.098243713378906,4.644887924194336,1.542248249053955,2.51711106300354,0.050421010702848434,0.03227343410253525,0.837817519903183
4169,30.940237045288086,6.020170211791992,11.121814727783203,2.4757566452026367,0.07705001533031464,0.15032535791397095,0.8854562640190125
4170,25.95807647705078,3.675510883331299,6.778491973876953,2.05031156539917,0.05109824240207672,0.1129438728094101,0.6694230735301971
4171,49.108009338378906,10.286134719848633,2.892793893814087,2.754169464111328,0.11750392615795135,0.045498114079236984,0.8526816368103027
4172,29.713668823242188,10.485057830810547,4.063514232635498,2.545931339263916,0.12777775526046753,0.07304000854492188,0.780583530664444
4173,33.16994857788086,6.9466872215271,8.940225601196289,2.4344799518585205,0.08392518013715744,0.08190694451332092,0.8004538714885712
4174,31.40359115600586,10.589719772338867,2.627166986465454,2.9514000415802,0.09448526799678802,0.03524891659617424,0.9674544334411621
4175,35.71769332885742,6.095279693603516,4.659765243530273,2.258324146270752,0.07484450936317444,0.04629135876893997,0.7343752980232239
4176,47.257747650146484,5.803146839141846,2.417586326599121,2.308577537536621,0.093684621155262,0.039834607392549515,0.7047758102416992
4177,34.79252243041992,8.46406364440918,7.927454471588135,2.0680925846099854,0.10683359205722809,0.09628043323755264,0.6553145051002502
4178,29.167442321777344,11.224785804748535,6.614617347717285,2.1278183460235596,0.1743602454662323,0.09935500472784042,0.5905320346355438
4179,38.17798614501953,2.885873794555664,2.2933900356292725,2.602015733718872,0.03615250065922737,0.04115161672234535,0.8861909210681915
4180,27.901472091674805,9.390576362609863,2.740462303161621,2.495157241821289,0.14681528508663177,0.03709538280963898,0.7332130074501038
4181,35.83735275268555,11.223519325256348,6.645915508270264,2.2645962238311768,0.13306951522827148,0.10732965171337128,0.7700528502464294
4182,26.76177978515625,5.253486156463623,4.125957489013672,2.4133188724517822,0.05924750864505768,0.09277466684579849,0.8235934972763062
4183,24.291576385498047,10.990358352661133,3.6409623622894287,2.2636818885803223,0.07662798464298248,0.07783209532499313,0.8639567494392395
4184,44.75684356689453,6.9853386878967285,6.423867702484131,2.36639404296875,0.11260297894477844,0.11693970113992691,0.9568947851657867
4185,35.30083465576172,5.035358428955078,5.497971057891846,2.341815233230591,0.0565534308552742,0.11659945547580719,0.7846370041370392
4186,43.502296447753906,7.972019195556641,8.696805953979492,2.48714017868042,0.11157676577568054,0.05517449975013733,0.8958990573883057
4187,94.40768432617188,11.17572021484375,2.9865641593933105,2.109360456466675,0.09647870808839798,0.050465721637010574,0.5574840605258942
4188,41.106834411621094,5.375709533691406,2.5932674407958984,2.410407781600952,0.06624186038970947,0.04630126804113388,0.8780538737773895
4189,32.09485626220703,17.299697875976562,9.410683631896973,1.624456763267517,0.11399247497320175,0.14412346482276917,0.5270077884197235
4190,55.52457046508789,1.517863154411316,5.188969135284424,2.4473283290863037,0.028389547020196915,0.08319276571273804,0.8635557591915131
4191,41.292659759521484,6.845620155334473,5.039903163909912,2.0736730098724365,0.06978020817041397,0.06077628582715988,0.7902844250202179
4192,39.40010070800781,7.533225059509277,2.683297872543335,2.630413770675659,0.07712677866220474,0.04387010633945465,0.7541601955890656
4193,41.84793472290039,10.587369918823242,3.498702049255371,2.076434373855591,0.10162586718797684,0.06398361176252365,0.7329307794570923
4194,23.329336166381836,9.988880157470703,9.63341236114502,2.5217764377593994,0.07090812176465988,0.06915867328643799,0.9265924394130707
4195,37.20484924316406,6.031287670135498,2.870145797729492,3.1640541553497314,0.05293482169508934,0.04113960266113281,0.9798896312713623
4196,52.71064376831055,7.880433082580566,3.995924472808838,3.5191028118133545,0.08467958122491837,0.048322781920433044,1.0355998873710632
4197,57.84522247314453,7.805675506591797,5.264021873474121,2.7700109481811523,0.09376055002212524,0.04454989731311798,0.8280337452888489
4198,35.029022216796875,6.1453776359558105,7.138484477996826,2.3535022735595703,0.08583905547857285,0.08992818742990494,0.758484274148941
4199,66.49107360839844,5.636300086975098,5.989803314208984,2.1709487438201904,0.06267958879470825,0.1380172073841095,0.5994106233119965
4200,32.13803482055664,5.603727340698242,3.054922342300415,2.5582940578460693,0.039822980761528015,0.053532496094703674,0.8996294140815735
4201,32.09111785888672,5.784438610076904,5.99294900894165,2.0837936401367188,0.08797048777341843,0.06895413994789124,0.6821838319301605
4202,30.281742095947266,15.856639862060547,12.740530967712402,2.378699541091919,0.11951752752065659,0.13547690212726593,0.9714218974113464
4203,26.53581428527832,3.70931077003479,3.95559024810791,2.7733471393585205,0.03684572875499725,0.04680328071117401,1.1660260558128357
4204,41.52280807495117,5.847588062286377,3.4093868732452393,2.727884292602539,0.03916895389556885,0.03320518136024475,0.7555838227272034
4205,39.47908401489258,9.492111206054688,4.438455581665039,2.2292401790618896,0.14633047580718994,0.05112534388899803,0.793895959854126
4206,51.820980072021484,4.901941299438477,4.569124698638916,3.0383834838867188,0.06371133029460907,0.06399527192115784,1.0131950378417969
4207,43.16465759277344,5.3199310302734375,4.612144947052002,2.8181204795837402,0.04027674347162247,0.04981110244989395,0.903844028711319
4208,63.472904205322266,10.225361824035645,9.406713485717773,2.619763135910034,0.14198604226112366,0.10502875596284866,0.7619703412055969
4209,35.50849914550781,11.855095863342285,8.622844696044922,2.6812281608581543,0.13992276787757874,0.11158783733844757,0.8167492747306824
4210,42.34297561645508,14.598465919494629,7.74578332901001,2.4946072101593018,0.22409164905548096,0.08723655343055725,0.7242730259895325
4211,27.223968505859375,7.9434733390808105,10.55046272277832,2.375554323196411,0.13476330041885376,0.21881981194019318,0.5972046554088593
4212,24.148387908935547,16.625192642211914,3.8057923316955566,2.5337026119232178,0.2057265043258667,0.05082282796502113,0.7746084034442902
4213,51.02263259887695,11.110377311706543,3.3275997638702393,2.256138801574707,0.17083048820495605,0.042399730533361435,0.794893205165863
4214,33.81037521362305,12.006547927856445,3.802856922149658,2.0264792442321777,0.1358548253774643,0.04586900398135185,0.7252942323684692
4215,38.84187316894531,11.26608943939209,4.760138511657715,2.300368547439575,0.09322628378868103,0.05081866309046745,0.7002119421958923
4216,49.03671646118164,14.297017097473145,10.691134452819824,1.8770085573196411,0.12092415243387222,0.06946815550327301,0.6647045761346817
4217,36.81494903564453,6.749884128570557,3.7607250213623047,2.6698009967803955,0.04697565734386444,0.051623232662677765,1.0243970155715942
4218,49.29434585571289,5.116815090179443,6.22993278503418,2.557565689086914,0.07561830431222916,0.06150925159454346,0.7907987236976624
4219,27.277305603027344,10.600786209106445,5.673817157745361,1.7853071689605713,0.26315391063690186,0.07267788052558899,0.546028733253479
4220,40.52591323852539,9.093539237976074,2.4065041542053223,2.3953616619110107,0.12332526594400406,0.03127313777804375,0.8035286366939545
4221,35.46401596069336,13.630796432495117,8.123795509338379,2.445925712585449,0.1874818205833435,0.09517548978328705,0.6494129002094269
4222,38.14530944824219,5.248924732208252,6.342459678649902,2.7784183025360107,0.07163186371326447,0.07807891815900803,1.1225993633270264
4223,37.940513610839844,4.664732933044434,2.8769783973693848,3.047361135482788,0.0652262419462204,0.047967828810214996,1.0172425508499146
4224,38.31020736694336,8.155009269714355,3.4343669414520264,2.511943817138672,0.06193031370639801,0.044630616903305054,0.7550334334373474
4225,46.395626068115234,3.1146039962768555,3.5011167526245117,2.6950185298919678,0.032131075859069824,0.035366252064704895,0.795977771282196
4226,36.728607177734375,7.5708112716674805,7.4321794509887695,2.169659376144409,0.07498206198215485,0.13378769159317017,0.6569397151470184
4227,35.459754943847656,8.12468433380127,4.798433780670166,2.3323092460632324,0.07878880202770233,0.06106245517730713,0.8161525130271912
4228,35.338619232177734,7.058362007141113,5.451650619506836,2.3277645111083984,0.041251376271247864,0.05507117509841919,0.648693710565567
4229,35.41960906982422,3.698342800140381,3.737011671066284,2.639885902404785,0.04478340595960617,0.058907292783260345,0.726762592792511
4230,33.08906936645508,7.711573600769043,5.477353572845459,2.688072681427002,0.08059702068567276,0.07083748281002045,0.8339295387268066
4231,32.3850212097168,5.668437957763672,1.8501310348510742,2.274970293045044,0.05491137132048607,0.03672400861978531,0.7383569180965424
4232,20.702587127685547,4.37280797958374,1.965762972831726,2.353745698928833,0.10710771381855011,0.03359607607126236,0.8318140506744385
4233,68.84300994873047,5.529447078704834,10.406349182128906,2.147303342819214,0.054260872304439545,0.17594030499458313,0.6639887392520905
4234,40.07905578613281,14.992941856384277,8.077539443969727,2.30586838722229,0.14565207064151764,0.18058979511260986,0.7202935814857483
4235,40.70159149169922,11.24137020111084,5.463581562042236,2.3226609230041504,0.09195316582918167,0.12550684809684753,0.6889981031417847
4236,43.886173248291016,8.205961227416992,7.5371413230896,2.317078113555908,0.08125731348991394,0.07175672799348831,0.7260462939739227
4237,45.445804595947266,2.470344066619873,3.118919610977173,2.3454673290252686,0.04917270317673683,0.04185856133699417,0.8519558608531952
4238,36.53705978393555,5.190813064575195,1.3910216093063354,2.7714669704437256,0.0703902542591095,0.02483898028731346,0.7768315672874451
4239,27.67654037475586,12.28912353515625,4.450260162353516,2.792191505432129,0.07358953356742859,0.053720515221357346,0.9785041809082031
4240,36.102394104003906,5.954878807067871,9.555394172668457,2.3349010944366455,0.11643299460411072,0.1963595747947693,0.6835518032312393
4241,29.436870574951172,7.924736022949219,4.190060138702393,2.590121269226074,0.08677612990140915,0.05646277964115143,0.9370332360267639
4242,38.97079086303711,12.116844177246094,4.20326566696167,2.5716300010681152,0.16290269792079926,0.053709760308265686,0.827670156955719
4243,34.040000915527344,8.145569801330566,4.154491424560547,2.485419273376465,0.0939696729183197,0.049245137721300125,0.9666390419006348
4244,39.620784759521484,6.416390419006348,3.7973196506500244,2.5867552757263184,0.16028772294521332,0.04644404351711273,0.8491458892822266
4245,40.12069320678711,5.153706073760986,1.9392304420471191,2.4505786895751953,0.05000182241201401,0.03457089513540268,0.7957563400268555
4246,27.1845703125,10.305187225341797,3.9254605770111084,2.2720208168029785,0.09684097766876221,0.07304979115724564,0.6843729317188263
4247,58.97894287109375,8.048726081848145,5.957455158233643,2.601973295211792,0.07004924863576889,0.11134186387062073,0.9893275499343872
4248,38.706878662109375,7.105714321136475,5.830718517303467,2.5419914722442627,0.09688933193683624,0.04861310124397278,0.8203770518302917
4249,33.88218688964844,4.773329257965088,7.6497626304626465,2.0195093154907227,0.03874260187149048,0.1832248717546463,0.5428402423858643
4250,38.585880279541016,7.292159557342529,4.274759292602539,2.753547191619873,0.08516988158226013,0.05677365884184837,0.9447528719902039
4251,37.157737731933594,6.099300861358643,4.650381565093994,2.4075205326080322,0.10721877217292786,0.0647662803530693,1.039196252822876
4252,54.83158874511719,10.235502243041992,3.792344331741333,2.1080644130706787,0.0763014554977417,0.056552499532699585,0.628290593624115
4253,38.13663101196289,5.977285385131836,4.2584710121154785,2.389697551727295,0.12070469558238983,0.06317385286092758,0.9092831611633301
4254,34.2848014831543,11.362441062927246,4.373151779174805,2.2677245140075684,0.12899385392665863,0.047391872853040695,0.8095111846923828
4255,44.91143798828125,7.045082092285156,5.3000593185424805,2.3875155448913574,0.04938120022416115,0.05856900289654732,0.6932471394538879
4256,39.68320846557617,11.081924438476562,4.298638343811035,2.4659290313720703,0.2483515739440918,0.04614586755633354,0.7317016124725342
4257,31.421289443969727,10.413368225097656,3.2699954509735107,2.172348737716675,0.18703465163707733,0.04962790384888649,0.6960399150848389
4258,30.077289581298828,5.538944721221924,6.857024192810059,2.2015206813812256,0.05055076628923416,0.09745660424232483,0.5995907485485077
4259,38.70866775512695,9.023571968078613,6.134868621826172,2.489173650741577,0.13179931044578552,0.11240978538990021,0.7791094481945038
4260,27.84929847717285,4.503967761993408,6.527721881866455,2.0807886123657227,0.037866368889808655,0.06869804859161377,0.7838036417961121
4261,37.3157958984375,3.698335886001587,2.3791162967681885,2.1638567447662354,0.05089308321475983,0.03298443928360939,0.6718968152999878
4262,25.836332321166992,7.115396976470947,5.408031463623047,2.391075849533081,0.09800741076469421,0.06285445392131805,0.9085407555103302
4263,49.675010681152344,7.0425028800964355,2.349883556365967,2.4529616832733154,0.07563091814517975,0.04393526166677475,0.8331434726715088
4264,36.697994232177734,4.960014343261719,3.5942604541778564,2.9909706115722656,0.047657158225774765,0.06731843203306198,1.1518032848834991
4265,35.57532501220703,5.855454921722412,4.371429920196533,2.366549491882324,0.05331502854824066,0.06915972381830215,0.7281851172447205
4266,48.11324691772461,5.5201568603515625,4.045517921447754,3.3361949920654297,0.0545009970664978,0.04425637423992157,0.9914437234401703
4267,50.202144622802734,9.042107582092285,2.8676564693450928,2.921966314315796,0.08999205380678177,0.03302934020757675,0.9740212857723236
4268,30.076007843017578,6.9147796630859375,2.566206216812134,2.5180881023406982,0.07163827121257782,0.034893836826086044,0.8771052360534668
4269,45.391090393066406,8.653033256530762,11.348820686340332,1.799739122390747,0.08435329049825668,0.06603090465068817,0.5754064321517944
4270,43.25596618652344,7.009274482727051,4.17939567565918,2.3190720081329346,0.06974437832832336,0.044468559324741364,0.7707811295986176
4271,41.73869323730469,13.320651054382324,5.006855487823486,2.5984444618225098,0.2050798237323761,0.04378232732415199,0.9545729756355286
4272,27.230024337768555,4.599203109741211,8.81347942352295,1.9046928882598877,0.03995239734649658,0.20486855506896973,0.7142374515533447
4273,29.62617301940918,2.1801791191101074,5.464125633239746,3.389073371887207,0.036156609654426575,0.06432651728391647,1.0690839886665344
4274,33.411075592041016,8.840231895446777,6.327451705932617,2.4194936752319336,0.0817032977938652,0.13673266768455505,0.7043519020080566
4275,27.804147720336914,14.335853576660156,6.212887763977051,2.9292101860046387,0.1281687617301941,0.053065862506628036,1.0713845491409302
4276,28.33424186706543,12.153098106384277,4.188474178314209,1.9323375225067139,0.10404863953590393,0.057997122406959534,0.684591144323349
4277,35.10297775268555,3.902863025665283,3.806851387023926,2.4678494930267334,0.043558359146118164,0.06261422485113144,0.7552797496318817
4278,44.892051696777344,6.188894271850586,5.462263584136963,2.422062873840332,0.05216704308986664,0.05054885894060135,0.7888126373291016
4279,38.16769027709961,8.094560623168945,7.224216938018799,2.4171698093414307,0.1375453770160675,0.06967328488826752,0.9332802891731262
4280,42.2068977355957,4.880754470825195,4.365224361419678,2.234614133834839,0.05836465209722519,0.06067947298288345,0.7288920879364014
4281,33.629920959472656,5.238544464111328,7.168241024017334,2.31272554397583,0.06542620807886124,0.25395363569259644,0.746034562587738
4282,33.50651931762695,7.211108684539795,6.134578227996826,2.2360641956329346,0.07583226263523102,0.11523264646530151,0.6189457774162292
4283,29.97493553161621,13.917876243591309,5.592110633850098,2.17496657371521,0.20811252295970917,0.0920984074473381,0.6629149317741394
4284,30.251684188842773,6.6084370613098145,3.7019565105438232,2.327440023422241,0.1014619991183281,0.050899483263492584,0.8190199434757233
4285,30.18231964111328,11.82500171661377,9.82762622833252,2.316617250442505,0.06045985221862793,0.08621486276388168,0.7798574268817902
4286,36.1242561340332,9.237200736999512,10.588210105895996,1.7465792894363403,0.11405394226312637,0.11444186419248581,0.6840506792068481
4287,37.94208526611328,9.022933006286621,2.8555359840393066,3.0479581356048584,0.08764401078224182,0.03686828911304474,0.8671289384365082
4288,32.16644287109375,5.796969413757324,8.873394012451172,2.2126166820526123,0.0995645821094513,0.06834320724010468,0.7879865765571594
4289,21.37189483642578,7.676579475402832,1.7593408823013306,2.4289162158966064,0.07980868220329285,0.040545400232076645,0.9293901324272156
4290,42.09070587158203,4.1627373695373535,6.613956451416016,2.365138053894043,0.038116272538900375,0.052912358194589615,0.7020360231399536
4291,30.709857940673828,4.144981384277344,4.710843563079834,2.128662347793579,0.058242473751306534,0.06462116539478302,0.6542418599128723
4292,33.369773864746094,5.966042995452881,5.842548847198486,2.9413251876831055,0.06642850488424301,0.052796538919210434,1.0974541902542114
4293,49.105098724365234,5.727935314178467,11.727499008178711,2.3283300399780273,0.06681373715400696,0.2204018235206604,0.6360734105110168
4294,48.960693359375,3.4583661556243896,8.876166343688965,2.5626425743103027,0.03730184584856033,0.1421346515417099,0.5597851574420929
4295,30.189821243286133,12.269041061401367,4.545365333557129,2.764070987701416,0.15313589572906494,0.04467807337641716,0.9532990157604218
4296,33.59298324584961,15.10414981842041,5.013453483581543,2.445115804672241,0.15749037265777588,0.06154699623584747,0.8118004202842712
4297,48.009464263916016,5.067941665649414,4.7058210372924805,2.683347225189209,0.06082121282815933,0.045482657849788666,1.1020618081092834
4298,35.26628112792969,8.444541931152344,8.85822868347168,2.3768906593322754,0.08603662252426147,0.1498585194349289,0.7326262593269348
4299,30.319093704223633,6.897066116333008,3.3487298488616943,3.1295361518859863,0.07162551581859589,0.08197703957557678,0.9152781367301941
4300,36.99386978149414,7.023131847381592,3.7338829040527344,2.160410165786743,0.08489875495433807,0.04849311709403992,0.6465034186840057
4301,26.096027374267578,9.145585060119629,3.8573665618896484,2.1672146320343018,0.1478899121284485,0.0726775974035263,0.5728628039360046
4302,23.989282608032227,7.345795154571533,4.693215847015381,2.6246302127838135,0.09668706357479095,0.08165361732244492,0.8973416090011597
4303,68.90447235107422,9.97447681427002,4.448643684387207,2.5822994709014893,0.07716311514377594,0.09380042552947998,0.7573196291923523
4304,34.55891418457031,8.584940910339355,3.506042003631592,2.4701027870178223,0.11371025443077087,0.08772611618041992,0.7248701751232147
4305,40.48735427856445,5.467767715454102,1.9694020748138428,2.7319726943969727,0.043017901480197906,0.039380043745040894,0.8031545579433441
4306,131.58859252929688,12.420194625854492,7.360306739807129,2.531226396560669,0.07275371998548508,0.0705622211098671,0.7681490778923035
4307,55.676334381103516,6.844228744506836,5.202232837677002,2.518502950668335,0.09571309387683868,0.09486457705497742,0.7617223262786865
4308,36.338645935058594,5.147945404052734,4.247590065002441,2.5267953872680664,0.05769031494855881,0.053418099880218506,0.957168698310852
4309,59.29259490966797,8.218802452087402,8.877216339111328,3.427234411239624,0.182099848985672,0.1326182782649994,0.6925633549690247
4310,38.266929626464844,3.5568010807037354,3.5613155364990234,2.517164707183838,0.038254108279943466,0.05593450367450714,0.8715206980705261
4311,35.03193283081055,4.092844009399414,6.187089920043945,2.673213243484497,0.042787015438079834,0.1440298855304718,0.8656088709831238
4312,45.1743049621582,4.508434772491455,3.4802863597869873,2.2498087882995605,0.08194243907928467,0.07038603723049164,0.7228414416313171
4313,41.869850158691406,4.2983269691467285,2.446920394897461,2.6318466663360596,0.04066416248679161,0.04128333926200867,0.709373950958252
4314,30.516386032104492,22.48479652404785,2.7331769466400146,2.6619410514831543,0.3129538297653198,0.04269926995038986,0.8003493845462799
4315,59.71381378173828,4.099640846252441,4.907474994659424,2.579566478729248,0.09345299005508423,0.11963105201721191,0.8697857856750488
4316,47.69816207885742,6.676560401916504,3.8108749389648438,2.1553955078125,0.10899152606725693,0.07063865661621094,0.6510218679904938
4317,25.994670867919922,4.004048824310303,3.8889734745025635,2.3570821285247803,0.044868696480989456,0.04027658700942993,0.9011892974376678
4318,36.875675201416016,5.930324554443359,3.086475133895874,2.7501604557037354,0.09555496275424957,0.03704860806465149,0.8902343511581421
4319,38.727928161621094,6.931581974029541,7.047849655151367,2.5630812644958496,0.09067071229219437,0.06951818615198135,0.9012278318405151
4320,33.42094039916992,3.765474796295166,5.975216865539551,2.8153069019317627,0.05189022421836853,0.10766510665416718,0.8526824116706848
4321,25.232666015625,15.027693748474121,4.606268405914307,2.2344248294830322,0.25243011116981506,0.06061124429106712,0.7139599025249481
4322,33.93526077270508,9.805390357971191,3.4442718029022217,2.562041759490967,0.15067175030708313,0.13095231354236603,0.7593693733215332
4323,49.946754455566406,9.8928861618042,2.6737020015716553,3.0500333309173584,0.08201590180397034,0.03390966355800629,1.1093697547912598
4324,81.47340393066406,14.734843254089355,6.680776119232178,2.0561370849609375,0.07743173837661743,0.07899715006351471,0.701383650302887
4325,65.66500091552734,8.122872352600098,3.025458335876465,2.5489866733551025,0.059743404388427734,0.04380170255899429,0.7509218454360962
4326,47.11980438232422,5.700511455535889,5.971765518188477,2.219501495361328,0.09838638454675674,0.14662835001945496,0.7079255282878876
4327,34.05673599243164,8.848649978637695,3.223165273666382,2.9147281646728516,0.08297204971313477,0.041757188737392426,0.96075439453125
4328,49.9815673828125,15.864458084106445,3.1969869136810303,2.57666277885437,0.14031288027763367,0.040734030306339264,0.8329674005508423
4329,33.32447052001953,5.452230930328369,4.015877723693848,2.2402172088623047,0.08125297725200653,0.06504090875387192,0.6471860408782959
4330,35.15468215942383,4.344832897186279,1.3800764083862305,2.188908576965332,0.05354367196559906,0.03365688771009445,0.7828115224838257
4331,39.51902770996094,17.038360595703125,2.588801622390747,2.7195730209350586,0.18994376063346863,0.03489866107702255,0.8655277490615845
4332,27.196149826049805,7.70427131652832,8.440181732177734,2.212111234664917,0.07235850393772125,0.11932037025690079,0.7841798961162567
4333,35.36708068847656,8.752411842346191,3.712944269180298,2.182050943374634,0.12784381210803986,0.05600592494010925,0.8277186155319214
4334,37.630859375,4.378421783447266,3.6930129528045654,2.711883306503296,0.053877610713243484,0.044691503047943115,0.9076373875141144
4335,39.892574310302734,7.873891830444336,3.4295568466186523,2.4336884021759033,0.10425318032503128,0.05550461634993553,0.7926829755306244
4336,48.33777618408203,8.567092895507812,3.5000500679016113,2.1932592391967773,0.09800974279642105,0.04717802256345749,0.716386079788208
4337,48.401214599609375,4.698701858520508,5.452352523803711,2.4020156860351562,0.048221781849861145,0.08909273147583008,0.6640492379665375
4338,41.294654846191406,10.609180450439453,5.207697868347168,2.314089059829712,0.11518517136573792,0.12446565926074982,0.6675410866737366
4339,36.314735412597656,7.748569011688232,4.329853534698486,2.1789309978485107,0.07381587475538254,0.04155592620372772,0.6315834224224091
4340,40.93336486816406,6.15561056137085,4.516707897186279,2.7850468158721924,0.06240213289856911,0.05900472402572632,0.9867934584617615
4341,37.7410888671875,6.687002182006836,6.057154655456543,1.7844001054763794,0.05517161265015602,0.11402809619903564,0.5695620775222778
4342,33.01654815673828,6.661496162414551,4.947165012359619,2.453885555267334,0.08538935333490372,0.05806180462241173,0.8904842734336853
4343,31.100820541381836,5.906054496765137,6.348507881164551,2.3515167236328125,0.08385425806045532,0.05930975079536438,0.7415821850299835
4344,33.92649841308594,5.723598957061768,3.540980577468872,2.363280773162842,0.06843661516904831,0.04700745642185211,0.6867241859436035
4345,32.378536224365234,5.483946323394775,5.567823886871338,2.0956826210021973,0.05630023032426834,0.07815316319465637,0.7983107566833496
4346,24.57328224182129,11.191756248474121,4.05263614654541,2.524955987930298,0.16549348831176758,0.07839924097061157,0.7339298129081726
4347,54.27328109741211,5.81822395324707,4.50387716293335,2.175859212875366,0.08094564080238342,0.09285689145326614,0.6891103088855743
4348,37.56140899658203,7.369629383087158,4.106503963470459,2.126732349395752,0.08202078938484192,0.05565387010574341,0.6549292504787445
4349,36.941322326660156,9.561951637268066,4.4231276512146,2.310333251953125,0.1385895311832428,0.040484245866537094,0.7532761991024017
4350,37.61763000488281,7.787047863006592,5.441631317138672,2.727546215057373,0.054231248795986176,0.034575264900922775,0.9183383285999298
4351,44.17062759399414,14.327427864074707,3.4772608280181885,2.178250551223755,0.1024598628282547,0.0518183708190918,0.8268202245235443
4352,34.923583984375,3.5092949867248535,6.563388347625732,2.18943452835083,0.061880744993686676,0.137567400932312,0.7105129361152649
4353,36.125877380371094,8.932013511657715,6.284490585327148,2.380949020385742,0.12788818776607513,0.054108522832393646,0.7607442438602448
4354,29.375436782836914,7.14917516708374,2.9339370727539062,2.3077406883239746,0.07602100819349289,0.04965728521347046,0.9212101697921753
4355,34.10103225708008,1.403313159942627,1.6361536979675293,2.8293328285217285,0.027247361838817596,0.032214052975177765,0.9176154732704163
4356,44.890865325927734,5.186401844024658,5.3711676597595215,2.523507833480835,0.08027835190296173,0.057293910533189774,0.7749584913253784
4357,44.07400131225586,7.701748847961426,3.1807801723480225,2.357527732849121,0.13214464485645294,0.05172354727983475,0.6935421824455261
4358,35.51280975341797,11.851052284240723,8.259390830993652,2.188321352005005,0.112975113093853,0.07911978662014008,0.6936561763286591
4359,27.098655700683594,12.519271850585938,3.1556570529937744,2.1557397842407227,0.2346319705247879,0.04140506312251091,0.7153792083263397
4360,55.73391342163086,7.0450119972229,9.674046516418457,2.574845552444458,0.09308131039142609,0.17527928948402405,0.8983979225158691
4361,32.81352615356445,6.325245380401611,2.4249870777130127,2.2105331420898438,0.08605960011482239,0.039495162665843964,0.68490269780159
4362,37.98298263549805,6.238719463348389,2.794992446899414,2.6401188373565674,0.09857918322086334,0.04063083603978157,0.953264057636261
4363,36.194210052490234,7.2312211990356445,4.340790748596191,2.0488498210906982,0.11755535751581192,0.07025439292192459,0.5731315612792969
4364,33.94476318359375,9.858755111694336,9.187560081481934,2.096064567565918,0.11220617592334747,0.23582130670547485,0.7287765741348267
4365,51.50722885131836,2.2754244804382324,7.71643590927124,2.985973358154297,0.03340954706072807,0.11237432807683945,0.8192210793495178
4366,28.657955169677734,6.739869594573975,2.8708724975585938,2.1784121990203857,0.062052756547927856,0.04489282891154289,0.7345401048660278
4367,22.877256393432617,5.5218000411987305,2.2251110076904297,1.9763813018798828,0.11517423391342163,0.0317034050822258,0.8588044941425323
4368,31.064977645874023,7.612893581390381,5.424279689788818,2.1171181201934814,0.06950025260448456,0.10488620400428772,0.6967821419239044
4369,40.1501579284668,5.653384208679199,5.083441734313965,2.4000747203826904,0.054962679743766785,0.06773120164871216,0.7559855878353119
4370,48.72063446044922,20.36621856689453,3.66081166267395,3.2736480236053467,0.17801833152770996,0.049896419048309326,0.8448861539363861
4371,42.802555084228516,12.416536331176758,8.561129570007324,2.353408098220825,0.23011712729930878,0.10142113268375397,0.6719652712345123
4372,29.91012954711914,11.934847831726074,5.003182888031006,2.7150814533233643,0.13029871881008148,0.11777707934379578,0.8316333889961243
4373,43.21376037597656,11.588969230651855,4.420821189880371,2.8397390842437744,0.15423867106437683,0.04497399181127548,1.065555453300476
4374,59.44631576538086,4.0803704261779785,5.138779163360596,2.366584062576294,0.04855671897530556,0.12329928576946259,0.7142301201820374
4375,56.8709831237793,6.4127044677734375,3.0393435955047607,2.225637912750244,0.10041892528533936,0.03738789260387421,0.6161429584026337
4376,28.4558162689209,6.229900360107422,2.445913314819336,3.04763126373291,0.07090145349502563,0.038724884390830994,1.1175311207771301
4377,49.446441650390625,10.209062576293945,3.1556432247161865,2.559948682785034,0.09591268002986908,0.05956732854247093,0.7521569132804871
4378,32.37439727783203,10.611684799194336,5.843832492828369,1.8843413591384888,0.0782473012804985,0.053947534412145615,0.5652674734592438
4379,35.91331481933594,22.506637573242188,7.142407417297363,1.9353584051132202,0.25176119804382324,0.07389859110116959,0.6754216849803925
4380,39.08061218261719,7.700706481933594,5.474592685699463,2.101097345352173,0.08914783596992493,0.10954458266496658,0.6843933463096619
4381,30.37000846862793,8.629921913146973,6.9358134269714355,2.4915785789489746,0.07499389350414276,0.07773687690496445,0.9763128757476807
4382,29.24199104309082,5.440799236297607,5.076540470123291,2.300316095352173,0.056595806032419205,0.048498690128326416,0.747759610414505
4383,34.07426834106445,14.547624588012695,2.687311887741089,2.441326379776001,0.28793320059776306,0.04074513912200928,0.8220841586589813
4384,23.035600662231445,12.07481575012207,4.504319667816162,2.0898213386535645,0.1449814736843109,0.07182711362838745,0.7226026058197021
4385,40.83668899536133,5.532336711883545,4.2249369621276855,2.2987797260284424,0.06278157979249954,0.06608313322067261,0.7848085165023804
4386,29.902986526489258,8.089278221130371,3.3312814235687256,2.4762990474700928,0.14016090333461761,0.053640373051166534,0.9338254332542419
4387,32.80585861206055,12.814108848571777,7.065722465515137,2.116147041320801,0.1563306599855423,0.08500216156244278,0.5782818794250488
4388,29.210268020629883,7.3128275871276855,4.520686626434326,2.3085110187530518,0.08137498050928116,0.06262057274580002,0.7755038142204285
4389,32.97751235961914,12.034975051879883,6.765956878662109,2.5852887630462646,0.0948658287525177,0.15652748942375183,0.7986908853054047
4390,27.742650985717773,5.621126651763916,4.011507987976074,2.9455325603485107,0.05689883232116699,0.07917165011167526,1.0791170597076416
4391,29.97637367248535,8.277708053588867,2.739415407180786,2.88108491897583,0.09038280695676804,0.04037962481379509,0.8990323841571808
4392,29.052642822265625,4.299470901489258,4.0298943519592285,2.3767309188842773,0.03274795413017273,0.04584474489092827,0.692903459072113
4393,38.44905090332031,2.5361952781677246,5.550157070159912,2.5872979164123535,0.03903698921203613,0.07555139809846878,0.8566981256008148
4394,36.7952880859375,12.960702896118164,2.4908599853515625,2.572890281677246,0.10129627585411072,0.04424688220024109,0.8110979497432709
4395,32.912010192871094,7.550330638885498,7.975259780883789,2.192960500717163,0.09100571274757385,0.12469107657670975,0.6142928302288055
4396,34.27763748168945,5.813997268676758,3.5209858417510986,2.1203372478485107,0.046636104583740234,0.037067580968141556,0.7568627893924713
4397,46.585453033447266,10.30197811126709,2.568309783935547,2.3065850734710693,0.2534215450286865,0.03755052760243416,0.7241605222225189
4398,25.103673934936523,6.633710861206055,2.31748628616333,2.411161422729492,0.09927715361118317,0.0349510982632637,0.7931174337863922
4399,48.91356658935547,7.083118438720703,4.089107513427734,2.031622886657715,0.07351936399936676,0.06606145203113556,0.759880542755127
4400,27.082868576049805,8.020824432373047,2.9104807376861572,3.003159761428833,0.148970827460289,0.04540678858757019,1.2094621658325195
4401,28.310840606689453,5.567009925842285,3.344676971435547,2.519446611404419,0.05569849908351898,0.0651104599237442,0.7704213857650757
4402,63.416900634765625,3.00895357131958,3.223386764526367,2.988334894180298,0.03362990915775299,0.033349014818668365,0.8428114950656891
4403,36.82316589355469,3.198869228363037,4.985438346862793,2.4206433296203613,0.05584251880645752,0.0902179479598999,0.8966845870018005
4404,40.428367614746094,5.243942737579346,4.882831573486328,2.2492997646331787,0.05933789163827896,0.05654914677143097,0.7773343324661255
4405,60.50636291503906,5.597103118896484,2.960878610610962,2.817612886428833,0.06461577862501144,0.038404326885938644,1.0549637377262115
4406,43.32590866088867,4.645129680633545,7.367178916931152,2.348897933959961,0.057348281145095825,0.14209260046482086,0.7162007391452789
4407,35.388153076171875,9.565513610839844,4.176933288574219,2.5094988346099854,0.11142271757125854,0.060827262699604034,0.8626047074794769
4408,34.15632629394531,10.794504165649414,4.10097074508667,2.3553836345672607,0.13238562643527985,0.059920500963926315,0.659134179353714
4409,38.085758209228516,4.992496013641357,2.6577870845794678,2.481670379638672,0.07038505375385284,0.04427899792790413,0.995392382144928
4410,22.938583374023438,10.475826263427734,2.1225414276123047,2.867522954940796,0.13645821809768677,0.03811623528599739,1.183417797088623
4411,38.73206329345703,7.320109844207764,4.5555419921875,2.477050542831421,0.06368707120418549,0.05837233364582062,0.8478406071662903
4412,38.64606475830078,4.722957134246826,2.479454517364502,3.1396846771240234,0.09902537614107132,0.047844141721725464,1.3300068974494934
4413,47.25063705444336,6.436800956726074,3.506789207458496,2.524935483932495,0.09348364919424057,0.05241382494568825,0.941793829202652
4414,22.62908363342285,4.307664394378662,8.379347801208496,2.565729856491089,0.05241560935974121,0.18271034955978394,0.7533934414386749
4415,33.11524963378906,6.465848922729492,4.390061378479004,2.564944267272949,0.08242511749267578,0.06543378531932831,0.9806386828422546
4416,37.73845672607422,14.99036693572998,3.6510703563690186,2.2125439643859863,0.19727341830730438,0.031117331236600876,0.6756379008293152
4417,51.4345588684082,16.110240936279297,5.377430438995361,2.403832197189331,0.08843328803777695,0.08155082911252975,0.7398650646209717
4418,31.100399017333984,4.375387191772461,5.297547340393066,2.4307169914245605,0.07179245352745056,0.0595884844660759,0.9019575119018555
4419,28.817140579223633,5.853199481964111,5.274046897888184,2.2967631816864014,0.08407816290855408,0.06530484557151794,0.7120064198970795
4420,37.24905014038086,10.744185447692871,3.112779140472412,2.7276570796966553,0.21486511826515198,0.0388408899307251,0.8681143224239349
4421,49.1469841003418,8.113754272460938,9.827166557312012,1.9617397785186768,0.09169647097587585,0.2268480658531189,0.5966994166374207
4422,106.75897979736328,3.776245355606079,9.565337181091309,2.480910539627075,0.04284829646348953,0.08360794186592102,0.7459617555141449
4423,20.688127517700195,9.278757095336914,4.950563907623291,2.066730499267578,0.13262785971164703,0.059873927384614944,0.7808544635772705
4424,34.38113784790039,5.19727087020874,1.0294300317764282,2.401141881942749,0.055489085614681244,0.030195776373147964,0.8884681165218353
4425,41.154850006103516,1.8331905603408813,4.930491924285889,2.459655523300171,0.027925744652748108,0.06721948832273483,0.83660888671875
4426,25.74092674255371,6.4851508140563965,8.91375732421875,2.411630392074585,0.0563509464263916,0.15007561445236206,0.8433586061000824
4427,38.24485397338867,5.502355575561523,3.76438570022583,2.590268850326538,0.054518118500709534,0.04135835915803909,0.8513462841510773
4428,41.8715705871582,3.6710493564605713,2.716580867767334,2.5758016109466553,0.042345114052295685,0.04232513904571533,0.819259524345398
4429,51.98196029663086,6.986693859100342,6.9591851234436035,2.7386159896850586,0.08092579990625381,0.06330966204404831,0.9114039540290833
4430,48.06441116333008,9.14984130859375,2.528987169265747,2.604734420776367,0.07636405527591705,0.03319992125034332,0.7792767286300659
4431,27.494823455810547,7.874758720397949,2.714329719543457,2.9613094329833984,0.08057378232479095,0.04566218703985214,1.04159277677536
4432,40.87253952026367,5.022788047790527,2.9794065952301025,2.482866048812866,0.06088430806994438,0.03451094403862953,0.7615624070167542
4433,57.43558883666992,4.616367340087891,9.040057182312012,2.837968111038208,0.03670455887913704,0.09469147771596909,0.7210289835929871
4434,29.17999839782715,11.56758975982666,4.179482460021973,3.3383352756500244,0.12192238122224808,0.054471924901008606,1.213735580444336
4435,29.580608367919922,6.250181198120117,2.717061996459961,2.8799610137939453,0.08391894400119781,0.045997701585292816,0.9784890711307526
4436,57.793113708496094,5.31866455078125,4.277688026428223,2.2563812732696533,0.08818961679935455,0.05330737307667732,0.640765517950058
4437,38.634765625,2.573214292526245,6.053988456726074,2.5173499584198,0.029430963099002838,0.0742461234331131,0.7311897277832031
4438,32.43169021606445,5.613577842712402,8.421873092651367,2.202821969985962,0.0620611235499382,0.1026168167591095,0.6848849952220917
4439,39.199913024902344,4.098053932189941,2.924142837524414,2.7498083114624023,0.05511820688843727,0.03410099074244499,0.8142682313919067
4440,27.4989070892334,4.204067230224609,5.96088981628418,2.4237754344940186,0.07406798005104065,0.1328679621219635,0.7412045300006866
4441,138.8893280029297,4.403974533081055,2.373218297958374,2.7583389282226562,0.05677812173962593,0.03597988560795784,0.8747560679912567
4442,45.26567077636719,3.8380961418151855,5.216050624847412,2.3973889350891113,0.06037699431180954,0.05326618254184723,0.7540198862552643
4443,31.407548904418945,13.010973930358887,4.482150077819824,2.0524983406066895,0.1449354887008667,0.07012522220611572,0.666652262210846
4444,62.902496337890625,13.591092109680176,8.540631294250488,2.334716796875,0.09758942574262619,0.18806178867816925,0.6029929518699646
4445,32.35759735107422,4.886051177978516,6.5042314529418945,2.564075469970703,0.07223591208457947,0.06323755532503128,0.9228518009185791
4446,33.309146881103516,3.99139142036438,4.608022212982178,2.381176710128784,0.05015110224485397,0.05538887530565262,0.736122727394104
4447,33.51980209350586,7.885533332824707,5.337942600250244,2.623753070831299,0.057710401713848114,0.07217741012573242,0.8233102262020111
4448,46.920654296875,7.487600326538086,3.342561960220337,2.6071231365203857,0.07613708823919296,0.04165473207831383,0.7889268398284912
4449,34.54188919067383,8.655621528625488,5.092689037322998,2.8859620094299316,0.07038941234350204,0.07468260824680328,0.9376706480979919
4450,33.22328567504883,5.800126075744629,2.5859534740448,2.9227380752563477,0.06368465721607208,0.034055452793836594,0.9421176910400391
4451,36.92466354370117,21.762834548950195,2.797119379043579,3.1250720024108887,0.16301661729812622,0.04088490083813667,0.9892352819442749
4452,35.17757797241211,8.100001335144043,4.303686618804932,2.6438112258911133,0.06441190838813782,0.0462479442358017,1.0109993815422058
4453,44.42646408081055,3.639120101928711,1.7837692499160767,2.7885072231292725,0.036861177533864975,0.032600827515125275,1.0325892567634583
4454,43.039825439453125,8.294239044189453,8.17357063293457,2.5718331336975098,0.08722395449876785,0.1044759526848793,0.7863888144493103
4455,37.032344818115234,7.1964898109436035,7.214373588562012,2.0732576847076416,0.07389771938323975,0.10213986039161682,0.588674783706665
4456,26.97394371032715,7.99875545501709,2.645700693130493,2.396237850189209,0.12240201234817505,0.044970616698265076,0.8483814299106598
4457,37.545753479003906,5.770082473754883,1.8303812742233276,3.281914472579956,0.07003633677959442,0.04304727539420128,1.10166335105896
4458,26.87225341796875,6.779466152191162,5.842845916748047,1.8487385511398315,0.09500680863857269,0.1494274139404297,0.5627641379833221
4459,43.77216720581055,8.555386543273926,3.827716588973999,2.7455787658691406,0.05471716821193695,0.05447833240032196,0.9099217653274536
4460,59.18995666503906,11.394133567810059,10.74156665802002,2.2366154193878174,0.09704325348138809,0.09320534765720367,0.6656202971935272
4461,30.836915969848633,7.968289375305176,5.8960466384887695,2.0617568492889404,0.12095090746879578,0.0659092590212822,0.6778578162193298
4462,36.389747619628906,4.229570388793945,3.9767282009124756,2.3889973163604736,0.04308854788541794,0.07344403862953186,0.7944419682025909
4463,35.463897705078125,6.036189079284668,4.0263166427612305,2.2885923385620117,0.058543022722005844,0.054330430924892426,0.8085030317306519
4464,28.394058227539062,4.962305068969727,3.4892349243164062,2.8405263423919678,0.0657486766576767,0.0563451424241066,0.8711884319782257
4465,38.036720275878906,5.60280704498291,3.447788953781128,2.5390405654907227,0.0735330730676651,0.04562768712639809,0.8747004568576813
4466,37.815792083740234,5.659924507141113,5.608707904815674,2.2852020263671875,0.07167309522628784,0.1338798552751541,0.7161737978458405
4467,24.403223037719727,4.425448894500732,2.421239137649536,2.6354827880859375,0.06969626247882843,0.04841921478509903,0.9057799577713013
4468,32.96141815185547,4.971302509307861,9.12291145324707,2.685399055480957,0.06851150840520859,0.1476028859615326,0.7736185789108276
4469,38.5980110168457,5.73984432220459,7.778433799743652,2.5608296394348145,0.0737421065568924,0.18840676546096802,0.8410812020301819
4470,25.649059295654297,4.139155387878418,6.040311336517334,2.1277432441711426,0.04208684712648392,0.09622853249311447,0.6899390816688538
4471,26.86421012878418,5.503844738006592,4.130206108093262,2.201538562774658,0.08740177750587463,0.07885947078466415,0.6248538196086884
4472,28.32926368713379,7.317546844482422,5.866499423980713,2.286743402481079,0.1544465571641922,0.06975410133600235,0.9108226299285889
4473,28.249664306640625,8.585947036743164,5.746696472167969,2.002579927444458,0.06322541832923889,0.09137065708637238,0.7708709239959717
4474,41.6467170715332,6.392306804656982,3.316643714904785,2.6956357955932617,0.07342702150344849,0.03815540671348572,0.876321405172348
4475,33.45160675048828,6.158234596252441,2.2058207988739014,2.364488363265991,0.06116723269224167,0.036477185785770416,0.7607495784759521
4476,34.34465408325195,6.481186389923096,6.8965911865234375,2.1647708415985107,0.07167389988899231,0.16684803366661072,0.6715704202651978
4477,28.049692153930664,12.55386734008789,5.783703327178955,2.622849941253662,0.17167337238788605,0.07161228358745575,1.0630257427692413
4478,36.83244705200195,7.871872425079346,4.08273458480835,3.442655086517334,0.14041072130203247,0.04381125420331955,1.1675238013267517
4479,23.982540130615234,10.350218772888184,7.4447174072265625,3.0544188022613525,0.19813308119773865,0.08188886195421219,1.29402756690979
4480,42.68289566040039,9.686450958251953,4.7128825187683105,2.47259259223938,0.07955050468444824,0.05504339188337326,0.9130275249481201
4481,30.443132400512695,10.434564590454102,2.969379186630249,2.747978925704956,0.08343493938446045,0.038977548480033875,0.7784937620162964
4482,40.69926834106445,10.090704917907715,4.87741756439209,2.6949214935302734,0.09186264872550964,0.07206527143716812,0.7968822717666626
4483,27.515716552734375,11.74617862701416,2.366668462753296,2.296950101852417,0.34744325280189514,0.038427114486694336,0.7432819902896881
4484,46.51032638549805,6.253024101257324,4.595566272735596,2.6047987937927246,0.07274585962295532,0.04180526360869408,0.8495435416698456
4485,44.57286834716797,6.342809677124023,4.7430806159973145,2.3860645294189453,0.09815987944602966,0.05599714070558548,0.7850328981876373
4486,26.527963638305664,10.452018737792969,4.019571304321289,2.4720654487609863,0.11256134510040283,0.0688687264919281,0.8527899980545044
4487,32.911319732666016,6.948662281036377,6.416893482208252,2.2410967350006104,0.10287553071975708,0.07816231995820999,0.6726446449756622
4488,27.590957641601562,4.223550319671631,2.8424150943756104,2.7175121307373047,0.0963459312915802,0.04145292192697525,0.9187494516372681
4489,41.75780487060547,7.828193664550781,3.7082464694976807,2.6223816871643066,0.13064727187156677,0.06323844194412231,0.90779709815979
4490,35.21721267700195,6.398374557495117,4.153789043426514,2.544327735900879,0.05914808064699173,0.06147173047065735,0.8436422049999237
4491,77.54496765136719,19.82305908203125,4.07689094543457,2.599846601486206,0.16492849588394165,0.07423381507396698,0.7537712156772614
4492,24.833358764648438,5.598863124847412,2.5905368328094482,2.1947181224823,0.07598714530467987,0.034097813069820404,0.6708669364452362
4493,41.263587951660156,5.8131279945373535,2.703476667404175,2.568812847137451,0.09026409685611725,0.04384581744670868,0.9635457992553711
4494,29.98219871520996,5.147096157073975,9.518667221069336,2.6210217475891113,0.09064185619354248,0.13201376795768738,0.7552986145019531
4495,44.016563415527344,10.054649353027344,2.612521171569824,2.214210271835327,0.1600068360567093,0.040866561233997345,0.6901384592056274
4496,36.07490921020508,7.5457763671875,8.095491409301758,2.108304023742676,0.08088967949151993,0.10526711493730545,0.7351686358451843
4497,33.700965881347656,7.495079040527344,6.916450500488281,1.869216799736023,0.1188841313123703,0.12872232496738434,0.6121199429035187
4498,47.243797302246094,10.611380577087402,3.427051067352295,2.6770901679992676,0.12681396305561066,0.059076644480228424,0.8750371038913727
4499,32.291297912597656,9.7792387008667,6.101203441619873,2.4008686542510986,0.10206809639930725,0.07094981521368027,0.7782314419746399
4500,51.262428283691406,8.096991539001465,6.233090877532959,2.4840281009674072,0.07258515059947968,0.11797907203435898,0.7421460449695587
4501,28.57930564880371,9.803877830505371,6.902930736541748,2.7334258556365967,0.06457889825105667,0.12035686522722244,0.7460488975048065
4502,28.324203491210938,5.014692306518555,4.6902570724487305,1.9570921659469604,0.06408064067363739,0.07909511774778366,0.7651661038398743
4503,36.263187408447266,7.116593837738037,5.926002502441406,2.4778363704681396,0.05312182009220123,0.07746312022209167,0.7462253570556641
4504,43.27507400512695,8.358640670776367,5.746492385864258,2.1398391723632812,0.060065269470214844,0.12087742984294891,0.8066198229789734
4505,32.28435134887695,7.228558540344238,6.162671089172363,2.3347668647766113,0.0899345874786377,0.07537048310041428,0.6964152157306671
4506,30.208526611328125,16.409292221069336,5.04644775390625,2.514798879623413,0.2372010201215744,0.0719108060002327,0.7939735352993011
4507,34.084007263183594,15.031638145446777,9.885778427124023,2.4141407012939453,0.18372882902622223,0.10300059616565704,0.9487788379192352
4508,26.492475509643555,4.382223129272461,3.2008326053619385,2.481894016265869,0.07282285392284393,0.046330127865076065,0.7351208627223969
4509,30.40359878540039,9.134965896606445,3.442702293395996,2.367136240005493,0.16472575068473816,0.06288143992424011,0.908271074295044
4510,41.02173614501953,14.264069557189941,9.34984016418457,2.136457681655884,0.24288740754127502,0.13739541172981262,0.6735733151435852
4511,36.11185836791992,8.621829986572266,3.859606981277466,2.4402573108673096,0.06701439619064331,0.04427109658718109,0.9368004202842712
4512,29.321874618530273,4.350930690765381,1.9499645233154297,2.4406774044036865,0.06717577576637268,0.03363940864801407,0.8430618941783905
4513,33.610538482666016,14.744792938232422,6.430964946746826,2.4979419708251953,0.13621485233306885,0.06780746579170227,0.7950719892978668
4514,32.61716079711914,11.94624137878418,2.0315072536468506,2.5460410118103027,0.21507269144058228,0.03718303143978119,0.8272359669208527
4515,38.40730667114258,4.894341468811035,5.8919172286987305,1.9693126678466797,0.0621333122253418,0.08634442090988159,0.6532970666885376
4516,42.612979888916016,5.035660266876221,4.734994888305664,2.915271759033203,0.055946409702301025,0.05543428659439087,0.8945125341415405
4517,73.48375701904297,4.376038551330566,5.402213096618652,2.556525230407715,0.0433528870344162,0.042826831340789795,0.739418625831604
4518,30.184139251708984,5.304505348205566,3.9551196098327637,2.6870155334472656,0.048770755529403687,0.043028391897678375,0.8916981816291809
4519,35.48906707763672,8.835184097290039,6.313309669494629,2.118563652038574,0.13091954588890076,0.08567077666521072,0.6571041941642761
4520,30.155485153198242,6.524472236633301,2.3313331604003906,2.274627208709717,0.10191413015127182,0.04260043054819107,0.7291490435600281
4521,42.57803726196289,3.986212968826294,2.72048020362854,2.543675422668457,0.05778108164668083,0.04388498514890671,0.9460765719413757
4522,46.01110076904297,10.557167053222656,2.6619722843170166,2.3889455795288086,0.09016621112823486,0.03450482711195946,0.8512011170387268
4523,44.3257942199707,3.243203639984131,2.911186933517456,2.7405362129211426,0.0565490648150444,0.046798840165138245,0.8873982131481171
4524,34.867835998535156,7.818490028381348,2.9770431518554688,2.8058693408966064,0.09889715164899826,0.03813996538519859,0.9307768940925598
4525,74.4690170288086,7.854427337646484,4.041123390197754,2.6289892196655273,0.06451904773712158,0.04974253475666046,0.7382240891456604
4526,34.17021942138672,4.550836563110352,2.40090012550354,2.7361910343170166,0.04075159505009651,0.054920583963394165,0.9164191484451294
4527,38.59907531738281,4.571048259735107,8.080404281616211,2.1783649921417236,0.05939800664782524,0.08889099955558777,0.7242872416973114
4528,24.44403839111328,6.505768299102783,5.340751647949219,1.9879982471466064,0.10268820077180862,0.09159541875123978,0.7784067988395691
4529,32.3115234375,4.984624862670898,5.89488410949707,2.26080322265625,0.042214080691337585,0.06218607723712921,0.7317377924919128
4530,35.11252975463867,4.552212715148926,4.534432411193848,2.2942068576812744,0.048195093870162964,0.052943192422389984,0.7543218731880188
4531,37.326759338378906,17.04664421081543,8.72492790222168,2.3266279697418213,0.1606941521167755,0.13242022693157196,0.677693247795105
4532,36.19377136230469,4.361153602600098,9.661564826965332,2.244250535964966,0.05118279904127121,0.20560376346111298,0.616229772567749
4533,48.71451187133789,3.1775624752044678,5.033361434936523,2.257002592086792,0.041837260127067566,0.0900239422917366,0.6581110656261444
4534,28.31309700012207,5.7571234703063965,6.496037483215332,2.820481300354004,0.07584578543901443,0.08356618881225586,0.9171313047409058
4535,34.19777297973633,13.725947380065918,5.938597202301025,2.3632960319519043,0.18268723785877228,0.06500890851020813,0.9768784940242767
4536,36.00503158569336,5.729398250579834,6.794249534606934,1.9569697380065918,0.06208569183945656,0.04709085077047348,0.6774447858333588
4537,32.77671813964844,5.695739269256592,5.499262809753418,2.472961902618408,0.09187577664852142,0.052335917949676514,0.784330815076828
4538,35.62840270996094,13.76285171508789,3.2166857719421387,2.247652530670166,0.20148801803588867,0.0437706783413887,0.6010654866695404
4539,44.675716400146484,4.951441764831543,5.79198694229126,2.6096930503845215,0.07042372226715088,0.07340892404317856,0.8927366435527802
4540,38.02670669555664,6.41316556930542,8.554865837097168,2.3690240383148193,0.07987146079540253,0.13411740958690643,0.6412992179393768
4541,33.963706970214844,13.890579223632812,10.473260879516602,2.297719955444336,0.16983641684055328,0.11187144368886948,0.7631881237030029
4542,36.28874588012695,9.217184066772461,2.7043192386627197,2.608773708343506,0.09369365125894547,0.03909868374466896,0.8499566614627838
4543,40.274105072021484,8.082799911499023,9.187437057495117,2.135817527770996,0.06940722465515137,0.13558614253997803,0.8755235970020294
4544,41.534515380859375,5.703239917755127,8.461356163024902,2.1278934478759766,0.07281529903411865,0.17620521783828735,0.5994865298271179
4545,39.12276077270508,13.317360877990723,3.163182258605957,2.9146270751953125,0.18739140033721924,0.043895620852708817,0.9153147339820862
4546,28.675928115844727,14.33565902709961,4.111758708953857,2.5670533180236816,0.11533556878566742,0.07821796834468842,0.8052849471569061
4547,51.921966552734375,11.087966918945312,2.9728291034698486,2.1875503063201904,0.15913765132427216,0.04496016353368759,0.5988973081111908
4548,45.76541519165039,6.366509437561035,2.8559136390686035,2.6643872261047363,0.053421422839164734,0.040699973702430725,0.9292054176330566
4549,28.358928680419922,8.796550750732422,1.8457099199295044,2.458631992340088,0.1265089511871338,0.026023458689451218,0.7305448353290558
4550,37.569271087646484,10.144678115844727,9.778581619262695,2.161656618118286,0.09430773556232452,0.09443974494934082,0.6695841550827026
4551,51.504642486572266,9.736091613769531,5.365540981292725,2.356574296951294,0.09432749450206757,0.06276869028806686,0.7777698040008545
4552,27.666425704956055,4.526803493499756,4.688680648803711,2.3879952430725098,0.05130652338266373,0.05670910328626633,0.8045070171356201
4553,28.48932456970215,6.8787641525268555,1.8601421117782593,2.7259063720703125,0.05385969579219818,0.03419356793165207,0.9013524055480957
4554,37.1855354309082,10.348861694335938,3.1170854568481445,2.1748063564300537,0.10941179096698761,0.05163724720478058,0.7743745744228363
4555,43.729713439941406,5.7169508934021,5.2324299812316895,2.2694592475891113,0.055689021944999695,0.07671748101711273,0.7572149932384491
4556,32.49761962890625,4.2081475257873535,3.3900156021118164,3.0266788005828857,0.058618322014808655,0.04396209120750427,1.1015678644180298
4557,34.10012435913086,1.4923768043518066,5.733431816101074,2.107656240463257,0.033705733716487885,0.04292827844619751,0.6688960790634155
4558,47.10854721069336,2.745643138885498,5.4474406242370605,2.5371971130371094,0.03293222188949585,0.08925819396972656,0.6280443370342255
4559,32.54680633544922,19.004308700561523,7.033239841461182,2.2098560333251953,0.2283361852169037,0.1702108234167099,0.6469991207122803
4560,43.01414108276367,7.636724472045898,5.484670639038086,2.615004062652588,0.06004558876156807,0.06796784698963165,0.7062780857086182
4561,33.02859878540039,8.603241920471191,6.4180402755737305,2.1072137355804443,0.08270712196826935,0.10276797413825989,0.6591651141643524
4562,39.23145294189453,12.686278343200684,6.87741756439209,2.7270970344543457,0.23328155279159546,0.1035194844007492,0.7930620014667511
4563,38.026580810546875,6.17971658706665,6.092079162597656,2.216726303100586,0.05664733052253723,0.17478406429290771,0.5501973032951355
4564,51.76225662231445,5.095029354095459,3.9236369132995605,2.6134822368621826,0.067153699696064,0.07201702892780304,0.7678108513355255
4565,37.5964241027832,4.871377944946289,4.393081188201904,2.002401351928711,0.044461868703365326,0.07871773838996887,0.665861040353775
4566,36.01984786987305,8.786275863647461,6.2738518714904785,2.329453945159912,0.04460836946964264,0.05307631939649582,0.7095968425273895
4567,29.8685245513916,9.547409057617188,9.064370155334473,2.161433458328247,0.10779270529747009,0.11840913444757462,0.8007652163505554
4568,23.211254119873047,13.676307678222656,2.3617663383483887,2.2481226921081543,0.23659604787826538,0.032602690160274506,0.8371219336986542
4569,30.743602752685547,7.321804523468018,2.051727294921875,2.7014338970184326,0.10525138676166534,0.03890273720026016,1.003921627998352
4570,30.649761199951172,9.02978801727295,6.626077175140381,1.946089744567871,0.06778574734926224,0.09326060116291046,0.6348086595535278
4571,34.177207946777344,7.659883975982666,8.372294425964355,2.315868616104126,0.05980883538722992,0.16900348663330078,0.5833991169929504
4572,36.91559600830078,6.756915092468262,1.808456301689148,2.7012076377868652,0.09802928566932678,0.04409050941467285,0.9167763292789459
4573,33.10912322998047,3.5498592853546143,7.1926069259643555,2.3566017150878906,0.042091041803359985,0.11962905526161194,0.7031948268413544
4574,34.552799224853516,3.981417417526245,6.469161033630371,2.633877992630005,0.046261951327323914,0.05914891138672829,1.0157016515731812
4575,34.05087661743164,2.598240852355957,3.847393274307251,2.901638984680176,0.050635628402233124,0.057490069419145584,0.9414054751396179
4576,50.94070053100586,4.237971782684326,3.55393385887146,2.722827196121216,0.05432269722223282,0.07496298849582672,0.7917517125606537
4577,38.402191162109375,10.555426597595215,1.6667927503585815,2.7077813148498535,0.24065759778022766,0.03559526056051254,0.8340641260147095
4578,32.33710861206055,5.445484638214111,3.6707980632781982,2.179321527481079,0.05652020126581192,0.04610603302717209,0.7507898807525635
4579,35.48963928222656,10.512107849121094,4.809805393218994,2.258115768432617,0.07360915839672089,0.09610013663768768,0.7233684659004211
4580,22.68199920654297,10.679368019104004,1.9497390985488892,2.883009433746338,0.16438470780849457,0.040575943887233734,0.9941788017749786
4581,21.201189041137695,7.466024398803711,5.363316535949707,2.4808342456817627,0.1101163923740387,0.07361918687820435,0.8666186332702637
4582,65.00348663330078,11.098834037780762,4.260727882385254,2.519259214401245,0.14423301815986633,0.06657890975475311,0.7893795371055603
4583,24.631057739257812,3.5974740982055664,2.542790174484253,2.7857956886291504,0.05521561950445175,0.03468671441078186,1.0050515830516815
4584,34.5601806640625,5.432799339294434,3.3759186267852783,2.7027387619018555,0.05080655962228775,0.0426311194896698,0.982704222202301
4585,24.27359390258789,5.799077987670898,5.249439716339111,1.9853969812393188,0.0958249419927597,0.077092744410038,0.6739378273487091
4586,52.356651306152344,8.582720756530762,2.851807117462158,2.055903196334839,0.11495674401521683,0.05772598087787628,0.6378637850284576
4587,29.396310806274414,8.902162551879883,6.506416320800781,2.3828747272491455,0.13082291185855865,0.12215861678123474,0.7296861708164215
4588,30.789779663085938,4.085909366607666,4.236426830291748,2.5296730995178223,0.058921873569488525,0.03706894442439079,0.8668416440486908
4589,37.296512603759766,11.795343399047852,7.193875312805176,2.2892282009124756,0.17374391853809357,0.1776280403137207,0.6689978539943695
4590,33.310157775878906,13.26096248626709,7.109541416168213,2.066359519958496,0.13774582743644714,0.1097162663936615,0.7252211272716522
4591,30.63673973083496,12.478841781616211,4.312477111816406,2.284062623977661,0.07356105744838715,0.04735012352466583,0.798078179359436
4592,32.58100891113281,11.512341499328613,5.585020542144775,2.018927574157715,0.08897264301776886,0.11880003660917282,0.7061337232589722
4593,29.87018585205078,8.128110885620117,3.554640769958496,2.1144325733184814,0.1133149117231369,0.07204754650592804,0.5635908246040344
4594,34.320308685302734,7.9136247634887695,3.0319604873657227,2.7929110527038574,0.07651465386152267,0.044800855219364166,0.9847250580787659
4595,47.11391067504883,6.61470365524292,4.1678996086120605,2.741828203201294,0.04829346388578415,0.04172383248806,0.9689549803733826
4596,49.23269271850586,11.75766658782959,4.36489725112915,2.620490074157715,0.11266984045505524,0.04429019242525101,0.7241042256355286
4597,29.36158561706543,4.632874488830566,5.155730247497559,2.205388069152832,0.06559775769710541,0.09738074243068695,0.832649827003479
4598,45.80633544921875,7.403545379638672,5.381916046142578,2.3823342323303223,0.05703788250684738,0.06092194467782974,0.6599487364292145
4599,39.49984359741211,4.1381516456604,5.150119304656982,2.3012216091156006,0.06473542004823685,0.08480257540941238,0.5683672726154327
4600,36.680233001708984,3.9924769401550293,2.7637670040130615,2.6022846698760986,0.04556442052125931,0.04544343054294586,0.8090224862098694
4601,42.18917465209961,13.799983024597168,3.757303476333618,2.275561809539795,0.2338363230228424,0.07440410554409027,0.7017508745193481
4602,24.6694278717041,10.343696594238281,5.038319110870361,1.934536099433899,0.1657755970954895,0.06226727366447449,0.6996559500694275
4603,37.239261627197266,10.351007461547852,3.033673048019409,2.9366915225982666,0.12914606928825378,0.054771505296230316,0.9324176907539368
4604,40.24561309814453,6.735334873199463,4.542187213897705,2.1332623958587646,0.10945704579353333,0.07933574914932251,0.7005971968173981
4605,33.17835235595703,6.267916202545166,2.349473714828491,2.1454434394836426,0.07009688764810562,0.035973191261291504,0.697807639837265
4606,35.7293586730957,12.627655029296875,6.530030727386475,1.9951251745224,0.13109435141086578,0.10429955273866653,0.6958684623241425
4607,29.553781509399414,6.628161430358887,5.138063430786133,2.155489444732666,0.08204460144042969,0.11231086403131485,0.6657207012176514
4608,34.70711898803711,7.63372278213501,3.056758403778076,2.3878536224365234,0.08246171474456787,0.035374436527490616,0.77227982878685
4609,43.09827423095703,9.8321533203125,5.596124649047852,2.7371408939361572,0.1797102689743042,0.08514627814292908,1.2481140792369843
4610,43.676841735839844,10.220327377319336,4.566315174102783,2.3335318565368652,0.09441333264112473,0.03567599132657051,0.7413674592971802
4611,49.05120086669922,6.085777759552002,3.6075339317321777,2.229900360107422,0.06560848653316498,0.048139989376068115,0.8403604924678802
4612,29.418476104736328,11.588960647583008,4.942131519317627,2.5823588371276855,0.09674528986215591,0.06684547662734985,0.9401070773601532
4613,36.22612380981445,5.434756755828857,2.3059160709381104,2.3619096279144287,0.06981728971004486,0.033100616186857224,0.7288240194320679
4614,30.097930908203125,3.2039873600006104,3.957958459854126,3.2205708026885986,0.04308059439063072,0.04835895076394081,0.8224117457866669
4615,26.88335418701172,5.198978900909424,3.5906906127929688,2.4553933143615723,0.055472567677497864,0.04897630959749222,0.8328450620174408
4616,30.241838455200195,3.712846040725708,2.9202942848205566,3.06066632270813,0.04116715490818024,0.04440925270318985,1.0164170265197754
4617,22.19681167602539,6.463665962219238,4.398312091827393,2.929100513458252,0.06819359958171844,0.07344454526901245,0.9319836497306824
4618,40.097564697265625,5.793046951293945,6.028712272644043,2.357968330383301,0.09436740726232529,0.11513678729534149,0.6804765164852142
4619,25.378080368041992,12.279650688171387,3.6018269062042236,2.3721532821655273,0.11391414701938629,0.06016787886619568,0.8025096356868744
4620,29.66902732849121,6.473119258880615,3.319582939147949,2.9520068168640137,0.06902748346328735,0.04999649524688721,1.0820215940475464
4621,31.5433349609375,16.38282012939453,3.434126138687134,2.3227970600128174,0.16451247036457062,0.04417857527732849,0.6122512519359589
4622,35.39082717895508,9.908697128295898,7.9889397621154785,2.288214921951294,0.09318072348833084,0.2595759332180023,0.6041991710662842
4623,32.18804168701172,5.860001087188721,2.947164297103882,2.5466113090515137,0.049679625779390335,0.04107988625764847,0.8007535636425018
4624,35.297332763671875,10.592364311218262,8.462508201599121,2.0748202800750732,0.13548395037651062,0.18203015625476837,0.6163000762462616
4625,35.15357208251953,9.141324996948242,4.530146598815918,2.0815370082855225,0.06038886308670044,0.05945730209350586,0.6163218021392822
4626,38.290504455566406,6.198420524597168,8.135307312011719,2.1763172149658203,0.07884535193443298,0.14225149154663086,0.6582147181034088
4627,33.89476013183594,7.711361408233643,5.412200450897217,2.7160274982452393,0.0746472030878067,0.08338253200054169,0.8862049579620361
4628,41.95045471191406,9.902767181396484,3.05271577835083,2.539567470550537,0.18407964706420898,0.06252249330282211,0.7537005543708801
4629,29.007511138916016,7.170076847076416,4.121790885925293,1.9952876567840576,0.08468777686357498,0.14785969257354736,0.714399129152298
4630,31.398380279541016,8.78420352935791,5.287289619445801,1.767801284790039,0.06990058720111847,0.11972017586231232,0.5673494338989258
4631,27.284013748168945,4.638304233551025,7.181424617767334,1.9594459533691406,0.06097155809402466,0.15161162614822388,0.7668278217315674
4632,39.19983673095703,5.948720932006836,7.191525936126709,2.043912172317505,0.06379641592502594,0.059831228107213974,0.8163141906261444
4633,48.072261810302734,13.521859169006348,11.169413566589355,1.9384071826934814,0.17192906141281128,0.13079191744327545,0.6502789258956909
4634,34.13914489746094,11.4257230758667,8.504889488220215,2.0389575958251953,0.10001353919506073,0.14354576170444489,0.6354840397834778
4635,39.94414138793945,13.832011222839355,2.946026086807251,2.218571424484253,0.15681016445159912,0.039050810039043427,0.686290442943573
4636,31.35390281677246,5.48561954498291,3.004822254180908,2.0913987159729004,0.12820065021514893,0.05614966154098511,0.7749232947826385
4637,36.470218658447266,3.526407480239868,6.626744747161865,2.516174554824829,0.0351717472076416,0.06794524192810059,0.8090950846672058
4638,41.52356719970703,8.24841022491455,6.126979351043701,2.631467819213867,0.08283699303865433,0.0569036528468132,0.6928246915340424
4639,49.35978698730469,9.122673988342285,9.234371185302734,2.154026985168457,0.054778121411800385,0.15590094029903412,0.5064229667186737
4640,27.99346351623535,7.589720726013184,2.5146262645721436,2.373880624771118,0.15138256549835205,0.040449269115924835,0.678040087223053
4641,41.50376892089844,4.73582649230957,2.1937355995178223,2.8774476051330566,0.03905928134918213,0.03952198848128319,0.9148727059364319
4642,41.80201721191406,10.979608535766602,3.53593111038208,2.615394353866577,0.16856925189495087,0.03968627750873566,0.8395034670829773
4643,67.31305694580078,25.954763412475586,7.6383562088012695,2.3112103939056396,0.22326608002185822,0.1020423024892807,0.8409173488616943
4644,47.74289321899414,6.383941173553467,3.638622283935547,2.6323702335357666,0.06367072463035583,0.038067132234573364,0.7824515700340271
4645,62.801815032958984,5.186673164367676,3.5684258937835693,2.3189797401428223,0.08155570924282074,0.045210957527160645,0.7166066765785217
4646,25.65947151184082,8.669331550598145,4.06149435043335,2.038405179977417,0.08082038909196854,0.03560756891965866,0.778097540140152
4647,37.83535385131836,13.863410949707031,7.560916423797607,2.8425774574279785,0.09960489720106125,0.08125519752502441,0.9244759678840637
4648,34.0573844909668,7.359339714050293,3.2069907188415527,2.138479232788086,0.048268873244524,0.03358360007405281,0.7219768464565277
4649,35.8914794921875,5.42669153213501,4.658064842224121,2.1965343952178955,0.06988747417926788,0.06383451074361801,0.7497721910476685
4650,38.6966552734375,6.383885860443115,5.315770149230957,2.3263416290283203,0.08343422412872314,0.05533550679683685,0.6915149092674255
4651,67.6242446899414,2.164029121398926,4.492166519165039,3.0088303089141846,0.04787670075893402,0.10187234729528427,0.9913672804832458
4652,43.64887237548828,16.766864776611328,5.412583827972412,2.627052068710327,0.27298474311828613,0.08809003233909607,0.7318288683891296
4653,44.9903564453125,14.74726676940918,2.728238344192505,2.512054920196533,0.126767098903656,0.037673525512218475,0.8221684992313385
4654,42.42683410644531,9.24972152709961,2.2319743633270264,2.8221466541290283,0.14868997037410736,0.03947637975215912,0.9048748910427094
4655,31.085102081298828,9.349093437194824,7.072718620300293,2.286926746368408,0.1625603288412094,0.11956843733787537,0.5618813037872314
4656,29.0301513671875,5.4265642166137695,4.122557163238525,2.546649694442749,0.06616734713315964,0.05014596879482269,0.7689420282840729
4657,36.57375717163086,8.542879104614258,2.9577407836914062,2.2729694843292236,0.17639367282390594,0.049087829887866974,0.7472338974475861
4658,27.314741134643555,7.655507564544678,4.738653182983398,2.415907859802246,0.18789073824882507,0.0583401583135128,0.8848726749420166
4659,30.38027572631836,8.568965911865234,4.6872944831848145,2.0357303619384766,0.16496843099594116,0.041118692606687546,0.7842913269996643
4660,43.409427642822266,11.078853607177734,3.873453378677368,2.241352081298828,0.10437200218439102,0.04438752681016922,0.717912882566452
4661,27.733436584472656,7.2853617668151855,7.732168197631836,2.2514681816101074,0.07648023962974548,0.12502628564834595,0.7076352536678314
4662,33.53492736816406,4.412609100341797,4.354529857635498,2.3479342460632324,0.03937496989965439,0.06143449246883392,0.7289769649505615
4663,33.773441314697266,6.11179780960083,3.1151158809661865,2.326627254486084,0.09649848192930222,0.0617394894361496,0.7385892868041992
4664,28.90194320678711,3.6410605907440186,5.045863151550293,2.1183414459228516,0.0412910096347332,0.10359533131122589,0.6824370324611664
4665,28.513315200805664,4.499393939971924,3.7874221801757812,1.935226559638977,0.07584565132856369,0.04761014133691788,0.6245966851711273
4666,41.88931655883789,3.228201389312744,5.358651638031006,2.46903920173645,0.027363281697034836,0.05870597064495087,0.7495491206645966
4667,42.97713851928711,3.01354718208313,2.396731376647949,2.270669460296631,0.037907443940639496,0.03388217091560364,0.5883532762527466
4668,31.42681884765625,7.737826347351074,5.759732723236084,2.44987154006958,0.07983502745628357,0.06089874356985092,0.9802061319351196
4669,56.73481369018555,5.300534248352051,5.362393856048584,2.1295008659362793,0.08025781810283661,0.07440114766359329,0.5526323020458221
4670,41.96279525756836,2.8936514854431152,7.422596454620361,2.2974460124969482,0.041676782071590424,0.13561975955963135,0.645478218793869
4671,36.49843215942383,4.35939884185791,4.229528427124023,2.6816282272338867,0.07225096225738525,0.06519290804862976,0.9931455850601196
4672,44.85393142700195,7.013657569885254,3.3508105278015137,2.508183240890503,0.07511155307292938,0.038791678845882416,1.0039974749088287
4673,27.498037338256836,3.4227418899536133,8.607775688171387,2.289533853530884,0.05838925391435623,0.1254396140575409,0.7517333626747131
4674,32.92426681518555,3.280918598175049,1.4094089269638062,3.0146474838256836,0.04323507100343704,0.03845901042222977,1.0290017127990723
4675,23.91022491455078,6.305985927581787,4.19150447845459,2.0007944107055664,0.1078566238284111,0.0429803766310215,0.689153403043747
4676,30.637882232666016,8.83206844329834,3.135624408721924,2.375138282775879,0.1268296241760254,0.04462661221623421,0.9605616927146912
4677,57.78875732421875,5.3178582191467285,2.1169371604919434,2.4394168853759766,0.04605916142463684,0.03440980613231659,0.7336422502994537
4678,33.52420425415039,9.639201164245605,4.298557281494141,2.8761446475982666,0.10643792152404785,0.06228555738925934,1.131372332572937
4679,36.12416076660156,14.87935733795166,4.936297416687012,2.4827215671539307,0.17646938562393188,0.0709671825170517,0.7707580924034119
4680,34.485008239746094,6.037604331970215,7.39548397064209,2.963238000869751,0.07186238467693329,0.09161891788244247,0.9055363535881042
4681,40.33522033691406,6.894565105438232,3.676623821258545,2.8075170516967773,0.07571613043546677,0.05710577964782715,0.8562712669372559
4682,33.27872085571289,9.543272018432617,4.168512344360352,2.0771806240081787,0.09438911080360413,0.07070901989936829,0.707835465669632
4683,24.76209259033203,3.944636821746826,6.363733291625977,2.966876983642578,0.053271472454071045,0.07127970457077026,0.9731944799423218
4684,24.56962013244629,3.9634177684783936,4.0065131187438965,2.37074613571167,0.04643135890364647,0.0808541476726532,0.7289593815803528
4685,30.327171325683594,4.573581695556641,5.003057479858398,2.781254768371582,0.06305894255638123,0.09760305285453796,0.7698647379875183
4686,42.58452224731445,3.3359169960021973,1.72572660446167,3.1612653732299805,0.03311785310506821,0.03771328553557396,1.097571849822998
4687,22.62036895751953,7.1022562980651855,6.556156635284424,2.8501229286193848,0.11150895059108734,0.12145443260669708,1.0249235033988953
4688,41.89999771118164,8.462669372558594,6.441151142120361,2.3080906867980957,0.07746771723031998,0.09869899600744247,0.7686659693717957
4689,25.228988647460938,14.66779613494873,4.558498382568359,1.8684769868850708,0.11433586478233337,0.11760292947292328,0.5303797721862793
4690,44.93083190917969,10.087334632873535,8.409215927124023,2.3617913722991943,0.07062207162380219,0.1416161209344864,0.5532011985778809
4691,25.29611587524414,7.4525933265686035,1.7368993759155273,2.439819097518921,0.09363959729671478,0.04042375087738037,0.8028636574745178
4692,28.930492401123047,4.61607551574707,2.830631732940674,1.9895975589752197,0.04057546705007553,0.033527716994285583,0.6081083118915558
4693,32.6429557800293,9.690312385559082,3.9062633514404297,2.6970419883728027,0.08280603587627411,0.0370766706764698,0.8742358088493347
4694,23.3724365234375,9.450143814086914,2.6164016723632812,2.557905435562134,0.12491725385189056,0.04455023258924484,0.890031099319458
4695,57.836971282958984,8.360310554504395,5.480645179748535,1.9580086469650269,0.04840710386633873,0.06473121047019958,0.5374126732349396
4696,29.187084197998047,6.588351249694824,2.6212375164031982,2.7554543018341064,0.07773924618959427,0.04923641309142113,0.9530113339424133
4697,28.588518142700195,10.86022663116455,3.0107696056365967,3.1764423847198486,0.10245804488658905,0.053556665778160095,1.2067222595214844
4698,35.272560119628906,14.921276092529297,9.036478042602539,2.027924060821533,0.16759788990020752,0.10357870906591415,0.6217360496520996
4699,37.957096099853516,4.974790096282959,7.621457099914551,2.359330654144287,0.060906264930963516,0.11819131672382355,0.5848469436168671
4700,42.10279083251953,6.8198370933532715,4.0141425132751465,2.9419047832489014,0.06804899126291275,0.07116958498954773,0.8961957097053528
4701,53.36228561401367,3.440319061279297,8.745502471923828,2.311068058013916,0.04784426465630531,0.06873534619808197,0.6924409866333008
4702,30.037250518798828,5.9608659744262695,4.915816783905029,2.697627305984497,0.0874546691775322,0.06614487618207932,1.0402525067329407
4703,38.585121154785156,7.323588848114014,4.875764846801758,2.529379367828369,0.1111736074090004,0.044329795986413956,0.8519411087036133
4704,40.03983688354492,4.309440612792969,5.906872749328613,2.244896650314331,0.052178673446178436,0.0602031946182251,0.6958658695220947
4705,36.288272857666016,5.414562225341797,6.2889084815979,2.3508331775665283,0.06386622786521912,0.09404992312192917,0.7375633120536804
4706,48.09743118286133,7.639870643615723,5.142333030700684,2.0110814571380615,0.08024565875530243,0.04787984490394592,0.689604789018631
4707,32.74091339111328,10.869267463684082,6.428236961364746,2.5946550369262695,0.22190408408641815,0.05453436076641083,0.7834885716438293
4708,38.174949645996094,9.46119499206543,4.971149921417236,2.2114808559417725,0.11059489846229553,0.0700254738330841,0.7460441887378693
4709,50.51694107055664,5.52660608291626,3.5244791507720947,3.6952614784240723,0.05623495578765869,0.0380905419588089,1.2102938890457153
4710,31.396879196166992,11.015068054199219,8.993437767028809,2.131290912628174,0.17170067131519318,0.15721771121025085,0.5815257430076599
4711,54.67509078979492,9.030248641967773,1.9217520952224731,2.7039902210235596,0.09935104101896286,0.0508393868803978,0.9473991096019745
4712,38.98693084716797,13.216902732849121,7.649457931518555,1.8256970643997192,0.2645844519138336,0.13176342844963074,0.6252346038818359
4713,29.900043487548828,3.916797161102295,3.172137975692749,2.319300889968872,0.058602381497621536,0.05696742236614227,0.7950516939163208
4714,30.29890251159668,6.755456924438477,8.432010650634766,2.3238282203674316,0.06711471080780029,0.09550528973340988,0.8359069526195526
4715,28.762460708618164,8.641932487487793,2.8515167236328125,1.6987556219100952,0.1697780340909958,0.040016837418079376,0.6765757501125336
4716,37.55921936035156,18.168718338012695,2.3616011142730713,2.910209894180298,0.1627737134695053,0.03236141800880432,0.8836708068847656
4717,24.28742218017578,3.8130416870117188,2.5105299949645996,2.5783803462982178,0.05385502427816391,0.05041436851024628,0.7837324142456055
4718,56.242897033691406,3.8412399291992188,1.938987374305725,2.6230406761169434,0.06735372543334961,0.035454683005809784,0.8122425079345703
4719,46.610687255859375,6.1585235595703125,8.57811164855957,2.7297091484069824,0.0627540871500969,0.12324775755405426,0.8565015196800232
4720,56.97410202026367,7.697213649749756,2.126539707183838,2.6797642707824707,0.06285056471824646,0.0333377979695797,0.8757629692554474
4721,40.01245880126953,11.920007705688477,5.902298927307129,2.2300944328308105,0.13814647495746613,0.08012538403272629,0.6775802075862885
4722,40.73907470703125,17.42348289489746,5.268111228942871,2.713059902191162,0.2433898001909256,0.07040060311555862,0.701088935136795
4723,46.76729965209961,12.888598442077637,5.970271110534668,3.144017219543457,0.11761553585529327,0.05276235193014145,1.100283533334732
4724,57.4463996887207,3.5940911769866943,3.8056488037109375,2.1700611114501953,0.061141930520534515,0.04260678589344025,0.7295559346675873
4725,44.478111267089844,16.348285675048828,2.7925031185150146,2.941195487976074,0.2199859917163849,0.04330851882696152,0.9953356683254242
4726,36.17289352416992,2.6928210258483887,8.503284454345703,2.2214436531066895,0.0406213104724884,0.15923646092414856,0.7168477773666382
4727,34.196929931640625,7.723421573638916,5.182571887969971,2.4156453609466553,0.13827425241470337,0.08870717138051987,0.7836107611656189
4728,32.138668060302734,11.011250495910645,3.729703187942505,2.581671953201294,0.1050594225525856,0.05591005086898804,0.847001314163208
4729,32.32866668701172,8.529318809509277,10.37078857421875,2.270843505859375,0.13770556449890137,0.1832062155008316,0.693443238735199
4730,41.98612976074219,7.065491676330566,4.839112281799316,2.2076449394226074,0.06169198080897331,0.046212613582611084,0.750455379486084
4731,40.578365325927734,2.975749969482422,4.2165327072143555,2.314579963684082,0.053991563618183136,0.04057745262980461,0.8481467068195343
4732,37.76552200317383,4.578484535217285,3.2311131954193115,2.2210235595703125,0.04523995518684387,0.055207327008247375,0.6250433623790741
4733,77.89680480957031,17.53912353515625,4.306403160095215,2.3919246196746826,0.06932379305362701,0.03279564902186394,0.8378224968910217
4734,41.09709167480469,5.669576644897461,4.611353874206543,2.5686087608337402,0.05672015994787216,0.08487927913665771,1.018816351890564
4735,30.879430770874023,3.8134913444519043,3.83298659324646,2.923640012741089,0.057417817413806915,0.04018045961856842,0.9908673167228699
4736,29.139455795288086,26.397300720214844,3.8248214721679688,2.2915384769439697,0.14664551615715027,0.05414536967873573,0.8488552868366241
4737,49.177345275878906,5.805980205535889,6.868732929229736,2.1994338035583496,0.10580502450466156,0.1136784553527832,0.5851211547851562
4738,52.029808044433594,5.582555294036865,6.792635440826416,2.1163554191589355,0.05897193029522896,0.07850499451160431,0.6270065009593964
4739,40.532588958740234,6.048656463623047,4.075845241546631,2.7256643772125244,0.09207148104906082,0.0665377527475357,0.876872718334198
4740,74.22203063964844,4.823938846588135,8.881738662719727,2.0441954135894775,0.07062965631484985,0.1035296842455864,0.5817160308361053
4741,33.9505500793457,5.168194770812988,7.507802963256836,2.91711688041687,0.06491781026124954,0.09319687634706497,0.9110137820243835
4742,49.895721435546875,10.801835060119629,5.398257255554199,2.094541549682617,0.14584843814373016,0.06519675254821777,0.656485915184021
4743,34.93838119506836,7.0613250732421875,3.0720303058624268,2.1747751235961914,0.1329367309808731,0.06442233175039291,0.6317291855812073
4744,28.680614471435547,20.4608097076416,6.001069068908691,2.1630263328552246,0.2247728407382965,0.0925401896238327,0.6966050565242767
4745,49.800811767578125,7.6164116859436035,4.821534633636475,2.5338497161865234,0.08363151550292969,0.054644279181957245,0.9152904152870178
4746,38.579803466796875,7.890099048614502,5.507681846618652,2.151060104370117,0.1047244518995285,0.05344385653734207,0.6664115190505981
4747,50.63157653808594,10.00435733795166,4.070180892944336,2.5810067653656006,0.05125518515706062,0.059739865362644196,0.8293408304452896
4748,36.61854553222656,8.284799575805664,3.5708413124084473,2.127592086791992,0.08970418572425842,0.06286787986755371,0.7132307887077332
4749,37.333160400390625,8.294828414916992,4.850735187530518,2.4094719886779785,0.0672798752784729,0.06705684959888458,0.7137773633003235
4750,20.166343688964844,3.164822578430176,4.152190685272217,3.016953706741333,0.05168528109788895,0.09151700139045715,1.1265321969985962
4751,24.13960075378418,5.699857711791992,3.8975281715393066,2.537040948867798,0.05796246975660324,0.05819961056113243,0.9176565110683441
4752,45.85954284667969,11.242385864257812,4.05108642578125,2.7769198417663574,0.22675321996212006,0.03867224603891373,0.7945857346057892
4753,45.63407897949219,4.34800910949707,11.206783294677734,2.2433226108551025,0.05371733009815216,0.08713197708129883,0.7050897479057312
4754,27.58390998840332,8.69135570526123,4.671555995941162,2.586329221725464,0.1325737088918686,0.08754682540893555,0.9575948417186737
4755,47.33683395385742,12.419083595275879,2.03529691696167,2.4270544052124023,0.08194282650947571,0.03182240203022957,0.797399491071701
4756,26.80550765991211,13.60164737701416,3.228407382965088,2.100167751312256,0.16331838071346283,0.041433028876781464,0.7072523832321167
4757,34.679229736328125,7.759352684020996,10.128748893737793,2.8552184104919434,0.09164983034133911,0.1219487190246582,1.0202214121818542
4758,33.75551223754883,6.834322929382324,5.332533836364746,2.4309158325195312,0.07350452244281769,0.0384870246052742,0.7874483168125153
4759,58.2767219543457,7.9660539627075195,3.402808904647827,3.1921463012695312,0.11844518780708313,0.04476579278707504,1.112528383731842
4760,28.416894912719727,6.024149417877197,4.338370323181152,2.5504162311553955,0.09977222979068756,0.04655606672167778,0.9705936908721924
4761,39.66395950317383,26.413772583007812,3.940051317214966,2.551046848297119,0.1708921641111374,0.06077643483877182,0.8364067673683167
4762,25.687803268432617,22.359342575073242,3.5994300842285156,2.6097731590270996,0.19228845834732056,0.05214044824242592,0.8454562425613403
4763,31.649009704589844,7.686270713806152,6.205730438232422,2.504579544067383,0.18423311412334442,0.05963222682476044,0.9689836502075195
4764,26.437828063964844,5.767303466796875,2.8902945518493652,2.409632444381714,0.09391213953495026,0.05367919057607651,0.9135020971298218
4765,19.918790817260742,8.736809730529785,5.551447868347168,2.339642286300659,0.053814005106687546,0.08945969492197037,0.8718622326850891
4766,50.10202407836914,7.998448371887207,3.8770804405212402,2.5695688724517822,0.06747176498174667,0.0615728497505188,1.0165905058383942
4767,36.96199035644531,6.878745079040527,9.103861808776855,2.435429573059082,0.0979030504822731,0.15418387949466705,0.7721797525882721
4768,53.176109313964844,3.9136624336242676,8.713075637817383,2.3316750526428223,0.06043853610754013,0.11296258121728897,0.6563813984394073
4769,29.197765350341797,7.499227046966553,4.639285087585449,2.482869863510132,0.10550586879253387,0.073520228266716,0.8660010099411011
4770,33.60908126831055,10.333985328674316,6.25197172164917,2.1485249996185303,0.13090483844280243,0.09116961807012558,0.8704961240291595
4771,30.082122802734375,12.245736122131348,2.8878071308135986,2.6378977298736572,0.20019961893558502,0.04227440059185028,0.7120848000049591
4772,38.109249114990234,9.270115852355957,2.7262063026428223,2.2700839042663574,0.07980778813362122,0.06291556358337402,0.6641668379306793
4773,51.08025360107422,4.918311595916748,8.410418510437012,2.289731025695801,0.05473023280501366,0.09971066564321518,0.7949695289134979
4774,29.216388702392578,3.1152851581573486,3.8101158142089844,2.184713125228882,0.04380253329873085,0.055472202599048615,0.7217101752758026
4775,35.166446685791016,7.579736232757568,5.289514541625977,1.9095500707626343,0.0929604023694992,0.07568642497062683,0.6628744006156921
4776,22.98175621032715,9.848936080932617,2.728524684906006,2.081653356552124,0.18824902176856995,0.029757341369986534,0.7120043337345123
4777,36.38441848754883,6.870626449584961,2.9438793659210205,2.508570909500122,0.046937547624111176,0.03479195758700371,0.7663638293743134
4778,43.614967346191406,5.976316928863525,6.100691318511963,2.2395718097686768,0.07468824088573456,0.11378421634435654,0.6218177974224091
4779,21.78494644165039,8.273616790771484,5.246396064758301,2.7287447452545166,0.12634247541427612,0.0748824030160904,0.9545192122459412
4780,30.984243392944336,12.29683780670166,2.999452590942383,2.4975106716156006,0.15833106637001038,0.053849220275878906,0.789158821105957
4781,27.481849670410156,5.221424579620361,3.6274001598358154,2.3253753185272217,0.07830218970775604,0.03757372125983238,0.771691232919693
4782,36.52228927612305,5.189693450927734,3.7136740684509277,2.3324685096740723,0.05527655407786369,0.0490511879324913,0.7517995238304138
4783,28.926355361938477,24.731971740722656,3.6125340461730957,2.2945594787597656,0.24509631097316742,0.04182852804660797,0.8067623972892761
4784,55.2950553894043,5.244699478149414,2.322972536087036,2.6470420360565186,0.07222110778093338,0.040757615119218826,0.8426652550697327
4785,36.85850524902344,11.452491760253906,2.507868528366089,2.34214448928833,0.18716557323932648,0.031130008399486542,0.9302162528038025
4786,41.3726692199707,7.825483798980713,8.344023704528809,2.1318705081939697,0.09564198553562164,0.08847922086715698,0.6317233741283417
4787,38.97511291503906,11.341151237487793,7.430579662322998,2.147508382797241,0.2683916985988617,0.04318105801939964,0.712509274482727
4788,34.68778991699219,6.292283535003662,3.601419687271118,2.517916679382324,0.05355826020240784,0.04693720117211342,0.6891643106937408
4789,33.46279525756836,8.811684608459473,3.2593796253204346,2.711916923522949,0.12443255633115768,0.05304500088095665,0.8756261765956879
4790,42.856117248535156,4.991579055786133,1.7286916971206665,2.952307939529419,0.07561593502759933,0.03366798162460327,1.0260316133499146
4791,39.82914733886719,4.9476494789123535,5.220636367797852,2.549607753753662,0.05423576384782791,0.07538522779941559,0.9270952343940735
4792,37.06031036376953,7.113035202026367,8.35663890838623,2.959080696105957,0.08331771194934845,0.15302900969982147,1.040239155292511
4793,33.354095458984375,8.292067527770996,5.0419840812683105,2.295666456222534,0.07663723826408386,0.07375267148017883,0.7167659997940063
4794,29.443164825439453,9.329717636108398,2.015933036804199,2.0847220420837402,0.07334227859973907,0.037927236407995224,0.7386123538017273
4795,26.29559898376465,5.547264575958252,3.3325750827789307,2.200380802154541,0.06409262865781784,0.04297497123479843,0.7533097863197327
4796,37.730350494384766,2.949888229370117,7.316568374633789,2.7276463508605957,0.06154366582632065,0.18730881810188293,0.8490663170814514
4797,28.142288208007812,7.804731845855713,5.644763469696045,2.2802443504333496,0.07134927809238434,0.06142006069421768,0.7962369024753571
4798,28.312562942504883,3.400609254837036,8.107817649841309,2.112168073654175,0.04302256554365158,0.15675434470176697,0.6295622885227203
4799,29.36850929260254,6.637176990509033,5.1035566329956055,2.2386741638183594,0.05305717885494232,0.05715088173747063,0.7061883509159088
4800,40.2568473815918,9.129740715026855,6.84069299697876,2.4254679679870605,0.09430892020463943,0.19781291484832764,0.8535296320915222
4801,36.67937088012695,12.718122482299805,5.55295467376709,2.258526086807251,0.16127800941467285,0.08416084945201874,0.7770826518535614
4802,29.76901626586914,3.312976837158203,5.0418291091918945,2.364131450653076,0.041017189621925354,0.04644022136926651,0.7764997184276581
4803,36.24379348754883,5.807796955108643,7.511102676391602,2.369727373123169,0.055286526679992676,0.17474134266376495,0.6219187676906586
4804,33.08760070800781,5.869673728942871,5.765330791473389,2.665977954864502,0.06461511552333832,0.08664432168006897,1.0271415412425995
4805,22.057960510253906,5.115684986114502,10.00210952758789,1.7653743028640747,0.06232389807701111,0.1530463844537735,0.7075636088848114
4806,34.40984344482422,5.1125640869140625,5.413136005401611,3.1538822650909424,0.08124430477619171,0.07874657213687897,1.0169053971767426
4807,29.50048065185547,5.2671661376953125,2.1078522205352783,2.454512596130371,0.04421215504407883,0.03230442479252815,0.9948599934577942
4808,37.27662658691406,7.746318817138672,4.416543960571289,2.5682733058929443,0.08689391613006592,0.0654558315873146,0.9284932315349579
4809,40.89842987060547,4.463895320892334,8.33360767364502,2.3223626613616943,0.051005370914936066,0.15057013928890228,0.6922430694103241
4810,38.01189041137695,5.434525966644287,4.232051849365234,2.4097163677215576,0.06397859007120132,0.08555234968662262,0.8241672217845917
4811,22.047256469726562,7.086026191711426,3.9481148719787598,2.446788787841797,0.0823153704404831,0.0593394972383976,0.7839779257774353
4812,30.61233139038086,5.096571445465088,4.90908670425415,2.337939739227295,0.06230292096734047,0.07714661955833435,0.6449105441570282
4813,49.72195816040039,11.18767261505127,2.546443462371826,2.6922123432159424,0.0850556418299675,0.032047905027866364,0.762459009885788
4814,32.51846694946289,9.238809585571289,7.883877754211426,2.18243670463562,0.07900933921337128,0.09292364120483398,0.6487389206886292
4815,40.441898345947266,2.9560463428497314,4.311947822570801,2.220884084701538,0.042955704033374786,0.14925473928451538,0.7692395746707916
4816,37.90416717529297,10.429998397827148,3.2324705123901367,2.2594926357269287,0.0961957573890686,0.04068543016910553,0.6828538775444031
4817,33.2232780456543,11.260725021362305,3.489724636077881,2.625455856323242,0.1486411988735199,0.0458294078707695,0.9563032388687134
4818,35.25503921508789,5.441258907318115,6.863719940185547,2.4294052124023438,0.08835899084806442,0.06562009453773499,0.6298367381095886
4819,34.08458709716797,6.461971282958984,3.3779592514038086,2.7964987754821777,0.11010192334651947,0.0691196471452713,1.0856067538261414
4820,32.91748046875,7.908924102783203,3.1298906803131104,2.403353691101074,0.058058567345142365,0.04173041135072708,0.8705142438411713
4821,26.090248107910156,7.887278079986572,6.839761734008789,1.9948139190673828,0.08564615249633789,0.1423145979642868,0.5763497054576874
4822,36.84807205200195,3.839540481567383,6.7965407371521,2.436741590499878,0.05679912865161896,0.13006028532981873,0.7074622511863708
4823,40.519874572753906,6.3368239402771,4.238821983337402,2.324803113937378,0.05208995193243027,0.10652270913124084,0.8023036420345306
4824,35.284828186035156,3.7399938106536865,2.121929883956909,2.6132748126983643,0.038909368216991425,0.037930265069007874,0.8499843776226044
4825,34.431373596191406,15.982002258300781,4.869352340698242,2.1555917263031006,0.15589122474193573,0.09183928370475769,0.6886779367923737
4826,39.49470520019531,10.05555248260498,7.483432292938232,2.764551877975464,0.13853436708450317,0.06013219803571701,0.9044601917266846
4827,47.39065170288086,2.748216390609741,4.425200462341309,2.4257287979125977,0.03987661749124527,0.06953155994415283,0.7386867105960846
4828,53.5960693359375,9.548337936401367,14.144878387451172,2.1466596126556396,0.14020779728889465,0.13079294562339783,0.6558603048324585
4829,38.91064453125,5.04855489730835,2.8843271732330322,2.296966791152954,0.062407106161117554,0.03868505731225014,0.7408748865127563
4830,34.62935256958008,10.833724975585938,8.25490665435791,2.0761351585388184,0.23240654170513153,0.06354010850191116,0.6941332817077637
4831,41.7108039855957,16.222774505615234,7.578163146972656,2.106091022491455,0.1728287935256958,0.07341068983078003,0.7255912721157074
4832,44.14041519165039,8.557251930236816,2.7851505279541016,2.818605899810791,0.09501528739929199,0.032452285289764404,1.0952993333339691
4833,33.68242263793945,7.244367599487305,4.793646335601807,2.0517477989196777,0.10869313031435013,0.04271485283970833,0.603576123714447
4834,33.90262222290039,3.474039077758789,13.233755111694336,2.2125658988952637,0.060777388513088226,0.18898847699165344,0.6968515813350677
4835,31.338111877441406,7.361292839050293,4.715928077697754,2.1027722358703613,0.07561632245779037,0.06471562385559082,0.882376492023468
4836,27.90593910217285,7.257434368133545,2.622727394104004,2.4892427921295166,0.14161626994609833,0.04767884314060211,1.0290525555610657
4837,35.745113372802734,14.325655937194824,5.459974765777588,2.258017063140869,0.16658014059066772,0.051985301077365875,0.7271056771278381
4838,35.155860900878906,9.327380180358887,4.882673263549805,2.2854809761047363,0.061901986598968506,0.06585275381803513,0.8643032908439636
4839,32.670650482177734,6.151833534240723,4.3240461349487305,1.8936948776245117,0.0717659443616867,0.05944058299064636,0.7300246357917786
4840,35.84763717651367,5.544768810272217,5.214931011199951,1.9839931726455688,0.06003759801387787,0.11138654500246048,0.6769987046718597
4841,53.123382568359375,11.838271141052246,5.138899803161621,2.368762969970703,0.19775338470935822,0.06852743029594421,0.6666067093610764
4842,40.46155548095703,8.23876953125,6.359531402587891,2.8432347774505615,0.11003273725509644,0.06040233373641968,0.7589563429355621
4843,28.243200302124023,5.168998718261719,10.387767791748047,2.394266128540039,0.0675489529967308,0.22595927119255066,0.8074073493480682
4844,28.158981323242188,9.972612380981445,2.9092307090759277,2.6365792751312256,0.09131450206041336,0.05989977717399597,1.0003331303596497
4845,57.54193878173828,8.230697631835938,3.5058460235595703,2.388883590698242,0.06737837195396423,0.04677252471446991,0.7985626459121704
4846,35.758399963378906,4.924767971038818,6.786821365356445,2.2584035396575928,0.04991265386343002,0.07645613700151443,0.801722913980484
4847,32.26512145996094,6.553708076477051,3.6799893379211426,2.1013572216033936,0.08600196242332458,0.050753310322761536,0.7234123945236206
4848,39.47462844848633,4.745222091674805,3.594740629196167,2.2216877937316895,0.07960750162601471,0.043349701911211014,0.775450587272644
4849,27.88764190673828,9.553380012512207,2.4203617572784424,2.7053143978118896,0.12061329931020737,0.03785964846611023,0.9441359043121338
4850,38.60099411010742,2.6589152812957764,1.794035792350769,2.86432147026062,0.03880602866411209,0.03581499308347702,0.9100086688995361
4851,43.12716293334961,6.203970909118652,6.189778804779053,2.168616771697998,0.05486665666103363,0.08150104433298111,0.7636948227882385
4852,40.53569030761719,7.05635929107666,4.413535118103027,2.723160743713379,0.058038584887981415,0.06131137162446976,1.003274381160736
4853,37.11288833618164,8.21075439453125,6.5217156410217285,2.21382999420166,0.10119345039129257,0.09204055368900299,0.6200320720672607
4854,63.587608337402344,4.431061267852783,6.4393086433410645,2.6315252780914307,0.06166863441467285,0.1343347132205963,0.7865696847438812
4855,29.739381790161133,4.114884853363037,9.67369270324707,1.8453532457351685,0.05411539226770401,0.21781417727470398,0.5333966016769409
4856,54.138980865478516,4.748948097229004,8.653321266174316,1.8109074831008911,0.05838685482740402,0.16379764676094055,0.6958758533000946
4857,30.683868408203125,14.290901184082031,4.022346496582031,2.612610101699829,0.260256826877594,0.051417432725429535,0.9290693998336792
4858,38.54078674316406,6.591089248657227,5.774373531341553,2.9735090732574463,0.0949871838092804,0.04763199761509895,0.8795374929904938
4859,39.873931884765625,9.96738052368164,5.341105937957764,2.6451547145843506,0.1260078251361847,0.0926017314195633,0.7783939242362976
4860,22.900012969970703,5.469429016113281,4.108899116516113,2.4993855953216553,0.04819128289818764,0.07364857941865921,1.0601972341537476
4861,31.22358512878418,7.710991382598877,5.254543781280518,2.3760368824005127,0.06777089834213257,0.05244315415620804,0.8012316524982452
4862,28.276193618774414,4.5130696296691895,2.311227798461914,2.7675106525421143,0.04358556866645813,0.043979208916425705,1.055050551891327
4863,49.46498489379883,5.5689826011657715,2.9551498889923096,2.548872470855713,0.08271190524101257,0.049365200102329254,0.9639162719249725
4864,38.88045120239258,7.995795726776123,3.170597553253174,1.9886410236358643,0.10480307042598724,0.035144273191690445,0.5849723219871521
4865,69.80622100830078,6.588122367858887,6.162919521331787,2.9356436729431152,0.08622606098651886,0.11604728549718857,1.020026296377182
4866,28.553924560546875,5.450636386871338,6.096489429473877,2.3335704803466797,0.05591684952378273,0.09462720900774002,0.698683351278305
4867,51.348567962646484,9.823287963867188,5.733911037445068,2.0699031352996826,0.21022339165210724,0.07615190744400024,0.7780831158161163
4868,44.39202880859375,3.762481927871704,5.739530086517334,2.6974029541015625,0.058034759014844894,0.06514928489923477,0.8614205121994019
4869,26.21438217163086,5.910679340362549,5.692184925079346,2.0153439044952393,0.07183007895946503,0.13458526134490967,0.5992503762245178
4870,43.82072830200195,5.196106910705566,4.9581522941589355,2.869995355606079,0.05586249753832817,0.07662089169025421,0.9136898517608643
4871,45.26765441894531,7.228964805603027,5.716547966003418,2.353283643722534,0.0924321860074997,0.05495820194482803,0.6706161201000214
4872,42.18519973754883,12.791460037231445,5.0599517822265625,2.2237370014190674,0.0824669897556305,0.0738498792052269,0.6971168220043182
4873,34.094505310058594,4.521466255187988,2.5058157444000244,3.3576431274414062,0.07322808355093002,0.041137564927339554,1.1301161646842957
4874,33.908302307128906,3.0216147899627686,4.382657051086426,2.5149669647216797,0.049710605293512344,0.05378559231758118,0.8341447412967682
4875,47.3544807434082,4.592899322509766,4.869448184967041,2.6301028728485107,0.06946766376495361,0.07699546962976456,0.9353636503219604
4876,46.78489685058594,10.82284927368164,2.9719290733337402,2.7251060009002686,0.07497505098581314,0.04821573197841644,0.802434116601944
4877,45.770870208740234,8.428862571716309,3.869900941848755,2.4962832927703857,0.0952073335647583,0.044715166091918945,0.7913398742675781
4878,73.73612976074219,5.378276824951172,5.637844085693359,2.2548720836639404,0.09814471006393433,0.056536562740802765,0.7861362099647522
4879,47.442230224609375,12.324371337890625,3.664083480834961,2.4844043254852295,0.12187319993972778,0.04797244071960449,0.8832593858242035
4880,49.22651672363281,10.209565162658691,7.353241920471191,2.288576364517212,0.14886555075645447,0.10717622190713882,0.7087320685386658
4881,50.047584533691406,10.584534645080566,3.4109437465667725,2.282623529434204,0.10321660339832306,0.034053221344947815,0.6803045868873596
4882,48.61444854736328,5.739972114562988,8.500618934631348,2.7527360916137695,0.06331817060709,0.1994038224220276,0.9358137547969818
4883,38.188297271728516,6.81335973739624,4.338978290557861,2.2183961868286133,0.06552504003047943,0.06929872930049896,0.8501994013786316
4884,39.09197235107422,4.566595077514648,3.495509386062622,3.665452480316162,0.07836666703224182,0.0653645321726799,1.2563656568527222
4885,21.90769386291504,4.708026885986328,2.741650342941284,2.474943161010742,0.06033200025558472,0.03551378846168518,0.8523902893066406
4886,40.56427764892578,8.423750877380371,6.856267929077148,1.8439900875091553,0.07923783361911774,0.06955653429031372,0.5445827543735504
4887,28.504802703857422,6.585726737976074,4.324212551116943,2.860450506210327,0.0653497651219368,0.06615987420082092,0.7629724740982056
4888,65.68000793457031,3.7484140396118164,7.841352462768555,2.2389731407165527,0.05822703242301941,0.1228175163269043,0.925574541091919
4889,41.54704284667969,7.794675350189209,2.6777234077453613,2.295287609100342,0.06460936367511749,0.05581330507993698,0.6521881222724915
4890,45.898765563964844,4.3075103759765625,5.526272296905518,2.765404224395752,0.05951370671391487,0.06246008723974228,0.8414828479290009
4891,27.40279769897461,6.229414939880371,1.933983325958252,2.65676212310791,0.07971025258302689,0.0353848859667778,1.0075204968452454
4892,31.39910125732422,5.088345050811768,6.089232444763184,2.255844831466675,0.1013830304145813,0.06925852596759796,0.8350209891796112
4893,50.946861267089844,5.5617852210998535,10.632744789123535,2.4490389823913574,0.06142164766788483,0.0870034247636795,0.8550683557987213
4894,42.21913146972656,10.256250381469727,7.855803966522217,2.164869546890259,0.10894149541854858,0.10784353315830231,0.7518741488456726
4895,51.799598693847656,10.642332077026367,2.12562894821167,2.7448558807373047,0.15812981128692627,0.03358360752463341,0.8932507038116455
4896,26.836511611938477,6.674795150756836,2.104166030883789,2.9398581981658936,0.0931316465139389,0.037006549537181854,1.005707561969757
4897,54.3259162902832,2.730360984802246,1.8095433712005615,2.577094316482544,0.04933841526508331,0.0482495091855526,0.891568511724472
4898,43.08891677856445,7.768666744232178,4.357339382171631,2.750866413116455,0.1686965823173523,0.0585518479347229,0.8090125322341919
4899,37.96568298339844,2.6401453018188477,2.483095645904541,3.0394206047058105,0.04044223576784134,0.04941455274820328,1.2153212130069733
4900,44.13070297241211,8.412901878356934,4.512118816375732,2.7123241424560547,0.07065494358539581,0.05058535188436508,0.980379194021225
4901,49.384422302246094,2.299833297729492,2.9205691814422607,3.2226204872131348,0.02993909642100334,0.044227294623851776,0.9082052111625671
4902,30.948659896850586,4.756269454956055,6.619852542877197,2.2235090732574463,0.07836658507585526,0.07566743344068527,0.6540298163890839
4903,37.203582763671875,5.051060676574707,5.998153209686279,2.5699381828308105,0.06392097473144531,0.04559456184506416,0.8767326474189758
4904,42.9774169921875,7.170018196105957,3.6316020488739014,2.442985773086548,0.055715255439281464,0.042832277715206146,0.7917354702949524
4905,46.323238372802734,4.80138635635376,5.152529716491699,2.130415439605713,0.054379429668188095,0.08590583503246307,0.6618119478225708
4906,59.849525451660156,6.087310314178467,4.557845592498779,2.4606878757476807,0.06349637359380722,0.042584724724292755,0.6929312944412231
4907,34.93035125732422,6.389670372009277,3.3263943195343018,2.8288142681121826,0.04569487273693085,0.044748760759830475,0.8066785931587219
4908,27.024049758911133,4.914346694946289,4.970274448394775,2.7487850189208984,0.03918926417827606,0.06447213888168335,0.8563598990440369
4909,54.34804153442383,8.66960620880127,11.045011520385742,2.313305616378784,0.09909868240356445,0.18152940273284912,0.6004530787467957
4910,28.676393508911133,6.81820011138916,5.010965824127197,2.9253592491149902,0.1135145053267479,0.07431873679161072,0.8845546245574951
4911,41.085906982421875,6.426063060760498,7.283865451812744,2.233181953430176,0.1133691668510437,0.1028238981962204,0.7847617566585541
4912,30.60950469970703,4.761847972869873,6.614353656768799,2.5579380989074707,0.054159924387931824,0.05431162565946579,0.7776731252670288
4913,38.659122467041016,5.192539215087891,3.527141809463501,2.760392904281616,0.05757063627243042,0.04376684129238129,0.80182084441185
4914,43.5313835144043,5.314138412475586,6.502521991729736,2.387782096862793,0.05721232295036316,0.07092612236738205,0.9172168672084808
4915,36.181495666503906,5.142285346984863,1.794947624206543,2.73016357421875,0.05640500783920288,0.024822618812322617,0.7719538807868958
4916,36.40265655517578,10.955320358276367,1.7422012090682983,3.349083185195923,0.08008776605129242,0.034396544098854065,1.107245147228241
4917,44.21382522583008,4.760171413421631,3.174699068069458,2.9412589073181152,0.04695626348257065,0.03372526541352272,0.8136561512947083
4918,40.75675964355469,9.163430213928223,5.884255886077881,2.1666338443756104,0.058127596974372864,0.081047423183918,0.7075421810150146
4919,34.97745895385742,10.311388969421387,9.237308502197266,2.497650623321533,0.2020910233259201,0.14718762040138245,0.8065687865018845
4920,36.87648391723633,5.947378635406494,1.9079582691192627,2.8052573204040527,0.06286413222551346,0.04275735467672348,0.8754811882972717
4921,24.22922706604004,2.57907772064209,2.483059883117676,2.5677754878997803,0.0390232652425766,0.046241357922554016,0.8682694435119629
4922,30.669815063476562,1.816271185874939,8.207296371459961,2.7441163063049316,0.032518405467271805,0.10375054180622101,0.7903091013431549
4923,48.25515365600586,6.391226768493652,6.828819274902344,3.448474884033203,0.055537931621074677,0.08164852857589722,1.2040050029754639
4924,32.5908088684082,5.595926761627197,1.8449681997299194,3.135852336883545,0.0943152979016304,0.031161371618509293,0.9415387511253357
4925,29.883607864379883,9.40494155883789,4.138974189758301,2.452526807785034,0.2123776525259018,0.07540544867515564,0.750683605670929
4926,31.929019927978516,5.305164813995361,4.362438678741455,2.3960015773773193,0.08514679968357086,0.04066062718629837,0.7411465644836426
4927,50.65426254272461,5.4198222160339355,2.8621277809143066,2.4682281017303467,0.0693206638097763,0.04536262899637222,0.7627025842666626
4928,27.86446762084961,9.960618019104004,2.840973377227783,2.8978312015533447,0.1423109620809555,0.04435310512781143,1.0354795157909393
4929,42.38086700439453,10.984938621520996,9.354008674621582,1.9770530462265015,0.1308247298002243,0.07885051518678665,0.6775524318218231
4930,34.29752731323242,8.836648941040039,6.637847423553467,2.4005300998687744,0.055091001093387604,0.17134636640548706,0.7282302975654602
4931,24.259069442749023,5.668976306915283,2.1766295433044434,2.1889796257019043,0.08424203097820282,0.042510855942964554,0.7253380119800568
4932,35.40680694580078,22.81087303161621,5.630407810211182,2.5270464420318604,0.17976367473602295,0.05914883315563202,0.859565794467926
4933,38.89146423339844,10.423661231994629,5.9046783447265625,2.5526914596557617,0.07607440650463104,0.1559305191040039,0.8092972040176392
4934,29.183334350585938,5.552907466888428,3.7566123008728027,2.322848320007324,0.06094011664390564,0.051097940653562546,0.764444887638092
4935,47.14421081542969,8.10428237915039,2.959798812866211,2.7514355182647705,0.08409645408391953,0.04222916066646576,0.723086804151535
4936,23.92274284362793,8.6036958694458,4.198307037353516,2.4753754138946533,0.09157958626747131,0.058687515556812286,0.8525744080543518
4937,24.565324783325195,8.51156234741211,6.017236232757568,2.442441463470459,0.14364096522331238,0.06554270535707474,0.599831610918045
4938,31.053598403930664,5.2397847175598145,2.735579490661621,2.308785915374756,0.048481978476047516,0.03663292154669762,0.6355512142181396
4939,41.614376068115234,2.4627716541290283,4.242922306060791,2.8773462772369385,0.029655050486326218,0.054579783231019974,0.9114094376564026
4940,22.279071807861328,9.514921188354492,5.253209590911865,2.3854217529296875,0.052421554923057556,0.06505334377288818,0.7338177561759949
4941,32.392601013183594,5.630009174346924,5.088993549346924,2.3007750511169434,0.04423055797815323,0.06517289578914642,0.673953652381897
4942,28.272539138793945,4.972290992736816,4.551787376403809,2.3428573608398438,0.07505985349416733,0.0654568150639534,0.778739720582962
4943,41.12400436401367,13.702722549438477,1.706992268562317,3.0473484992980957,0.18074065446853638,0.0296858511865139,0.9369273781776428
4944,33.01040267944336,4.958194732666016,4.844181060791016,2.2640297412872314,0.06046450138092041,0.06337087601423264,0.7042492926120758
4945,32.27981948852539,6.509536266326904,3.4474921226501465,2.5025124549865723,0.1296551525592804,0.05345681309700012,0.7550258338451385
4946,31.961145401000977,2.5444490909576416,3.155618906021118,2.3540313243865967,0.04772932827472687,0.07717163860797882,0.719161868095398
4947,48.463558197021484,19.134260177612305,6.887946605682373,3.1613340377807617,0.18432164192199707,0.07220936566591263,0.9947019219398499
4948,35.32695770263672,5.71480655670166,5.549577713012695,2.8144965171813965,0.05309774726629257,0.11138680577278137,0.7464570105075836
4949,27.847307205200195,3.675321578979492,6.857532978057861,2.370670795440674,0.04497625678777695,0.0596848800778389,0.8742595613002777
4950,47.13365936279297,4.761590480804443,3.119480609893799,2.508838176727295,0.0580093190073967,0.04341357573866844,0.8363840579986572
4951,40.02619171142578,7.465620040893555,8.106451034545898,2.3397583961486816,0.05216626077890396,0.04811743646860123,0.7516059875488281
4952,33.697303771972656,3.713571786880493,9.118245124816895,2.340390682220459,0.03610900789499283,0.12112118303775787,0.8077940940856934
4953,37.08789825439453,4.224922180175781,3.504361629486084,2.3163938522338867,0.04629473388195038,0.04709801822900772,0.6799324750900269
4954,72.70491027832031,9.429040908813477,4.465038776397705,2.5450632572174072,0.05750919133424759,0.05814335122704506,0.6882360875606537
4955,33.397132873535156,4.858686923980713,3.9255316257476807,2.478609800338745,0.055301081389188766,0.04957309737801552,0.7196447551250458
4956,42.225711822509766,9.546001434326172,7.3674397468566895,2.4104299545288086,0.12770792841911316,0.05806983634829521,0.8428900837898254
4957,31.794437408447266,10.907007217407227,8.08954906463623,1.7923775911331177,0.20114357769489288,0.09036263078451157,0.6045636832714081
4958,41.29328536987305,6.0872392654418945,6.37831974029541,2.6249194145202637,0.09457050263881683,0.10720114409923553,0.7319984138011932
4959,31.29026222229004,7.202615737915039,4.431746482849121,2.512261390686035,0.0732646957039833,0.07128123939037323,0.7828629910945892
4960,39.832489013671875,17.50078010559082,3.6472973823547363,2.3304638862609863,0.15493319928646088,0.04245149344205856,0.6131127178668976
4961,23.002492904663086,8.921142578125,4.295935153961182,2.5373172760009766,0.2033315747976303,0.05305756255984306,0.8636736869812012
4962,38.99660873413086,6.589165687561035,6.120999336242676,2.8019628524780273,0.059322819113731384,0.12528574466705322,0.9663394689559937
4963,40.44285202026367,5.341548442840576,5.959023952484131,2.433342218399048,0.0745513066649437,0.06765732914209366,0.8557709455490112
4964,36.516170501708984,9.139435768127441,1.874786376953125,2.6769354343414307,0.08703730255365372,0.032262563705444336,0.7517418265342712
4965,37.07301330566406,5.433192729949951,4.233963489532471,3.005650043487549,0.06689736247062683,0.04813842102885246,0.9809736609458923
4966,43.954917907714844,11.395061492919922,5.145903587341309,2.852307081222534,0.21061813831329346,0.04326176643371582,0.7004073560237885
4967,39.00456237792969,4.420611381530762,6.331904888153076,2.3501665592193604,0.035387977957725525,0.05602571368217468,0.6589038372039795
4968,58.11587142944336,9.559640884399414,1.8440805673599243,3.0241925716400146,0.04957590252161026,0.02700180932879448,0.836222231388092
4969,39.58185958862305,5.170169830322266,1.9725215435028076,2.5365262031555176,0.04718312621116638,0.030535422265529633,0.837922990322113
4970,49.283103942871094,10.999603271484375,2.556762456893921,2.781658411026001,0.16390834748744965,0.03552067279815674,0.7978598475456238
4971,44.41935348510742,6.908780097961426,2.9884402751922607,2.3449368476867676,0.074566550552845,0.050938528031110764,0.7914880514144897
4972,31.46398162841797,9.040572166442871,4.353043556213379,2.174492835998535,0.12607978284358978,0.06546059995889664,0.5892632305622101
4973,35.939208984375,4.237334728240967,8.316080093383789,2.3137083053588867,0.080849289894104,0.15571291744709015,0.6360410451889038
4974,26.108144760131836,5.42832612991333,2.472869873046875,2.6147212982177734,0.08780869841575623,0.037359945476055145,0.831569254398346
4975,42.999019622802734,3.6072497367858887,1.4242645502090454,3.1552679538726807,0.039141446352005005,0.031899310648441315,0.9532096982002258
4976,31.94412612915039,9.373534202575684,6.127924919128418,2.6579859256744385,0.06651674956083298,0.0927484780550003,0.8200807273387909
4977,29.384830474853516,3.9120359420776367,1.6305595636367798,2.472538948059082,0.0482579730451107,0.03314431756734848,0.6949762105941772
4978,39.964046478271484,2.058426856994629,3.294196367263794,2.7552740573883057,0.03307674080133438,0.048508066684007645,0.817213624715805
4979,33.453250885009766,7.032079696655273,3.4325788021087646,2.6337335109710693,0.08657797425985336,0.03670814633369446,0.9533850252628326
4980,28.048721313476562,5.829698085784912,5.327136039733887,2.166081666946411,0.09118135273456573,0.06006179004907608,0.7330637574195862
4981,51.99692153930664,2.3165416717529297,2.8239386081695557,2.4468393325805664,0.029864130541682243,0.039181873202323914,0.7204687297344208
4982,33.41232681274414,9.63905143737793,9.66080379486084,2.0366995334625244,0.10383978486061096,0.22526796162128448,0.6390862166881561
4983,28.403356552124023,5.105295658111572,6.443650245666504,2.790449619293213,0.04333367198705673,0.11391560733318329,0.9613785147666931
4984,56.214988708496094,5.195384979248047,7.290677070617676,2.7014026641845703,0.09090087562799454,0.10059863328933716,0.8347361385822296
4985,47.14191818237305,9.713763236999512,2.732107400894165,2.5983307361602783,0.13944831490516663,0.035867929458618164,0.8413597643375397
4986,29.393314361572266,3.403682231903076,4.428955554962158,2.730651378631592,0.04074496775865555,0.05342385917901993,0.9203118681907654
4987,40.30754852294922,16.694087982177734,5.4648966789245605,2.5804145336151123,0.26813459396362305,0.059417400509119034,0.8038642704486847
4988,33.94996643066406,8.043312072753906,8.280733108520508,2.385458469390869,0.10068656504154205,0.09735574573278427,0.7538301646709442
4989,30.20107650756836,2.3423545360565186,3.255803108215332,2.7744405269622803,0.03477279841899872,0.04231978952884674,0.770812451839447
4990,46.14863204956055,10.033434867858887,5.2458930015563965,2.426220655441284,0.16702879965305328,0.06730859726667404,0.7802287042140961
4991,30.212312698364258,5.052665710449219,7.5346879959106445,2.3159918785095215,0.050654783844947815,0.09789735823869705,0.7619857788085938
4992,84.4946060180664,14.330349922180176,7.069499492645264,2.6461219787597656,0.17872469127178192,0.0406913086771965,0.8580343127250671
4993,32.18910217285156,12.129058837890625,6.279082298278809,2.165376901626587,0.12194250524044037,0.13404349982738495,0.6055410206317902
4994,31.41519546508789,8.870560646057129,7.82957124710083,2.5549821853637695,0.08871094137430191,0.0738757848739624,0.7370451092720032
4995,53.5703010559082,8.558673858642578,2.986636161804199,2.283928632736206,0.15887165069580078,0.03607778623700142,0.6771419048309326
4996,34.14205551147461,10.593505859375,1.8855823278427124,2.3067240715026855,0.15396852791309357,0.03586412966251373,0.6623944640159607
4997,34.841976165771484,7.065263271331787,3.085296869277954,2.648421049118042,0.08763989806175232,0.05060605704784393,0.969231128692627
4998,45.86201858520508,11.03844928741455,3.5879595279693604,2.4413626194000244,0.062133945524692535,0.040457919239997864,0.775691419839859
4999,69.76943969726562,4.298212051391602,4.249906063079834,2.3693621158599854,0.034569114446640015,0.04740931838750839,0.7103938460350037
5000,36.92189407348633,7.821333408355713,6.321320533752441,2.3395659923553467,0.0945829302072525,0.12781763076782227,0.7052904665470123
5001,29.7056941986084,4.074871063232422,3.0285046100616455,2.5870888233184814,0.08610250800848007,0.031699638813734055,0.8487901985645294
5002,44.30711364746094,18.684429168701172,8.417518615722656,2.041334629058838,0.16089609265327454,0.11034498363733292,0.5855444222688675
5003,41.14158630371094,11.756800651550293,6.604022026062012,3.3135290145874023,0.07678401470184326,0.09130285680294037,0.9631008207798004
5004,42.44245529174805,7.111748218536377,7.5373101234436035,2.4046950340270996,0.08758137375116348,0.08640609681606293,0.9568063616752625
5005,25.87088966369629,9.676985740661621,4.633505821228027,2.487919807434082,0.06834441423416138,0.052676402032375336,0.9746360778808594
5006,20.900575637817383,11.932897567749023,5.016942977905273,2.560469388961792,0.23443125188350677,0.06032251566648483,0.83106929063797
5007,46.66169357299805,4.38644552230835,9.639955520629883,4.479422092437744,0.08216319233179092,0.1366504281759262,1.2853179574012756
5008,41.729705810546875,6.419548988342285,5.429846286773682,2.67684268951416,0.04347912594676018,0.054281629621982574,0.7617085874080658
5009,60.0306396484375,10.501852989196777,7.877967357635498,2.639340877532959,0.14249815046787262,0.16987203061580658,0.8754149377346039
5010,33.40360641479492,4.596917629241943,3.098817825317383,2.2323780059814453,0.07277412712574005,0.03680364787578583,0.7467009127140045
5011,30.50848388671875,15.238131523132324,5.414262294769287,2.2312753200531006,0.1549646556377411,0.0690142884850502,0.8594357073307037
5012,40.50017547607422,7.49142599105835,11.499926567077637,2.1267330646514893,0.09157408028841019,0.11269494891166687,0.903216153383255
5013,35.32428741455078,6.428903579711914,7.754093170166016,2.7239904403686523,0.09154130518436432,0.08129000663757324,0.8564804792404175
5014,32.869651794433594,6.415660381317139,9.557848930358887,2.2401766777038574,0.04473070800304413,0.1266370266675949,0.8328119814395905
5015,34.37282180786133,5.5817036628723145,1.6788362264633179,2.7485768795013428,0.057117171585559845,0.032964836806058884,0.8720796704292297
5016,32.29634094238281,3.4874722957611084,5.5899834632873535,2.1153032779693604,0.04996557533740997,0.06569309532642365,0.546047180891037
5017,28.878419876098633,6.958006858825684,3.323873281478882,2.9231700897216797,0.082389235496521,0.042678896337747574,0.918043315410614
5018,47.563758850097656,10.783831596374512,3.6575820446014404,2.650071144104004,0.10229400545358658,0.04981144145131111,0.7030485570430756
5019,30.795169830322266,15.45314884185791,3.2690324783325195,2.657294273376465,0.18813923001289368,0.042240336537361145,0.9245123863220215
5020,37.07976150512695,8.800528526306152,2.695223093032837,2.4918899536132812,0.09142263233661652,0.037506379187107086,0.7827380299568176
5021,31.87359619140625,7.071337699890137,10.092361450195312,2.4601125717163086,0.07196249067783356,0.13529935479164124,0.6890232563018799
5022,26.924890518188477,7.727521896362305,2.2718470096588135,2.1988909244537354,0.12193340063095093,0.03976693004369736,0.7252490818500519
5023,30.604745864868164,6.6220479011535645,9.147643089294434,2.3499271869659424,0.09265553206205368,0.2241852879524231,0.6168677508831024
5024,31.93687629699707,7.161201477050781,4.833920478820801,2.2791788578033447,0.09695053100585938,0.04688455909490585,0.80169677734375
5025,31.630578994750977,5.1543755531311035,5.543973922729492,2.3305530548095703,0.08932140469551086,0.07389126718044281,0.7674175500869751
5026,48.90640640258789,17.862253189086914,2.296497344970703,2.3651232719421387,0.1945909857749939,0.032684773206710815,0.7445887923240662
5027,33.51484298706055,7.117593288421631,4.873016834259033,2.0096728801727295,0.10654601454734802,0.06806570291519165,0.758234977722168
5028,38.12704849243164,5.184106349945068,2.9855427742004395,2.4845640659332275,0.04235520958900452,0.048614583909511566,0.6688914000988007
5029,35.71943283081055,6.9748311042785645,4.740082263946533,1.9637365341186523,0.1528376340866089,0.05427280813455582,0.6864698231220245
5030,33.28959655761719,4.48095178604126,5.467929363250732,2.33083176612854,0.05451642721891403,0.06267131865024567,0.6889100968837738
5031,25.74053192138672,8.158296585083008,5.204569339752197,2.5095245838165283,0.07795579731464386,0.0963275134563446,0.8315980434417725
5032,34.25004577636719,10.024593353271484,3.328561305999756,2.4245476722717285,0.08232548832893372,0.039843447506427765,0.748230516910553
5033,78.03681945800781,6.637589931488037,4.595964431762695,2.66619873046875,0.05649854242801666,0.060205236077308655,0.8976249396800995
5034,31.32797622680664,10.142064094543457,1.756289005279541,2.0198535919189453,0.16467736661434174,0.028078913688659668,0.7613544762134552
5035,37.28147506713867,7.98136043548584,4.988332748413086,2.4863216876983643,0.06818879395723343,0.08818085491657257,0.8348872065544128
5036,32.78887939453125,4.615236282348633,5.9593095779418945,2.638786554336548,0.062095582485198975,0.09614064544439316,0.8907166123390198
5037,27.86200523376465,5.936607360839844,7.76832389831543,2.598263740539551,0.06588932871818542,0.14969304203987122,0.7389993369579315
5038,39.55643844604492,4.963551044464111,4.488156318664551,2.195733070373535,0.0403219610452652,0.07042580097913742,0.7942887842655182
5039,78.14200592041016,5.445553302764893,2.913846254348755,2.4270858764648438,0.051394034177064896,0.0410056933760643,0.7370436191558838
5040,33.203453063964844,12.779865264892578,4.850033760070801,2.350734233856201,0.12019246071577072,0.06241261214017868,0.752447098493576
5041,42.57014846801758,5.2718048095703125,5.100058078765869,2.7324228286743164,0.04181999713182449,0.08369816094636917,0.7740866541862488
5042,34.012210845947266,5.887353897094727,5.93626070022583,2.6567459106445312,0.06405442953109741,0.06310810148715973,0.8726611733436584
5043,30.37738800048828,9.916516304016113,3.4049317836761475,2.0530006885528564,0.12545084953308105,0.037202488631010056,0.6013403832912445
5044,38.33287811279297,17.589305877685547,3.7895755767822266,2.7842326164245605,0.22183983027935028,0.05561313033103943,0.8628141582012177
5045,31.604938507080078,6.115270137786865,1.984215259552002,3.0685813426971436,0.0670563131570816,0.04352433234453201,1.148415893316269
5046,50.60343551635742,5.749837875366211,4.627688407897949,2.319298028945923,0.0752844288945198,0.08162552118301392,0.7329311370849609
5047,35.121131896972656,14.195941925048828,3.4755592346191406,2.3093838691711426,0.1726866215467453,0.04746413230895996,0.7953397929668427
5048,32.74541473388672,13.130043029785156,3.901158332824707,2.6281380653381348,0.17708095908164978,0.04953145235776901,0.9420249760150909
5049,22.19091796875,8.638521194458008,3.7740840911865234,2.5619759559631348,0.06041086092591286,0.047789592295885086,0.9122100472450256
5050,27.05333709716797,4.856672286987305,4.047114849090576,2.9135866165161133,0.09125976264476776,0.0697464644908905,1.0077582597732544
5051,46.55043411254883,7.076765060424805,3.8550825119018555,2.3003830909729004,0.07804515212774277,0.04579625278711319,0.8206104636192322
5052,44.864158630371094,6.711857795715332,3.7685749530792236,2.9666192531585693,0.06035225838422775,0.03807557374238968,1.0139507949352264
5053,40.908416748046875,6.1196980476379395,3.9636905193328857,2.244276523590088,0.0755767971277237,0.04254573956131935,0.6667321920394897
5054,36.61963653564453,4.4402995109558105,8.94765853881836,2.4271128177642822,0.03413695469498634,0.076365165412426,0.6655715703964233
5055,30.20872688293457,9.39713191986084,5.4876580238342285,2.102151393890381,0.15680253505706787,0.053422532975673676,0.5723726749420166
5056,27.661529541015625,3.25692081451416,6.202303886413574,2.2967565059661865,0.043780870735645294,0.06670958548784256,0.8227994441986084
5057,25.08203125,14.894890785217285,4.096113204956055,2.787461280822754,0.12041197717189789,0.07929155230522156,1.0137839317321777
5058,30.489206314086914,9.256623268127441,4.799507141113281,2.825453042984009,0.12512508034706116,0.10393999516963959,1.0414735078811646
5059,32.151912689208984,9.121631622314453,2.7338850498199463,2.479891777038574,0.14314821362495422,0.039225369691848755,1.0534900426864624
5060,38.89100646972656,2.8519372940063477,4.940666675567627,2.6936450004577637,0.03614421933889389,0.058189623057842255,0.7415610551834106
5061,30.23584747314453,12.357283592224121,11.89687728881836,2.1381020545959473,0.28326502442359924,0.22681495547294617,0.7017328143119812
5062,34.18906021118164,8.481837272644043,5.821341514587402,2.184504985809326,0.09321358054876328,0.07295119762420654,0.6531234383583069
5063,42.642547607421875,13.601058006286621,6.16959285736084,2.1078574657440186,0.12309737503528595,0.07060249149799347,0.7648964524269104
5064,62.2596435546875,9.51071834564209,2.7990834712982178,2.47845196723938,0.08211454749107361,0.03634088486433029,0.8377908766269684
5065,28.59549903869629,5.560318470001221,6.067875862121582,2.303352117538452,0.09034228324890137,0.06077362224459648,0.9616717398166656
5066,28.965635299682617,5.514264106750488,9.736344337463379,2.5857837200164795,0.052656278014183044,0.10664865374565125,1.0560810267925262
5067,36.85161590576172,5.401316165924072,8.630351066589355,2.6777548789978027,0.061476245522499084,0.10836862027645111,0.7992359399795532
5068,35.611331939697266,10.928742408752441,6.0966973304748535,2.3826282024383545,0.15427696704864502,0.04456443339586258,0.7359024882316589
5069,28.435596466064453,14.23672103881836,6.360281467437744,2.188796043395996,0.1462337225675583,0.08739989250898361,0.7253701686859131
5070,46.04124069213867,6.749178409576416,4.035222053527832,2.163712978363037,0.07201941311359406,0.04933976009488106,0.683329313993454
5071,180.06173706054688,5.324896335601807,6.6784467697143555,2.6127614974975586,0.06038890779018402,0.09492823481559753,0.7926555871963501
5072,40.34856033325195,7.815495014190674,3.2475221157073975,2.683467388153076,0.06912317872047424,0.032555121928453445,0.9423177242279053
5073,35.720821380615234,2.92832612991333,2.763864517211914,2.5167675018310547,0.04562418907880783,0.04594416916370392,0.8381137847900391
5074,33.31317138671875,4.933821201324463,1.848176121711731,2.401644229888916,0.060645945370197296,0.02587946131825447,0.8300895690917969
5075,48.698219299316406,6.185575008392334,9.835065841674805,2.5147104263305664,0.07584396749734879,0.07665424048900604,0.6971986591815948
5076,32.70279312133789,4.563069820404053,3.969738721847534,2.4539830684661865,0.07635536789894104,0.04466327279806137,0.831245481967926
5077,32.76974868774414,8.20139217376709,4.700411319732666,2.4369378089904785,0.1768341362476349,0.05429307371377945,0.7440323829650879
5078,34.812564849853516,4.71500825881958,6.768331527709961,2.39693284034729,0.05001281946897507,0.08451242744922638,0.9685810804367065
5079,37.11094665527344,4.121044158935547,2.721456289291382,2.8433644771575928,0.054442211985588074,0.034637149423360825,1.0197407901287079
5080,33.49734878540039,4.674262523651123,7.759079933166504,2.0908737182617188,0.061738021671772,0.18994180858135223,0.5904461741447449
5081,25.981287002563477,10.838445663452148,6.563691139221191,1.9952797889709473,0.10771486163139343,0.0611143633723259,0.716001957654953
5082,35.24491500854492,2.6169791221618652,5.325435161590576,2.284233570098877,0.03574502095580101,0.0662982314825058,0.7416914105415344
5083,29.34283447265625,9.183374404907227,5.028550624847412,2.3359568119049072,0.13182462751865387,0.07775254547595978,0.7985599040985107
5084,37.57752227783203,5.488208293914795,2.3976891040802,2.4713199138641357,0.059623174369335175,0.04668918251991272,0.7411692440509796
5085,32.88865661621094,3.339803695678711,4.548659324645996,2.10687518119812,0.05733656883239746,0.05951636657118797,0.6236201524734497
5086,37.84992980957031,12.4026517868042,15.360934257507324,1.859868049621582,0.15396595001220703,0.20093737542629242,0.6904679983854294
5087,32.76601791381836,6.646457195281982,6.1693806648254395,2.6960089206695557,0.04891227185726166,0.05459367856383324,0.7074834704399109
5088,44.1132698059082,5.548530578613281,1.9763386249542236,3.1954219341278076,0.0690312534570694,0.0314985066652298,1.0496622920036316
5089,35.99213409423828,7.404767036437988,7.883889198303223,2.1539084911346436,0.19840094447135925,0.14077308773994446,0.6084207892417908
5090,31.06278419494629,6.675864219665527,2.9203813076019287,2.634758710861206,0.1130124032497406,0.03541363775730133,0.8522002398967743
5091,39.40093231201172,8.209009170532227,7.259413719177246,2.515486478805542,0.10202746093273163,0.10679671168327332,0.7916024327278137
5092,33.581024169921875,5.9434709548950195,6.968932628631592,1.9874821901321411,0.05373939499258995,0.13168573379516602,0.5710174739360809
5093,45.90605926513672,4.045764923095703,2.38486909866333,2.7236087322235107,0.04260250926017761,0.03931719437241554,0.8884051144123077
5094,39.17815399169922,15.888725280761719,4.127176284790039,3.120297431945801,0.16914595663547516,0.046020470559597015,1.0850844383239746
5095,32.819297790527344,3.047421455383301,2.1670007705688477,2.470167398452759,0.041285961866378784,0.03332170471549034,0.7764496505260468
5096,32.82835388183594,10.481428146362305,3.368499994277954,2.777519464492798,0.09845671057701111,0.0382038913667202,0.8643971085548401
5097,29.3961238861084,5.085414886474609,5.457767486572266,2.3171839714050293,0.05446355789899826,0.10849744081497192,0.6818260252475739
5098,39.046260833740234,6.9855217933654785,2.5452587604522705,2.6105332374572754,0.11407843232154846,0.04526209831237793,0.9027228355407715
5099,42.30519104003906,6.442216873168945,2.736799478530884,2.766934633255005,0.06722774356603622,0.04380882531404495,0.8642302751541138
5100,47.42206954956055,9.708096504211426,3.109227418899536,2.0552515983581543,0.17435681819915771,0.036017224192619324,0.6386640667915344
5101,34.6778450012207,3.8481063842773438,6.186140537261963,2.520944595336914,0.04725504666566849,0.07958486676216125,0.7428185939788818
5102,30.323741912841797,6.28684663772583,3.882128953933716,3.091437816619873,0.05940849706530571,0.05111856013536453,0.8909391760826111
5103,30.819927215576172,2.909925937652588,4.238273620605469,2.494952440261841,0.04230298846960068,0.05088473856449127,0.7320536077022552
5104,26.041109085083008,10.944998741149902,2.906193971633911,2.4889461994171143,0.12549783289432526,0.031945712864398956,0.6600542068481445
5105,37.879371643066406,5.294235706329346,5.068416118621826,2.335036516189575,0.05340132862329483,0.06454920023679733,0.6947863399982452
5106,44.23020935058594,3.768552780151367,8.029830932617188,2.163259267807007,0.028980083763599396,0.14277978241443634,0.5395585596561432
5107,34.82469177246094,7.2769246101379395,4.142262935638428,2.051607370376587,0.06294181942939758,0.10730593651533127,0.6171979606151581
5108,24.963363647460938,19.865154266357422,4.070227146148682,2.454596757888794,0.19254815578460693,0.05383744090795517,0.8150151669979095
5109,32.35625457763672,8.948783874511719,4.5623016357421875,2.7237093448638916,0.11423005908727646,0.047458551824092865,0.8974893093109131
5110,54.296669006347656,6.719577312469482,6.937296390533447,2.623904228210449,0.09598682820796967,0.1384512335062027,0.8086022734642029
5111,37.04642868041992,9.232184410095215,4.048041343688965,2.3364779949188232,0.10272245109081268,0.06198226660490036,0.657685399055481
5112,34.311920166015625,5.491994857788086,5.248917102813721,2.4660847187042236,0.08104732632637024,0.05800329148769379,0.8998692035675049
5113,45.634376525878906,6.867826461791992,8.787693977355957,2.1470296382904053,0.06424852460622787,0.1400373876094818,0.7949918508529663
5114,41.86832809448242,9.857453346252441,7.0074543952941895,2.2768187522888184,0.08517108857631683,0.11135581135749817,0.6551423966884613
5115,50.8375244140625,8.814837455749512,4.3365702629089355,1.9195078611373901,0.07592838257551193,0.1148686483502388,0.582625538110733
5116,30.30293846130371,4.189862251281738,2.2695059776306152,2.5375823974609375,0.05741698294878006,0.04539288580417633,0.7236587107181549
5117,74.47850036621094,12.286253929138184,7.445539951324463,1.926878809928894,0.13036797940731049,0.07170815765857697,0.6744434237480164
5118,24.360313415527344,12.36733627319336,3.7105493545532227,2.7172703742980957,0.16276121139526367,0.047187965363264084,1.006628155708313
5119,24.434293746948242,7.326563358306885,3.1955463886260986,2.1319503784179688,0.0779258981347084,0.06381325423717499,0.7435733079910278
5120,34.096317291259766,6.6645073890686035,5.487137794494629,2.4260857105255127,0.10046820342540741,0.06436474621295929,0.8622627258300781
5121,34.6965446472168,6.002458095550537,5.112700939178467,2.463366746902466,0.06632015109062195,0.059613969177007675,0.8218303322792053
5122,35.12480545043945,8.744162559509277,10.425484657287598,3.074719190597534,0.12289316952228546,0.1252671331167221,1.0894899666309357
5123,43.91162872314453,11.668098449707031,4.5215253829956055,2.1623878479003906,0.07226107269525528,0.0687456727027893,0.6942927539348602
5124,56.99412155151367,11.526667594909668,2.7739710807800293,1.9368945360183716,0.09252402931451797,0.04939065873622894,0.8755300641059875
5125,34.12971496582031,16.297670364379883,4.050973892211914,2.701115846633911,0.1510487049818039,0.053066693246364594,0.9079726934432983
5126,52.874874114990234,17.473724365234375,8.366738319396973,1.9518378973007202,0.2159220278263092,0.16677513718605042,0.5976687371730804
5127,46.872074127197266,9.26937484741211,3.829789638519287,2.62743878364563,0.07559391111135483,0.0342511422932148,0.9667209982872009
5128,23.780994415283203,7.074293613433838,4.305979251861572,2.608201026916504,0.06868758797645569,0.05459558963775635,0.9194965958595276
5129,25.596324920654297,8.366546630859375,4.342262268066406,2.2940173149108887,0.10350467264652252,0.05391358956694603,0.7294179201126099
5130,32.63840866088867,8.889054298400879,5.399213790893555,2.367701530456543,0.12314410507678986,0.13333363831043243,0.7973021268844604
5131,32.210426330566406,9.403358459472656,3.835824966430664,2.429272174835205,0.10592326521873474,0.05874461680650711,0.8293461203575134
5132,30.85906219482422,9.130340576171875,9.48971939086914,2.3518643379211426,0.1255006641149521,0.17485833168029785,0.7896386981010437
5133,26.407602310180664,4.975597381591797,4.992134094238281,2.136352062225342,0.06637374311685562,0.07062871009111404,0.8347002267837524
5134,29.301128387451172,6.844049453735352,3.5996124744415283,2.0035040378570557,0.08458621054887772,0.10549034178256989,0.7253364622592926
5135,25.25724983215332,8.57186222076416,3.4894826412200928,2.538365125656128,0.14505019783973694,0.04800272732973099,0.9331673085689545
5136,29.176279067993164,8.191692352294922,3.434769630432129,2.41176700592041,0.07849636673927307,0.04551863670349121,0.7974071204662323
5137,27.819515228271484,9.700275421142578,4.208021640777588,2.903151273727417,0.0727095752954483,0.0827980786561966,0.9944010376930237
5138,26.386445999145508,15.809459686279297,11.35561466217041,2.3645896911621094,0.15722309052944183,0.0861145630478859,0.8826053142547607
5139,29.759428024291992,6.118702411651611,7.245192527770996,2.429649829864502,0.11546588689088821,0.09090793132781982,0.6707135438919067
5140,35.27080535888672,12.166540145874023,5.692793369293213,2.7781074047088623,0.11589379608631134,0.0627981424331665,1.0337277054786682
5141,32.12803649902344,7.636831760406494,7.918761730194092,2.5265345573425293,0.0718168392777443,0.0922357589006424,0.8113147616386414
5142,32.66214370727539,5.073801040649414,7.317416667938232,2.656385898590088,0.055907003581523895,0.08151089400053024,0.9652689695358276
5143,31.14463996887207,5.382260322570801,4.313998222351074,2.837857246398926,0.054554589092731476,0.045312125235795975,0.9475783109664917
5144,40.75761413574219,9.353824615478516,3.7124264240264893,1.827453374862671,0.11914953589439392,0.047265663743019104,0.5410726070404053
5145,35.221717834472656,15.260875701904297,6.239565849304199,2.3721771240234375,0.15390628576278687,0.07699650526046753,0.7459607422351837
5146,42.262489318847656,5.283947944641113,3.402662515640259,2.4605648517608643,0.09045733511447906,0.04593346267938614,0.9577049016952515
5147,41.22622299194336,9.31329345703125,4.4200639724731445,2.4412403106689453,0.053528763353824615,0.04315582662820816,0.7316660583019257
5148,29.309978485107422,7.2614336013793945,8.358173370361328,2.4842300415039062,0.11082205921411514,0.12434215098619461,0.6579813957214355
5149,35.738006591796875,13.323060035705566,3.9927685260772705,2.8832743167877197,0.19437280297279358,0.05795701965689659,0.9824829697608948
5150,30.27454948425293,3.9520504474639893,3.582449197769165,2.517653465270996,0.05503323674201965,0.044446270912885666,0.8422432243824005
5151,40.92152404785156,7.666219234466553,4.453798294067383,2.5760505199432373,0.10160522907972336,0.10220909118652344,0.7584944665431976
5152,97.00321960449219,7.128371238708496,3.7124037742614746,2.230146884918213,0.07672743499279022,0.06382738053798676,0.6830241680145264
5153,34.25558090209961,7.549370765686035,4.825048923492432,2.5501720905303955,0.0824778825044632,0.06952833384275436,0.6077221930027008
5154,28.283447265625,4.230312347412109,3.022491216659546,2.7511260509490967,0.046222563832998276,0.0497441366314888,0.9123858213424683
5155,32.31435012817383,9.58027458190918,2.7801084518432617,2.4314868450164795,0.08308979868888855,0.03879813849925995,0.7367794215679169
5156,25.644733428955078,15.161177635192871,3.876577138900757,2.384514808654785,0.2620847821235657,0.04823600500822067,0.7352907657623291
5157,52.41600799560547,12.459975242614746,4.374979019165039,2.1460256576538086,0.1457289159297943,0.04086792469024658,0.6693403720855713
5158,28.52686882019043,5.718182563781738,2.805510997772217,2.8967745304107666,0.12136626988649368,0.07129859179258347,1.042756199836731
5159,50.73933410644531,8.058553695678711,8.774823188781738,2.042532205581665,0.08504001796245575,0.13528913259506226,0.6311632394790649
5160,33.78411102294922,11.453930854797363,5.111180305480957,3.020324468612671,0.0996445044875145,0.04905076324939728,0.828115701675415
5161,50.767112731933594,10.474164962768555,1.8176922798156738,2.5616211891174316,0.07334232330322266,0.03290369734168053,0.7993097901344299
5162,37.66249465942383,8.036470413208008,5.038104057312012,2.084179162979126,0.05001659691333771,0.0986165702342987,0.6433769166469574
5163,29.871477127075195,4.358335494995117,1.575471043586731,2.5296132564544678,0.051737457513809204,0.044597603380680084,0.7445797026157379
5164,67.4527359008789,7.406986236572266,6.309778213500977,1.957736611366272,0.08227452635765076,0.0862504243850708,0.5840275585651398
5165,35.87723922729492,10.139689445495605,2.35463809967041,2.438150405883789,0.14825019240379333,0.03098173253238201,0.7174294292926788
5166,44.43794250488281,6.011889457702637,1.8073707818984985,2.3716812133789062,0.10779493302106857,0.028875334188342094,0.7810531854629517
5167,27.329015731811523,11.125904083251953,8.604131698608398,2.2169456481933594,0.11239658296108246,0.24497564136981964,0.6288502216339111
5168,24.342422485351562,6.379837989807129,2.176027297973633,2.393059730529785,0.06348691880702972,0.055358901619911194,0.8284850418567657
5169,37.486854553222656,6.018680572509766,3.6420140266418457,3.07582950592041,0.07164154201745987,0.04367966949939728,1.0819135308265686
5170,28.763940811157227,11.325408935546875,2.0383286476135254,2.680586814880371,0.10807493329048157,0.04564407467842102,0.8302798867225647
5171,33.68635940551758,4.917874336242676,3.8839566707611084,2.465308666229248,0.088181272149086,0.05273156613111496,0.8439245820045471
5172,49.20072937011719,11.316047668457031,2.0846571922302246,2.7393226623535156,0.103319451212883,0.042747944593429565,0.9365149140357971
5173,28.88087272644043,6.8244242668151855,3.0988738536834717,2.506154775619507,0.04727352783083916,0.06139739602804184,0.8433325290679932
5174,36.7030143737793,8.924703598022461,1.958621621131897,2.092836856842041,0.07754373550415039,0.04285607859492302,0.7516215443611145
5175,37.30553436279297,4.736480712890625,3.9892327785491943,3.353363513946533,0.061474502086639404,0.05171465873718262,0.9885267019271851
5176,45.67415237426758,5.6033525466918945,5.555087089538574,2.7063233852386475,0.06491275131702423,0.06450458616018295,0.9705984592437744
5177,41.21459197998047,6.091320037841797,3.3395168781280518,2.7819278240203857,0.05273014307022095,0.0451822355389595,0.9470036029815674
5178,48.382568359375,6.77249813079834,10.67201042175293,2.322552442550659,0.07097256928682327,0.0544557198882103,0.6704331934452057
5179,29.702775955200195,3.196902275085449,8.782977104187012,2.09869647026062,0.031182363629341125,0.1610812097787857,0.7758906483650208
5180,51.423301696777344,4.651904106140137,9.365824699401855,2.4102468490600586,0.054607462137937546,0.14451134204864502,0.6566410958766937
5181,30.670032501220703,3.45251202583313,6.69359827041626,2.060110330581665,0.03730643168091774,0.07613134384155273,0.7670480310916901
5182,39.417694091796875,10.729840278625488,1.9482718706130981,2.3881609439849854,0.2202351689338684,0.0314292311668396,0.887622594833374
5183,31.806684494018555,6.62805700302124,3.281414747238159,3.2094922065734863,0.07354927062988281,0.04714290797710419,1.0876541137695312
5184,33.5415153503418,5.408048152923584,4.497798442840576,2.7056894302368164,0.06710086017847061,0.06933753192424774,0.7098791599273682
5185,44.71283721923828,2.9895551204681396,4.827475070953369,2.6880297660827637,0.044786956161260605,0.09512923657894135,0.8746041059494019
5186,29.25645637512207,5.993101119995117,7.092670440673828,2.6978538036346436,0.07070546597242355,0.16973912715911865,0.9326164722442627
5187,43.94313430786133,14.825239181518555,7.719229221343994,2.5504043102264404,0.10680021345615387,0.09191732853651047,0.8374785780906677
5188,52.83220291137695,6.967857837677002,8.822826385498047,1.891684889793396,0.07887804508209229,0.2131679505109787,0.7211502492427826
5189,38.86024475097656,5.174094200134277,5.795389652252197,2.7169735431671143,0.050893113017082214,0.05852985754609108,0.860848993062973
5190,34.861934661865234,5.754356861114502,3.5168917179107666,2.902886152267456,0.13856059312820435,0.05218170955777168,0.9299197494983673
5191,56.40861129760742,25.130014419555664,8.014371871948242,1.8964152336120605,0.3614749312400818,0.1190921813249588,0.6057597398757935
5192,47.58644104003906,15.212560653686523,3.5605926513671875,2.410529375076294,0.09116354584693909,0.056561797857284546,0.7651044130325317
5193,42.44404602050781,13.00855827331543,1.8261710405349731,3.0009732246398926,0.27492934465408325,0.03937229886651039,1.1145525574684143
5194,51.83546829223633,5.032299518585205,2.881126642227173,2.652923345565796,0.04383469372987747,0.03511593118309975,0.8052276074886322
5195,36.90742111206055,9.06586742401123,2.2231597900390625,3.365866184234619,0.14033819735050201,0.03044099360704422,1.1591766774654388
5196,41.483154296875,6.110483646392822,2.2933640480041504,2.5762951374053955,0.04655301570892334,0.031155306845903397,0.641481563448906
5197,40.323516845703125,12.63926887512207,7.486912250518799,2.261432409286499,0.12810839712619781,0.15368065237998962,0.6763498783111572
5198,64.26789855957031,18.9736328125,5.316685199737549,2.110043525695801,0.15998461842536926,0.07555527985095978,0.668808251619339
5199,50.635643005371094,4.933660984039307,3.6773788928985596,2.338893175125122,0.059229180216789246,0.05216144770383835,0.7836132347583771
5200,71.16716003417969,7.214040279388428,4.157729148864746,1.8218566179275513,0.03267991915345192,0.06650768965482712,0.5222976505756378
5201,41.75492477416992,3.2742810249328613,2.8143856525421143,2.2745163440704346,0.04063344746828079,0.030804038047790527,0.6917450129985809
5202,32.12189483642578,5.259044170379639,4.554414749145508,2.634418487548828,0.059916265308856964,0.05125643312931061,0.9537633061408997
5203,47.937767028808594,4.2559003829956055,3.3009204864501953,3.051103353500366,0.06749025732278824,0.04443101957440376,1.04410320520401
5204,24.648921966552734,9.830020904541016,4.132460117340088,2.677410125732422,0.12600363790988922,0.06417150795459747,0.9153283834457397
5205,45.79502868652344,5.590514183044434,3.674750566482544,2.6323115825653076,0.06438777595758438,0.06050992012023926,0.739825576543808
5206,39.66665267944336,5.782202243804932,6.350531578063965,2.6243035793304443,0.0715026706457138,0.09446815401315689,0.8301315605640411
5207,48.29597854614258,8.82774829864502,4.53629207611084,2.550269365310669,0.1140713170170784,0.06346015632152557,0.706486165523529
5208,32.78596496582031,16.048324584960938,8.312581062316895,2.2246599197387695,0.21991413831710815,0.1028437614440918,0.7393755614757538
5209,38.87981414794922,4.942121982574463,3.2214221954345703,2.545520067214966,0.029998645186424255,0.03982897102832794,0.775403767824173
5210,31.08232879638672,2.8721184730529785,3.2963879108428955,2.6969313621520996,0.03940385952591896,0.050192661583423615,0.8857145309448242
5211,37.65739822387695,7.657492637634277,9.24637508392334,2.6558969020843506,0.09714483469724655,0.15263186395168304,0.7011698186397552
5212,37.48078918457031,8.092440605163574,6.780632972717285,1.9698147773742676,0.06713105738162994,0.12149928510189056,0.6828942596912384
5213,27.845863342285156,6.765739917755127,6.068101406097412,2.342557907104492,0.07085879147052765,0.1065124124288559,0.8908205032348633
5214,49.60074996948242,2.254695177078247,4.107747554779053,2.636146306991577,0.03323547542095184,0.04887683689594269,0.8791116774082184
5215,50.79459762573242,7.312984466552734,4.9534711837768555,2.112726926803589,0.06670782715082169,0.14307905733585358,0.7822231352329254
5216,27.773963928222656,10.701163291931152,2.734196424484253,2.1738367080688477,0.12133142352104187,0.05598784610629082,0.6756455302238464
5217,26.221010208129883,4.187491416931152,3.50919246673584,2.735684394836426,0.039644937962293625,0.064623162150383,0.7972911894321442
5218,40.23904037475586,8.211926460266113,6.160918712615967,1.8694093227386475,0.12662819027900696,0.06368423998355865,0.6074357032775879
5219,26.861835479736328,11.879172325134277,6.091561317443848,2.026918649673462,0.212382510304451,0.08000050485134125,0.7020348310470581
5220,26.865747451782227,2.924023151397705,3.352168560028076,2.5865745544433594,0.03355325758457184,0.0425744354724884,0.806184709072113
5221,26.52605438232422,6.347019195556641,5.149489402770996,1.9074853658676147,0.13813674449920654,0.09050674736499786,0.6103548109531403
5222,46.64073944091797,2.5999279022216797,3.902508497238159,2.065758466720581,0.030458085238933563,0.07791953533887863,0.6011097431182861
5223,34.84959411621094,5.62393856048584,3.2533018589019775,2.1437041759490967,0.0846981555223465,0.05458403378725052,0.7557873129844666
5224,33.838619232177734,8.002311706542969,7.740395545959473,2.541799545288086,0.08926365524530411,0.17749270796775818,0.8208507299423218
5225,27.45844268798828,3.7083537578582764,6.674169063568115,2.3923840522766113,0.05561012402176857,0.07760078459978104,0.7080652117729187
5226,57.63700485229492,8.154167175292969,7.220438480377197,2.6783740520477295,0.08672716468572617,0.06492471694946289,1.1039220690727234
5227,24.028926849365234,11.110660552978516,3.4292521476745605,2.0994489192962646,0.10090510547161102,0.04094308987259865,0.7810117304325104
5228,44.282203674316406,7.281304836273193,4.047732353210449,2.1117031574249268,0.08207422494888306,0.04343973100185394,0.6993376016616821
5229,42.77875518798828,3.084108591079712,3.1146388053894043,2.513561964035034,0.023043200373649597,0.03755130618810654,0.8388632237911224
5230,35.737762451171875,7.469625949859619,3.0781567096710205,2.2543671131134033,0.13675937056541443,0.05407948046922684,0.7439172565937042
5231,34.04240798950195,12.544154167175293,7.512263298034668,2.359593391418457,0.08647356927394867,0.06632741540670395,0.7784041166305542
5232,29.05339241027832,3.702453374862671,2.3260996341705322,2.490103006362915,0.06390079110860825,0.046116627752780914,0.8448321521282196
5233,41.11560821533203,4.739555358886719,4.550680160522461,2.3052175045013428,0.03912701457738876,0.050550736486911774,0.6527198851108551
5234,42.40228271484375,8.15256404876709,2.553569793701172,2.4239401817321777,0.07247769087553024,0.04709511250257492,0.7008127570152283
5235,45.04573059082031,5.603996753692627,5.691085338592529,2.5183064937591553,0.0472768098115921,0.06110180914402008,0.7698273062705994
5236,58.6801872253418,4.505649566650391,3.021418809890747,3.092616081237793,0.044836338609457016,0.046594537794589996,0.9122315943241119
5237,34.31148910522461,6.521810531616211,10.541094779968262,2.687558174133301,0.04731319099664688,0.12072417140007019,0.68533855676651
5238,40.5322151184082,15.355621337890625,4.606978416442871,2.9715192317962646,0.12911193072795868,0.09915119409561157,0.7108509242534637
5239,32.86794662475586,5.023160457611084,6.722006320953369,2.4880754947662354,0.05440783128142357,0.05617476999759674,0.7678012847900391
5240,40.107730865478516,10.156591415405273,5.365269184112549,2.7807059288024902,0.14875419437885284,0.06736594438552856,0.9437707662582397
5241,41.48707962036133,5.691396236419678,8.207093238830566,1.8477740287780762,0.05880898982286453,0.12616059184074402,0.60671266913414
5242,26.45293617248535,5.020336151123047,2.792980432510376,2.5892751216888428,0.0856003612279892,0.03663667291402817,0.7865135967731476
5243,37.333805084228516,5.7346673011779785,2.7951292991638184,3.2050280570983887,0.061062369495630264,0.05480160936713219,1.0314417481422424
5244,33.82349395751953,2.8497371673583984,4.566707611083984,2.496687650680542,0.04057575389742851,0.05961834266781807,0.8061393797397614
5245,25.9281005859375,12.1954984664917,8.231328010559082,2.1120898723602295,0.13224372267723083,0.15804095566272736,0.751569539308548
5246,30.47365951538086,13.05174446105957,4.300539016723633,2.194868564605713,0.20202895998954773,0.035619817674160004,0.6852608025074005
5247,35.856021881103516,5.671304702758789,1.9625582695007324,2.248055934906006,0.0627603530883789,0.03404027968645096,0.707238644361496
5248,27.102209091186523,9.775284767150879,4.903623104095459,2.5496063232421875,0.06569361686706543,0.062138162553310394,0.7344174087047577
5249,40.034332275390625,14.850323677062988,2.5434060096740723,2.8511998653411865,0.1258416622877121,0.05140278488397598,0.8255580067634583
5250,39.8392448425293,10.251176834106445,2.88624906539917,2.631218910217285,0.08317460119724274,0.03796519711613655,1.0123106241226196
5251,40.93587112426758,10.756355285644531,3.897010326385498,2.2014148235321045,0.1298503279685974,0.03276965022087097,0.8535903096199036
5252,32.75311279296875,3.6372880935668945,4.932300567626953,2.3345470428466797,0.05328236147761345,0.06676419824361801,0.701553225517273
5253,24.010334014892578,3.8384499549865723,2.6823477745056152,3.188337802886963,0.03745299577713013,0.04460783302783966,1.0930985808372498
5254,63.14400863647461,7.470572471618652,7.2398834228515625,2.4086146354675293,0.07469765096902847,0.0963561162352562,0.8007980585098267
5255,30.134397506713867,4.630827903747559,2.631944417953491,2.5735952854156494,0.09032484143972397,0.034131743013858795,0.7890092134475708
5256,29.3974666595459,1.909099817276001,4.921609878540039,3.047679901123047,0.03193835914134979,0.06520172208547592,0.9089635610580444
5257,45.11890411376953,7.567896842956543,17.087223052978516,2.1911182403564453,0.0492589995265007,0.18783241510391235,0.7553480565547943
5258,35.29182815551758,3.251389980316162,6.596128940582275,2.3344650268554688,0.03616371378302574,0.09071574360132217,0.6699680685997009
5259,36.82780075073242,3.212074041366577,3.899296283721924,2.7380452156066895,0.04139425978064537,0.08849835395812988,0.807195246219635
5260,56.26154327392578,6.466492176055908,9.04121208190918,2.715928077697754,0.08572980761528015,0.21209624409675598,0.6130318641662598
5261,28.68758773803711,5.665541648864746,5.900595664978027,2.1956613063812256,0.045536234974861145,0.08133978396654129,0.7180216312408447
5262,58.245243072509766,11.225678443908691,3.7696869373321533,1.9778443574905396,0.14415620267391205,0.03543560951948166,0.7226345837116241
5263,27.49138641357422,6.057921409606934,4.735245704650879,2.926974296569824,0.12847386300563812,0.0834616869688034,1.17286878824234
5264,29.459781646728516,6.474514007568359,4.782654285430908,2.4350674152374268,0.05943979322910309,0.06182155758142471,0.7643502652645111
5265,35.59257507324219,7.374792098999023,5.577787399291992,2.7538745403289795,0.05932658538222313,0.05596082657575607,0.9178104102611542
5266,34.84291458129883,7.4580464363098145,7.919430255889893,2.546424388885498,0.11621963977813721,0.10837438702583313,0.8440326452255249
5267,30.641645431518555,3.508647918701172,2.2800452709198,2.378535747528076,0.0528220608830452,0.0358966588973999,0.7562729120254517
5268,33.64701843261719,5.294841766357422,1.8545985221862793,2.3143649101257324,0.07646475732326508,0.027357030659914017,0.8151341676712036
5269,34.35684585571289,11.331579208374023,4.107030391693115,2.1174986362457275,0.08276021480560303,0.04379188269376755,0.7880281805992126
5270,38.61211395263672,16.469322204589844,3.5242583751678467,3.7029409408569336,0.13611353933811188,0.045503512024879456,1.3068714141845703
5271,44.26751708984375,3.456425666809082,4.4853291511535645,2.4782888889312744,0.08242154121398926,0.04875422269105911,0.6884056627750397
5272,21.82021713256836,8.165567398071289,5.140242099761963,3.0018739700317383,0.10698583722114563,0.08863164484500885,0.843298077583313
5273,36.92670440673828,3.1533026695251465,7.2888503074646,3.247685194015503,0.04238036274909973,0.07974368333816528,0.8897307217121124
5274,35.09964370727539,10.803183555603027,3.8195440769195557,1.8769949674606323,0.13949118554592133,0.04902772232890129,0.6442141234874725
5275,37.03322219848633,10.5086088180542,3.146481990814209,2.367429733276367,0.14037847518920898,0.043906815350055695,0.9380289316177368
5276,38.117591857910156,4.520236968994141,3.488699197769165,2.6318306922912598,0.03969452530145645,0.051161762326955795,0.8071611523628235
5277,33.29832458496094,2.5862696170806885,8.545427322387695,2.340216875076294,0.04310168698430061,0.07416511327028275,0.748711109161377
5278,26.475177764892578,3.7345821857452393,1.7336498498916626,3.1637516021728516,0.05163932591676712,0.039147235453128815,1.045737773180008
5279,51.302860260009766,5.041877746582031,11.89085578918457,2.2372043132781982,0.06126808747649193,0.15391305088996887,0.6427384614944458
5280,31.283100128173828,9.456889152526855,5.511192798614502,2.4333462715148926,0.15989357233047485,0.06356404721736908,0.7233598828315735
5281,40.911773681640625,8.765471458435059,2.7784736156463623,2.3870201110839844,0.11143563687801361,0.049263060092926025,0.7410011291503906
5282,41.40972137451172,5.985709190368652,5.4980149269104,2.998459815979004,0.05698680505156517,0.0399613082408905,0.9692740440368652
5283,27.339447021484375,9.384779930114746,1.5538606643676758,2.766724109649658,0.08317986875772476,0.04279392212629318,0.9171422123908997
5284,45.71943283081055,8.111174583435059,2.576464891433716,2.4630494117736816,0.08164986222982407,0.037589117884635925,0.8473647832870483
5285,38.08934020996094,9.221283912658691,5.6160969734191895,2.3691518306732178,0.1393861621618271,0.05474846065044403,0.7993353605270386
5286,51.07483673095703,17.400728225708008,3.3057591915130615,2.5612523555755615,0.08987658470869064,0.041330933570861816,0.8264756798744202
5287,43.00088119506836,2.666508913040161,4.376424789428711,2.8089122772216797,0.03362415358424187,0.05296452343463898,0.7476371228694916
5288,52.52228927612305,8.629556655883789,11.934395790100098,2.4524312019348145,0.11276839673519135,0.1000593826174736,0.7405156791210175
5289,30.634218215942383,4.192817687988281,7.591649532318115,2.52724552154541,0.08962313830852509,0.10221632570028305,0.7338365614414215
5290,33.89173889160156,9.560172080993652,2.75723934173584,2.338438034057617,0.19933867454528809,0.03778844326734543,0.8069829046726227
5291,33.05473327636719,4.573696613311768,8.968929290771484,1.7902764081954956,0.046288199722766876,0.15339860320091248,0.5756514370441437
5292,38.54630661010742,4.001368999481201,3.4949185848236084,3.021512985229492,0.04082515090703964,0.05292345583438873,1.0022116303443909
5293,29.595407485961914,22.75696563720703,3.934070587158203,2.643688678741455,0.2902885675430298,0.04938354715704918,0.9964002966880798
5294,41.916744232177734,5.953802585601807,2.79775333404541,2.346295118331909,0.03800177574157715,0.028108954429626465,0.6978050470352173
5295,25.42780303955078,7.351370811462402,2.249415159225464,2.604820489883423,0.06783923506736755,0.04063659906387329,0.8339883983135223
5296,80.33816528320312,11.290422439575195,6.459308624267578,2.4338154792785645,0.07283823192119598,0.057627469301223755,0.7442084550857544
5297,30.13885498046875,15.832557678222656,1.5672763586044312,2.7988035678863525,0.1855575144290924,0.03371361643075943,0.7359005510807037
5298,44.7989501953125,6.776785373687744,10.500677108764648,2.498532295227051,0.11273358762264252,0.12416793406009674,0.6128845810890198
5299,34.85200500488281,7.684045791625977,3.5407729148864746,2.2922117710113525,0.12324491143226624,0.04801765829324722,0.6603250503540039
5300,34.49812316894531,2.7509541511535645,4.4518961906433105,3.6253044605255127,0.029849667102098465,0.05893434211611748,1.2585499286651611
5301,30.510459899902344,5.337008476257324,2.916929006576538,2.461513042449951,0.06605739891529083,0.03625780716538429,0.726760745048523
5302,28.468456268310547,9.319418907165527,6.2968363761901855,2.444631576538086,0.09281361103057861,0.10486571490764618,0.8011953830718994
5303,39.32444763183594,6.004918575286865,3.2307820320129395,2.4459056854248047,0.0791144073009491,0.045529939234256744,0.787084549665451
5304,28.989715576171875,10.915274620056152,7.38994836807251,3.008286714553833,0.12093061208724976,0.09352713078260422,1.061871886253357
5305,34.58858871459961,7.751633167266846,4.988300323486328,2.541487216949463,0.10131984949111938,0.05569179728627205,0.7172989249229431
5306,27.004486083984375,9.650644302368164,4.913634777069092,2.016591787338257,0.12862639129161835,0.06247328221797943,0.6287935674190521
5307,36.27179718017578,5.694406509399414,2.544482707977295,2.3323616981506348,0.09182120859622955,0.03207292780280113,0.6245553493499756
5308,33.37388610839844,6.75631856918335,3.809936761856079,2.638216733932495,0.05996977537870407,0.05411747843027115,1.0909272730350494
5309,26.762840270996094,3.8074700832366943,9.085779190063477,2.4462904930114746,0.054833151400089264,0.09664230048656464,0.6577067971229553
5310,29.879467010498047,11.5243501663208,6.241029262542725,2.414358615875244,0.09637320786714554,0.05752411112189293,0.7957089841365814
5311,23.638484954833984,8.885960578918457,6.314886093139648,1.8950380086898804,0.13715606927871704,0.08226053416728973,0.6140040159225464
5312,23.789749145507812,21.080686569213867,1.8963536024093628,2.8412230014801025,0.1886829286813736,0.04664742574095726,0.9252445101737976
5313,41.84627151489258,7.909960746765137,3.0984745025634766,2.4658095836639404,0.06242362782359123,0.04331390559673309,0.8098478615283966
5314,31.9442195892334,13.702668190002441,2.676398754119873,2.652529239654541,0.09591668844223022,0.041867878288030624,0.8431793451309204
5315,31.40007781982422,8.991935729980469,3.7847304344177246,2.1524527072906494,0.1306721419095993,0.06194788217544556,0.636712521314621
5316,36.67143630981445,10.567631721496582,4.082427024841309,2.459416151046753,0.11133334040641785,0.062040846794843674,0.8035688400268555
5317,45.58485794067383,4.7688493728637695,3.6658778190612793,2.469356060028076,0.04397975653409958,0.07181000709533691,0.7323431670665741
5318,56.5312385559082,6.4892072677612305,4.9697418212890625,2.553755044937134,0.09807991981506348,0.05276966467499733,0.9923436641693115
5319,52.52543640136719,8.843029975891113,5.3190813064575195,2.4500174522399902,0.10982201993465424,0.06960371136665344,1.073589712381363
5320,34.14254379272461,5.378607749938965,4.112475395202637,2.5536117553710938,0.039240360260009766,0.05980471894145012,0.7781936526298523
5321,28.767101287841797,7.818241596221924,7.077218532562256,1.726232647895813,0.09073168784379959,0.08893556892871857,0.7169172763824463
5322,49.20928955078125,2.840850591659546,6.536636829376221,2.5701024532318115,0.02777647227048874,0.06706296652555466,0.6557967364788055
5323,26.875446319580078,3.8010318279266357,1.9868184328079224,3.011965036392212,0.06739254295825958,0.04588119685649872,0.9947807490825653
5324,29.773887634277344,9.939413070678711,3.5342376232147217,2.70036244392395,0.0674218237400055,0.05342033505439758,0.7826721966266632
5325,24.001550674438477,4.87121057510376,3.5462441444396973,2.9577651023864746,0.07442869246006012,0.05038212612271309,1.2250900864601135
5326,36.716575622558594,13.240476608276367,2.8309669494628906,2.2961483001708984,0.1889246106147766,0.039614055305719376,0.753192812204361
5327,30.448179244995117,8.827046394348145,2.5060055255889893,2.414700746536255,0.12104061245918274,0.041320525109767914,0.8286761045455933
5328,33.35145568847656,6.207258224487305,3.9847333431243896,2.323068618774414,0.11427277326583862,0.06554225087165833,0.7959139943122864
5329,56.3992805480957,5.138436794281006,3.614656448364258,2.3772497177124023,0.06512326002120972,0.05675291270017624,0.7201167345046997
5330,66.98236846923828,16.896398544311523,8.438482284545898,4.2194976806640625,0.32005324959754944,0.08846379071474075,1.1690439581871033
5331,40.05147171020508,7.412108898162842,3.723483085632324,2.5579276084899902,0.09947444498538971,0.056032694876194,0.7628121078014374
5332,29.992942810058594,19.264366149902344,6.889690399169922,2.2921011447906494,0.322383314371109,0.07196034491062164,0.5333393514156342
5333,37.13772201538086,7.40816068649292,4.015551567077637,2.488236665725708,0.060129910707473755,0.04896721988916397,0.7738395631313324
5334,52.06448745727539,8.625835418701172,6.854557514190674,2.4787216186523438,0.09351852536201477,0.126371830701828,0.6432417929172516
5335,57.85783386230469,3.2958366870880127,3.1658935546875,2.870368003845215,0.06927777826786041,0.05432995408773422,0.9217721819877625
5336,64.93170928955078,8.402206420898438,2.9085257053375244,2.7342417240142822,0.06379791349172592,0.037330783903598785,0.913235068321228
5337,58.4614143371582,3.8624637126922607,5.718868255615234,2.519894599914551,0.037803299725055695,0.03742048516869545,0.7616700530052185
5338,47.755157470703125,5.79918909072876,2.3389508724212646,2.1975107192993164,0.04834470897912979,0.03069276548922062,0.6391192972660065
5339,36.50135040283203,2.760253429412842,3.0880939960479736,2.7066280841827393,0.03265905752778053,0.043806105852127075,0.8677039742469788
5340,41.78114318847656,10.520888328552246,3.530883312225342,2.6015238761901855,0.10285302251577377,0.05324280261993408,0.7822526395320892
5341,46.4449462890625,10.339253425598145,2.2848103046417236,2.4926979541778564,0.08399779349565506,0.0302287507802248,0.8331502676010132
5342,35.570980072021484,7.8775434494018555,5.169554233551025,1.9481810331344604,0.0888390839099884,0.033593181520700455,0.7313020527362823
5343,24.500226974487305,5.432048320770264,2.9026107788085938,3.166635274887085,0.08105442672967911,0.04964370280504227,1.092234492301941
5344,37.43491744995117,13.559344291687012,2.4420247077941895,3.067100763320923,0.11375223100185394,0.03688717260956764,1.1197759509086609
5345,30.402244567871094,11.33242130279541,7.151112079620361,1.9938735961914062,0.09193484485149384,0.2350454032421112,0.6337520778179169
5346,34.682823181152344,8.916129112243652,4.058677673339844,2.105302095413208,0.0800418108701706,0.05241205915808678,0.6288008093833923
5347,22.919282913208008,3.991379976272583,5.160254001617432,1.86979341506958,0.06967489421367645,0.11433234810829163,0.5935373306274414
5348,49.57661437988281,18.331817626953125,5.789151191711426,2.0267374515533447,0.23702001571655273,0.05961475893855095,0.7526811957359314
5349,43.63150405883789,5.657008647918701,4.416131019592285,2.2177202701568604,0.05559810250997543,0.0494428388774395,0.7403191030025482
5350,26.47700309753418,4.1122002601623535,5.395556449890137,2.368781328201294,0.07244564592838287,0.06435760855674744,0.8954333662986755
5351,59.260379791259766,6.0900726318359375,3.5650265216827393,2.4764180183410645,0.07181219756603241,0.04857444018125534,0.7591680884361267
5352,37.98658752441406,5.608151912689209,5.285728931427002,2.451404333114624,0.10880471765995026,0.06156112998723984,0.752910703420639
5353,39.031089782714844,8.872804641723633,3.4115724563598633,2.3982858657836914,0.11932100355625153,0.05471191555261612,0.8984090685844421
5354,65.12579345703125,6.952152252197266,6.314213752746582,2.374007225036621,0.04802047461271286,0.08022847771644592,0.6420401930809021
5355,27.85896873474121,9.507534980773926,5.709053039550781,2.2790918350219727,0.07237427681684494,0.0966673493385315,0.8939588665962219
5356,44.191410064697266,2.999929189682007,3.1239635944366455,2.271125555038452,0.06601546704769135,0.04118160158395767,0.7203982174396515
5357,43.86362075805664,3.4086849689483643,3.540318012237549,1.9975167512893677,0.03692009299993515,0.0463571734726429,0.5494150817394257
5358,47.37360382080078,8.420589447021484,1.267111897468567,2.221097707748413,0.06404557824134827,0.03381545469164848,0.7976782917976379
5359,25.308265686035156,8.795463562011719,3.978978395462036,2.314401388168335,0.13529999554157257,0.05239798128604889,0.8154135346412659
5360,53.406593322753906,6.8828606605529785,4.795554161071777,2.384094476699829,0.06121953949332237,0.08176865428686142,0.8042625188827515
5361,36.81625747680664,3.2922139167785645,4.938912868499756,2.2995588779449463,0.04479913413524628,0.06825268268585205,0.7370827794075012
5362,39.177528381347656,7.426816463470459,2.730175495147705,2.6271815299987793,0.10099273175001144,0.03523746877908707,0.7713795900344849
5363,40.93617248535156,7.576185703277588,6.521331787109375,2.3388566970825195,0.0472613126039505,0.05708799511194229,0.6049476265907288
5364,21.860729217529297,8.040484428405762,3.8881399631500244,2.5341806411743164,0.07410825788974762,0.0758548304438591,0.8660746514797211
5365,36.21059799194336,7.077152252197266,3.197356700897217,2.311082601547241,0.07531791180372238,0.029693977907299995,0.6561982035636902
5366,29.15203285217285,6.2778096199035645,8.113905906677246,2.048394203186035,0.08375081419944763,0.08675822615623474,0.6359915435314178
5367,27.69209861755371,6.402636528015137,2.5625298023223877,2.223078489303589,0.11069245636463165,0.037127964198589325,0.6706870496273041
5368,34.48877716064453,4.317221164703369,3.6977407932281494,2.16664981842041,0.08208684623241425,0.04730262607336044,0.7493608295917511
5369,38.37001037597656,12.916131019592285,6.4328694343566895,2.642045259475708,0.07451602816581726,0.07929512858390808,0.6738288402557373
5370,38.249542236328125,9.265767097473145,4.974265098571777,2.3191723823547363,0.07587812095880508,0.06489473581314087,0.7357564568519592
5371,42.357994079589844,5.744715690612793,7.018375873565674,2.1685283184051514,0.06964210420846939,0.060574986040592194,0.6883098781108856
5372,35.87936019897461,3.3827707767486572,4.744156360626221,2.4771225452423096,0.04367496818304062,0.07747671008110046,0.8277842700481415
5373,36.71182632446289,9.48074722290039,2.9271774291992188,2.8904056549072266,0.08153383433818817,0.047139972448349,0.8850614130496979
5374,33.06989288330078,5.644711017608643,4.9706501960754395,2.1952219009399414,0.056431058794260025,0.0631539449095726,0.7275657951831818
5375,35.87316131591797,6.583005905151367,1.6685867309570312,2.7253756523132324,0.04690689593553543,0.03066479042172432,0.8588573932647705
5376,39.5762825012207,14.439982414245605,6.701934814453125,2.5127439498901367,0.06252102553844452,0.07524292916059494,0.7883137166500092
5377,46.903953552246094,3.255324602127075,4.981642246246338,2.8299288749694824,0.03994651511311531,0.04278390854597092,0.7271214425563812
5378,40.42511749267578,3.3666224479675293,1.4918900728225708,2.7245357036590576,0.03567282482981682,0.031067967414855957,0.8269329369068146
5379,31.608240127563477,2.6205263137817383,2.6831352710723877,2.691471815109253,0.03284544497728348,0.033395130187273026,0.9591425657272339
5380,38.32189178466797,5.595058917999268,2.180262327194214,2.3367481231689453,0.0383005365729332,0.03218764811754227,0.5903755128383636
5381,50.08345413208008,12.391212463378906,5.8629350662231445,3.276127338409424,0.08012963086366653,0.05794921889901161,0.8211800754070282
5382,59.03902816772461,5.194756507873535,6.855001449584961,2.0908520221710205,0.05427909269928932,0.10209338366985321,0.7838432788848877
5383,38.44942855834961,4.322079658508301,5.567104339599609,2.4582958221435547,0.0396239310503006,0.16070954501628876,0.7363803386688232
5384,37.55728530883789,10.408496856689453,8.41052532196045,2.071776866912842,0.1388949453830719,0.17754708230495453,0.7049021422863007
5385,40.70205307006836,16.383466720581055,3.025228500366211,2.26137113571167,0.13089023530483246,0.0392959825694561,0.6684093475341797
5386,32.9223747253418,4.928719520568848,2.321432113647461,2.679753541946411,0.08212418109178543,0.03346430882811546,0.9161062240600586
5387,35.99522018432617,19.73129653930664,3.696932315826416,2.119849443435669,0.12300664931535721,0.06131649762392044,0.6584785878658295
5388,34.4130859375,3.2244791984558105,1.7977488040924072,2.3408656120300293,0.03615816682577133,0.03855026140809059,0.6905010342597961
5389,33.10575866699219,7.40726375579834,3.1373043060302734,2.3371448516845703,0.11684110760688782,0.04201963543891907,0.917506068944931
5390,34.54190444946289,5.1974101066589355,4.964359760284424,2.7623631954193115,0.0863230973482132,0.09932658821344376,0.9553334712982178
5391,37.670841217041016,8.145846366882324,4.562750816345215,2.0487656593322754,0.0715838149189949,0.06746722757816315,0.6862938404083252
5392,42.261680603027344,15.187220573425293,2.93432354927063,2.561105966567993,0.16389380395412445,0.03741084411740303,0.8239345848560333
5393,32.31033706665039,6.94778299331665,6.79695463180542,2.4113802909851074,0.0692509263753891,0.14308297634124756,0.9097974896430969
5394,37.484130859375,6.571149826049805,5.247184753417969,2.5088770389556885,0.0596017986536026,0.048187389969825745,0.8153173923492432
5395,45.09791564941406,2.2102468013763428,8.077325820922852,2.5200729370117188,0.031549084931612015,0.08383835852146149,0.8688823282718658
5396,53.96796417236328,14.191081047058105,2.4103333950042725,2.60666823387146,0.16222797334194183,0.05161440372467041,0.870781421661377
5397,45.443397521972656,5.047850608825684,4.481940269470215,2.30570125579834,0.045902714133262634,0.11670826375484467,0.6615946292877197
5398,38.966129302978516,3.5393519401550293,2.809157133102417,2.6979873180389404,0.05051141232252121,0.060738079249858856,0.6931376457214355
5399,31.565433502197266,9.40061092376709,3.799206495285034,3.207308769226074,0.07097814977169037,0.06404010951519012,1.0135158896446228
5400,28.97037696838379,6.819875240325928,6.604952812194824,2.479714870452881,0.08354881405830383,0.058101072907447815,0.7272778749465942
5401,29.70092010498047,3.2858221530914307,3.1366186141967773,2.7295477390289307,0.04440125823020935,0.056274399161338806,0.8952398002147675
5402,26.248111724853516,8.346146583557129,4.379907608032227,2.809985876083374,0.1296979784965515,0.061428241431713104,1.090010166168213
5403,31.700965881347656,6.548016548156738,3.1383438110351562,2.7364492416381836,0.10308496654033661,0.052776988595724106,0.8542222082614899
5404,23.640289306640625,5.808590412139893,1.4260293245315552,2.652060031890869,0.06324391812086105,0.02771308831870556,0.9395796954631805
5405,41.37220764160156,10.906057357788086,2.9882872104644775,2.6360185146331787,0.11156131327152252,0.051835235208272934,0.9350795149803162
5406,38.596099853515625,8.749856948852539,7.727381229400635,2.1969411373138428,0.11922851204872131,0.12615913152694702,0.6207342743873596
5407,39.957767486572266,7.423451900482178,2.363830804824829,2.3598873615264893,0.08312688767910004,0.05715673416852951,0.8215394020080566
5408,31.566722869873047,11.637292861938477,6.312483787536621,2.1195828914642334,0.2352624535560608,0.12052308768033981,0.6429101824760437
5409,22.94257164001465,6.650399684906006,5.713955402374268,2.625453472137451,0.0688266009092331,0.06712701916694641,0.9995921850204468
5410,29.160110473632812,7.815999507904053,3.3893933296203613,1.8104808330535889,0.13551807403564453,0.04323612153530121,0.7041799128055573
5411,28.619815826416016,12.478911399841309,7.270308017730713,2.308372735977173,0.1097264289855957,0.10332906246185303,0.6714629232883453
5412,30.261075973510742,6.6977009773254395,6.2969865798950195,2.593569040298462,0.08384814113378525,0.06652878224849701,0.9997446835041046
5413,27.446788787841797,10.341924667358398,3.561314582824707,2.3170173168182373,0.06533022969961166,0.0433804914355278,0.8502277135848999
5414,34.41734313964844,9.30807113647461,2.6510462760925293,2.0034167766571045,0.114728644490242,0.03725513070821762,0.700214296579361
5415,35.00239181518555,6.360851764678955,5.76751184463501,2.7665491104125977,0.05593131110072136,0.06672288477420807,0.985001802444458
5416,34.44713592529297,8.75308609008789,6.142574310302734,2.1108012199401855,0.09278002381324768,0.1588214933872223,0.6175616085529327
5417,30.927473068237305,8.015045166015625,3.492583990097046,2.33504319190979,0.05639031529426575,0.04400171712040901,0.7859985828399658
5418,41.18101501464844,7.867232799530029,4.051044940948486,2.0933918952941895,0.06037278473377228,0.07385610044002533,0.6145782470703125
5419,37.939945220947266,5.968841075897217,8.535977363586426,2.9095120429992676,0.06933381408452988,0.08005814254283905,1.086292028427124
5420,38.88792037963867,9.003875732421875,4.886801719665527,2.123769521713257,0.09915485978126526,0.05372769385576248,0.661109983921051
5421,45.45471954345703,5.761837959289551,6.089143753051758,2.4615280628204346,0.08560939133167267,0.140079528093338,0.7259239852428436
5422,42.82561111450195,8.498878479003906,7.216119289398193,2.3980202674865723,0.08606750518083572,0.09247951954603195,0.7341758012771606
5423,38.5673942565918,7.222766399383545,9.619865417480469,2.3970088958740234,0.06480424851179123,0.10496951639652252,0.7946076691150665
5424,51.91630554199219,8.110062599182129,13.901954650878906,2.4844400882720947,0.20985566079616547,0.12738309800624847,0.7847873270511627
5425,27.94278335571289,5.921475410461426,2.3741445541381836,2.489656925201416,0.07595337927341461,0.040319014340639114,0.8055172562599182
5426,32.80723190307617,6.549777030944824,6.655265808105469,2.357564687728882,0.042673926800489426,0.04619412124156952,0.6674392521381378
5427,37.53730392456055,7.463517665863037,3.915553569793701,2.3109099864959717,0.14726018905639648,0.0366959385573864,0.7458737194538116
5428,56.40899658203125,10.901147842407227,5.951966285705566,2.904871702194214,0.0773569792509079,0.053473882377147675,0.851708710193634
5429,92.9299087524414,6.1340813636779785,3.1486945152282715,2.8251333236694336,0.04284343868494034,0.03978526592254639,0.7665869295597076
5430,36.38161087036133,5.393678665161133,2.7931008338928223,3.11851167678833,0.06577441096305847,0.052519019693136215,1.1208375096321106
5431,70.70816802978516,10.589570999145508,5.693939208984375,2.2790160179138184,0.10562333464622498,0.04744908958673477,0.6233307719230652
5432,44.23175811767578,3.79984188079834,2.8724656105041504,3.071415424346924,0.05097369849681854,0.0431240051984787,1.2099828720092773
5433,45.08795928955078,4.584410667419434,9.357416152954102,2.318894147872925,0.03594295680522919,0.09574718773365021,0.5854375958442688
5434,48.951148986816406,5.953528881072998,8.83318042755127,2.382340431213379,0.051607582718133926,0.10203151404857635,0.6346070170402527
5435,28.42198944091797,11.24232292175293,3.9354116916656494,2.7566797733306885,0.16451218724250793,0.04942893609404564,1.1266366243362427
5436,39.575984954833984,2.1097097396850586,8.719887733459473,2.4438376426696777,0.025108154863119125,0.13689236342906952,0.6281675100326538
5437,42.64497756958008,3.486543893814087,6.227047920227051,2.3980793952941895,0.030083509162068367,0.14180560410022736,0.7306099534034729
5438,49.49129867553711,7.1674933433532715,6.636106014251709,2.1472995281219482,0.09748055040836334,0.10652030259370804,0.714023768901825
5439,31.597421646118164,8.675734519958496,5.952475070953369,2.574005126953125,0.08213098347187042,0.06762595474720001,0.903633326292038
5440,67.08951568603516,5.636468410491943,4.9851460456848145,2.3570427894592285,0.0936555415391922,0.05027884244918823,0.6773332059383392
5441,25.11527442932129,8.353009223937988,2.660973310470581,2.2907721996307373,0.07145999372005463,0.04763617366552353,0.6885850429534912
5442,34.28992462158203,12.5307035446167,1.6526004076004028,3.154874086380005,0.08342473208904266,0.031921759247779846,1.0141343474388123
5443,55.80582046508789,16.584171295166016,5.745201587677002,2.336069107055664,0.1413070559501648,0.05405544489622116,0.644665002822876
5444,37.91265869140625,15.140880584716797,2.852339267730713,2.7266342639923096,0.37960782647132874,0.03908737003803253,0.7399928271770477
5445,36.532005310058594,3.517357587814331,6.878382682800293,2.2536985874176025,0.04172300547361374,0.10786738991737366,0.7108624875545502
5446,31.890899658203125,11.710040092468262,7.15352201461792,2.1151697635650635,0.17270739376544952,0.06050114333629608,0.7276914119720459
5447,31.52290153503418,3.0576210021972656,6.025134563446045,2.652000904083252,0.04371143877506256,0.12427929043769836,0.8274199962615967
5448,44.96458435058594,6.177679061889648,5.7974019050598145,2.172041893005371,0.06462220102548599,0.08970092236995697,0.6459116041660309
5449,32.667327880859375,6.945169448852539,6.435666084289551,2.392103433609009,0.1295728087425232,0.18120892345905304,0.7055156230926514
5450,40.171852111816406,5.532134532928467,4.326134204864502,2.5872766971588135,0.15506692230701447,0.047153644263744354,0.9334153532981873
5451,39.58407974243164,8.449274063110352,5.0883307456970215,2.2270774841308594,0.06807930767536163,0.03711400926113129,0.6730757057666779
5452,56.67502212524414,9.823122024536133,7.340631484985352,2.512871503829956,0.09743259847164154,0.06719911098480225,0.704264223575592
5453,47.77509689331055,7.289893627166748,4.272970199584961,1.823854923248291,0.1025223582983017,0.07300961017608643,0.6165719032287598
5454,27.97178077697754,6.046699523925781,4.823143005371094,2.3181416988372803,0.05705568566918373,0.06497718393802643,0.7509627044200897
5455,32.2718391418457,14.978612899780273,4.958490371704102,2.022648334503174,0.10799319297075272,0.05689401924610138,0.6447355151176453
5456,38.07664489746094,8.11402416229248,5.091723918914795,2.747530460357666,0.10365746170282364,0.05480847507715225,1.000331848859787
5457,28.547706604003906,8.874079704284668,2.410388708114624,2.297861337661743,0.12049693614244461,0.038390081375837326,0.8193626999855042
5458,29.39434814453125,7.136218547821045,9.075836181640625,1.738014578819275,0.04735300689935684,0.1869150698184967,0.6757147312164307
5459,41.40656661987305,15.382122993469238,3.043515682220459,2.2985265254974365,0.31017380952835083,0.03549467399716377,0.7077159583568573
5460,26.693618774414062,5.761225700378418,7.987107276916504,2.20165753364563,0.06261491775512695,0.15826953947544098,0.6259706020355225
5461,43.469024658203125,6.041876792907715,2.814516544342041,2.7198994159698486,0.05308936536312103,0.03957642242312431,0.828589916229248
5462,35.23085021972656,6.280052185058594,5.539597988128662,2.3504838943481445,0.06565485149621964,0.048678912222385406,0.7414147853851318
5463,47.19794464111328,7.92869758605957,11.097670555114746,2.807459592819214,0.08585414290428162,0.21359270811080933,1.1369750499725342
5464,32.29869079589844,6.341320037841797,3.7173426151275635,2.2388899326324463,0.05053115263581276,0.04078531265258789,0.8098810911178589
5465,41.92728042602539,3.4478187561035156,7.411688327789307,2.652329444885254,0.0384109690785408,0.20925356447696686,0.7606608271598816
5466,39.71722412109375,4.901803016662598,5.5289435386657715,3.0086612701416016,0.056549519300460815,0.0724322497844696,0.9398845732212067
5467,18.099483489990234,8.885727882385254,12.129344940185547,2.6059443950653076,0.07592222094535828,0.12321088463068008,0.9355896711349487
5468,30.293006896972656,15.281984329223633,6.449557781219482,2.4164748191833496,0.17132976651191711,0.11153100430965424,0.7510067224502563
5469,28.578269958496094,6.9001054763793945,2.1181468963623047,3.067627429962158,0.06222369149327278,0.03356780856847763,0.9884106516838074
5470,40.44385528564453,5.172399520874023,4.657961368560791,2.6883175373077393,0.048413679003715515,0.07671838998794556,0.900990754365921
5471,37.20440673828125,5.824524879455566,5.11152982711792,2.4964523315429688,0.0795547366142273,0.05014227330684662,0.8933529555797577
5472,29.78420066833496,12.047113418579102,5.891500473022461,1.8031558990478516,0.08071674406528473,0.061251044273376465,0.6178379952907562
5473,27.197399139404297,6.469876289367676,4.520750045776367,2.3052475452423096,0.08089738339185715,0.10711885988712311,0.9002065062522888
5474,28.15816879272461,7.586027145385742,7.534657955169678,2.6012234687805176,0.045019857585430145,0.08010578900575638,0.7921202778816223
5475,47.44685745239258,6.253453731536865,4.153599739074707,2.8913519382476807,0.07920077443122864,0.07525679469108582,0.9244293868541718
5476,30.382503509521484,5.656684875488281,3.229342460632324,2.8929636478424072,0.05786348134279251,0.05146455764770508,1.0339312553405762
5477,22.35169792175293,7.314229965209961,4.825561046600342,2.883333921432495,0.07956982403993607,0.039094045758247375,0.9215545058250427
5478,28.439115524291992,5.989205837249756,1.956059217453003,2.5190489292144775,0.07229950278997421,0.034386008977890015,0.9464175701141357
5479,30.40474510192871,8.489989280700684,6.803351879119873,2.392789363861084,0.11337541043758392,0.1001492440700531,0.761688768863678
5480,29.927040100097656,10.440439224243164,4.4529805183410645,2.3177030086517334,0.08811748027801514,0.05956749618053436,0.7634554207324982
5481,46.75313186645508,7.432368755340576,6.150844097137451,2.887317180633545,0.05926740542054176,0.10231511294841766,1.0453119277954102
5482,28.828092575073242,5.741032600402832,10.390408515930176,2.7488200664520264,0.06617264449596405,0.14538568258285522,0.8818027973175049
5483,62.196346282958984,6.113569736480713,5.585906028747559,2.3726162910461426,0.06178013235330582,0.04651854559779167,0.9030655026435852
5484,43.59550476074219,2.967336654663086,2.5911197662353516,2.29058575630188,0.049536071717739105,0.048759814351797104,0.6140410900115967
5485,28.386455535888672,15.021122932434082,3.9861698150634766,2.134021043777466,0.13146096467971802,0.04987145960330963,0.7275755405426025
5486,29.454208374023438,2.486395835876465,4.861847400665283,2.435236692428589,0.038701415061950684,0.0855068564414978,0.8034955859184265
5487,29.569568634033203,2.37988018989563,4.978863716125488,2.3741188049316406,0.036322012543678284,0.10691176354885101,0.6849564015865326
5488,34.50944900512695,3.675524950027466,2.6638362407684326,2.5196244716644287,0.05294772610068321,0.034956566989421844,0.8679503202438354
5489,30.63393783569336,14.279016494750977,4.782052993774414,2.4699151515960693,0.24583667516708374,0.06803305447101593,0.8222877383232117
5490,53.12396240234375,7.07757043838501,2.579029083251953,2.927260398864746,0.04990782216191292,0.054927319288253784,0.9656071364879608
5491,37.350807189941406,3.6949827671051025,8.085189819335938,2.0802783966064453,0.038569435477256775,0.08167945593595505,0.6304773986339569
5492,35.827144622802734,7.50437593460083,4.273519515991211,2.270251512527466,0.12013016641139984,0.052205462008714676,0.7872678935527802
5493,27.551849365234375,3.579660177230835,4.093532085418701,2.927130937576294,0.046416252851486206,0.03457212820649147,0.9264535903930664
5494,50.7198486328125,7.9659104347229,3.2809362411499023,2.1304471492767334,0.07975707948207855,0.05827295035123825,0.7364087998867035
5495,46.15277099609375,6.473540782928467,10.947770118713379,2.4267873764038086,0.11512333154678345,0.10941009223461151,0.7275629639625549
5496,32.37002182006836,4.103710174560547,5.764129638671875,2.703129291534424,0.04922749847173691,0.0609201081097126,0.9676507711410522
5497,28.79928207397461,2.3389928340911865,7.725609302520752,2.2578184604644775,0.05025054141879082,0.15527641773223877,0.6944017112255096
5498,34.44282150268555,14.076894760131836,8.266054153442383,2.2348732948303223,0.09699773788452148,0.07679542899131775,0.7742494642734528
5499,28.656009674072266,6.666212558746338,4.569828987121582,2.3669769763946533,0.06258099526166916,0.057983629405498505,0.8123510181903839
5500,36.459556579589844,5.349250793457031,3.4667491912841797,2.371469736099243,0.0705205649137497,0.05576898157596588,0.6465224325656891
5501,51.65468215942383,3.8671951293945312,8.211706161499023,2.256230592727661,0.053485654294490814,0.1426609754562378,0.5910418629646301
5502,70.15975189208984,12.28109073638916,1.7352787256240845,2.521855592727661,0.0803733766078949,0.03398153930902481,0.8046693503856659
5503,35.865867614746094,6.100372314453125,5.12510347366333,2.406433343887329,0.06968133896589279,0.07935407012701035,0.7828560173511505
5504,53.480712890625,6.336392402648926,5.142253398895264,2.552072763442993,0.07707437872886658,0.09748098999261856,0.788809210062027
5505,40.198875427246094,8.778096199035645,5.241079330444336,2.4446702003479004,0.09101399779319763,0.0517612099647522,0.8207265436649323
5506,38.10638427734375,6.470032691955566,4.416213035583496,2.195770740509033,0.09154841303825378,0.050775956362485886,0.7624133229255676
5507,25.661983489990234,7.208038806915283,5.280468463897705,2.0877838134765625,0.08386138081550598,0.09926323592662811,0.8215914964675903
5508,32.66987991333008,10.560439109802246,9.295001029968262,2.8996284008026123,0.09479431062936783,0.13257846236228943,0.8279278874397278
5509,35.601036071777344,11.58053970336914,4.998057842254639,2.0487964153289795,0.10558834671974182,0.05685950070619583,0.5821400880813599
5510,40.923580169677734,9.633699417114258,8.696566581726074,2.311098575592041,0.06561301648616791,0.11683011800050735,0.7034178078174591
5511,48.65266036987305,6.0741047859191895,2.421466827392578,2.788461446762085,0.08677404373884201,0.03864612430334091,0.8954521715641022
5512,37.117733001708984,16.406024932861328,4.819457530975342,2.0660946369171143,0.24265579879283905,0.05388937145471573,0.703344315290451
5513,24.13102149963379,5.83076286315918,5.459335803985596,2.227692127227783,0.08934235572814941,0.08478990942239761,0.9083496928215027
5514,38.303524017333984,5.485184669494629,7.456254959106445,2.3541693687438965,0.04658367857336998,0.06299617886543274,0.7530285716056824
5515,52.26520919799805,3.3119184970855713,2.0196545124053955,2.1867783069610596,0.04551750421524048,0.03523063659667969,0.7745437324047089
5516,37.41615295410156,9.58678913116455,9.493380546569824,2.378687858581543,0.08687050640583038,0.20027858018875122,0.8483341932296753
5517,22.355419158935547,8.432516098022461,5.805752277374268,2.415700674057007,0.07919566333293915,0.06962156295776367,0.6958267092704773
5518,34.36549758911133,7.411766052246094,3.229929208755493,2.529142141342163,0.058027565479278564,0.05701446533203125,0.9500073492527008
5519,34.041229248046875,7.231252670288086,4.886742115020752,2.0176987648010254,0.06174930930137634,0.0511070191860199,0.7715710699558258
5520,32.90873336791992,8.919596672058105,3.0853822231292725,2.3837218284606934,0.11002989113330841,0.035303786396980286,0.7025778591632843
5521,33.79939270019531,5.809455871582031,2.963858127593994,2.9397830963134766,0.09937208890914917,0.036037929356098175,1.042224645614624
5522,36.90258026123047,9.735795974731445,2.9196267127990723,2.357593536376953,0.16794045269489288,0.040333282202482224,0.6857085525989532
5523,34.74295425415039,6.242311477661133,2.1708953380584717,2.6392524242401123,0.07143089175224304,0.03351327031850815,0.7684753835201263
5524,47.37743377685547,6.316906452178955,4.439860820770264,2.1880953311920166,0.07937733083963394,0.051033973693847656,0.6626759171485901
5525,26.687646865844727,2.9945273399353027,2.8326494693756104,2.5411226749420166,0.05175848677754402,0.05398234352469444,0.8291795551776886
5526,28.011730194091797,6.113109111785889,3.848813056945801,2.798004627227783,0.07462229579687119,0.03822552040219307,0.8907170295715332
5527,29.93922996520996,9.70241928100586,5.686727046966553,2.3008387088775635,0.10031189024448395,0.09810963273048401,0.8776137828826904
5528,20.13922691345215,8.076679229736328,5.526251792907715,2.477796792984009,0.09563345462083817,0.057006239891052246,0.8197298645973206
5529,47.96376419067383,2.93064284324646,3.7895755767822266,2.495058298110962,0.04151643067598343,0.07470172643661499,0.9264270067214966
5530,33.11356735229492,19.3146915435791,4.227748870849609,2.742037296295166,0.16519324481487274,0.0498962476849556,0.8562409281730652
5531,44.26592254638672,8.9683198928833,3.309870958328247,2.9348647594451904,0.08203795552253723,0.03753727674484253,0.9708812832832336
5532,47.0305290222168,4.492337226867676,8.626498222351074,2.2567245960235596,0.05659424141049385,0.1523274928331375,0.6789025366306305
5533,49.3320426940918,4.717064380645752,6.212181568145752,2.7426178455352783,0.07649621367454529,0.16631612181663513,0.7307130098342896
5534,34.09949493408203,6.438961029052734,6.3005242347717285,2.4687700271606445,0.11035509407520294,0.08192875236272812,0.7122258543968201
5535,25.962366104125977,5.2652387619018555,2.357520580291748,2.3041112422943115,0.0682464987039566,0.04034072160720825,0.7699155807495117
5536,26.79705238342285,6.003025054931641,3.5542428493499756,2.6253271102905273,0.08705072104930878,0.0548260435461998,0.873194694519043
5537,23.190528869628906,4.141392707824707,5.087098598480225,2.226407051086426,0.05493064969778061,0.05651476979255676,0.7067047655582428
5538,30.777629852294922,6.781369686126709,2.9316132068634033,2.614910840988159,0.0894269198179245,0.049266982823610306,0.7552123069763184
5539,34.56707763671875,9.690500259399414,11.146833419799805,2.2901647090911865,0.07797552645206451,0.11265207827091217,0.7296380400657654
5540,41.837242126464844,4.0148773193359375,4.880815505981445,2.3991897106170654,0.05037401616573334,0.06697535514831543,0.6627428233623505
5541,28.94467544555664,4.080007553100586,5.692686080932617,3.1452014446258545,0.0886809453368187,0.05673710256814957,0.9333398342132568
5542,32.31379318237305,6.733950614929199,1.783037543296814,2.6444456577301025,0.050310079008340836,0.03302522003650665,0.9345306158065796
5543,27.76759910583496,3.817355155944824,7.185232639312744,2.350750684738159,0.03877951577305794,0.08429092168807983,0.8478432893753052
5544,33.219627380371094,5.471245288848877,4.802521228790283,2.4760656356811523,0.046786997467279434,0.05519534647464752,0.6019177734851837
5545,38.96663284301758,3.52801775932312,5.244778633117676,2.9167330265045166,0.034813735634088516,0.059938061982393265,0.8021588921546936
5546,29.813678741455078,4.307028293609619,3.7468886375427246,2.2014551162719727,0.05172482132911682,0.09497366100549698,0.7478538751602173
5547,31.28520393371582,10.452861785888672,5.279013156890869,2.551764965057373,0.17169174551963806,0.061105795204639435,0.9815998077392578
5548,25.618242263793945,20.58346939086914,6.426015853881836,2.505284547805786,0.1829320788383484,0.07141847908496857,0.7866113185882568
5549,26.852447509765625,8.769818305969238,6.869781017303467,2.2642762660980225,0.08053799718618393,0.08197635412216187,0.8030111491680145
5550,29.841581344604492,11.326947212219238,10.514910697937012,2.280687093734741,0.08844771981239319,0.18801070749759674,0.6911873519420624
5551,77.3448257446289,6.603288650512695,11.792867660522461,2.3445005416870117,0.14261944591999054,0.19336678087711334,0.6933020055294037
5552,32.77122497558594,4.611802577972412,3.742678642272949,2.315596580505371,0.07504333555698395,0.04759719595313072,0.6670352518558502
5553,56.755245208740234,13.941946983337402,2.8762364387512207,2.367680072784424,0.1489371806383133,0.03948187083005905,0.8216427862644196
5554,34.02882766723633,10.519153594970703,4.192644119262695,2.4734537601470947,0.11928541213274002,0.055914804339408875,0.9886099100112915
5555,39.11610412597656,11.44399356842041,3.843231678009033,3.523146152496338,0.1698569357395172,0.06275252252817154,1.1639781892299652
5556,57.26659393310547,3.778459072113037,2.3698675632476807,2.8115992546081543,0.04723384976387024,0.029621198773384094,0.8069010376930237
5557,27.827953338623047,23.048707962036133,2.7060279846191406,2.816840887069702,0.231100395321846,0.05988709628582001,0.9292095899581909
5558,56.63018035888672,39.888336181640625,7.424051761627197,2.321329355239868,0.12266485393047333,0.06468264013528824,0.8367039859294891
5559,26.888595581054688,10.818968772888184,8.827027320861816,2.147409439086914,0.14747297763824463,0.16986675560474396,0.7923901677131653
5560,43.23518371582031,11.61765193939209,4.552740097045898,2.4321951866149902,0.23962287604808807,0.04930216446518898,0.75379878282547
5561,42.335262298583984,21.915142059326172,6.468218803405762,2.246483564376831,0.09408260136842728,0.07600873708724976,0.6930118501186371
5562,42.21873092651367,10.721944808959961,4.197572231292725,1.9596000909805298,0.14093080163002014,0.05117390677332878,0.6832315623760223
5563,41.77522659301758,11.7260103225708,1.3232290744781494,2.800769329071045,0.12867514789104462,0.03229611739516258,0.9394265115261078
5564,32.34894943237305,10.437034606933594,3.795027732849121,2.348388433456421,0.08713065832853317,0.04930788651108742,0.7724354565143585
5565,32.7388801574707,5.911582946777344,7.044374465942383,2.488126516342163,0.10199626535177231,0.0986647754907608,0.7601059675216675
5566,37.212711334228516,6.668239116668701,3.621680498123169,2.424307107925415,0.13847367465496063,0.07128375768661499,0.7655682563781738
5567,36.74068069458008,5.857352256774902,1.719201922416687,2.4785525798797607,0.09149244427680969,0.03674718737602234,0.79189532995224
5568,43.903724670410156,6.7325639724731445,3.771359920501709,2.258824348449707,0.051663838326931,0.048717327415943146,0.7612952888011932
5569,24.28778648376465,10.116456985473633,4.269653797149658,2.347080945968628,0.09331682324409485,0.06655512005090714,0.863095611333847
5570,41.233863830566406,7.610034465789795,3.5098109245300293,2.30399751663208,0.09743697196245193,0.05537653714418411,0.6488244235515594
5571,38.88827133178711,5.526894569396973,4.609856605529785,2.460479736328125,0.06340764462947845,0.09005375951528549,0.792106032371521
5572,43.23643493652344,14.359159469604492,2.611642599105835,2.418713331222534,0.12240259349346161,0.03944137692451477,0.7628283500671387
5573,42.713199615478516,6.728600025177002,6.477586269378662,1.8474632501602173,0.07879849523305893,0.12449544668197632,0.5792619287967682
5574,29.44635772705078,2.450385093688965,5.255692005157471,2.7359261512756348,0.04048417508602142,0.0707775354385376,0.7254866361618042
5575,40.16887283325195,6.780850410461426,6.742682456970215,2.986032485961914,0.09722135961055756,0.11095522344112396,0.9004741013050079
5576,32.70870590209961,17.394617080688477,3.4204771518707275,2.7679474353790283,0.30036547780036926,0.06243288516998291,0.7247045636177063
5577,58.62445831298828,7.809403419494629,1.9949946403503418,2.3709025382995605,0.06476552039384842,0.037034038454294205,0.83315110206604
5578,41.27250671386719,9.530673027038574,4.165951251983643,2.3999521732330322,0.0898561030626297,0.048840105533599854,0.9130533933639526
5579,42.903526306152344,6.1623311042785645,3.4507341384887695,2.3407347202301025,0.06607604026794434,0.04512276127934456,0.6735420525074005
5580,26.917932510375977,12.339631080627441,4.0852227210998535,1.7614959478378296,0.16230033338069916,0.051360733807086945,0.6914247572422028
5581,48.57359313964844,15.314220428466797,2.896604299545288,2.4751880168914795,0.13610731065273285,0.047604840248823166,0.9261440634727478
5582,42.345420837402344,3.0639355182647705,2.2752387523651123,2.6592442989349365,0.039973728358745575,0.03418399766087532,0.8778477907180786
5583,30.46100425720215,12.02509593963623,2.2245211601257324,2.959656000137329,0.2071751356124878,0.02953280135989189,1.0591270327568054
5584,25.333932876586914,12.373241424560547,3.390594720840454,2.574894428253174,0.1443946212530136,0.07837700843811035,0.9011194109916687
5585,35.33169937133789,7.169017791748047,7.417351245880127,1.99734365940094,0.08978530764579773,0.1063833236694336,0.7154415249824524
5586,26.346817016601562,13.254446029663086,9.143952369689941,1.674377679824829,0.21230635046958923,0.10375286638736725,0.5498324334621429
5587,35.77857208251953,21.51031494140625,6.754755020141602,2.1660425662994385,0.16505102813243866,0.12650036811828613,0.6514379382133484
5588,23.738758087158203,5.345595359802246,2.612027406692505,2.460315465927124,0.04651565104722977,0.033059388399124146,0.8663737177848816
5589,46.37862777709961,5.5003437995910645,3.8364131450653076,2.1945362091064453,0.055930376052856445,0.10065864026546478,0.5990096032619476
5590,26.280031204223633,7.35380220413208,3.5754213333129883,2.443307399749756,0.0690697431564331,0.0757768452167511,0.8325392603874207
5591,24.228984832763672,13.279851913452148,5.811079025268555,2.5264768600463867,0.12129411101341248,0.08736102283000946,0.8494191765785217
5592,28.810564041137695,3.9625368118286133,3.2021827697753906,2.6833531856536865,0.03419658541679382,0.051252331584692,0.877459704875946
5593,26.553903579711914,4.264348030090332,2.0480499267578125,2.591015100479126,0.05900430679321289,0.0338285006582737,0.9177491068840027
5594,34.67348098754883,5.464424133300781,2.426471710205078,2.510805368423462,0.05973441153764725,0.050866805016994476,0.7870956063270569
5595,31.78742790222168,6.251472473144531,5.4564337730407715,3.106703996658325,0.06769300997257233,0.10981989651918411,0.9448527693748474
5596,56.538856506347656,3.954774856567383,2.7184982299804688,2.6327452659606934,0.04882629215717316,0.040407873690128326,0.8730763494968414
5597,25.188146591186523,14.046634674072266,4.038058757781982,1.9631478786468506,0.1496223509311676,0.07291252911090851,0.5771847367286682
5598,27.968074798583984,6.7418622970581055,2.8631458282470703,2.860537052154541,0.12649857997894287,0.03100857511162758,0.8090485334396362
5599,32.018089294433594,6.251729965209961,4.9943318367004395,2.600111722946167,0.052934013307094574,0.04887203872203827,0.7742909789085388
5600,51.689544677734375,5.168396472930908,4.490309715270996,3.3035454750061035,0.04787116125226021,0.058819759637117386,1.0372520685195923
5601,27.112747192382812,9.538037300109863,4.047560214996338,2.6651298999786377,0.09136328101158142,0.0494004562497139,0.8206184506416321
5602,30.247154235839844,12.41435718536377,2.7825210094451904,2.6358749866485596,0.1606599986553192,0.04866131395101547,0.8470950424671173
5603,28.31199836730957,7.577047348022461,3.5740320682525635,2.3439788818359375,0.08802229911088943,0.03863345831632614,0.8287778496742249
5604,32.283199310302734,5.338601589202881,4.945979118347168,2.5375943183898926,0.08794207870960236,0.04478796571493149,0.6675192415714264
5605,31.44680404663086,9.359611511230469,4.265331268310547,2.377687931060791,0.09926801919937134,0.04932555928826332,0.7777656316757202
5606,42.020103454589844,8.052194595336914,3.4820151329040527,2.147369384765625,0.09011981636285782,0.04871721565723419,0.6794909834861755
5607,46.435935974121094,4.9888410568237305,4.819993019104004,2.901348352432251,0.08822287619113922,0.08128871023654938,0.929526150226593
5608,49.958709716796875,6.703369140625,3.114833354949951,2.7848408222198486,0.09701418876647949,0.038117993623018265,0.9304668009281158
5609,43.94056701660156,5.520210266113281,5.383375644683838,2.2384090423583984,0.09822674095630646,0.05630214512348175,0.6919761896133423
5610,31.320058822631836,7.444242000579834,4.072950839996338,2.2739274501800537,0.08083167672157288,0.06192447990179062,0.7519679069519043
5611,35.50886917114258,9.447074890136719,7.067128658294678,2.5838050842285156,0.07055102288722992,0.07045694440603256,0.7385307550430298
5612,23.09173011779785,5.13160514831543,3.2100725173950195,2.7134292125701904,0.06012213975191116,0.03929460793733597,0.965850830078125
5613,32.69961929321289,5.030043125152588,6.46480655670166,1.865064263343811,0.05379953235387802,0.16227799654006958,0.6529392302036285
5614,32.30031204223633,14.222413063049316,6.208121299743652,2.0454206466674805,0.06243488937616348,0.06520488858222961,0.7676965594291687
5615,46.6260986328125,11.081818580627441,4.6117682456970215,2.4654321670532227,0.08142911642789841,0.05753753334283829,0.9113775789737701
5616,25.924236297607422,6.789468288421631,3.175069808959961,2.939690589904785,0.08829179406166077,0.03427788242697716,0.9492409825325012
5617,35.41415023803711,6.898049354553223,2.5989294052124023,2.795226812362671,0.07200165838003159,0.050843119621276855,0.9084226489067078
5618,61.49419021606445,13.060040473937988,6.033668041229248,2.2321462631225586,0.15743224322795868,0.07657217234373093,0.7468872666358948
5619,29.92000389099121,5.324838161468506,3.4237849712371826,2.468574285507202,0.04956516996026039,0.07635107636451721,0.7739552855491638
5620,73.62074279785156,10.085525512695312,3.9056670665740967,2.37168288230896,0.1707787960767746,0.04799310863018036,0.7604966163635254
5621,37.289772033691406,3.390592098236084,3.8025741577148438,2.1443989276885986,0.04745924100279808,0.03187137097120285,0.5819409191608429
5622,56.18045425415039,6.676722526550293,4.113608360290527,2.2755160331726074,0.06115526705980301,0.038993146270513535,0.6547027826309204
5623,56.78325653076172,4.15670108795166,5.269991874694824,3.1211957931518555,0.05400858074426651,0.08770214021205902,1.0182522535324097
5624,41.81475830078125,6.154147148132324,8.053869247436523,2.336604595184326,0.0744270607829094,0.07286439090967178,0.6164700090885162
5625,27.07254981994629,5.904280185699463,1.2582426071166992,2.81900691986084,0.07787461578845978,0.030843136832118034,0.9083100855350494
5626,33.245296478271484,10.813750267028809,3.5530614852905273,2.7512903213500977,0.10313083976507187,0.047687165439128876,0.8373754322528839
5627,69.06780242919922,16.622257232666016,5.218288421630859,2.538372039794922,0.13811682164669037,0.059849243611097336,0.6950164139270782
5628,57.09586715698242,4.967350959777832,3.8896121978759766,2.3510186672210693,0.044803060591220856,0.040532954037189484,0.7349897921085358
5629,36.57552719116211,10.969985008239746,8.299969673156738,2.032829999923706,0.1515750288963318,0.09908707439899445,0.6509563624858856
5630,40.52298355102539,3.4607834815979004,4.962536811828613,2.897524356842041,0.036374472081661224,0.07663929462432861,0.8620002567768097
5631,40.65843963623047,9.862424850463867,1.1215183734893799,1.8825725317001343,0.07747521996498108,0.028767364099621773,0.8321154713630676
5632,36.299957275390625,8.1878080368042,3.085564374923706,2.145589828491211,0.1081097349524498,0.04446021467447281,0.8567742109298706
5633,40.88111114501953,8.879738807678223,1.2570627927780151,2.6354353427886963,0.10878826677799225,0.03173943608999252,1.0528150796890259
5634,47.378170013427734,6.956703186035156,5.481369495391846,2.494135856628418,0.06836125254631042,0.0842137262225151,0.7412789463996887
5635,29.929641723632812,3.9934399127960205,6.280684947967529,2.017711877822876,0.04889511317014694,0.08339463174343109,0.6777987778186798
5636,25.90987205505371,2.2015798091888428,1.8956769704818726,3.010787010192871,0.03533576428890228,0.04275186359882355,1.1163389086723328
5637,38.155113220214844,9.102108001708984,2.6344666481018066,2.310774803161621,0.09314464032649994,0.03459516167640686,0.7633413970470428
5638,29.030546188354492,6.123658180236816,7.281303882598877,2.082808017730713,0.05624651163816452,0.07062550634145737,0.730074942111969
5639,46.28092956542969,11.687843322753906,5.02374792098999,2.6485722064971924,0.16249629855155945,0.10213764756917953,0.7378349006175995
5640,34.01731872558594,2.5318973064422607,2.058983087539673,2.4193568229675293,0.04261747747659683,0.03882050886750221,0.8052083253860474
5641,27.580724716186523,7.9409098625183105,2.9488017559051514,2.445101737976074,0.11519939452409744,0.03371848911046982,0.7460404634475708
5642,25.833681106567383,4.04847526550293,2.1452243328094482,2.5049009323120117,0.04183182120323181,0.04124964773654938,0.7633894830942154
5643,41.69121170043945,6.89340877532959,4.3246026039123535,2.9836156368255615,0.07903436571359634,0.0580277219414711,1.1059755086898804
5644,34.16780090332031,8.277481079101562,8.95779037475586,2.1301417350769043,0.15490616858005524,0.0830567255616188,0.6678609549999237
5645,48.30854797363281,6.153878211975098,3.386561870574951,2.505300998687744,0.05564038082957268,0.03686736896634102,0.8021857738494873
5646,36.35078811645508,5.115381240844727,2.9652576446533203,2.6373043060302734,0.06334571540355682,0.03822493553161621,0.859961748123169
5647,30.780683517456055,5.719781398773193,5.0360918045043945,2.6034419536590576,0.10215553641319275,0.07027846574783325,1.0190316438674927
5648,50.66024398803711,8.545733451843262,5.4560980796813965,2.3321287631988525,0.12184558808803558,0.11354813724756241,0.6543104946613312
5649,51.75311279296875,7.518977165222168,3.271951198577881,2.2806012630462646,0.05877937003970146,0.042636945843696594,0.7050164341926575
5650,30.767419815063477,6.148757457733154,6.011097431182861,2.0611672401428223,0.12312187999486923,0.058088041841983795,0.6117959320545197
5651,26.248876571655273,5.8807268142700195,12.850641250610352,2.576101303100586,0.07613377273082733,0.173000767827034,0.7975273132324219
5652,38.040225982666016,4.6703877449035645,1.650186538696289,2.225886583328247,0.04435493052005768,0.029950711876153946,0.7888634204864502
5653,42.628482818603516,9.263050079345703,6.472923278808594,2.514507293701172,0.07870079576969147,0.06855101138353348,0.8529626727104187
5654,43.64745330810547,3.4156036376953125,4.402830600738525,2.5525963306427,0.057864271104335785,0.07115274667739868,0.8132257461547852
5655,35.90057373046875,6.758596420288086,4.849409103393555,2.653367280960083,0.09613882005214691,0.060064125806093216,0.8020961582660675
5656,27.68935203552246,8.100825309753418,2.373600482940674,2.7169735431671143,0.1417185664176941,0.038536086678504944,0.7247957587242126
5657,34.6234130859375,18.722612380981445,5.659502029418945,2.1823885440826416,0.13650745153427124,0.1171242743730545,0.7329238951206207
5658,33.77809524536133,5.93147611618042,5.217815399169922,2.2962684631347656,0.07569181174039841,0.038428422063589096,0.6395351588726044
5659,43.91460418701172,5.364354610443115,3.493302822113037,2.4038846492767334,0.05968976020812988,0.030370838940143585,0.7539502084255219
5660,27.466957092285156,11.3092041015625,4.208449840545654,2.3274378776550293,0.07992027699947357,0.054957129061222076,0.8269184529781342
5661,44.890769958496094,8.719342231750488,3.05338978767395,2.30210542678833,0.07215496897697449,0.054778389632701874,0.8145135939121246
5662,49.51407241821289,5.0045671463012695,2.460141658782959,2.917816400527954,0.0730658695101738,0.03632640466094017,1.0971691012382507
5663,39.23556900024414,5.049254417419434,4.8515496253967285,2.1352529525756836,0.09899251908063889,0.05012696236371994,0.7490378618240356
5664,26.96551513671875,3.2059011459350586,7.330004692077637,2.2468934059143066,0.049947429448366165,0.09067296981811523,0.7626435458660126
5665,29.200002670288086,3.4971394538879395,11.232837677001953,2.4721672534942627,0.029010731726884842,0.10434035211801529,0.7238346338272095
5666,33.49916458129883,14.756669044494629,4.980988025665283,2.820406913757324,0.16585977375507355,0.06303629279136658,0.9655829071998596
5667,50.880584716796875,8.157552719116211,2.956103801727295,3.053795099258423,0.06687285751104355,0.04011959582567215,0.9188747107982635
5668,43.07351303100586,13.946481704711914,4.377750396728516,2.4732437133789062,0.1220083087682724,0.037761710584163666,0.8479588031768799
5669,30.448606491088867,5.988217353820801,3.636268377304077,2.5240962505340576,0.06085113808512688,0.0337979719042778,0.7993247509002686
5670,42.724464416503906,6.87208890914917,2.8857131004333496,2.2607054710388184,0.1194218248128891,0.038624703884124756,0.6149337291717529
5671,36.34962844848633,5.317226409912109,2.71600604057312,2.3325984477996826,0.04558248817920685,0.038727760314941406,0.7023858726024628
5672,30.0479793548584,11.586474418640137,5.366754055023193,2.3919427394866943,0.1766955703496933,0.08274125307798386,0.7227962911128998
5673,42.28998947143555,9.493687629699707,5.294833660125732,2.306565761566162,0.1185559630393982,0.10170873254537582,0.8602281808853149
5674,37.02503204345703,13.72797679901123,8.929343223571777,2.521030902862549,0.20190027356147766,0.13805703818798065,0.6760299503803253
5675,40.812686920166016,6.6729350090026855,5.673017501831055,2.832690477371216,0.0614648163318634,0.07442619651556015,0.9891584515571594
5676,36.21159744262695,3.3110034465789795,7.655807971954346,2.5067451000213623,0.035125359892845154,0.05775577947497368,0.6914057433605194
5677,26.4801025390625,4.8114094734191895,6.235222339630127,1.972213625907898,0.03488966077566147,0.09625394642353058,0.6427402496337891
5678,24.26572608947754,6.434404373168945,7.694790363311768,1.8698874711990356,0.04267940670251846,0.1682833433151245,0.6216421127319336
5679,28.948026657104492,4.550843715667725,5.276240348815918,2.1442837715148926,0.10341166704893112,0.10185308754444122,0.603961169719696
5680,26.276248931884766,3.223686456680298,2.606682300567627,2.0197324752807617,0.06717278808355331,0.04245797544717789,0.7264180779457092
5681,31.14214515686035,21.812450408935547,8.631940841674805,2.5616800785064697,0.3780454099178314,0.17624929547309875,0.9982467889785767
5682,32.228126525878906,8.933371543884277,7.542508125305176,2.5527496337890625,0.10705046355724335,0.06567077338695526,0.8433587849140167
5683,39.56355285644531,9.197151184082031,3.6802000999450684,2.3438973426818848,0.13696114718914032,0.04846399277448654,0.7347146570682526
5684,28.369951248168945,9.64122486114502,7.714919567108154,2.987544298171997,0.1737348735332489,0.0935913622379303,1.108599454164505
5685,38.93560791015625,6.968939304351807,7.84330940246582,2.2299935817718506,0.11158223450183868,0.10205815732479095,0.7348841428756714
5686,69.19129180908203,13.569915771484375,2.045445203781128,2.5750832557678223,0.08561263978481293,0.03627212345600128,0.7790006697177887
5687,29.70201873779297,4.38462495803833,7.861255645751953,1.9340251684188843,0.026916611939668655,0.13726840913295746,0.5727961361408234
5688,50.472618103027344,7.0437541007995605,2.073439598083496,2.467600107192993,0.11029098927974701,0.04581449180841446,0.8894296288490295
5689,41.38417434692383,3.623588800430298,3.130535364151001,2.518415689468384,0.05333607643842697,0.06118934601545334,0.8292464911937714
5690,31.955751419067383,10.378927230834961,3.883768320083618,2.711648941040039,0.08950468897819519,0.046945057809352875,1.0593296885490417
5691,44.464622497558594,6.968185901641846,2.6663661003112793,2.395195960998535,0.05845468118786812,0.039879173040390015,0.7759636044502258
5692,32.70535659790039,5.065772533416748,5.431724548339844,2.645024061203003,0.09426447749137878,0.07161667943000793,0.8928167223930359
5693,41.70938491821289,12.440282821655273,3.3275747299194336,2.7291953563690186,0.2193014919757843,0.03886423259973526,1.0478484630584717
5694,43.61927032470703,8.752235412597656,9.96856689453125,2.334301710128784,0.15438227355480194,0.20412835478782654,0.6943833231925964
5695,34.349952697753906,21.403186798095703,5.127756595611572,2.8101322650909424,0.15804845094680786,0.0673661082983017,0.8533453345298767
5696,31.760536193847656,10.39202880859375,4.075798511505127,2.0808210372924805,0.1451338529586792,0.09381717443466187,0.5807514786720276
5697,32.60079574584961,10.953962326049805,6.140587329864502,3.121009588241577,0.13195662200450897,0.06478694081306458,1.3780744075775146
5698,37.69410705566406,9.502239227294922,6.205037593841553,2.647160291671753,0.08409858494997025,0.06088624894618988,0.9349828958511353
5699,70.59260559082031,9.221043586730957,6.223415851593018,2.424461841583252,0.15645474195480347,0.0885755866765976,0.7429509460926056
5700,32.36153793334961,5.806243896484375,5.846652984619141,2.324856996536255,0.07655315846204758,0.10297627747058868,0.6495027542114258
5701,35.71755599975586,8.13216495513916,7.9951372146606445,2.267194986343384,0.08706742525100708,0.11526869237422943,0.7396921217441559
5702,44.04036331176758,8.592392921447754,5.421271800994873,2.3408117294311523,0.1409635841846466,0.06894099712371826,0.9716752171516418
5703,32.251243591308594,4.7293381690979,8.585845947265625,2.4977927207946777,0.05421605706214905,0.10102716833353043,0.9434877634048462
5704,33.835716247558594,7.8809428215026855,4.980763912200928,2.58154559135437,0.07406362891197205,0.05012506619095802,0.7907910346984863
5705,33.45502471923828,5.636020660400391,4.963592052459717,3.1679108142852783,0.14084045588970184,0.07461535930633545,1.1748684644699097
5706,56.755775451660156,7.284535884857178,4.354445934295654,2.323843479156494,0.10559125244617462,0.06898178905248642,0.5974457859992981
5707,34.06886291503906,3.559490442276001,7.030548572540283,2.5542616844177246,0.042107582092285156,0.09862268716096878,0.8612840473651886
5708,38.029296875,6.765469074249268,5.4996418952941895,2.3415310382843018,0.056766752153635025,0.049221210181713104,0.7470298707485199
5709,31.361417770385742,10.286632537841797,4.185818195343018,2.2065465450286865,0.12188627570867538,0.0694134384393692,0.7074761092662811
5710,29.511945724487305,8.712333679199219,4.360671520233154,2.2095224857330322,0.078927181661129,0.10211782902479172,0.7636770009994507
5711,40.37738800048828,11.71413803100586,4.27108907699585,2.398585319519043,0.14898566901683807,0.06683504581451416,0.6916544139385223
5712,55.739688873291016,6.599091529846191,11.323705673217773,2.36037540435791,0.08195807784795761,0.10168670862913132,0.7234000265598297
5713,26.307479858398438,4.7685370445251465,4.811191558837891,2.8244378566741943,0.06883595883846283,0.06040092185139656,1.181476354598999
5714,38.716007232666016,5.449270725250244,5.934372901916504,2.3220999240875244,0.07620179653167725,0.09865016490221024,0.7241620421409607
5715,30.791629791259766,11.5883207321167,8.423247337341309,2.2171783447265625,0.15225888788700104,0.05848720669746399,0.7487160861492157
5716,47.958072662353516,11.89731216430664,7.845193862915039,2.222949981689453,0.08942512422800064,0.07576475292444229,0.6995861232280731
5717,49.9184684753418,6.126943111419678,2.2561514377593994,1.9787647724151611,0.04771236330270767,0.03323494642972946,0.69929438829422
5718,43.2045783996582,5.505998611450195,6.963893413543701,2.053832530975342,0.07037734985351562,0.07078984379768372,0.6165235340595245
5719,40.46099853515625,7.937633037567139,3.548661708831787,2.4631476402282715,0.06721407920122147,0.037550006061792374,0.6393673717975616
5720,45.01663589477539,4.898489475250244,8.912727355957031,2.2871909141540527,0.03592206537723541,0.11921113729476929,0.9152403473854065
5721,29.07048988342285,5.942160129547119,4.187858581542969,2.456049919128418,0.0393410325050354,0.033070698380470276,0.6887729167938232
5722,32.251121520996094,7.377066612243652,6.908196926116943,4.0440874099731445,0.09479279071092606,0.1060905009508133,1.4699091911315918
5723,43.5966682434082,9.671989440917969,5.3533430099487305,2.435258150100708,0.16737715899944305,0.04020388051867485,0.7548677921295166
5724,44.391815185546875,4.597625255584717,5.277967929840088,3.019253969192505,0.06765378266572952,0.0556720569729805,0.9072396457195282
5725,68.80501556396484,6.526839733123779,2.609870433807373,2.3084938526153564,0.07518666982650757,0.026405051350593567,0.6054263710975647
5726,38.312870025634766,3.023876905441284,6.196341037750244,2.2471723556518555,0.04342556744813919,0.06225813180208206,0.7595398724079132
5727,39.00852966308594,2.8156590461730957,5.817195415496826,2.7233338356018066,0.039790086448192596,0.07499264180660248,0.6812787652015686
5728,40.55366516113281,4.114546298980713,2.200589895248413,2.4741902351379395,0.04186354577541351,0.03765721619129181,0.7592542767524719
5729,41.77147674560547,6.988112449645996,3.24412202835083,2.9906132221221924,0.08550577610731125,0.034942083060741425,1.0008891224861145
5730,39.09608459472656,7.0300469398498535,7.886990547180176,2.5942938327789307,0.0832197368144989,0.2082652598619461,0.7387016117572784
5731,46.23086166381836,6.52880334854126,5.824432849884033,2.694459915161133,0.10339118540287018,0.053291723132133484,0.9346293807029724
5732,33.65929412841797,3.782609701156616,3.153536319732666,2.9209916591644287,0.04807770252227783,0.044607389718294144,0.9369860887527466
5733,33.351749420166016,7.713313579559326,2.9947803020477295,2.0562474727630615,0.1181168258190155,0.044672641903162,0.670866072177887
5734,32.53900146484375,3.620753049850464,2.101055383682251,2.2880396842956543,0.055898793041706085,0.03873291611671448,0.7434338927268982
5735,41.313655853271484,3.736485242843628,4.441458225250244,2.5326967239379883,0.03491954505443573,0.05692876875400543,0.8382797241210938
5736,33.775413513183594,3.781203031539917,1.2410802841186523,2.5715816020965576,0.030762460082769394,0.03730517998337746,0.864334762096405
5737,28.05476951599121,23.740083694458008,6.5397844314575195,2.668818950653076,0.30112072825431824,0.06728537380695343,0.8865160346031189
5738,32.23832321166992,10.535502433776855,6.951919078826904,2.3812665939331055,0.12020056694746017,0.17376069724559784,0.6979801654815674
5739,28.232261657714844,5.931539535522461,2.60795259475708,2.441519021987915,0.10283859074115753,0.06799440085887909,0.7999770045280457
5740,27.6693172454834,15.300918579101562,6.0649285316467285,2.5746731758117676,0.15452708303928375,0.08661619573831558,1.0497268736362457
5741,49.67683410644531,8.744319915771484,2.8145432472229004,3.0626163482666016,0.10870984196662903,0.041790351271629333,1.093247652053833
5742,35.14542007446289,8.981257438659668,7.709790229797363,2.2374327182769775,0.11947564780712128,0.06324641406536102,0.738094300031662
5743,47.73220443725586,6.960680961608887,2.1479148864746094,2.4902589321136475,0.05720466747879982,0.0337815061211586,0.881427139043808
5744,34.97500991821289,7.400431156158447,7.68050479888916,2.4375202655792236,0.04656262695789337,0.11157055199146271,0.6407614648342133
5745,28.576818466186523,3.599461078643799,4.036961078643799,2.413534641265869,0.05509774386882782,0.06887422502040863,0.85542893409729
5746,40.0577392578125,8.42911148071289,8.537779808044434,2.305034875869751,0.11005666851997375,0.16233393549919128,0.9273965060710907
5747,53.20823287963867,14.494683265686035,6.107239246368408,2.104666233062744,0.14694471657276154,0.05634348466992378,0.7230141460895538
5748,27.148666381835938,6.32031774520874,1.8932863473892212,2.8231022357940674,0.09766697138547897,0.046933140605688095,0.9940004348754883
5749,28.1265811920166,12.798327445983887,4.092291831970215,2.9167733192443848,0.10557353496551514,0.05591028183698654,0.9828248918056488
5750,49.379268646240234,8.003641128540039,12.72339153289795,1.9961460828781128,0.04732223600149155,0.10824967920780182,0.745594322681427
5751,47.37101364135742,5.801548957824707,4.28817081451416,2.4313268661499023,0.06702030450105667,0.07428841292858124,0.7461147308349609
5752,47.277427673339844,5.259736061096191,4.300065517425537,2.8314218521118164,0.04215427488088608,0.054395996034145355,0.888690173625946
5753,35.984771728515625,7.522575378417969,9.931183815002441,3.110520362854004,0.07551644742488861,0.14112812280654907,0.9035325646400452
5754,38.57160949707031,5.331841945648193,4.199723720550537,2.0749239921569824,0.13809043169021606,0.06176499277353287,0.59807488322258
5755,31.887136459350586,7.416910171508789,3.2127842903137207,2.250332832336426,0.093899205327034,0.043254099786281586,0.685015857219696
5756,33.738765716552734,7.99753475189209,3.65328311920166,2.934786319732666,0.09978006780147552,0.05701027065515518,0.990264892578125
5757,36.51671600341797,14.450386047363281,2.042032480239868,2.5758450031280518,0.21030837297439575,0.034453682601451874,0.8945899903774261
5758,39.37019729614258,12.072212219238281,4.879794120788574,2.366853952407837,0.0622481033205986,0.06756027787923813,0.8295298516750336
5759,43.423091888427734,9.45473575592041,5.5727763175964355,3.7509608268737793,0.08750951290130615,0.07821950316429138,1.135798454284668
5760,33.76047134399414,6.936212539672852,7.290304183959961,2.4263546466827393,0.0928519070148468,0.1250901222229004,0.680242508649826
5761,35.53921890258789,5.643624305725098,4.525910377502441,2.2814130783081055,0.0667184516787529,0.10131242871284485,0.6390538215637207
5762,38.25546646118164,8.271288871765137,2.3172640800476074,2.398333787918091,0.15447144210338593,0.03543448448181152,0.7611554563045502
5763,35.56005859375,7.307693004608154,6.038957118988037,2.062286376953125,0.10134759545326233,0.14456014335155487,0.7556158900260925
5764,26.51628875732422,6.735569000244141,3.434269905090332,2.3467659950256348,0.08583340048789978,0.04939322918653488,0.7815869748592377
5765,23.94548797607422,9.149353981018066,3.223743200302124,2.1690330505371094,0.09791499376296997,0.04027026891708374,0.8356231451034546
5766,31.816972732543945,6.379144668579102,5.32149076461792,2.239699602127075,0.05467420816421509,0.09420208632946014,0.7488605082035065
5767,33.50464630126953,9.545469284057617,3.6631486415863037,2.4187724590301514,0.2375999391078949,0.04225223883986473,0.8294394314289093
5768,35.662689208984375,5.53223180770874,4.9629411697387695,2.6030030250549316,0.08466124534606934,0.07160940766334534,0.9212327003479004
5769,37.69576644897461,7.28591775894165,3.6051018238067627,2.274014711380005,0.07826007902622223,0.05716731399297714,0.6893929839134216
5770,26.942646026611328,14.097176551818848,2.0665500164031982,2.472024917602539,0.08772335946559906,0.03475450724363327,0.8365694284439087
5771,38.766815185546875,6.903365612030029,3.2838308811187744,2.568120002746582,0.07299300283193588,0.03609126806259155,0.7175078392028809
5772,27.873046875,2.901648998260498,1.5606565475463867,2.640742063522339,0.04332252964377403,0.044103652238845825,0.9008243083953857
5773,25.96107292175293,5.489703178405762,3.2995052337646484,2.3995847702026367,0.09675809741020203,0.04301710054278374,0.9204950332641602
5774,31.322460174560547,16.479108810424805,4.524474620819092,2.3198540210723877,0.4167197644710541,0.05482364818453789,0.7873364686965942
5775,36.956844329833984,13.539739608764648,6.3352532386779785,1.950452446937561,0.17062023282051086,0.04049192741513252,0.6492251753807068
5776,21.62667465209961,6.9848432540893555,6.310891628265381,2.6112117767333984,0.10309004038572311,0.10605628788471222,1.1390876770019531
5777,34.26002883911133,8.74988079071045,7.280233860015869,2.1221134662628174,0.09954383969306946,0.15949870645999908,0.6116827726364136
5778,27.924692153930664,8.223794937133789,3.6273744106292725,2.233292579650879,0.09388204663991928,0.05546383187174797,0.8129830956459045
5779,42.62459945678711,12.463757514953613,1.2729426622390747,2.6978585720062256,0.17613598704338074,0.0327206552028656,1.0189964175224304
5780,28.95256233215332,5.622931480407715,6.824160099029541,1.913218379020691,0.07522705942392349,0.13470856845378876,0.6059965789318085
5781,29.227149963378906,2.8921008110046387,3.9979045391082764,2.4984161853790283,0.05070897191762924,0.05878297984600067,0.7411035895347595
5782,59.28238296508789,9.3872652053833,8.335999488830566,2.14145565032959,0.1842421442270279,0.08261379599571228,0.6446100771427155
5783,31.33394432067871,9.525617599487305,3.028252363204956,2.695383310317993,0.1473771333694458,0.07229180634021759,1.023643434047699
5784,39.69786071777344,9.214580535888672,6.656430244445801,2.2114737033843994,0.13103055953979492,0.1418415904045105,0.7164663970470428
5785,28.873510360717773,8.748320579528809,5.722041130065918,2.030045747756958,0.06887615472078323,0.0617532879114151,0.7912252247333527
5786,29.530298233032227,6.660686492919922,4.473791599273682,2.402562141418457,0.13773313164710999,0.036353640258312225,0.8901827335357666
5787,32.141361236572266,7.96662712097168,5.270030975341797,2.175466775894165,0.1824900209903717,0.10857275128364563,0.8729059398174286
5788,34.90240478515625,7.1135382652282715,7.749195575714111,2.2079954147338867,0.1003173440694809,0.11725974082946777,0.7908832132816315
5789,58.297569274902344,9.324362754821777,5.368408679962158,1.965054988861084,0.12819474935531616,0.047495655715465546,0.6669550240039825
5790,30.343544006347656,14.3284273147583,4.7190985679626465,2.2968053817749023,0.10404892265796661,0.04229853302240372,0.8785906434059143
5791,52.934364318847656,7.525437355041504,4.125447750091553,2.284764528274536,0.11184348911046982,0.07448823750019073,0.708959549665451
5792,36.56663131713867,10.139211654663086,6.883914947509766,2.259441614151001,0.09183910489082336,0.07242532074451447,0.8364062607288361
5793,28.321876525878906,17.151548385620117,9.93218994140625,2.4551963806152344,0.14281663298606873,0.17584481835365295,0.6765941083431244
5794,65.99871826171875,4.178483009338379,2.9575252532958984,2.389572858810425,0.054443199187517166,0.032947372645139694,0.711985319852829
5795,50.944129943847656,4.51924991607666,3.2839462757110596,2.288595199584961,0.06169191747903824,0.05427958816289902,0.8000650405883789
5796,39.998809814453125,5.23203706741333,4.947502136230469,2.5547733306884766,0.05256546661257744,0.08503974229097366,0.9314952790737152
5797,38.43450927734375,5.424853801727295,2.730391502380371,2.2360470294952393,0.13629435002803802,0.04206386208534241,0.7592935264110565
5798,32.12898635864258,11.678543090820312,3.1428158283233643,2.1441893577575684,0.13847947120666504,0.06025368720293045,0.6192218661308289
5799,34.73560333251953,13.843358039855957,3.966033935546875,2.4818062782287598,0.10582523047924042,0.05397527664899826,0.901164174079895
5800,31.62168312072754,6.1188249588012695,6.4139485359191895,2.395773410797119,0.04942794144153595,0.11375482380390167,0.6675319373607635
5801,55.269222259521484,13.844633102416992,2.4241697788238525,2.3147644996643066,0.1245659589767456,0.03659932315349579,0.8667691349983215
5802,35.581398010253906,4.6173481941223145,10.221948623657227,2.2345101833343506,0.051354050636291504,0.12740686535835266,0.6611846089363098
5803,46.163543701171875,14.8763427734375,1.833219289779663,2.6793627738952637,0.1676936149597168,0.028001241385936737,0.9053990840911865
5804,39.98710632324219,3.1032071113586426,5.13503360748291,2.4575414657592773,0.058968137949705124,0.07340307533740997,0.9874538779258728
5805,29.506433486938477,8.714766502380371,1.5247007608413696,2.8028650283813477,0.12639890611171722,0.04629221558570862,1.026716411113739
5806,38.344600677490234,8.776562690734863,4.260040283203125,1.9596539735794067,0.08625512570142746,0.04285372421145439,0.6921338140964508
5807,40.6446418762207,8.176016807556152,6.670512676239014,2.187223196029663,0.13338026404380798,0.06782285869121552,0.7390219569206238
5808,57.86342239379883,11.555182456970215,3.491853952407837,2.2831456661224365,0.13230934739112854,0.0555313378572464,0.6400090754032135
5809,42.4637565612793,8.869791984558105,6.45981502532959,2.4562227725982666,0.1096794605255127,0.09954065084457397,0.8883485198020935
5810,45.944786071777344,4.273183345794678,2.8696799278259277,2.6443140506744385,0.04660893604159355,0.03892764449119568,0.9433212280273438
5811,65.8994369506836,4.225347995758057,6.012453556060791,2.711021661758423,0.04498013108968735,0.06626886874437332,0.829212874174118
5812,36.60619354248047,4.945253372192383,4.537520885467529,2.2209980487823486,0.0611518919467926,0.08155536651611328,0.7750526070594788
5813,29.93625259399414,5.173523426055908,3.7782866954803467,2.1603565216064453,0.05022726580500603,0.06197240203619003,0.6405289769172668
5814,37.85498809814453,4.865389823913574,6.047489166259766,2.881361722946167,0.05264678969979286,0.08107440173625946,0.9116523265838623
5815,34.61420440673828,11.735857009887695,4.7188615798950195,3.1001365184783936,0.1691247820854187,0.07248505204916,1.0229511260986328
5816,35.84523391723633,4.310196399688721,6.923375129699707,2.2464702129364014,0.05175389349460602,0.11715081334114075,0.56516894698143
5817,28.933122634887695,12.810056686401367,2.676379680633545,2.067673921585083,0.16449978947639465,0.04041311889886856,0.7728390991687775
5818,36.75888442993164,12.61521053314209,6.813360691070557,2.313697338104248,0.10604068636894226,0.10291675478219986,0.6389093399047852
5819,40.26737594604492,16.205808639526367,5.767309188842773,2.202024459838867,0.15312057733535767,0.04581126943230629,0.6924915015697479
5820,28.486709594726562,5.6953582763671875,5.226627826690674,2.7018134593963623,0.0701696127653122,0.06094075366854668,1.0172775983810425
5821,36.68795394897461,4.242922782897949,3.9470930099487305,2.3176724910736084,0.09101779758930206,0.06192407011985779,0.7141422033309937
5822,29.429916381835938,9.242985725402832,8.36186695098877,2.4783618450164795,0.11630755662918091,0.0787646621465683,0.9128751158714294
5823,20.30626106262207,6.538829326629639,7.714717388153076,1.9763567447662354,0.09569503366947174,0.15540626645088196,0.6581730544567108
5824,37.94325256347656,8.399486541748047,3.985382080078125,2.277235269546509,0.07167410850524902,0.06481640785932541,0.7575778067111969
5825,43.418724060058594,10.472163200378418,2.806943416595459,2.21966552734375,0.08203990757465363,0.03859139606356621,0.7249080836772919
5826,43.33552932739258,9.218539237976074,5.795050144195557,2.416327476501465,0.08653570711612701,0.12985411286354065,0.695928543806076
5827,25.161956787109375,6.862617015838623,6.085637092590332,1.97938871383667,0.10310684144496918,0.08715660125017166,0.6185624003410339
5828,24.733217239379883,7.674468994140625,4.411101341247559,2.658076286315918,0.182516410946846,0.05718892067670822,1.028057038784027
5829,34.13276672363281,12.497727394104004,4.602824687957764,2.335925579071045,0.11137887835502625,0.05912488326430321,0.7236228287220001
5830,53.242130279541016,9.624650955200195,1.9032841920852661,3.0245814323425293,0.1422359198331833,0.031158611178398132,0.7897486388683319
5831,33.65816116333008,5.7360382080078125,4.572616100311279,2.5050692558288574,0.0897354781627655,0.06441731750965118,0.8451708555221558
5832,38.59688949584961,10.600370407104492,5.176383018493652,2.12603497505188,0.090678870677948,0.0664406418800354,0.7175233364105225
5833,23.648555755615234,14.972772598266602,7.39449405670166,2.550896167755127,0.12056907266378403,0.11543096601963043,0.8354322016239166
5834,42.7808837890625,4.067984580993652,2.389742374420166,2.099818229675293,0.04989497363567352,0.05755852907896042,0.6800210475921631
5835,23.73401641845703,11.063104629516602,3.22955060005188,2.4857826232910156,0.19345712661743164,0.0487867146730423,0.9576206803321838
5836,26.496313095092773,21.803874969482422,1.9284474849700928,2.6549320220947266,0.5804865956306458,0.036485396325588226,0.753023236989975
5837,48.30668640136719,7.991194248199463,4.333175182342529,2.8755991458892822,0.07433056086301804,0.044021181762218475,0.9789315164089203
5838,23.494474411010742,4.4933905601501465,4.232871055603027,1.9910171031951904,0.06647086888551712,0.12335155159235,0.679627537727356
5839,36.768707275390625,11.375909805297852,8.19320297241211,2.3241915702819824,0.1126733124256134,0.06439179927110672,0.8763768076896667
5840,34.1531867980957,6.524770259857178,1.9963781833648682,2.2026288509368896,0.07884688675403595,0.041463710367679596,0.7652088105678558
5841,29.88625144958496,5.806181907653809,3.651482582092285,2.5354654788970947,0.06632538139820099,0.03520142287015915,0.9277704954147339
5842,26.39057731628418,5.035297393798828,7.561366558074951,2.463775396347046,0.06618686020374298,0.10588519275188446,0.7704072594642639
5843,84.71221160888672,10.682172775268555,10.092377662658691,2.6530673503875732,0.10938207060098648,0.1939876675605774,0.9312502294778824
5844,32.3133544921875,12.992755889892578,4.678648948669434,2.625102996826172,0.19846943020820618,0.0481560118496418,0.8769052028656006
5845,26.884471893310547,10.85505485534668,2.274712324142456,2.776402473449707,0.10103876888751984,0.041293807327747345,1.1542352735996246
5846,44.50914764404297,5.2811784744262695,8.086856842041016,2.4721951484680176,0.08544667065143585,0.057912588119506836,0.8558489978313446
5847,32.475154876708984,5.158380031585693,7.999204158782959,1.9573146104812622,0.033372942358255386,0.10217660665512085,0.6037467867136002
5848,42.543766021728516,8.795269966125488,8.935537338256836,2.3230605125427246,0.11902405321598053,0.1254408210515976,0.7787103354930878
5849,35.169586181640625,6.908415794372559,4.956995487213135,4.129745960235596,0.07713309675455093,0.06102826073765755,1.5019569396972656
5850,46.342647552490234,6.963634490966797,3.6373109817504883,2.387523651123047,0.06079626828432083,0.05659552663564682,0.8225443363189697
5851,38.61952590942383,4.947699546813965,3.401320219039917,2.5812172889709473,0.05545998364686966,0.04412670433521271,0.7009085118770599
5852,49.316532135009766,9.728893280029297,2.0860443115234375,2.7202770709991455,0.14035508036613464,0.039724498987197876,0.9778916537761688
5853,46.43894577026367,8.768259048461914,2.9422168731689453,3.2109923362731934,0.05711837857961655,0.03427034616470337,0.8184761703014374
5854,40.75128173828125,10.554491996765137,2.1456563472747803,2.539918899536133,0.10615943372249603,0.039241500198841095,0.8553055822849274
5855,38.73295211791992,7.685518741607666,2.492769956588745,2.4428207874298096,0.1249481588602066,0.03819432854652405,0.729366809129715
5856,41.42387390136719,16.561635971069336,10.196944236755371,2.318303346633911,0.13637667894363403,0.0941242128610611,0.6181540489196777
5857,34.038177490234375,6.780043125152588,4.367340564727783,2.1875462532043457,0.08804240077733994,0.06925442069768906,0.6681239306926727
5858,89.26746368408203,7.3562846183776855,1.9705737829208374,2.463099956512451,0.07953964173793793,0.037001822143793106,0.7592858970165253
5859,31.240331649780273,10.342039108276367,7.11274528503418,1.861515760421753,0.08042074739933014,0.07353642582893372,0.5873368084430695
5860,41.92466354370117,7.679060935974121,4.44313383102417,2.2489001750946045,0.1017199382185936,0.048122067004442215,0.7523242831230164
5861,49.35061264038086,7.524649620056152,10.698687553405762,2.2926361560821533,0.09289418160915375,0.1160048320889473,0.8171670436859131
5862,50.14363098144531,9.823444366455078,5.707513809204102,2.2475130558013916,0.1288529932498932,0.12532654404640198,0.6506476104259491
5863,44.564918518066406,9.596004486083984,4.83062219619751,1.9339631795883179,0.13584797084331512,0.10438968241214752,0.5824718475341797
5864,39.20257568359375,9.262822151184082,3.921260118484497,2.4820480346679688,0.08639340102672577,0.04811062663793564,0.9032948315143585
5865,37.232208251953125,7.07879114151001,5.781014919281006,2.367680072784424,0.06580840796232224,0.08579034358263016,0.8532644808292389
5866,38.89576721191406,8.187210083007812,7.6690778732299805,2.6212964057922363,0.07227291911840439,0.1455470621585846,0.8762737810611725
5867,31.369728088378906,8.326395988464355,4.045051097869873,2.4844272136688232,0.17257997393608093,0.05184019356966019,0.9794118106365204
5868,44.30210494995117,9.331911087036133,5.978436470031738,2.3587207794189453,0.06921688467264175,0.10970919579267502,0.6867475509643555
5869,25.083547592163086,7.0039825439453125,5.632644176483154,2.212679624557495,0.11309711635112762,0.204408198595047,0.7016817033290863
5870,24.255470275878906,3.5545504093170166,1.6784863471984863,2.8812685012817383,0.06399838626384735,0.050515007227659225,1.0634012818336487
5871,41.3740234375,11.813977241516113,7.676345348358154,1.7712849378585815,0.09444165229797363,0.21315370500087738,0.5538326352834702
5872,31.73403549194336,6.668864727020264,6.7923760414123535,2.0478012561798096,0.05327137932181358,0.053679533302783966,0.6846759617328644
5873,38.5238037109375,2.638368606567383,4.704663276672363,2.335312604904175,0.030993200838565826,0.06274469196796417,0.6941706538200378
5874,54.40864181518555,12.34418773651123,3.6127078533172607,3.0895559787750244,0.13859933614730835,0.042210906744003296,1.1872259378433228
5875,33.14548110961914,5.79487419128418,5.241872787475586,2.5240883827209473,0.06394600868225098,0.0802716612815857,0.7391489446163177
5876,38.473777770996094,9.375712394714355,1.9347363710403442,2.908005475997925,0.10408845543861389,0.045100271701812744,0.8775810599327087
5877,30.658302307128906,5.352954387664795,4.577826499938965,1.968084692955017,0.056233495473861694,0.06730196624994278,0.6511042714118958
5878,33.64789581298828,13.951436996459961,4.786247253417969,2.1047205924987793,0.12558546662330627,0.0829210877418518,0.6958034634590149
5879,77.55313110351562,5.169805526733398,2.884279727935791,2.1005613803863525,0.058603353798389435,0.03857335448265076,0.6743839979171753
5880,111.66197204589844,7.094244956970215,1.5308324098587036,2.6269967555999756,0.07089672982692719,0.02452777326107025,0.7411633133888245
5881,47.90968322753906,8.810294151306152,5.376455307006836,2.211937665939331,0.07827518880367279,0.04547691345214844,0.6488256752490997
5882,73.14946746826172,10.116776466369629,5.520431995391846,2.182785987854004,0.06834076344966888,0.0806737020611763,0.8609720468521118
5883,40.62372589111328,6.809666156768799,4.514294147491455,2.4137814044952393,0.05692463368177414,0.04967305809259415,0.7353855073451996
5884,53.513145446777344,8.00631332397461,3.64266300201416,3.5228397846221924,0.06020898371934891,0.044915422797203064,1.117302119731903
5885,32.816558837890625,9.418387413024902,5.131968021392822,2.28285551071167,0.08121708035469055,0.06393841654062271,0.7660478055477142
5886,43.855438232421875,5.629522323608398,5.334954261779785,2.4928808212280273,0.04446519911289215,0.0649670660495758,0.7442863583564758
5887,48.07080841064453,3.4976871013641357,3.6990742683410645,3.007946729660034,0.04111606627702713,0.04279280826449394,0.7937411963939667
5888,45.16082000732422,3.989231824874878,4.729648590087891,2.851771354675293,0.03812326490879059,0.054115042090415955,0.7600550651550293
5889,55.602874755859375,3.561694383621216,6.9901509284973145,3.238837957382202,0.05522976815700531,0.09153854846954346,1.102236270904541
5890,39.33171844482422,9.870591163635254,2.992849826812744,2.7562599182128906,0.1587219536304474,0.042934734374284744,0.8183951377868652
5891,35.87679672241211,6.177314281463623,7.105065822601318,2.0552241802215576,0.10544496774673462,0.1930519938468933,0.698493480682373
5892,31.810779571533203,8.79598617553711,6.1390910148620605,2.1849300861358643,0.15783078968524933,0.10796995460987091,0.7500098049640656
5893,23.093523025512695,5.721861839294434,2.90447735786438,2.5303452014923096,0.06917480379343033,0.04484692960977554,0.932447761297226
5894,52.650794982910156,4.5674967765808105,4.590578556060791,2.8548951148986816,0.07317723333835602,0.06113066151738167,0.9735074043273926
5895,44.959598541259766,7.068287372589111,4.4515533447265625,2.2580924034118652,0.08226630836725235,0.08800885081291199,0.5084257423877716
5896,32.4426383972168,6.290424823760986,4.284012317657471,2.7332801818847656,0.053247418254613876,0.04314055293798447,0.8565191328525543
5897,25.341236114501953,5.089808940887451,3.1699154376983643,2.5985629558563232,0.06798671185970306,0.04357793182134628,0.9702401459217072
5898,62.77802276611328,6.057156562805176,4.736817359924316,2.4560329914093018,0.08870051801204681,0.04034300893545151,0.6861586570739746
5899,33.62358093261719,10.385714530944824,8.971532821655273,2.829418182373047,0.15127861499786377,0.12171469628810883,0.9338187873363495
5900,71.25697326660156,10.103044509887695,9.047140121459961,2.4998371601104736,0.06275369226932526,0.11639248579740524,0.5776940286159515
5901,31.22547149658203,6.309913158416748,4.845465183258057,2.6799662113189697,0.11597630381584167,0.04963970184326172,0.8560487627983093
5902,40.94023895263672,8.331069946289062,4.968801975250244,1.9955534934997559,0.09352779388427734,0.06723641604185104,0.6281883120536804
5903,40.82816696166992,10.983696937561035,8.83655834197998,2.510152578353882,0.06699169427156448,0.11029680073261261,0.9327158629894257
5904,43.39651870727539,10.187493324279785,5.120706081390381,2.478881597518921,0.12361270189285278,0.06831562519073486,0.7588204145431519
5905,37.14032745361328,11.877787590026855,2.501413106918335,2.5215718746185303,0.14218848943710327,0.04396745190024376,0.7448741793632507
5906,23.42845344543457,4.396579742431641,4.8783979415893555,3.0432612895965576,0.11016657203435898,0.0737808421254158,1.2551606893539429
5907,38.232818603515625,8.016390800476074,5.428727149963379,2.0607314109802246,0.07808023691177368,0.15851560235023499,0.7585418224334717
5908,27.88563346862793,6.313385009765625,3.31791090965271,2.630767345428467,0.05526329576969147,0.04922877252101898,0.8372291624546051
5909,26.98393440246582,9.92291259765625,3.8165431022644043,2.0525875091552734,0.14959076046943665,0.04363903030753136,0.6223459839820862
5910,27.432104110717773,6.700063228607178,4.624520778656006,2.8438687324523926,0.058926455676555634,0.06237982213497162,1.1832985281944275
5911,28.32921600341797,8.665556907653809,4.119997501373291,3.282017707824707,0.1908561736345291,0.054433561861515045,1.2416757941246033
5912,27.31145477294922,6.644086837768555,5.081445217132568,2.235745906829834,0.11334513127803802,0.06503593921661377,0.7401145100593567
5913,24.287202835083008,6.847968578338623,9.109682083129883,2.4924559593200684,0.10988137125968933,0.08128509670495987,0.915830671787262
5914,39.6195068359375,4.2634382247924805,3.539340019226074,2.5188591480255127,0.06423511356115341,0.058279938995838165,0.6798685491085052
5915,36.1593017578125,6.530170440673828,6.931497573852539,2.2997124195098877,0.06396403908729553,0.22417640686035156,0.6595926284790039
5916,39.016082763671875,12.324736595153809,5.102764129638672,2.605710506439209,0.08242405951023102,0.06115772947669029,0.7964649498462677
5917,35.22791290283203,19.51212501525879,1.778939962387085,2.2742483615875244,0.3583561182022095,0.039428263902664185,0.6968724727630615
5918,50.524410247802734,4.861911296844482,12.442825317382812,2.9553539752960205,0.050578873604536057,0.08975356072187424,0.7986448109149933
5919,33.25139617919922,6.95089864730835,2.6582911014556885,2.637786865234375,0.06956084072589874,0.04322875291109085,0.8006367087364197
5920,36.93010711669922,3.711390972137451,2.8463265895843506,2.759148359298706,0.053587157279253006,0.04630160704255104,0.9744031429290771
5921,38.94301223754883,9.326281547546387,7.395663738250732,2.5466442108154297,0.06637953966856003,0.07088949531316757,1.0495407581329346
5922,29.176944732666016,7.832070827484131,6.217633247375488,1.9949849843978882,0.13605064153671265,0.08698545396327972,0.7372056841850281
5923,29.034250259399414,6.328390598297119,2.8040060997009277,2.623216390609741,0.06894288212060928,0.03949011117219925,0.9595344066619873
5924,43.10862731933594,5.544753551483154,5.60667085647583,2.880207061767578,0.08766677975654602,0.061299167573451996,0.8542167842388153
5925,25.51805305480957,5.725308895111084,4.083077430725098,1.853564977645874,0.0824977234005928,0.04128056764602661,0.5405139923095703
5926,33.16581344604492,10.145075798034668,4.311008453369141,2.5466220378875732,0.08683010190725327,0.038248203694820404,0.7132919728755951
5927,53.41615676879883,5.721476078033447,4.380836486816406,2.218257427215576,0.09917548298835754,0.04870225861668587,0.7159240245819092
5928,48.57126235961914,1.311591386795044,1.862418532371521,2.755653142929077,0.02568945847451687,0.03222097083926201,0.8549216091632843
5929,45.5113639831543,4.751850128173828,2.4239799976348877,2.524242639541626,0.0542413592338562,0.03848192095756531,0.7763474881649017
5930,44.17393493652344,5.2494683265686035,3.4439988136291504,2.330746650695801,0.033726874738931656,0.03581888973712921,0.6223852932453156
5931,45.89492416381836,4.013059139251709,2.8878729343414307,2.0080318450927734,0.06582189351320267,0.046733755618333817,0.5566276907920837
5932,42.51313400268555,9.28626823425293,3.604130983352661,2.4312186241149902,0.08012443035840988,0.03444928675889969,0.7785716354846954
5933,55.76505661010742,8.38046932220459,7.311897277832031,2.503598213195801,0.06266950815916061,0.07596510648727417,0.8114874064922333
5934,48.01369094848633,2.518038511276245,4.629466533660889,3.223712921142578,0.027108076959848404,0.04389144480228424,0.7688271701335907
5935,27.644376754760742,12.75037670135498,4.672706127166748,2.4928271770477295,0.11380312591791153,0.0777062252163887,0.9547524750232697
5936,37.001426696777344,3.20672869682312,4.749473571777344,2.91787052154541,0.04996422678232193,0.05586845800280571,1.0576287806034088
5937,67.37809753417969,5.485976696014404,9.38322925567627,2.319408416748047,0.06163863092660904,0.17878806591033936,0.7293254137039185
5938,43.20535659790039,4.133337020874023,5.701499938964844,2.6203818321228027,0.040617138147354126,0.06432836502790451,0.7956638932228088
5939,37.609073638916016,9.49586009979248,4.835844993591309,2.744974136352539,0.18583989143371582,0.10354544222354889,0.8796214759349823
5940,29.795133590698242,11.703726768493652,7.503847599029541,2.254236936569214,0.10168525576591492,0.11002346128225327,0.6744564771652222
5941,28.68514633178711,3.992263078689575,3.9648876190185547,2.8537659645080566,0.046997420489788055,0.05001440644264221,0.8474594950675964
5942,37.59548568725586,6.889939308166504,8.421586990356445,2.124413013458252,0.08867986500263214,0.10284674167633057,0.6463792622089386
5943,41.926063537597656,5.065305233001709,3.8038177490234375,2.4277329444885254,0.03752387315034866,0.04704169183969498,0.6752762198448181
5944,28.641267776489258,6.590389251708984,6.343594551086426,2.8631484508514404,0.10504069179296494,0.08339753746986389,1.1886942088603973
5945,37.64078903198242,6.971514701843262,2.4160211086273193,2.92748761177063,0.03606649488210678,0.03891032561659813,0.9169167876243591
5946,30.6944522857666,11.385003089904785,4.759735584259033,2.5723142623901367,0.12162944674491882,0.08531022071838379,0.8276987671852112
5947,47.428802490234375,7.059994697570801,4.402666091918945,2.4289071559906006,0.05771011859178543,0.08933290839195251,0.7084785401821136
5948,35.478515625,10.313279151916504,9.193827629089355,2.4680936336517334,0.0935588926076889,0.20630715787410736,0.8168763816356659
5949,37.09822082519531,2.8320255279541016,6.77221155166626,2.374762535095215,0.035878218710422516,0.06813440471887589,0.7868290841579437
5950,48.15802764892578,10.822272300720215,3.712766408920288,2.4752488136291504,0.11866232007741928,0.06410489976406097,0.8027077317237854
5951,26.70833969116211,8.807875633239746,6.235937118530273,2.108588218688965,0.09723273664712906,0.10057202726602554,0.7236635386943817
5952,27.74106788635254,7.831364154815674,5.8563714027404785,2.7299983501434326,0.08952879905700684,0.05305931717157364,0.9519493579864502
5953,32.794803619384766,8.84769344329834,1.932231068611145,2.6625986099243164,0.1322203278541565,0.0327543243765831,0.8793962597846985
5954,29.04084587097168,7.611172676086426,4.882593631744385,1.5770742893218994,0.03841670602560043,0.06659183651208878,0.5555709153413773
5955,37.1977653503418,4.499443531036377,5.126099586486816,2.2016351222991943,0.06604772806167603,0.14179523289203644,0.6036023795604706
5956,32.47891616821289,5.37338924407959,2.8715455532073975,2.5502209663391113,0.11119569092988968,0.048834674060344696,0.9335064888000488
5957,43.45977020263672,19.17519760131836,9.463725090026855,2.149402618408203,0.2656877040863037,0.17520862817764282,0.5328699946403503
5958,42.224666595458984,6.1191792488098145,4.091498851776123,2.180136203765869,0.06335882842540741,0.06325431913137436,0.7095474004745483
5959,31.808992385864258,5.528474807739258,7.160329341888428,1.9133697748184204,0.0777505487203598,0.18143662810325623,0.6610419452190399
5960,45.54438018798828,4.3854827880859375,3.462963819503784,2.7290544509887695,0.043129779398441315,0.03280888870358467,0.8267273008823395
5961,52.91893005371094,14.425868034362793,7.499509334564209,2.152371406555176,0.11918646097183228,0.08006341755390167,0.684027761220932
5962,139.20167541503906,3.8744571208953857,11.317490577697754,2.5382492542266846,0.03982383385300636,0.1656179577112198,0.7863697409629822
5963,60.354942321777344,3.959868907928467,4.586004257202148,2.484330654144287,0.04069407284259796,0.03850085288286209,0.7549309730529785
5964,29.847810745239258,9.005658149719238,2.3072047233581543,2.720273494720459,0.14059780538082123,0.04039211571216583,0.8792430758476257
5965,27.201690673828125,11.533379554748535,3.337218761444092,2.5297136306762695,0.0850609689950943,0.05935635790228844,0.8137233853340149
5966,34.43461608886719,9.38906478881836,7.042733669281006,2.4566650390625,0.0929938405752182,0.08334154635667801,0.9035939872264862
5967,39.05708312988281,9.105490684509277,3.776472806930542,2.7161922454833984,0.11879940330982208,0.05471261218190193,0.9323450922966003
5968,43.956626892089844,10.673022270202637,3.551077365875244,3.2702136039733887,0.10187219083309174,0.052128180861473083,1.19500070810318
5969,30.796018600463867,5.857273578643799,1.7662526369094849,2.73319411277771,0.058285415172576904,0.038257695734500885,0.9183092713356018
5970,33.241641998291016,6.047084808349609,2.9230611324310303,2.116777181625366,0.06911666691303253,0.04341082274913788,0.633091002702713
5971,29.413883209228516,9.33654499053955,2.617570638656616,2.8914103507995605,0.061973825097084045,0.03917086869478226,1.0768224000930786
5972,33.65552520751953,9.065095901489258,2.326651096343994,2.3150386810302734,0.0657237321138382,0.04219468683004379,0.853443056344986
5973,40.0079460144043,7.6757049560546875,7.157837867736816,2.6753780841827393,0.08719845861196518,0.0718870609998703,0.8833012878894806
5974,44.71371078491211,3.8487138748168945,2.5956544876098633,2.1670713424682617,0.06925157457590103,0.037528231739997864,0.7313554883003235
5975,34.842041015625,17.4755802154541,4.820474624633789,2.5625383853912354,0.21297435462474823,0.06814757734537125,0.6997341811656952
5976,44.26415252685547,3.13645076751709,8.892949104309082,2.9773647785186768,0.03813747689127922,0.09617838263511658,0.8119069933891296
5977,30.333847045898438,2.2718591690063477,6.580984592437744,2.5290489196777344,0.034662678837776184,0.10884775966405869,0.7352288365364075
5978,36.00590133666992,5.850449085235596,2.0771217346191406,2.924755096435547,0.06666455417871475,0.0324220173060894,0.9747306108474731
5979,38.85417556762695,6.308602809906006,1.8081258535385132,3.0337681770324707,0.042916979640722275,0.03239184990525246,0.8662533462047577
5980,55.92778396606445,5.335031509399414,7.760836124420166,3.4693803787231445,0.04374140501022339,0.13595926761627197,0.9072179198265076
5981,59.481719970703125,11.222367286682129,5.413790225982666,2.5105297565460205,0.12229714542627335,0.06382226943969727,0.8567509651184082
5982,29.47125244140625,8.82158088684082,11.524155616760254,2.6185855865478516,0.13482986390590668,0.12896563112735748,0.8120128512382507
5983,40.77101516723633,4.488147258758545,3.9369215965270996,2.131263494491577,0.045269861817359924,0.05155228078365326,0.6918195486068726
5984,31.95541763305664,8.539380073547363,1.837443470954895,2.6392571926116943,0.12249644845724106,0.036455921828746796,0.7702937126159668
5985,39.72219467163086,10.995806694030762,9.217765808105469,2.3575899600982666,0.11538103967905045,0.2176126092672348,0.6748689115047455
5986,42.131805419921875,13.1829195022583,5.315723896026611,2.07542085647583,0.21138598024845123,0.045028164982795715,0.6089315712451935
5987,39.39066696166992,4.66419792175293,3.205934762954712,2.434605360031128,0.08250698447227478,0.04009877145290375,0.8943347930908203
5988,36.35902404785156,6.508991718292236,2.666804075241089,3.1708099842071533,0.12704560160636902,0.032976534217596054,1.1866954565048218
5989,33.486610412597656,6.399765491485596,6.103367328643799,2.498568058013916,0.09125153720378876,0.04449945688247681,0.7524581551551819
5990,57.39331817626953,8.916362762451172,7.677258491516113,2.037281036376953,0.07895071804523468,0.16209666430950165,0.5233920812606812
5991,41.00437927246094,7.013720512390137,11.199459075927734,1.5243502855300903,0.057934150099754333,0.3070473074913025,0.5573519766330719
5992,44.0484733581543,13.68360424041748,7.455835342407227,1.9650158882141113,0.12216674536466599,0.10958242416381836,0.7338597774505615
5993,29.568588256835938,4.78455924987793,6.08212423324585,2.0575666427612305,0.03899219632148743,0.1732562780380249,0.7290019989013672
5994,44.96702194213867,7.047605991363525,14.861865043640137,1.781252384185791,0.04661170020699501,0.09345647692680359,0.5523230731487274
5995,46.380035400390625,4.903583526611328,5.310253620147705,2.374798059463501,0.0442277155816555,0.056749992072582245,0.8538917303085327
5996,40.67750930786133,14.50479507446289,8.112553596496582,2.3387176990509033,0.3387897312641144,0.07601545751094818,0.6827457249164581
5997,64.22462463378906,2.0178143978118896,3.623591661453247,2.6064305305480957,0.03533674404025078,0.05124641954898834,0.8097810745239258
5998,44.63154983520508,3.673590660095215,6.347753524780273,2.5947792530059814,0.03846118226647377,0.09336362779140472,0.9142118394374847
5999,30.715970993041992,3.9481112957000732,6.41799259185791,3.3896844387054443,0.046834103763103485,0.06147097051143646,1.089006632566452
6000,60.82547378540039,9.732402801513672,3.786574602127075,2.442645311355591,0.07751814275979996,0.045962460339069366,0.7602424323558807
6001,26.040584564208984,2.706193685531616,5.7250075340271,2.2583765983581543,0.040071457624435425,0.10676351189613342,0.7639985978603363
6002,36.31920623779297,11.88839340209961,8.744368553161621,2.478137254714966,0.1751253753900528,0.13852323591709137,0.73664790391922
6003,37.335567474365234,8.283378601074219,6.008414268493652,2.0572469234466553,0.0755007192492485,0.07107225805521011,0.6785396337509155
6004,38.072364807128906,11.299294471740723,9.98594856262207,2.068037509918213,0.160263791680336,0.0819486752152443,0.7978597283363342
6005,33.71821594238281,6.6831183433532715,5.844505310058594,2.6805202960968018,0.11816595494747162,0.05469459295272827,0.9230783581733704
6006,45.307533264160156,5.275224685668945,2.696481704711914,2.7083334922790527,0.05490011349320412,0.0628281980752945,0.8167378008365631
6007,30.768611907958984,4.888185977935791,4.157979488372803,2.1743342876434326,0.05232079327106476,0.05495208129286766,0.7925006151199341
6008,47.16192626953125,6.237367153167725,2.16921067237854,2.461996555328369,0.11213637888431549,0.036961689591407776,0.8189875185489655
6009,64.61709594726562,7.907344341278076,7.226318836212158,2.391507387161255,0.10160663723945618,0.1710851490497589,0.6253854632377625
6010,27.760147094726562,4.036879539489746,4.168469429016113,2.0705084800720215,0.0401621088385582,0.032868191599845886,0.6806322336196899
6011,42.122901916503906,5.438501834869385,2.096489667892456,2.6788954734802246,0.05687675625085831,0.028956353664398193,0.8840628862380981
6012,37.59593200683594,6.007950305938721,2.2252230644226074,2.7996256351470947,0.06109273433685303,0.03375399112701416,0.8151676654815674
6013,36.61783218383789,6.8616509437561035,8.398109436035156,2.6192619800567627,0.08907351642847061,0.18510043621063232,0.6653895974159241
6014,57.571109771728516,5.8971686363220215,4.543488025665283,1.9970964193344116,0.050543516874313354,0.06775225698947906,0.6633130609989166
6015,35.472293853759766,3.9258031845092773,6.51007604598999,2.8036258220672607,0.036334551870822906,0.07790990173816681,0.7883155643939972
6016,61.67360305786133,6.23149299621582,5.486047744750977,2.184481620788574,0.05926021188497543,0.11383797973394394,0.8529063761234283
6017,41.508644104003906,11.238805770874023,3.0901293754577637,2.9011950492858887,0.09248846769332886,0.054859697818756104,0.8817119002342224
6018,102.4237289428711,12.689652442932129,7.156635761260986,2.4068446159362793,0.07591244578361511,0.0610988512635231,0.6871977150440216
6019,40.650028228759766,15.021866798400879,10.081306457519531,1.9434304237365723,0.12122446298599243,0.13056693971157074,0.6610099971294403
6020,45.04568862915039,4.831423759460449,2.1416096687316895,2.8619418144226074,0.04144477844238281,0.04052381217479706,0.9258540868759155
6021,47.06764221191406,15.538837432861328,3.5836265087127686,2.5253612995147705,0.11364813894033432,0.05761118605732918,0.7786387205123901
6022,42.710182189941406,12.962234497070312,2.611886978149414,2.7495665550231934,0.17186982929706573,0.03753628581762314,0.7838669717311859
6023,31.237619400024414,6.453463554382324,5.290991306304932,2.88706111907959,0.06498957425355911,0.06305305659770966,0.9426500797271729
6024,52.681976318359375,9.345772743225098,4.448572635650635,2.5339858531951904,0.08888701349496841,0.0680614486336708,0.7756184935569763
6025,37.78661346435547,7.967288970947266,4.170596122741699,2.1690940856933594,0.11604829132556915,0.062670037150383,0.6759767830371857
6026,24.050880432128906,9.853598594665527,6.365222454071045,2.6176977157592773,0.1430586278438568,0.12807613611221313,0.8217902481555939
6027,49.777034759521484,3.8659965991973877,3.5359091758728027,2.4958555698394775,0.05544660612940788,0.040200091898441315,0.8484511077404022
6028,42.81522750854492,8.438176155090332,9.312273979187012,2.3655076026916504,0.11359299719333649,0.10189496725797653,0.7416685521602631
6029,29.06166648864746,9.157748222351074,7.10519552230835,2.026310920715332,0.16588611900806427,0.17165076732635498,0.7359524965286255
6030,32.61201095581055,10.631524085998535,5.407807350158691,2.234959363937378,0.08328737318515778,0.07795992493629456,0.7890369594097137
6031,31.858442306518555,9.271623611450195,9.684845924377441,1.9689345359802246,0.09040194749832153,0.2543429732322693,0.877021312713623
6032,50.84933853149414,5.825956344604492,5.370850563049316,2.431621551513672,0.05110345780849457,0.07429514825344086,0.9039886593818665
6033,34.103878021240234,8.3110990524292,6.453808307647705,2.0772488117218018,0.08818553388118744,0.07612909376621246,0.7747007310390472
6034,47.74175262451172,4.45582914352417,4.185420513153076,2.5774178504943848,0.0479140430688858,0.07071555405855179,0.7986137568950653
6035,28.410024642944336,5.044144630432129,5.0928168296813965,2.957834243774414,0.061998043209314346,0.0640183538198471,0.8083074390888214
6036,33.28565979003906,10.311827659606934,2.96737003326416,2.7808361053466797,0.11465150117874146,0.04110885411500931,0.9046137034893036
6037,55.70178985595703,4.658965587615967,6.052023887634277,2.6779186725616455,0.043509118258953094,0.0726659968495369,0.6136221289634705
6038,29.76833152770996,11.547000885009766,6.494085788726807,2.45809268951416,0.23796017467975616,0.0841180607676506,0.7838671207427979
6039,44.46064376831055,4.7796711921691895,6.192134380340576,2.0290095806121826,0.0348472036421299,0.07312992215156555,0.5305027961730957
6040,29.32640266418457,3.504849433898926,6.647343158721924,2.409214973449707,0.056289009749889374,0.10463736951351166,0.7352639436721802
6041,23.35947608947754,4.476156234741211,3.2030954360961914,2.9730184078216553,0.09939185529947281,0.047152746468782425,1.0939132869243622
6042,29.614782333374023,7.037922382354736,3.917886734008789,2.500602960586548,0.056538909673690796,0.0344567634165287,0.7710060477256775
6043,45.75644302368164,12.312137603759766,5.509502410888672,2.1427175998687744,0.15316513180732727,0.06868734955787659,0.7544547021389008
6044,36.267765045166016,4.122473239898682,3.2071774005889893,2.6388440132141113,0.07555536925792694,0.06603383272886276,1.0389742851257324
6045,45.969879150390625,6.715640068054199,6.344159126281738,2.1724624633789062,0.05716009438037872,0.06331438571214676,0.6622794270515442
6046,38.45295333862305,7.2077226638793945,4.511285781860352,2.349790334701538,0.05262645334005356,0.05681901425123215,0.7455830276012421
6047,75.33393096923828,15.694114685058594,3.19905161857605,2.4490678310394287,0.1767035722732544,0.06348210573196411,0.7386914193630219
6048,61.338134765625,6.799310207366943,2.3830580711364746,2.4782824516296387,0.07164463400840759,0.0366542786359787,0.6737484633922577
6049,33.12119674682617,7.694782733917236,5.071183204650879,3.29725980758667,0.11375108361244202,0.05751487985253334,1.254460871219635
6050,46.39576721191406,6.056005001068115,3.0053470134735107,2.7944705486297607,0.05508530139923096,0.05223836004734039,1.0461264848709106
6051,53.616241455078125,5.820537567138672,1.6755852699279785,2.3995962142944336,0.04981965571641922,0.031245699152350426,0.7328669130802155
6052,37.85319137573242,5.842437267303467,4.614550590515137,1.9419748783111572,0.09351763129234314,0.04689904674887657,0.5926566421985626
6053,50.86739730834961,5.071659564971924,2.7033538818359375,2.8125479221343994,0.05173637717962265,0.03013964183628559,0.8147239685058594
6054,39.78599166870117,13.016385078430176,6.108437538146973,2.7157464027404785,0.12627139687538147,0.04987868666648865,0.8196272253990173
6055,35.1833381652832,9.580089569091797,1.5649722814559937,2.9711954593658447,0.16588303446769714,0.030188430100679398,0.9301766753196716
6056,25.763797760009766,8.605968475341797,2.0364418029785156,2.3414852619171143,0.11177125573158264,0.03487251326441765,0.8626343607902527
6057,43.703330993652344,18.76296043395996,9.603644371032715,2.027982711791992,0.14088091254234314,0.11912234872579575,0.6535871028900146
6058,47.12466812133789,14.368243217468262,6.603179931640625,2.2660412788391113,0.12976598739624023,0.06960659474134445,0.7626940011978149
6059,28.936630249023438,7.0487847328186035,6.3043904304504395,2.1085305213928223,0.11321225762367249,0.09487229585647583,0.7176966667175293
6060,40.86370849609375,7.880455493927002,2.960646152496338,2.392206907272339,0.09488117694854736,0.04222298040986061,0.8006013929843903
6061,25.587970733642578,7.581435203552246,5.23513650894165,2.2902815341949463,0.1150747537612915,0.08523981273174286,0.6422537267208099
6062,35.967403411865234,3.0812666416168213,2.6501340866088867,2.5394704341888428,0.04278295487165451,0.05557677149772644,0.8389111459255219
6063,49.5364875793457,5.077933311462402,3.4184346199035645,2.669813871383667,0.05260150879621506,0.07574395090341568,0.9420717656612396
6064,37.888675689697266,6.260896682739258,5.046679973602295,2.896068572998047,0.06083220988512039,0.05478117614984512,1.0964694619178772
6065,27.060779571533203,5.586038112640381,3.5555269718170166,2.876953363418579,0.06772680580615997,0.04582581669092178,1.0005329847335815
6066,65.86104583740234,6.147375106811523,4.311037063598633,2.564833641052246,0.06949126720428467,0.07258354127407074,0.8177147209644318
6067,44.47842025756836,17.678707122802734,1.8472230434417725,2.7162728309631348,0.24959082901477814,0.02992764487862587,0.8765319585800171
6068,30.827543258666992,9.78714656829834,1.546168565750122,2.502357006072998,0.13152919709682465,0.03327515721321106,0.8904591798782349
6069,32.90876770019531,3.433943748474121,8.28884506225586,1.9329895973205566,0.05464617535471916,0.21674226224422455,0.5532698631286621
6070,35.06703186035156,7.182321548461914,5.5946526527404785,2.4421637058258057,0.09103909879922867,0.060183070600032806,0.6978749334812164
6071,39.82814407348633,5.213797569274902,3.9346113204956055,2.69510555267334,0.04750007390975952,0.054488182067871094,0.8333002328872681
6072,28.194990158081055,10.598161697387695,6.083874702453613,1.958681583404541,0.2064562439918518,0.05173156410455704,0.7286540865898132
6073,33.0061149597168,9.617538452148438,5.0589704513549805,2.2163336277008057,0.15896932780742645,0.10691215097904205,0.7621760070323944
6074,25.355411529541016,9.609857559204102,1.3052963018417358,2.343174457550049,0.25192365050315857,0.034018486738204956,0.8280434906482697
6075,25.519655227661133,10.693921089172363,3.8019425868988037,2.4575295448303223,0.12972703576087952,0.050926003605127335,0.9427818953990936
6076,37.02930450439453,5.786291122436523,8.408836364746094,2.39483642578125,0.09958496689796448,0.07676518708467484,0.7808541655540466
6077,31.98430061340332,3.736874580383301,5.8154706954956055,2.204927921295166,0.05478917807340622,0.12358206510543823,0.7166604995727539
6078,34.88316345214844,9.932792663574219,5.951351165771484,2.465620517730713,0.0839601531624794,0.11508048325777054,0.7339996993541718
6079,30.260236740112305,2.3942859172821045,8.385431289672852,2.452106237411499,0.03820573911070824,0.19631212949752808,0.8230747282505035
6080,29.08456802368164,4.225896835327148,2.9697697162628174,2.6000266075134277,0.04760000854730606,0.05809912830591202,0.9769724607467651
6081,27.046335220336914,5.5395612716674805,9.283163070678711,2.5061490535736084,0.0467531755566597,0.11419229209423065,0.9998990297317505
6082,51.44840621948242,5.759223937988281,3.0503814220428467,2.1844546794891357,0.06415480375289917,0.050822168588638306,0.7193929851055145
6083,41.625179290771484,13.4464750289917,6.941986083984375,1.646437406539917,0.1710970252752304,0.1112215667963028,0.6753043234348297
6084,32.727317810058594,5.438368320465088,4.941933631896973,2.1641461849212646,0.04744027554988861,0.03544838726520538,0.6416097283363342
6085,33.13051223754883,5.175879001617432,4.724048614501953,2.312540054321289,0.08368273079395294,0.05854751169681549,0.9180195927619934
6086,40.18486022949219,5.779525279998779,6.872812747955322,2.2458040714263916,0.07675690948963165,0.09962153434753418,0.6965424418449402
6087,38.26245880126953,9.55205249786377,7.2042622566223145,2.3753201961517334,0.08737611770629883,0.06575192511081696,0.8800106644630432
6088,34.113677978515625,9.094423294067383,6.425692558288574,2.6565141677856445,0.11872588098049164,0.04814005643129349,0.9341997504234314
6089,34.29594802856445,6.7373785972595215,6.437737464904785,2.986621856689453,0.07261134684085846,0.08439023792743683,0.9832521378993988
6090,32.228065490722656,4.546000957489014,8.433067321777344,2.636714220046997,0.06996140629053116,0.18386246263980865,0.8804103434085846
6091,31.37835121154785,8.427611351013184,1.5100237131118774,2.572077512741089,0.09971141070127487,0.05069208890199661,0.9510936439037323
6092,33.391944885253906,3.4741547107696533,4.381347179412842,2.520151376724243,0.060675665736198425,0.03937574848532677,0.8278747797012329
6093,42.6439323425293,5.954592704772949,7.209496021270752,2.4738893508911133,0.0814414918422699,0.061359889805316925,0.7071874439716339
6094,25.110721588134766,5.174498081207275,1.581272840499878,2.5762791633605957,0.0644657239317894,0.030698709189891815,0.7939260005950928
6095,45.427127838134766,17.93636703491211,1.7520499229431152,2.4656052589416504,0.11720499396324158,0.0386386476457119,0.7232559323310852
6096,32.15702819824219,6.772804260253906,7.06050968170166,2.4982123374938965,0.09173006564378738,0.12631751596927643,0.7943896055221558
6097,38.55282974243164,9.190678596496582,3.9404451847076416,2.3292579650878906,0.09930486977100372,0.05563503876328468,0.6947566866874695
6098,29.043798446655273,7.087360382080078,3.5942301750183105,2.8744144439697266,0.07500829547643661,0.04106530919671059,0.985504537820816
6099,34.63379669189453,8.396430015563965,5.730273723602295,2.1839873790740967,0.20876483619213104,0.08316415548324585,0.7859594225883484
6100,38.702144622802734,3.5266196727752686,5.369380950927734,2.2746753692626953,0.037748970091342926,0.1158643439412117,0.6514791548252106
6101,51.60551452636719,5.708570957183838,4.573074817657471,2.43033504486084,0.06179289519786835,0.1471875160932541,0.9513869881629944
6102,38.23023223876953,7.5606536865234375,3.9814791679382324,2.332928419113159,0.06428578495979309,0.06988460570573807,0.7367354035377502
6103,50.546607971191406,1.5668336153030396,8.16979694366455,2.500823497772217,0.023837357759475708,0.06076539680361748,0.8061201274394989
6104,41.659523010253906,3.9416980743408203,4.5851569175720215,2.194775342941284,0.05027999356389046,0.07079654932022095,0.6923896968364716
6105,40.30254364013672,9.295726776123047,9.022241592407227,2.048250913619995,0.11345654726028442,0.1660330891609192,0.6788344383239746
6106,29.559892654418945,4.712322235107422,5.075877666473389,2.3005013465881348,0.06260497123003006,0.07604094594717026,0.8331571519374847
6107,37.458160400390625,20.532320022583008,6.326112747192383,2.0237364768981934,0.1588987559080124,0.07435139268636703,0.6332655549049377
6108,36.859745025634766,10.148086547851562,7.56564998626709,2.1016151905059814,0.10037972033023834,0.10000654309988022,0.6860387921333313
6109,49.951114654541016,5.920523643493652,4.595154285430908,2.416471481323242,0.032535370439291,0.06473961472511292,0.6041642427444458
6110,47.347076416015625,4.7762908935546875,5.263639450073242,2.5305893421173096,0.04621605575084686,0.07682459056377411,0.9368756711483002
6111,26.659788131713867,6.520373821258545,3.1286587715148926,2.9544427394866943,0.10869080573320389,0.04756879061460495,1.111599862575531
6112,54.08043670654297,8.955315589904785,3.6597204208374023,2.3916103839874268,0.10901502519845963,0.049972206354141235,0.8199159204959869
6113,34.82141876220703,6.381723403930664,6.997003078460693,3.1179497241973877,0.07677292078733444,0.1339116096496582,1.0148413181304932
6114,35.36199188232422,8.425622940063477,3.6662096977233887,2.4629640579223633,0.12421692907810211,0.06330779194831848,0.8044742345809937
6115,35.74082946777344,6.395147323608398,2.4719741344451904,2.321375846862793,0.07237869501113892,0.04177945852279663,0.8655119240283966
6116,52.31941223144531,12.45570182800293,1.9616895914077759,2.29154896736145,0.11518028378486633,0.037967249751091,1.0285241603851318
6117,40.516082763671875,7.722556114196777,4.044764518737793,2.164882183074951,0.07324837148189545,0.05761251598596573,0.8636462092399597
6118,36.066871643066406,7.967260360717773,2.8875391483306885,2.9348320960998535,0.1744348257780075,0.057412728667259216,1.1567442417144775
6119,39.87657165527344,8.122330665588379,3.014291763305664,3.172215461730957,0.10234510898590088,0.03616366535425186,1.2100470066070557
6120,44.01659393310547,6.729142189025879,9.097930908203125,2.164149522781372,0.09512511640787125,0.11093392223119736,0.6047476828098297
6121,43.124427795410156,11.964712142944336,1.6984716653823853,2.527773380279541,0.12323613464832306,0.028914183378219604,0.7507491409778595
6122,35.052711486816406,5.231307506561279,5.047546863555908,2.638442039489746,0.07726838439702988,0.057426199316978455,0.9391682744026184
6123,37.259891510009766,4.919400215148926,3.907134532928467,2.5421199798583984,0.05311526358127594,0.0554279163479805,0.939489871263504
6124,26.452665328979492,3.9819397926330566,5.144351005554199,2.465757369995117,0.04842444509267807,0.05815634876489639,0.8608704805374146
6125,42.12538146972656,8.585456848144531,3.467219352722168,2.529426336288452,0.05697967857122421,0.03883626312017441,0.849800705909729
6126,29.03052520751953,3.0311295986175537,5.692089557647705,2.0299131870269775,0.0469779409468174,0.14798998832702637,0.5550960451364517
6127,35.91086196899414,4.570314407348633,5.546682834625244,2.7637057304382324,0.05916318669915199,0.08399677276611328,0.8886221051216125
6128,34.01625442504883,5.64593505859375,2.0932891368865967,3.0990262031555176,0.1292898803949356,0.055623166263103485,1.2742900848388672
6129,35.467201232910156,16.732728958129883,2.533897638320923,2.33665132522583,0.14729031920433044,0.03574163094162941,0.7622724175453186
6130,36.17482376098633,2.1983866691589355,4.21239709854126,2.8632290363311768,0.03163909167051315,0.05559901148080826,0.7068662941455841
6131,25.91836929321289,4.332079887390137,3.0490164756774902,2.8735454082489014,0.06974252313375473,0.04306682199239731,0.975248396396637
6132,31.80223846435547,11.636914253234863,3.0512828826904297,2.1455233097076416,0.0571819543838501,0.03751763701438904,0.8082981109619141
6133,29.90923309326172,9.430434226989746,3.2667300701141357,2.5133824348449707,0.07143481820821762,0.04932592809200287,0.889870285987854
6134,32.03205490112305,5.034060001373291,4.128035545349121,2.6641955375671387,0.09076486527919769,0.06997552514076233,0.819213330745697
6135,37.850730895996094,4.720941543579102,3.647329568862915,2.5942776203155518,0.03135634958744049,0.07194355875253677,0.7056372165679932
6136,51.29322814941406,6.420200347900391,4.1755547523498535,2.648195266723633,0.07220594584941864,0.08142626285552979,0.8278562724590302
6137,29.455501556396484,4.57209587097168,8.644229888916016,1.9192960262298584,0.033404383808374405,0.11939702183008194,0.5428179204463959
6138,30.79086685180664,6.638735294342041,4.651745319366455,2.352215528488159,0.08523949980735779,0.05967840179800987,0.6216617524623871
6139,30.89047622680664,13.269715309143066,3.234039068222046,2.2451319694519043,0.14586187899112701,0.06668426096439362,0.8207485675811768
6140,24.899154663085938,22.150754928588867,5.993811130523682,2.6516032218933105,0.22916194796562195,0.06974399089813232,0.9437778294086456
6141,48.5504264831543,8.467148780822754,3.4482316970825195,2.3967292308807373,0.09185629338026047,0.04143309220671654,0.7777833044528961
6142,38.564125061035156,4.605011463165283,5.161622047424316,2.8498992919921875,0.06343644857406616,0.08787678182125092,0.7095237076282501
6143,31.403844833374023,2.8781967163085938,4.8382391929626465,2.502134323120117,0.033323630690574646,0.08112269639968872,0.7698235213756561
6144,34.02388000488281,9.688499450683594,5.208526134490967,3.2881839275360107,0.08804591000080109,0.10004705935716629,0.8715094029903412
6145,28.23008155822754,7.918611526489258,7.134411811828613,2.544617176055908,0.08000387251377106,0.060508422553539276,0.7864850163459778
6146,38.864280700683594,9.377315521240234,7.31447172164917,2.7110142707824707,0.1867303103208542,0.1111069768667221,0.7774285078048706
6147,34.443824768066406,5.652662754058838,4.890687465667725,2.2014670372009277,0.07565983384847641,0.07347807288169861,0.7541061639785767
6148,39.17681884765625,10.2080717086792,6.689139366149902,2.328718900680542,0.1549811214208603,0.1011233925819397,0.5704560577869415
6149,36.09129333496094,8.051535606384277,4.655413627624512,2.1771042346954346,0.1379278600215912,0.10597842931747437,0.7313111126422882
6150,35.27378845214844,5.724396705627441,4.504164218902588,2.247847080230713,0.06548458337783813,0.03886406868696213,0.6467327177524567
6151,30.255172729492188,5.739546298980713,5.906391143798828,2.5296475887298584,0.057527877390384674,0.08107143640518188,0.9295540750026703
6152,31.208911895751953,8.56378173828125,3.4695348739624023,2.7030324935913086,0.06924706697463989,0.06963557004928589,0.9171427190303802
6153,64.49000549316406,4.176970481872559,4.221818923950195,2.181627035140991,0.05220266431570053,0.05060254782438278,0.6444759666919708
6154,24.033723831176758,9.341766357421875,8.780277252197266,2.164303779602051,0.12585316598415375,0.13281206786632538,0.7323598861694336
6155,36.9337043762207,10.217805862426758,5.9616007804870605,2.1927454471588135,0.1160816103219986,0.11749613285064697,0.6642800867557526
6156,37.44377517700195,15.044557571411133,4.811000823974609,2.4858672618865967,0.07566206157207489,0.06862019747495651,0.8052899539470673
6157,31.192180633544922,3.6283912658691406,8.433948516845703,2.746546983718872,0.04814646393060684,0.1422388255596161,0.8032349646091461
6158,28.104141235351562,2.5861401557922363,10.329143524169922,1.8159774541854858,0.030901344493031502,0.21727663278579712,0.5140252709388733
6159,38.48959732055664,8.675691604614258,3.105262279510498,2.2093276977539062,0.11425105482339859,0.044506825506687164,0.7357300221920013
6160,31.581159591674805,4.2581706047058105,3.237825870513916,2.3861942291259766,0.05754595249891281,0.06289462745189667,0.7349423468112946
6161,38.4735107421875,11.624898910522461,7.602004528045654,2.200139284133911,0.08500640839338303,0.13773126900196075,0.5714706480503082
6162,33.13210678100586,7.814721584320068,6.062224864959717,3.285458564758301,0.06264765560626984,0.06815589219331741,1.0532122254371643
6163,35.85147476196289,5.008853435516357,5.149328231811523,2.2548537254333496,0.06500552594661713,0.0956597700715065,0.6959282755851746
6164,40.71214294433594,14.771949768066406,7.216175556182861,2.384709358215332,0.16356080770492554,0.13604474067687988,0.7777370810508728
6165,29.86228370666504,2.9546127319335938,7.247762680053711,2.3519513607025146,0.04167356342077255,0.06454627215862274,0.7914267778396606
6166,37.96981430053711,9.19735336303711,3.6960601806640625,2.546584367752075,0.13415184617042542,0.0513075552880764,0.9500882923603058
6167,29.12713623046875,6.776566505432129,4.204648494720459,2.1765506267547607,0.09472450613975525,0.04789087176322937,0.7528108656406403
6168,63.11809158325195,13.330486297607422,2.726703643798828,2.593787431716919,0.05883780121803284,0.031119856983423233,0.8496813476085663
6169,35.230804443359375,7.726564407348633,2.702218770980835,2.4531030654907227,0.10756788402795792,0.042894162237644196,0.7470521926879883
6170,29.65933609008789,10.980985641479492,4.316956520080566,2.5775320529937744,0.1635458916425705,0.0605931282043457,0.8432091474533081
6171,42.93625259399414,5.283191680908203,6.209255218505859,2.385117530822754,0.06746126711368561,0.08529694378376007,0.6697922945022583
6172,29.20520782470703,11.633550643920898,5.134857177734375,2.2447125911712646,0.11356041580438614,0.046359580010175705,0.7152650654315948
6173,32.1478157043457,5.12683629989624,2.134990930557251,2.702681064605713,0.07120683789253235,0.04142872244119644,0.9124022126197815
6174,42.84238815307617,9.437612533569336,6.69018030166626,1.709661602973938,0.13724474608898163,0.13827386498451233,0.5886473059654236
6175,46.681419372558594,7.638674736022949,3.1525473594665527,2.285146951675415,0.06779979169368744,0.0463758260011673,0.7449670135974884
6176,32.80824279785156,10.764215469360352,4.570197582244873,2.301438093185425,0.07393275201320648,0.07099057734012604,0.7746978402137756
6177,49.87158203125,10.35177230834961,2.8299787044525146,2.169363260269165,0.05851289629936218,0.04344640672206879,0.5521939396858215
6178,35.77942657470703,4.70220947265625,4.765529155731201,2.0710272789001465,0.06548704206943512,0.037466421723365784,0.7145478427410126
6179,43.37855911254883,8.597685813903809,10.197287559509277,2.310352087020874,0.06344352662563324,0.17861133813858032,0.6124748587608337
6180,31.343679428100586,11.572797775268555,9.727254867553711,2.1226446628570557,0.14900124073028564,0.11244459450244904,0.7271557450294495
6181,36.218109130859375,5.5132670402526855,2.641111135482788,2.4927585124969482,0.06379887461662292,0.02679707668721676,0.8191512525081635
6182,34.76485824584961,7.2366437911987305,6.0240960121154785,2.022517681121826,0.09083911776542664,0.09491495788097382,0.7768880724906921
6183,56.02719497680664,6.90186071395874,6.458877086639404,2.558464288711548,0.08524422347545624,0.18384473025798798,0.7903780341148376
6184,27.888425827026367,8.000402450561523,6.1668477058410645,2.1956911087036133,0.04297628998756409,0.0697685182094574,0.6796391308307648
6185,31.97983169555664,4.278521537780762,3.9827985763549805,2.3857808113098145,0.03924337774515152,0.065301313996315,0.8006884753704071
6186,39.10871887207031,4.137546539306641,3.5340919494628906,1.9086943864822388,0.04775659739971161,0.04125906899571419,0.724696934223175
6187,43.17800521850586,3.853159189224243,3.7281322479248047,2.1704020500183105,0.0506788045167923,0.03923841938376427,0.64265576004982
6188,37.29903030395508,4.993602275848389,2.1208834648132324,2.5224497318267822,0.060917146503925323,0.04234173521399498,0.8820028305053711
6189,35.053245544433594,12.539965629577637,5.823180198669434,2.6041910648345947,0.12813925743103027,0.05957801640033722,0.95124751329422
6190,25.495052337646484,7.947433948516846,5.211050510406494,2.118995428085327,0.0995858833193779,0.0889679491519928,0.7687050700187683
6191,33.295188903808594,8.29381275177002,3.246976613998413,2.28731107711792,0.13236737251281738,0.08526821434497833,0.791511207818985
6192,30.99495506286621,15.792465209960938,6.592743873596191,2.3018455505371094,0.1783347725868225,0.07230691611766815,0.8329021334648132
6193,30.586830139160156,8.771501541137695,4.179435729980469,2.0591788291931152,0.10875248908996582,0.03502769023180008,0.8496752083301544
6194,40.03242111206055,7.242408275604248,4.748876571655273,2.427623748779297,0.11889514327049255,0.06646537780761719,0.7954106628894806
6195,27.62798500061035,3.584139823913574,2.4443087577819824,2.8090734481811523,0.07278701663017273,0.03854766860604286,1.0253188610076904
6196,25.000627517700195,12.859975814819336,3.5859007835388184,3.3036694526672363,0.47276216745376587,0.04646138846874237,1.1506096124649048
6197,26.255571365356445,13.110954284667969,3.178361177444458,2.1892151832580566,0.1555081307888031,0.039315588772296906,0.7752059400081635
6198,48.977134704589844,11.834320068359375,7.042623043060303,2.2949960231781006,0.11755882203578949,0.09703900665044785,0.7362334728240967
6199,25.263519287109375,6.463587284088135,9.892936706542969,2.2898786067962646,0.11904476583003998,0.19892793893814087,0.9306999146938324
6200,21.801902770996094,8.764681816101074,8.139995574951172,2.0138843059539795,0.11164459586143494,0.09673714637756348,0.7723146975040436
6201,31.20644760131836,7.874074935913086,5.559298992156982,2.249859094619751,0.11319912225008011,0.1260029673576355,0.7433352172374725
6202,40.138675689697266,5.22544527053833,3.3201611042022705,2.2649996280670166,0.11872938275337219,0.06167829781770706,0.7324466109275818
6203,26.83224868774414,11.676041603088379,5.900084018707275,1.8686498403549194,0.11393872648477554,0.1010490208864212,0.5878424644470215
6204,39.11906814575195,15.546242713928223,5.6648759841918945,2.2089121341705322,0.12038400769233704,0.08208739012479782,0.9762046635150909
6205,32.20076370239258,6.4594807624816895,2.898331642150879,2.426396131515503,0.08692480623722076,0.043335117399692535,0.8467954099178314
6206,37.70136642456055,6.1815009117126465,2.2711658477783203,2.942324638366699,0.07086098939180374,0.04406052082777023,0.9691907167434692
6207,43.90486145019531,4.4380292892456055,4.143215656280518,2.7074697017669678,0.06250124424695969,0.04101523011922836,0.8061197996139526
6208,39.55317306518555,12.806496620178223,5.096161842346191,2.100717067718506,0.218743234872818,0.08138056099414825,0.7182779014110565
6209,40.69968795776367,11.185215950012207,1.6562355756759644,2.586155414581299,0.08502818644046783,0.03170916810631752,0.8891770243644714
6210,28.784587860107422,5.734874725341797,3.604426145553589,2.6096787452697754,0.050417665392160416,0.05590806156396866,0.8593598902225494
6211,50.00575256347656,5.183345317840576,1.9092646837234497,3.026322603225708,0.06809806823730469,0.034005552530288696,0.9884750247001648
6212,45.79494094848633,12.3505220413208,6.968478679656982,2.317765474319458,0.13664104044437408,0.09308365732431412,0.8198164105415344
6213,32.549739837646484,6.404932022094727,3.105191707611084,3.331366539001465,0.08405762165784836,0.04907479137182236,1.0595388412475586
6214,32.09104537963867,6.229625225067139,2.239651918411255,2.9555089473724365,0.061528172343969345,0.040418438613414764,1.003455400466919
6215,33.257301330566406,4.443660259246826,3.438434600830078,2.654386281967163,0.0957130640745163,0.04610829055309296,1.1134328842163086
6216,95.88847351074219,16.2910213470459,7.422945499420166,2.4791836738586426,0.06839217245578766,0.12231546640396118,0.575011134147644
6217,34.38948059082031,3.9888389110565186,2.0438902378082275,2.447955846786499,0.04061426967382431,0.027113676071166992,0.7078548967838287
6218,41.473167419433594,3.757939577102661,3.4332053661346436,3.012608051300049,0.0504828579723835,0.05205785855650902,0.8907856345176697
6219,31.786767959594727,6.4677019119262695,6.322432041168213,2.6252870559692383,0.07429224997758865,0.06379355490207672,0.9241623282432556
6220,33.98248291015625,8.341104507446289,6.089758396148682,2.1499080657958984,0.07236143946647644,0.12915238738059998,0.7354896664619446
6221,34.03614044189453,12.80527400970459,7.114168167114258,2.6424219608306885,0.19031646847724915,0.06238818168640137,0.711769163608551
6222,28.833282470703125,7.197293758392334,3.654362678527832,2.3908579349517822,0.0532420314848423,0.059428367763757706,0.7545283436775208
6223,37.35145568847656,6.844947338104248,4.612308502197266,2.3672192096710205,0.0738205537199974,0.07293413579463959,0.8404842615127563
6224,36.18455505371094,4.133645534515381,6.701478958129883,2.876429796218872,0.0360540971159935,0.06940989196300507,0.9510572254657745
6225,44.437599182128906,7.216551780700684,6.495807647705078,2.17073392868042,0.09250934422016144,0.06264334917068481,0.6582981944084167
6226,36.804447174072266,8.83022689819336,5.823404788970947,2.439023017883301,0.12411163747310638,0.07323484122753143,0.8805952072143555
6227,34.187259674072266,8.486382484436035,5.035207748413086,2.6612844467163086,0.059856824576854706,0.052732888609170914,0.8668481707572937
6228,38.72248458862305,8.692388534545898,4.75432825088501,2.495243787765503,0.09363451600074768,0.05833957716822624,0.891114354133606
6229,26.85259437561035,6.462957382202148,5.319710731506348,2.578162670135498,0.05235474556684494,0.0585113950073719,0.7928723096847534
6230,40.32074737548828,8.066459655761719,6.626086235046387,2.975909948348999,0.0758260115981102,0.06511714309453964,0.8665586709976196
6231,27.660417556762695,4.724556922912598,8.72872257232666,2.2305517196655273,0.04390426725149155,0.07596802711486816,0.6570936143398285
6232,56.937774658203125,2.7066855430603027,3.2515804767608643,3.43818998336792,0.06160163879394531,0.04590366780757904,1.0444670617580414
6233,22.096267700195312,5.7803568840026855,3.8660008907318115,2.538917064666748,0.07039840519428253,0.06819477677345276,1.0441167056560516
6234,39.25666427612305,8.667487144470215,5.547562122344971,2.843231439590454,0.06942401826381683,0.12157787382602692,0.9281756579875946
6235,29.814868927001953,6.525155067443848,3.020242691040039,2.3218953609466553,0.0631573349237442,0.07134220749139786,0.7815752625465393
6236,44.90315628051758,8.051385879516602,2.700645923614502,2.6732630729675293,0.09612580388784409,0.03124621883034706,0.971887081861496
6237,23.519010543823242,14.628663063049316,4.918712139129639,2.3649742603302,0.09507919102907181,0.056533847004175186,0.8105542957782745
6238,41.18170928955078,14.963287353515625,3.1007094383239746,2.484983205795288,0.09781432151794434,0.033673230558633804,0.743285745382309
6239,34.99518966674805,17.43763542175293,3.4092037677764893,3.006141424179077,0.11020272225141525,0.04897025227546692,0.8737606108188629
6240,54.35380554199219,2.6315298080444336,6.4738359451293945,2.1394193172454834,0.03757515922188759,0.10638726502656937,0.713396281003952
6241,35.63993453979492,6.044463634490967,3.3885838985443115,2.25518798828125,0.07726651430130005,0.04867848753929138,0.7628290355205536
6242,34.35289764404297,10.030152320861816,5.851302146911621,2.0472493171691895,0.15021969377994537,0.07162080705165863,0.7290358245372772
6243,55.83932113647461,7.571665287017822,8.098217964172363,2.5604820251464844,0.07159320265054703,0.14799225330352783,0.6658140122890472
6244,43.10020065307617,3.7677643299102783,7.640108108520508,2.205345630645752,0.032288338989019394,0.1388748437166214,0.6545785665512085
6245,33.56599426269531,7.507637977600098,3.8547675609588623,2.6125760078430176,0.05310361832380295,0.05726785957813263,0.8157633543014526
6246,30.961261749267578,6.655476093292236,5.748170375823975,2.447741985321045,0.06743068993091583,0.2016540914773941,0.7163689732551575
6247,59.627952575683594,6.26536750793457,9.53713607788086,2.173581838607788,0.0529341883957386,0.08490676432847977,0.6238884925842285
6248,48.39988708496094,13.872450828552246,9.134987831115723,2.065866231918335,0.15654920041561127,0.22048041224479675,0.7840538918972015
6249,47.97269058227539,7.980268478393555,3.5386526584625244,2.1294305324554443,0.043523162603378296,0.06779109686613083,0.6552718281745911
6250,41.13159942626953,3.3984012603759766,3.2559943199157715,2.485196113586426,0.03892132639884949,0.050738800317049026,0.7568617761135101
6251,31.546693801879883,5.60352087020874,4.518416881561279,2.3813042640686035,0.08063208311796188,0.07180574536323547,0.7649916112422943
6252,28.827266693115234,11.837957382202148,2.6221182346343994,2.4214859008789062,0.2215167135000229,0.0679163709282875,0.6439679563045502
6253,30.723228454589844,7.498898029327393,5.980437278747559,2.4973576068878174,0.11778515577316284,0.059863779693841934,0.9807272255420685
6254,32.38887023925781,6.062689304351807,4.0692877769470215,2.006098985671997,0.07503440976142883,0.05364616960287094,0.5590403378009796
6255,29.484844207763672,12.89413070678711,7.464292526245117,2.256422996520996,0.10141949355602264,0.13368821144104004,0.7090544402599335
6256,39.75960922241211,5.036410331726074,3.180284261703491,2.5812556743621826,0.05984848737716675,0.048665761947631836,0.8079133033752441
6257,34.21167755126953,7.9272003173828125,6.676023006439209,2.6625356674194336,0.05807946249842644,0.0625777319073677,0.8432041108608246
6258,31.969135284423828,15.515470504760742,6.057310581207275,2.445323944091797,0.13768117129802704,0.11737290024757385,0.643894761800766
6259,38.09407043457031,6.89016056060791,2.1400115489959717,2.303413152694702,0.10005678236484528,0.0419674851000309,0.7071189880371094
6260,27.623746871948242,8.419981956481934,2.596137285232544,3.266928195953369,0.08868509531021118,0.039248671382665634,1.282530426979065
6261,22.685348510742188,8.222968101501465,4.588021278381348,2.574622392654419,0.05407477915287018,0.050928995013237,0.882745236158371
6262,33.040279388427734,11.702136993408203,2.067261219024658,2.41357421875,0.15311184525489807,0.025849610567092896,0.752778172492981
6263,33.8541374206543,11.887785911560059,5.580102443695068,2.529798746109009,0.13965943455696106,0.09263104945421219,0.9068766236305237
6264,28.117393493652344,14.80679988861084,1.6503645181655884,2.429734230041504,0.21665695309638977,0.028186094015836716,0.7841946184635162
6265,41.61510467529297,6.544982433319092,4.313103675842285,2.354221820831299,0.0999656468629837,0.08099783211946487,0.9024988114833832
6266,27.7926025390625,6.720606327056885,8.721681594848633,1.875890851020813,0.06765353679656982,0.1657494604587555,0.6157483160495758
6267,30.849584579467773,8.404587745666504,5.636965274810791,2.166377067565918,0.08737475425004959,0.0902254730463028,0.7753178477287292
6268,30.283342361450195,6.325138092041016,6.745433330535889,2.121098518371582,0.09978047013282776,0.08063589036464691,0.7703216075897217
6269,44.02009963989258,10.220772743225098,2.041311264038086,2.564798593521118,0.12037023156881332,0.03534603863954544,1.0729452967643738
6270,43.544193267822266,9.665837287902832,7.127844333648682,1.8662773370742798,0.15421156585216522,0.07286405563354492,0.6074597835540771
6271,41.57038116455078,14.612369537353516,2.974531412124634,2.6669793128967285,0.12218132615089417,0.05511099845170975,0.854160726070404
6272,28.726760864257812,14.077101707458496,12.652154922485352,1.5284135341644287,0.12189669162034988,0.13397006690502167,0.5520924031734467
6273,37.03287124633789,3.1672627925872803,4.5832438468933105,2.1577799320220947,0.032111696898937225,0.06471273303031921,0.6715584695339203
6274,26.900775909423828,11.009176254272461,3.9183599948883057,3.2932324409484863,0.09012560546398163,0.04020090401172638,1.0697316527366638
6275,44.5628776550293,5.292778015136719,8.569103240966797,1.961472749710083,0.059891074895858765,0.04740314185619354,0.6997635960578918
6276,39.94895553588867,11.886666297912598,3.1618125438690186,2.4445066452026367,0.10955032706260681,0.056748174130916595,0.8053166568279266
6277,39.24725341796875,10.14013385772705,6.290511608123779,2.298239231109619,0.11170655488967896,0.08964721858501434,0.7441533207893372
6278,40.51476287841797,7.60615348815918,3.245159864425659,2.1093928813934326,0.05769811570644379,0.03930172324180603,0.7092182040214539
6279,39.78591537475586,9.115708351135254,4.993206977844238,2.3376834392547607,0.09850740432739258,0.09755919873714447,0.6987863183021545
6280,42.85720443725586,13.756573677062988,3.6363461017608643,2.399554491043091,0.11077548563480377,0.04458468407392502,0.8290698826313019
6281,40.84453582763672,8.883480072021484,1.7542493343353271,2.4482717514038086,0.0853843241930008,0.02803928032517433,0.6457344889640808
6282,30.974641799926758,3.5680222511291504,7.90802001953125,2.422339677810669,0.044394757598638535,0.10363665223121643,0.9735997319221497
6283,30.549962997436523,13.16370677947998,5.483137607574463,2.5938522815704346,0.14853736758232117,0.08407779783010483,0.7351607084274292
6284,59.98194885253906,4.831411361694336,5.773190498352051,2.5178725719451904,0.0647033303976059,0.07378324866294861,0.8649671971797943
6285,38.527427673339844,10.086325645446777,4.791701316833496,2.3300418853759766,0.09562251716852188,0.050289835780858994,0.6759776771068573
6286,48.40164566040039,3.8276450634002686,3.743748426437378,2.3296639919281006,0.0574447438120842,0.03936776518821716,0.9141208529472351
6287,24.948740005493164,11.906322479248047,1.8040515184402466,2.756871461868286,0.16258826851844788,0.044986750930547714,1.0377416610717773
6288,34.921966552734375,4.946082592010498,6.752108573913574,2.3647406101226807,0.05922337621450424,0.12352760881185532,0.7411595284938812
6289,56.93384552001953,3.708345651626587,4.480343818664551,2.5528104305267334,0.0512407124042511,0.06610536575317383,0.7484361231327057
6290,39.66718292236328,10.933131217956543,5.356459617614746,2.3995795249938965,0.18627725541591644,0.06719595193862915,0.6892612278461456
6291,40.92495346069336,7.396629333496094,2.0615456104278564,2.5520691871643066,0.08665228635072708,0.04057582840323448,0.8564985394477844
6292,41.52762222290039,5.158632278442383,2.9915263652801514,2.753631591796875,0.048147983849048615,0.04827069491147995,0.8059809505939484
6293,24.322540283203125,5.612633228302002,6.64194393157959,2.3159117698669434,0.10941052436828613,0.064094677567482,0.8091389238834381
6294,37.997535705566406,9.450287818908691,7.172402381896973,2.2166781425476074,0.0825502797961235,0.11921383440494537,0.6879486739635468
6295,22.924755096435547,13.082962036132812,7.2188029289245605,2.152301549911499,0.23324212431907654,0.08381165564060211,0.7029001712799072
6296,30.337646484375,9.455714225769043,3.1364359855651855,2.333042621612549,0.057179391384124756,0.046713314950466156,0.7850520014762878
6297,36.75753402709961,7.980025768280029,5.784682273864746,2.1836700439453125,0.05573239177465439,0.05352048948407173,0.689738005399704
6298,26.84241485595703,8.729988098144531,2.1100358963012695,2.093839168548584,0.15655653178691864,0.032272569835186005,0.7991134524345398
6299,29.244596481323242,11.171195983886719,6.8623127937316895,2.2273263931274414,0.0901176780462265,0.10394580662250519,0.7477467656135559
6300,55.18476104736328,10.529048919677734,9.455469131469727,2.0635995864868164,0.07536765187978745,0.17870530486106873,0.6024532318115234
6301,28.077701568603516,12.948897361755371,2.940093755722046,2.619429111480713,0.13607510924339294,0.04135983809828758,0.8872138559818268
6302,34.78963088989258,9.530043601989746,1.8760565519332886,2.228525400161743,0.12246428430080414,0.03164674714207649,0.9290185272693634
6303,37.9476432800293,7.016845703125,3.42612361907959,2.5442967414855957,0.13024365901947021,0.04330386221408844,0.705486536026001
6304,29.644010543823242,8.626379013061523,8.455267906188965,2.642766237258911,0.09387262165546417,0.09119176119565964,0.9542157649993896
6305,53.62661361694336,10.926034927368164,4.500679969787598,2.267622470855713,0.11283370852470398,0.09892822802066803,0.7789216339588165
6306,38.678524017333984,22.115367889404297,11.170095443725586,2.069042921066284,0.2595067322254181,0.08244366198778152,0.7978232502937317
6307,30.352191925048828,7.699684143066406,5.83906888961792,2.579364776611328,0.11285096406936646,0.10306210070848465,0.9074761867523193
6308,38.24730682373047,6.56932258605957,4.551525592803955,2.751406192779541,0.060189876705408096,0.06773459166288376,0.8605810105800629
6309,28.39488410949707,7.343547344207764,8.394000053405762,2.327575445175171,0.09767957031726837,0.14815504848957062,0.6304756999015808
6310,54.22389602661133,8.967305183410645,9.632060050964355,2.390042304992676,0.07170422375202179,0.09669172018766403,0.6298926174640656
6311,40.423553466796875,6.11370325088501,6.2710862159729,2.3072729110717773,0.13028760254383087,0.09328577667474747,0.6020837724208832
6312,49.58176040649414,14.247166633605957,4.736652374267578,2.7492432594299316,0.11106620728969574,0.058752644807100296,0.996042013168335
6313,28.963998794555664,3.542086601257324,3.4926016330718994,2.690830707550049,0.059529341757297516,0.055419810116291046,0.8950301706790924
6314,40.391136169433594,5.0961737632751465,4.953981399536133,2.0707736015319824,0.04421157389879227,0.10009092092514038,0.7503003478050232
6315,33.349220275878906,10.375822067260742,5.490896224975586,2.6571054458618164,0.11902563273906708,0.04735993593931198,0.909106433391571
6316,35.18913650512695,3.891920328140259,3.435190200805664,2.3035035133361816,0.057588785886764526,0.046366363763809204,0.7498728632926941
6317,59.872337341308594,9.879107475280762,2.981557846069336,2.5261733531951904,0.24244828522205353,0.04372256249189377,0.7818758487701416
6318,31.0873966217041,4.947037220001221,4.925982475280762,1.9881927967071533,0.0748182013630867,0.13952863216400146,0.6632485389709473
6319,76.679443359375,5.364668369293213,2.9832866191864014,3.1452596187591553,0.06433714181184769,0.04264801740646362,0.9907463192939758
6320,36.45634841918945,6.674649238586426,4.2326765060424805,2.561891555786133,0.07490739971399307,0.035774361342191696,0.8260930776596069
6321,34.323612213134766,3.6747968196868896,4.216129779815674,2.4740140438079834,0.042887598276138306,0.10590805858373642,0.8586757183074951
6322,47.55193328857422,4.299476623535156,3.845167875289917,2.830082654953003,0.05101103335618973,0.049076639115810394,0.8039124310016632
6323,34.6883430480957,6.693853855133057,2.265977621078491,2.6645195484161377,0.08656071126461029,0.03208206221461296,0.9219365119934082
6324,47.080467224121094,8.534926414489746,4.788627624511719,1.6721761226654053,0.04610041528940201,0.07588371634483337,0.5648513734340668
6325,25.26199722290039,8.858024597167969,5.336403846740723,1.8519078493118286,0.09803332388401031,0.07720114290714264,0.650183379650116
6326,33.8844108581543,10.515192985534668,6.818563938140869,2.607938766479492,0.15014523267745972,0.14180800318717957,0.7265903651714325
6327,39.4455451965332,6.756991863250732,3.9899954795837402,2.5479729175567627,0.07950523495674133,0.059264637529850006,0.776934027671814
6328,35.4136962890625,1.090086579322815,2.368884325027466,2.9400177001953125,0.026751896366477013,0.041580889374017715,0.811109185218811
6329,36.00090789794922,6.025119781494141,3.908536195755005,2.6450657844543457,0.08499649912118912,0.05834175646305084,0.9773714542388916
6330,32.37124252319336,5.559501647949219,4.891141891479492,2.465510129928589,0.09329180419445038,0.05728011950850487,0.8837775588035583
6331,34.879276275634766,3.7856268882751465,3.26926589012146,2.476029396057129,0.05201523005962372,0.0276695117354393,0.8159943222999573
6332,28.37790298461914,8.613543510437012,3.9924864768981934,2.1651391983032227,0.08692529797554016,0.04783070832490921,0.7968126833438873
6333,34.17951965332031,5.720339298248291,4.222512722015381,2.940762996673584,0.07474420219659805,0.06690722703933716,1.1154366731643677
6334,23.671133041381836,8.076809883117676,4.731828212738037,2.339665174484253,0.16659292578697205,0.06618709117174149,0.8151498436927795
6335,28.400972366333008,7.394776344299316,2.8398313522338867,2.9107890129089355,0.05796089395880699,0.035294510424137115,0.995864987373352
6336,56.00463104248047,3.9231438636779785,5.367831230163574,2.5597198009490967,0.04082570970058441,0.056197986006736755,0.8311043977737427
6337,24.347959518432617,8.178292274475098,2.588477611541748,3.0019779205322266,0.10073773562908173,0.039170123636722565,1.0417460203170776
6338,29.263301849365234,9.68011474609375,4.288599491119385,2.2137346267700195,0.10275637358427048,0.056220922619104385,0.6912648379802704
6339,54.436405181884766,9.259466171264648,7.2065510749816895,2.2010984420776367,0.10654528439044952,0.08293268829584122,0.7115354537963867
6340,35.39982986450195,2.451982021331787,5.703633785247803,2.0597283840179443,0.028378484770655632,0.10006211698055267,0.8192732632160187
6341,37.45220184326172,7.416530132293701,3.8984084129333496,2.609038829803467,0.0687325969338417,0.07701792567968369,0.7621499598026276
6342,39.53195571899414,7.718446254730225,7.073978424072266,2.5021941661834717,0.10168521106243134,0.07278020679950714,0.8386666476726532
6343,42.34877014160156,3.2069382667541504,1.4768364429473877,2.634992837905884,0.040490567684173584,0.02566675841808319,0.9882902503013611
6344,48.321022033691406,7.68211555480957,2.0965607166290283,2.0564827919006348,0.07926972955465317,0.023980755358934402,0.7442805469036102
6345,34.93309020996094,6.9790520668029785,4.898167133331299,2.5238170623779297,0.06642387807369232,0.052844930440187454,0.8595877885818481
6346,32.72703170776367,7.4737019538879395,4.646578311920166,2.4690701961517334,0.08720140159130096,0.05728558450937271,0.7952298820018768
6347,32.84018325805664,11.894413948059082,5.845604419708252,2.085472583770752,0.11481059342622757,0.08288399130105972,0.5060060173273087
6348,26.408348083496094,10.49506664276123,3.811339855194092,2.487156867980957,0.12692660093307495,0.03742607682943344,0.8680122196674347
6349,29.039913177490234,11.813929557800293,2.1379969120025635,2.255965232849121,0.18403670191764832,0.031393084675073624,0.7258007824420929
6350,38.045772552490234,5.690178871154785,2.697986125946045,3.020825147628784,0.0806208997964859,0.04791579395532608,1.1202653050422668
6351,30.75653076171875,7.08900260925293,2.243455648422241,3.0368263721466064,0.050324998795986176,0.04406919330358505,1.0869013965129852
6352,46.19569396972656,10.131670951843262,4.328979969024658,2.5705270767211914,0.11892122030258179,0.04381945729255676,0.8048997521400452
6353,29.045787811279297,4.2162675857543945,2.899075984954834,2.490593433380127,0.04149573668837547,0.057585880160331726,0.7874758839607239
6354,29.784574508666992,6.721907138824463,4.846467018127441,2.703083038330078,0.09176356345415115,0.0659189224243164,0.8496569991111755
6355,42.16136932373047,12.324645042419434,7.682814121246338,2.1843273639678955,0.12270213663578033,0.12173700332641602,0.5789090991020203
6356,34.400882720947266,3.6169230937957764,4.546153545379639,3.2097792625427246,0.07362841069698334,0.07022738456726074,1.0109728276729584
6357,45.020240783691406,3.699014663696289,9.398805618286133,2.9231860637664795,0.07880838960409164,0.10427740216255188,0.8362846374511719
6358,28.34586524963379,7.490516185760498,5.757852077484131,2.1103367805480957,0.12307189404964447,0.09810590744018555,0.7017383873462677
6359,23.647430419921875,3.4982872009277344,7.870757102966309,2.6594128608703613,0.05400776118040085,0.11669937521219254,0.8086877763271332
6360,38.7472038269043,6.042168617248535,9.471132278442383,1.8182426691055298,0.09807224571704865,0.13849660754203796,0.564949244260788
6361,33.5500602722168,9.076605796813965,9.10450267791748,2.054805278778076,0.12036826461553574,0.11036241054534912,0.6696485280990601
6362,40.40272903442383,4.807589530944824,4.62460470199585,2.4026191234588623,0.04373679310083389,0.06203575059771538,0.7615691423416138
6363,49.180213928222656,5.757412433624268,5.804467678070068,2.444145917892456,0.05666508898139,0.05814998596906662,0.9807071685791016
6364,36.94321060180664,12.523167610168457,13.297881126403809,1.926927924156189,0.11470209062099457,0.1601257026195526,0.7100942432880402
6365,40.991920471191406,3.680954694747925,3.640655755996704,2.2159616947174072,0.03479095920920372,0.036269236356019974,0.7070976495742798
6366,23.67328643798828,15.802661895751953,3.0717222690582275,2.7578930854797363,0.23492223024368286,0.06908654421567917,1.0915176272392273
6367,40.14234924316406,8.53577995300293,5.162997245788574,2.3276431560516357,0.0680360421538353,0.06685788929462433,0.8037898242473602
6368,44.32752990722656,5.160181522369385,4.858076572418213,2.4617972373962402,0.059907130897045135,0.052653856575489044,0.6626445055007935
6369,36.53889083862305,5.804373264312744,8.541728973388672,1.8777523040771484,0.05600305274128914,0.2802196145057678,0.5251653790473938
6370,51.744476318359375,5.551652908325195,6.785731315612793,2.6566593647003174,0.05868587642908096,0.06527213007211685,0.8212163150310516
6371,34.054012298583984,6.7751336097717285,6.698057174682617,3.0135562419891357,0.0595073476433754,0.05976526066660881,1.0116139948368073
6372,40.655452728271484,4.803552150726318,5.667837619781494,2.352397918701172,0.0485071986913681,0.0748860314488411,0.6906981468200684
6373,25.75895118713379,9.11557674407959,3.417482614517212,2.723285436630249,0.11731813848018646,0.05318314582109451,0.9648561477661133
6374,22.16074562072754,8.119711875915527,2.6847333908081055,2.787161350250244,0.10419730842113495,0.025539301335811615,0.9623584747314453
6375,32.49144744873047,8.73865795135498,6.021140098571777,2.9262382984161377,0.12673833966255188,0.09347459673881531,0.9008541107177734
6376,36.51355743408203,4.894748687744141,2.9683573246002197,2.7512149810791016,0.035667140036821365,0.03158947825431824,0.8309372067451477
6377,36.96923065185547,11.795594215393066,3.148864507675171,2.420442819595337,0.24129146337509155,0.048320624977350235,0.645077645778656
6378,30.286317825317383,4.817451000213623,2.837099552154541,2.618562698364258,0.05784987658262253,0.03669964149594307,1.012863278388977
6379,37.01753616333008,13.408585548400879,4.983107566833496,2.8670172691345215,0.09838958084583282,0.06181861832737923,1.337012231349945
6380,41.138492584228516,8.777155876159668,8.69568920135498,2.5912866592407227,0.07342126220464706,0.24645714461803436,0.7114766240119934
6381,32.6964111328125,12.817360877990723,7.663306713104248,2.386986494064331,0.07460141181945801,0.07046643644571304,0.7922823131084442
6382,47.74531173706055,11.338974952697754,5.1166181564331055,2.433894157409668,0.11276392638683319,0.08046272397041321,0.754871666431427
6383,41.12753677368164,4.8228373527526855,2.395900011062622,2.5213465690612793,0.065351702272892,0.03563462197780609,0.9481722712516785
6384,53.761295318603516,7.144720077514648,8.323528289794922,2.4526007175445557,0.08004611730575562,0.2020624279975891,0.6086150407791138
6385,31.442026138305664,2.9984970092773438,5.862092971801758,2.7592482566833496,0.03786783292889595,0.08085846900939941,0.8346534967422485
6386,39.08131408691406,2.375777006149292,4.400396823883057,3.118500232696533,0.04152761399745941,0.06728670001029968,0.9604623019695282
6387,41.44914627075195,11.505504608154297,9.371160507202148,2.552143096923828,0.18401527404785156,0.10388757288455963,0.8645855486392975
6388,31.45855712890625,7.7750444412231445,4.555444717407227,2.2684383392333984,0.07993811368942261,0.07302648574113846,0.9303700923919678
6389,40.10283279418945,3.252967119216919,5.515512943267822,2.5494191646575928,0.03383103013038635,0.10398562997579575,0.8547852337360382
6390,24.358858108520508,5.403474807739258,2.8534395694732666,2.627021074295044,0.08118010312318802,0.03584575653076172,0.867530107498169
6391,53.94599533081055,7.161427974700928,3.551870584487915,2.5446882247924805,0.07027479261159897,0.036748889833688736,0.7279875576496124
6392,52.64033889770508,4.532456874847412,4.823685646057129,2.405245304107666,0.05350881442427635,0.06062765419483185,0.7378404438495636
6393,47.55479049682617,3.6612048149108887,7.090259075164795,2.0572004318237305,0.052538953721523285,0.09239768236875534,0.6444261968135834
6394,38.15871047973633,6.241481304168701,5.530454635620117,2.5013887882232666,0.09065047651529312,0.10813765227794647,0.6647347509860992
6395,37.411598205566406,4.956875801086426,4.035757064819336,2.267777681350708,0.07196736335754395,0.0493442602455616,0.8217110931873322
6396,47.23043441772461,11.138778686523438,6.0724196434021,1.9218696355819702,0.11793534457683563,0.06184202805161476,0.661681056022644
6397,46.10402297973633,8.652316093444824,5.79943323135376,2.3410756587982178,0.06549948453903198,0.05491939187049866,0.6246453821659088
6398,51.72504806518555,6.659568786621094,6.6631317138671875,2.718576431274414,0.07712514698505402,0.09065118432044983,0.7761185169219971
6399,26.20808982849121,5.907516002655029,4.84619665145874,2.2121083736419678,0.04857049882411957,0.11090469360351562,0.6686689853668213
6400,32.58872604370117,8.609142303466797,2.901120901107788,2.4903202056884766,0.11201810836791992,0.05008534714579582,0.852512776851654
6401,30.706079483032227,5.225788593292236,6.623090744018555,2.41630220413208,0.08354867994785309,0.07431057095527649,0.7982566356658936
6402,27.409305572509766,4.575503349304199,7.069873332977295,2.2627310752868652,0.09646512567996979,0.10457948595285416,0.6310586333274841
6403,70.40569305419922,3.7421367168426514,9.277352333068848,2.175494909286499,0.038003966212272644,0.10517856478691101,0.7284092009067535
6404,31.75625991821289,6.11959981918335,11.422761917114258,2.1430158615112305,0.049646250903606415,0.09113242477178574,0.7873412668704987
6405,61.58405303955078,5.413834095001221,5.0627923011779785,2.6966772079467773,0.035627491772174835,0.06756538152694702,0.7301211357116699
6406,25.460241317749023,7.7866926193237305,1.2742788791656494,2.933035373687744,0.07244483381509781,0.03202594816684723,1.2327699065208435
6407,39.2267951965332,12.258764266967773,2.4746830463409424,2.6929914951324463,0.17233844101428986,0.030323192477226257,0.8138106465339661
6408,34.905616760253906,2.9020252227783203,4.71894645690918,2.9667227268218994,0.05175456404685974,0.04991600289940834,0.9233526587486267
6409,30.418716430664062,5.694656848907471,2.8986644744873047,2.9302544593811035,0.05990132689476013,0.04516712576150894,1.0762514472007751
6410,30.999691009521484,12.13930606842041,2.214513063430786,2.869903087615967,0.11274081468582153,0.034695982933044434,1.0381766557693481
6411,40.712764739990234,5.857038497924805,9.27921199798584,2.3001279830932617,0.07080098986625671,0.08317208290100098,0.6664701402187347
6412,41.173118591308594,5.036079406738281,4.380002975463867,2.138400077819824,0.1030011996626854,0.06095270812511444,0.6863887906074524
6413,30.21660614013672,8.534568786621094,3.2509970664978027,2.225266695022583,0.08901248127222061,0.06689629703760147,0.7161481082439423
6414,39.24337387084961,5.4342474937438965,6.344264030456543,2.1352286338806152,0.0770534947514534,0.12128929793834686,0.6704751253128052
6415,45.225341796875,5.88417911529541,3.788741111755371,2.5341639518737793,0.07310161739587784,0.04331748187541962,0.8400896787643433
6416,34.26459503173828,5.499904155731201,3.0591177940368652,3.2076072692871094,0.04399384185671806,0.052904799580574036,1.085119903087616
6417,55.88567352294922,5.705202579498291,5.67496919631958,2.545212984085083,0.05622267723083496,0.12224723398685455,0.7129408121109009
6418,24.45657730102539,6.16707706451416,2.7656965255737305,2.651588201522827,0.06381236016750336,0.048982538282871246,0.8737212717533112
6419,32.66523742675781,5.466245651245117,4.469511985778809,2.660966634750366,0.046856559813022614,0.09115453064441681,0.9527378976345062
6420,41.52231979370117,20.084171295166016,7.924346446990967,2.3545889854431152,0.1763259321451187,0.11523806303739548,0.6998827159404755
6421,43.8222770690918,8.73108196258545,3.3682122230529785,2.149468421936035,0.09618254750967026,0.05006105452775955,0.6664972603321075
6422,22.956478118896484,8.255197525024414,8.803937911987305,2.0348620414733887,0.10936683416366577,0.13217350840568542,0.6371664106845856
6423,36.5340461730957,4.209195137023926,2.486809492111206,2.4464833736419678,0.07000163197517395,0.04373786598443985,0.888487309217453
6424,28.622142791748047,5.962001800537109,3.4672462940216064,2.7456212043762207,0.06067359447479248,0.08020441979169846,0.8313703238964081
6425,42.274757385253906,9.424703598022461,10.993084907531738,2.613797903060913,0.09488338232040405,0.12519650161266327,0.7901257574558258
6426,24.05181312561035,9.837231636047363,4.996864318847656,2.2879257202148438,0.1305818259716034,0.07629874348640442,0.9861401915550232
6427,30.76682472229004,4.544674396514893,2.8229098320007324,2.195155143737793,0.08663494884967804,0.06504416465759277,0.7670004963874817
6428,27.557018280029297,7.794718265533447,6.5159478187561035,3.100595474243164,0.09694930911064148,0.0831834152340889,1.0542694926261902
6429,28.49408721923828,3.0717759132385254,7.881078720092773,2.3434975147247314,0.05325315147638321,0.06993712484836578,0.7711816430091858
6430,26.671131134033203,8.793180465698242,4.757029056549072,2.0914337635040283,0.12803485989570618,0.06245099753141403,0.7088110744953156
6431,35.77412033081055,3.9366979598999023,4.864428997039795,2.9182326793670654,0.0576493963599205,0.05584253370761871,1.0153367221355438
6432,32.82542419433594,3.26800274848938,9.41281509399414,2.5368831157684326,0.045272886753082275,0.13553494215011597,0.7371419370174408
6433,31.85879898071289,6.037841796875,3.2104756832122803,2.7013931274414062,0.060197845101356506,0.038260359317064285,0.9424872994422913
6434,54.42277526855469,4.188415050506592,9.189693450927734,2.377540111541748,0.08154070377349854,0.18735890090465546,0.7265826761722565
6435,35.67435073852539,7.667609691619873,5.234729766845703,2.3725063800811768,0.0595148429274559,0.05713815242052078,0.748162716627121
6436,40.47154235839844,9.85218334197998,1.4814262390136719,3.0373942852020264,0.09867968410253525,0.03875008225440979,0.9794199466705322
6437,32.16119384765625,9.528674125671387,6.556423664093018,2.244987964630127,0.08446580916643143,0.10379283130168915,0.7236248254776001
6438,41.34941101074219,7.352681636810303,3.7016947269439697,2.738110303878784,0.09320284426212311,0.04021365940570831,1.0559448599815369
6439,51.124755859375,13.697195053100586,8.566662788391113,2.367699384689331,0.5142388939857483,0.11065197736024857,0.8752162456512451
6440,49.66123580932617,11.360451698303223,6.864260673522949,2.366142511367798,0.10358863323926926,0.12013529241085052,0.7914523184299469
6441,41.315311431884766,15.343448638916016,2.710594654083252,2.013368606567383,0.1833355873823166,0.04148624464869499,0.6320258975028992
6442,62.11903762817383,13.502124786376953,2.4813427925109863,2.4329240322113037,0.08988003432750702,0.06134561449289322,0.701541930437088
6443,35.23699951171875,4.922398090362549,3.474548101425171,2.647840738296509,0.05476256087422371,0.04345910996198654,0.8986147046089172
6444,83.44965362548828,8.41372013092041,5.279834270477295,2.1475613117218018,0.10187387466430664,0.0594915896654129,0.737674742937088
6445,37.55335998535156,12.691039085388184,6.461012840270996,2.0599334239959717,0.2267681360244751,0.08041584491729736,0.7119744718074799
6446,34.92734909057617,9.562727928161621,2.6393630504608154,2.8859894275665283,0.06200996786355972,0.036644771695137024,0.9981794953346252
6447,40.413978576660156,10.810343742370605,3.336386203765869,2.4182605743408203,0.08867986500263214,0.049477629363536835,0.8007572889328003
6448,30.4298095703125,5.265600204467773,7.812981128692627,2.1269803047180176,0.04354553297162056,0.15718252956867218,0.6640303730964661
6449,35.201133728027344,16.232919692993164,6.105872631072998,2.767350435256958,0.21559928357601166,0.04778076335787773,0.8552809655666351
6450,72.26378631591797,3.6342837810516357,2.73722767829895,2.904567241668701,0.04626947268843651,0.04850328341126442,0.9550330638885498
6451,39.04660415649414,4.818148136138916,1.3641529083251953,2.7317686080932617,0.030431590974330902,0.02780143916606903,0.813850998878479
6452,27.564311981201172,6.975999355316162,7.2992963790893555,2.0129668712615967,0.10925605893135071,0.10972447693347931,0.6296205520629883
6453,38.260250091552734,10.611578941345215,9.528843879699707,2.001023054122925,0.1390397548675537,0.08322999626398087,0.7393463551998138
6454,102.35749053955078,6.782577991485596,3.353196382522583,2.2200851440429688,0.17562492191791534,0.04595992714166641,0.6357388496398926
6455,30.720338821411133,2.6411516666412354,4.104269981384277,2.819171667098999,0.043365105986595154,0.10372650623321533,0.8604972064495087
6456,33.41691207885742,6.972321510314941,2.9764699935913086,2.493426561355591,0.06983047723770142,0.042855262756347656,0.8724137246608734
6457,59.91830062866211,10.824254989624023,5.579007625579834,2.351036310195923,0.09980013221502304,0.04555455967783928,0.748075395822525
6458,26.735265731811523,5.700573921203613,2.7422099113464355,2.9981133937835693,0.07354168593883514,0.05666463077068329,1.2434446513652802
6459,50.233245849609375,9.438423156738281,2.790623188018799,2.4758942127227783,0.11266251653432846,0.051565833389759064,0.7497188448905945
6460,38.10038375854492,9.844740867614746,8.786952018737793,2.41321063041687,0.06792862713336945,0.2081860899925232,0.7569221258163452
6461,27.702198028564453,9.609249114990234,2.6212055683135986,2.184934616088867,0.13402295112609863,0.042080506682395935,0.7318311631679535
6462,41.347068786621094,8.770540237426758,4.0424485206604,2.73197865486145,0.07182951271533966,0.07107420265674591,0.7141375243663788
6463,42.15322494506836,4.493472576141357,4.962072849273682,2.382845878601074,0.056985899806022644,0.04616281017661095,0.7317794263362885
6464,36.31098175048828,9.45667552947998,3.3858654499053955,2.0864152908325195,0.11597251892089844,0.04254305362701416,0.6287887990474701
6465,33.021949768066406,8.039758682250977,4.84251070022583,2.4410598278045654,0.11657959222793579,0.04911414533853531,0.8140684068202972
6466,36.99375534057617,4.799814224243164,5.001969337463379,2.6650941371917725,0.06848496943712234,0.058967262506484985,0.8081353902816772
6467,65.0982437133789,5.32323694229126,5.55510950088501,2.3147363662719727,0.0636814534664154,0.09050936251878738,0.7707614302635193
6468,33.125511169433594,6.160311698913574,2.1372830867767334,2.6056878566741943,0.050358932465314865,0.03826439380645752,0.9028943777084351
6469,37.190975189208984,6.904489517211914,2.110340118408203,2.52091646194458,0.10330948978662491,0.04308179020881653,0.831203818321228
6470,38.975433349609375,9.156437873840332,2.3628177642822266,2.8431177139282227,0.09692652523517609,0.03180238604545593,0.9410718679428101
6471,34.426639556884766,4.126227378845215,4.267683029174805,2.521570920944214,0.03680199384689331,0.04237978532910347,0.7053265273571014
6472,37.221858978271484,8.580317497253418,3.5698368549346924,2.420490026473999,0.12206242233514786,0.05855666100978851,0.7331059873104095
6473,35.896446228027344,7.573326110839844,3.7205018997192383,2.3644068241119385,0.1143406480550766,0.06322506070137024,0.8134846091270447
6474,24.083417892456055,6.0646796226501465,2.4620299339294434,2.795368194580078,0.055347979068756104,0.035747166723012924,1.1082818508148193
6475,32.53994369506836,8.502997398376465,1.1269607543945312,2.8089144229888916,0.10623961687088013,0.03722555562853813,1.034932404756546
6476,36.158111572265625,7.41301965713501,3.1208603382110596,2.702836036682129,0.06608740985393524,0.036872655153274536,0.8412725031375885
6477,31.914899826049805,4.5087571144104,3.8486597537994385,2.303311824798584,0.0525653213262558,0.0690154954791069,0.735250324010849
6478,69.77823638916016,5.365514755249023,2.1009857654571533,2.8253984451293945,0.04044916480779648,0.0296047143638134,0.7586503624916077
6479,29.771209716796875,7.083517074584961,2.47554612159729,2.9628870487213135,0.12297053635120392,0.0453854501247406,1.203598141670227
6480,44.51699447631836,6.5600175857543945,5.255012035369873,2.4465622901916504,0.07247646152973175,0.09092611819505692,0.7897539734840393
6481,44.0073356628418,2.7743940353393555,1.9787153005599976,2.929032564163208,0.03258969634771347,0.03457828611135483,0.945388913154602
6482,35.58816909790039,7.257113933563232,10.25798511505127,2.3969709873199463,0.0690329298377037,0.2241821438074112,0.6009045839309692
6483,26.501676559448242,4.944194316864014,2.530381441116333,3.0349678993225098,0.11402548104524612,0.05158909410238266,1.144079864025116
6484,31.892332077026367,5.711094379425049,2.690990686416626,2.3112826347351074,0.0568237230181694,0.03629571199417114,0.7808758020401001
6485,44.39787292480469,4.060368061065674,5.703471660614014,1.9420833587646484,0.05168683081865311,0.1430259346961975,0.5970527231693268
6486,28.775344848632812,4.459197521209717,8.03432559967041,1.9765433073043823,0.0531134307384491,0.13231275975704193,0.6560421288013458
6487,39.06645584106445,5.954172134399414,3.143404245376587,2.2012088298797607,0.044619008898735046,0.05380894988775253,0.6948914229869843
6488,47.663639068603516,7.396153926849365,9.07695198059082,2.5011463165283203,0.08303613215684891,0.10668610036373138,0.9160537719726562
6489,32.39535140991211,3.3719050884246826,5.124394416809082,2.5153489112854004,0.05725480243563652,0.05164623633027077,0.8248818814754486
6490,25.032814025878906,10.358369827270508,8.972896575927734,1.9817547798156738,0.07411102950572968,0.10068230330944061,0.7623179852962494
6491,63.213958740234375,10.840386390686035,4.594551086425781,2.5247490406036377,0.15235450863838196,0.0874023288488388,0.8062779307365417
6492,27.439990997314453,6.973143577575684,6.770740985870361,3.0053794384002686,0.06050804257392883,0.08695331960916519,0.989193856716156
6493,36.150516510009766,7.852170944213867,2.798146963119507,2.1452434062957764,0.0960504561662674,0.04008800536394119,0.6344824135303497
6494,39.07560729980469,6.08122444152832,7.576744079589844,2.752830982208252,0.051240406930446625,0.08376002311706543,0.7853553295135498
6495,38.13642883300781,6.3571248054504395,3.583594799041748,2.5580391883850098,0.07158215343952179,0.044183842837810516,0.9384758472442627
6496,30.164936065673828,10.82903003692627,9.028157234191895,2.123905658721924,0.15998506546020508,0.09542489796876907,0.9383549690246582
6497,24.667978286743164,10.184069633483887,4.576225757598877,2.792353630065918,0.2760910391807556,0.0711788609623909,0.9230842888355255
6498,27.209877014160156,13.418845176696777,3.8835015296936035,2.4991157054901123,0.3456258475780487,0.060253869742155075,0.7342174351215363
6499,64.34986877441406,7.012394905090332,11.012985229492188,1.6440430879592896,0.0964054986834526,0.1645396500825882,0.536848247051239
6500,41.54439926147461,7.276462078094482,3.1265547275543213,1.8982734680175781,0.08615627139806747,0.06330607086420059,0.5931578576564789
6501,32.352874755859375,10.034423828125,7.358527660369873,1.82258939743042,0.08081767708063126,0.08152301609516144,0.6353070437908173
6502,27.18963623046875,2.470256805419922,2.6630160808563232,2.644796848297119,0.03691694140434265,0.04158518463373184,0.896657258272171
6503,31.838130950927734,12.156399726867676,7.798651695251465,2.1586508750915527,0.1358739733695984,0.09569839388132095,0.7362512350082397
6504,31.539794921875,5.889310836791992,5.326473712921143,2.405094623565674,0.07642237097024918,0.10431261360645294,0.7399345636367798
6505,60.211666107177734,4.398449420928955,2.3164751529693604,3.266162395477295,0.044134728610515594,0.051851749420166016,0.9168049097061157
6506,57.483463287353516,9.614294052124023,5.473077774047852,2.2482450008392334,0.0718006044626236,0.0852244645357132,0.6655961871147156
6507,86.58789825439453,2.9982073307037354,3.1806154251098633,3.877790927886963,0.04467598348855972,0.0475166030228138,1.4584115147590637
6508,45.601898193359375,2.0496649742126465,3.0730602741241455,3.472323417663574,0.03963826596736908,0.043532367795705795,0.9428162574768066
6509,92.48463439941406,3.5338661670684814,11.008415222167969,2.9390203952789307,0.041048333048820496,0.16969338059425354,0.9626454710960388
6510,38.52994155883789,17.838134765625,12.875088691711426,2.4127488136291504,0.30124610662460327,0.152593731880188,0.7449880242347717
6511,42.32166290283203,13.690266609191895,12.129182815551758,2.253754138946533,0.37209221720695496,0.09410732239484787,0.6468236446380615
6512,49.2523307800293,4.024326801300049,5.574952602386475,2.335958242416382,0.06385903805494308,0.06197190284729004,0.7643464803695679
6513,43.78998947143555,5.593478202819824,3.1971988677978516,2.140291929244995,0.05723012983798981,0.03851047158241272,0.7978494763374329
6514,38.147220611572266,8.532632827758789,4.553269863128662,2.1644041538238525,0.10645239055156708,0.043595101684331894,0.7555324137210846
6515,45.99242401123047,16.37239646911621,7.342267036437988,2.1722347736358643,0.24200411140918732,0.06243614852428436,0.6647738516330719
6516,59.45547866821289,6.807249546051025,10.922796249389648,2.5368704795837402,0.07602865993976593,0.15059033036231995,0.7220892310142517
6517,49.722652435302734,4.04632043838501,4.320149898529053,2.642749547958374,0.04636182263493538,0.04160017892718315,0.889844685792923
6518,49.36176300048828,9.925006866455078,5.691972732543945,2.527975082397461,0.08072151243686676,0.08070310950279236,0.7634701430797577
6519,50.27104187011719,5.315426349639893,6.5376057624816895,2.4828243255615234,0.049023985862731934,0.08857854455709457,0.6219626069068909
6520,43.74392318725586,8.10109806060791,7.527738571166992,2.1061906814575195,0.09821251779794693,0.11195212602615356,0.6747971177101135
6521,30.946962356567383,7.659659385681152,6.151028633117676,2.0819830894470215,0.08985597640275955,0.09199954569339752,0.6183497905731201
6522,50.61136245727539,9.355483055114746,4.0174736976623535,2.7386720180511475,0.11456398665904999,0.05526769533753395,0.9200754165649414
6523,28.984386444091797,9.447389602661133,7.679629325866699,1.8688793182373047,0.06509734690189362,0.05394389107823372,0.6580978631973267
6524,38.310787200927734,8.409714698791504,8.815013885498047,2.3499796390533447,0.0742773711681366,0.15363670885562897,0.6362552046775818
6525,29.921810150146484,5.2638678550720215,6.428174018859863,2.5495710372924805,0.05681118369102478,0.08265917003154755,0.9423282742500305
6526,54.894752502441406,7.6620941162109375,3.6737873554229736,2.1591851711273193,0.07255370914936066,0.06715089082717896,0.6424367725849152
6527,64.54658508300781,5.889827251434326,6.958748817443848,2.104463577270508,0.03174638748168945,0.0797216147184372,0.7405937910079956
6528,43.7705078125,16.112842559814453,1.4004055261611938,2.8281099796295166,0.18663547933101654,0.03227609023451805,0.8817969560623169
6529,41.15011215209961,4.262279510498047,4.3957343101501465,2.5768167972564697,0.05884724110364914,0.03354346752166748,0.7010261416435242
6530,36.61701202392578,14.019935607910156,2.8842852115631104,2.312727689743042,0.2675950229167938,0.03548433259129524,0.6855565309524536
6531,47.08315658569336,7.210811138153076,3.3639307022094727,2.3168833255767822,0.11525305360555649,0.04345598816871643,0.6671662330627441
6532,36.60599136352539,8.01082706451416,3.908623456954956,3.1003103256225586,0.06064925342798233,0.0514623299241066,0.8047739267349243
6533,41.38639450073242,9.850229263305664,4.1705803871154785,2.398169994354248,0.10479167103767395,0.07499554753303528,0.6373771876096725
6534,27.41094970703125,8.154462814331055,3.435659885406494,2.231658697128296,0.06126587837934494,0.04808230698108673,0.6489537954330444
6535,34.549293518066406,3.336855173110962,9.131388664245605,2.3124501705169678,0.03318741172552109,0.17524954676628113,0.7397235333919525
6536,26.469520568847656,11.056199073791504,3.8415355682373047,2.649689197540283,0.1383669525384903,0.07975944131612778,0.930487871170044
6537,39.377655029296875,10.026633262634277,3.2093520164489746,2.3524115085601807,0.18271327018737793,0.0456409677863121,0.6974496245384216
6538,38.48556900024414,4.709545612335205,3.713214874267578,2.447746992111206,0.04065626114606857,0.05844181030988693,0.7235270440578461
6539,34.57637405395508,5.322981357574463,3.083005428314209,2.0050220489501953,0.10927081108093262,0.04748621582984924,0.6430374085903168
6540,56.86805725097656,6.7555975914001465,9.869041442871094,2.143256664276123,0.06193143129348755,0.07471934705972672,0.7848567962646484
6541,29.92186164855957,4.09262228012085,3.0158495903015137,2.1830365657806396,0.06186502426862717,0.09331631660461426,0.6537532806396484
6542,37.50864791870117,11.157807350158691,3.0660016536712646,2.4572150707244873,0.20465421676635742,0.034119561314582825,0.8288675248622894
6543,34.78193283081055,4.76710844039917,1.163211703300476,2.4410758018493652,0.06268292665481567,0.02693525329232216,0.7003336250782013
6544,23.854230880737305,5.286719799041748,9.455446243286133,2.172945022583008,0.08358126133680344,0.1285044252872467,0.731575220823288
6545,28.49472999572754,9.023136138916016,5.562819004058838,1.9361262321472168,0.14386583864688873,0.06856240332126617,0.6649360656738281
6546,38.60895538330078,3.4545199871063232,6.915164470672607,2.648224115371704,0.04687478765845299,0.0868711844086647,0.8165732026100159
6547,35.428680419921875,3.302584648132324,3.993723154067993,3.5448901653289795,0.047346338629722595,0.042908355593681335,1.033297449350357
6548,31.30708885192871,22.902923583984375,3.149148941040039,2.39599347114563,0.18422867357730865,0.03858437389135361,0.7792253196239471
6549,31.860851287841797,4.0645270347595215,5.282002925872803,2.0784144401550293,0.05254998058080673,0.06709010899066925,0.9018863439559937
6550,25.068716049194336,2.4108967781066895,5.534440517425537,2.759836196899414,0.03892088681459427,0.05507506802678108,0.9128741323947906
6551,33.80342483520508,12.584754943847656,6.5078582763671875,2.651198387145996,0.2855565547943115,0.0978221595287323,1.1281345188617706
6552,39.35277557373047,21.41990089416504,7.092689514160156,2.272770404815674,0.17217281460762024,0.0894390195608139,0.8270131945610046
6553,31.538312911987305,8.044297218322754,5.755089282989502,2.4847612380981445,0.07386165857315063,0.07693837583065033,0.9931209683418274
6554,28.2047176361084,8.428053855895996,5.923482418060303,2.5317165851593018,0.05655989795923233,0.05364718288183212,0.9404745101928711
6555,23.796955108642578,10.379908561706543,5.858668804168701,2.010014295578003,0.13830405473709106,0.07116812467575073,0.6027433276176453
6556,27.980106353759766,6.247913360595703,9.723899841308594,2.6107568740844727,0.0750439241528511,0.08572597801685333,0.8434364199638367
6557,40.679290771484375,9.29667854309082,6.404196739196777,2.9998719692230225,0.07168331742286682,0.16743575036525726,1.1216897368431091
6558,35.16648483276367,7.0792317390441895,2.220871686935425,2.7416138648986816,0.10065077990293503,0.03435308486223221,1.006484866142273
6559,28.078433990478516,6.561384201049805,3.851358652114868,2.6498138904571533,0.0711229145526886,0.07766763865947723,0.8579720258712769
6560,35.79579544067383,3.567739486694336,2.3841023445129395,2.7557806968688965,0.06093646213412285,0.04100329428911209,0.9978719651699066
6561,22.937944412231445,4.470249652862549,8.408677101135254,2.4662728309631348,0.04821346700191498,0.20538774132728577,0.7276524901390076
6562,46.666419982910156,6.959336757659912,7.133619785308838,2.5025522708892822,0.05852506309747696,0.1283303052186966,0.679848313331604
6563,31.90367889404297,6.608010292053223,3.8512420654296875,2.569276809692383,0.04514659196138382,0.04013974964618683,0.8555283844470978
6564,43.57282638549805,2.966722011566162,6.471449851989746,2.5322492122650146,0.03524935990571976,0.06736792623996735,0.6544163227081299
6565,50.68779754638672,7.195010662078857,3.329049825668335,2.3253209590911865,0.0724371075630188,0.046302974224090576,0.7196861207485199
6566,30.236207962036133,7.943570137023926,2.8653340339660645,2.5100061893463135,0.0610104501247406,0.05847858265042305,0.8036631941795349
6567,37.94806671142578,7.7521443367004395,4.320758819580078,2.634016513824463,0.14025884866714478,0.10260842740535736,0.9467764794826508
6568,29.02280044555664,9.670992851257324,4.371481418609619,2.1210110187530518,0.07392746210098267,0.06983637809753418,0.7696786820888519
6569,35.080265045166016,3.8606224060058594,3.517707347869873,2.2274088859558105,0.0459357351064682,0.048321858048439026,0.6935330331325531
6570,42.802207946777344,3.952576160430908,3.69407320022583,2.6475746631622314,0.039909087121486664,0.05089309811592102,0.919101893901825
6571,39.275386810302734,7.364887237548828,6.5896806716918945,2.0713512897491455,0.06405530869960785,0.10784614086151123,0.7541907131671906
6572,42.40812683105469,9.233257293701172,4.578902721405029,2.416898488998413,0.08011705428361893,0.09389643371105194,0.7839539647102356
6573,40.89128875732422,2.5453264713287354,4.871231555938721,2.4140353202819824,0.03361864760518074,0.07479587942361832,0.7847419679164886
6574,36.85194396972656,3.1507811546325684,2.8658270835876465,2.403021812438965,0.03518383577466011,0.03838679939508438,0.7276616096496582
6575,35.737022399902344,3.2036056518554688,6.573619842529297,2.3029539585113525,0.0363796092569828,0.06286747008562088,0.7599844038486481
6576,25.76720428466797,13.147274017333984,7.195008277893066,3.1937036514282227,0.14315535128116608,0.10299156606197357,0.9224722683429718
6577,49.114017486572266,4.3922247886657715,6.7105937004089355,2.498091459274292,0.034442611038684845,0.13086183369159698,0.7065052390098572
6578,48.83699035644531,13.148862838745117,6.33732271194458,2.3982198238372803,0.09937596321105957,0.08764669299125671,0.8669995069503784
6579,44.87830352783203,7.8053507804870605,8.354705810546875,2.6140079498291016,0.08148616552352905,0.14459925889968872,0.7572891712188721
6580,31.069778442382812,24.95769691467285,1.5093148946762085,2.5417263507843018,0.17464062571525574,0.02832391858100891,0.7761365175247192
6581,58.10102081298828,6.668010711669922,4.183785915374756,3.0037147998809814,0.04184122383594513,0.05556543171405792,0.8284843862056732
6582,50.00850296020508,6.0206828117370605,2.627675771713257,2.547469139099121,0.08532564342021942,0.038255542516708374,0.8592464923858643
6583,50.925750732421875,8.41276741027832,6.902261257171631,2.1135761737823486,0.07919683307409286,0.12715654075145721,0.5695631206035614
6584,30.12029457092285,7.363283157348633,4.1874494552612305,2.6980085372924805,0.12411893904209137,0.05257275328040123,0.8327178657054901
6585,33.5106086730957,9.458113670349121,3.4715046882629395,2.1096622943878174,0.13511499762535095,0.04526229202747345,0.7375413775444031
6586,28.747995376586914,12.515976905822754,6.581616401672363,2.0518929958343506,0.12860709428787231,0.09850887209177017,0.6940450370311737
6587,36.19009017944336,14.276013374328613,5.9703216552734375,2.4256272315979004,0.12442848086357117,0.09230197221040726,0.9847161769866943
6588,25.993911743164062,3.2458724975585938,7.77130651473999,2.306544542312622,0.04078023135662079,0.11321999132633209,0.7281613051891327
6589,41.59693145751953,3.5034983158111572,3.929579734802246,2.640958070755005,0.03227104991674423,0.03968546539545059,0.652307391166687
6590,37.202640533447266,5.711495399475098,4.846249103546143,2.2640886306762695,0.05944155901670456,0.07637670636177063,0.7790933847427368
6591,30.162704467773438,5.394107818603516,6.503865718841553,2.484602212905884,0.04723761975765228,0.058895837515592575,0.8186986446380615
6592,25.821224212646484,5.205516815185547,5.008097171783447,2.238619804382324,0.08159806579351425,0.09202200174331665,0.7783347368240356
6593,63.873538970947266,9.16119384765625,5.142634868621826,3.1388254165649414,0.05581768602132797,0.045858003199100494,1.0412819385528564
6594,40.40347671508789,7.936099052429199,5.346614360809326,2.925081729888916,0.049440741539001465,0.038466598838567734,0.9563962519168854
6595,57.098114013671875,7.154026508331299,2.763695478439331,2.39231538772583,0.08888491988182068,0.028780199587345123,0.7349326312541962
6596,33.37794876098633,6.8950371742248535,2.0340254306793213,2.5560526847839355,0.08440732955932617,0.028276532888412476,0.844124048948288
6597,54.5416374206543,8.082481384277344,10.930479049682617,2.5195887088775635,0.06987354904413223,0.1652866154909134,0.7981095612049103
6598,30.654895782470703,4.1839213371276855,4.36986780166626,2.6840944290161133,0.06338505446910858,0.06667089462280273,0.9478575587272644
6599,108.05471801757812,7.275286674499512,4.689902305603027,2.732076406478882,0.16730284690856934,0.045094575732946396,0.7388754487037659
6600,41.37287902832031,5.220388412475586,6.798968315124512,2.671111583709717,0.041669316589832306,0.078654445707798,0.6912641227245331
6601,62.224205017089844,7.924759864807129,2.871483564376831,2.3603861331939697,0.07191504538059235,0.0478987917304039,0.6358985900878906
6602,35.48152160644531,9.703678131103516,10.029521942138672,2.917010545730591,0.11815804988145828,0.05977500230073929,1.094709575176239
6603,57.65492630004883,11.495985984802246,2.9622280597686768,2.8449578285217285,0.0728197991847992,0.050007324665784836,0.9157311022281647
6604,45.79618835449219,25.910282135009766,3.9427177906036377,2.2797584533691406,0.26006782054901123,0.07877130061388016,0.607040286064148
6605,103.39862060546875,10.106393814086914,2.9531939029693604,2.5291574001312256,0.12382281571626663,0.038499779999256134,0.698316216468811
6606,31.959829330444336,9.086042404174805,3.3340659141540527,2.732445240020752,0.1074863001704216,0.04602512717247009,0.9269567430019379
6607,41.69220733642578,5.457841873168945,4.587699890136719,2.430216073989868,0.05447833985090256,0.05319231003522873,0.6889373660087585
6608,82.1386947631836,3.651585340499878,2.576842784881592,2.0660431385040283,0.05312955752015114,0.035086046904325485,0.7021072804927826
6609,36.85026168823242,9.025176048278809,4.373813629150391,1.8874292373657227,0.06030944362282753,0.053657740354537964,0.6676923036575317
6610,47.8105354309082,8.699715614318848,4.369546890258789,2.4411780834198,0.10152743756771088,0.06191512197256088,0.6190229654312134
6611,26.644302368164062,4.037472724914551,4.1464715003967285,2.222097635269165,0.04120557755231857,0.09720104187726974,0.6270270645618439
6612,26.337139129638672,4.1114583015441895,6.740607738494873,2.1106162071228027,0.035157207399606705,0.18859881162643433,0.8161971569061279
6613,31.066600799560547,5.825414180755615,7.962636947631836,2.02665638923645,0.0846715047955513,0.13370873034000397,0.6030630171298981
6614,41.354854583740234,13.88953685760498,3.9509007930755615,2.358994960784912,0.31496044993400574,0.05862479656934738,0.7047372758388519
6615,42.149131774902344,3.8128113746643066,3.3254265785217285,2.5189077854156494,0.035095684230327606,0.06461669504642487,0.7464479207992554
6616,37.341922760009766,13.993269920349121,9.030950546264648,2.150092840194702,0.12314386665821075,0.0893750861287117,0.809877336025238
6617,41.927616119384766,7.615287780761719,7.857076168060303,2.52372670173645,0.08331320434808731,0.09595674276351929,0.8371434509754181
6618,31.641202926635742,6.45757532119751,5.215874671936035,2.2861671447753906,0.09085047990083694,0.05421030521392822,0.7242661118507385
6619,29.13497543334961,3.704273223876953,4.673138618469238,2.29911732673645,0.07694132626056671,0.07000584900379181,0.71787428855896
6620,32.15077209472656,3.2511119842529297,5.380180835723877,2.627162456512451,0.041346319019794464,0.09236618131399155,0.8425613939762115
6621,40.38058090209961,11.054583549499512,2.153581380844116,2.835693359375,0.13096186518669128,0.03248880058526993,0.9200245141983032
6622,27.454416275024414,3.7695584297180176,5.160182952880859,2.7684383392333984,0.0746544897556305,0.07710589468479156,1.060236006975174
6623,41.790157318115234,7.5832343101501465,3.1776604652404785,2.572807550430298,0.05252433195710182,0.034256961196660995,0.8176770806312561
6624,21.57686996459961,3.7911579608917236,3.1921465396881104,2.484487295150757,0.04954072833061218,0.037939466536045074,0.7370726764202118
6625,44.01753234863281,6.793604850769043,4.024377822875977,2.653435230255127,0.04885976016521454,0.06052692234516144,0.8299307525157928
6626,64.92304229736328,13.217179298400879,4.648371696472168,2.519394636154175,0.2900254428386688,0.05487680435180664,0.7157776355743408
6627,42.938270568847656,4.928077220916748,4.572207927703857,3.0116050243377686,0.07284910976886749,0.04816559702157974,1.0367614030838013
6628,60.00581359863281,4.5097246170043945,9.529329299926758,2.6916427612304688,0.042510904371738434,0.10387386381626129,0.7866096496582031
6629,34.75443649291992,16.408916473388672,2.0523314476013184,2.323974370956421,0.13361643254756927,0.04260643944144249,0.6662635207176208
6630,50.55379104614258,4.191629409790039,7.059593200683594,2.388209819793701,0.042460471391677856,0.11094461381435394,0.6391327381134033
6631,45.97883987426758,3.7642335891723633,7.2484846115112305,2.6717469692230225,0.04306641221046448,0.10992715507745743,0.784974604845047
6632,54.05516815185547,7.431917190551758,9.843143463134766,1.974374532699585,0.05988086014986038,0.09579586237668991,0.5196669697761536
6633,39.5078010559082,11.465866088867188,6.778010368347168,2.424851179122925,0.17033284902572632,0.09891442209482193,0.9149075150489807
6634,39.35272216796875,11.79151439666748,10.942754745483398,2.8410911560058594,0.12430502474308014,0.24228033423423767,0.8372399806976318
6635,34.65087890625,4.416191577911377,6.113705158233643,2.129988193511963,0.06939217448234558,0.1197141706943512,0.6788714230060577
6636,22.917078018188477,3.4532110691070557,5.022418975830078,2.3571040630340576,0.051999904215335846,0.08899131417274475,0.8403084576129913
6637,45.81764221191406,14.15233039855957,10.989654541015625,3.654724597930908,0.10759308189153671,0.11406726390123367,1.052631676197052
6638,51.33146667480469,5.442724704742432,3.091609239578247,2.640092134475708,0.07192464172840118,0.0459979847073555,0.9098366498947144
6639,60.16774368286133,14.33752155303955,2.446157455444336,2.573521852493286,0.10023476183414459,0.029808901250362396,0.919083833694458
6640,35.89360427856445,17.719152450561523,8.271238327026367,2.5112247467041016,0.28398817777633667,0.13091632723808289,0.7856224179267883
6641,31.988428115844727,2.9783449172973633,2.4440152645111084,2.0174858570098877,0.03449525684118271,0.04514739662408829,0.642562061548233
6642,28.60580825805664,8.606422424316406,4.679804801940918,2.276397943496704,0.10116340219974518,0.0770091861486435,0.6249673366546631
6643,32.384681701660156,5.660841464996338,6.495869159698486,2.0954415798187256,0.06188587844371796,0.1495225727558136,0.6645149290561676
6644,39.375492095947266,5.811887741088867,7.149505615234375,2.5681235790252686,0.07394220679998398,0.07175153493881226,0.7679594457149506
6645,44.77359390258789,3.2040646076202393,4.911556243896484,2.413402557373047,0.04038786143064499,0.08823587745428085,0.822495311498642
6646,35.53870391845703,3.981961965560913,6.58748722076416,2.203407049179077,0.04460813105106354,0.09993582963943481,0.6908285021781921
6647,47.95393371582031,6.37149715423584,2.9134654998779297,2.295428514480591,0.04137866944074631,0.036985740065574646,0.6829055845737457
6648,39.69806671142578,4.967373847961426,2.364185094833374,2.6460864543914795,0.05167926847934723,0.03968200460076332,0.7494025230407715
6649,47.50790023803711,10.300636291503906,4.407615661621094,2.6232848167419434,0.09431277960538864,0.057753585278987885,0.7729401886463165
6650,39.94473648071289,8.673422813415527,5.145774841308594,2.16782808303833,0.11829228699207306,0.058177653700113297,0.6767096817493439
6651,29.275259017944336,10.531901359558105,5.142333030700684,2.702749013900757,0.14269839227199554,0.059724245220422745,1.0324475169181824
6652,58.08030319213867,10.251348495483398,4.932720184326172,2.1040735244750977,0.07450366765260696,0.0804968923330307,0.6638015508651733
6653,29.588802337646484,10.187590599060059,4.995149612426758,2.337038040161133,0.15416568517684937,0.03666487708687782,0.9031904339790344
6654,39.38911437988281,6.18469762802124,2.5478591918945312,2.265683889389038,0.10066734254360199,0.0526813268661499,0.7185389399528503
6655,40.888328552246094,7.428077220916748,2.326164484024048,2.4028892517089844,0.08819005638360977,0.03881575167179108,0.733029305934906
6656,28.441465377807617,10.924247741699219,2.755222797393799,2.8780715465545654,0.09847962856292725,0.04272706061601639,0.9912576079368591
6657,57.368961334228516,8.062897682189941,8.500730514526367,2.251675844192505,0.09229561686515808,0.1484799087047577,0.6006892919540405
6658,31.601451873779297,6.882880687713623,7.160212993621826,2.2051329612731934,0.07761270552873611,0.1074509471654892,0.6201781928539276
6659,33.52849197387695,6.072840690612793,3.314666271209717,3.071983814239502,0.05667414516210556,0.05884953588247299,1.1275774240493774
6660,26.225147247314453,14.370214462280273,4.018871784210205,2.3946259021759033,0.22655107080936432,0.050506144762039185,0.7683870196342468
6661,34.6464958190918,11.217771530151367,5.378352642059326,2.7074010372161865,0.06982982158660889,0.06887902319431305,0.7913428544998169
6662,30.344331741333008,5.939152717590332,5.452506065368652,2.181736469268799,0.05842377245426178,0.09485939145088196,0.5882064700126648
6663,27.52918815612793,3.9173266887664795,3.3669397830963135,2.514596700668335,0.04701204597949982,0.05489166080951691,0.9064014256000519
6664,28.4291934967041,9.651095390319824,6.396924018859863,2.3170673847198486,0.10083212703466415,0.1766374111175537,0.6933194994926453
6665,27.718103408813477,5.480639457702637,3.9380366802215576,2.053021192550659,0.0572272390127182,0.03867197781801224,0.7075595855712891
6666,36.275238037109375,7.657345294952393,4.010554790496826,2.3365142345428467,0.11445333063602448,0.05615163594484329,0.8454862833023071
6667,28.210420608520508,6.862942218780518,5.430269718170166,1.951835036277771,0.09245385229587555,0.06236656382679939,0.6001124978065491
6668,28.829586029052734,7.514955043792725,3.869689464569092,2.3444716930389404,0.08220042288303375,0.04006003588438034,0.7121717631816864
6669,28.578542709350586,10.903409957885742,3.8487963676452637,2.128863573074341,0.11977781355381012,0.07100292295217514,0.7344866693019867
6670,35.939781188964844,8.219886779785156,3.658033609390259,2.3041279315948486,0.06589802354574203,0.046477023512125015,0.8133711814880371
6671,38.898353576660156,17.115272521972656,2.992699384689331,2.5103704929351807,0.19711707532405853,0.04323689639568329,0.7918302118778229
6672,37.35299301147461,4.868188381195068,4.178831100463867,2.5009377002716064,0.10397271066904068,0.053893741220235825,0.7475569844245911
6673,29.81558609008789,3.976170539855957,3.095693588256836,1.9499719142913818,0.07614189386367798,0.05091524496674538,0.700944185256958
6674,39.1845588684082,12.136374473571777,7.18486213684082,2.604518413543701,0.11076245456933975,0.09852612018585205,0.8915599286556244
6675,36.38311004638672,3.565725326538086,3.2079756259918213,2.4002394676208496,0.05481387674808502,0.04561246931552887,0.8624334931373596
6676,32.6429557800293,4.556374549865723,4.621802806854248,1.680778980255127,0.05917559936642647,0.059736475348472595,0.6383301615715027
6677,37.87539291381836,2.907999038696289,4.165268421173096,2.7968318462371826,0.03776397556066513,0.07497846335172653,0.7829910218715668
6678,28.513614654541016,2.9746780395507812,3.334171772003174,2.6834652423858643,0.05034547299146652,0.04003726691007614,0.8900271952152252
6679,27.08888816833496,11.092497825622559,2.729416847229004,2.4089467525482178,0.09595829993486404,0.050797928124666214,0.7788422703742981
6680,42.620479583740234,4.134876251220703,6.1982927322387695,2.7350752353668213,0.04420144110918045,0.12335801124572754,0.8668503761291504
6681,30.720664978027344,10.792264938354492,3.751495838165283,2.285858154296875,0.13893398642539978,0.05766746774315834,0.871068149805069
6682,26.423725128173828,9.923346519470215,2.452641487121582,2.7048065662384033,0.07798337936401367,0.030950013548135757,0.8692476749420166
6683,33.989097595214844,8.245972633361816,8.457159042358398,2.2774386405944824,0.08494816720485687,0.10755044966936111,0.6819221079349518
6684,35.046295166015625,7.403926849365234,5.392891883850098,2.6485726833343506,0.10547517240047455,0.07125242054462433,1.0845743417739868
6685,38.535213470458984,5.045804500579834,3.4768965244293213,2.4763474464416504,0.04662149026989937,0.03656706213951111,0.7267387807369232
6686,44.45212936401367,6.292208194732666,2.610334873199463,2.581822633743286,0.05779280513525009,0.03519819676876068,0.8136302828788757
6687,21.234411239624023,6.991133689880371,4.183241367340088,2.5848896503448486,0.08285024762153625,0.053038544952869415,0.8135125637054443
6688,33.925514221191406,9.620698928833008,3.7895941734313965,2.50579833984375,0.1283399909734726,0.06816579401493073,0.7218026220798492
6689,54.97315979003906,5.129813194274902,4.270305156707764,2.406658887863159,0.06480187177658081,0.054422736167907715,0.7666769027709961
6690,26.601184844970703,15.825514793395996,8.350337028503418,2.6911461353302,0.11623513698577881,0.07431557774543762,0.9729388654232025
6691,36.007484436035156,3.501906633377075,6.567266941070557,2.473374605178833,0.04780072718858719,0.10416693985462189,1.0125659108161926
6692,49.68552780151367,6.746331691741943,6.7034406661987305,2.0648860931396484,0.06884470582008362,0.09433183819055557,0.732518196105957
6693,33.93199920654297,7.179432392120361,7.88882303237915,2.232093095779419,0.11329545825719833,0.11336442828178406,0.637199193239212
6694,40.45000457763672,8.335566520690918,2.4618706703186035,2.6596603393554688,0.0640816017985344,0.03623819723725319,0.8604217171669006
6695,52.60126876831055,10.463727951049805,5.108402729034424,2.043764352798462,0.07364292442798615,0.04681769013404846,0.7319371402263641
6696,63.20883560180664,8.982983589172363,6.364769458770752,2.5743796825408936,0.14639118313789368,0.123188316822052,0.7648952603340149
6697,34.81228256225586,6.080086708068848,3.5839483737945557,2.2085037231445312,0.11226271092891693,0.0677855983376503,0.6889211237430573
6698,34.931400299072266,7.614842414855957,6.63725471496582,2.0609633922576904,0.12981507182121277,0.21100777387619019,0.6995092332363129
6699,42.03642272949219,1.9893531799316406,4.309909343719482,2.5139458179473877,0.03258340060710907,0.08120699226856232,1.1697208881378174
6700,44.28517150878906,11.507894515991211,8.27381706237793,2.3745768070220947,0.1289091408252716,0.07678969204425812,0.8309286236763
6701,45.50186538696289,14.662636756896973,7.553135871887207,2.715149402618408,0.31925320625305176,0.08005571365356445,0.8636460602283478
6702,44.11277389526367,7.132221698760986,5.045488357543945,2.178401470184326,0.0662011131644249,0.0750340074300766,0.7484178841114044
6703,33.128334045410156,16.211118698120117,1.7973746061325073,1.8810791969299316,0.1782863438129425,0.02925959974527359,0.7040864527225494
6704,39.130218505859375,7.134012699127197,9.460176467895508,2.12984037399292,0.13346636295318604,0.18172167241573334,0.7731866240501404
6705,48.43857192993164,12.66292667388916,4.6663336753845215,2.412839412689209,0.1152694970369339,0.05135618895292282,0.9479598104953766
6706,40.24448013305664,6.071122169494629,3.9279732704162598,2.3889527320861816,0.06558013707399368,0.07308053225278854,0.7847674787044525
6707,28.3275146484375,13.529988288879395,3.8513996601104736,1.8732410669326782,0.12054866552352905,0.033548373728990555,0.6800487637519836
6708,38.84257507324219,12.951388359069824,2.424922227859497,2.1991024017333984,0.1146165132522583,0.033512335270643234,0.7358278036117554
6709,35.77016067504883,7.471898078918457,9.254961967468262,2.2116305828094482,0.11375743895769119,0.1238391175866127,0.6689658164978027
6710,49.23623275756836,8.440361976623535,3.5453109741210938,2.243934154510498,0.1131158322095871,0.05460579693317413,0.708237498998642
6711,23.4080810546875,9.931418418884277,2.964916944503784,2.2819406986236572,0.12014976143836975,0.039611801505088806,0.8547076284885406
6712,33.00223922729492,6.011329650878906,5.539768695831299,2.705232858657837,0.07524526119232178,0.13150911033153534,0.7986262738704681
6713,33.036136627197266,2.935931921005249,7.147695064544678,2.6300864219665527,0.042331866919994354,0.12040740996599197,0.8510845303535461
6714,23.69853401184082,11.713001251220703,2.2677295207977295,2.7675554752349854,0.0908210426568985,0.033045586198568344,0.902124285697937
6715,28.844024658203125,7.17191743850708,1.4449411630630493,2.0951199531555176,0.12782426178455353,0.03491758555173874,0.6984870433807373
6716,35.53361892700195,10.545014381408691,6.805813789367676,2.104980707168579,0.11615757644176483,0.12221215665340424,0.7403614521026611
6717,38.28230667114258,6.442442417144775,5.9253058433532715,2.212460517883301,0.06061455234885216,0.0790826827287674,0.6702494323253632
6718,27.606945037841797,8.8236083984375,4.977112770080566,2.6222031116485596,0.16120299696922302,0.06448912620544434,0.9302809238433838
6719,30.15378189086914,8.40667724609375,7.429183483123779,1.9072343111038208,0.07636375725269318,0.15867874026298523,0.5963599383831024
6720,28.01910972595215,6.278296947479248,3.600780963897705,2.230762481689453,0.08978208899497986,0.050594788044691086,0.7096660733222961
6721,30.315582275390625,8.334185600280762,7.021050453186035,2.398531913757324,0.07648174464702606,0.1253925859928131,0.806084156036377
6722,33.878543853759766,2.709005117416382,2.0763540267944336,2.7026190757751465,0.038471534848213196,0.04223466292023659,0.9437310695648193
6723,53.993438720703125,8.206194877624512,5.020689487457275,3.327674627304077,0.08730152249336243,0.05966251343488693,0.9576634466648102
6724,27.96036720275879,7.784112930297852,4.628346920013428,2.2290701866149902,0.16170759499073029,0.10957634449005127,0.7416719794273376
6725,37.328956604003906,5.011123180389404,2.320483684539795,2.4769670963287354,0.044074371457099915,0.041053131222724915,0.7918323278427124
6726,29.6754207611084,6.218649864196777,2.2629876136779785,2.268869638442993,0.09004814922809601,0.03922942653298378,0.8656340539455414
6727,37.638526916503906,6.419736385345459,6.36239767074585,2.1481974124908447,0.07240273058414459,0.09075520187616348,0.8008929789066315
6728,46.20704650878906,3.5880308151245117,4.102149486541748,2.7531893253326416,0.02809896320104599,0.062364205718040466,0.6268395483493805
6729,22.89591407775879,5.227625370025635,2.053891181945801,2.7256202697753906,0.05947270616889,0.03434186801314354,0.8272631466388702
6730,36.77849578857422,6.213703632354736,3.822864055633545,2.7374486923217773,0.05648043751716614,0.045263998210430145,0.827682375907898
6731,34.140625,6.20488166809082,5.033815383911133,1.923991322517395,0.07478998601436615,0.09970802068710327,0.5445715487003326
6732,30.23887825012207,5.256161689758301,4.2317047119140625,2.9299471378326416,0.07027845829725266,0.0530681386590004,0.9754520952701569
6733,26.53093910217285,8.021621704101562,4.5522942543029785,2.6898674964904785,0.08807216584682465,0.06987865269184113,0.7826273441314697
6734,21.538816452026367,5.751206398010254,4.791110992431641,2.454148530960083,0.06406746059656143,0.05833869427442551,0.7027571201324463
6735,30.83058738708496,4.068325042724609,6.706656455993652,2.2366902828216553,0.04422859847545624,0.09398818016052246,0.7499306201934814
6736,34.41615295410156,3.9569990634918213,3.9534451961517334,2.7021231651306152,0.04787733405828476,0.056422166526317596,0.828690767288208
6737,64.28170776367188,11.783578872680664,7.8837504386901855,2.5798497200012207,0.1757364124059677,0.07353971153497696,0.7112544775009155
6738,37.40502166748047,8.210160255432129,3.1759257316589355,2.311229705810547,0.12927982211112976,0.04580290615558624,0.727971762418747
6739,41.87998962402344,9.602415084838867,8.387908935546875,3.42116641998291,0.09562483429908752,0.11531713604927063,1.1491572260856628
6740,40.13289260864258,5.79284143447876,5.636317729949951,2.8346800804138184,0.06249183788895607,0.09069512784481049,0.8303392231464386
6741,37.23215103149414,10.913955688476562,8.325933456420898,3.409137487411499,0.12338505685329437,0.07375146448612213,0.975432813167572
6742,54.747737884521484,6.86661434173584,6.079578399658203,2.785407066345215,0.06899408251047134,0.07501024007797241,0.7595902979373932
6743,40.31821823120117,4.968809127807617,4.234562873840332,2.231330633163452,0.08022665977478027,0.05447518080472946,0.7295567691326141
6744,51.15303421020508,4.671139717102051,3.389296770095825,2.6321942806243896,0.059315793216228485,0.05471738055348396,0.745387077331543
6745,50.208709716796875,11.16273307800293,5.391808032989502,2.289149522781372,0.1330634206533432,0.06363120675086975,0.6290241479873657
6746,37.449344635009766,2.917989730834961,6.855506420135498,3.0554959774017334,0.029729215428233147,0.10663756728172302,0.770614892244339
6747,35.41494369506836,6.7758941650390625,9.60924243927002,2.0326523780822754,0.09894400835037231,0.12320517748594284,0.6150000989437103
6748,41.00774383544922,10.432182312011719,6.014416694641113,2.0450387001037598,0.13155154883861542,0.0820063054561615,0.6983118653297424
6749,32.20314407348633,10.164702415466309,4.4545369148254395,2.596343755722046,0.1825655996799469,0.0659412145614624,0.7563319504261017
6750,36.08324432373047,7.359453201293945,5.896184921264648,3.0799710750579834,0.07834389805793762,0.060254380106925964,1.054591417312622
6751,42.37103271484375,5.815914154052734,3.093201160430908,2.4354732036590576,0.04524359107017517,0.0435192808508873,0.7807713449001312
6752,42.02656555175781,9.037912368774414,7.098454475402832,2.676896572113037,0.16435514390468597,0.1337141990661621,0.6651811301708221
6753,32.821983337402344,4.6356964111328125,6.340345859527588,2.3214187622070312,0.03908756375312805,0.06084689497947693,0.6663934588432312
6754,29.530616760253906,9.844673156738281,2.341608762741089,2.973552703857422,0.11262637376785278,0.052847765386104584,1.046695351600647
6755,47.9239616394043,6.146352291107178,6.802348613739014,2.2348439693450928,0.07283943146467209,0.0697651356458664,0.6467065215110779
6756,32.52901840209961,8.03081226348877,8.385750770568848,2.937262535095215,0.08382436633110046,0.07394493371248245,0.8585633039474487
6757,32.94919204711914,4.146251201629639,6.120031356811523,2.6961851119995117,0.05610034614801407,0.09834548830986023,0.820736289024353
6758,27.11969566345215,13.512124061584473,4.0407233238220215,2.324288845062256,0.09301558136940002,0.042401038110256195,0.6820485293865204
6759,35.06625747680664,6.887469291687012,3.1718015670776367,2.3180346488952637,0.11140967160463333,0.05369309335947037,0.5851337611675262
6760,34.52515411376953,4.8774895668029785,9.5274076461792,2.234689235687256,0.05672921612858772,0.1417721062898636,0.6973453164100647
6761,35.645111083984375,7.89042854309082,12.903735160827637,1.863704800605774,0.07857823371887207,0.19573377072811127,0.6242030560970306
6762,31.908143997192383,7.372977256774902,7.256330966949463,2.71488618850708,0.05238264799118042,0.07085125148296356,0.9874429702758789
6763,32.227718353271484,7.555354595184326,5.415929317474365,2.4076967239379883,0.10015983134508133,0.11975514888763428,0.8064199984073639
6764,41.08695983886719,9.385932922363281,6.711402893066406,2.59623646736145,0.11474756896495819,0.14911691844463348,0.8438761830329895
6765,30.40251922607422,12.721217155456543,6.001634120941162,2.420574426651001,0.16793125867843628,0.1190984696149826,0.7674449682235718
6766,36.573081970214844,3.095000743865967,9.907248497009277,2.3588991165161133,0.042105987668037415,0.09643030911684036,0.7657356262207031
6767,36.86450958251953,7.623141765594482,2.9177615642547607,1.9614903926849365,0.09554439783096313,0.03789537400007248,0.5695003867149353
6768,30.443683624267578,6.8902506828308105,2.155025005340576,2.4351158142089844,0.08230122923851013,0.029831726104021072,0.812213659286499
6769,66.60538482666016,7.237479209899902,4.176088809967041,2.7791152000427246,0.07563836872577667,0.06332608312368393,0.935958743095398
6770,44.069766998291016,2.1985461711883545,1.800673484802246,2.900108575820923,0.03804405406117439,0.034073758870363235,0.8731470108032227
6771,36.220787048339844,10.341471672058105,1.5570449829101562,2.8466598987579346,0.06935110688209534,0.026625294238328934,0.7565799057483673
6772,54.87794876098633,6.1178741455078125,3.1750435829162598,3.303321599960327,0.07784617692232132,0.050995826721191406,1.2378009557724
6773,26.198917388916016,11.871780395507812,3.7847275733947754,2.2221813201904297,0.09480561316013336,0.041448693722486496,0.7816349267959595
6774,25.513486862182617,5.83573579788208,8.149820327758789,2.5251681804656982,0.04415256902575493,0.07211083918809891,0.6935200095176697
6775,29.995738983154297,6.411702632904053,4.696809768676758,2.9684088230133057,0.04621448367834091,0.06331279128789902,0.8555161654949188
6776,31.883329391479492,2.3858187198638916,6.198276042938232,2.334979772567749,0.038805678486824036,0.07181215286254883,0.8135899305343628
6777,25.82378387451172,9.467369079589844,5.570981025695801,2.6080551147460938,0.09125566482543945,0.07044094055891037,0.9094201326370239
6778,36.481021881103516,13.918025016784668,4.411272048950195,2.689924955368042,0.1352701187133789,0.0408799946308136,0.7922416031360626
6779,26.84807586669922,18.008142471313477,3.1459076404571533,3.1161415576934814,0.22377251088619232,0.04884680360555649,1.140393316745758
6780,37.19020080566406,2.7382304668426514,3.037350654602051,2.5505645275115967,0.03467164188623428,0.03564046323299408,0.7426866590976715
6781,28.472679138183594,6.149049758911133,2.8995938301086426,2.743844985961914,0.0656127780675888,0.055188290774822235,0.9423845708370209
6782,25.285982131958008,7.680131912231445,3.0548787117004395,2.1194591522216797,0.0837908536195755,0.03964929282665253,0.7595590651035309
6783,31.997163772583008,9.876059532165527,2.1285223960876465,2.6010475158691406,0.14577218890190125,0.036422714591026306,0.7215303182601929
6784,32.02574920654297,11.105169296264648,2.0341811180114746,2.269435405731201,0.0767749696969986,0.02688668854534626,0.7277156114578247
6785,32.57526779174805,6.544627666473389,4.0906901359558105,2.220080614089966,0.1143861636519432,0.07561708241701126,0.686145156621933
6786,34.02617263793945,7.978216648101807,3.8193767070770264,2.390326976776123,0.09921880811452866,0.059206023812294006,0.843576967716217
6787,21.323396682739258,4.180400371551514,7.314967632293701,2.077150583267212,0.04885633662343025,0.07716692239046097,0.6647388339042664
6788,23.171627044677734,6.398405075073242,3.031390905380249,2.226311683654785,0.0847495049238205,0.0465698167681694,0.8073985278606415
6789,20.340499877929688,9.459723472595215,10.772106170654297,2.633305311203003,0.07441046833992004,0.12034213542938232,1.1324080228805542
6790,34.468990325927734,5.593153953552246,17.141815185546875,2.6990139484405518,0.1284174621105194,0.1409464180469513,0.7517078220844269
6791,31.244277954101562,2.8647119998931885,4.420320987701416,2.489392042160034,0.04601048305630684,0.08718570321798325,0.8495350480079651
6792,39.39451217651367,12.346630096435547,4.155133247375488,2.366307020187378,0.07533936202526093,0.07197929173707962,0.797240138053894
6793,30.188920974731445,6.3274149894714355,1.5401583909988403,2.5742926597595215,0.09747488796710968,0.03203526884317398,0.9855713546276093
6794,25.102022171020508,5.153965950012207,2.2166852951049805,2.0933589935302734,0.04313178360462189,0.03850347548723221,0.9772646129131317
6795,54.6593017578125,6.50773811340332,1.8445956707000732,2.8904502391815186,0.06471848487854004,0.033394403755664825,0.9298615753650665
6796,33.62717819213867,10.975783348083496,2.973120927810669,2.471834659576416,0.09775464981794357,0.04286687821149826,0.843426525592804
6797,28.214937210083008,16.632774353027344,1.9204292297363281,2.2483012676239014,0.16810289025306702,0.03223924711346626,0.785770446062088
6798,37.428218841552734,6.797341346740723,4.394805431365967,2.7988526821136475,0.06659023463726044,0.06074265390634537,0.9212893843650818
6799,33.894676208496094,15.502143859863281,1.6343988180160522,2.7420403957366943,0.12182594835758209,0.03287448734045029,0.9615990221500397
6800,41.590362548828125,6.524595737457275,5.335151195526123,2.2083005905151367,0.04332692176103592,0.08602990210056305,0.6668963432312012
6801,46.86820602416992,6.0930562019348145,3.4129831790924072,2.7849206924438477,0.06576506793498993,0.03199614956974983,0.7769116461277008
6802,30.902570724487305,4.754497528076172,5.560999393463135,2.8876137733459473,0.03546702861785889,0.10748372226953506,0.640541285276413
6803,41.49261474609375,7.5133585929870605,4.517462730407715,2.4981331825256348,0.09787599742412567,0.07710883766412735,0.8096300959587097
6804,19.69911766052246,6.369489669799805,3.036561965942383,2.479825973510742,0.07957535982131958,0.05625898763537407,0.9119131863117218
6805,31.08237075805664,3.842367172241211,8.142925262451172,2.86606502532959,0.03890187293291092,0.1116911992430687,0.9421124458312988
6806,35.08206558227539,7.002392768859863,4.386929035186768,2.400883197784424,0.117469921708107,0.0754125714302063,0.6617192924022675
6807,28.251497268676758,14.913825988769531,3.4457621574401855,2.960153579711914,0.1435345560312271,0.04317924752831459,1.090662956237793
6808,33.538658142089844,7.068532943725586,6.025879859924316,2.201946973800659,0.11658886075019836,0.1249026283621788,0.5715517401695251
6809,66.88631439208984,17.155498504638672,4.868954181671143,2.198396921157837,0.32350048422813416,0.055743344128131866,0.7461477220058441
6810,29.091758728027344,9.454399108886719,6.495035648345947,2.1608896255493164,0.09929203987121582,0.11820520460605621,0.7352100312709808
6811,61.71080780029297,11.076035499572754,6.925860404968262,2.037160873413086,0.16594037413597107,0.10830327868461609,0.6554425954818726
6812,52.538455963134766,8.3270902633667,4.77280330657959,2.738795518875122,0.17721658945083618,0.045211367309093475,1.102263629436493
6813,30.694425582885742,4.1983962059021,2.5631091594696045,2.512791395187378,0.03687112778425217,0.043914053589105606,0.7506526708602905
6814,28.48915672302246,6.074799060821533,2.056239366531372,2.212465286254883,0.07313565164804459,0.040056779980659485,0.7039316594600677
6815,30.49380874633789,10.93798828125,2.9881796836853027,2.392812728881836,0.07775282114744186,0.04467639699578285,0.8292476236820221
6816,31.908424377441406,7.046555519104004,3.5797111988067627,2.330685615539551,0.05322764813899994,0.04748711362481117,0.7200843095779419
6817,25.972415924072266,6.610199451446533,5.451529502868652,2.623324394226074,0.09057120978832245,0.04212576523423195,1.0093332529067993
6818,29.00173568725586,11.349077224731445,2.0979561805725098,2.9041666984558105,0.14336232841014862,0.043177321553230286,0.9119377136230469
6819,29.970783233642578,12.941523551940918,6.216470718383789,2.8221840858459473,0.16766448318958282,0.04941537603735924,0.8666014075279236
6820,124.6495361328125,5.285645961761475,9.320878982543945,2.1659255027770996,0.06370064616203308,0.15348589420318604,0.5291010737419128
6821,31.46562385559082,7.319880485534668,2.2536823749542236,2.4861690998077393,0.08095981180667877,0.03393837809562683,0.8656272292137146
6822,32.74093246459961,16.797855377197266,3.3951077461242676,2.0369677543640137,0.2679536044597626,0.05206615850329399,0.7398248612880707
6823,29.91213607788086,15.000184059143066,3.509819984436035,2.6946988105773926,0.3501189947128296,0.043824318796396255,0.9265552759170532
6824,29.232437133789062,10.376670837402344,3.409569263458252,2.332113742828369,0.18730095028877258,0.04642113670706749,0.8031017482280731
6825,27.521177291870117,7.782820224761963,3.2617461681365967,2.334937810897827,0.08335484564304352,0.03838808834552765,0.7945980131626129
6826,27.15283203125,7.477452278137207,5.683712005615234,1.7541217803955078,0.08866115659475327,0.05423732474446297,0.5980747044086456
6827,36.910465240478516,11.506929397583008,2.158881425857544,3.051089286804199,0.15644219517707825,0.04177706316113472,1.1390699744224548
6828,38.37777328491211,7.365922451019287,4.942533016204834,2.5078489780426025,0.08752456307411194,0.07558394968509674,0.8131500780582428
6829,25.939178466796875,9.02175521850586,5.497957706451416,2.271913528442383,0.14725497364997864,0.11337880790233612,0.7998526096343994
6830,29.909582138061523,6.3236083984375,3.71858286857605,2.4809341430664062,0.09780970215797424,0.03745042160153389,0.797212153673172
6831,36.4787712097168,5.410806179046631,9.126240730285645,2.1837422847747803,0.07351826131343842,0.13879135251045227,0.6952104270458221
6832,35.23819351196289,12.062004089355469,7.424687385559082,2.644249439239502,0.09460844099521637,0.06144414842128754,0.9263677895069122
6833,34.333778381347656,9.301335334777832,5.61763858795166,2.1340949535369873,0.23066315054893494,0.14070363342761993,0.6646915376186371
6834,25.583932876586914,11.26881217956543,4.1868896484375,2.2307286262512207,0.1286189705133438,0.04217272251844406,0.8231145143508911
6835,43.286598205566406,11.221468925476074,7.621524810791016,2.2570102214813232,0.05649804323911667,0.11439454555511475,0.8524917662143707
6836,28.00623321533203,5.767078399658203,5.353675365447998,2.727940082550049,0.06826223433017731,0.07843522727489471,0.9384229183197021
6837,30.00009536743164,9.698790550231934,3.127439022064209,2.4206557273864746,0.09036856144666672,0.04404274374246597,0.9677311182022095
6838,34.05686569213867,3.730404853820801,3.108811855316162,2.4343206882476807,0.041796810925006866,0.060122258961200714,0.7864861786365509
6839,68.54959869384766,7.157869338989258,4.048007011413574,2.301067352294922,0.06133106350898743,0.04869522154331207,0.8195648193359375
6840,41.641239166259766,8.246353149414062,7.18388032913208,2.1267740726470947,0.04029439389705658,0.14002639055252075,0.8686411380767822
6841,48.97380828857422,10.048762321472168,4.35880708694458,2.4956231117248535,0.05986243858933449,0.06027815490961075,0.8883931040763855
6842,28.83763885498047,6.983060836791992,6.1241631507873535,2.6553027629852295,0.0860491693019867,0.14276987314224243,0.9660018086433411
6843,36.81234359741211,10.681708335876465,1.5362387895584106,3.098632335662842,0.17749318480491638,0.025924451649188995,0.8910730183124542
6844,24.61106300354004,14.380057334899902,7.038809299468994,2.958967924118042,0.22612683475017548,0.08512508124113083,0.8465721011161804
6845,33.27726364135742,21.509262084960938,8.160160064697266,2.075989007949829,0.16015967726707458,0.1520875096321106,0.6214434504508972
6846,38.86558532714844,11.974404335021973,2.2036592960357666,2.461648464202881,0.12927201390266418,0.030390139669179916,0.8873480260372162
6847,30.440155029296875,7.791232109069824,4.55817174911499,2.439042568206787,0.08765100687742233,0.07875056564807892,0.9875463545322418
6848,61.4044075012207,4.559934616088867,1.907629132270813,3.4848525524139404,0.06157330051064491,0.030641155317425728,1.1296955943107605
6849,38.327178955078125,4.910407543182373,8.400403022766113,2.239100694656372,0.0673760250210762,0.2168004959821701,0.5416746139526367
6850,22.83698081970215,4.28096866607666,3.29712176322937,2.937631607055664,0.053774021565914154,0.035888880491256714,0.9583171010017395
6851,56.56919479370117,9.747526168823242,2.915479898452759,2.475032091140747,0.05572705715894699,0.03826262056827545,0.8190111219882965
6852,63.64009475708008,8.070537567138672,4.105318069458008,2.675440549850464,0.06364205479621887,0.06402938067913055,0.7404607236385345
6853,44.6751823425293,6.867028713226318,5.874920845031738,2.4220218658447266,0.10309722274541855,0.1662718802690506,0.7290107309818268
6854,36.11855697631836,3.701864004135132,2.9577765464782715,3.715019702911377,0.06897138059139252,0.05189531296491623,1.3419674038887024
6855,37.29256820678711,8.251988410949707,3.6332521438598633,2.6844961643218994,0.1597871333360672,0.03353046625852585,0.976003885269165
6856,43.304283142089844,6.6870646476745605,4.8088884353637695,2.409791946411133,0.08007387816905975,0.06478364765644073,0.6385075151920319
6857,33.51411437988281,4.742092132568359,2.3194546699523926,2.928783655166626,0.05366547033190727,0.03229229524731636,0.9378166198730469
6858,45.32913589477539,9.049884796142578,3.0059773921966553,2.5698249340057373,0.07862710952758789,0.044293589890003204,0.7989959120750427
6859,35.04266357421875,4.909919261932373,3.471203565597534,2.442497968673706,0.044246673583984375,0.04650619626045227,0.6339047253131866
6860,46.02296829223633,20.112186431884766,3.3538918495178223,2.524348735809326,0.2142697423696518,0.049158044159412384,0.8607917726039886
6861,32.6938591003418,8.932758331298828,3.7976038455963135,2.085578441619873,0.14922411739826202,0.053453534841537476,0.7979596257209778
6862,25.50038719177246,5.215434551239014,1.8913716077804565,2.4814648628234863,0.06345110386610031,0.03969526290893555,0.7903797626495361
6863,39.2407341003418,8.465476036071777,7.090108394622803,2.3212387561798096,0.14691084623336792,0.10774240642786026,0.5755569934844971
6864,38.71150588989258,8.212756156921387,4.815885066986084,2.4748661518096924,0.10981252789497375,0.05616942048072815,0.9467039704322815
6865,33.59370422363281,7.4874138832092285,3.58890962600708,2.2675416469573975,0.08592981100082397,0.04237012937664986,0.7201102375984192
6866,59.161537170410156,17.0992488861084,4.8094048500061035,2.45389986038208,0.08143199235200882,0.08080212771892548,0.7505034804344177
6867,30.6562442779541,4.967559337615967,7.326263904571533,2.449552297592163,0.048388224095106125,0.11978142708539963,0.751551479101181
6868,40.5036506652832,3.68513822555542,5.971164226531982,2.8294284343719482,0.05524636432528496,0.059054531157016754,0.9194936156272888
6869,37.062801361083984,5.522592544555664,3.3299834728240967,2.8803248405456543,0.05899818614125252,0.0457763671875,1.1558127999305725
6870,21.82038688659668,5.5997490882873535,3.4312119483947754,2.357790470123291,0.08165514469146729,0.04826520010828972,0.750927597284317
6871,48.167633056640625,11.823946952819824,1.713921070098877,2.3716464042663574,0.05762150138616562,0.025798238813877106,0.6754469275474548
6872,33.82456970214844,8.229905128479004,2.9138286113739014,2.4647891521453857,0.05697019770741463,0.05151832848787308,0.7229073345661163
6873,35.688289642333984,7.66317892074585,6.829040050506592,2.6643855571746826,0.07502368837594986,0.11031702905893326,0.6865486204624176
6874,26.137102127075195,10.069141387939453,4.0281901359558105,2.3659510612487793,0.14527824521064758,0.07958383858203888,0.7563192248344421
6875,36.97072982788086,5.132033348083496,2.274310350418091,2.8275599479675293,0.05831532925367355,0.04052552953362465,1.0875096321105957
6876,45.687583923339844,3.6148526668548584,6.370181083679199,3.122854709625244,0.060331255197525024,0.06801551580429077,1.1267453730106354
6877,119.41061401367188,7.818317890167236,2.021141290664673,2.5344932079315186,0.09742537140846252,0.03433981537818909,0.8834500014781952
6878,24.520112991333008,6.676651477813721,2.339643716812134,2.3007395267486572,0.10167166590690613,0.045931000262498856,0.7118722796440125
6879,47.79045486450195,4.518733978271484,3.6316072940826416,2.5931613445281982,0.0667576789855957,0.06809759140014648,0.7433964908123016
6880,55.10189437866211,10.895188331604004,2.834630012512207,2.5059454441070557,0.1276976466178894,0.044759735465049744,0.8366753458976746
6881,37.81596374511719,2.5805790424346924,3.1514437198638916,2.875303030014038,0.04412413388490677,0.05012664198875427,0.885542631149292
6882,27.554040908813477,18.350799560546875,2.907804250717163,2.6464807987213135,0.24737922847270966,0.04325318709015846,1.0287699699401855
6883,43.45505905151367,11.85804557800293,6.404165744781494,2.2539772987365723,0.2591766119003296,0.08531871438026428,0.7292934060096741
6884,27.491147994995117,6.343964576721191,2.059335470199585,2.90771746635437,0.11227410286664963,0.0528893768787384,1.0903174579143524
6885,28.32876205444336,9.951107025146484,8.309484481811523,2.389622926712036,0.08182357251644135,0.22646719217300415,0.8043836951255798
6886,35.84096145629883,5.359543323516846,4.34470796585083,2.7218739986419678,0.04254613071680069,0.04603397846221924,0.7637699544429779
6887,23.173213958740234,12.279495239257812,5.906998634338379,2.4863078594207764,0.16096758842468262,0.06803984940052032,1.002878725528717
6888,32.642696380615234,4.5853681564331055,5.892120838165283,2.3145179748535156,0.05051591992378235,0.06934814155101776,0.8195802569389343
6889,23.26356315612793,5.055893421173096,3.166555881500244,2.702120304107666,0.06697580963373184,0.05110281705856323,1.0789813995361328
6890,30.208337783813477,5.43362283706665,5.435634136199951,2.160391330718994,0.07115335762500763,0.04452367126941681,0.7826111018657684
6891,38.864009857177734,5.869946002960205,4.166766166687012,2.50849986076355,0.07850251346826553,0.06665825843811035,0.7263226211071014
6892,40.8486213684082,4.045213222503662,4.4584479331970215,3.1959002017974854,0.051470063626766205,0.055700041353702545,0.9921561479568481
6893,34.07722091674805,5.7970380783081055,4.723883152008057,2.458693265914917,0.06494273245334625,0.05758831650018692,0.8195357322692871
6894,31.036277770996094,18.0841064453125,4.36273193359375,2.036280632019043,0.1448855996131897,0.043293729424476624,0.7125862240791321
6895,36.19917678833008,9.72671890258789,4.851337432861328,2.426146984100342,0.07940752804279327,0.0493251234292984,0.7955136299133301
6896,45.757816314697266,4.448800563812256,7.137900352478027,2.605232000350952,0.03792525827884674,0.10755299031734467,0.8046685755252838
6897,31.10988426208496,7.852973937988281,5.538387298583984,2.50137996673584,0.08463668823242188,0.07413958758115768,0.6620781719684601
6898,30.485557556152344,4.736909866333008,2.906055450439453,3.109961748123169,0.059112079441547394,0.034490469843149185,1.0180500745773315
6899,55.036617279052734,5.32858943939209,5.516141414642334,2.366551160812378,0.06838802993297577,0.13807585835456848,0.6659738421440125
6900,31.540552139282227,6.056962966918945,5.463416576385498,1.952965497970581,0.08616364002227783,0.12537306547164917,0.7076777219772339
6901,36.98048782348633,5.9488844871521,3.931208848953247,2.2470779418945312,0.052713777869939804,0.058905139565467834,0.7231162488460541
6902,43.33682632446289,5.793386459350586,3.8876936435699463,2.502872943878174,0.07604606449604034,0.05768314749002457,0.8455920219421387
6903,36.05535125732422,5.010473728179932,3.995516061782837,2.0909476280212402,0.05573190748691559,0.05788242444396019,0.5822896957397461
6904,55.046993255615234,6.584173202514648,4.825440406799316,2.254169225692749,0.0572703555226326,0.056239575147628784,0.6420259177684784
6905,39.247467041015625,4.121677875518799,6.8258514404296875,2.0801970958709717,0.04332715645432472,0.11392772197723389,0.5951342582702637
6906,25.120832443237305,5.327665328979492,6.810219764709473,2.35280179977417,0.05027597397565842,0.09327895194292068,0.8694053292274475
6907,35.05537796020508,8.131620407104492,4.169910430908203,2.601496934890747,0.06608205288648605,0.04505114257335663,0.8804797530174255
6908,45.031986236572266,2.183060646057129,3.239459276199341,2.280518054962158,0.03837715461850166,0.04368724673986435,0.742961049079895
6909,41.74214172363281,2.482638359069824,3.8476996421813965,2.6056394577026367,0.05369291082024574,0.06856101751327515,0.8562932014465332
6910,30.2856502532959,4.564864635467529,5.28261137008667,2.5221312046051025,0.06472259759902954,0.06531770527362823,0.7965993285179138
6911,41.8837890625,11.59971809387207,2.800250768661499,2.3263943195343018,0.08898956328630447,0.039815980941057205,0.6980988383293152
6912,36.347415924072266,8.343220710754395,5.61395263671875,2.577348470687866,0.12164132297039032,0.06510943174362183,0.9630765914916992
6913,44.94072341918945,14.365880012512207,4.996399879455566,2.0228381156921387,0.159536212682724,0.05666619911789894,0.6765126436948776
6914,28.135129928588867,14.846232414245605,3.1759440898895264,3.059452533721924,0.1733565628528595,0.04423297941684723,1.0474728047847748
6915,35.98894119262695,6.0164079666137695,1.5614497661590576,3.0014262199401855,0.06633657962083817,0.03886714205145836,0.8646693229675293
6916,30.595666885375977,6.206302165985107,4.204577922821045,2.6084911823272705,0.09294049441814423,0.048449669033288956,0.9547077417373657
6917,35.31485366821289,11.396676063537598,3.7465932369232178,2.213848829269409,0.157942533493042,0.03336784988641739,0.7103952765464783
6918,36.10539245605469,6.91538143157959,1.1393013000488281,2.536365032196045,0.06274307519197464,0.034466128796339035,0.9035691022872925
6919,27.15073585510254,6.310912132263184,5.639981746673584,2.300293207168579,0.0802459865808487,0.09933334589004517,0.7379908263683319
6920,34.069950103759766,4.520150184631348,9.978343963623047,2.5152831077575684,0.09164280444383621,0.1205257847905159,0.673405796289444
6921,33.27045440673828,8.733031272888184,5.780097484588623,1.8813104629516602,0.11946729570627213,0.06532832980155945,0.6445107460021973
6922,55.6039924621582,4.872312545776367,1.1576000452041626,2.435899019241333,0.050070665776729584,0.031418122351169586,0.7923570275306702
6923,44.70167541503906,8.651978492736816,3.0235936641693115,2.45102596282959,0.10768981277942657,0.06732989847660065,0.7766439914703369
6924,43.34260559082031,4.332173824310303,5.850789546966553,2.2001633644104004,0.037273261696100235,0.11199158430099487,0.6036548614501953
6925,42.471675872802734,11.381416320800781,2.3135814666748047,2.5917563438415527,0.11051443219184875,0.04366166889667511,0.8580793142318726
6926,33.54314422607422,9.38228988647461,8.00869369506836,1.9470449686050415,0.05447888374328613,0.155215322971344,0.6619895100593567
6927,42.41215133666992,9.012040138244629,4.621147632598877,2.690485954284668,0.2568785846233368,0.09687106311321259,0.9033600091934204
6928,41.39033508300781,5.911661148071289,4.986405849456787,2.2064156532287598,0.0390012226998806,0.06752273440361023,0.8656419217586517
6929,33.35449981689453,17.661508560180664,7.517725944519043,2.20892071723938,0.20269104838371277,0.05895790457725525,0.6958828568458557
6930,43.612548828125,9.72495174407959,6.31770133972168,2.1648781299591064,0.0805647075176239,0.04992165416479111,0.7157423198223114
6931,31.22966766357422,7.173750400543213,4.520314693450928,2.3475029468536377,0.09023937582969666,0.10729685425758362,0.7581241726875305
6932,41.33258819580078,6.096365451812744,4.8922600746154785,2.6159725189208984,0.07933728396892548,0.06400759518146515,0.6972655653953552
6933,22.56817054748535,6.777885437011719,9.6152925491333,2.107182264328003,0.04985830932855606,0.14240169525146484,0.7561420500278473
6934,39.09205627441406,6.734513282775879,4.005833625793457,2.2177622318267822,0.12552545964717865,0.10141171514987946,0.7009231746196747
6935,41.176605224609375,4.736502170562744,3.6912243366241455,2.592413902282715,0.06786178797483444,0.042537763714790344,0.9484856724739075
6936,32.44537353515625,11.490553855895996,4.708303451538086,2.190845012664795,0.16250330209732056,0.04982627183198929,0.7443412244319916
6937,37.39772033691406,9.577117919921875,3.2575442790985107,2.4313101768493652,0.059018488973379135,0.03963286429643631,0.815237820148468
6938,45.910911560058594,8.963292121887207,7.063564300537109,2.8647680282592773,0.0793316662311554,0.0875338688492775,0.7877842783927917
6939,35.316993713378906,10.08701229095459,5.697002410888672,2.517928123474121,0.10409994423389435,0.05703618377447128,0.8187595009803772
6940,34.13437271118164,5.184299945831299,4.820467948913574,2.2143361568450928,0.038649771362543106,0.06926677376031876,0.6829303503036499
6941,31.802989959716797,11.372859001159668,3.1312196254730225,2.2117533683776855,0.24227076768875122,0.050978802144527435,0.7254293859004974
6942,27.856637954711914,9.710393905639648,1.5733535289764404,2.339401960372925,0.11449740827083588,0.028253257274627686,0.7743909657001495
6943,23.513900756835938,6.621828079223633,6.095393657684326,2.20444917678833,0.0877813994884491,0.11398965120315552,0.7679008841514587
6944,39.33903503417969,7.95860481262207,5.583470821380615,2.563025951385498,0.08918062597513199,0.07298010587692261,0.8353837430477142
6945,33.912010192871094,4.987005710601807,4.985796928405762,3.058526039123535,0.05511791631579399,0.05450492352247238,0.9862641394138336
6946,31.526691436767578,14.211376190185547,3.6934010982513428,2.425100803375244,0.131509929895401,0.048867009580135345,0.8180342018604279
6947,34.6630973815918,4.385884761810303,3.177238941192627,2.6740102767944336,0.03893982619047165,0.048638276755809784,0.9950032234191895
6948,31.803043365478516,5.028904438018799,4.397014617919922,2.50185489654541,0.0956190675497055,0.07760527729988098,0.7897023558616638
6949,27.729324340820312,12.141328811645508,2.8651034832000732,2.604590654373169,0.0879259705543518,0.055364370346069336,0.7716615498065948
6950,36.86675262451172,8.614523887634277,6.7961835861206055,2.176757574081421,0.11152126640081406,0.15828141570091248,0.7013411521911621
6951,31.83151626586914,8.65455150604248,8.218667984008789,2.1465513706207275,0.1451892852783203,0.05603250116109848,0.5831672847270966
6952,25.433712005615234,8.211618423461914,2.791395902633667,2.3690853118896484,0.06863338500261307,0.0440836101770401,0.8329559862613678
6953,44.61864471435547,2.7373476028442383,6.425354480743408,2.8667590618133545,0.03525073081254959,0.06108808517456055,0.8747159838676453
6954,30.439241409301758,4.225895881652832,2.9962172508239746,2.6352698802948,0.06687667220830917,0.05978286266326904,0.9521700441837311
6955,38.279991149902344,3.4513931274414062,8.269601821899414,2.1173624992370605,0.02540742978453636,0.0847087875008583,0.6561575531959534
6956,37.960350036621094,7.4741926193237305,2.578258991241455,1.9670182466506958,0.10000928491353989,0.03969350457191467,0.7005598843097687
6957,30.44046401977539,4.360682487487793,1.643265962600708,2.5379080772399902,0.05616851896047592,0.035367920994758606,0.9163499474525452
6958,40.817893981933594,13.681151390075684,4.156546115875244,2.190953493118286,0.16102688014507294,0.03894101828336716,0.8319738209247589
6959,46.40232467651367,7.463242053985596,5.6200127601623535,2.136958360671997,0.09700518101453781,0.06496589630842209,0.6627238243818283
6960,31.743202209472656,6.69622802734375,5.963685035705566,2.197122573852539,0.06086072325706482,0.06156672537326813,0.8198390603065491
6961,38.8376579284668,9.02095890045166,4.315030574798584,2.358738422393799,0.09272992610931396,0.04295838624238968,0.7727316915988922
6962,51.93766403198242,4.7656683921813965,2.1104652881622314,2.8143372535705566,0.045828938484191895,0.048586782068014145,0.7827650308609009
6963,64.12732696533203,2.8407797813415527,3.6272099018096924,2.8959550857543945,0.03584741801023483,0.045817796140909195,1.1214308142662048
6964,36.273040771484375,2.6761481761932373,6.6602020263671875,2.3720672130584717,0.044013336300849915,0.1341632902622223,0.7131324112415314
6965,38.55101013183594,4.695510387420654,2.9377479553222656,2.81463885307312,0.07530438899993896,0.05295643210411072,0.9826931953430176
6966,33.314510345458984,10.672971725463867,7.996607303619385,2.0653531551361084,0.16900217533111572,0.05372167378664017,0.6362935900688171
6967,33.92232894897461,8.003520011901855,4.11875581741333,2.311455726623535,0.092934250831604,0.04028192162513733,0.8073800802230835
6968,20.827350616455078,3.8537652492523193,5.6135334968566895,2.6020662784576416,0.039493001997470856,0.0687432512640953,1.1399339437484741
6969,52.64943313598633,7.431455612182617,7.0972514152526855,2.349199056625366,0.05940832197666168,0.06773459911346436,0.722169429063797
6970,27.99866485595703,9.934757232666016,5.475363731384277,2.362459182739258,0.15831805765628815,0.05346563085913658,0.8372586965560913
6971,46.569393157958984,11.225462913513184,7.3747382164001465,1.969923973083496,0.08682122081518173,0.10787828266620636,0.8463371098041534
6972,32.68090057373047,8.121889114379883,2.3358242511749268,2.8336496353149414,0.15401534736156464,0.03602276369929314,0.8826194405555725
6973,44.462913513183594,11.512017250061035,6.820066452026367,2.1670143604278564,0.09081652015447617,0.1495259702205658,0.6174967885017395
6974,28.73542594909668,6.581822395324707,3.2911376953125,2.8297152519226074,0.04971498250961304,0.06377502530813217,0.9828003644943237
6975,43.836029052734375,6.470126152038574,6.606812477111816,1.9629873037338257,0.0552639402449131,0.11189447343349457,0.621001124382019
6976,35.67161178588867,19.420804977416992,10.926043510437012,1.8241937160491943,0.2495599389076233,0.2152300477027893,0.5279542505741119
6977,39.53755187988281,4.518438816070557,6.157080173492432,2.109476089477539,0.09086506068706512,0.13936176896095276,0.7112185657024384
6978,33.0994758605957,5.790405750274658,3.977705240249634,2.1016178131103516,0.08362152427434921,0.06854331493377686,0.7114327549934387
6979,40.34210968017578,6.038127422332764,3.8637356758117676,2.699387788772583,0.07881861925125122,0.05233883857727051,0.9706784188747406
6980,33.42584991455078,7.474313259124756,5.765539169311523,2.4567925930023193,0.08036811649799347,0.13910917937755585,0.7274080216884613
6981,22.25238037109375,10.33985710144043,9.980701446533203,2.732232093811035,0.13268639147281647,0.195140540599823,1.1510004997253418
6982,25.47728157043457,4.566387176513672,14.704225540161133,2.447002649307251,0.06754020601511002,0.15393772721290588,0.8603867292404175
6983,45.899688720703125,3.189239978790283,3.9309511184692383,2.3151025772094727,0.044511307030916214,0.0382736474275589,0.8361155390739441
6984,33.38912582397461,5.248371124267578,3.9654428958892822,2.6383838653564453,0.08322304487228394,0.049926698207855225,1.0894455909729004
6985,37.14983367919922,5.028834342956543,4.378210544586182,1.9929156303405762,0.10974347591400146,0.08624395728111267,0.5696575045585632
6986,37.897762298583984,7.6271185874938965,3.751264810562134,2.471883535385132,0.12087395787239075,0.05181661620736122,0.7116113007068634
6987,36.61384582519531,16.972515106201172,5.054685115814209,2.14355731010437,0.2702297866344452,0.05792868882417679,0.7062147259712219
6988,53.86669921875,6.182618618011475,2.3229501247406006,2.799079418182373,0.06744232028722763,0.036238156259059906,1.0516944527626038
6989,41.250850677490234,5.894986629486084,4.969095230102539,2.365910530090332,0.10636541247367859,0.1316288560628891,0.8880428969860077
6990,43.17810821533203,8.119678497314453,4.781967639923096,3.1373214721679688,0.08591824769973755,0.06269215047359467,0.9141017198562622
6991,29.3836727142334,6.2351789474487305,2.706416606903076,3.025130271911621,0.08335306495428085,0.03849593177437782,1.022094190120697
6992,35.576866149902344,4.733904838562012,4.913248538970947,2.5805399417877197,0.07020629942417145,0.0821043998003006,0.9113769829273224
6993,30.83597183227539,13.029928207397461,8.204560279846191,2.3858182430267334,0.16569751501083374,0.10245497524738312,0.7055486142635345
6994,36.10581588745117,8.542147636413574,3.921694040298462,2.8184330463409424,0.07419843226671219,0.04934794828295708,1.0148826837539673
6995,33.80972671508789,7.625428199768066,10.995460510253906,2.3772523403167725,0.052590496838092804,0.21195001900196075,0.7464382946491241
6996,41.364376068115234,12.873241424560547,2.599365472793579,2.9671630859375,0.10329952836036682,0.04479123279452324,0.939216673374176
6997,58.596561431884766,6.7759013175964355,3.5582401752471924,2.594090461730957,0.0784071683883667,0.055145516991615295,0.7530127763748169
6998,30.414445877075195,6.285804271697998,2.7899255752563477,2.231010913848877,0.10307791829109192,0.038080986589193344,0.7273251712322235
6999,61.389095306396484,23.971059799194336,5.799045085906982,1.9395782947540283,0.20769058167934418,0.09785574674606323,0.5351967513561249
7000,30.536298751831055,9.003693580627441,3.742767810821533,2.8496196269989014,0.0568644218146801,0.04489459469914436,0.828398734331131
7001,40.29824447631836,6.292799472808838,3.4721460342407227,2.9247450828552246,0.06339596956968307,0.04744721204042435,0.8846125602722168
7002,27.45296287536621,4.610499382019043,5.246860504150391,2.5137057304382324,0.04767128825187683,0.07343090325593948,0.8426462411880493
7003,35.046607971191406,5.286701202392578,7.484584808349609,2.1353957653045654,0.07676763832569122,0.11951123178005219,0.6421793103218079
7004,28.583904266357422,2.254934310913086,5.577807426452637,2.5427088737487793,0.03421856462955475,0.07851628959178925,0.858738362789154
7005,30.965213775634766,5.022974491119385,4.776161193847656,1.7962429523468018,0.04262762889266014,0.08163399249315262,0.6467950642108917
7006,32.12921142578125,12.772537231445312,3.9516468048095703,2.615320920944214,0.06914740800857544,0.050266098231077194,0.9048414826393127
7007,34.131019592285156,3.749134063720703,7.4810967445373535,2.249551296234131,0.05634583160281181,0.17604340612888336,0.7244745194911957
7008,27.350940704345703,9.394621849060059,3.4681179523468018,1.87123703956604,0.24885743856430054,0.05850817263126373,0.7021064758300781
7009,40.51300811767578,1.931434154510498,3.754478931427002,2.4998013973236084,0.03099772334098816,0.04609615355730057,0.688966691493988
7010,33.84513473510742,9.765961647033691,5.4564361572265625,2.5058043003082275,0.07939954847097397,0.04411115497350693,0.8534074127674103
7011,29.09612274169922,5.303223133087158,4.124217510223389,2.419741630554199,0.08291250467300415,0.06357009708881378,0.8397185802459717
7012,46.976680755615234,8.147961616516113,5.429978847503662,2.322300910949707,0.09145583212375641,0.06891980767250061,0.7908626794815063
7013,45.296512603759766,5.719639778137207,6.942437648773193,2.6908559799194336,0.05670398101210594,0.10170397907495499,0.8905353248119354
7014,35.47781753540039,4.445350646972656,4.67915678024292,1.9718883037567139,0.033404335379600525,0.1179514229297638,0.6119270920753479
7015,39.423213958740234,16.107486724853516,7.953502655029297,2.3990960121154785,0.17072531580924988,0.10013619810342789,0.7394620776176453
7016,59.290618896484375,11.260043144226074,8.873438835144043,2.7682948112487793,0.1525508016347885,0.0747990533709526,0.7949363589286804
7017,56.10066604614258,8.509627342224121,7.675347805023193,2.6902129650115967,0.22903352975845337,0.0878111869096756,0.8042473495006561
7018,49.67677307128906,3.6783645153045654,5.528688907623291,2.8756139278411865,0.04856467247009277,0.09029892832040787,0.8399655818939209
7019,52.5252571105957,11.329240798950195,4.288324356079102,2.437699556350708,0.06534206867218018,0.05377664417028427,0.7592040300369263
7020,29.918277740478516,9.704686164855957,2.7231533527374268,2.2491462230682373,0.09956347942352295,0.043747954070568085,0.712884396314621
7021,49.04774475097656,7.108805179595947,5.661350250244141,2.347367525100708,0.10787147283554077,0.13503298163414001,0.6812984347343445
7022,34.845489501953125,7.5725250244140625,2.9307138919830322,2.1253015995025635,0.08829855918884277,0.0443108007311821,0.6903489530086517
7023,47.27309799194336,11.698074340820312,5.288388252258301,2.5608060359954834,0.21598951518535614,0.03340057656168938,0.6936350464820862
7024,37.875553131103516,6.266096115112305,3.9072983264923096,2.399294137954712,0.060148611664772034,0.03843335807323456,0.7958446145057678
7025,36.796024322509766,8.480023384094238,4.493495464324951,2.1533727645874023,0.0959639847278595,0.06423546373844147,0.6122380197048187
7026,45.7298469543457,22.28305435180664,5.178614139556885,2.261793851852417,0.16411760449409485,0.04585219919681549,0.6776593029499054
7027,56.632755279541016,6.52849817276001,1.9462603330612183,2.753338575363159,0.08327971398830414,0.04003303870558739,0.9501577615737915
7028,29.769582748413086,8.918055534362793,3.498262405395508,2.4344964027404785,0.09069693833589554,0.03450772911310196,0.7711303234100342
7029,46.575294494628906,11.816547393798828,12.355769157409668,2.7085788249969482,0.09661713242530823,0.12727507948875427,0.7902339994907379
7030,41.20481491088867,12.065959930419922,2.34076189994812,2.263397216796875,0.1630883812904358,0.04033100605010986,0.6990749537944794
7031,44.87239074707031,7.345010280609131,4.719813346862793,2.0462303161621094,0.08319232612848282,0.0697837844491005,0.5762381553649902
7032,32.02938461303711,7.89116096496582,4.255585193634033,2.692018508911133,0.11175760626792908,0.05179986357688904,0.8471831381320953
7033,28.623252868652344,6.4128594398498535,6.265830039978027,2.391660451889038,0.05779001861810684,0.1031828373670578,0.681594729423523
7034,48.16902542114258,4.527494430541992,5.930605411529541,2.6788082122802734,0.05202464386820793,0.09843965619802475,0.7731712758541107
7035,33.74951171875,9.944293975830078,2.441481351852417,2.940371036529541,0.19337564706802368,0.04773866385221481,1.0790923535823822
7036,36.38825988769531,11.191147804260254,10.975066184997559,2.43477201461792,0.09440195560455322,0.06306919455528259,0.8684274554252625
7037,37.96819305419922,10.811746597290039,4.726566314697266,1.8681530952453613,0.0853433683514595,0.053025856614112854,0.7601462602615356
7038,21.054859161376953,5.341148376464844,5.8151021003723145,1.8853662014007568,0.06733234226703644,0.10950744152069092,0.7015244960784912
