Run: t3_shreya_unet_256_v4
Config: /content/drive/MyDrive/DATA266_Lab1/task3_gan/shreya_akotiya/config.yaml
Device: cuda
Image size: 256
Epochs: 80

Run: t3_shreya_unet_256_v4
Config: /content/drive/MyDrive/DATA266_Lab1/task3_gan/shreya_akotiya/config.yaml
Device: cuda
Image size: 256
Epochs: 80

Resumed from t3_shreya_unet_256_v4_latest.pt after epoch 60
Training epochs 61-80, 7038 batches/epoch
============================================================
Epoch 61/80 | Step 422300 | G: 3.0352 | D_A: 0.0259 | D_B: 0.0310 | Cycle: 1.1424 | grad_G: 85.46
Epoch 61/80 | Step 422350 | G: 3.1477 | D_A: 0.0242 | D_B: 0.0218 | Cycle: 1.1039 | grad_G: 31.70
Epoch 61/80 | Step 422400 | G: 3.1127 | D_A: 0.0314 | D_B: 0.0367 | Cycle: 1.1245 | grad_G: 36.59
Epoch 61/80 | Step 422450 | G: 3.0648 | D_A: 0.0509 | D_B: 0.0268 | Cycle: 1.4490 | grad_G: 28.46
Epoch 61/80 | Step 422500 | G: 2.7027 | D_A: 0.0632 | D_B: 0.0593 | Cycle: 0.9402 | grad_G: 35.30
Epoch 61/80 | Step 422550 | G: 3.1238 | D_A: 0.0227 | D_B: 0.0186 | Cycle: 0.9860 | grad_G: 29.27
Epoch 61/80 | Step 422600 | G: 2.4493 | D_A: 0.2356 | D_B: 0.0520 | Cycle: 1.0213 | grad_G: 31.04
Epoch 61/80 | Step 422650 | G: 2.1612 | D_A: 0.0613 | D_B: 0.1871 | Cycle: 1.0620 | grad_G: 31.86
Epoch 61/80 | Step 422700 | G: 3.0587 | D_A: 0.0341 | D_B: 0.0207 | Cycle: 1.1262 | grad_G: 29.66
Epoch 61/80 | Step 422750 | G: 2.5321 | D_A: 0.1269 | D_B: 0.0327 | Cycle: 1.2122 | grad_G: 64.37
Epoch 61/80 | Step 422800 | G: 2.6433 | D_A: 0.0364 | D_B: 0.0919 | Cycle: 0.8603 | grad_G: 75.41
Epoch 61/80 | Step 422850 | G: 3.1454 | D_A: 0.0356 | D_B: 0.0381 | Cycle: 1.5326 | grad_G: 36.99
Epoch 61/80 | Step 422900 | G: 2.6841 | D_A: 0.0382 | D_B: 0.0637 | Cycle: 0.9284 | grad_G: 43.64
Epoch 61/80 | Step 422950 | G: 2.0781 | D_A: 0.0976 | D_B: 0.0406 | Cycle: 0.9163 | grad_G: 31.43
Epoch 61/80 | Step 423000 | G: 2.9929 | D_A: 0.0518 | D_B: 0.0287 | Cycle: 1.5641 | grad_G: 25.54
Epoch 61/80 | Step 423050 | G: 3.1556 | D_A: 0.0348 | D_B: 0.0309 | Cycle: 1.4590 | grad_G: 33.74
Epoch 61/80 | Step 423100 | G: 2.9518 | D_A: 0.0469 | D_B: 0.0427 | Cycle: 1.2686 | grad_G: 70.94
Epoch 61/80 | Step 423150 | G: 2.5435 | D_A: 0.1191 | D_B: 0.0257 | Cycle: 1.1139 | grad_G: 71.18
Epoch 61/80 | Step 423200 | G: 2.8503 | D_A: 0.0369 | D_B: 0.0236 | Cycle: 1.0547 | grad_G: 40.25
Epoch 61/80 | Step 423250 | G: 3.1432 | D_A: 0.0183 | D_B: 0.0940 | Cycle: 1.0785 | grad_G: 30.10
Epoch 61/80 | Step 423300 | G: 2.0289 | D_A: 0.1357 | D_B: 0.0571 | Cycle: 1.0495 | grad_G: 22.70
Epoch 61/80 | Step 423350 | G: 2.3978 | D_A: 0.0555 | D_B: 0.0579 | Cycle: 1.0119 | grad_G: 33.57
Epoch 61/80 | Step 423400 | G: 2.3065 | D_A: 0.1782 | D_B: 0.0479 | Cycle: 0.9622 | grad_G: 33.70
Epoch 61/80 | Step 423450 | G: 3.1901 | D_A: 0.0313 | D_B: 0.0210 | Cycle: 1.3276 | grad_G: 45.47
Epoch 61/80 | Step 423500 | G: 3.1013 | D_A: 0.0782 | D_B: 0.0242 | Cycle: 1.2218 | grad_G: 27.16
Epoch 61/80 | Step 423550 | G: 2.2727 | D_A: 0.0652 | D_B: 0.0304 | Cycle: 0.9585 | grad_G: 55.32
Epoch 61/80 | Step 423600 | G: 2.9414 | D_A: 0.0360 | D_B: 0.0439 | Cycle: 0.8470 | grad_G: 80.61
Epoch 61/80 | Step 423650 | G: 2.2516 | D_A: 0.0368 | D_B: 0.1132 | Cycle: 0.9671 | grad_G: 31.78
Epoch 61/80 | Step 423700 | G: 2.9194 | D_A: 0.0385 | D_B: 0.0320 | Cycle: 1.2301 | grad_G: 43.10
Epoch 61/80 | Step 423750 | G: 2.5474 | D_A: 0.0724 | D_B: 0.0327 | Cycle: 1.0855 | grad_G: 33.15
Epoch 61/80 | Step 423800 | G: 2.8232 | D_A: 0.0435 | D_B: 0.0395 | Cycle: 1.1585 | grad_G: 38.15
Epoch 61/80 | Step 423850 | G: 3.1565 | D_A: 0.0422 | D_B: 0.0280 | Cycle: 1.4740 | grad_G: 50.63
Epoch 61/80 | Step 423900 | G: 3.0539 | D_A: 0.0416 | D_B: 0.0269 | Cycle: 1.4724 | grad_G: 25.60
Epoch 61/80 | Step 423950 | G: 3.2950 | D_A: 0.0293 | D_B: 0.0304 | Cycle: 1.1196 | grad_G: 43.53
Epoch 61/80 | Step 424000 | G: 3.3012 | D_A: 0.0476 | D_B: 0.0236 | Cycle: 1.4804 | grad_G: 34.58
Epoch 61/80 | Step 424050 | G: 2.0910 | D_A: 0.0456 | D_B: 0.0606 | Cycle: 0.8472 | grad_G: 29.44
Epoch 61/80 | Step 424100 | G: 2.9076 | D_A: 0.0351 | D_B: 0.0260 | Cycle: 1.1328 | grad_G: 43.73
Epoch 61/80 | Step 424150 | G: 2.6293 | D_A: 0.0529 | D_B: 0.0343 | Cycle: 1.2049 | grad_G: 23.00
Epoch 61/80 | Step 424200 | G: 2.4647 | D_A: 0.0976 | D_B: 0.0483 | Cycle: 0.8470 | grad_G: 58.14
Epoch 61/80 | Step 424250 | G: 3.2444 | D_A: 0.0364 | D_B: 0.0387 | Cycle: 1.4963 | grad_G: 30.75
Epoch 61/80 | Step 424300 | G: 2.8477 | D_A: 0.0451 | D_B: 0.0372 | Cycle: 1.1079 | grad_G: 41.13
Epoch 61/80 | Step 424350 | G: 3.2853 | D_A: 0.0364 | D_B: 0.0275 | Cycle: 1.3954 | grad_G: 36.59
Epoch 61/80 | Step 424400 | G: 2.9179 | D_A: 0.0420 | D_B: 0.0319 | Cycle: 1.1616 | grad_G: 77.38
Epoch 61/80 | Step 424450 | G: 3.0323 | D_A: 0.0164 | D_B: 0.0240 | Cycle: 0.8853 | grad_G: 26.02
Epoch 61/80 | Step 424500 | G: 2.7396 | D_A: 0.0505 | D_B: 0.0187 | Cycle: 0.9200 | grad_G: 46.35
Epoch 61/80 | Step 424550 | G: 2.8511 | D_A: 0.1554 | D_B: 0.0376 | Cycle: 1.1902 | grad_G: 41.39
Epoch 61/80 | Step 424600 | G: 2.6569 | D_A: 0.0323 | D_B: 0.0718 | Cycle: 0.8880 | grad_G: 28.67
Epoch 61/80 | Step 424650 | G: 2.3930 | D_A: 0.0348 | D_B: 0.1576 | Cycle: 0.9308 | grad_G: 46.08
Epoch 61/80 | Step 424700 | G: 2.6038 | D_A: 0.0943 | D_B: 0.0247 | Cycle: 0.9215 | grad_G: 40.19
Epoch 61/80 | Step 424750 | G: 3.1402 | D_A: 0.0366 | D_B: 0.0294 | Cycle: 1.2900 | grad_G: 31.73
Epoch 61/80 | Step 424800 | G: 2.4260 | D_A: 0.0825 | D_B: 0.0718 | Cycle: 0.9883 | grad_G: 28.60
Epoch 61/80 | Step 424850 | G: 3.3153 | D_A: 0.0257 | D_B: 0.0567 | Cycle: 1.6840 | grad_G: 45.79
Epoch 61/80 | Step 424900 | G: 2.5327 | D_A: 0.0468 | D_B: 0.0587 | Cycle: 1.0054 | grad_G: 48.30
Epoch 61/80 | Step 424950 | G: 2.9884 | D_A: 0.0625 | D_B: 0.0474 | Cycle: 1.0241 | grad_G: 63.12
Epoch 61/80 | Step 425000 | G: 3.2938 | D_A: 0.0471 | D_B: 0.0799 | Cycle: 1.0981 | grad_G: 41.73
Epoch 61/80 | Step 425050 | G: 2.5477 | D_A: 0.0695 | D_B: 0.0551 | Cycle: 1.1146 | grad_G: 39.03
Epoch 61/80 | Step 425100 | G: 2.7667 | D_A: 0.0780 | D_B: 0.0451 | Cycle: 1.2619 | grad_G: 30.95
Epoch 61/80 | Step 425150 | G: 3.4097 | D_A: 0.0712 | D_B: 0.0472 | Cycle: 1.4112 | grad_G: 29.88
Epoch 61/80 | Step 425200 | G: 1.8394 | D_A: 0.0366 | D_B: 0.0462 | Cycle: 0.8445 | grad_G: 44.83
Epoch 61/80 | Step 425250 | G: 2.8401 | D_A: 0.0774 | D_B: 0.0836 | Cycle: 0.9745 | grad_G: 82.43
Epoch 61/80 | Step 425300 | G: 2.9221 | D_A: 0.0605 | D_B: 0.0269 | Cycle: 1.0666 | grad_G: 37.97
Epoch 61/80 | Step 425350 | G: 2.3546 | D_A: 0.0242 | D_B: 0.0452 | Cycle: 0.8969 | grad_G: 32.62
Epoch 61/80 | Step 425400 | G: 2.3153 | D_A: 0.0823 | D_B: 0.0429 | Cycle: 1.0504 | grad_G: 38.25
Epoch 61/80 | Step 425450 | G: 2.1822 | D_A: 0.0615 | D_B: 0.0284 | Cycle: 0.8373 | grad_G: 46.52
Epoch 61/80 | Step 425500 | G: 2.4549 | D_A: 0.0526 | D_B: 0.0335 | Cycle: 1.2399 | grad_G: 59.60
Epoch 61/80 | Step 425550 | G: 2.5594 | D_A: 0.1143 | D_B: 0.0429 | Cycle: 0.8637 | grad_G: 48.84
Epoch 61/80 | Step 425600 | G: 2.1222 | D_A: 0.1945 | D_B: 0.0760 | Cycle: 0.8859 | grad_G: 26.89
Epoch 61/80 | Step 425650 | G: 2.4615 | D_A: 0.0355 | D_B: 0.0297 | Cycle: 0.9870 | grad_G: 26.76
Epoch 61/80 | Step 425700 | G: 3.1251 | D_A: 0.0622 | D_B: 0.0311 | Cycle: 1.3804 | grad_G: 40.18
Epoch 61/80 | Step 425750 | G: 3.1010 | D_A: 0.0538 | D_B: 0.0370 | Cycle: 1.2629 | grad_G: 23.36
Epoch 61/80 | Step 425800 | G: 2.6022 | D_A: 0.0896 | D_B: 0.0275 | Cycle: 0.8597 | grad_G: 25.01
Epoch 61/80 | Step 425850 | G: 2.9654 | D_A: 0.0523 | D_B: 0.0567 | Cycle: 1.4669 | grad_G: 19.45
Epoch 61/80 | Step 425900 | G: 2.7132 | D_A: 0.1081 | D_B: 0.0352 | Cycle: 0.9466 | grad_G: 33.60
Epoch 61/80 | Step 425950 | G: 2.4898 | D_A: 0.0742 | D_B: 0.1170 | Cycle: 0.7827 | grad_G: 83.54
Epoch 61/80 | Step 426000 | G: 3.0386 | D_A: 0.0394 | D_B: 0.0684 | Cycle: 1.4956 | grad_G: 64.75
Epoch 61/80 | Step 426050 | G: 2.5941 | D_A: 0.0576 | D_B: 0.0376 | Cycle: 1.0000 | grad_G: 25.21
Epoch 61/80 | Step 426100 | G: 2.9243 | D_A: 0.0566 | D_B: 0.0203 | Cycle: 1.1192 | grad_G: 29.56
Epoch 61/80 | Step 426150 | G: 2.3553 | D_A: 0.0479 | D_B: 0.0472 | Cycle: 0.9974 | grad_G: 66.87
Epoch 61/80 | Step 426200 | G: 3.0477 | D_A: 0.0430 | D_B: 0.0399 | Cycle: 1.2116 | grad_G: 28.56
Epoch 61/80 | Step 426250 | G: 2.8562 | D_A: 0.0728 | D_B: 0.0175 | Cycle: 1.2729 | grad_G: 39.04
Epoch 61/80 | Step 426300 | G: 2.4574 | D_A: 0.1068 | D_B: 0.0521 | Cycle: 0.8639 | grad_G: 23.19
Epoch 61/80 | Step 426350 | G: 2.1596 | D_A: 0.0180 | D_B: 0.1031 | Cycle: 0.9845 | grad_G: 56.59
Epoch 61/80 | Step 426400 | G: 3.6284 | D_A: 0.0410 | D_B: 0.0279 | Cycle: 1.4651 | grad_G: 39.44
Epoch 61/80 | Step 426450 | G: 2.6159 | D_A: 0.0365 | D_B: 0.0719 | Cycle: 1.0323 | grad_G: 32.16
Epoch 61/80 | Step 426500 | G: 2.5938 | D_A: 0.1413 | D_B: 0.0420 | Cycle: 0.9094 | grad_G: 68.92
Epoch 61/80 | Step 426550 | G: 2.6407 | D_A: 0.0422 | D_B: 0.0288 | Cycle: 0.9154 | grad_G: 34.35
Epoch 61/80 | Step 426600 | G: 2.4568 | D_A: 0.0635 | D_B: 0.0567 | Cycle: 0.8815 | grad_G: 58.70
Epoch 61/80 | Step 426650 | G: 3.4252 | D_A: 0.1017 | D_B: 0.0356 | Cycle: 1.5754 | grad_G: 39.56
Epoch 61/80 | Step 426700 | G: 2.7506 | D_A: 0.0598 | D_B: 0.0290 | Cycle: 0.8875 | grad_G: 39.02
Epoch 61/80 | Step 426750 | G: 2.4261 | D_A: 0.1218 | D_B: 0.0450 | Cycle: 1.1300 | grad_G: 19.63
Epoch 61/80 | Step 426800 | G: 3.5889 | D_A: 0.0562 | D_B: 0.0347 | Cycle: 1.5595 | grad_G: 54.87
Epoch 61/80 | Step 426850 | G: 2.8052 | D_A: 0.0983 | D_B: 0.0244 | Cycle: 1.0121 | grad_G: 33.91
Epoch 61/80 | Step 426900 | G: 2.2725 | D_A: 0.0343 | D_B: 0.0337 | Cycle: 0.9624 | grad_G: 26.66
Epoch 61/80 | Step 426950 | G: 3.3465 | D_A: 0.1183 | D_B: 0.0419 | Cycle: 1.3145 | grad_G: 36.02
Epoch 61/80 | Step 427000 | G: 2.8463 | D_A: 0.0326 | D_B: 0.0600 | Cycle: 0.7749 | grad_G: 48.21
Epoch 61/80 | Step 427050 | G: 3.3055 | D_A: 0.0478 | D_B: 0.0230 | Cycle: 1.3717 | grad_G: 44.28
Epoch 61/80 | Step 427100 | G: 2.7062 | D_A: 0.0340 | D_B: 0.0238 | Cycle: 0.9100 | grad_G: 52.38
Epoch 61/80 | Step 427150 | G: 3.2156 | D_A: 0.0181 | D_B: 0.0326 | Cycle: 1.0278 | grad_G: 46.74
Epoch 61/80 | Step 427200 | G: 2.3066 | D_A: 0.0495 | D_B: 0.1011 | Cycle: 0.8303 | grad_G: 61.44
Epoch 61/80 | Step 427250 | G: 1.8434 | D_A: 0.1883 | D_B: 0.0497 | Cycle: 0.8028 | grad_G: 23.21
Epoch 61/80 | Step 427300 | G: 3.3414 | D_A: 0.0629 | D_B: 0.0269 | Cycle: 1.4306 | grad_G: 38.83
Epoch 61/80 | Step 427350 | G: 3.1259 | D_A: 0.0304 | D_B: 0.0204 | Cycle: 1.2147 | grad_G: 34.41
Epoch 61/80 | Step 427400 | G: 2.6305 | D_A: 0.0520 | D_B: 0.0467 | Cycle: 1.1535 | grad_G: 27.78
Epoch 61/80 | Step 427450 | G: 2.3181 | D_A: 0.0285 | D_B: 0.0402 | Cycle: 0.9661 | grad_G: 39.17
Epoch 61/80 | Step 427500 | G: 2.9656 | D_A: 0.0485 | D_B: 0.0218 | Cycle: 1.2970 | grad_G: 46.12
Epoch 61/80 | Step 427550 | G: 3.5057 | D_A: 0.0724 | D_B: 0.0295 | Cycle: 1.2887 | grad_G: 36.94
Epoch 61/80 | Step 427600 | G: 3.0051 | D_A: 0.0410 | D_B: 0.0223 | Cycle: 1.2956 | grad_G: 46.30
Epoch 61/80 | Step 427650 | G: 2.2874 | D_A: 0.0810 | D_B: 0.0329 | Cycle: 1.0857 | grad_G: 22.32
Epoch 61/80 | Step 427700 | G: 2.6590 | D_A: 0.0805 | D_B: 0.0650 | Cycle: 1.3087 | grad_G: 25.52
Epoch 61/80 | Step 427750 | G: 3.1323 | D_A: 0.0574 | D_B: 0.0559 | Cycle: 1.3578 | grad_G: 37.63
Epoch 61/80 | Step 427800 | G: 2.0994 | D_A: 0.1445 | D_B: 0.1301 | Cycle: 0.7219 | grad_G: 30.45
Epoch 61/80 | Step 427850 | G: 3.0517 | D_A: 0.0506 | D_B: 0.0354 | Cycle: 1.2628 | grad_G: 27.37
Epoch 61/80 | Step 427900 | G: 2.4563 | D_A: 0.0655 | D_B: 0.0471 | Cycle: 0.9967 | grad_G: 30.74
Epoch 61/80 | Step 427950 | G: 2.6946 | D_A: 0.0399 | D_B: 0.0447 | Cycle: 1.0761 | grad_G: 47.83
Epoch 61/80 | Step 428000 | G: 2.9331 | D_A: 0.0322 | D_B: 0.0391 | Cycle: 1.3538 | grad_G: 48.01
Epoch 61/80 | Step 428050 | G: 2.6713 | D_A: 0.1082 | D_B: 0.0301 | Cycle: 0.9133 | grad_G: 43.82
Epoch 61/80 | Step 428100 | G: 2.0584 | D_A: 0.0568 | D_B: 0.0587 | Cycle: 0.8360 | grad_G: 36.57
Epoch 61/80 | Step 428150 | G: 3.3559 | D_A: 0.0410 | D_B: 0.0213 | Cycle: 1.3036 | grad_G: 32.49
Epoch 61/80 | Step 428200 | G: 3.1003 | D_A: 0.0481 | D_B: 0.0233 | Cycle: 1.0955 | grad_G: 91.94
Epoch 61/80 | Step 428250 | G: 2.7504 | D_A: 0.0436 | D_B: 0.0804 | Cycle: 0.9609 | grad_G: 47.76
Epoch 61/80 | Step 428300 | G: 2.2059 | D_A: 0.0805 | D_B: 0.0177 | Cycle: 0.9278 | grad_G: 23.63
Epoch 61/80 | Step 428350 | G: 2.9085 | D_A: 0.0673 | D_B: 0.0435 | Cycle: 1.2288 | grad_G: 29.02
Epoch 61/80 | Step 428400 | G: 3.2251 | D_A: 0.0467 | D_B: 0.0405 | Cycle: 1.1153 | grad_G: 47.20
Epoch 61/80 | Step 428450 | G: 2.7218 | D_A: 0.1431 | D_B: 0.0393 | Cycle: 0.8936 | grad_G: 93.40
Epoch 61/80 | Step 428500 | G: 2.6190 | D_A: 0.0928 | D_B: 0.0368 | Cycle: 0.9506 | grad_G: 51.99
Epoch 61/80 | Step 428550 | G: 2.6608 | D_A: 0.0572 | D_B: 0.0433 | Cycle: 1.2031 | grad_G: 24.34
Epoch 61/80 | Step 428600 | G: 2.8632 | D_A: 0.0370 | D_B: 0.0536 | Cycle: 1.0912 | grad_G: 34.12
Epoch 61/80 | Step 428650 | G: 3.5214 | D_A: 0.1283 | D_B: 0.0509 | Cycle: 1.2957 | grad_G: 39.29
Epoch 61/80 | Step 428700 | G: 2.8233 | D_A: 0.0296 | D_B: 0.0642 | Cycle: 1.0001 | grad_G: 34.39
Epoch 61/80 | Step 428750 | G: 2.9024 | D_A: 0.0548 | D_B: 0.0779 | Cycle: 0.8700 | grad_G: 39.02
Epoch 61/80 | Step 428800 | G: 2.8066 | D_A: 0.1153 | D_B: 0.0361 | Cycle: 0.9228 | grad_G: 47.01
Epoch 61/80 | Step 428850 | G: 2.9869 | D_A: 0.0363 | D_B: 0.0239 | Cycle: 1.2036 | grad_G: 23.09
Epoch 61/80 | Step 428900 | G: 3.4594 | D_A: 0.0477 | D_B: 0.0359 | Cycle: 1.2088 | grad_G: 41.46
Epoch 61/80 | Step 428950 | G: 2.7519 | D_A: 0.0979 | D_B: 0.0258 | Cycle: 1.1380 | grad_G: 58.32
Epoch 61/80 | Step 429000 | G: 3.0869 | D_A: 0.0277 | D_B: 0.0274 | Cycle: 1.1481 | grad_G: 60.96
Epoch 61/80 | Step 429050 | G: 2.6204 | D_A: 0.0221 | D_B: 0.0905 | Cycle: 0.9551 | grad_G: 37.92
Epoch 61/80 | Step 429100 | G: 2.6309 | D_A: 0.0604 | D_B: 0.0300 | Cycle: 1.1502 | grad_G: 30.69
Epoch 61/80 | Step 429150 | G: 2.9555 | D_A: 0.0347 | D_B: 0.0880 | Cycle: 1.0966 | grad_G: 35.69
Epoch 61/80 | Step 429200 | G: 2.0964 | D_A: 0.0535 | D_B: 0.0596 | Cycle: 0.9860 | grad_G: 51.57
Epoch 61/80 | Step 429250 | G: 3.0225 | D_A: 0.0777 | D_B: 0.0322 | Cycle: 1.2733 | grad_G: 43.63
Epoch 61/80 | Step 429300 | G: 2.3750 | D_A: 0.0423 | D_B: 0.0497 | Cycle: 1.0445 | grad_G: 31.90
Epoch 61/80 complete | Time: 555s | Avg G: 2.8180 | Avg D: 0.0547 | grad_G: 43.01
Epoch 62/80 | Step 429350 | G: 2.8125 | D_A: 0.0333 | D_B: 0.0507 | Cycle: 1.2850 | grad_G: 30.72
Epoch 62/80 | Step 429400 | G: 3.1075 | D_A: 0.0378 | D_B: 0.0593 | Cycle: 1.2580 | grad_G: 36.11
Epoch 62/80 | Step 429450 | G: 2.8304 | D_A: 0.1200 | D_B: 0.0285 | Cycle: 1.0070 | grad_G: 25.42
Epoch 62/80 | Step 429500 | G: 2.6633 | D_A: 0.0942 | D_B: 0.0335 | Cycle: 1.3645 | grad_G: 25.92
Epoch 62/80 | Step 429550 | G: 3.1192 | D_A: 0.0960 | D_B: 0.0318 | Cycle: 1.4377 | grad_G: 28.15
Epoch 62/80 | Step 429600 | G: 2.4091 | D_A: 0.0719 | D_B: 0.0310 | Cycle: 1.1365 | grad_G: 38.43
Epoch 62/80 | Step 429650 | G: 2.8681 | D_A: 0.0697 | D_B: 0.0895 | Cycle: 1.1612 | grad_G: 56.75
Epoch 62/80 | Step 429700 | G: 2.6239 | D_A: 0.1177 | D_B: 0.0303 | Cycle: 1.0283 | grad_G: 35.51
Epoch 62/80 | Step 429750 | G: 3.4815 | D_A: 0.0805 | D_B: 0.0351 | Cycle: 1.6366 | grad_G: 29.89
Epoch 62/80 | Step 429800 | G: 2.7312 | D_A: 0.0702 | D_B: 0.1113 | Cycle: 0.9714 | grad_G: 44.73
Epoch 62/80 | Step 429850 | G: 2.5827 | D_A: 0.0234 | D_B: 0.0303 | Cycle: 0.9003 | grad_G: 52.77
Epoch 62/80 | Step 429900 | G: 2.9473 | D_A: 0.0314 | D_B: 0.0572 | Cycle: 0.8807 | grad_G: 53.26
Epoch 62/80 | Step 429950 | G: 3.0564 | D_A: 0.0342 | D_B: 0.0429 | Cycle: 1.2069 | grad_G: 50.91
Epoch 62/80 | Step 430000 | G: 3.0816 | D_A: 0.0304 | D_B: 0.0210 | Cycle: 1.1506 | grad_G: 30.63
Epoch 62/80 | Step 430050 | G: 3.3754 | D_A: 0.0433 | D_B: 0.0721 | Cycle: 1.3004 | grad_G: 64.60
Epoch 62/80 | Step 430100 | G: 2.8834 | D_A: 0.0697 | D_B: 0.0334 | Cycle: 1.1539 | grad_G: 44.68
Epoch 62/80 | Step 430150 | G: 3.7367 | D_A: 0.0579 | D_B: 0.0442 | Cycle: 1.4901 | grad_G: 54.67
Epoch 62/80 | Step 430200 | G: 2.6787 | D_A: 0.0338 | D_B: 0.0321 | Cycle: 1.0787 | grad_G: 32.45
Epoch 62/80 | Step 430250 | G: 2.5122 | D_A: 0.0975 | D_B: 0.0360 | Cycle: 1.1512 | grad_G: 29.57
Epoch 62/80 | Step 430300 | G: 2.7328 | D_A: 0.0478 | D_B: 0.0743 | Cycle: 1.0058 | grad_G: 45.78
Epoch 62/80 | Step 430350 | G: 3.2236 | D_A: 0.0668 | D_B: 0.0389 | Cycle: 1.2952 | grad_G: 38.59
Epoch 62/80 | Step 430400 | G: 2.9156 | D_A: 0.0255 | D_B: 0.0232 | Cycle: 1.1619 | grad_G: 55.71
Epoch 62/80 | Step 430450 | G: 3.3065 | D_A: 0.0384 | D_B: 0.0490 | Cycle: 1.5434 | grad_G: 27.47
Epoch 62/80 | Step 430500 | G: 3.2150 | D_A: 0.0545 | D_B: 0.0234 | Cycle: 1.4573 | grad_G: 37.11
Epoch 62/80 | Step 430550 | G: 2.8536 | D_A: 0.0211 | D_B: 0.0273 | Cycle: 1.2176 | grad_G: 73.33
Epoch 62/80 | Step 430600 | G: 3.7067 | D_A: 0.0346 | D_B: 0.0505 | Cycle: 1.6454 | grad_G: 45.96
Epoch 62/80 | Step 430650 | G: 3.0779 | D_A: 0.0484 | D_B: 0.0433 | Cycle: 1.1925 | grad_G: 84.87
Epoch 62/80 | Step 430700 | G: 2.4199 | D_A: 0.0673 | D_B: 0.0497 | Cycle: 1.2320 | grad_G: 21.79
Epoch 62/80 | Step 430750 | G: 2.4518 | D_A: 0.0561 | D_B: 0.0387 | Cycle: 1.0588 | grad_G: 27.84
Epoch 62/80 | Step 430800 | G: 2.5360 | D_A: 0.1087 | D_B: 0.0538 | Cycle: 0.9212 | grad_G: 56.13
Epoch 62/80 | Step 430850 | G: 3.1371 | D_A: 0.0427 | D_B: 0.0260 | Cycle: 1.3246 | grad_G: 48.89
Epoch 62/80 | Step 430900 | G: 2.4188 | D_A: 0.0662 | D_B: 0.0574 | Cycle: 0.8976 | grad_G: 25.17
Epoch 62/80 | Step 430950 | G: 2.8418 | D_A: 0.0381 | D_B: 0.0209 | Cycle: 1.0340 | grad_G: 42.63
Epoch 62/80 | Step 431000 | G: 3.0614 | D_A: 0.0402 | D_B: 0.0400 | Cycle: 1.2019 | grad_G: 60.16
Epoch 62/80 | Step 431050 | G: 2.4004 | D_A: 0.1957 | D_B: 0.1119 | Cycle: 0.9878 | grad_G: 46.32
Epoch 62/80 | Step 431100 | G: 3.5844 | D_A: 0.0303 | D_B: 0.0288 | Cycle: 1.6625 | grad_G: 31.50
Epoch 62/80 | Step 431150 | G: 2.3151 | D_A: 0.0404 | D_B: 0.0286 | Cycle: 0.8061 | grad_G: 28.52
Epoch 62/80 | Step 431200 | G: 2.8515 | D_A: 0.0367 | D_B: 0.1332 | Cycle: 0.9898 | grad_G: 31.42
Epoch 62/80 | Step 431250 | G: 2.9358 | D_A: 0.0423 | D_B: 0.0910 | Cycle: 1.1439 | grad_G: 41.39
Epoch 62/80 | Step 431300 | G: 3.1503 | D_A: 0.0528 | D_B: 0.0562 | Cycle: 1.4684 | grad_G: 32.37
Epoch 62/80 | Step 431350 | G: 3.6886 | D_A: 0.2371 | D_B: 0.0682 | Cycle: 2.0210 | grad_G: 39.48
Epoch 62/80 | Step 431400 | G: 3.9669 | D_A: 0.0521 | D_B: 0.0268 | Cycle: 1.9170 | grad_G: 34.77
Epoch 62/80 | Step 431450 | G: 2.5946 | D_A: 0.1714 | D_B: 0.0233 | Cycle: 1.2994 | grad_G: 26.32
Epoch 62/80 | Step 431500 | G: 2.8568 | D_A: 0.0515 | D_B: 0.0272 | Cycle: 1.1355 | grad_G: 42.84
Epoch 62/80 | Step 431550 | G: 3.1692 | D_A: 0.0371 | D_B: 0.0633 | Cycle: 1.1521 | grad_G: 48.68
Epoch 62/80 | Step 431600 | G: 2.8564 | D_A: 0.0352 | D_B: 0.0378 | Cycle: 1.3212 | grad_G: 25.52
Epoch 62/80 | Step 431650 | G: 3.0745 | D_A: 0.0397 | D_B: 0.0351 | Cycle: 1.2065 | grad_G: 30.53
Epoch 62/80 | Step 431700 | G: 2.4889 | D_A: 0.0479 | D_B: 0.0295 | Cycle: 0.9941 | grad_G: 35.38
Epoch 62/80 | Step 431750 | G: 2.6837 | D_A: 0.0378 | D_B: 0.0857 | Cycle: 0.8373 | grad_G: 33.06
Epoch 62/80 | Step 431800 | G: 2.8264 | D_A: 0.0573 | D_B: 0.0537 | Cycle: 1.4055 | grad_G: 30.44
Epoch 62/80 | Step 431850 | G: 2.0861 | D_A: 0.0279 | D_B: 0.0529 | Cycle: 0.7434 | grad_G: 62.01
Epoch 62/80 | Step 431900 | G: 2.5743 | D_A: 0.0322 | D_B: 0.0298 | Cycle: 1.1405 | grad_G: 52.90
Epoch 62/80 | Step 431950 | G: 3.1409 | D_A: 0.1041 | D_B: 0.0604 | Cycle: 1.1218 | grad_G: 23.89
Epoch 62/80 | Step 432000 | G: 2.7529 | D_A: 0.0454 | D_B: 0.0619 | Cycle: 1.0174 | grad_G: 34.17
Epoch 62/80 | Step 432050 | G: 2.7427 | D_A: 0.0247 | D_B: 0.0725 | Cycle: 0.9665 | grad_G: 25.02
Epoch 62/80 | Step 432100 | G: 3.2557 | D_A: 0.0348 | D_B: 0.0731 | Cycle: 1.1115 | grad_G: 61.28
Epoch 62/80 | Step 432150 | G: 2.2443 | D_A: 0.0578 | D_B: 0.0557 | Cycle: 0.9431 | grad_G: 36.31
Epoch 62/80 | Step 432200 | G: 2.7900 | D_A: 0.1379 | D_B: 0.0984 | Cycle: 1.0789 | grad_G: 49.92
Epoch 62/80 | Step 432250 | G: 3.0726 | D_A: 0.0386 | D_B: 0.0261 | Cycle: 1.0145 | grad_G: 45.05
Epoch 62/80 | Step 432300 | G: 2.8188 | D_A: 0.0292 | D_B: 0.0306 | Cycle: 1.2159 | grad_G: 26.04
Epoch 62/80 | Step 432350 | G: 3.2264 | D_A: 0.0488 | D_B: 0.0716 | Cycle: 1.0202 | grad_G: 58.99
Epoch 62/80 | Step 432400 | G: 2.7448 | D_A: 0.0320 | D_B: 0.0389 | Cycle: 1.1214 | grad_G: 30.79
Epoch 62/80 | Step 432450 | G: 2.7821 | D_A: 0.0274 | D_B: 0.0424 | Cycle: 1.1171 | grad_G: 38.43
Epoch 62/80 | Step 432500 | G: 3.4454 | D_A: 0.0396 | D_B: 0.0371 | Cycle: 1.6137 | grad_G: 20.69
Epoch 62/80 | Step 432550 | G: 2.6411 | D_A: 0.0470 | D_B: 0.0409 | Cycle: 0.9730 | grad_G: 25.25
Epoch 62/80 | Step 432600 | G: 2.8214 | D_A: 0.0333 | D_B: 0.0339 | Cycle: 1.3382 | grad_G: 44.94
Epoch 62/80 | Step 432650 | G: 3.0874 | D_A: 0.0672 | D_B: 0.0390 | Cycle: 1.1102 | grad_G: 53.52
Epoch 62/80 | Step 432700 | G: 3.3085 | D_A: 0.0283 | D_B: 0.0477 | Cycle: 1.5056 | grad_G: 30.50
Epoch 62/80 | Step 432750 | G: 2.8189 | D_A: 0.0242 | D_B: 0.0951 | Cycle: 0.9826 | grad_G: 36.39
Epoch 62/80 | Step 432800 | G: 3.1618 | D_A: 0.0504 | D_B: 0.0416 | Cycle: 1.1093 | grad_G: 36.58
Epoch 62/80 | Step 432850 | G: 3.0659 | D_A: 0.0659 | D_B: 0.0741 | Cycle: 0.9903 | grad_G: 47.54
Epoch 62/80 | Step 432900 | G: 2.3930 | D_A: 0.1140 | D_B: 0.0757 | Cycle: 0.8277 | grad_G: 35.98
Epoch 62/80 | Step 432950 | G: 2.7685 | D_A: 0.0712 | D_B: 0.0423 | Cycle: 1.2209 | grad_G: 48.77
Epoch 62/80 | Step 433000 | G: 2.9509 | D_A: 0.0333 | D_B: 0.0655 | Cycle: 1.1489 | grad_G: 31.48
Epoch 62/80 | Step 433050 | G: 2.4173 | D_A: 0.0394 | D_B: 0.0245 | Cycle: 0.8649 | grad_G: 45.49
Epoch 62/80 | Step 433100 | G: 2.5920 | D_A: 0.0341 | D_B: 0.0534 | Cycle: 1.0895 | grad_G: 35.41
Epoch 62/80 | Step 433150 | G: 2.7411 | D_A: 0.1352 | D_B: 0.0581 | Cycle: 1.1111 | grad_G: 89.11
Epoch 62/80 | Step 433200 | G: 2.8171 | D_A: 0.0276 | D_B: 0.0303 | Cycle: 1.0323 | grad_G: 39.89
Epoch 62/80 | Step 433250 | G: 3.1177 | D_A: 0.0721 | D_B: 0.0348 | Cycle: 1.4085 | grad_G: 27.25
Epoch 62/80 | Step 433300 | G: 2.5678 | D_A: 0.0496 | D_B: 0.0372 | Cycle: 0.9334 | grad_G: 22.09
Epoch 62/80 | Step 433350 | G: 2.5994 | D_A: 0.0720 | D_B: 0.0525 | Cycle: 1.0004 | grad_G: 34.90
Epoch 62/80 | Step 433400 | G: 1.7653 | D_A: 0.0309 | D_B: 0.0966 | Cycle: 0.6386 | grad_G: 28.58
Epoch 62/80 | Step 433450 | G: 3.2405 | D_A: 0.0230 | D_B: 0.0300 | Cycle: 1.1728 | grad_G: 52.28
Epoch 62/80 | Step 433500 | G: 2.8751 | D_A: 0.0325 | D_B: 0.0305 | Cycle: 1.1237 | grad_G: 35.45
Epoch 62/80 | Step 433550 | G: 2.8340 | D_A: 0.1146 | D_B: 0.0621 | Cycle: 1.1308 | grad_G: 65.35
Epoch 62/80 | Step 433600 | G: 2.7355 | D_A: 0.0860 | D_B: 0.0280 | Cycle: 1.1157 | grad_G: 24.02
Epoch 62/80 | Step 433650 | G: 2.4988 | D_A: 0.0458 | D_B: 0.0281 | Cycle: 1.0544 | grad_G: 50.86
Epoch 62/80 | Step 433700 | G: 2.6445 | D_A: 0.0603 | D_B: 0.0465 | Cycle: 1.1624 | grad_G: 68.96
Epoch 62/80 | Step 433750 | G: 2.8143 | D_A: 0.1428 | D_B: 0.0375 | Cycle: 1.0212 | grad_G: 37.31
Epoch 62/80 | Step 433800 | G: 2.7155 | D_A: 0.0258 | D_B: 0.0536 | Cycle: 0.8548 | grad_G: 54.55
Epoch 62/80 | Step 433850 | G: 3.0403 | D_A: 0.0329 | D_B: 0.0654 | Cycle: 0.9896 | grad_G: 61.41
Epoch 62/80 | Step 433900 | G: 2.7633 | D_A: 0.0187 | D_B: 0.0434 | Cycle: 0.9517 | grad_G: 23.71
Epoch 62/80 | Step 433950 | G: 3.3689 | D_A: 0.0408 | D_B: 0.0845 | Cycle: 1.2927 | grad_G: 36.55
Epoch 62/80 | Step 434000 | G: 2.6798 | D_A: 0.0296 | D_B: 0.0484 | Cycle: 0.9734 | grad_G: 56.80
Epoch 62/80 | Step 434050 | G: 2.9530 | D_A: 0.0407 | D_B: 0.0223 | Cycle: 1.1563 | grad_G: 33.23
Epoch 62/80 | Step 434100 | G: 2.6618 | D_A: 0.1819 | D_B: 0.0217 | Cycle: 0.8985 | grad_G: 31.57
Epoch 62/80 | Step 434150 | G: 2.4650 | D_A: 0.0945 | D_B: 0.0878 | Cycle: 0.7538 | grad_G: 59.76
Epoch 62/80 | Step 434200 | G: 3.3273 | D_A: 0.0867 | D_B: 0.0294 | Cycle: 1.7121 | grad_G: 22.68
Epoch 62/80 | Step 434250 | G: 3.2829 | D_A: 0.0275 | D_B: 0.0251 | Cycle: 1.2459 | grad_G: 58.93
Epoch 62/80 | Step 434300 | G: 2.8317 | D_A: 0.0482 | D_B: 0.0295 | Cycle: 1.0325 | grad_G: 28.98
Epoch 62/80 | Step 434350 | G: 2.8864 | D_A: 0.0306 | D_B: 0.0670 | Cycle: 1.1073 | grad_G: 42.52
Epoch 62/80 | Step 434400 | G: 2.3121 | D_A: 0.1311 | D_B: 0.0445 | Cycle: 0.9928 | grad_G: 21.97
Epoch 62/80 | Step 434450 | G: 3.1183 | D_A: 0.0225 | D_B: 0.0564 | Cycle: 1.4336 | grad_G: 42.55
Epoch 62/80 | Step 434500 | G: 3.4122 | D_A: 0.0217 | D_B: 0.0238 | Cycle: 1.1253 | grad_G: 38.64
Epoch 62/80 | Step 434550 | G: 2.7809 | D_A: 0.0365 | D_B: 0.0220 | Cycle: 1.0658 | grad_G: 58.46
Epoch 62/80 | Step 434600 | G: 2.8879 | D_A: 0.0496 | D_B: 0.0237 | Cycle: 1.3359 | grad_G: 30.13
Epoch 62/80 | Step 434650 | G: 3.2156 | D_A: 0.0260 | D_B: 0.0367 | Cycle: 1.0487 | grad_G: 95.10
Epoch 62/80 | Step 434700 | G: 2.8178 | D_A: 0.0328 | D_B: 0.0330 | Cycle: 1.1816 | grad_G: 27.40
Epoch 62/80 | Step 434750 | G: 2.7818 | D_A: 0.0222 | D_B: 0.0408 | Cycle: 1.0270 | grad_G: 27.38
Epoch 62/80 | Step 434800 | G: 2.7652 | D_A: 0.0343 | D_B: 0.0232 | Cycle: 1.0993 | grad_G: 30.82
Epoch 62/80 | Step 434850 | G: 3.1628 | D_A: 0.0337 | D_B: 0.0624 | Cycle: 1.4276 | grad_G: 29.03
Epoch 62/80 | Step 434900 | G: 2.8341 | D_A: 0.0246 | D_B: 0.0648 | Cycle: 1.2801 | grad_G: 56.01
Epoch 62/80 | Step 434950 | G: 2.7056 | D_A: 0.0472 | D_B: 0.0215 | Cycle: 1.3457 | grad_G: 19.20
Epoch 62/80 | Step 435000 | G: 3.1018 | D_A: 0.0430 | D_B: 0.0361 | Cycle: 1.2908 | grad_G: 34.81
Epoch 62/80 | Step 435050 | G: 2.6433 | D_A: 0.0239 | D_B: 0.0226 | Cycle: 1.0174 | grad_G: 38.41
Epoch 62/80 | Step 435100 | G: 2.0658 | D_A: 0.1532 | D_B: 0.0234 | Cycle: 0.8444 | grad_G: 43.97
Epoch 62/80 | Step 435150 | G: 2.6437 | D_A: 0.0323 | D_B: 0.0543 | Cycle: 1.0569 | grad_G: 42.42
Epoch 62/80 | Step 435200 | G: 2.6447 | D_A: 0.0909 | D_B: 0.0278 | Cycle: 0.9656 | grad_G: 75.73
Epoch 62/80 | Step 435250 | G: 3.2655 | D_A: 0.0274 | D_B: 0.0315 | Cycle: 1.3303 | grad_G: 50.95
Epoch 62/80 | Step 435300 | G: 3.1045 | D_A: 0.0387 | D_B: 0.0219 | Cycle: 1.1032 | grad_G: 38.71
Epoch 62/80 | Step 435350 | G: 3.0281 | D_A: 0.0210 | D_B: 0.0280 | Cycle: 1.3809 | grad_G: 50.99
Epoch 62/80 | Step 435400 | G: 2.4362 | D_A: 0.0355 | D_B: 0.0235 | Cycle: 0.6463 | grad_G: 40.78
Epoch 62/80 | Step 435450 | G: 2.5965 | D_A: 0.0571 | D_B: 0.0317 | Cycle: 1.0754 | grad_G: 31.32
Epoch 62/80 | Step 435500 | G: 2.9271 | D_A: 0.0409 | D_B: 0.0361 | Cycle: 0.8954 | grad_G: 38.26
Epoch 62/80 | Step 435550 | G: 2.9885 | D_A: 0.2380 | D_B: 0.0326 | Cycle: 1.1647 | grad_G: 34.60
Epoch 62/80 | Step 435600 | G: 2.8975 | D_A: 0.0417 | D_B: 0.0565 | Cycle: 1.2222 | grad_G: 40.17
Epoch 62/80 | Step 435650 | G: 2.8049 | D_A: 0.0269 | D_B: 0.0485 | Cycle: 1.0776 | grad_G: 33.96
Epoch 62/80 | Step 435700 | G: 2.6853 | D_A: 0.0349 | D_B: 0.0422 | Cycle: 1.0190 | grad_G: 45.60
Epoch 62/80 | Step 435750 | G: 3.4466 | D_A: 0.0301 | D_B: 0.0221 | Cycle: 1.4028 | grad_G: 24.06
Epoch 62/80 | Step 435800 | G: 2.6132 | D_A: 0.0424 | D_B: 0.1519 | Cycle: 0.9410 | grad_G: 36.11
Epoch 62/80 | Step 435850 | G: 3.4013 | D_A: 0.0662 | D_B: 0.0301 | Cycle: 1.3200 | grad_G: 41.25
Epoch 62/80 | Step 435900 | G: 2.1431 | D_A: 0.0370 | D_B: 0.1350 | Cycle: 0.7660 | grad_G: 55.49
Epoch 62/80 | Step 435950 | G: 3.2489 | D_A: 0.0744 | D_B: 0.0431 | Cycle: 1.0649 | grad_G: 45.59
Epoch 62/80 | Step 436000 | G: 3.1540 | D_A: 0.0325 | D_B: 0.0550 | Cycle: 1.3418 | grad_G: 37.49
Epoch 62/80 | Step 436050 | G: 2.6727 | D_A: 0.0345 | D_B: 0.0448 | Cycle: 1.2499 | grad_G: 35.39
Epoch 62/80 | Step 436100 | G: 3.1202 | D_A: 0.0314 | D_B: 0.1495 | Cycle: 1.5441 | grad_G: 25.27
Epoch 62/80 | Step 436150 | G: 2.6017 | D_A: 0.0676 | D_B: 0.0229 | Cycle: 1.0464 | grad_G: 47.70
Epoch 62/80 | Step 436200 | G: 2.9449 | D_A: 0.0331 | D_B: 0.0290 | Cycle: 1.0398 | grad_G: 47.47
Epoch 62/80 | Step 436250 | G: 3.0059 | D_A: 0.0207 | D_B: 0.0479 | Cycle: 1.3173 | grad_G: 32.90
Epoch 62/80 | Step 436300 | G: 2.6303 | D_A: 0.0748 | D_B: 0.0433 | Cycle: 1.2066 | grad_G: 27.45
Epoch 62/80 | Step 436350 | G: 3.0922 | D_A: 0.0434 | D_B: 0.0257 | Cycle: 1.2491 | grad_G: 73.28
Epoch 62/80 complete | Time: 435s | Avg G: 2.8241 | Avg D: 0.0538 | grad_G: 41.62
Epoch 63/80 | Step 436400 | G: 2.9828 | D_A: 0.0251 | D_B: 0.0407 | Cycle: 1.2518 | grad_G: 28.58
Epoch 63/80 | Step 436450 | G: 2.8898 | D_A: 0.0300 | D_B: 0.0630 | Cycle: 0.9922 | grad_G: 44.72
Epoch 63/80 | Step 436500 | G: 2.5730 | D_A: 0.0579 | D_B: 0.0177 | Cycle: 0.9230 | grad_G: 28.70
Epoch 63/80 | Step 436550 | G: 2.7811 | D_A: 0.0311 | D_B: 0.0444 | Cycle: 1.1985 | grad_G: 36.74
Epoch 63/80 | Step 436600 | G: 3.2107 | D_A: 0.1991 | D_B: 0.0273 | Cycle: 1.2275 | grad_G: 35.49
Epoch 63/80 | Step 436650 | G: 2.7374 | D_A: 0.0316 | D_B: 0.0359 | Cycle: 1.0816 | grad_G: 23.75
Epoch 63/80 | Step 436700 | G: 3.1424 | D_A: 0.0410 | D_B: 0.0449 | Cycle: 1.2103 | grad_G: 56.55
Epoch 63/80 | Step 436750 | G: 2.0935 | D_A: 0.0616 | D_B: 0.0493 | Cycle: 0.7840 | grad_G: 40.16
Epoch 63/80 | Step 436800 | G: 2.6728 | D_A: 0.1274 | D_B: 0.0562 | Cycle: 1.0635 | grad_G: 45.18
Epoch 63/80 | Step 436850 | G: 3.2002 | D_A: 0.0612 | D_B: 0.0277 | Cycle: 1.2617 | grad_G: 42.40
Epoch 63/80 | Step 436900 | G: 2.6452 | D_A: 0.0540 | D_B: 0.0728 | Cycle: 1.0453 | grad_G: 40.45
Epoch 63/80 | Step 436950 | G: 2.0541 | D_A: 0.1218 | D_B: 0.0523 | Cycle: 0.6972 | grad_G: 61.45
Epoch 63/80 | Step 437000 | G: 2.2812 | D_A: 0.1092 | D_B: 0.0906 | Cycle: 0.8816 | grad_G: 38.61
Epoch 63/80 | Step 437050 | G: 2.8402 | D_A: 0.0250 | D_B: 0.0932 | Cycle: 0.8364 | grad_G: 49.83
Epoch 63/80 | Step 437100 | G: 2.5610 | D_A: 0.0566 | D_B: 0.0295 | Cycle: 0.9403 | grad_G: 34.89
Epoch 63/80 | Step 437150 | G: 2.3763 | D_A: 0.0912 | D_B: 0.0562 | Cycle: 1.0140 | grad_G: 25.94
Epoch 63/80 | Step 437200 | G: 3.1418 | D_A: 0.0667 | D_B: 0.0304 | Cycle: 0.9470 | grad_G: 47.15
Epoch 63/80 | Step 437250 | G: 2.8785 | D_A: 0.0436 | D_B: 0.0241 | Cycle: 1.2975 | grad_G: 19.26
Epoch 63/80 | Step 437300 | G: 2.6901 | D_A: 0.0400 | D_B: 0.0852 | Cycle: 1.1542 | grad_G: 40.83
Epoch 63/80 | Step 437350 | G: 3.1128 | D_A: 0.0252 | D_B: 0.0201 | Cycle: 1.2598 | grad_G: 46.63
Epoch 63/80 | Step 437400 | G: 2.7294 | D_A: 0.0395 | D_B: 0.0513 | Cycle: 1.2385 | grad_G: 26.42
Epoch 63/80 | Step 437450 | G: 2.3220 | D_A: 0.0771 | D_B: 0.0838 | Cycle: 1.2232 | grad_G: 29.18
Epoch 63/80 | Step 437500 | G: 2.6141 | D_A: 0.0883 | D_B: 0.0337 | Cycle: 0.9477 | grad_G: 43.23
Epoch 63/80 | Step 437550 | G: 2.9109 | D_A: 0.1272 | D_B: 0.0392 | Cycle: 1.3991 | grad_G: 38.67
Epoch 63/80 | Step 437600 | G: 3.0520 | D_A: 0.0558 | D_B: 0.0302 | Cycle: 1.1805 | grad_G: 24.78
Epoch 63/80 | Step 437650 | G: 3.2095 | D_A: 0.0611 | D_B: 0.0370 | Cycle: 1.2984 | grad_G: 32.79
Epoch 63/80 | Step 437700 | G: 2.8363 | D_A: 0.0247 | D_B: 0.0216 | Cycle: 1.0480 | grad_G: 51.56
Epoch 63/80 | Step 437750 | G: 2.4126 | D_A: 0.0363 | D_B: 0.0524 | Cycle: 0.9303 | grad_G: 43.49
Epoch 63/80 | Step 437800 | G: 2.6445 | D_A: 0.0558 | D_B: 0.0496 | Cycle: 1.0473 | grad_G: 37.38
Epoch 63/80 | Step 437850 | G: 2.3943 | D_A: 0.1047 | D_B: 0.0513 | Cycle: 1.0396 | grad_G: 41.78
Epoch 63/80 | Step 437900 | G: 2.7487 | D_A: 0.0583 | D_B: 0.0648 | Cycle: 1.1484 | grad_G: 32.54
Epoch 63/80 | Step 437950 | G: 2.6435 | D_A: 0.0453 | D_B: 0.0249 | Cycle: 1.1071 | grad_G: 36.14
Epoch 63/80 | Step 438000 | G: 2.6603 | D_A: 0.0875 | D_B: 0.0296 | Cycle: 1.2114 | grad_G: 34.81
Epoch 63/80 | Step 438050 | G: 2.7064 | D_A: 0.0615 | D_B: 0.0360 | Cycle: 1.2543 | grad_G: 48.59
Epoch 63/80 | Step 438100 | G: 3.0116 | D_A: 0.0686 | D_B: 0.1229 | Cycle: 0.9828 | grad_G: 47.39
Epoch 63/80 | Step 438150 | G: 2.3381 | D_A: 0.0415 | D_B: 0.0557 | Cycle: 0.8665 | grad_G: 38.49
Epoch 63/80 | Step 438200 | G: 2.6438 | D_A: 0.1762 | D_B: 0.0528 | Cycle: 0.9893 | grad_G: 42.41
Epoch 63/80 | Step 438250 | G: 2.7472 | D_A: 0.0199 | D_B: 0.0583 | Cycle: 1.0726 | grad_G: 31.30
Epoch 63/80 | Step 438300 | G: 2.9384 | D_A: 0.0279 | D_B: 0.0297 | Cycle: 0.9748 | grad_G: 46.18
Epoch 63/80 | Step 438350 | G: 3.0893 | D_A: 0.0487 | D_B: 0.0267 | Cycle: 1.4058 | grad_G: 35.02
Epoch 63/80 | Step 438400 | G: 2.6673 | D_A: 0.1255 | D_B: 0.0402 | Cycle: 1.1450 | grad_G: 22.74
Epoch 63/80 | Step 438450 | G: 2.3029 | D_A: 0.0714 | D_B: 0.0361 | Cycle: 0.9738 | grad_G: 43.63
Epoch 63/80 | Step 438500 | G: 3.4939 | D_A: 0.0610 | D_B: 0.0538 | Cycle: 1.1165 | grad_G: 45.54
Epoch 63/80 | Step 438550 | G: 2.7734 | D_A: 0.1653 | D_B: 0.0809 | Cycle: 1.1250 | grad_G: 47.05
Epoch 63/80 | Step 438600 | G: 3.1821 | D_A: 0.0466 | D_B: 0.0278 | Cycle: 1.4912 | grad_G: 27.38
Epoch 63/80 | Step 438650 | G: 2.6766 | D_A: 0.0380 | D_B: 0.0290 | Cycle: 1.1111 | grad_G: 40.93
Epoch 63/80 | Step 438700 | G: 2.8781 | D_A: 0.0212 | D_B: 0.0574 | Cycle: 1.1392 | grad_G: 44.11
Epoch 63/80 | Step 438750 | G: 2.5730 | D_A: 0.0887 | D_B: 0.0205 | Cycle: 1.1499 | grad_G: 35.67
Epoch 63/80 | Step 438800 | G: 2.7988 | D_A: 0.0382 | D_B: 0.0183 | Cycle: 1.1791 | grad_G: 21.67
Epoch 63/80 | Step 438850 | G: 2.8746 | D_A: 0.1487 | D_B: 0.0215 | Cycle: 0.9514 | grad_G: 50.70
Epoch 63/80 | Step 438900 | G: 2.7148 | D_A: 0.0221 | D_B: 0.0300 | Cycle: 1.1490 | grad_G: 27.54
Epoch 63/80 | Step 438950 | G: 3.0495 | D_A: 0.0358 | D_B: 0.0286 | Cycle: 1.3783 | grad_G: 30.49
Epoch 63/80 | Step 439000 | G: 2.6712 | D_A: 0.0413 | D_B: 0.0221 | Cycle: 0.9877 | grad_G: 56.09
Epoch 63/80 | Step 439050 | G: 3.0910 | D_A: 0.1087 | D_B: 0.0386 | Cycle: 1.3007 | grad_G: 33.60
Epoch 63/80 | Step 439100 | G: 2.2997 | D_A: 0.0489 | D_B: 0.1086 | Cycle: 1.1264 | grad_G: 22.99
Epoch 63/80 | Step 439150 | G: 2.7779 | D_A: 0.0275 | D_B: 0.0794 | Cycle: 1.0085 | grad_G: 32.51
Epoch 63/80 | Step 439200 | G: 3.1783 | D_A: 0.0610 | D_B: 0.0268 | Cycle: 1.0836 | grad_G: 40.35
Epoch 63/80 | Step 439250 | G: 3.0227 | D_A: 0.0593 | D_B: 0.0238 | Cycle: 1.3680 | grad_G: 52.23
Epoch 63/80 | Step 439300 | G: 3.2937 | D_A: 0.0523 | D_B: 0.0482 | Cycle: 1.1791 | grad_G: 43.38
Epoch 63/80 | Step 439350 | G: 3.5119 | D_A: 0.0811 | D_B: 0.0329 | Cycle: 1.5252 | grad_G: 27.18
Epoch 63/80 | Step 439400 | G: 2.8651 | D_A: 0.0645 | D_B: 0.1590 | Cycle: 0.8551 | grad_G: 49.71
Epoch 63/80 | Step 439450 | G: 3.0518 | D_A: 0.0277 | D_B: 0.0283 | Cycle: 0.9046 | grad_G: 103.62
Epoch 63/80 | Step 439500 | G: 2.1776 | D_A: 0.0493 | D_B: 0.0489 | Cycle: 0.9353 | grad_G: 37.36
Epoch 63/80 | Step 439550 | G: 2.8741 | D_A: 0.0942 | D_B: 0.0452 | Cycle: 1.1865 | grad_G: 46.35
Epoch 63/80 | Step 439600 | G: 2.0153 | D_A: 0.0740 | D_B: 0.1140 | Cycle: 0.8698 | grad_G: 55.65
Epoch 63/80 | Step 439650 | G: 2.2166 | D_A: 0.1611 | D_B: 0.0747 | Cycle: 0.8202 | grad_G: 43.56
Epoch 63/80 | Step 439700 | G: 3.2737 | D_A: 0.0457 | D_B: 0.0461 | Cycle: 1.2664 | grad_G: 58.13
Epoch 63/80 | Step 439750 | G: 2.6500 | D_A: 0.0487 | D_B: 0.0457 | Cycle: 1.1852 | grad_G: 21.01
Epoch 63/80 | Step 439800 | G: 3.0660 | D_A: 0.0516 | D_B: 0.0206 | Cycle: 1.3454 | grad_G: 19.06
Epoch 63/80 | Step 439850 | G: 2.7513 | D_A: 0.0442 | D_B: 0.0523 | Cycle: 1.1195 | grad_G: 43.40
Epoch 63/80 | Step 439900 | G: 3.0214 | D_A: 0.0387 | D_B: 0.0664 | Cycle: 1.0196 | grad_G: 34.77
Epoch 63/80 | Step 439950 | G: 3.0969 | D_A: 0.0818 | D_B: 0.0457 | Cycle: 0.9655 | grad_G: 40.87
Epoch 63/80 | Step 440000 | G: 2.7226 | D_A: 0.0453 | D_B: 0.0309 | Cycle: 1.2317 | grad_G: 69.44
Epoch 63/80 | Step 440050 | G: 3.0038 | D_A: 0.0282 | D_B: 0.0260 | Cycle: 0.9395 | grad_G: 74.40
Epoch 63/80 | Step 440100 | G: 2.9527 | D_A: 0.0916 | D_B: 0.0276 | Cycle: 1.3198 | grad_G: 82.42
Epoch 63/80 | Step 440150 | G: 2.4374 | D_A: 0.0725 | D_B: 0.1896 | Cycle: 0.7534 | grad_G: 35.66
Epoch 63/80 | Step 440200 | G: 3.0420 | D_A: 0.0879 | D_B: 0.0256 | Cycle: 1.2585 | grad_G: 22.84
Epoch 63/80 | Step 440250 | G: 2.9485 | D_A: 0.0417 | D_B: 0.0272 | Cycle: 1.2309 | grad_G: 23.79
Epoch 63/80 | Step 440300 | G: 3.1030 | D_A: 0.0337 | D_B: 0.0233 | Cycle: 1.0602 | grad_G: 42.25
Epoch 63/80 | Step 440350 | G: 2.5476 | D_A: 0.0317 | D_B: 0.0204 | Cycle: 1.1740 | grad_G: 31.67
Epoch 63/80 | Step 440400 | G: 2.6584 | D_A: 0.1047 | D_B: 0.0521 | Cycle: 1.0880 | grad_G: 35.87
Epoch 63/80 | Step 440450 | G: 2.6774 | D_A: 0.0328 | D_B: 0.0281 | Cycle: 1.1179 | grad_G: 36.41
Epoch 63/80 | Step 440500 | G: 2.3492 | D_A: 0.0906 | D_B: 0.0232 | Cycle: 0.8165 | grad_G: 45.86
Epoch 63/80 | Step 440550 | G: 2.2881 | D_A: 0.1066 | D_B: 0.0533 | Cycle: 0.9494 | grad_G: 28.19
Epoch 63/80 | Step 440600 | G: 2.2725 | D_A: 0.0490 | D_B: 0.0504 | Cycle: 1.0469 | grad_G: 31.14
Epoch 63/80 | Step 440650 | G: 2.8331 | D_A: 0.0542 | D_B: 0.0390 | Cycle: 1.2776 | grad_G: 51.35
Epoch 63/80 | Step 440700 | G: 2.7687 | D_A: 0.0505 | D_B: 0.0314 | Cycle: 1.2038 | grad_G: 37.71
Epoch 63/80 | Step 440750 | G: 3.4173 | D_A: 0.0900 | D_B: 0.0490 | Cycle: 1.2711 | grad_G: 69.52
Epoch 63/80 | Step 440800 | G: 2.5535 | D_A: 0.0830 | D_B: 0.0417 | Cycle: 0.9608 | grad_G: 41.93
Epoch 63/80 | Step 440850 | G: 2.4747 | D_A: 0.0253 | D_B: 0.0310 | Cycle: 0.8067 | grad_G: 39.64
Epoch 63/80 | Step 440900 | G: 3.4139 | D_A: 0.0579 | D_B: 0.0269 | Cycle: 1.3748 | grad_G: 25.11
Epoch 63/80 | Step 440950 | G: 2.2967 | D_A: 0.0379 | D_B: 0.0839 | Cycle: 0.7281 | grad_G: 108.53
Epoch 63/80 | Step 441000 | G: 3.0174 | D_A: 0.1285 | D_B: 0.0761 | Cycle: 0.9560 | grad_G: 46.01
Epoch 63/80 | Step 441050 | G: 2.7858 | D_A: 0.1435 | D_B: 0.0291 | Cycle: 1.0561 | grad_G: 31.01
Epoch 63/80 | Step 441100 | G: 2.8614 | D_A: 0.0706 | D_B: 0.0420 | Cycle: 1.1268 | grad_G: 72.75
Epoch 63/80 | Step 441150 | G: 2.8980 | D_A: 0.0281 | D_B: 0.0320 | Cycle: 1.1765 | grad_G: 38.09
Epoch 63/80 | Step 441200 | G: 3.2352 | D_A: 0.0656 | D_B: 0.0303 | Cycle: 1.3240 | grad_G: 54.96
Epoch 63/80 | Step 441250 | G: 2.7672 | D_A: 0.0702 | D_B: 0.0385 | Cycle: 0.8233 | grad_G: 51.39
Epoch 63/80 | Step 441300 | G: 3.3954 | D_A: 0.0983 | D_B: 0.0274 | Cycle: 1.3510 | grad_G: 34.88
Epoch 63/80 | Step 441350 | G: 3.1412 | D_A: 0.0867 | D_B: 0.0322 | Cycle: 1.4838 | grad_G: 26.92
Epoch 63/80 | Step 441400 | G: 2.9421 | D_A: 0.0486 | D_B: 0.0406 | Cycle: 1.1637 | grad_G: 31.18
Epoch 63/80 | Step 441450 | G: 2.7502 | D_A: 0.0905 | D_B: 0.0953 | Cycle: 1.0833 | grad_G: 29.49
Epoch 63/80 | Step 441500 | G: 3.8030 | D_A: 0.1881 | D_B: 0.0351 | Cycle: 1.6695 | grad_G: 25.57
Epoch 63/80 | Step 441550 | G: 2.8540 | D_A: 0.0240 | D_B: 0.0334 | Cycle: 1.1353 | grad_G: 32.50
Epoch 63/80 | Step 441600 | G: 3.5880 | D_A: 0.0205 | D_B: 0.0305 | Cycle: 1.5716 | grad_G: 93.76
Epoch 63/80 | Step 441650 | G: 2.8080 | D_A: 0.0379 | D_B: 0.0533 | Cycle: 1.0218 | grad_G: 36.91
Epoch 63/80 | Step 441700 | G: 2.8975 | D_A: 0.0896 | D_B: 0.0367 | Cycle: 1.0624 | grad_G: 32.21
Epoch 63/80 | Step 441750 | G: 2.5113 | D_A: 0.0552 | D_B: 0.0501 | Cycle: 0.9007 | grad_G: 26.07
Epoch 63/80 | Step 441800 | G: 2.9000 | D_A: 0.0588 | D_B: 0.0274 | Cycle: 1.2409 | grad_G: 51.15
Epoch 63/80 | Step 441850 | G: 2.5713 | D_A: 0.0430 | D_B: 0.0403 | Cycle: 0.8894 | grad_G: 27.53
Epoch 63/80 | Step 441900 | G: 3.5688 | D_A: 0.0346 | D_B: 0.0359 | Cycle: 1.6957 | grad_G: 23.89
Epoch 63/80 | Step 441950 | G: 3.3844 | D_A: 0.0323 | D_B: 0.0375 | Cycle: 1.2356 | grad_G: 62.21
Epoch 63/80 | Step 442000 | G: 2.9912 | D_A: 0.0296 | D_B: 0.0245 | Cycle: 0.9746 | grad_G: 36.62
Epoch 63/80 | Step 442050 | G: 2.4390 | D_A: 0.0633 | D_B: 0.0508 | Cycle: 1.0728 | grad_G: 30.85
Epoch 63/80 | Step 442100 | G: 2.8715 | D_A: 0.0492 | D_B: 0.0234 | Cycle: 1.1863 | grad_G: 29.63
Epoch 63/80 | Step 442150 | G: 2.6966 | D_A: 0.0399 | D_B: 0.0309 | Cycle: 1.0632 | grad_G: 58.41
Epoch 63/80 | Step 442200 | G: 1.8543 | D_A: 0.0211 | D_B: 0.0375 | Cycle: 0.7589 | grad_G: 52.67
Epoch 63/80 | Step 442250 | G: 2.7070 | D_A: 0.0731 | D_B: 0.0344 | Cycle: 1.1903 | grad_G: 57.48
Epoch 63/80 | Step 442300 | G: 2.4705 | D_A: 0.0289 | D_B: 0.0715 | Cycle: 0.8131 | grad_G: 29.88
Epoch 63/80 | Step 442350 | G: 2.9886 | D_A: 0.0380 | D_B: 0.0509 | Cycle: 1.3071 | grad_G: 33.92
Epoch 63/80 | Step 442400 | G: 3.1925 | D_A: 0.0441 | D_B: 0.1225 | Cycle: 1.0774 | grad_G: 53.83
Epoch 63/80 | Step 442450 | G: 2.5693 | D_A: 0.0495 | D_B: 0.0435 | Cycle: 1.0521 | grad_G: 31.85
Epoch 63/80 | Step 442500 | G: 3.6536 | D_A: 0.0316 | D_B: 0.0310 | Cycle: 1.5800 | grad_G: 24.16
Epoch 63/80 | Step 442550 | G: 2.5381 | D_A: 0.0339 | D_B: 0.0538 | Cycle: 1.0159 | grad_G: 44.78
Epoch 63/80 | Step 442600 | G: 2.7197 | D_A: 0.0426 | D_B: 0.0539 | Cycle: 1.2549 | grad_G: 33.46
Epoch 63/80 | Step 442650 | G: 2.7170 | D_A: 0.0255 | D_B: 0.0567 | Cycle: 1.0413 | grad_G: 35.23
Epoch 63/80 | Step 442700 | G: 2.6348 | D_A: 0.0421 | D_B: 0.0329 | Cycle: 1.1202 | grad_G: 38.74
Epoch 63/80 | Step 442750 | G: 2.7247 | D_A: 0.0626 | D_B: 0.0583 | Cycle: 1.1932 | grad_G: 33.12
Epoch 63/80 | Step 442800 | G: 2.4877 | D_A: 0.0293 | D_B: 0.0386 | Cycle: 1.0776 | grad_G: 37.37
Epoch 63/80 | Step 442850 | G: 2.3737 | D_A: 0.0329 | D_B: 0.0801 | Cycle: 0.9290 | grad_G: 34.15
Epoch 63/80 | Step 442900 | G: 3.7863 | D_A: 0.0247 | D_B: 0.0262 | Cycle: 1.7205 | grad_G: 32.46
Epoch 63/80 | Step 442950 | G: 2.6655 | D_A: 0.0650 | D_B: 0.0236 | Cycle: 1.0199 | grad_G: 43.51
Epoch 63/80 | Step 443000 | G: 3.0871 | D_A: 0.0363 | D_B: 0.0253 | Cycle: 1.2064 | grad_G: 24.62
Epoch 63/80 | Step 443050 | G: 3.0183 | D_A: 0.0439 | D_B: 0.0271 | Cycle: 0.9344 | grad_G: 120.84
Epoch 63/80 | Step 443100 | G: 2.8082 | D_A: 0.0632 | D_B: 0.0387 | Cycle: 1.3258 | grad_G: 41.69
Epoch 63/80 | Step 443150 | G: 2.8962 | D_A: 0.0621 | D_B: 0.0280 | Cycle: 0.8916 | grad_G: 39.56
Epoch 63/80 | Step 443200 | G: 2.4368 | D_A: 0.0250 | D_B: 0.0267 | Cycle: 0.8084 | grad_G: 26.05
Epoch 63/80 | Step 443250 | G: 2.4824 | D_A: 0.0546 | D_B: 0.0789 | Cycle: 1.1408 | grad_G: 37.26
Epoch 63/80 | Step 443300 | G: 2.2125 | D_A: 0.0552 | D_B: 0.0694 | Cycle: 0.8883 | grad_G: 32.23
Epoch 63/80 | Step 443350 | G: 3.0997 | D_A: 0.0455 | D_B: 0.0316 | Cycle: 1.1306 | grad_G: 54.26
Epoch 63/80 complete | Time: 472s | Avg G: 2.8229 | Avg D: 0.0532 | grad_G: 40.52
Epoch 64/80 | Step 443400 | G: 2.7985 | D_A: 0.0248 | D_B: 0.0350 | Cycle: 0.8560 | grad_G: 35.64
Epoch 64/80 | Step 443450 | G: 2.5845 | D_A: 0.0912 | D_B: 0.0494 | Cycle: 1.2717 | grad_G: 33.75
Epoch 64/80 | Step 443500 | G: 2.6448 | D_A: 0.0426 | D_B: 0.0425 | Cycle: 0.9997 | grad_G: 19.61
Epoch 64/80 | Step 443550 | G: 3.7168 | D_A: 0.0436 | D_B: 0.0324 | Cycle: 1.6366 | grad_G: 34.03
Epoch 64/80 | Step 443600 | G: 2.8090 | D_A: 0.0478 | D_B: 0.0196 | Cycle: 0.8958 | grad_G: 28.99
Epoch 64/80 | Step 443650 | G: 2.5708 | D_A: 0.0304 | D_B: 0.0370 | Cycle: 1.0634 | grad_G: 37.18
Epoch 64/80 | Step 443700 | G: 2.7570 | D_A: 0.0325 | D_B: 0.0227 | Cycle: 1.1316 | grad_G: 24.39
Epoch 64/80 | Step 443750 | G: 2.7722 | D_A: 0.0272 | D_B: 0.0354 | Cycle: 1.1247 | grad_G: 83.26
Epoch 64/80 | Step 443800 | G: 2.6254 | D_A: 0.0164 | D_B: 0.0497 | Cycle: 1.0549 | grad_G: 47.26
Epoch 64/80 | Step 443850 | G: 2.7953 | D_A: 0.0637 | D_B: 0.0660 | Cycle: 1.0777 | grad_G: 35.91
Epoch 64/80 | Step 443900 | G: 3.1300 | D_A: 0.0511 | D_B: 0.0718 | Cycle: 1.7929 | grad_G: 26.67
Epoch 64/80 | Step 443950 | G: 2.6159 | D_A: 0.0737 | D_B: 0.1014 | Cycle: 1.4915 | grad_G: 18.72
Epoch 64/80 | Step 444000 | G: 2.7491 | D_A: 0.0565 | D_B: 0.0607 | Cycle: 1.1613 | grad_G: 49.48
Epoch 64/80 | Step 444050 | G: 3.3718 | D_A: 0.0861 | D_B: 0.0371 | Cycle: 1.0341 | grad_G: 42.03
Epoch 64/80 | Step 444100 | G: 2.3966 | D_A: 0.1254 | D_B: 0.0514 | Cycle: 0.7886 | grad_G: 60.59
Epoch 64/80 | Step 444150 | G: 2.6045 | D_A: 0.0371 | D_B: 0.0444 | Cycle: 0.9305 | grad_G: 84.51
Epoch 64/80 | Step 444200 | G: 2.9442 | D_A: 0.0509 | D_B: 0.0378 | Cycle: 1.3329 | grad_G: 31.73
Epoch 64/80 | Step 444250 | G: 3.2730 | D_A: 0.0282 | D_B: 0.0539 | Cycle: 1.2182 | grad_G: 34.15
Epoch 64/80 | Step 444300 | G: 2.4048 | D_A: 0.0609 | D_B: 0.0490 | Cycle: 0.9688 | grad_G: 70.35
Epoch 64/80 | Step 444350 | G: 3.0985 | D_A: 0.0328 | D_B: 0.0291 | Cycle: 1.2541 | grad_G: 61.34
Epoch 64/80 | Step 444400 | G: 2.6523 | D_A: 0.0364 | D_B: 0.0305 | Cycle: 1.1472 | grad_G: 23.55
Epoch 64/80 | Step 444450 | G: 2.5591 | D_A: 0.1108 | D_B: 0.0390 | Cycle: 1.2333 | grad_G: 47.82
Epoch 64/80 | Step 444500 | G: 2.3723 | D_A: 0.0517 | D_B: 0.0307 | Cycle: 0.8486 | grad_G: 42.48
Epoch 64/80 | Step 444550 | G: 3.0154 | D_A: 0.0329 | D_B: 0.1123 | Cycle: 1.6306 | grad_G: 21.73
Epoch 64/80 | Step 444600 | G: 2.3322 | D_A: 0.0916 | D_B: 0.1011 | Cycle: 0.8471 | grad_G: 33.39
Epoch 64/80 | Step 444650 | G: 2.9222 | D_A: 0.1563 | D_B: 0.0231 | Cycle: 1.0839 | grad_G: 53.74
Epoch 64/80 | Step 444700 | G: 3.1349 | D_A: 0.0597 | D_B: 0.0245 | Cycle: 1.4904 | grad_G: 29.79
Epoch 64/80 | Step 444750 | G: 1.9907 | D_A: 0.0500 | D_B: 0.1036 | Cycle: 0.8435 | grad_G: 34.91
Epoch 64/80 | Step 444800 | G: 2.3119 | D_A: 0.0462 | D_B: 0.0662 | Cycle: 0.9982 | grad_G: 24.72
Epoch 64/80 | Step 444850 | G: 2.4342 | D_A: 0.0211 | D_B: 0.0679 | Cycle: 0.9475 | grad_G: 36.30
Epoch 64/80 | Step 444900 | G: 2.8084 | D_A: 0.0410 | D_B: 0.0325 | Cycle: 1.2156 | grad_G: 62.91
Epoch 64/80 | Step 444950 | G: 2.5776 | D_A: 0.0995 | D_B: 0.0252 | Cycle: 0.9015 | grad_G: 33.45
Epoch 64/80 | Step 445000 | G: 2.6770 | D_A: 0.0399 | D_B: 0.0459 | Cycle: 1.0970 | grad_G: 37.70
Epoch 64/80 | Step 445050 | G: 3.0796 | D_A: 0.0303 | D_B: 0.0260 | Cycle: 1.2245 | grad_G: 33.11
Epoch 64/80 | Step 445100 | G: 3.1636 | D_A: 0.0367 | D_B: 0.0217 | Cycle: 1.3463 | grad_G: 20.77
Epoch 64/80 | Step 445150 | G: 2.6723 | D_A: 0.0293 | D_B: 0.0458 | Cycle: 0.9830 | grad_G: 59.35
Epoch 64/80 | Step 445200 | G: 2.4987 | D_A: 0.0340 | D_B: 0.0588 | Cycle: 1.1819 | grad_G: 30.52
Epoch 64/80 | Step 445250 | G: 3.1089 | D_A: 0.0392 | D_B: 0.0221 | Cycle: 1.3908 | grad_G: 43.61
Epoch 64/80 | Step 445300 | G: 2.8927 | D_A: 0.0349 | D_B: 0.0854 | Cycle: 0.8180 | grad_G: 33.77
Epoch 64/80 | Step 445350 | G: 2.4059 | D_A: 0.0674 | D_B: 0.0228 | Cycle: 0.9730 | grad_G: 26.75
Epoch 64/80 | Step 445400 | G: 2.6283 | D_A: 0.0564 | D_B: 0.0318 | Cycle: 1.0436 | grad_G: 32.59
Epoch 64/80 | Step 445450 | G: 2.4990 | D_A: 0.0911 | D_B: 0.0477 | Cycle: 0.9333 | grad_G: 38.92
Epoch 64/80 | Step 445500 | G: 2.1861 | D_A: 0.0506 | D_B: 0.1022 | Cycle: 0.9667 | grad_G: 54.38
Epoch 64/80 | Step 445550 | G: 2.8992 | D_A: 0.1289 | D_B: 0.0188 | Cycle: 1.0391 | grad_G: 31.47
Epoch 64/80 | Step 445600 | G: 3.4038 | D_A: 0.0211 | D_B: 0.0600 | Cycle: 1.6310 | grad_G: 44.39
Epoch 64/80 | Step 445650 | G: 2.8173 | D_A: 0.0345 | D_B: 0.0325 | Cycle: 1.3450 | grad_G: 22.70
Epoch 64/80 | Step 445700 | G: 2.7058 | D_A: 0.0536 | D_B: 0.0699 | Cycle: 1.1230 | grad_G: 38.04
Epoch 64/80 | Step 445750 | G: 2.8110 | D_A: 0.0313 | D_B: 0.0868 | Cycle: 0.9703 | grad_G: 29.44
Epoch 64/80 | Step 445800 | G: 2.2991 | D_A: 0.0392 | D_B: 0.0516 | Cycle: 0.9018 | grad_G: 43.32
Epoch 64/80 | Step 445850 | G: 2.5440 | D_A: 0.0274 | D_B: 0.0752 | Cycle: 1.0344 | grad_G: 32.63
Epoch 64/80 | Step 445900 | G: 2.9803 | D_A: 0.0235 | D_B: 0.0306 | Cycle: 1.2183 | grad_G: 42.75
Epoch 64/80 | Step 445950 | G: 3.4078 | D_A: 0.0560 | D_B: 0.0269 | Cycle: 1.2774 | grad_G: 39.98
Epoch 64/80 | Step 446000 | G: 3.2570 | D_A: 0.0415 | D_B: 0.0374 | Cycle: 1.5164 | grad_G: 53.68
Epoch 64/80 | Step 446050 | G: 3.3275 | D_A: 0.0323 | D_B: 0.0257 | Cycle: 1.2567 | grad_G: 54.28
Epoch 64/80 | Step 446100 | G: 3.0053 | D_A: 0.0447 | D_B: 0.0284 | Cycle: 1.2713 | grad_G: 35.00
Epoch 64/80 | Step 446150 | G: 2.3947 | D_A: 0.0663 | D_B: 0.0375 | Cycle: 1.0658 | grad_G: 30.49
Epoch 64/80 | Step 446200 | G: 2.9947 | D_A: 0.0334 | D_B: 0.0494 | Cycle: 1.3056 | grad_G: 34.37
Epoch 64/80 | Step 446250 | G: 3.6373 | D_A: 0.0656 | D_B: 0.0266 | Cycle: 1.3909 | grad_G: 57.68
Epoch 64/80 | Step 446300 | G: 2.6828 | D_A: 0.0457 | D_B: 0.0594 | Cycle: 0.8694 | grad_G: 97.18
Epoch 64/80 | Step 446350 | G: 3.4086 | D_A: 0.0644 | D_B: 0.0338 | Cycle: 1.8000 | grad_G: 36.51
Epoch 64/80 | Step 446400 | G: 2.4292 | D_A: 0.1011 | D_B: 0.0240 | Cycle: 1.1170 | grad_G: 39.03
Epoch 64/80 | Step 446450 | G: 2.4916 | D_A: 0.1095 | D_B: 0.0494 | Cycle: 1.1445 | grad_G: 44.52
Epoch 64/80 | Step 446500 | G: 2.8842 | D_A: 0.1846 | D_B: 0.1325 | Cycle: 0.7613 | grad_G: 90.23
Epoch 64/80 | Step 446550 | G: 2.7579 | D_A: 0.0349 | D_B: 0.0670 | Cycle: 1.3572 | grad_G: 21.15
Epoch 64/80 | Step 446600 | G: 3.4959 | D_A: 0.0250 | D_B: 0.0324 | Cycle: 1.4720 | grad_G: 21.40
Epoch 64/80 | Step 446650 | G: 2.8866 | D_A: 0.0456 | D_B: 0.0295 | Cycle: 1.0469 | grad_G: 27.25
Epoch 64/80 | Step 446700 | G: 3.2835 | D_A: 0.0208 | D_B: 0.0309 | Cycle: 1.5712 | grad_G: 40.11
Epoch 64/80 | Step 446750 | G: 2.5978 | D_A: 0.0959 | D_B: 0.0308 | Cycle: 1.0391 | grad_G: 28.50
Epoch 64/80 | Step 446800 | G: 2.9940 | D_A: 0.0425 | D_B: 0.0419 | Cycle: 1.1997 | grad_G: 52.70
Epoch 64/80 | Step 446850 | G: 2.6124 | D_A: 0.0527 | D_B: 0.0263 | Cycle: 1.1384 | grad_G: 55.33
Epoch 64/80 | Step 446900 | G: 3.0150 | D_A: 0.0287 | D_B: 0.0501 | Cycle: 1.1159 | grad_G: 53.89
Epoch 64/80 | Step 446950 | G: 2.6726 | D_A: 0.1143 | D_B: 0.0765 | Cycle: 1.0513 | grad_G: 30.29
Epoch 64/80 | Step 447000 | G: 3.1564 | D_A: 0.0288 | D_B: 0.0330 | Cycle: 0.9613 | grad_G: 81.92
Epoch 64/80 | Step 447050 | G: 2.5822 | D_A: 0.0445 | D_B: 0.0588 | Cycle: 0.8441 | grad_G: 30.79
Epoch 64/80 | Step 447100 | G: 2.5605 | D_A: 0.0346 | D_B: 0.0456 | Cycle: 1.0264 | grad_G: 51.46
Epoch 64/80 | Step 447150 | G: 2.7145 | D_A: 0.0475 | D_B: 0.0312 | Cycle: 1.0780 | grad_G: 50.38
Epoch 64/80 | Step 447200 | G: 2.8440 | D_A: 0.0225 | D_B: 0.0226 | Cycle: 1.0091 | grad_G: 28.91
Epoch 64/80 | Step 447250 | G: 2.7720 | D_A: 0.0811 | D_B: 0.0351 | Cycle: 0.9836 | grad_G: 54.21
Epoch 64/80 | Step 447300 | G: 2.4402 | D_A: 0.0665 | D_B: 0.0361 | Cycle: 1.2047 | grad_G: 25.59
Epoch 64/80 | Step 447350 | G: 2.6269 | D_A: 0.0271 | D_B: 0.0339 | Cycle: 1.0484 | grad_G: 46.14
Epoch 64/80 | Step 447400 | G: 2.3850 | D_A: 0.0632 | D_B: 0.0341 | Cycle: 0.8780 | grad_G: 29.36
Epoch 64/80 | Step 447450 | G: 3.0220 | D_A: 0.0443 | D_B: 0.0242 | Cycle: 0.9716 | grad_G: 33.70
Epoch 64/80 | Step 447500 | G: 2.6260 | D_A: 0.0600 | D_B: 0.0358 | Cycle: 1.1640 | grad_G: 33.22
Epoch 64/80 | Step 447550 | G: 2.8097 | D_A: 0.0279 | D_B: 0.0633 | Cycle: 1.2387 | grad_G: 39.51
Epoch 64/80 | Step 447600 | G: 3.0005 | D_A: 0.0658 | D_B: 0.0344 | Cycle: 1.2685 | grad_G: 30.24
Epoch 64/80 | Step 447650 | G: 3.6003 | D_A: 0.0241 | D_B: 0.0198 | Cycle: 1.3249 | grad_G: 35.79
Epoch 64/80 | Step 447700 | G: 2.7421 | D_A: 0.1405 | D_B: 0.0333 | Cycle: 0.9718 | grad_G: 27.73
Epoch 64/80 | Step 447750 | G: 2.8343 | D_A: 0.0313 | D_B: 0.0280 | Cycle: 1.2482 | grad_G: 32.85
Epoch 64/80 | Step 447800 | G: 2.6621 | D_A: 0.0282 | D_B: 0.0911 | Cycle: 1.0135 | grad_G: 31.21
Epoch 64/80 | Step 447850 | G: 3.2066 | D_A: 0.0508 | D_B: 0.0315 | Cycle: 1.1988 | grad_G: 30.98
Epoch 64/80 | Step 447900 | G: 2.6797 | D_A: 0.0212 | D_B: 0.1297 | Cycle: 0.9265 | grad_G: 59.85
Epoch 64/80 | Step 447950 | G: 3.1297 | D_A: 0.0408 | D_B: 0.0489 | Cycle: 1.4700 | grad_G: 24.76
Epoch 64/80 | Step 448000 | G: 3.0945 | D_A: 0.0638 | D_B: 0.0277 | Cycle: 1.1109 | grad_G: 26.98
Epoch 64/80 | Step 448050 | G: 2.7844 | D_A: 0.0302 | D_B: 0.0348 | Cycle: 0.9348 | grad_G: 50.24
Epoch 64/80 | Step 448100 | G: 3.0022 | D_A: 0.0671 | D_B: 0.0278 | Cycle: 1.5246 | grad_G: 19.63
Epoch 64/80 | Step 448150 | G: 2.7898 | D_A: 0.0957 | D_B: 0.0225 | Cycle: 1.1967 | grad_G: 37.61
Epoch 64/80 | Step 448200 | G: 2.9640 | D_A: 0.0452 | D_B: 0.0342 | Cycle: 1.0089 | grad_G: 41.90
Epoch 64/80 | Step 448250 | G: 3.2065 | D_A: 0.0291 | D_B: 0.0329 | Cycle: 1.5236 | grad_G: 34.70
Epoch 64/80 | Step 448300 | G: 3.7555 | D_A: 0.0701 | D_B: 0.0415 | Cycle: 1.4155 | grad_G: 25.54
Epoch 64/80 | Step 448350 | G: 2.4375 | D_A: 0.0630 | D_B: 0.0252 | Cycle: 1.0231 | grad_G: 36.79
Epoch 64/80 | Step 448400 | G: 2.7555 | D_A: 0.0354 | D_B: 0.0339 | Cycle: 1.2537 | grad_G: 25.44
Epoch 64/80 | Step 448450 | G: 3.2111 | D_A: 0.0441 | D_B: 0.0336 | Cycle: 1.5027 | grad_G: 29.94
Epoch 64/80 | Step 448500 | G: 3.3607 | D_A: 0.0277 | D_B: 0.0320 | Cycle: 1.5795 | grad_G: 25.59
Epoch 64/80 | Step 448550 | G: 2.3792 | D_A: 0.0653 | D_B: 0.0244 | Cycle: 0.9770 | grad_G: 54.18
Epoch 64/80 | Step 448600 | G: 2.1198 | D_A: 0.0976 | D_B: 0.0273 | Cycle: 0.9780 | grad_G: 31.86
Epoch 64/80 | Step 448650 | G: 2.2007 | D_A: 0.0996 | D_B: 0.1697 | Cycle: 0.8783 | grad_G: 35.89
Epoch 64/80 | Step 448700 | G: 2.7798 | D_A: 0.0296 | D_B: 0.0300 | Cycle: 1.2395 | grad_G: 27.57
Epoch 64/80 | Step 448750 | G: 2.9813 | D_A: 0.1392 | D_B: 0.0356 | Cycle: 1.0634 | grad_G: 30.00
Epoch 64/80 | Step 448800 | G: 2.6459 | D_A: 0.0607 | D_B: 0.0495 | Cycle: 0.9567 | grad_G: 33.84
Epoch 64/80 | Step 448850 | G: 3.1800 | D_A: 0.0957 | D_B: 0.0189 | Cycle: 1.0720 | grad_G: 42.00
Epoch 64/80 | Step 448900 | G: 2.5959 | D_A: 0.0256 | D_B: 0.0227 | Cycle: 0.8677 | grad_G: 53.96
Epoch 64/80 | Step 448950 | G: 2.5526 | D_A: 0.0339 | D_B: 0.0437 | Cycle: 1.1698 | grad_G: 23.62
Epoch 64/80 | Step 449000 | G: 3.3157 | D_A: 0.0343 | D_B: 0.0365 | Cycle: 1.1775 | grad_G: 54.62
Epoch 64/80 | Step 449050 | G: 2.2070 | D_A: 0.0502 | D_B: 0.0627 | Cycle: 0.9853 | grad_G: 47.34
Epoch 64/80 | Step 449100 | G: 2.8642 | D_A: 0.0627 | D_B: 0.0371 | Cycle: 1.0324 | grad_G: 49.57
Epoch 64/80 | Step 449150 | G: 3.1376 | D_A: 0.1017 | D_B: 0.0319 | Cycle: 1.2659 | grad_G: 59.97
Epoch 64/80 | Step 449200 | G: 2.8339 | D_A: 0.0497 | D_B: 0.0257 | Cycle: 1.1128 | grad_G: 60.80
Epoch 64/80 | Step 449250 | G: 2.8980 | D_A: 0.0189 | D_B: 0.0255 | Cycle: 1.0041 | grad_G: 60.43
Epoch 64/80 | Step 449300 | G: 2.9190 | D_A: 0.0336 | D_B: 0.0424 | Cycle: 1.3147 | grad_G: 34.77
Epoch 64/80 | Step 449350 | G: 2.4932 | D_A: 0.0282 | D_B: 0.0400 | Cycle: 0.9432 | grad_G: 24.88
Epoch 64/80 | Step 449400 | G: 3.2770 | D_A: 0.0657 | D_B: 0.0406 | Cycle: 1.7538 | grad_G: 28.97
Epoch 64/80 | Step 449450 | G: 3.0537 | D_A: 0.0282 | D_B: 0.0244 | Cycle: 1.0433 | grad_G: 28.70
Epoch 64/80 | Step 449500 | G: 2.8007 | D_A: 0.0338 | D_B: 0.0310 | Cycle: 1.0427 | grad_G: 33.05
Epoch 64/80 | Step 449550 | G: 2.3959 | D_A: 0.1465 | D_B: 0.0362 | Cycle: 1.1593 | grad_G: 34.56
Epoch 64/80 | Step 449600 | G: 2.8532 | D_A: 0.0437 | D_B: 0.0208 | Cycle: 1.1560 | grad_G: 72.25
Epoch 64/80 | Step 449650 | G: 3.3860 | D_A: 0.0673 | D_B: 0.0389 | Cycle: 1.3859 | grad_G: 42.69
Epoch 64/80 | Step 449700 | G: 2.5627 | D_A: 0.0646 | D_B: 0.1436 | Cycle: 0.8698 | grad_G: 42.34
Epoch 64/80 | Step 449750 | G: 3.0769 | D_A: 0.0323 | D_B: 0.0340 | Cycle: 1.2611 | grad_G: 48.55
Epoch 64/80 | Step 449800 | G: 2.8275 | D_A: 0.0433 | D_B: 0.0294 | Cycle: 1.1513 | grad_G: 34.12
Epoch 64/80 | Step 449850 | G: 2.9666 | D_A: 0.1234 | D_B: 0.0432 | Cycle: 1.3120 | grad_G: 97.15
Epoch 64/80 | Step 449900 | G: 2.3591 | D_A: 0.1488 | D_B: 0.0457 | Cycle: 0.7674 | grad_G: 53.24
Epoch 64/80 | Step 449950 | G: 2.7202 | D_A: 0.0220 | D_B: 0.1356 | Cycle: 0.9708 | grad_G: 42.99
Epoch 64/80 | Step 450000 | G: 3.0084 | D_A: 0.1328 | D_B: 0.0314 | Cycle: 0.9617 | grad_G: 34.72
Epoch 64/80 | Step 450050 | G: 2.6976 | D_A: 0.0251 | D_B: 0.0400 | Cycle: 1.2548 | grad_G: 28.71
Epoch 64/80 | Step 450100 | G: 3.2138 | D_A: 0.0635 | D_B: 0.0703 | Cycle: 1.1760 | grad_G: 32.17
Epoch 64/80 | Step 450150 | G: 2.7127 | D_A: 0.0673 | D_B: 0.0188 | Cycle: 1.0540 | grad_G: 41.46
Epoch 64/80 | Step 450200 | G: 3.0848 | D_A: 0.0721 | D_B: 0.0295 | Cycle: 1.2147 | grad_G: 45.88
Epoch 64/80 | Step 450250 | G: 2.8642 | D_A: 0.0590 | D_B: 0.0315 | Cycle: 1.0765 | grad_G: 22.57
Epoch 64/80 | Step 450300 | G: 3.0634 | D_A: 0.0302 | D_B: 0.0267 | Cycle: 1.0521 | grad_G: 34.03
Epoch 64/80 | Step 450350 | G: 3.1250 | D_A: 0.0453 | D_B: 0.0321 | Cycle: 1.1680 | grad_G: 38.59
Epoch 64/80 | Step 450400 | G: 2.6690 | D_A: 0.0555 | D_B: 0.0150 | Cycle: 1.0746 | grad_G: 34.84
Epoch 64/80 complete | Time: 437s | Avg G: 2.8240 | Avg D: 0.0531 | grad_G: 39.85
Epoch 65/80 | Step 450450 | G: 2.9115 | D_A: 0.0213 | D_B: 0.1049 | Cycle: 1.1898 | grad_G: 35.67
Epoch 65/80 | Step 450500 | G: 2.4483 | D_A: 0.0342 | D_B: 0.1184 | Cycle: 0.8095 | grad_G: 52.22
Epoch 65/80 | Step 450550 | G: 2.9337 | D_A: 0.1319 | D_B: 0.0205 | Cycle: 0.9404 | grad_G: 32.70
Epoch 65/80 | Step 450600 | G: 2.7874 | D_A: 0.0257 | D_B: 0.0199 | Cycle: 1.0103 | grad_G: 69.22
Epoch 65/80 | Step 450650 | G: 2.8789 | D_A: 0.0398 | D_B: 0.0514 | Cycle: 1.1359 | grad_G: 50.05
Epoch 65/80 | Step 450700 | G: 2.9157 | D_A: 0.0263 | D_B: 0.0237 | Cycle: 1.3505 | grad_G: 27.00
Epoch 65/80 | Step 450750 | G: 2.6647 | D_A: 0.0464 | D_B: 0.0352 | Cycle: 1.0688 | grad_G: 22.23
Epoch 65/80 | Step 450800 | G: 2.6332 | D_A: 0.0797 | D_B: 0.0560 | Cycle: 0.6906 | grad_G: 50.35
Epoch 65/80 | Step 450850 | G: 3.2875 | D_A: 0.0326 | D_B: 0.0254 | Cycle: 1.1403 | grad_G: 29.36
Epoch 65/80 | Step 450900 | G: 2.8716 | D_A: 0.0544 | D_B: 0.0201 | Cycle: 1.2713 | grad_G: 31.08
Epoch 65/80 | Step 450950 | G: 2.9718 | D_A: 0.0822 | D_B: 0.0987 | Cycle: 1.1397 | grad_G: 29.68
Epoch 65/80 | Step 451000 | G: 2.6655 | D_A: 0.1094 | D_B: 0.0225 | Cycle: 1.1169 | grad_G: 25.28
Epoch 65/80 | Step 451050 | G: 2.7155 | D_A: 0.0452 | D_B: 0.0344 | Cycle: 1.1237 | grad_G: 40.47
Epoch 65/80 | Step 451100 | G: 3.5585 | D_A: 0.0727 | D_B: 0.0224 | Cycle: 1.1729 | grad_G: 46.37
Epoch 65/80 | Step 451150 | G: 2.8062 | D_A: 0.0309 | D_B: 0.0994 | Cycle: 0.7641 | grad_G: 80.51
Epoch 65/80 | Step 451200 | G: 2.5880 | D_A: 0.1202 | D_B: 0.0919 | Cycle: 0.7886 | grad_G: 25.31
Epoch 65/80 | Step 451250 | G: 3.0322 | D_A: 0.0924 | D_B: 0.0442 | Cycle: 1.3280 | grad_G: 31.27
Epoch 65/80 | Step 451300 | G: 2.4633 | D_A: 0.0923 | D_B: 0.0247 | Cycle: 0.9270 | grad_G: 33.29
Epoch 65/80 | Step 451350 | G: 2.3487 | D_A: 0.0322 | D_B: 0.0476 | Cycle: 0.9882 | grad_G: 23.77
Epoch 65/80 | Step 451400 | G: 2.5636 | D_A: 0.0631 | D_B: 0.0184 | Cycle: 0.9927 | grad_G: 33.80
Epoch 65/80 | Step 451450 | G: 2.6267 | D_A: 0.0861 | D_B: 0.0455 | Cycle: 1.0564 | grad_G: 19.97
Epoch 65/80 | Step 451500 | G: 2.6822 | D_A: 0.1246 | D_B: 0.0672 | Cycle: 1.1370 | grad_G: 36.84
Epoch 65/80 | Step 451550 | G: 3.0525 | D_A: 0.1086 | D_B: 0.0429 | Cycle: 1.0464 | grad_G: 51.73
Epoch 65/80 | Step 451600 | G: 2.8851 | D_A: 0.0678 | D_B: 0.0206 | Cycle: 1.0613 | grad_G: 27.66
Epoch 65/80 | Step 451650 | G: 2.5138 | D_A: 0.0240 | D_B: 0.1186 | Cycle: 0.7941 | grad_G: 58.44
Epoch 65/80 | Step 451700 | G: 2.3423 | D_A: 0.0711 | D_B: 0.0308 | Cycle: 0.8306 | grad_G: 26.78
Epoch 65/80 | Step 451750 | G: 3.9756 | D_A: 0.0495 | D_B: 0.0246 | Cycle: 2.1862 | grad_G: 25.11
Epoch 65/80 | Step 451800 | G: 2.4384 | D_A: 0.0337 | D_B: 0.0658 | Cycle: 0.8902 | grad_G: 41.72
Epoch 65/80 | Step 451850 | G: 3.0948 | D_A: 0.0849 | D_B: 0.0292 | Cycle: 1.3295 | grad_G: 28.17
Epoch 65/80 | Step 451900 | G: 3.0864 | D_A: 0.0398 | D_B: 0.0361 | Cycle: 1.1442 | grad_G: 36.39
Epoch 65/80 | Step 451950 | G: 2.7839 | D_A: 0.0234 | D_B: 0.0305 | Cycle: 1.0484 | grad_G: 39.97
Epoch 65/80 | Step 452000 | G: 3.4352 | D_A: 0.0291 | D_B: 0.0231 | Cycle: 1.0635 | grad_G: 58.34
Epoch 65/80 | Step 452050 | G: 3.1121 | D_A: 0.0277 | D_B: 0.0667 | Cycle: 1.3650 | grad_G: 19.59
Epoch 65/80 | Step 452100 | G: 3.3156 | D_A: 0.1475 | D_B: 0.0771 | Cycle: 1.6567 | grad_G: 52.40
Epoch 65/80 | Step 452150 | G: 3.2341 | D_A: 0.0200 | D_B: 0.0241 | Cycle: 1.2610 | grad_G: 28.14
Epoch 65/80 | Step 452200 | G: 2.8093 | D_A: 0.0697 | D_B: 0.0418 | Cycle: 1.3547 | grad_G: 30.07
Epoch 65/80 | Step 452250 | G: 2.5255 | D_A: 0.0402 | D_B: 0.0317 | Cycle: 1.0422 | grad_G: 19.73
Epoch 65/80 | Step 452300 | G: 2.7842 | D_A: 0.0417 | D_B: 0.0409 | Cycle: 1.1779 | grad_G: 45.53
Epoch 65/80 | Step 452350 | G: 2.8196 | D_A: 0.0345 | D_B: 0.0256 | Cycle: 0.9517 | grad_G: 35.65
Epoch 65/80 | Step 452400 | G: 2.9359 | D_A: 0.0489 | D_B: 0.0334 | Cycle: 1.0231 | grad_G: 50.10
Epoch 65/80 | Step 452450 | G: 3.3656 | D_A: 0.0470 | D_B: 0.0650 | Cycle: 1.1309 | grad_G: 43.33
Epoch 65/80 | Step 452500 | G: 2.8813 | D_A: 0.0915 | D_B: 0.0276 | Cycle: 1.0680 | grad_G: 46.80
Epoch 65/80 | Step 452550 | G: 2.8356 | D_A: 0.0627 | D_B: 0.0329 | Cycle: 1.3185 | grad_G: 27.48
Epoch 65/80 | Step 452600 | G: 2.6722 | D_A: 0.1986 | D_B: 0.0317 | Cycle: 1.1300 | grad_G: 40.77
Epoch 65/80 | Step 452650 | G: 2.1900 | D_A: 0.0449 | D_B: 0.0718 | Cycle: 0.6925 | grad_G: 30.58
Epoch 65/80 | Step 452700 | G: 2.6462 | D_A: 0.0598 | D_B: 0.1195 | Cycle: 1.0011 | grad_G: 22.73
Epoch 65/80 | Step 452750 | G: 2.8066 | D_A: 0.0203 | D_B: 0.0410 | Cycle: 1.1759 | grad_G: 23.28
Epoch 65/80 | Step 452800 | G: 2.6665 | D_A: 0.0562 | D_B: 0.0612 | Cycle: 1.2552 | grad_G: 36.71
Epoch 65/80 | Step 452850 | G: 2.1866 | D_A: 0.0463 | D_B: 0.0884 | Cycle: 0.9797 | grad_G: 29.39
Epoch 65/80 | Step 452900 | G: 2.2991 | D_A: 0.0549 | D_B: 0.0288 | Cycle: 0.8985 | grad_G: 39.05
Epoch 65/80 | Step 452950 | G: 2.2569 | D_A: 0.0371 | D_B: 0.0383 | Cycle: 1.1005 | grad_G: 40.65
Epoch 65/80 | Step 453000 | G: 2.7754 | D_A: 0.0396 | D_B: 0.0991 | Cycle: 1.1768 | grad_G: 63.16
Epoch 65/80 | Step 453050 | G: 2.8070 | D_A: 0.0988 | D_B: 0.0249 | Cycle: 0.9656 | grad_G: 88.28
Epoch 65/80 | Step 453100 | G: 2.7248 | D_A: 0.0431 | D_B: 0.1329 | Cycle: 1.0261 | grad_G: 43.76
Epoch 65/80 | Step 453150 | G: 2.7696 | D_A: 0.0465 | D_B: 0.0255 | Cycle: 1.0937 | grad_G: 41.75
Epoch 65/80 | Step 453200 | G: 2.6899 | D_A: 0.0665 | D_B: 0.0257 | Cycle: 1.2449 | grad_G: 23.30
Epoch 65/80 | Step 453250 | G: 2.8575 | D_A: 0.0522 | D_B: 0.0291 | Cycle: 1.4092 | grad_G: 28.83
Epoch 65/80 | Step 453300 | G: 2.6420 | D_A: 0.0939 | D_B: 0.1235 | Cycle: 0.7997 | grad_G: 45.10
Epoch 65/80 | Step 453350 | G: 2.5776 | D_A: 0.0520 | D_B: 0.0272 | Cycle: 1.0379 | grad_G: 29.22
Epoch 65/80 | Step 453400 | G: 2.6929 | D_A: 0.0261 | D_B: 0.0191 | Cycle: 1.2020 | grad_G: 36.89
Epoch 65/80 | Step 453450 | G: 2.9866 | D_A: 0.0246 | D_B: 0.0473 | Cycle: 1.1291 | grad_G: 36.56
Epoch 65/80 | Step 453500 | G: 3.6573 | D_A: 0.0245 | D_B: 0.0229 | Cycle: 1.3109 | grad_G: 43.70
Epoch 65/80 | Step 453550 | G: 2.7309 | D_A: 0.0427 | D_B: 0.0653 | Cycle: 1.0532 | grad_G: 28.82
Epoch 65/80 | Step 453600 | G: 3.0905 | D_A: 0.0777 | D_B: 0.0306 | Cycle: 1.4581 | grad_G: 23.59
Epoch 65/80 | Step 453650 | G: 3.3049 | D_A: 0.0651 | D_B: 0.0363 | Cycle: 1.3247 | grad_G: 49.91
Epoch 65/80 | Step 453700 | G: 2.4701 | D_A: 0.0416 | D_B: 0.1254 | Cycle: 0.9283 | grad_G: 41.89
Epoch 65/80 | Step 453750 | G: 2.2131 | D_A: 0.0784 | D_B: 0.0701 | Cycle: 1.0671 | grad_G: 20.48
Epoch 65/80 | Step 453800 | G: 2.6178 | D_A: 0.0748 | D_B: 0.0744 | Cycle: 1.1024 | grad_G: 44.17
Epoch 65/80 | Step 453850 | G: 2.5561 | D_A: 0.0598 | D_B: 0.0502 | Cycle: 0.9834 | grad_G: 36.30
Epoch 65/80 | Step 453900 | G: 2.9896 | D_A: 0.0374 | D_B: 0.0440 | Cycle: 1.2338 | grad_G: 26.54
Epoch 65/80 | Step 453950 | G: 2.5230 | D_A: 0.0382 | D_B: 0.0330 | Cycle: 1.0771 | grad_G: 40.39
Epoch 65/80 | Step 454000 | G: 3.4745 | D_A: 0.0288 | D_B: 0.0299 | Cycle: 1.2675 | grad_G: 65.50
Epoch 65/80 | Step 454050 | G: 2.5466 | D_A: 0.0302 | D_B: 0.0236 | Cycle: 1.1108 | grad_G: 27.43
Epoch 65/80 | Step 454100 | G: 2.9393 | D_A: 0.0230 | D_B: 0.0411 | Cycle: 1.3388 | grad_G: 46.98
Epoch 65/80 | Step 454150 | G: 3.0085 | D_A: 0.0418 | D_B: 0.0436 | Cycle: 1.3800 | grad_G: 51.56
Epoch 65/80 | Step 454200 | G: 2.5070 | D_A: 0.0404 | D_B: 0.0205 | Cycle: 1.0541 | grad_G: 41.10
Epoch 65/80 | Step 454250 | G: 2.5197 | D_A: 0.0302 | D_B: 0.1196 | Cycle: 0.8573 | grad_G: 48.71
Epoch 65/80 | Step 454300 | G: 3.0897 | D_A: 0.0273 | D_B: 0.0312 | Cycle: 1.1323 | grad_G: 31.60
Epoch 65/80 | Step 454350 | G: 2.1926 | D_A: 0.0276 | D_B: 0.0429 | Cycle: 1.0224 | grad_G: 24.49
Epoch 65/80 | Step 454400 | G: 2.8528 | D_A: 0.0494 | D_B: 0.0604 | Cycle: 0.9343 | grad_G: 54.01
Epoch 65/80 | Step 454450 | G: 2.7353 | D_A: 0.0661 | D_B: 0.0214 | Cycle: 1.1189 | grad_G: 30.08
Epoch 65/80 | Step 454500 | G: 3.2809 | D_A: 0.0588 | D_B: 0.0269 | Cycle: 1.3406 | grad_G: 33.26
Epoch 65/80 | Step 454550 | G: 3.0514 | D_A: 0.1235 | D_B: 0.0442 | Cycle: 1.0635 | grad_G: 57.49
Epoch 65/80 | Step 454600 | G: 2.6513 | D_A: 0.0220 | D_B: 0.0663 | Cycle: 0.8899 | grad_G: 70.81
Epoch 65/80 | Step 454650 | G: 3.2558 | D_A: 0.0446 | D_B: 0.0276 | Cycle: 1.2302 | grad_G: 52.31
Epoch 65/80 | Step 454700 | G: 2.8516 | D_A: 0.0814 | D_B: 0.0318 | Cycle: 1.0593 | grad_G: 37.04
Epoch 65/80 | Step 454750 | G: 2.3224 | D_A: 0.0188 | D_B: 0.0701 | Cycle: 1.0017 | grad_G: 26.12
Epoch 65/80 | Step 454800 | G: 2.4322 | D_A: 0.0608 | D_B: 0.0351 | Cycle: 1.0022 | grad_G: 20.09
Epoch 65/80 | Step 454850 | G: 2.5053 | D_A: 0.0399 | D_B: 0.0529 | Cycle: 0.9851 | grad_G: 24.68
Epoch 65/80 | Step 454900 | G: 3.4509 | D_A: 0.0610 | D_B: 0.0286 | Cycle: 1.5693 | grad_G: 69.26
Epoch 65/80 | Step 454950 | G: 2.9029 | D_A: 0.0633 | D_B: 0.0402 | Cycle: 1.1421 | grad_G: 49.29
Epoch 65/80 | Step 455000 | G: 2.8626 | D_A: 0.0631 | D_B: 0.0269 | Cycle: 1.3167 | grad_G: 43.06
Epoch 65/80 | Step 455050 | G: 2.8415 | D_A: 0.0383 | D_B: 0.0250 | Cycle: 1.2716 | grad_G: 28.04
Epoch 65/80 | Step 455100 | G: 2.8531 | D_A: 0.0395 | D_B: 0.0586 | Cycle: 1.3144 | grad_G: 22.46
Epoch 65/80 | Step 455150 | G: 2.6464 | D_A: 0.0631 | D_B: 0.0244 | Cycle: 1.0467 | grad_G: 29.18
Epoch 65/80 | Step 455200 | G: 2.4508 | D_A: 0.0384 | D_B: 0.0196 | Cycle: 0.9898 | grad_G: 31.02
Epoch 65/80 | Step 455250 | G: 3.1885 | D_A: 0.0789 | D_B: 0.0433 | Cycle: 1.0897 | grad_G: 47.49
Epoch 65/80 | Step 455300 | G: 2.8886 | D_A: 0.0241 | D_B: 0.0270 | Cycle: 1.0880 | grad_G: 24.79
Epoch 65/80 | Step 455350 | G: 2.9655 | D_A: 0.0313 | D_B: 0.0297 | Cycle: 1.1279 | grad_G: 36.21
Epoch 65/80 | Step 455400 | G: 2.8449 | D_A: 0.0254 | D_B: 0.0344 | Cycle: 0.9450 | grad_G: 29.31
Epoch 65/80 | Step 455450 | G: 2.0862 | D_A: 0.1058 | D_B: 0.0390 | Cycle: 0.7487 | grad_G: 28.92
Epoch 65/80 | Step 455500 | G: 3.1815 | D_A: 0.0309 | D_B: 0.0346 | Cycle: 1.1186 | grad_G: 50.03
Epoch 65/80 | Step 455550 | G: 3.2149 | D_A: 0.0444 | D_B: 0.0240 | Cycle: 1.4447 | grad_G: 27.85
Epoch 65/80 | Step 455600 | G: 3.2110 | D_A: 0.0444 | D_B: 0.0255 | Cycle: 1.4209 | grad_G: 32.23
Epoch 65/80 | Step 455650 | G: 3.6731 | D_A: 0.0298 | D_B: 0.0523 | Cycle: 1.5434 | grad_G: 27.68
Epoch 65/80 | Step 455700 | G: 2.6008 | D_A: 0.0613 | D_B: 0.0406 | Cycle: 1.1518 | grad_G: 44.58
Epoch 65/80 | Step 455750 | G: 2.3345 | D_A: 0.0208 | D_B: 0.0695 | Cycle: 0.8545 | grad_G: 34.00
Epoch 65/80 | Step 455800 | G: 2.9458 | D_A: 0.0606 | D_B: 0.0816 | Cycle: 1.1915 | grad_G: 39.09
Epoch 65/80 | Step 455850 | G: 3.0233 | D_A: 0.0564 | D_B: 0.0294 | Cycle: 1.2389 | grad_G: 28.85
Epoch 65/80 | Step 455900 | G: 3.5536 | D_A: 0.0342 | D_B: 0.0321 | Cycle: 1.5030 | grad_G: 38.04
Epoch 65/80 | Step 455950 | G: 2.4785 | D_A: 0.0587 | D_B: 0.0431 | Cycle: 0.9413 | grad_G: 47.09
Epoch 65/80 | Step 456000 | G: 2.3154 | D_A: 0.0244 | D_B: 0.0563 | Cycle: 0.9908 | grad_G: 68.09
Epoch 65/80 | Step 456050 | G: 2.6441 | D_A: 0.0718 | D_B: 0.0298 | Cycle: 1.0432 | grad_G: 37.12
Epoch 65/80 | Step 456100 | G: 2.6676 | D_A: 0.0238 | D_B: 0.0469 | Cycle: 0.9665 | grad_G: 31.86
Epoch 65/80 | Step 456150 | G: 2.4607 | D_A: 0.0646 | D_B: 0.0395 | Cycle: 1.0554 | grad_G: 41.11
Epoch 65/80 | Step 456200 | G: 2.9476 | D_A: 0.0705 | D_B: 0.0246 | Cycle: 1.0600 | grad_G: 49.81
Epoch 65/80 | Step 456250 | G: 2.9440 | D_A: 0.0509 | D_B: 0.0266 | Cycle: 1.1679 | grad_G: 43.40
Epoch 65/80 | Step 456300 | G: 3.1783 | D_A: 0.0230 | D_B: 0.0340 | Cycle: 1.2358 | grad_G: 31.21
Epoch 65/80 | Step 456350 | G: 3.1897 | D_A: 0.0360 | D_B: 0.1137 | Cycle: 1.2406 | grad_G: 37.37
Epoch 65/80 | Step 456400 | G: 3.1915 | D_A: 0.0431 | D_B: 0.0344 | Cycle: 1.5820 | grad_G: 36.14
Epoch 65/80 | Step 456450 | G: 2.6087 | D_A: 0.0694 | D_B: 0.0617 | Cycle: 0.9649 | grad_G: 35.77
Epoch 65/80 | Step 456500 | G: 2.1447 | D_A: 0.0655 | D_B: 0.0447 | Cycle: 0.8802 | grad_G: 42.97
Epoch 65/80 | Step 456550 | G: 2.2663 | D_A: 0.0358 | D_B: 0.0499 | Cycle: 0.8496 | grad_G: 46.82
Epoch 65/80 | Step 456600 | G: 2.7515 | D_A: 0.0745 | D_B: 0.1053 | Cycle: 1.0251 | grad_G: 59.90
Epoch 65/80 | Step 456650 | G: 2.9158 | D_A: 0.0612 | D_B: 0.0430 | Cycle: 1.0661 | grad_G: 44.15
Epoch 65/80 | Step 456700 | G: 2.4074 | D_A: 0.2120 | D_B: 0.0267 | Cycle: 0.8169 | grad_G: 50.48
Epoch 65/80 | Step 456750 | G: 3.0239 | D_A: 0.0397 | D_B: 0.0760 | Cycle: 0.9379 | grad_G: 40.04
Epoch 65/80 | Step 456800 | G: 2.4724 | D_A: 0.1480 | D_B: 0.0439 | Cycle: 1.0883 | grad_G: 26.34
Epoch 65/80 | Step 456850 | G: 2.3278 | D_A: 0.0234 | D_B: 0.0472 | Cycle: 0.8611 | grad_G: 41.04
Epoch 65/80 | Step 456900 | G: 2.1716 | D_A: 0.0570 | D_B: 0.0509 | Cycle: 0.9520 | grad_G: 33.59
Epoch 65/80 | Step 456950 | G: 2.6390 | D_A: 0.0324 | D_B: 0.0648 | Cycle: 1.1165 | grad_G: 26.51
Epoch 65/80 | Step 457000 | G: 2.6749 | D_A: 0.1340 | D_B: 0.0376 | Cycle: 1.0632 | grad_G: 39.63
Epoch 65/80 | Step 457050 | G: 2.8097 | D_A: 0.0341 | D_B: 0.0751 | Cycle: 1.4486 | grad_G: 45.67
Epoch 65/80 | Step 457100 | G: 2.7058 | D_A: 0.0369 | D_B: 0.0315 | Cycle: 1.1838 | grad_G: 17.69
Epoch 65/80 | Step 457150 | G: 2.7864 | D_A: 0.1187 | D_B: 0.0251 | Cycle: 1.0294 | grad_G: 24.13
Epoch 65/80 | Step 457200 | G: 2.8626 | D_A: 0.0478 | D_B: 0.0299 | Cycle: 1.2577 | grad_G: 18.76
Epoch 65/80 | Step 457250 | G: 2.2400 | D_A: 0.0934 | D_B: 0.0980 | Cycle: 0.6221 | grad_G: 38.71
Epoch 65/80 | Step 457300 | G: 2.4175 | D_A: 0.0775 | D_B: 0.0451 | Cycle: 0.9579 | grad_G: 26.45
Epoch 65/80 | Step 457350 | G: 3.1474 | D_A: 0.0530 | D_B: 0.0230 | Cycle: 1.2729 | grad_G: 35.72
Epoch 65/80 | Step 457400 | G: 2.4550 | D_A: 0.0315 | D_B: 0.0371 | Cycle: 0.9737 | grad_G: 43.37
Epoch 65/80 | Step 457450 | G: 2.2253 | D_A: 0.0412 | D_B: 0.0346 | Cycle: 0.8512 | grad_G: 62.94
Epoch 65/80 complete | Time: 469s | Avg G: 2.8280 | Avg D: 0.0525 | grad_G: 38.87
Epoch 66/80 | Step 457500 | G: 3.3828 | D_A: 0.0298 | D_B: 0.0376 | Cycle: 1.4932 | grad_G: 51.94
Epoch 66/80 | Step 457550 | G: 2.8233 | D_A: 0.0869 | D_B: 0.0272 | Cycle: 1.1938 | grad_G: 33.26
Epoch 66/80 | Step 457600 | G: 2.4092 | D_A: 0.0348 | D_B: 0.0735 | Cycle: 0.9257 | grad_G: 25.23
Epoch 66/80 | Step 457650 | G: 3.0915 | D_A: 0.0391 | D_B: 0.0212 | Cycle: 1.2865 | grad_G: 21.66
Epoch 66/80 | Step 457700 | G: 3.2491 | D_A: 0.0307 | D_B: 0.0271 | Cycle: 1.3308 | grad_G: 40.81
Epoch 66/80 | Step 457750 | G: 2.5802 | D_A: 0.0749 | D_B: 0.0941 | Cycle: 1.0264 | grad_G: 21.83
Epoch 66/80 | Step 457800 | G: 2.5878 | D_A: 0.1367 | D_B: 0.0245 | Cycle: 0.8646 | grad_G: 27.89
Epoch 66/80 | Step 457850 | G: 2.9579 | D_A: 0.0369 | D_B: 0.0523 | Cycle: 1.6021 | grad_G: 23.96
Epoch 66/80 | Step 457900 | G: 3.8669 | D_A: 0.1869 | D_B: 0.0508 | Cycle: 1.8058 | grad_G: 45.89
Epoch 66/80 | Step 457950 | G: 2.6242 | D_A: 0.0718 | D_B: 0.0323 | Cycle: 1.0435 | grad_G: 33.19
Epoch 66/80 | Step 458000 | G: 2.2207 | D_A: 0.0305 | D_B: 0.0723 | Cycle: 0.9204 | grad_G: 51.70
Epoch 66/80 | Step 458050 | G: 2.3365 | D_A: 0.0358 | D_B: 0.1170 | Cycle: 0.9009 | grad_G: 37.08
Epoch 66/80 | Step 458100 | G: 2.9988 | D_A: 0.0238 | D_B: 0.0265 | Cycle: 1.1734 | grad_G: 37.02
Epoch 66/80 | Step 458150 | G: 2.6254 | D_A: 0.0684 | D_B: 0.0877 | Cycle: 0.9848 | grad_G: 40.55
Epoch 66/80 | Step 458200 | G: 3.6800 | D_A: 0.0316 | D_B: 0.0279 | Cycle: 1.6470 | grad_G: 27.27
Epoch 66/80 | Step 458250 | G: 2.9578 | D_A: 0.0520 | D_B: 0.0430 | Cycle: 1.3769 | grad_G: 24.46
Epoch 66/80 | Step 458300 | G: 2.2811 | D_A: 0.0382 | D_B: 0.1515 | Cycle: 0.7900 | grad_G: 51.04
Epoch 66/80 | Step 458350 | G: 3.4422 | D_A: 0.0319 | D_B: 0.0304 | Cycle: 1.3309 | grad_G: 19.41
Epoch 66/80 | Step 458400 | G: 2.9828 | D_A: 0.0880 | D_B: 0.0322 | Cycle: 1.2860 | grad_G: 32.17
Epoch 66/80 | Step 458450 | G: 3.4843 | D_A: 0.0684 | D_B: 0.0510 | Cycle: 1.2862 | grad_G: 75.86
Epoch 66/80 | Step 458500 | G: 2.9749 | D_A: 0.0570 | D_B: 0.0263 | Cycle: 0.8946 | grad_G: 78.20
Epoch 66/80 | Step 458550 | G: 3.1179 | D_A: 0.0465 | D_B: 0.0297 | Cycle: 1.2039 | grad_G: 32.98
Epoch 66/80 | Step 458600 | G: 2.6158 | D_A: 0.0352 | D_B: 0.0272 | Cycle: 1.0638 | grad_G: 38.33
Epoch 66/80 | Step 458650 | G: 3.5376 | D_A: 0.1529 | D_B: 0.0283 | Cycle: 1.3618 | grad_G: 30.25
Epoch 66/80 | Step 458700 | G: 2.5583 | D_A: 0.0491 | D_B: 0.0217 | Cycle: 0.9990 | grad_G: 44.62
Epoch 66/80 | Step 458750 | G: 2.7258 | D_A: 0.0549 | D_B: 0.0730 | Cycle: 0.8242 | grad_G: 42.47
Epoch 66/80 | Step 458800 | G: 2.7911 | D_A: 0.0220 | D_B: 0.0372 | Cycle: 0.9725 | grad_G: 31.01
Epoch 66/80 | Step 458850 | G: 2.3922 | D_A: 0.0299 | D_B: 0.0489 | Cycle: 0.9291 | grad_G: 33.66
Epoch 66/80 | Step 458900 | G: 2.6455 | D_A: 0.0227 | D_B: 0.0799 | Cycle: 1.0030 | grad_G: 23.79
Epoch 66/80 | Step 458950 | G: 2.7336 | D_A: 0.1168 | D_B: 0.0276 | Cycle: 1.3247 | grad_G: 17.83
Epoch 66/80 | Step 459000 | G: 2.5694 | D_A: 0.0267 | D_B: 0.0394 | Cycle: 0.9791 | grad_G: 26.28
Epoch 66/80 | Step 459050 | G: 3.7669 | D_A: 0.0590 | D_B: 0.0387 | Cycle: 1.5634 | grad_G: 39.28
Epoch 66/80 | Step 459100 | G: 3.0962 | D_A: 0.0954 | D_B: 0.0285 | Cycle: 1.1032 | grad_G: 31.18
Epoch 66/80 | Step 459150 | G: 2.5527 | D_A: 0.0597 | D_B: 0.0844 | Cycle: 1.1303 | grad_G: 26.03
Epoch 66/80 | Step 459200 | G: 2.4860 | D_A: 0.0451 | D_B: 0.1012 | Cycle: 1.0081 | grad_G: 33.13
Epoch 66/80 | Step 459250 | G: 2.7281 | D_A: 0.0895 | D_B: 0.0752 | Cycle: 0.9644 | grad_G: 87.91
Epoch 66/80 | Step 459300 | G: 2.2797 | D_A: 0.0206 | D_B: 0.0531 | Cycle: 0.9681 | grad_G: 24.54
Epoch 66/80 | Step 459350 | G: 2.2451 | D_A: 0.0381 | D_B: 0.0524 | Cycle: 0.9849 | grad_G: 38.74
Epoch 66/80 | Step 459400 | G: 2.8824 | D_A: 0.0520 | D_B: 0.0278 | Cycle: 1.3070 | grad_G: 59.28
Epoch 66/80 | Step 459450 | G: 2.6481 | D_A: 0.0387 | D_B: 0.1050 | Cycle: 1.0141 | grad_G: 33.48
Epoch 66/80 | Step 459500 | G: 2.5376 | D_A: 0.0339 | D_B: 0.0547 | Cycle: 0.9379 | grad_G: 31.56
Epoch 66/80 | Step 459550 | G: 3.3632 | D_A: 0.0317 | D_B: 0.0206 | Cycle: 1.6688 | grad_G: 34.92
Epoch 66/80 | Step 459600 | G: 3.3517 | D_A: 0.0478 | D_B: 0.0298 | Cycle: 1.2764 | grad_G: 38.42
Epoch 66/80 | Step 459650 | G: 3.5524 | D_A: 0.0702 | D_B: 0.0290 | Cycle: 1.2113 | grad_G: 29.99
Epoch 66/80 | Step 459700 | G: 3.0830 | D_A: 0.0355 | D_B: 0.0539 | Cycle: 1.4246 | grad_G: 29.50
Epoch 66/80 | Step 459750 | G: 3.3333 | D_A: 0.0454 | D_B: 0.0239 | Cycle: 1.4106 | grad_G: 24.65
Epoch 66/80 | Step 459800 | G: 2.6484 | D_A: 0.0673 | D_B: 0.0843 | Cycle: 0.9236 | grad_G: 56.45
Epoch 66/80 | Step 459850 | G: 3.4344 | D_A: 0.0863 | D_B: 0.0259 | Cycle: 1.7141 | grad_G: 26.91
Epoch 66/80 | Step 459900 | G: 2.6366 | D_A: 0.0520 | D_B: 0.0358 | Cycle: 1.1248 | grad_G: 23.07
Epoch 66/80 | Step 459950 | G: 2.9793 | D_A: 0.0289 | D_B: 0.0498 | Cycle: 1.0665 | grad_G: 30.00
Epoch 66/80 | Step 460000 | G: 2.9504 | D_A: 0.0550 | D_B: 0.0310 | Cycle: 1.2201 | grad_G: 38.97
Epoch 66/80 | Step 460050 | G: 3.0527 | D_A: 0.0600 | D_B: 0.0261 | Cycle: 1.2585 | grad_G: 40.88
Epoch 66/80 | Step 460100 | G: 2.7544 | D_A: 0.0499 | D_B: 0.0487 | Cycle: 1.0984 | grad_G: 34.21
Epoch 66/80 | Step 460150 | G: 2.9716 | D_A: 0.0458 | D_B: 0.0328 | Cycle: 1.2591 | grad_G: 32.05
Epoch 66/80 | Step 460200 | G: 2.4716 | D_A: 0.0530 | D_B: 0.0277 | Cycle: 0.9275 | grad_G: 33.40
Epoch 66/80 | Step 460250 | G: 2.5339 | D_A: 0.1893 | D_B: 0.0859 | Cycle: 0.8253 | grad_G: 39.36
Epoch 66/80 | Step 460300 | G: 3.2428 | D_A: 0.0456 | D_B: 0.0196 | Cycle: 1.3337 | grad_G: 46.78
Epoch 66/80 | Step 460350 | G: 3.4679 | D_A: 0.0543 | D_B: 0.0384 | Cycle: 1.7063 | grad_G: 29.51
Epoch 66/80 | Step 460400 | G: 3.0194 | D_A: 0.0267 | D_B: 0.0447 | Cycle: 0.9217 | grad_G: 39.35
Epoch 66/80 | Step 460450 | G: 2.6678 | D_A: 0.0910 | D_B: 0.0518 | Cycle: 1.1961 | grad_G: 24.52
Epoch 66/80 | Step 460500 | G: 2.9039 | D_A: 0.0462 | D_B: 0.0412 | Cycle: 1.2695 | grad_G: 62.93
Epoch 66/80 | Step 460550 | G: 2.1517 | D_A: 0.0420 | D_B: 0.0945 | Cycle: 1.0426 | grad_G: 30.36
Epoch 66/80 | Step 460600 | G: 2.8439 | D_A: 0.0492 | D_B: 0.0373 | Cycle: 1.0571 | grad_G: 32.05
Epoch 66/80 | Step 460650 | G: 2.2877 | D_A: 0.0939 | D_B: 0.0261 | Cycle: 0.8551 | grad_G: 53.09
Epoch 66/80 | Step 460700 | G: 3.0774 | D_A: 0.0300 | D_B: 0.0231 | Cycle: 1.0061 | grad_G: 45.59
Epoch 66/80 | Step 460750 | G: 2.6660 | D_A: 0.0370 | D_B: 0.0297 | Cycle: 1.0049 | grad_G: 31.69
Epoch 66/80 | Step 460800 | G: 2.5180 | D_A: 0.0632 | D_B: 0.0374 | Cycle: 0.8988 | grad_G: 49.60
Epoch 66/80 | Step 460850 | G: 2.9177 | D_A: 0.0564 | D_B: 0.0267 | Cycle: 1.2799 | grad_G: 73.91
Epoch 66/80 | Step 460900 | G: 2.6841 | D_A: 0.0482 | D_B: 0.0293 | Cycle: 1.0367 | grad_G: 28.50
Epoch 66/80 | Step 460950 | G: 3.3602 | D_A: 0.1399 | D_B: 0.0421 | Cycle: 1.1845 | grad_G: 36.79
Epoch 66/80 | Step 461000 | G: 2.3202 | D_A: 0.0587 | D_B: 0.0390 | Cycle: 0.8806 | grad_G: 21.48
Epoch 66/80 | Step 461050 | G: 3.0655 | D_A: 0.0322 | D_B: 0.0209 | Cycle: 1.1817 | grad_G: 61.13
Epoch 66/80 | Step 461100 | G: 3.2927 | D_A: 0.0683 | D_B: 0.0234 | Cycle: 1.3025 | grad_G: 36.12
Epoch 66/80 | Step 461150 | G: 2.7771 | D_A: 0.0231 | D_B: 0.0571 | Cycle: 0.9628 | grad_G: 55.78
Epoch 66/80 | Step 461200 | G: 2.5862 | D_A: 0.1109 | D_B: 0.0300 | Cycle: 0.9908 | grad_G: 25.13
Epoch 66/80 | Step 461250 | G: 2.5138 | D_A: 0.0664 | D_B: 0.0513 | Cycle: 0.8670 | grad_G: 44.36
Epoch 66/80 | Step 461300 | G: 2.2351 | D_A: 0.0686 | D_B: 0.0324 | Cycle: 0.8738 | grad_G: 32.48
Epoch 66/80 | Step 461350 | G: 2.2678 | D_A: 0.0499 | D_B: 0.0968 | Cycle: 1.0479 | grad_G: 28.14
Epoch 66/80 | Step 461400 | G: 2.5122 | D_A: 0.0512 | D_B: 0.0493 | Cycle: 0.8859 | grad_G: 27.30
Epoch 66/80 | Step 461450 | G: 2.9281 | D_A: 0.0523 | D_B: 0.1841 | Cycle: 1.1149 | grad_G: 32.65
Epoch 66/80 | Step 461500 | G: 3.1604 | D_A: 0.0575 | D_B: 0.0287 | Cycle: 1.2281 | grad_G: 52.02
Epoch 66/80 | Step 461550 | G: 2.6104 | D_A: 0.0635 | D_B: 0.0184 | Cycle: 1.1005 | grad_G: 26.43
Epoch 66/80 | Step 461600 | G: 2.9256 | D_A: 0.0547 | D_B: 0.0267 | Cycle: 0.9132 | grad_G: 41.85
Epoch 66/80 | Step 461650 | G: 2.9846 | D_A: 0.0306 | D_B: 0.0403 | Cycle: 1.2631 | grad_G: 33.18
Epoch 66/80 | Step 461700 | G: 3.1553 | D_A: 0.0751 | D_B: 0.0554 | Cycle: 1.3046 | grad_G: 36.80
Epoch 66/80 | Step 461750 | G: 2.4233 | D_A: 0.0409 | D_B: 0.0628 | Cycle: 1.0636 | grad_G: 26.16
Epoch 66/80 | Step 461800 | G: 2.8903 | D_A: 0.0694 | D_B: 0.0214 | Cycle: 1.3722 | grad_G: 16.68
Epoch 66/80 | Step 461850 | G: 2.7341 | D_A: 0.0520 | D_B: 0.0660 | Cycle: 1.1518 | grad_G: 38.20
Epoch 66/80 | Step 461900 | G: 3.0601 | D_A: 0.0309 | D_B: 0.0399 | Cycle: 1.1855 | grad_G: 27.57
Epoch 66/80 | Step 461950 | G: 3.1787 | D_A: 0.0673 | D_B: 0.0376 | Cycle: 1.0855 | grad_G: 38.32
Epoch 66/80 | Step 462000 | G: 3.1704 | D_A: 0.0454 | D_B: 0.0250 | Cycle: 1.3739 | grad_G: 69.98
Epoch 66/80 | Step 462050 | G: 3.0500 | D_A: 0.0280 | D_B: 0.0565 | Cycle: 1.0278 | grad_G: 30.28
Epoch 66/80 | Step 462100 | G: 2.7586 | D_A: 0.0226 | D_B: 0.0255 | Cycle: 1.2095 | grad_G: 30.01
Epoch 66/80 | Step 462150 | G: 2.8801 | D_A: 0.0407 | D_B: 0.0468 | Cycle: 1.0889 | grad_G: 30.10
Epoch 66/80 | Step 462200 | G: 2.8624 | D_A: 0.0544 | D_B: 0.0283 | Cycle: 0.9801 | grad_G: 22.30
Epoch 66/80 | Step 462250 | G: 3.2485 | D_A: 0.0826 | D_B: 0.0249 | Cycle: 1.0694 | grad_G: 68.89
Epoch 66/80 | Step 462300 | G: 2.2549 | D_A: 0.0289 | D_B: 0.0638 | Cycle: 0.8235 | grad_G: 36.86
Epoch 66/80 | Step 462350 | G: 3.1354 | D_A: 0.0653 | D_B: 0.0399 | Cycle: 1.1946 | grad_G: 32.38
Epoch 66/80 | Step 462400 | G: 2.6121 | D_A: 0.0273 | D_B: 0.0225 | Cycle: 0.6951 | grad_G: 62.97
Epoch 66/80 | Step 462450 | G: 2.6849 | D_A: 0.0507 | D_B: 0.0798 | Cycle: 0.9935 | grad_G: 43.64
Epoch 66/80 | Step 462500 | G: 2.4020 | D_A: 0.0538 | D_B: 0.0684 | Cycle: 1.1824 | grad_G: 27.94
Epoch 66/80 | Step 462550 | G: 2.7817 | D_A: 0.0202 | D_B: 0.0618 | Cycle: 1.1825 | grad_G: 63.27
Epoch 66/80 | Step 462600 | G: 2.4449 | D_A: 0.0299 | D_B: 0.0522 | Cycle: 1.0165 | grad_G: 31.42
Epoch 66/80 | Step 462650 | G: 2.4361 | D_A: 0.0304 | D_B: 0.0890 | Cycle: 0.9516 | grad_G: 29.49
Epoch 66/80 | Step 462700 | G: 2.9916 | D_A: 0.0416 | D_B: 0.0365 | Cycle: 1.0458 | grad_G: 50.08
Epoch 66/80 | Step 462750 | G: 3.3924 | D_A: 0.0320 | D_B: 0.0585 | Cycle: 1.8351 | grad_G: 40.95
Epoch 66/80 | Step 462800 | G: 2.9729 | D_A: 0.0318 | D_B: 0.0327 | Cycle: 1.1743 | grad_G: 41.38
Epoch 66/80 | Step 462850 | G: 2.9681 | D_A: 0.0583 | D_B: 0.0315 | Cycle: 1.4028 | grad_G: 27.49
Epoch 66/80 | Step 462900 | G: 3.0771 | D_A: 0.0319 | D_B: 0.0338 | Cycle: 1.4947 | grad_G: 25.09
Epoch 66/80 | Step 462950 | G: 2.4267 | D_A: 0.0555 | D_B: 0.0289 | Cycle: 0.9214 | grad_G: 54.69
Epoch 66/80 | Step 463000 | G: 2.0253 | D_A: 0.0390 | D_B: 0.1319 | Cycle: 0.6797 | grad_G: 51.89
Epoch 66/80 | Step 463050 | G: 2.6662 | D_A: 0.0766 | D_B: 0.0487 | Cycle: 1.2238 | grad_G: 21.47
Epoch 66/80 | Step 463100 | G: 2.6329 | D_A: 0.0742 | D_B: 0.0291 | Cycle: 0.8844 | grad_G: 39.32
Epoch 66/80 | Step 463150 | G: 3.3615 | D_A: 0.0738 | D_B: 0.0507 | Cycle: 1.4366 | grad_G: 28.58
Epoch 66/80 | Step 463200 | G: 2.8432 | D_A: 0.0366 | D_B: 0.0373 | Cycle: 1.1038 | grad_G: 36.98
Epoch 66/80 | Step 463250 | G: 2.8996 | D_A: 0.0611 | D_B: 0.0299 | Cycle: 1.1892 | grad_G: 40.10
Epoch 66/80 | Step 463300 | G: 3.0442 | D_A: 0.0443 | D_B: 0.1183 | Cycle: 1.0332 | grad_G: 36.22
Epoch 66/80 | Step 463350 | G: 3.0473 | D_A: 0.0288 | D_B: 0.0323 | Cycle: 1.2535 | grad_G: 24.99
Epoch 66/80 | Step 463400 | G: 3.8370 | D_A: 0.1447 | D_B: 0.0237 | Cycle: 1.8972 | grad_G: 23.98
Epoch 66/80 | Step 463450 | G: 2.3715 | D_A: 0.0936 | D_B: 0.0758 | Cycle: 0.7835 | grad_G: 23.70
Epoch 66/80 | Step 463500 | G: 3.0980 | D_A: 0.0636 | D_B: 0.0452 | Cycle: 1.2485 | grad_G: 32.42
Epoch 66/80 | Step 463550 | G: 2.6864 | D_A: 0.0430 | D_B: 0.0271 | Cycle: 1.0576 | grad_G: 50.86
Epoch 66/80 | Step 463600 | G: 3.1083 | D_A: 0.0576 | D_B: 0.0421 | Cycle: 1.2760 | grad_G: 37.39
Epoch 66/80 | Step 463650 | G: 3.4016 | D_A: 0.0344 | D_B: 0.0462 | Cycle: 1.5949 | grad_G: 25.04
Epoch 66/80 | Step 463700 | G: 3.0379 | D_A: 0.0615 | D_B: 0.0753 | Cycle: 0.9358 | grad_G: 43.28
Epoch 66/80 | Step 463750 | G: 2.5686 | D_A: 0.0591 | D_B: 0.0385 | Cycle: 1.0040 | grad_G: 28.38
Epoch 66/80 | Step 463800 | G: 2.7506 | D_A: 0.0282 | D_B: 0.0726 | Cycle: 1.0645 | grad_G: 23.99
Epoch 66/80 | Step 463850 | G: 3.3331 | D_A: 0.0525 | D_B: 0.0360 | Cycle: 1.3699 | grad_G: 36.67
Epoch 66/80 | Step 463900 | G: 2.8914 | D_A: 0.0409 | D_B: 0.0364 | Cycle: 1.0043 | grad_G: 54.84
Epoch 66/80 | Step 463950 | G: 2.8357 | D_A: 0.0977 | D_B: 0.0397 | Cycle: 1.1304 | grad_G: 35.46
Epoch 66/80 | Step 464000 | G: 3.4829 | D_A: 0.0467 | D_B: 0.0483 | Cycle: 1.3285 | grad_G: 33.57
Epoch 66/80 | Step 464050 | G: 2.0863 | D_A: 0.0851 | D_B: 0.1265 | Cycle: 0.9476 | grad_G: 53.58
Epoch 66/80 | Step 464100 | G: 2.7941 | D_A: 0.0272 | D_B: 0.0575 | Cycle: 1.0807 | grad_G: 29.95
Epoch 66/80 | Step 464150 | G: 3.3651 | D_A: 0.0817 | D_B: 0.0388 | Cycle: 1.4019 | grad_G: 27.14
Epoch 66/80 | Step 464200 | G: 1.9835 | D_A: 0.1318 | D_B: 0.0335 | Cycle: 0.8059 | grad_G: 24.44
Epoch 66/80 | Step 464250 | G: 2.8603 | D_A: 0.0456 | D_B: 0.0494 | Cycle: 1.3835 | grad_G: 33.52
Epoch 66/80 | Step 464300 | G: 2.4113 | D_A: 0.0319 | D_B: 0.1045 | Cycle: 0.8862 | grad_G: 33.35
Epoch 66/80 | Step 464350 | G: 3.2140 | D_A: 0.0379 | D_B: 0.0329 | Cycle: 1.1930 | grad_G: 30.51
Epoch 66/80 | Step 464400 | G: 2.7791 | D_A: 0.0258 | D_B: 0.0228 | Cycle: 0.8482 | grad_G: 62.27
Epoch 66/80 | Step 464450 | G: 2.6318 | D_A: 0.0417 | D_B: 0.0245 | Cycle: 1.1047 | grad_G: 45.50
Epoch 66/80 | Step 464500 | G: 2.9322 | D_A: 0.0320 | D_B: 0.0686 | Cycle: 0.9632 | grad_G: 25.21
Epoch 66/80 complete | Time: 449s | Avg G: 2.8307 | Avg D: 0.0516 | grad_G: 37.66
Epoch 67/80 | Step 464550 | G: 3.0803 | D_A: 0.0489 | D_B: 0.0229 | Cycle: 1.0475 | grad_G: 43.11
Epoch 67/80 | Step 464600 | G: 2.7628 | D_A: 0.0451 | D_B: 0.0390 | Cycle: 0.9732 | grad_G: 36.92
Epoch 67/80 | Step 464650 | G: 2.4673 | D_A: 0.0397 | D_B: 0.0548 | Cycle: 0.8328 | grad_G: 28.85
Epoch 67/80 | Step 464700 | G: 3.8081 | D_A: 0.0646 | D_B: 0.0491 | Cycle: 1.7547 | grad_G: 20.76
Epoch 67/80 | Step 464750 | G: 2.4983 | D_A: 0.0620 | D_B: 0.0271 | Cycle: 1.0449 | grad_G: 30.68
Epoch 67/80 | Step 464800 | G: 2.2181 | D_A: 0.0531 | D_B: 0.0429 | Cycle: 0.9390 | grad_G: 28.40
Epoch 67/80 | Step 464850 | G: 2.6099 | D_A: 0.0915 | D_B: 0.0825 | Cycle: 1.0767 | grad_G: 24.02
Epoch 67/80 | Step 464900 | G: 2.6185 | D_A: 0.0534 | D_B: 0.0293 | Cycle: 0.9463 | grad_G: 32.59
Epoch 67/80 | Step 464950 | G: 2.4738 | D_A: 0.0771 | D_B: 0.0843 | Cycle: 0.8869 | grad_G: 69.20
Epoch 67/80 | Step 465000 | G: 1.9985 | D_A: 0.0764 | D_B: 0.1339 | Cycle: 0.8716 | grad_G: 34.65
Epoch 67/80 | Step 465050 | G: 2.6404 | D_A: 0.0318 | D_B: 0.0790 | Cycle: 0.9075 | grad_G: 42.88
Epoch 67/80 | Step 465100 | G: 3.1146 | D_A: 0.0467 | D_B: 0.0438 | Cycle: 1.2371 | grad_G: 53.25
Epoch 67/80 | Step 465150 | G: 2.8670 | D_A: 0.1403 | D_B: 0.0753 | Cycle: 1.2794 | grad_G: 37.63
Epoch 67/80 | Step 465200 | G: 3.1038 | D_A: 0.0290 | D_B: 0.0671 | Cycle: 1.2716 | grad_G: 46.53
Epoch 67/80 | Step 465250 | G: 2.9549 | D_A: 0.0357 | D_B: 0.0188 | Cycle: 1.2711 | grad_G: 25.32
Epoch 67/80 | Step 465300 | G: 2.4429 | D_A: 0.0818 | D_B: 0.0280 | Cycle: 1.0786 | grad_G: 37.30
Epoch 67/80 | Step 465350 | G: 2.8722 | D_A: 0.1331 | D_B: 0.0199 | Cycle: 0.8768 | grad_G: 48.13
Epoch 67/80 | Step 465400 | G: 2.7520 | D_A: 0.0783 | D_B: 0.0447 | Cycle: 0.9056 | grad_G: 83.23
Epoch 67/80 | Step 465450 | G: 2.6348 | D_A: 0.0501 | D_B: 0.1077 | Cycle: 1.0002 | grad_G: 38.92
Epoch 67/80 | Step 465500 | G: 2.5308 | D_A: 0.0290 | D_B: 0.0423 | Cycle: 0.6867 | grad_G: 52.66
Epoch 67/80 | Step 465550 | G: 2.5274 | D_A: 0.0751 | D_B: 0.0666 | Cycle: 0.8395 | grad_G: 25.59
Epoch 67/80 | Step 465600 | G: 2.5896 | D_A: 0.0278 | D_B: 0.0388 | Cycle: 0.9883 | grad_G: 30.66
Epoch 67/80 | Step 465650 | G: 3.0796 | D_A: 0.0814 | D_B: 0.0228 | Cycle: 1.3408 | grad_G: 28.60
Epoch 67/80 | Step 465700 | G: 2.0360 | D_A: 0.0564 | D_B: 0.0409 | Cycle: 0.8605 | grad_G: 23.46
Epoch 67/80 | Step 465750 | G: 3.0386 | D_A: 0.0235 | D_B: 0.0561 | Cycle: 1.2347 | grad_G: 64.82
Epoch 67/80 | Step 465800 | G: 2.5404 | D_A: 0.0499 | D_B: 0.0296 | Cycle: 0.9917 | grad_G: 32.84
Epoch 67/80 | Step 465850 | G: 2.5414 | D_A: 0.0333 | D_B: 0.0330 | Cycle: 0.9144 | grad_G: 29.38
Epoch 67/80 | Step 465900 | G: 2.4419 | D_A: 0.0414 | D_B: 0.1769 | Cycle: 0.9101 | grad_G: 57.70
Epoch 67/80 | Step 465950 | G: 3.1668 | D_A: 0.0525 | D_B: 0.0366 | Cycle: 1.3264 | grad_G: 29.12
Epoch 67/80 | Step 466000 | G: 2.6063 | D_A: 0.0838 | D_B: 0.0376 | Cycle: 1.1463 | grad_G: 29.11
Epoch 67/80 | Step 466050 | G: 3.0836 | D_A: 0.0275 | D_B: 0.0611 | Cycle: 1.2885 | grad_G: 24.11
Epoch 67/80 | Step 466100 | G: 2.8536 | D_A: 0.0278 | D_B: 0.0218 | Cycle: 1.0815 | grad_G: 33.63
Epoch 67/80 | Step 466150 | G: 3.1827 | D_A: 0.0346 | D_B: 0.0319 | Cycle: 1.4745 | grad_G: 33.43
Epoch 67/80 | Step 466200 | G: 2.7270 | D_A: 0.1122 | D_B: 0.0408 | Cycle: 1.1964 | grad_G: 24.21
Epoch 67/80 | Step 466250 | G: 1.9296 | D_A: 0.1524 | D_B: 0.1003 | Cycle: 0.6938 | grad_G: 43.82
Epoch 67/80 | Step 466300 | G: 2.7813 | D_A: 0.0512 | D_B: 0.0232 | Cycle: 1.1194 | grad_G: 58.45
Epoch 67/80 | Step 466350 | G: 2.5828 | D_A: 0.0324 | D_B: 0.0432 | Cycle: 0.9696 | grad_G: 46.90
Epoch 67/80 | Step 466400 | G: 2.7296 | D_A: 0.0277 | D_B: 0.0683 | Cycle: 0.9957 | grad_G: 32.08
Epoch 67/80 | Step 466450 | G: 2.7626 | D_A: 0.0495 | D_B: 0.0212 | Cycle: 1.0400 | grad_G: 39.04
Epoch 67/80 | Step 466500 | G: 3.0791 | D_A: 0.0405 | D_B: 0.0203 | Cycle: 1.1151 | grad_G: 61.10
Epoch 67/80 | Step 466550 | G: 2.9646 | D_A: 0.0712 | D_B: 0.0610 | Cycle: 1.4390 | grad_G: 22.19
Epoch 67/80 | Step 466600 | G: 3.0606 | D_A: 0.0287 | D_B: 0.0239 | Cycle: 1.0081 | grad_G: 33.55
Epoch 67/80 | Step 466650 | G: 2.6554 | D_A: 0.0300 | D_B: 0.1121 | Cycle: 1.1316 | grad_G: 45.41
Epoch 67/80 | Step 466700 | G: 3.3578 | D_A: 0.0607 | D_B: 0.0389 | Cycle: 1.3114 | grad_G: 33.14
Epoch 67/80 | Step 466750 | G: 2.9684 | D_A: 0.0208 | D_B: 0.0442 | Cycle: 1.0152 | grad_G: 33.12
Epoch 67/80 | Step 466800 | G: 2.4863 | D_A: 0.0661 | D_B: 0.0297 | Cycle: 0.9257 | grad_G: 30.12
Epoch 67/80 | Step 466850 | G: 2.7380 | D_A: 0.0342 | D_B: 0.0265 | Cycle: 1.0609 | grad_G: 31.22
Epoch 67/80 | Step 466900 | G: 2.6526 | D_A: 0.0254 | D_B: 0.0695 | Cycle: 1.2265 | grad_G: 24.41
Epoch 67/80 | Step 466950 | G: 3.2447 | D_A: 0.0612 | D_B: 0.0488 | Cycle: 0.9856 | grad_G: 39.49
Epoch 67/80 | Step 467000 | G: 2.6480 | D_A: 0.0298 | D_B: 0.0846 | Cycle: 1.0096 | grad_G: 38.94
Epoch 67/80 | Step 467050 | G: 2.9480 | D_A: 0.0332 | D_B: 0.0712 | Cycle: 1.2778 | grad_G: 29.78
Epoch 67/80 | Step 467100 | G: 3.0874 | D_A: 0.0439 | D_B: 0.0212 | Cycle: 1.1462 | grad_G: 30.59
Epoch 67/80 | Step 467150 | G: 3.0985 | D_A: 0.0542 | D_B: 0.0336 | Cycle: 1.0576 | grad_G: 36.22
Epoch 67/80 | Step 467200 | G: 3.1569 | D_A: 0.0355 | D_B: 0.0276 | Cycle: 0.9835 | grad_G: 33.48
Epoch 67/80 | Step 467250 | G: 2.9098 | D_A: 0.0291 | D_B: 0.0253 | Cycle: 1.0502 | grad_G: 26.92
Epoch 67/80 | Step 467300 | G: 2.3856 | D_A: 0.0606 | D_B: 0.0287 | Cycle: 1.0664 | grad_G: 32.61
Epoch 67/80 | Step 467350 | G: 2.9132 | D_A: 0.0432 | D_B: 0.0289 | Cycle: 1.0171 | grad_G: 25.63
Epoch 67/80 | Step 467400 | G: 3.0907 | D_A: 0.0609 | D_B: 0.0274 | Cycle: 1.3162 | grad_G: 20.73
Epoch 67/80 | Step 467450 | G: 2.9212 | D_A: 0.0665 | D_B: 0.0393 | Cycle: 1.1151 | grad_G: 45.75
Epoch 67/80 | Step 467500 | G: 2.7744 | D_A: 0.1092 | D_B: 0.0384 | Cycle: 0.9953 | grad_G: 42.94
Epoch 67/80 | Step 467550 | G: 2.8272 | D_A: 0.0258 | D_B: 0.0221 | Cycle: 1.0218 | grad_G: 33.43
Epoch 67/80 | Step 467600 | G: 2.4402 | D_A: 0.0368 | D_B: 0.0921 | Cycle: 0.7498 | grad_G: 30.78
Epoch 67/80 | Step 467650 | G: 2.9615 | D_A: 0.0919 | D_B: 0.0468 | Cycle: 1.1288 | grad_G: 42.70
Epoch 67/80 | Step 467700 | G: 2.4115 | D_A: 0.0641 | D_B: 0.0300 | Cycle: 0.9365 | grad_G: 42.35
Epoch 67/80 | Step 467750 | G: 2.8136 | D_A: 0.0546 | D_B: 0.1203 | Cycle: 1.2133 | grad_G: 24.55
Epoch 67/80 | Step 467800 | G: 3.3674 | D_A: 0.0724 | D_B: 0.0295 | Cycle: 1.3496 | grad_G: 62.62
Epoch 67/80 | Step 467850 | G: 2.9756 | D_A: 0.0823 | D_B: 0.0374 | Cycle: 1.0700 | grad_G: 26.73
Epoch 67/80 | Step 467900 | G: 2.9943 | D_A: 0.0451 | D_B: 0.0530 | Cycle: 1.1892 | grad_G: 19.76
Epoch 67/80 | Step 467950 | G: 2.7437 | D_A: 0.0523 | D_B: 0.0329 | Cycle: 1.1718 | grad_G: 30.24
Epoch 67/80 | Step 468000 | G: 2.6748 | D_A: 0.0501 | D_B: 0.0432 | Cycle: 0.9398 | grad_G: 64.98
Epoch 67/80 | Step 468050 | G: 2.1407 | D_A: 0.0997 | D_B: 0.0882 | Cycle: 0.8992 | grad_G: 37.00
Epoch 67/80 | Step 468100 | G: 3.1844 | D_A: 0.1304 | D_B: 0.0457 | Cycle: 0.9969 | grad_G: 29.10
Epoch 67/80 | Step 468150 | G: 2.6847 | D_A: 0.0604 | D_B: 0.0594 | Cycle: 1.1212 | grad_G: 20.94
Epoch 67/80 | Step 468200 | G: 2.2933 | D_A: 0.1123 | D_B: 0.0424 | Cycle: 0.9674 | grad_G: 52.69
Epoch 67/80 | Step 468250 | G: 2.9494 | D_A: 0.0255 | D_B: 0.0299 | Cycle: 1.0122 | grad_G: 42.73
Epoch 67/80 | Step 468300 | G: 2.3724 | D_A: 0.0282 | D_B: 0.0497 | Cycle: 0.7580 | grad_G: 53.82
Epoch 67/80 | Step 468350 | G: 3.3820 | D_A: 0.0417 | D_B: 0.0455 | Cycle: 1.5849 | grad_G: 55.16
Epoch 67/80 | Step 468400 | G: 3.3792 | D_A: 0.1087 | D_B: 0.0240 | Cycle: 1.4986 | grad_G: 18.67
Epoch 67/80 | Step 468450 | G: 3.0092 | D_A: 0.0288 | D_B: 0.0186 | Cycle: 1.1898 | grad_G: 49.95
Epoch 67/80 | Step 468500 | G: 2.7232 | D_A: 0.0934 | D_B: 0.0766 | Cycle: 0.9359 | grad_G: 44.27
Epoch 67/80 | Step 468550 | G: 2.9030 | D_A: 0.0605 | D_B: 0.1057 | Cycle: 0.8407 | grad_G: 40.37
Epoch 67/80 | Step 468600 | G: 2.9590 | D_A: 0.0781 | D_B: 0.0224 | Cycle: 1.1533 | grad_G: 39.29
Epoch 67/80 | Step 468650 | G: 2.9758 | D_A: 0.0422 | D_B: 0.0455 | Cycle: 1.3629 | grad_G: 21.99
Epoch 67/80 | Step 468700 | G: 3.7193 | D_A: 0.0203 | D_B: 0.0239 | Cycle: 1.6484 | grad_G: 32.27
Epoch 67/80 | Step 468750 | G: 2.8781 | D_A: 0.0359 | D_B: 0.0308 | Cycle: 1.0815 | grad_G: 53.57
Epoch 67/80 | Step 468800 | G: 3.0719 | D_A: 0.0340 | D_B: 0.0312 | Cycle: 1.2566 | grad_G: 33.61
Epoch 67/80 | Step 468850 | G: 3.4153 | D_A: 0.0433 | D_B: 0.0268 | Cycle: 1.4483 | grad_G: 31.68
Epoch 67/80 | Step 468900 | G: 2.3265 | D_A: 0.0757 | D_B: 0.0333 | Cycle: 1.0815 | grad_G: 23.98
Epoch 67/80 | Step 468950 | G: 2.5268 | D_A: 0.0313 | D_B: 0.0582 | Cycle: 0.9302 | grad_G: 51.25
Epoch 67/80 | Step 469000 | G: 2.5213 | D_A: 0.0211 | D_B: 0.0475 | Cycle: 0.9615 | grad_G: 32.77
Epoch 67/80 | Step 469050 | G: 2.5061 | D_A: 0.0488 | D_B: 0.1085 | Cycle: 0.8355 | grad_G: 41.83
Epoch 67/80 | Step 469100 | G: 3.0125 | D_A: 0.0476 | D_B: 0.0531 | Cycle: 1.2294 | grad_G: 31.35
Epoch 67/80 | Step 469150 | G: 3.2624 | D_A: 0.1416 | D_B: 0.0261 | Cycle: 1.1111 | grad_G: 23.84
Epoch 67/80 | Step 469200 | G: 3.0416 | D_A: 0.1076 | D_B: 0.0497 | Cycle: 1.3246 | grad_G: 32.05
Epoch 67/80 | Step 469250 | G: 3.1863 | D_A: 0.1881 | D_B: 0.0285 | Cycle: 1.3388 | grad_G: 31.45
Epoch 67/80 | Step 469300 | G: 3.2173 | D_A: 0.0852 | D_B: 0.0252 | Cycle: 1.2262 | grad_G: 26.04
Epoch 67/80 | Step 469350 | G: 2.9845 | D_A: 0.0948 | D_B: 0.0469 | Cycle: 1.0144 | grad_G: 36.44
Epoch 67/80 | Step 469400 | G: 3.0909 | D_A: 0.0467 | D_B: 0.0483 | Cycle: 1.5351 | grad_G: 37.54
Epoch 67/80 | Step 469450 | G: 2.7901 | D_A: 0.1739 | D_B: 0.0409 | Cycle: 1.0462 | grad_G: 29.09
Epoch 67/80 | Step 469500 | G: 2.5131 | D_A: 0.0444 | D_B: 0.0631 | Cycle: 1.1745 | grad_G: 29.69
Epoch 67/80 | Step 469550 | G: 2.7843 | D_A: 0.0208 | D_B: 0.0239 | Cycle: 0.9919 | grad_G: 36.44
Epoch 67/80 | Step 469600 | G: 2.6870 | D_A: 0.0581 | D_B: 0.0234 | Cycle: 0.9476 | grad_G: 30.76
Epoch 67/80 | Step 469650 | G: 2.8163 | D_A: 0.0448 | D_B: 0.0463 | Cycle: 0.9892 | grad_G: 31.86
Epoch 67/80 | Step 469700 | G: 2.7481 | D_A: 0.0538 | D_B: 0.0931 | Cycle: 1.0256 | grad_G: 38.49
Epoch 67/80 | Step 469750 | G: 2.6374 | D_A: 0.0269 | D_B: 0.1031 | Cycle: 0.7397 | grad_G: 34.19
Epoch 67/80 | Step 469800 | G: 3.0256 | D_A: 0.0315 | D_B: 0.0395 | Cycle: 1.3762 | grad_G: 38.74
Epoch 67/80 | Step 469850 | G: 3.1490 | D_A: 0.0430 | D_B: 0.0258 | Cycle: 1.5177 | grad_G: 26.80
Epoch 67/80 | Step 469900 | G: 2.6698 | D_A: 0.0265 | D_B: 0.0266 | Cycle: 1.0412 | grad_G: 29.26
Epoch 67/80 | Step 469950 | G: 2.5452 | D_A: 0.1007 | D_B: 0.0447 | Cycle: 1.0030 | grad_G: 40.29
Epoch 67/80 | Step 470000 | G: 3.5011 | D_A: 0.0228 | D_B: 0.0284 | Cycle: 1.4632 | grad_G: 39.80
Epoch 67/80 | Step 470050 | G: 2.8319 | D_A: 0.0461 | D_B: 0.0177 | Cycle: 1.2154 | grad_G: 30.05
Epoch 67/80 | Step 470100 | G: 2.9136 | D_A: 0.0244 | D_B: 0.0253 | Cycle: 1.1814 | grad_G: 31.64
Epoch 67/80 | Step 470150 | G: 2.2450 | D_A: 0.1092 | D_B: 0.0929 | Cycle: 0.9305 | grad_G: 26.47
Epoch 67/80 | Step 470200 | G: 2.7986 | D_A: 0.0573 | D_B: 0.0337 | Cycle: 1.2019 | grad_G: 48.13
Epoch 67/80 | Step 470250 | G: 3.0068 | D_A: 0.0356 | D_B: 0.0315 | Cycle: 1.1166 | grad_G: 31.66
Epoch 67/80 | Step 470300 | G: 2.0293 | D_A: 0.1580 | D_B: 0.1095 | Cycle: 0.7399 | grad_G: 42.56
Epoch 67/80 | Step 470350 | G: 2.7912 | D_A: 0.0595 | D_B: 0.0194 | Cycle: 1.3588 | grad_G: 27.68
Epoch 67/80 | Step 470400 | G: 2.5657 | D_A: 0.0684 | D_B: 0.0518 | Cycle: 0.9942 | grad_G: 40.61
Epoch 67/80 | Step 470450 | G: 2.4427 | D_A: 0.0510 | D_B: 0.1201 | Cycle: 1.1259 | grad_G: 21.60
Epoch 67/80 | Step 470500 | G: 2.8501 | D_A: 0.0564 | D_B: 0.0248 | Cycle: 1.2277 | grad_G: 25.29
Epoch 67/80 | Step 470550 | G: 3.0543 | D_A: 0.0424 | D_B: 0.0300 | Cycle: 0.9445 | grad_G: 50.88
Epoch 67/80 | Step 470600 | G: 2.9213 | D_A: 0.0372 | D_B: 0.1050 | Cycle: 1.0735 | grad_G: 32.95
Epoch 67/80 | Step 470650 | G: 3.1568 | D_A: 0.0573 | D_B: 0.0420 | Cycle: 1.2101 | grad_G: 36.18
Epoch 67/80 | Step 470700 | G: 2.9083 | D_A: 0.0207 | D_B: 0.0238 | Cycle: 1.1126 | grad_G: 18.87
Epoch 67/80 | Step 470750 | G: 3.2249 | D_A: 0.0333 | D_B: 0.0247 | Cycle: 1.2564 | grad_G: 37.40
Epoch 67/80 | Step 470800 | G: 2.8420 | D_A: 0.0247 | D_B: 0.0283 | Cycle: 1.1562 | grad_G: 24.20
Epoch 67/80 | Step 470850 | G: 3.1481 | D_A: 0.0340 | D_B: 0.0279 | Cycle: 1.3629 | grad_G: 65.22
Epoch 67/80 | Step 470900 | G: 2.8260 | D_A: 0.0280 | D_B: 0.0294 | Cycle: 1.0629 | grad_G: 56.92
Epoch 67/80 | Step 470950 | G: 2.8254 | D_A: 0.0350 | D_B: 0.0903 | Cycle: 0.8089 | grad_G: 51.89
Epoch 67/80 | Step 471000 | G: 2.6689 | D_A: 0.0467 | D_B: 0.0271 | Cycle: 1.0318 | grad_G: 32.44
Epoch 67/80 | Step 471050 | G: 2.7396 | D_A: 0.1399 | D_B: 0.0746 | Cycle: 1.0555 | grad_G: 33.74
Epoch 67/80 | Step 471100 | G: 2.7670 | D_A: 0.0492 | D_B: 0.0303 | Cycle: 0.9654 | grad_G: 80.87
Epoch 67/80 | Step 471150 | G: 3.3302 | D_A: 0.0409 | D_B: 0.0623 | Cycle: 1.2688 | grad_G: 27.58
Epoch 67/80 | Step 471200 | G: 2.7660 | D_A: 0.0197 | D_B: 0.0302 | Cycle: 1.1468 | grad_G: 34.44
Epoch 67/80 | Step 471250 | G: 3.0058 | D_A: 0.0448 | D_B: 0.0300 | Cycle: 1.3754 | grad_G: 19.68
Epoch 67/80 | Step 471300 | G: 2.8822 | D_A: 0.0458 | D_B: 0.0506 | Cycle: 1.0455 | grad_G: 30.65
Epoch 67/80 | Step 471350 | G: 2.6649 | D_A: 0.0263 | D_B: 0.0492 | Cycle: 0.9052 | grad_G: 34.49
Epoch 67/80 | Step 471400 | G: 2.6505 | D_A: 0.0687 | D_B: 0.0433 | Cycle: 1.0368 | grad_G: 30.69
Epoch 67/80 | Step 471450 | G: 2.8168 | D_A: 0.0339 | D_B: 0.0363 | Cycle: 1.1793 | grad_G: 33.08
Epoch 67/80 | Step 471500 | G: 2.6748 | D_A: 0.0507 | D_B: 0.0321 | Cycle: 1.0407 | grad_G: 29.13
Epoch 67/80 complete | Time: 472s | Avg G: 2.8333 | Avg D: 0.0506 | grad_G: 36.12
Epoch 68/80 | Step 471550 | G: 2.3761 | D_A: 0.1294 | D_B: 0.0224 | Cycle: 1.0013 | grad_G: 32.79
Epoch 68/80 | Step 471600 | G: 2.4296 | D_A: 0.0374 | D_B: 0.0260 | Cycle: 0.8923 | grad_G: 29.66
Epoch 68/80 | Step 471650 | G: 3.1247 | D_A: 0.0296 | D_B: 0.0599 | Cycle: 1.2171 | grad_G: 28.16
Epoch 68/80 | Step 471700 | G: 2.5000 | D_A: 0.0323 | D_B: 0.0283 | Cycle: 1.0385 | grad_G: 32.73
Epoch 68/80 | Step 471750 | G: 2.8222 | D_A: 0.0374 | D_B: 0.0585 | Cycle: 1.2555 | grad_G: 27.80
Epoch 68/80 | Step 471800 | G: 3.4219 | D_A: 0.0957 | D_B: 0.0277 | Cycle: 1.6135 | grad_G: 32.40
Epoch 68/80 | Step 471850 | G: 2.7902 | D_A: 0.0350 | D_B: 0.0238 | Cycle: 1.0096 | grad_G: 52.31
Epoch 68/80 | Step 471900 | G: 2.8671 | D_A: 0.1489 | D_B: 0.0991 | Cycle: 0.9268 | grad_G: 29.41
Epoch 68/80 | Step 471950 | G: 1.7359 | D_A: 0.0720 | D_B: 0.1143 | Cycle: 0.8050 | grad_G: 27.13
Epoch 68/80 | Step 472000 | G: 3.2260 | D_A: 0.0427 | D_B: 0.0281 | Cycle: 1.3199 | grad_G: 26.98
Epoch 68/80 | Step 472050 | G: 3.3119 | D_A: 0.0352 | D_B: 0.0223 | Cycle: 1.3279 | grad_G: 38.36
Epoch 68/80 | Step 472100 | G: 3.0984 | D_A: 0.0400 | D_B: 0.0333 | Cycle: 0.9546 | grad_G: 68.52
Epoch 68/80 | Step 472150 | G: 2.1676 | D_A: 0.0221 | D_B: 0.0815 | Cycle: 0.8941 | grad_G: 31.42
Epoch 68/80 | Step 472200 | G: 2.5254 | D_A: 0.0749 | D_B: 0.0291 | Cycle: 1.1232 | grad_G: 43.03
Epoch 68/80 | Step 472250 | G: 3.1946 | D_A: 0.0638 | D_B: 0.0301 | Cycle: 1.1671 | grad_G: 43.02
Epoch 68/80 | Step 472300 | G: 2.2624 | D_A: 0.0909 | D_B: 0.0405 | Cycle: 0.7834 | grad_G: 34.96
Epoch 68/80 | Step 472350 | G: 2.6362 | D_A: 0.0777 | D_B: 0.0302 | Cycle: 0.8007 | grad_G: 35.61
Epoch 68/80 | Step 472400 | G: 3.0986 | D_A: 0.0459 | D_B: 0.0713 | Cycle: 1.0425 | grad_G: 46.40
Epoch 68/80 | Step 472450 | G: 2.8360 | D_A: 0.0332 | D_B: 0.0221 | Cycle: 0.9670 | grad_G: 42.06
Epoch 68/80 | Step 472500 | G: 2.5019 | D_A: 0.0594 | D_B: 0.0389 | Cycle: 0.9785 | grad_G: 34.87
Epoch 68/80 | Step 472550 | G: 2.3134 | D_A: 0.0443 | D_B: 0.0254 | Cycle: 0.8770 | grad_G: 33.06
Epoch 68/80 | Step 472600 | G: 3.0747 | D_A: 0.1822 | D_B: 0.0190 | Cycle: 0.9628 | grad_G: 25.09
Epoch 68/80 | Step 472650 | G: 2.1240 | D_A: 0.1107 | D_B: 0.0452 | Cycle: 0.8157 | grad_G: 54.15
Epoch 68/80 | Step 472700 | G: 2.8603 | D_A: 0.0928 | D_B: 0.0604 | Cycle: 1.2799 | grad_G: 34.67
Epoch 68/80 | Step 472750 | G: 2.6602 | D_A: 0.0583 | D_B: 0.0449 | Cycle: 1.4302 | grad_G: 30.19
Epoch 68/80 | Step 472800 | G: 2.5994 | D_A: 0.0363 | D_B: 0.0341 | Cycle: 0.9853 | grad_G: 23.40
Epoch 68/80 | Step 472850 | G: 3.1051 | D_A: 0.0403 | D_B: 0.0501 | Cycle: 1.3009 | grad_G: 25.30
Epoch 68/80 | Step 472900 | G: 2.7720 | D_A: 0.0299 | D_B: 0.0311 | Cycle: 1.2810 | grad_G: 40.89
Epoch 68/80 | Step 472950 | G: 2.8585 | D_A: 0.0888 | D_B: 0.0231 | Cycle: 1.1407 | grad_G: 56.50
Epoch 68/80 | Step 473000 | G: 3.3100 | D_A: 0.0552 | D_B: 0.0218 | Cycle: 1.4088 | grad_G: 25.29
Epoch 68/80 | Step 473050 | G: 2.3482 | D_A: 0.0408 | D_B: 0.0218 | Cycle: 1.0399 | grad_G: 18.36
Epoch 68/80 | Step 473100 | G: 3.3759 | D_A: 0.0334 | D_B: 0.0402 | Cycle: 1.4768 | grad_G: 18.84
Epoch 68/80 | Step 473150 | G: 2.7620 | D_A: 0.0430 | D_B: 0.1591 | Cycle: 1.0470 | grad_G: 31.32
Epoch 68/80 | Step 473200 | G: 2.9021 | D_A: 0.0198 | D_B: 0.0290 | Cycle: 1.0429 | grad_G: 31.14
Epoch 68/80 | Step 473250 | G: 2.9809 | D_A: 0.0408 | D_B: 0.0300 | Cycle: 1.3807 | grad_G: 46.82
Epoch 68/80 | Step 473300 | G: 3.0367 | D_A: 0.0575 | D_B: 0.0211 | Cycle: 1.3902 | grad_G: 26.85
Epoch 68/80 | Step 473350 | G: 2.8738 | D_A: 0.0216 | D_B: 0.0362 | Cycle: 0.9510 | grad_G: 43.41
Epoch 68/80 | Step 473400 | G: 3.3362 | D_A: 0.0316 | D_B: 0.0362 | Cycle: 1.5575 | grad_G: 24.50
Epoch 68/80 | Step 473450 | G: 2.5757 | D_A: 0.0584 | D_B: 0.0232 | Cycle: 1.2041 | grad_G: 41.51
Epoch 68/80 | Step 473500 | G: 2.9029 | D_A: 0.1392 | D_B: 0.0346 | Cycle: 1.2613 | grad_G: 39.37
Epoch 68/80 | Step 473550 | G: 2.5294 | D_A: 0.0636 | D_B: 0.0332 | Cycle: 0.8487 | grad_G: 32.76
Epoch 68/80 | Step 473600 | G: 2.8378 | D_A: 0.0284 | D_B: 0.0818 | Cycle: 1.4307 | grad_G: 22.91
Epoch 68/80 | Step 473650 | G: 2.5801 | D_A: 0.0503 | D_B: 0.0219 | Cycle: 0.8210 | grad_G: 31.86
Epoch 68/80 | Step 473700 | G: 3.4871 | D_A: 0.0324 | D_B: 0.0319 | Cycle: 1.9415 | grad_G: 30.54
Epoch 68/80 | Step 473750 | G: 3.2288 | D_A: 0.0302 | D_B: 0.0192 | Cycle: 1.6413 | grad_G: 40.04
Epoch 68/80 | Step 473800 | G: 2.9532 | D_A: 0.0930 | D_B: 0.0377 | Cycle: 0.8898 | grad_G: 31.73
Epoch 68/80 | Step 473850 | G: 2.9785 | D_A: 0.0396 | D_B: 0.0217 | Cycle: 1.1463 | grad_G: 23.17
Epoch 68/80 | Step 473900 | G: 3.9975 | D_A: 0.0454 | D_B: 0.0577 | Cycle: 1.9075 | grad_G: 27.27
Epoch 68/80 | Step 473950 | G: 2.2880 | D_A: 0.0810 | D_B: 0.0746 | Cycle: 0.9755 | grad_G: 31.59
Epoch 68/80 | Step 474000 | G: 3.0367 | D_A: 0.0489 | D_B: 0.0302 | Cycle: 0.9831 | grad_G: 37.66
Epoch 68/80 | Step 474050 | G: 2.9135 | D_A: 0.0350 | D_B: 0.0710 | Cycle: 1.2685 | grad_G: 29.59
Epoch 68/80 | Step 474100 | G: 2.5126 | D_A: 0.0531 | D_B: 0.0199 | Cycle: 0.9548 | grad_G: 30.16
Epoch 68/80 | Step 474150 | G: 2.9757 | D_A: 0.0529 | D_B: 0.0230 | Cycle: 1.3250 | grad_G: 31.94
Epoch 68/80 | Step 474200 | G: 2.0818 | D_A: 0.0635 | D_B: 0.0182 | Cycle: 0.8169 | grad_G: 29.40
Epoch 68/80 | Step 474250 | G: 2.9302 | D_A: 0.0644 | D_B: 0.0542 | Cycle: 0.9474 | grad_G: 32.55
Epoch 68/80 | Step 474300 | G: 1.9682 | D_A: 0.0593 | D_B: 0.0772 | Cycle: 0.8684 | grad_G: 29.00
Epoch 68/80 | Step 474350 | G: 2.1234 | D_A: 0.1468 | D_B: 0.0594 | Cycle: 0.7852 | grad_G: 37.26
Epoch 68/80 | Step 474400 | G: 2.7186 | D_A: 0.0457 | D_B: 0.0207 | Cycle: 0.8257 | grad_G: 60.96
Epoch 68/80 | Step 474450 | G: 2.4822 | D_A: 0.0782 | D_B: 0.0360 | Cycle: 0.9616 | grad_G: 25.12
Epoch 68/80 | Step 474500 | G: 3.1785 | D_A: 0.0258 | D_B: 0.0318 | Cycle: 1.1054 | grad_G: 70.00
Epoch 68/80 | Step 474550 | G: 2.5476 | D_A: 0.0639 | D_B: 0.0656 | Cycle: 1.0095 | grad_G: 33.48
Epoch 68/80 | Step 474600 | G: 3.1240 | D_A: 0.0907 | D_B: 0.0562 | Cycle: 1.2255 | grad_G: 20.86
Epoch 68/80 | Step 474650 | G: 3.0313 | D_A: 0.0787 | D_B: 0.0239 | Cycle: 1.2240 | grad_G: 56.56
Epoch 68/80 | Step 474700 | G: 2.5057 | D_A: 0.0660 | D_B: 0.0295 | Cycle: 1.1063 | grad_G: 38.78
Epoch 68/80 | Step 474750 | G: 2.3996 | D_A: 0.0370 | D_B: 0.0427 | Cycle: 1.2106 | grad_G: 30.84
Epoch 68/80 | Step 474800 | G: 2.7358 | D_A: 0.0505 | D_B: 0.0260 | Cycle: 1.0326 | grad_G: 27.25
Epoch 68/80 | Step 474850 | G: 2.3736 | D_A: 0.1090 | D_B: 0.0862 | Cycle: 0.8360 | grad_G: 42.44
Epoch 68/80 | Step 474900 | G: 2.8224 | D_A: 0.0229 | D_B: 0.0718 | Cycle: 1.1170 | grad_G: 26.56
Epoch 68/80 | Step 474950 | G: 2.7640 | D_A: 0.0329 | D_B: 0.0182 | Cycle: 1.0999 | grad_G: 56.74
Epoch 68/80 | Step 475000 | G: 2.7105 | D_A: 0.0510 | D_B: 0.0469 | Cycle: 1.0843 | grad_G: 38.27
Epoch 68/80 | Step 475050 | G: 3.5441 | D_A: 0.0454 | D_B: 0.0259 | Cycle: 1.4495 | grad_G: 30.59
Epoch 68/80 | Step 475100 | G: 3.2050 | D_A: 0.0338 | D_B: 0.0414 | Cycle: 1.1109 | grad_G: 29.38
Epoch 68/80 | Step 475150 | G: 2.5411 | D_A: 0.0428 | D_B: 0.0177 | Cycle: 1.0125 | grad_G: 68.14
Epoch 68/80 | Step 475200 | G: 2.0973 | D_A: 0.1003 | D_B: 0.0640 | Cycle: 0.6618 | grad_G: 36.11
Epoch 68/80 | Step 475250 | G: 2.5725 | D_A: 0.0543 | D_B: 0.0640 | Cycle: 1.0389 | grad_G: 27.54
Epoch 68/80 | Step 475300 | G: 2.7326 | D_A: 0.2299 | D_B: 0.0333 | Cycle: 0.9291 | grad_G: 37.95
Epoch 68/80 | Step 475350 | G: 2.8384 | D_A: 0.0635 | D_B: 0.0954 | Cycle: 0.9104 | grad_G: 31.80
Epoch 68/80 | Step 475400 | G: 2.5442 | D_A: 0.1823 | D_B: 0.0268 | Cycle: 0.8141 | grad_G: 55.80
Epoch 68/80 | Step 475450 | G: 3.5016 | D_A: 0.0444 | D_B: 0.0354 | Cycle: 1.5483 | grad_G: 31.16
Epoch 68/80 | Step 475500 | G: 2.9089 | D_A: 0.0413 | D_B: 0.0266 | Cycle: 1.0928 | grad_G: 34.88
Epoch 68/80 | Step 475550 | G: 2.0926 | D_A: 0.0403 | D_B: 0.0218 | Cycle: 0.7730 | grad_G: 30.63
Epoch 68/80 | Step 475600 | G: 3.6918 | D_A: 0.0953 | D_B: 0.0226 | Cycle: 1.7494 | grad_G: 30.07
Epoch 68/80 | Step 475650 | G: 2.6387 | D_A: 0.1311 | D_B: 0.0430 | Cycle: 1.1743 | grad_G: 19.82
Epoch 68/80 | Step 475700 | G: 2.5930 | D_A: 0.0435 | D_B: 0.0456 | Cycle: 1.1068 | grad_G: 28.35
Epoch 68/80 | Step 475750 | G: 3.1761 | D_A: 0.0732 | D_B: 0.0257 | Cycle: 1.2127 | grad_G: 25.25
Epoch 68/80 | Step 475800 | G: 3.1291 | D_A: 0.0405 | D_B: 0.0294 | Cycle: 1.2641 | grad_G: 30.49
Epoch 68/80 | Step 475850 | G: 2.6329 | D_A: 0.0349 | D_B: 0.0676 | Cycle: 1.0404 | grad_G: 38.79
Epoch 68/80 | Step 475900 | G: 2.9771 | D_A: 0.0375 | D_B: 0.0316 | Cycle: 1.3558 | grad_G: 26.85
Epoch 68/80 | Step 475950 | G: 2.3877 | D_A: 0.1217 | D_B: 0.0456 | Cycle: 0.8074 | grad_G: 38.10
Epoch 68/80 | Step 476000 | G: 3.0583 | D_A: 0.0283 | D_B: 0.0604 | Cycle: 1.4186 | grad_G: 19.89
Epoch 68/80 | Step 476050 | G: 3.0107 | D_A: 0.1033 | D_B: 0.0266 | Cycle: 1.2758 | grad_G: 27.60
Epoch 68/80 | Step 476100 | G: 3.3628 | D_A: 0.0698 | D_B: 0.0230 | Cycle: 1.6552 | grad_G: 28.28
Epoch 68/80 | Step 476150 | G: 2.4506 | D_A: 0.0374 | D_B: 0.0195 | Cycle: 0.9073 | grad_G: 55.08
Epoch 68/80 | Step 476200 | G: 3.1077 | D_A: 0.0330 | D_B: 0.0374 | Cycle: 1.4230 | grad_G: 29.19
Epoch 68/80 | Step 476250 | G: 2.7188 | D_A: 0.0192 | D_B: 0.0205 | Cycle: 0.9678 | grad_G: 24.89
Epoch 68/80 | Step 476300 | G: 2.6677 | D_A: 0.0382 | D_B: 0.1292 | Cycle: 0.8178 | grad_G: 59.70
Epoch 68/80 | Step 476350 | G: 2.3033 | D_A: 0.0392 | D_B: 0.0377 | Cycle: 0.9169 | grad_G: 26.98
Epoch 68/80 | Step 476400 | G: 2.4826 | D_A: 0.1444 | D_B: 0.0220 | Cycle: 1.1349 | grad_G: 24.01
Epoch 68/80 | Step 476450 | G: 2.8996 | D_A: 0.0674 | D_B: 0.0230 | Cycle: 1.1349 | grad_G: 63.45
Epoch 68/80 | Step 476500 | G: 1.9849 | D_A: 0.0442 | D_B: 0.0340 | Cycle: 0.7526 | grad_G: 41.16
Epoch 68/80 | Step 476550 | G: 2.8792 | D_A: 0.0393 | D_B: 0.0242 | Cycle: 0.9856 | grad_G: 25.87
Epoch 68/80 | Step 476600 | G: 2.3187 | D_A: 0.0511 | D_B: 0.0584 | Cycle: 0.9265 | grad_G: 39.30
Epoch 68/80 | Step 476650 | G: 2.9391 | D_A: 0.0198 | D_B: 0.0279 | Cycle: 1.0622 | grad_G: 26.93
Epoch 68/80 | Step 476700 | G: 3.0292 | D_A: 0.0734 | D_B: 0.0354 | Cycle: 1.2657 | grad_G: 30.33
Epoch 68/80 | Step 476750 | G: 2.2820 | D_A: 0.1184 | D_B: 0.1133 | Cycle: 0.7853 | grad_G: 50.78
Epoch 68/80 | Step 476800 | G: 2.8294 | D_A: 0.0395 | D_B: 0.0510 | Cycle: 1.0825 | grad_G: 28.03
Epoch 68/80 | Step 476850 | G: 2.9216 | D_A: 0.0832 | D_B: 0.0230 | Cycle: 1.2595 | grad_G: 17.80
Epoch 68/80 | Step 476900 | G: 2.7641 | D_A: 0.0706 | D_B: 0.0195 | Cycle: 1.1212 | grad_G: 32.09
Epoch 68/80 | Step 476950 | G: 3.0837 | D_A: 0.0944 | D_B: 0.0307 | Cycle: 1.2146 | grad_G: 33.42
Epoch 68/80 | Step 477000 | G: 2.5562 | D_A: 0.0717 | D_B: 0.0322 | Cycle: 1.0599 | grad_G: 44.30
Epoch 68/80 | Step 477050 | G: 3.2458 | D_A: 0.0609 | D_B: 0.0460 | Cycle: 1.1765 | grad_G: 46.53
Epoch 68/80 | Step 477100 | G: 2.3867 | D_A: 0.0541 | D_B: 0.0294 | Cycle: 0.9260 | grad_G: 30.60
Epoch 68/80 | Step 477150 | G: 2.9270 | D_A: 0.0253 | D_B: 0.0321 | Cycle: 1.1059 | grad_G: 21.55
Epoch 68/80 | Step 477200 | G: 2.5892 | D_A: 0.1047 | D_B: 0.0248 | Cycle: 0.9456 | grad_G: 33.80
Epoch 68/80 | Step 477250 | G: 2.8753 | D_A: 0.0473 | D_B: 0.0191 | Cycle: 1.0067 | grad_G: 33.18
Epoch 68/80 | Step 477300 | G: 2.8870 | D_A: 0.0581 | D_B: 0.0288 | Cycle: 1.2182 | grad_G: 31.03
Epoch 68/80 | Step 477350 | G: 2.4258 | D_A: 0.0378 | D_B: 0.0309 | Cycle: 1.0300 | grad_G: 36.68
Epoch 68/80 | Step 477400 | G: 3.2000 | D_A: 0.0454 | D_B: 0.0325 | Cycle: 1.4202 | grad_G: 46.27
Epoch 68/80 | Step 477450 | G: 2.3066 | D_A: 0.0558 | D_B: 0.0216 | Cycle: 0.9744 | grad_G: 41.02
Epoch 68/80 | Step 477500 | G: 2.9138 | D_A: 0.0345 | D_B: 0.0328 | Cycle: 1.2436 | grad_G: 25.58
Epoch 68/80 | Step 477550 | G: 2.8050 | D_A: 0.0813 | D_B: 0.0296 | Cycle: 1.1395 | grad_G: 20.43
Epoch 68/80 | Step 477600 | G: 2.7399 | D_A: 0.0378 | D_B: 0.1070 | Cycle: 1.0455 | grad_G: 46.74
Epoch 68/80 | Step 477650 | G: 3.0252 | D_A: 0.0373 | D_B: 0.0288 | Cycle: 1.2382 | grad_G: 16.30
Epoch 68/80 | Step 477700 | G: 2.8443 | D_A: 0.0556 | D_B: 0.0509 | Cycle: 1.2582 | grad_G: 29.57
Epoch 68/80 | Step 477750 | G: 2.8366 | D_A: 0.0453 | D_B: 0.0255 | Cycle: 0.9289 | grad_G: 35.98
Epoch 68/80 | Step 477800 | G: 3.1410 | D_A: 0.0234 | D_B: 0.0255 | Cycle: 1.3053 | grad_G: 19.34
Epoch 68/80 | Step 477850 | G: 3.2984 | D_A: 0.0216 | D_B: 0.0358 | Cycle: 1.2787 | grad_G: 20.35
Epoch 68/80 | Step 477900 | G: 3.0116 | D_A: 0.0296 | D_B: 0.0264 | Cycle: 1.2605 | grad_G: 33.97
Epoch 68/80 | Step 477950 | G: 2.8198 | D_A: 0.0571 | D_B: 0.0331 | Cycle: 0.9657 | grad_G: 21.16
Epoch 68/80 | Step 478000 | G: 2.9224 | D_A: 0.0291 | D_B: 0.0280 | Cycle: 1.2316 | grad_G: 48.75
Epoch 68/80 | Step 478050 | G: 2.9508 | D_A: 0.0488 | D_B: 0.0453 | Cycle: 0.9939 | grad_G: 32.82
Epoch 68/80 | Step 478100 | G: 2.8352 | D_A: 0.0366 | D_B: 0.0195 | Cycle: 1.0320 | grad_G: 27.73
Epoch 68/80 | Step 478150 | G: 3.2490 | D_A: 0.0341 | D_B: 0.0312 | Cycle: 1.2864 | grad_G: 30.51
Epoch 68/80 | Step 478200 | G: 3.0679 | D_A: 0.0323 | D_B: 0.0407 | Cycle: 1.1965 | grad_G: 33.40
Epoch 68/80 | Step 478250 | G: 3.3612 | D_A: 0.0749 | D_B: 0.0399 | Cycle: 1.4859 | grad_G: 30.46
Epoch 68/80 | Step 478300 | G: 3.1855 | D_A: 0.0308 | D_B: 0.0332 | Cycle: 1.2340 | grad_G: 33.01
Epoch 68/80 | Step 478350 | G: 2.6752 | D_A: 0.0416 | D_B: 0.0474 | Cycle: 0.7926 | grad_G: 39.75
Epoch 68/80 | Step 478400 | G: 2.5386 | D_A: 0.0376 | D_B: 0.0255 | Cycle: 1.1131 | grad_G: 43.42
Epoch 68/80 | Step 478450 | G: 3.2390 | D_A: 0.1618 | D_B: 0.0652 | Cycle: 1.3413 | grad_G: 35.65
Epoch 68/80 | Step 478500 | G: 2.8836 | D_A: 0.0361 | D_B: 0.0344 | Cycle: 0.9896 | grad_G: 43.54
Epoch 68/80 | Step 478550 | G: 2.9285 | D_A: 0.0436 | D_B: 0.0251 | Cycle: 1.1987 | grad_G: 51.79
Epoch 68/80 complete | Time: 444s | Avg G: 2.8314 | Avg D: 0.0504 | grad_G: 35.67
Epoch 69/80 | Step 478600 | G: 2.6523 | D_A: 0.0912 | D_B: 0.0169 | Cycle: 0.9403 | grad_G: 43.25
Epoch 69/80 | Step 478650 | G: 2.5046 | D_A: 0.0236 | D_B: 0.0278 | Cycle: 0.9190 | grad_G: 30.06
Epoch 69/80 | Step 478700 | G: 2.7425 | D_A: 0.0271 | D_B: 0.0388 | Cycle: 1.0579 | grad_G: 54.11
Epoch 69/80 | Step 478750 | G: 2.3451 | D_A: 0.0871 | D_B: 0.0423 | Cycle: 0.8555 | grad_G: 33.52
Epoch 69/80 | Step 478800 | G: 2.4063 | D_A: 0.0375 | D_B: 0.0399 | Cycle: 0.7914 | grad_G: 31.40
Epoch 69/80 | Step 478850 | G: 1.9831 | D_A: 0.0708 | D_B: 0.0594 | Cycle: 0.6441 | grad_G: 28.26
Epoch 69/80 | Step 478900 | G: 3.2313 | D_A: 0.0667 | D_B: 0.0272 | Cycle: 1.3676 | grad_G: 34.99
Epoch 69/80 | Step 478950 | G: 2.6696 | D_A: 0.0379 | D_B: 0.0209 | Cycle: 0.8499 | grad_G: 42.64
Epoch 69/80 | Step 479000 | G: 3.2438 | D_A: 0.0384 | D_B: 0.1320 | Cycle: 1.2642 | grad_G: 23.23
Epoch 69/80 | Step 479050 | G: 3.1220 | D_A: 0.1646 | D_B: 0.0500 | Cycle: 1.1595 | grad_G: 35.67
Epoch 69/80 | Step 479100 | G: 2.4960 | D_A: 0.0309 | D_B: 0.1496 | Cycle: 0.8617 | grad_G: 31.50
Epoch 69/80 | Step 479150 | G: 2.0501 | D_A: 0.0521 | D_B: 0.0877 | Cycle: 0.8020 | grad_G: 31.11
Epoch 69/80 | Step 479200 | G: 2.6714 | D_A: 0.0496 | D_B: 0.0338 | Cycle: 1.1148 | grad_G: 42.62
Epoch 69/80 | Step 479250 | G: 2.8548 | D_A: 0.1245 | D_B: 0.0499 | Cycle: 1.5175 | grad_G: 16.85
Epoch 69/80 | Step 479300 | G: 2.6237 | D_A: 0.0251 | D_B: 0.0405 | Cycle: 1.1559 | grad_G: 27.30
Epoch 69/80 | Step 479350 | G: 2.5190 | D_A: 0.0393 | D_B: 0.0343 | Cycle: 1.0189 | grad_G: 24.03
Epoch 69/80 | Step 479400 | G: 2.9987 | D_A: 0.0872 | D_B: 0.0404 | Cycle: 1.3419 | grad_G: 25.44
Epoch 69/80 | Step 479450 | G: 2.5895 | D_A: 0.0339 | D_B: 0.0179 | Cycle: 1.0284 | grad_G: 55.25
Epoch 69/80 | Step 479500 | G: 2.9078 | D_A: 0.0915 | D_B: 0.0460 | Cycle: 1.4792 | grad_G: 27.86
Epoch 69/80 | Step 479550 | G: 3.1294 | D_A: 0.0637 | D_B: 0.0216 | Cycle: 1.1879 | grad_G: 24.82
Epoch 69/80 | Step 479600 | G: 2.8765 | D_A: 0.0361 | D_B: 0.0174 | Cycle: 1.1332 | grad_G: 27.68
Epoch 69/80 | Step 479650 | G: 2.7386 | D_A: 0.0474 | D_B: 0.1005 | Cycle: 1.1448 | grad_G: 24.22
Epoch 69/80 | Step 479700 | G: 2.5269 | D_A: 0.0562 | D_B: 0.1014 | Cycle: 0.9477 | grad_G: 24.97
Epoch 69/80 | Step 479750 | G: 2.7707 | D_A: 0.0703 | D_B: 0.0323 | Cycle: 1.0434 | grad_G: 44.02
Epoch 69/80 | Step 479800 | G: 2.6142 | D_A: 0.0307 | D_B: 0.0620 | Cycle: 0.8240 | grad_G: 28.37
Epoch 69/80 | Step 479850 | G: 2.0113 | D_A: 0.0902 | D_B: 0.0256 | Cycle: 0.8682 | grad_G: 42.19
Epoch 69/80 | Step 479900 | G: 2.3108 | D_A: 0.0448 | D_B: 0.0758 | Cycle: 1.0399 | grad_G: 18.16
Epoch 69/80 | Step 479950 | G: 3.2143 | D_A: 0.0370 | D_B: 0.0296 | Cycle: 1.2846 | grad_G: 33.47
Epoch 69/80 | Step 480000 | G: 2.2057 | D_A: 0.0809 | D_B: 0.1819 | Cycle: 0.8905 | grad_G: 38.23
Epoch 69/80 | Step 480050 | G: 2.8587 | D_A: 0.0565 | D_B: 0.0182 | Cycle: 1.0786 | grad_G: 32.78
Epoch 69/80 | Step 480100 | G: 2.9751 | D_A: 0.0560 | D_B: 0.0217 | Cycle: 1.1962 | grad_G: 22.50
Epoch 69/80 | Step 480150 | G: 3.0003 | D_A: 0.0286 | D_B: 0.0505 | Cycle: 1.3224 | grad_G: 21.49
Epoch 69/80 | Step 480200 | G: 3.0386 | D_A: 0.0983 | D_B: 0.0361 | Cycle: 0.9380 | grad_G: 27.25
Epoch 69/80 | Step 480250 | G: 2.7329 | D_A: 0.0290 | D_B: 0.0220 | Cycle: 1.0606 | grad_G: 35.04
Epoch 69/80 | Step 480300 | G: 2.8466 | D_A: 0.0354 | D_B: 0.0643 | Cycle: 1.1174 | grad_G: 28.16
Epoch 69/80 | Step 480350 | G: 2.9896 | D_A: 0.0609 | D_B: 0.0268 | Cycle: 1.1705 | grad_G: 31.59
Epoch 69/80 | Step 480400 | G: 2.9514 | D_A: 0.0601 | D_B: 0.0221 | Cycle: 0.9901 | grad_G: 21.87
Epoch 69/80 | Step 480450 | G: 3.2811 | D_A: 0.0212 | D_B: 0.0363 | Cycle: 1.2262 | grad_G: 28.76
Epoch 69/80 | Step 480500 | G: 2.8813 | D_A: 0.0572 | D_B: 0.0249 | Cycle: 1.1142 | grad_G: 36.80
Epoch 69/80 | Step 480550 | G: 2.3227 | D_A: 0.0325 | D_B: 0.1609 | Cycle: 0.7735 | grad_G: 25.41
Epoch 69/80 | Step 480600 | G: 2.6996 | D_A: 0.0249 | D_B: 0.0452 | Cycle: 0.9017 | grad_G: 52.54
Epoch 69/80 | Step 480650 | G: 3.4955 | D_A: 0.0390 | D_B: 0.0243 | Cycle: 1.3874 | grad_G: 23.49
Epoch 69/80 | Step 480700 | G: 3.3124 | D_A: 0.0355 | D_B: 0.0412 | Cycle: 1.4925 | grad_G: 27.55
Epoch 69/80 | Step 480750 | G: 2.8839 | D_A: 0.0608 | D_B: 0.0441 | Cycle: 0.9704 | grad_G: 27.34
Epoch 69/80 | Step 480800 | G: 3.2964 | D_A: 0.0244 | D_B: 0.0213 | Cycle: 1.4504 | grad_G: 30.74
Epoch 69/80 | Step 480850 | G: 2.2176 | D_A: 0.0695 | D_B: 0.0611 | Cycle: 0.8858 | grad_G: 30.64
Epoch 69/80 | Step 480900 | G: 2.8800 | D_A: 0.0551 | D_B: 0.0694 | Cycle: 0.9759 | grad_G: 27.93
Epoch 69/80 | Step 480950 | G: 3.2097 | D_A: 0.0239 | D_B: 0.0188 | Cycle: 1.3245 | grad_G: 30.26
Epoch 69/80 | Step 481000 | G: 2.9580 | D_A: 0.0273 | D_B: 0.0201 | Cycle: 1.1873 | grad_G: 27.22
Epoch 69/80 | Step 481050 | G: 2.8466 | D_A: 0.1541 | D_B: 0.0584 | Cycle: 1.1682 | grad_G: 56.01
Epoch 69/80 | Step 481100 | G: 2.9906 | D_A: 0.0306 | D_B: 0.0410 | Cycle: 0.9795 | grad_G: 44.86
Epoch 69/80 | Step 481150 | G: 2.7787 | D_A: 0.0437 | D_B: 0.0201 | Cycle: 1.1125 | grad_G: 42.44
Epoch 69/80 | Step 481200 | G: 3.2185 | D_A: 0.0405 | D_B: 0.0298 | Cycle: 1.4062 | grad_G: 23.13
Epoch 69/80 | Step 481250 | G: 3.0743 | D_A: 0.0634 | D_B: 0.0223 | Cycle: 1.2689 | grad_G: 34.61
Epoch 69/80 | Step 481300 | G: 3.3451 | D_A: 0.0459 | D_B: 0.0287 | Cycle: 1.2764 | grad_G: 64.72
Epoch 69/80 | Step 481350 | G: 2.7514 | D_A: 0.0540 | D_B: 0.0771 | Cycle: 1.0222 | grad_G: 23.78
Epoch 69/80 | Step 481400 | G: 2.6416 | D_A: 0.1127 | D_B: 0.0322 | Cycle: 1.0559 | grad_G: 22.08
Epoch 69/80 | Step 481450 | G: 2.7728 | D_A: 0.0828 | D_B: 0.0273 | Cycle: 1.1413 | grad_G: 39.50
Epoch 69/80 | Step 481500 | G: 3.1863 | D_A: 0.0689 | D_B: 0.1298 | Cycle: 0.8145 | grad_G: 119.95
Epoch 69/80 | Step 481550 | G: 2.8808 | D_A: 0.0556 | D_B: 0.0832 | Cycle: 1.0586 | grad_G: 30.37
Epoch 69/80 | Step 481600 | G: 2.4379 | D_A: 0.1041 | D_B: 0.0565 | Cycle: 1.1026 | grad_G: 30.80
Epoch 69/80 | Step 481650 | G: 2.4827 | D_A: 0.0889 | D_B: 0.0606 | Cycle: 0.7889 | grad_G: 22.90
Epoch 69/80 | Step 481700 | G: 2.8811 | D_A: 0.0489 | D_B: 0.0541 | Cycle: 1.2752 | grad_G: 30.87
Epoch 69/80 | Step 481750 | G: 2.8269 | D_A: 0.0356 | D_B: 0.0606 | Cycle: 1.0713 | grad_G: 55.13
Epoch 69/80 | Step 481800 | G: 2.2247 | D_A: 0.1072 | D_B: 0.0455 | Cycle: 0.8467 | grad_G: 16.44
Epoch 69/80 | Step 481850 | G: 2.1992 | D_A: 0.0611 | D_B: 0.0635 | Cycle: 0.8520 | grad_G: 34.78
Epoch 69/80 | Step 481900 | G: 3.0456 | D_A: 0.0808 | D_B: 0.0374 | Cycle: 1.3636 | grad_G: 30.46
Epoch 69/80 | Step 481950 | G: 2.7323 | D_A: 0.0291 | D_B: 0.0253 | Cycle: 1.2252 | grad_G: 27.08
Epoch 69/80 | Step 482000 | G: 2.2156 | D_A: 0.0596 | D_B: 0.0672 | Cycle: 1.0361 | grad_G: 22.61
Epoch 69/80 | Step 482050 | G: 2.9728 | D_A: 0.0367 | D_B: 0.0398 | Cycle: 1.2785 | grad_G: 23.65
Epoch 69/80 | Step 482100 | G: 2.4412 | D_A: 0.1369 | D_B: 0.0296 | Cycle: 0.8886 | grad_G: 26.22
Epoch 69/80 | Step 482150 | G: 3.1425 | D_A: 0.1012 | D_B: 0.0177 | Cycle: 1.2134 | grad_G: 42.14
Epoch 69/80 | Step 482200 | G: 3.2062 | D_A: 0.0238 | D_B: 0.0245 | Cycle: 1.0970 | grad_G: 33.94
Epoch 69/80 | Step 482250 | G: 2.8837 | D_A: 0.0606 | D_B: 0.0910 | Cycle: 0.9872 | grad_G: 43.13
Epoch 69/80 | Step 482300 | G: 2.8030 | D_A: 0.0671 | D_B: 0.0181 | Cycle: 1.1891 | grad_G: 30.83
Epoch 69/80 | Step 482350 | G: 3.0047 | D_A: 0.0466 | D_B: 0.0733 | Cycle: 1.2010 | grad_G: 38.45
Epoch 69/80 | Step 482400 | G: 2.9972 | D_A: 0.0315 | D_B: 0.1345 | Cycle: 1.0619 | grad_G: 33.72
Epoch 69/80 | Step 482450 | G: 3.0475 | D_A: 0.0754 | D_B: 0.0197 | Cycle: 1.2423 | grad_G: 44.10
Epoch 69/80 | Step 482500 | G: 2.0713 | D_A: 0.0871 | D_B: 0.0888 | Cycle: 0.8634 | grad_G: 37.01
Epoch 69/80 | Step 482550 | G: 3.1621 | D_A: 0.0315 | D_B: 0.1110 | Cycle: 1.0407 | grad_G: 31.83
Epoch 69/80 | Step 482600 | G: 2.9486 | D_A: 0.1083 | D_B: 0.0201 | Cycle: 1.0865 | grad_G: 30.32
Epoch 69/80 | Step 482650 | G: 2.4455 | D_A: 0.0352 | D_B: 0.0651 | Cycle: 0.7819 | grad_G: 27.93
Epoch 69/80 | Step 482700 | G: 2.9167 | D_A: 0.0193 | D_B: 0.0398 | Cycle: 1.3922 | grad_G: 49.48
Epoch 69/80 | Step 482750 | G: 2.8593 | D_A: 0.0750 | D_B: 0.0673 | Cycle: 1.0822 | grad_G: 31.50
Epoch 69/80 | Step 482800 | G: 2.3029 | D_A: 0.0323 | D_B: 0.0631 | Cycle: 0.8371 | grad_G: 34.93
Epoch 69/80 | Step 482850 | G: 2.6005 | D_A: 0.0378 | D_B: 0.0248 | Cycle: 1.0824 | grad_G: 26.91
Epoch 69/80 | Step 482900 | G: 2.5900 | D_A: 0.0682 | D_B: 0.0557 | Cycle: 0.9258 | grad_G: 27.42
Epoch 69/80 | Step 482950 | G: 2.5341 | D_A: 0.1427 | D_B: 0.1075 | Cycle: 0.8577 | grad_G: 35.82
Epoch 69/80 | Step 483000 | G: 3.3508 | D_A: 0.0333 | D_B: 0.0280 | Cycle: 1.0840 | grad_G: 47.82
Epoch 69/80 | Step 483050 | G: 2.9336 | D_A: 0.0313 | D_B: 0.0422 | Cycle: 0.9823 | grad_G: 41.90
Epoch 69/80 | Step 483100 | G: 3.3199 | D_A: 0.0696 | D_B: 0.0312 | Cycle: 1.4445 | grad_G: 26.94
Epoch 69/80 | Step 483150 | G: 2.8604 | D_A: 0.0644 | D_B: 0.1678 | Cycle: 1.1391 | grad_G: 27.87
Epoch 69/80 | Step 483200 | G: 3.0323 | D_A: 0.0407 | D_B: 0.0213 | Cycle: 1.2303 | grad_G: 24.80
Epoch 69/80 | Step 483250 | G: 3.1073 | D_A: 0.0269 | D_B: 0.0267 | Cycle: 1.4411 | grad_G: 24.96
Epoch 69/80 | Step 483300 | G: 2.6752 | D_A: 0.0287 | D_B: 0.0223 | Cycle: 1.1821 | grad_G: 47.09
Epoch 69/80 | Step 483350 | G: 2.6408 | D_A: 0.0304 | D_B: 0.0267 | Cycle: 0.9915 | grad_G: 29.00
Epoch 69/80 | Step 483400 | G: 2.5089 | D_A: 0.0685 | D_B: 0.1647 | Cycle: 1.0257 | grad_G: 46.30
Epoch 69/80 | Step 483450 | G: 3.2938 | D_A: 0.0241 | D_B: 0.0475 | Cycle: 1.1549 | grad_G: 59.61
Epoch 69/80 | Step 483500 | G: 2.8575 | D_A: 0.1270 | D_B: 0.0335 | Cycle: 1.1121 | grad_G: 30.95
Epoch 69/80 | Step 483550 | G: 2.9114 | D_A: 0.1114 | D_B: 0.0349 | Cycle: 1.2381 | grad_G: 31.11
Epoch 69/80 | Step 483600 | G: 2.8798 | D_A: 0.0389 | D_B: 0.0281 | Cycle: 1.1249 | grad_G: 22.57
Epoch 69/80 | Step 483650 | G: 3.4030 | D_A: 0.1372 | D_B: 0.0284 | Cycle: 1.7967 | grad_G: 26.91
Epoch 69/80 | Step 483700 | G: 2.5971 | D_A: 0.0985 | D_B: 0.0533 | Cycle: 1.1494 | grad_G: 34.17
Epoch 69/80 | Step 483750 | G: 2.7343 | D_A: 0.1119 | D_B: 0.0290 | Cycle: 0.9684 | grad_G: 45.61
Epoch 69/80 | Step 483800 | G: 2.5240 | D_A: 0.1013 | D_B: 0.0550 | Cycle: 0.8154 | grad_G: 33.58
Epoch 69/80 | Step 483850 | G: 2.3107 | D_A: 0.0513 | D_B: 0.0656 | Cycle: 1.0216 | grad_G: 38.98
Epoch 69/80 | Step 483900 | G: 2.6237 | D_A: 0.0741 | D_B: 0.0364 | Cycle: 1.1755 | grad_G: 17.10
Epoch 69/80 | Step 483950 | G: 2.9090 | D_A: 0.0289 | D_B: 0.0348 | Cycle: 0.9710 | grad_G: 34.65
Epoch 69/80 | Step 484000 | G: 2.1432 | D_A: 0.0630 | D_B: 0.0392 | Cycle: 0.8627 | grad_G: 51.04
Epoch 69/80 | Step 484050 | G: 3.5420 | D_A: 0.0468 | D_B: 0.0384 | Cycle: 1.7695 | grad_G: 33.83
Epoch 69/80 | Step 484100 | G: 2.5401 | D_A: 0.0487 | D_B: 0.1337 | Cycle: 0.7220 | grad_G: 34.73
Epoch 69/80 | Step 484150 | G: 2.8167 | D_A: 0.1125 | D_B: 0.0695 | Cycle: 0.9626 | grad_G: 27.31
Epoch 69/80 | Step 484200 | G: 2.0207 | D_A: 0.0304 | D_B: 0.1517 | Cycle: 0.6877 | grad_G: 25.19
Epoch 69/80 | Step 484250 | G: 2.5353 | D_A: 0.0468 | D_B: 0.0311 | Cycle: 0.8758 | grad_G: 22.05
Epoch 69/80 | Step 484300 | G: 2.3360 | D_A: 0.0203 | D_B: 0.0373 | Cycle: 0.8858 | grad_G: 51.00
Epoch 69/80 | Step 484350 | G: 2.2454 | D_A: 0.1203 | D_B: 0.0411 | Cycle: 0.9459 | grad_G: 43.67
Epoch 69/80 | Step 484400 | G: 2.8460 | D_A: 0.0422 | D_B: 0.0316 | Cycle: 1.0440 | grad_G: 35.40
Epoch 69/80 | Step 484450 | G: 2.7003 | D_A: 0.0247 | D_B: 0.0348 | Cycle: 1.0999 | grad_G: 54.10
Epoch 69/80 | Step 484500 | G: 2.4436 | D_A: 0.0320 | D_B: 0.0387 | Cycle: 0.9776 | grad_G: 29.60
Epoch 69/80 | Step 484550 | G: 3.2724 | D_A: 0.0257 | D_B: 0.0246 | Cycle: 1.1953 | grad_G: 26.17
Epoch 69/80 | Step 484600 | G: 3.1736 | D_A: 0.0390 | D_B: 0.0300 | Cycle: 1.4851 | grad_G: 32.10
Epoch 69/80 | Step 484650 | G: 2.8288 | D_A: 0.0429 | D_B: 0.0279 | Cycle: 0.9795 | grad_G: 44.65
Epoch 69/80 | Step 484700 | G: 3.3205 | D_A: 0.0931 | D_B: 0.0261 | Cycle: 1.3967 | grad_G: 59.68
Epoch 69/80 | Step 484750 | G: 2.9289 | D_A: 0.0960 | D_B: 0.0350 | Cycle: 0.8451 | grad_G: 67.39
Epoch 69/80 | Step 484800 | G: 3.1255 | D_A: 0.0671 | D_B: 0.0502 | Cycle: 1.4001 | grad_G: 30.21
Epoch 69/80 | Step 484850 | G: 3.0353 | D_A: 0.0386 | D_B: 0.0670 | Cycle: 1.1521 | grad_G: 34.08
Epoch 69/80 | Step 484900 | G: 3.3108 | D_A: 0.0385 | D_B: 0.0477 | Cycle: 1.5132 | grad_G: 33.37
Epoch 69/80 | Step 484950 | G: 2.8846 | D_A: 0.0816 | D_B: 0.0240 | Cycle: 0.9953 | grad_G: 39.83
Epoch 69/80 | Step 485000 | G: 2.1906 | D_A: 0.0254 | D_B: 0.0246 | Cycle: 0.8438 | grad_G: 40.67
Epoch 69/80 | Step 485050 | G: 3.2163 | D_A: 0.0946 | D_B: 0.0388 | Cycle: 1.3336 | grad_G: 28.54
Epoch 69/80 | Step 485100 | G: 2.3478 | D_A: 0.0555 | D_B: 0.0298 | Cycle: 1.0949 | grad_G: 25.42
Epoch 69/80 | Step 485150 | G: 3.3284 | D_A: 0.0718 | D_B: 0.0260 | Cycle: 1.0858 | grad_G: 37.00
Epoch 69/80 | Step 485200 | G: 2.3755 | D_A: 0.0715 | D_B: 0.0363 | Cycle: 0.6675 | grad_G: 50.68
Epoch 69/80 | Step 485250 | G: 2.9092 | D_A: 0.0350 | D_B: 0.0276 | Cycle: 0.9381 | grad_G: 28.01
Epoch 69/80 | Step 485300 | G: 3.3755 | D_A: 0.0471 | D_B: 0.0302 | Cycle: 1.4982 | grad_G: 28.01
Epoch 69/80 | Step 485350 | G: 2.8025 | D_A: 0.1080 | D_B: 0.0500 | Cycle: 1.1102 | grad_G: 28.90
Epoch 69/80 | Step 485400 | G: 2.2018 | D_A: 0.1120 | D_B: 0.0421 | Cycle: 1.1973 | grad_G: 29.42
Epoch 69/80 | Step 485450 | G: 2.9437 | D_A: 0.0329 | D_B: 0.1162 | Cycle: 0.9977 | grad_G: 34.67
Epoch 69/80 | Step 485500 | G: 2.9430 | D_A: 0.0428 | D_B: 0.0231 | Cycle: 1.0996 | grad_G: 34.93
Epoch 69/80 | Step 485550 | G: 2.6039 | D_A: 0.0228 | D_B: 0.1228 | Cycle: 0.9415 | grad_G: 39.25
Epoch 69/80 | Step 485600 | G: 2.6005 | D_A: 0.0603 | D_B: 0.0328 | Cycle: 1.0133 | grad_G: 30.24
Epoch 69/80 complete | Time: 470s | Avg G: 2.8280 | Avg D: 0.0505 | grad_G: 34.29
Epoch 70/80 | Step 485650 | G: 3.1370 | D_A: 0.0275 | D_B: 0.0650 | Cycle: 1.2493 | grad_G: 27.23
Epoch 70/80 | Step 485700 | G: 2.7851 | D_A: 0.0548 | D_B: 0.0377 | Cycle: 1.1386 | grad_G: 26.33
Epoch 70/80 | Step 485750 | G: 3.0372 | D_A: 0.0556 | D_B: 0.0585 | Cycle: 1.1764 | grad_G: 21.12
Epoch 70/80 | Step 485800 | G: 2.6316 | D_A: 0.0666 | D_B: 0.0626 | Cycle: 1.1554 | grad_G: 32.48
Epoch 70/80 | Step 485850 | G: 2.9599 | D_A: 0.0819 | D_B: 0.0276 | Cycle: 1.2183 | grad_G: 46.44
Epoch 70/80 | Step 485900 | G: 3.0228 | D_A: 0.0311 | D_B: 0.0326 | Cycle: 1.0436 | grad_G: 29.84
Epoch 70/80 | Step 485950 | G: 2.5022 | D_A: 0.0594 | D_B: 0.0309 | Cycle: 0.8847 | grad_G: 26.32
Epoch 70/80 | Step 486000 | G: 2.6180 | D_A: 0.1345 | D_B: 0.0544 | Cycle: 1.1251 | grad_G: 31.64
Epoch 70/80 | Step 486050 | G: 3.1249 | D_A: 0.0736 | D_B: 0.0302 | Cycle: 1.4578 | grad_G: 20.37
Epoch 70/80 | Step 486100 | G: 2.8449 | D_A: 0.0262 | D_B: 0.0662 | Cycle: 1.0940 | grad_G: 34.02
Epoch 70/80 | Step 486150 | G: 2.2970 | D_A: 0.0438 | D_B: 0.1541 | Cycle: 0.8484 | grad_G: 33.74
Epoch 70/80 | Step 486200 | G: 2.6941 | D_A: 0.0540 | D_B: 0.0416 | Cycle: 1.2263 | grad_G: 29.14
Epoch 70/80 | Step 486250 | G: 1.8375 | D_A: 0.0816 | D_B: 0.0940 | Cycle: 0.7758 | grad_G: 36.63
Epoch 70/80 | Step 486300 | G: 3.2643 | D_A: 0.0367 | D_B: 0.0291 | Cycle: 1.3530 | grad_G: 30.70
Epoch 70/80 | Step 486350 | G: 2.2120 | D_A: 0.0362 | D_B: 0.0328 | Cycle: 0.9251 | grad_G: 35.97
Epoch 70/80 | Step 486400 | G: 2.3020 | D_A: 0.0230 | D_B: 0.0307 | Cycle: 0.9250 | grad_G: 30.98
Epoch 70/80 | Step 486450 | G: 2.7664 | D_A: 0.1078 | D_B: 0.0773 | Cycle: 0.9369 | grad_G: 42.18
Epoch 70/80 | Step 486500 | G: 2.6839 | D_A: 0.0191 | D_B: 0.0448 | Cycle: 1.2074 | grad_G: 29.30
Epoch 70/80 | Step 486550 | G: 3.0929 | D_A: 0.0770 | D_B: 0.0657 | Cycle: 1.1829 | grad_G: 25.48
Epoch 70/80 | Step 486600 | G: 2.5298 | D_A: 0.0693 | D_B: 0.0810 | Cycle: 0.8766 | grad_G: 30.01
Epoch 70/80 | Step 486650 | G: 2.9693 | D_A: 0.0413 | D_B: 0.0194 | Cycle: 1.0293 | grad_G: 37.92
Epoch 70/80 | Step 486700 | G: 2.8133 | D_A: 0.0372 | D_B: 0.0268 | Cycle: 1.0595 | grad_G: 31.29
Epoch 70/80 | Step 486750 | G: 2.7181 | D_A: 0.0228 | D_B: 0.0300 | Cycle: 0.7726 | grad_G: 38.83
Epoch 70/80 | Step 486800 | G: 2.3095 | D_A: 0.0314 | D_B: 0.0477 | Cycle: 0.8520 | grad_G: 26.88
Epoch 70/80 | Step 486850 | G: 3.0538 | D_A: 0.0428 | D_B: 0.0344 | Cycle: 0.9897 | grad_G: 50.62
Epoch 70/80 | Step 486900 | G: 2.4445 | D_A: 0.1325 | D_B: 0.0259 | Cycle: 0.9882 | grad_G: 32.56
Epoch 70/80 | Step 486950 | G: 2.7209 | D_A: 0.0229 | D_B: 0.0289 | Cycle: 1.1761 | grad_G: 40.03
Epoch 70/80 | Step 487000 | G: 2.7477 | D_A: 0.0460 | D_B: 0.0276 | Cycle: 1.0438 | grad_G: 41.73
Epoch 70/80 | Step 487050 | G: 2.5654 | D_A: 0.1216 | D_B: 0.0288 | Cycle: 1.3255 | grad_G: 20.35
Epoch 70/80 | Step 487100 | G: 3.3355 | D_A: 0.0429 | D_B: 0.0448 | Cycle: 1.1616 | grad_G: 31.96
Epoch 70/80 | Step 487150 | G: 2.9919 | D_A: 0.0334 | D_B: 0.0263 | Cycle: 1.1310 | grad_G: 27.14
Epoch 70/80 | Step 487200 | G: 2.4034 | D_A: 0.0376 | D_B: 0.0462 | Cycle: 0.9086 | grad_G: 43.41
Epoch 70/80 | Step 487250 | G: 3.2359 | D_A: 0.0286 | D_B: 0.0391 | Cycle: 1.2201 | grad_G: 31.56
Epoch 70/80 | Step 487300 | G: 2.5868 | D_A: 0.0794 | D_B: 0.0532 | Cycle: 0.9948 | grad_G: 43.62
Epoch 70/80 | Step 487350 | G: 3.4557 | D_A: 0.0256 | D_B: 0.0308 | Cycle: 1.5110 | grad_G: 25.62
Epoch 70/80 | Step 487400 | G: 2.8881 | D_A: 0.0349 | D_B: 0.0222 | Cycle: 1.1114 | grad_G: 37.23
Epoch 70/80 | Step 487450 | G: 2.6536 | D_A: 0.0540 | D_B: 0.0434 | Cycle: 1.0624 | grad_G: 25.29
Epoch 70/80 | Step 487500 | G: 2.5094 | D_A: 0.0241 | D_B: 0.0191 | Cycle: 0.8740 | grad_G: 36.69
Epoch 70/80 | Step 487550 | G: 3.1158 | D_A: 0.2085 | D_B: 0.0244 | Cycle: 0.9776 | grad_G: 36.15
Epoch 70/80 | Step 487600 | G: 2.1676 | D_A: 0.0751 | D_B: 0.0205 | Cycle: 0.9214 | grad_G: 18.47
Epoch 70/80 | Step 487650 | G: 3.0719 | D_A: 0.1004 | D_B: 0.0472 | Cycle: 1.2388 | grad_G: 19.70
Epoch 70/80 | Step 487700 | G: 2.1968 | D_A: 0.0275 | D_B: 0.0387 | Cycle: 0.9662 | grad_G: 23.32
Epoch 70/80 | Step 487750 | G: 3.0012 | D_A: 0.0479 | D_B: 0.0262 | Cycle: 1.4151 | grad_G: 39.63
Epoch 70/80 | Step 487800 | G: 3.0544 | D_A: 0.0636 | D_B: 0.0507 | Cycle: 1.2692 | grad_G: 20.26
Epoch 70/80 | Step 487850 | G: 2.7655 | D_A: 0.0734 | D_B: 0.0252 | Cycle: 1.0183 | grad_G: 25.78
Epoch 70/80 | Step 487900 | G: 2.6421 | D_A: 0.0334 | D_B: 0.0246 | Cycle: 1.0039 | grad_G: 44.74
Epoch 70/80 | Step 487950 | G: 2.4565 | D_A: 0.0353 | D_B: 0.0585 | Cycle: 0.8207 | grad_G: 28.95
Epoch 70/80 | Step 488000 | G: 2.5554 | D_A: 0.0221 | D_B: 0.0986 | Cycle: 0.9326 | grad_G: 32.76
Epoch 70/80 | Step 488050 | G: 2.6257 | D_A: 0.0241 | D_B: 0.0341 | Cycle: 0.9395 | grad_G: 22.55
Epoch 70/80 | Step 488100 | G: 2.7523 | D_A: 0.0536 | D_B: 0.0510 | Cycle: 1.0355 | grad_G: 28.52
Epoch 70/80 | Step 488150 | G: 2.8802 | D_A: 0.0402 | D_B: 0.0168 | Cycle: 1.1357 | grad_G: 24.77
Epoch 70/80 | Step 488200 | G: 2.6324 | D_A: 0.0316 | D_B: 0.0410 | Cycle: 1.0241 | grad_G: 35.92
Epoch 70/80 | Step 488250 | G: 3.2810 | D_A: 0.0448 | D_B: 0.0466 | Cycle: 1.5455 | grad_G: 42.14
Epoch 70/80 | Step 488300 | G: 2.8143 | D_A: 0.0469 | D_B: 0.0452 | Cycle: 1.3001 | grad_G: 26.83
Epoch 70/80 | Step 488350 | G: 2.4166 | D_A: 0.0524 | D_B: 0.0371 | Cycle: 0.9740 | grad_G: 50.97
Epoch 70/80 | Step 488400 | G: 2.5457 | D_A: 0.0735 | D_B: 0.0235 | Cycle: 0.9163 | grad_G: 37.35
Epoch 70/80 | Step 488450 | G: 2.8146 | D_A: 0.0344 | D_B: 0.0320 | Cycle: 1.1882 | grad_G: 31.16
Epoch 70/80 | Step 488500 | G: 2.9203 | D_A: 0.0354 | D_B: 0.0438 | Cycle: 1.1326 | grad_G: 24.76
Epoch 70/80 | Step 488550 | G: 2.3356 | D_A: 0.0419 | D_B: 0.0558 | Cycle: 0.7506 | grad_G: 38.73
Epoch 70/80 | Step 488600 | G: 2.8170 | D_A: 0.0924 | D_B: 0.1085 | Cycle: 1.1077 | grad_G: 54.89
Epoch 70/80 | Step 488650 | G: 2.7991 | D_A: 0.0273 | D_B: 0.0458 | Cycle: 1.1362 | grad_G: 31.58
Epoch 70/80 | Step 488700 | G: 3.1769 | D_A: 0.0542 | D_B: 0.0522 | Cycle: 1.5482 | grad_G: 23.42
Epoch 70/80 | Step 488750 | G: 2.9975 | D_A: 0.0357 | D_B: 0.0299 | Cycle: 1.0939 | grad_G: 28.36
Epoch 70/80 | Step 488800 | G: 2.5579 | D_A: 0.0890 | D_B: 0.0271 | Cycle: 0.8906 | grad_G: 34.46
Epoch 70/80 | Step 488850 | G: 2.6488 | D_A: 0.0321 | D_B: 0.0217 | Cycle: 1.0333 | grad_G: 29.04
Epoch 70/80 | Step 488900 | G: 3.0710 | D_A: 0.0853 | D_B: 0.0203 | Cycle: 1.2616 | grad_G: 23.73
Epoch 70/80 | Step 488950 | G: 2.1251 | D_A: 0.0500 | D_B: 0.0481 | Cycle: 0.7908 | grad_G: 24.74
Epoch 70/80 | Step 489000 | G: 2.9779 | D_A: 0.0390 | D_B: 0.0202 | Cycle: 1.2869 | grad_G: 19.41
Epoch 70/80 | Step 489050 | G: 2.8087 | D_A: 0.1316 | D_B: 0.0763 | Cycle: 0.8951 | grad_G: 42.59
Epoch 70/80 | Step 489100 | G: 3.0747 | D_A: 0.0295 | D_B: 0.0311 | Cycle: 1.2543 | grad_G: 33.70
Epoch 70/80 | Step 489150 | G: 3.3911 | D_A: 0.0404 | D_B: 0.0293 | Cycle: 1.5009 | grad_G: 30.66
Epoch 70/80 | Step 489200 | G: 2.8157 | D_A: 0.0287 | D_B: 0.0451 | Cycle: 1.1627 | grad_G: 25.27
Epoch 70/80 | Step 489250 | G: 2.5962 | D_A: 0.0553 | D_B: 0.0210 | Cycle: 0.9739 | grad_G: 32.71
Epoch 70/80 | Step 489300 | G: 3.0047 | D_A: 0.0651 | D_B: 0.1079 | Cycle: 1.0234 | grad_G: 27.07
Epoch 70/80 | Step 489350 | G: 2.7046 | D_A: 0.0725 | D_B: 0.0267 | Cycle: 0.8752 | grad_G: 41.77
Epoch 70/80 | Step 489400 | G: 3.4491 | D_A: 0.0297 | D_B: 0.0346 | Cycle: 1.3309 | grad_G: 45.39
Epoch 70/80 | Step 489450 | G: 3.6110 | D_A: 0.0578 | D_B: 0.0167 | Cycle: 1.5107 | grad_G: 28.95
Epoch 70/80 | Step 489500 | G: 3.1013 | D_A: 0.0712 | D_B: 0.0173 | Cycle: 1.2547 | grad_G: 22.06
Epoch 70/80 | Step 489550 | G: 2.2807 | D_A: 0.1423 | D_B: 0.0710 | Cycle: 0.7529 | grad_G: 33.84
Epoch 70/80 | Step 489600 | G: 2.5581 | D_A: 0.1863 | D_B: 0.0237 | Cycle: 1.0595 | grad_G: 22.87
Epoch 70/80 | Step 489650 | G: 2.6164 | D_A: 0.0259 | D_B: 0.0435 | Cycle: 1.1655 | grad_G: 20.84
Epoch 70/80 | Step 489700 | G: 3.5395 | D_A: 0.0393 | D_B: 0.0460 | Cycle: 1.3771 | grad_G: 34.50
Epoch 70/80 | Step 489750 | G: 3.3165 | D_A: 0.0956 | D_B: 0.0279 | Cycle: 1.8445 | grad_G: 28.37
Epoch 70/80 | Step 489800 | G: 3.4144 | D_A: 0.1173 | D_B: 0.0387 | Cycle: 1.1172 | grad_G: 32.46
Epoch 70/80 | Step 489850 | G: 3.0846 | D_A: 0.0546 | D_B: 0.0223 | Cycle: 1.2400 | grad_G: 31.07
Epoch 70/80 | Step 489900 | G: 3.1337 | D_A: 0.0377 | D_B: 0.0515 | Cycle: 1.1909 | grad_G: 26.82
Epoch 70/80 | Step 489950 | G: 2.6376 | D_A: 0.0315 | D_B: 0.0386 | Cycle: 1.0046 | grad_G: 29.46
Epoch 70/80 | Step 490000 | G: 2.8203 | D_A: 0.0387 | D_B: 0.0319 | Cycle: 1.0149 | grad_G: 38.38
Epoch 70/80 | Step 490050 | G: 2.8202 | D_A: 0.0281 | D_B: 0.0383 | Cycle: 1.4050 | grad_G: 29.84
Epoch 70/80 | Step 490100 | G: 2.8762 | D_A: 0.0364 | D_B: 0.0609 | Cycle: 1.1629 | grad_G: 18.37
Epoch 70/80 | Step 490150 | G: 2.6083 | D_A: 0.0892 | D_B: 0.0410 | Cycle: 0.9936 | grad_G: 30.12
Epoch 70/80 | Step 490200 | G: 3.1729 | D_A: 0.0249 | D_B: 0.1035 | Cycle: 0.9848 | grad_G: 30.96
Epoch 70/80 | Step 490250 | G: 2.3494 | D_A: 0.0650 | D_B: 0.0379 | Cycle: 0.9315 | grad_G: 48.27
Epoch 70/80 | Step 490300 | G: 2.6899 | D_A: 0.0519 | D_B: 0.1177 | Cycle: 0.9248 | grad_G: 26.61
Epoch 70/80 | Step 490350 | G: 2.3371 | D_A: 0.1992 | D_B: 0.0549 | Cycle: 0.7376 | grad_G: 25.11
Epoch 70/80 | Step 490400 | G: 2.4351 | D_A: 0.0556 | D_B: 0.0218 | Cycle: 0.9695 | grad_G: 30.33
Epoch 70/80 | Step 490450 | G: 2.9589 | D_A: 0.0830 | D_B: 0.0234 | Cycle: 1.2325 | grad_G: 23.13
Epoch 70/80 | Step 490500 | G: 3.0694 | D_A: 0.0232 | D_B: 0.0420 | Cycle: 1.2511 | grad_G: 45.91
Epoch 70/80 | Step 490550 | G: 2.6986 | D_A: 0.0546 | D_B: 0.0414 | Cycle: 1.0985 | grad_G: 33.71
Epoch 70/80 | Step 490600 | G: 3.0435 | D_A: 0.0253 | D_B: 0.0328 | Cycle: 1.2308 | grad_G: 38.81
Epoch 70/80 | Step 490650 | G: 3.6415 | D_A: 0.0377 | D_B: 0.0281 | Cycle: 1.1368 | grad_G: 41.34
Epoch 70/80 | Step 490700 | G: 2.6580 | D_A: 0.0309 | D_B: 0.0303 | Cycle: 0.8900 | grad_G: 44.37
Epoch 70/80 | Step 490750 | G: 2.7069 | D_A: 0.0233 | D_B: 0.0451 | Cycle: 1.0322 | grad_G: 29.90
Epoch 70/80 | Step 490800 | G: 3.0085 | D_A: 0.0313 | D_B: 0.0335 | Cycle: 0.9718 | grad_G: 38.03
Epoch 70/80 | Step 490850 | G: 2.5519 | D_A: 0.0545 | D_B: 0.0686 | Cycle: 1.0848 | grad_G: 17.59
Epoch 70/80 | Step 490900 | G: 2.8355 | D_A: 0.0330 | D_B: 0.0250 | Cycle: 1.1265 | grad_G: 35.92
Epoch 70/80 | Step 490950 | G: 2.4735 | D_A: 0.0574 | D_B: 0.0290 | Cycle: 0.9818 | grad_G: 30.51
Epoch 70/80 | Step 491000 | G: 2.7115 | D_A: 0.0243 | D_B: 0.0598 | Cycle: 1.1343 | grad_G: 32.04
Epoch 70/80 | Step 491050 | G: 3.3132 | D_A: 0.0385 | D_B: 0.0335 | Cycle: 1.1899 | grad_G: 49.39
Epoch 70/80 | Step 491100 | G: 2.2633 | D_A: 0.0494 | D_B: 0.0818 | Cycle: 0.7656 | grad_G: 42.02
Epoch 70/80 | Step 491150 | G: 3.3694 | D_A: 0.0612 | D_B: 0.0352 | Cycle: 1.2767 | grad_G: 28.25
Epoch 70/80 | Step 491200 | G: 2.9909 | D_A: 0.0761 | D_B: 0.0268 | Cycle: 1.0859 | grad_G: 25.47
Epoch 70/80 | Step 491250 | G: 3.1383 | D_A: 0.0421 | D_B: 0.0227 | Cycle: 1.1910 | grad_G: 40.54
Epoch 70/80 | Step 491300 | G: 3.6963 | D_A: 0.0311 | D_B: 0.0204 | Cycle: 1.6051 | grad_G: 21.38
Epoch 70/80 | Step 491350 | G: 2.7510 | D_A: 0.0333 | D_B: 0.0179 | Cycle: 1.1301 | grad_G: 23.25
Epoch 70/80 | Step 491400 | G: 3.0909 | D_A: 0.0340 | D_B: 0.0510 | Cycle: 1.1933 | grad_G: 27.75
Epoch 70/80 | Step 491450 | G: 2.5524 | D_A: 0.0260 | D_B: 0.0416 | Cycle: 1.1069 | grad_G: 27.70
Epoch 70/80 | Step 491500 | G: 2.9759 | D_A: 0.0354 | D_B: 0.0236 | Cycle: 1.2173 | grad_G: 42.52
Epoch 70/80 | Step 491550 | G: 2.9650 | D_A: 0.0337 | D_B: 0.0347 | Cycle: 1.3107 | grad_G: 34.04
Epoch 70/80 | Step 491600 | G: 2.7587 | D_A: 0.0793 | D_B: 0.0310 | Cycle: 1.1174 | grad_G: 27.91
Epoch 70/80 | Step 491650 | G: 2.6509 | D_A: 0.0478 | D_B: 0.0229 | Cycle: 0.9528 | grad_G: 24.28
Epoch 70/80 | Step 491700 | G: 3.2802 | D_A: 0.0172 | D_B: 0.0454 | Cycle: 1.1520 | grad_G: 32.92
Epoch 70/80 | Step 491750 | G: 2.3761 | D_A: 0.1673 | D_B: 0.0430 | Cycle: 0.7724 | grad_G: 31.10
Epoch 70/80 | Step 491800 | G: 3.1709 | D_A: 0.0602 | D_B: 0.1046 | Cycle: 1.1098 | grad_G: 27.10
Epoch 70/80 | Step 491850 | G: 2.1875 | D_A: 0.1136 | D_B: 0.1023 | Cycle: 0.7280 | grad_G: 46.07
Epoch 70/80 | Step 491900 | G: 2.7375 | D_A: 0.0387 | D_B: 0.0344 | Cycle: 0.8616 | grad_G: 35.07
Epoch 70/80 | Step 491950 | G: 2.7336 | D_A: 0.0309 | D_B: 0.0212 | Cycle: 1.0165 | grad_G: 31.07
Epoch 70/80 | Step 492000 | G: 2.8364 | D_A: 0.0204 | D_B: 0.0374 | Cycle: 1.0993 | grad_G: 52.88
Epoch 70/80 | Step 492050 | G: 2.9375 | D_A: 0.0339 | D_B: 0.1025 | Cycle: 0.8385 | grad_G: 35.93
Epoch 70/80 | Step 492100 | G: 2.5841 | D_A: 0.0193 | D_B: 0.0261 | Cycle: 0.8712 | grad_G: 43.62
Epoch 70/80 | Step 492150 | G: 2.7888 | D_A: 0.0699 | D_B: 0.0173 | Cycle: 1.1450 | grad_G: 18.55
Epoch 70/80 | Step 492200 | G: 2.3484 | D_A: 0.0542 | D_B: 0.0559 | Cycle: 1.0125 | grad_G: 33.96
Epoch 70/80 | Step 492250 | G: 2.7929 | D_A: 0.0954 | D_B: 0.0351 | Cycle: 1.1122 | grad_G: 32.54
Epoch 70/80 | Step 492300 | G: 2.5579 | D_A: 0.0536 | D_B: 0.0629 | Cycle: 1.0844 | grad_G: 24.21
Epoch 70/80 | Step 492350 | G: 2.1123 | D_A: 0.0406 | D_B: 0.0339 | Cycle: 0.9659 | grad_G: 26.59
Epoch 70/80 | Step 492400 | G: 2.3162 | D_A: 0.0992 | D_B: 0.0315 | Cycle: 0.7619 | grad_G: 40.70
Epoch 70/80 | Step 492450 | G: 2.4347 | D_A: 0.0298 | D_B: 0.0615 | Cycle: 1.0670 | grad_G: 27.76
Epoch 70/80 | Step 492500 | G: 2.3840 | D_A: 0.0309 | D_B: 0.0602 | Cycle: 0.8306 | grad_G: 49.67
Epoch 70/80 | Step 492550 | G: 3.3030 | D_A: 0.0309 | D_B: 0.0326 | Cycle: 1.3972 | grad_G: 27.81
Epoch 70/80 | Step 492600 | G: 2.6553 | D_A: 0.0911 | D_B: 0.0295 | Cycle: 1.0017 | grad_G: 40.65
Epoch 70/80 | Step 492650 | G: 2.9054 | D_A: 0.0425 | D_B: 0.0272 | Cycle: 1.1737 | grad_G: 43.78
Epoch 70/80 complete | Time: 444s | Avg G: 2.8351 | Avg D: 0.0495 | grad_G: 33.72
MONITOR epoch=70 | fid_photo2monet=97.6293 | fid_monet2photo=104.7264 | fid_mean=101.1778 | mifid_mean=0.4081 | nn_cos_dist_mean=0.2410 | nn_cos_dist_min=0.1276 | score_est=-50.7930 | fid_photo2monet_raw=97.9309 | fid_monet2photo_raw=104.5011 | score_est_raw=-50.8121
Epoch 71/80 | Step 492700 | G: 3.0015 | D_A: 0.0515 | D_B: 0.0745 | Cycle: 1.0288 | grad_G: 24.08
Epoch 71/80 | Step 492750 | G: 2.5075 | D_A: 0.0369 | D_B: 0.0273 | Cycle: 1.1002 | grad_G: 32.14
Epoch 71/80 | Step 492800 | G: 3.2010 | D_A: 0.0286 | D_B: 0.0245 | Cycle: 1.0491 | grad_G: 30.75
Epoch 71/80 | Step 492850 | G: 2.7692 | D_A: 0.0289 | D_B: 0.0293 | Cycle: 1.0922 | grad_G: 38.33
Epoch 71/80 | Step 492900 | G: 2.5720 | D_A: 0.0251 | D_B: 0.0584 | Cycle: 0.9861 | grad_G: 25.89
Epoch 71/80 | Step 492950 | G: 3.2247 | D_A: 0.0816 | D_B: 0.0637 | Cycle: 1.3647 | grad_G: 44.95
Epoch 71/80 | Step 493000 | G: 3.1877 | D_A: 0.0255 | D_B: 0.0396 | Cycle: 1.2295 | grad_G: 23.33
Epoch 71/80 | Step 493050 | G: 3.3732 | D_A: 0.0287 | D_B: 0.0347 | Cycle: 1.3177 | grad_G: 27.02
Epoch 71/80 | Step 493100 | G: 2.3150 | D_A: 0.0470 | D_B: 0.0789 | Cycle: 0.8699 | grad_G: 26.16
Epoch 71/80 | Step 493150 | G: 2.8843 | D_A: 0.0210 | D_B: 0.0341 | Cycle: 1.0740 | grad_G: 24.29
Epoch 71/80 | Step 493200 | G: 2.9875 | D_A: 0.0390 | D_B: 0.0242 | Cycle: 1.1038 | grad_G: 46.42
Epoch 71/80 | Step 493250 | G: 2.4923 | D_A: 0.0590 | D_B: 0.0359 | Cycle: 1.0306 | grad_G: 24.95
Epoch 71/80 | Step 493300 | G: 3.5379 | D_A: 0.0266 | D_B: 0.0274 | Cycle: 1.6151 | grad_G: 26.86
Epoch 71/80 | Step 493350 | G: 2.5780 | D_A: 0.0191 | D_B: 0.1670 | Cycle: 0.8256 | grad_G: 32.90
Epoch 71/80 | Step 493400 | G: 2.4465 | D_A: 0.1385 | D_B: 0.0753 | Cycle: 0.8370 | grad_G: 26.19
Epoch 71/80 | Step 493450 | G: 3.0096 | D_A: 0.0547 | D_B: 0.0238 | Cycle: 1.1296 | grad_G: 32.07
Epoch 71/80 | Step 493500 | G: 2.4439 | D_A: 0.0797 | D_B: 0.0636 | Cycle: 0.8986 | grad_G: 30.92
Epoch 71/80 | Step 493550 | G: 3.3538 | D_A: 0.0428 | D_B: 0.0253 | Cycle: 1.4537 | grad_G: 19.81
Epoch 71/80 | Step 493600 | G: 3.5830 | D_A: 0.0379 | D_B: 0.0360 | Cycle: 1.4335 | grad_G: 28.74
Epoch 71/80 | Step 493650 | G: 2.3448 | D_A: 0.0614 | D_B: 0.1095 | Cycle: 0.9457 | grad_G: 48.34
Epoch 71/80 | Step 493700 | G: 3.0439 | D_A: 0.0338 | D_B: 0.0455 | Cycle: 1.0964 | grad_G: 30.35
Epoch 71/80 | Step 493750 | G: 3.8223 | D_A: 0.0904 | D_B: 0.0321 | Cycle: 1.4572 | grad_G: 25.25
Epoch 71/80 | Step 493800 | G: 2.7992 | D_A: 0.0573 | D_B: 0.0224 | Cycle: 1.1563 | grad_G: 36.75
Epoch 71/80 | Step 493850 | G: 2.1984 | D_A: 0.0284 | D_B: 0.0298 | Cycle: 0.8911 | grad_G: 35.56
Epoch 71/80 | Step 493900 | G: 3.0434 | D_A: 0.0551 | D_B: 0.0356 | Cycle: 1.2835 | grad_G: 25.22
Epoch 71/80 | Step 493950 | G: 3.3257 | D_A: 0.0211 | D_B: 0.0340 | Cycle: 1.1830 | grad_G: 37.02
Epoch 71/80 | Step 494000 | G: 3.0335 | D_A: 0.0243 | D_B: 0.0293 | Cycle: 1.0234 | grad_G: 27.98
Epoch 71/80 | Step 494050 | G: 2.8232 | D_A: 0.0556 | D_B: 0.0515 | Cycle: 1.2618 | grad_G: 19.76
Epoch 71/80 | Step 494100 | G: 2.7409 | D_A: 0.0250 | D_B: 0.0451 | Cycle: 1.0319 | grad_G: 23.73
Epoch 71/80 | Step 494150 | G: 2.5919 | D_A: 0.0693 | D_B: 0.0264 | Cycle: 1.2219 | grad_G: 30.67
Epoch 71/80 | Step 494200 | G: 2.7571 | D_A: 0.0258 | D_B: 0.0620 | Cycle: 1.2057 | grad_G: 37.92
Epoch 71/80 | Step 494250 | G: 2.6643 | D_A: 0.0453 | D_B: 0.0246 | Cycle: 0.9806 | grad_G: 24.40
Epoch 71/80 | Step 494300 | G: 2.5680 | D_A: 0.0363 | D_B: 0.0259 | Cycle: 0.8681 | grad_G: 25.47
Epoch 71/80 | Step 494350 | G: 2.6561 | D_A: 0.0312 | D_B: 0.0452 | Cycle: 1.0984 | grad_G: 23.01
Epoch 71/80 | Step 494400 | G: 2.9240 | D_A: 0.0490 | D_B: 0.0220 | Cycle: 0.9162 | grad_G: 39.08
Epoch 71/80 | Step 494450 | G: 2.8210 | D_A: 0.0352 | D_B: 0.0185 | Cycle: 0.9121 | grad_G: 48.61
Epoch 71/80 | Step 494500 | G: 3.0977 | D_A: 0.0723 | D_B: 0.0236 | Cycle: 1.3039 | grad_G: 30.79
Epoch 71/80 | Step 494550 | G: 3.1702 | D_A: 0.0683 | D_B: 0.0245 | Cycle: 1.2588 | grad_G: 28.23
Epoch 71/80 | Step 494600 | G: 2.6164 | D_A: 0.0461 | D_B: 0.0666 | Cycle: 1.0505 | grad_G: 26.63
Epoch 71/80 | Step 494650 | G: 3.1342 | D_A: 0.0739 | D_B: 0.0240 | Cycle: 0.9673 | grad_G: 29.52
Epoch 71/80 | Step 494700 | G: 2.1839 | D_A: 0.0841 | D_B: 0.0531 | Cycle: 0.8364 | grad_G: 52.06
Epoch 71/80 | Step 494750 | G: 3.1163 | D_A: 0.0158 | D_B: 0.0313 | Cycle: 1.1233 | grad_G: 34.86
Epoch 71/80 | Step 494800 | G: 2.4157 | D_A: 0.0404 | D_B: 0.0372 | Cycle: 0.8364 | grad_G: 34.47
Epoch 71/80 | Step 494850 | G: 3.0084 | D_A: 0.0222 | D_B: 0.0259 | Cycle: 1.1696 | grad_G: 16.86
Epoch 71/80 | Step 494900 | G: 2.8693 | D_A: 0.0306 | D_B: 0.0647 | Cycle: 0.8798 | grad_G: 34.69
Epoch 71/80 | Step 494950 | G: 3.2842 | D_A: 0.0877 | D_B: 0.0277 | Cycle: 1.3932 | grad_G: 21.02
Epoch 71/80 | Step 495000 | G: 3.0092 | D_A: 0.0243 | D_B: 0.0178 | Cycle: 1.2117 | grad_G: 29.07
Epoch 71/80 | Step 495050 | G: 3.0522 | D_A: 0.0699 | D_B: 0.0273 | Cycle: 0.8771 | grad_G: 40.33
Epoch 71/80 | Step 495100 | G: 3.1570 | D_A: 0.0461 | D_B: 0.0680 | Cycle: 1.4323 | grad_G: 22.30
Epoch 71/80 | Step 495150 | G: 2.3133 | D_A: 0.0756 | D_B: 0.0378 | Cycle: 0.8622 | grad_G: 42.24
Epoch 71/80 | Step 495200 | G: 2.8822 | D_A: 0.0185 | D_B: 0.0217 | Cycle: 1.0660 | grad_G: 31.72
Epoch 71/80 | Step 495250 | G: 2.5476 | D_A: 0.0600 | D_B: 0.0226 | Cycle: 0.9673 | grad_G: 21.78
Epoch 71/80 | Step 495300 | G: 2.8687 | D_A: 0.0376 | D_B: 0.0611 | Cycle: 1.0485 | grad_G: 32.78
Epoch 71/80 | Step 495350 | G: 2.7973 | D_A: 0.1352 | D_B: 0.0244 | Cycle: 0.9983 | grad_G: 50.67
Epoch 71/80 | Step 495400 | G: 3.3095 | D_A: 0.0488 | D_B: 0.0257 | Cycle: 1.4620 | grad_G: 27.38
Epoch 71/80 | Step 495450 | G: 2.2537 | D_A: 0.0386 | D_B: 0.0952 | Cycle: 0.8405 | grad_G: 32.81
Epoch 71/80 | Step 495500 | G: 2.2639 | D_A: 0.0448 | D_B: 0.0762 | Cycle: 0.7745 | grad_G: 30.72
Epoch 71/80 | Step 495550 | G: 3.0257 | D_A: 0.0308 | D_B: 0.0805 | Cycle: 1.1255 | grad_G: 39.02
Epoch 71/80 | Step 495600 | G: 2.5193 | D_A: 0.0471 | D_B: 0.0636 | Cycle: 0.9974 | grad_G: 23.24
Epoch 71/80 | Step 495650 | G: 3.2385 | D_A: 0.0404 | D_B: 0.0294 | Cycle: 1.1559 | grad_G: 40.31
Epoch 71/80 | Step 495700 | G: 2.7269 | D_A: 0.0329 | D_B: 0.0886 | Cycle: 0.9732 | grad_G: 27.82
Epoch 71/80 | Step 495750 | G: 3.0078 | D_A: 0.0491 | D_B: 0.0519 | Cycle: 1.3330 | grad_G: 25.98
Epoch 71/80 | Step 495800 | G: 1.8474 | D_A: 0.0432 | D_B: 0.0595 | Cycle: 0.7865 | grad_G: 22.08
Epoch 71/80 | Step 495850 | G: 2.9703 | D_A: 0.0414 | D_B: 0.0263 | Cycle: 1.0968 | grad_G: 25.09
Epoch 71/80 | Step 495900 | G: 3.1183 | D_A: 0.0941 | D_B: 0.0320 | Cycle: 1.1099 | grad_G: 43.71
Epoch 71/80 | Step 495950 | G: 3.2008 | D_A: 0.0387 | D_B: 0.0429 | Cycle: 1.3811 | grad_G: 36.96
Epoch 71/80 | Step 496000 | G: 2.5661 | D_A: 0.0622 | D_B: 0.0250 | Cycle: 1.0150 | grad_G: 39.31
Epoch 71/80 | Step 496050 | G: 2.7894 | D_A: 0.0313 | D_B: 0.0228 | Cycle: 0.8593 | grad_G: 19.26
Epoch 71/80 | Step 496100 | G: 2.9595 | D_A: 0.0582 | D_B: 0.0319 | Cycle: 1.5037 | grad_G: 23.88
Epoch 71/80 | Step 496150 | G: 2.4920 | D_A: 0.0518 | D_B: 0.0579 | Cycle: 1.0100 | grad_G: 31.01
Epoch 71/80 | Step 496200 | G: 2.8421 | D_A: 0.0739 | D_B: 0.0452 | Cycle: 1.1093 | grad_G: 25.46
Epoch 71/80 | Step 496250 | G: 3.1159 | D_A: 0.0463 | D_B: 0.1890 | Cycle: 1.2423 | grad_G: 20.96
Epoch 71/80 | Step 496300 | G: 2.8940 | D_A: 0.0691 | D_B: 0.0465 | Cycle: 1.1405 | grad_G: 25.58
Epoch 71/80 | Step 496350 | G: 2.4116 | D_A: 0.0637 | D_B: 0.0494 | Cycle: 1.0141 | grad_G: 34.17
Epoch 71/80 | Step 496400 | G: 3.3458 | D_A: 0.0296 | D_B: 0.0833 | Cycle: 1.5650 | grad_G: 24.28
Epoch 71/80 | Step 496450 | G: 4.0500 | D_A: 0.0813 | D_B: 0.0215 | Cycle: 2.0093 | grad_G: 42.09
Epoch 71/80 | Step 496500 | G: 3.1950 | D_A: 0.0907 | D_B: 0.0240 | Cycle: 1.4315 | grad_G: 27.00
Epoch 71/80 | Step 496550 | G: 3.0651 | D_A: 0.0598 | D_B: 0.0310 | Cycle: 1.2634 | grad_G: 22.79
Epoch 71/80 | Step 496600 | G: 2.6706 | D_A: 0.0243 | D_B: 0.0514 | Cycle: 0.9177 | grad_G: 37.50
Epoch 71/80 | Step 496650 | G: 2.8615 | D_A: 0.0823 | D_B: 0.0389 | Cycle: 1.1824 | grad_G: 25.10
Epoch 71/80 | Step 496700 | G: 2.8097 | D_A: 0.0394 | D_B: 0.0243 | Cycle: 1.0736 | grad_G: 29.50
Epoch 71/80 | Step 496750 | G: 3.0472 | D_A: 0.0601 | D_B: 0.0429 | Cycle: 1.0206 | grad_G: 73.44
Epoch 71/80 | Step 496800 | G: 2.4964 | D_A: 0.0882 | D_B: 0.0350 | Cycle: 1.0653 | grad_G: 27.95
Epoch 71/80 | Step 496850 | G: 3.3920 | D_A: 0.0291 | D_B: 0.0467 | Cycle: 1.3411 | grad_G: 25.62
Epoch 71/80 | Step 496900 | G: 2.8879 | D_A: 0.0298 | D_B: 0.0588 | Cycle: 1.0744 | grad_G: 32.43
Epoch 71/80 | Step 496950 | G: 2.6750 | D_A: 0.0529 | D_B: 0.0354 | Cycle: 1.0124 | grad_G: 46.41
Epoch 71/80 | Step 497000 | G: 2.5542 | D_A: 0.0824 | D_B: 0.0434 | Cycle: 0.8534 | grad_G: 56.14
Epoch 71/80 | Step 497050 | G: 2.7302 | D_A: 0.0397 | D_B: 0.0265 | Cycle: 1.0601 | grad_G: 32.70
Epoch 71/80 | Step 497100 | G: 2.7780 | D_A: 0.0650 | D_B: 0.1089 | Cycle: 1.1067 | grad_G: 23.30
Epoch 71/80 | Step 497150 | G: 2.9793 | D_A: 0.0701 | D_B: 0.0209 | Cycle: 1.1119 | grad_G: 90.54
Epoch 71/80 | Step 497200 | G: 2.9908 | D_A: 0.0343 | D_B: 0.0212 | Cycle: 1.0919 | grad_G: 21.17
Epoch 71/80 | Step 497250 | G: 3.0905 | D_A: 0.0214 | D_B: 0.0213 | Cycle: 1.2986 | grad_G: 42.32
Epoch 71/80 | Step 497300 | G: 3.3318 | D_A: 0.0582 | D_B: 0.0379 | Cycle: 1.2728 | grad_G: 35.50
Epoch 71/80 | Step 497350 | G: 2.6930 | D_A: 0.0639 | D_B: 0.0672 | Cycle: 0.9304 | grad_G: 28.69
Epoch 71/80 | Step 497400 | G: 2.7401 | D_A: 0.0674 | D_B: 0.0673 | Cycle: 1.1078 | grad_G: 38.18
Epoch 71/80 | Step 497450 | G: 2.9058 | D_A: 0.1306 | D_B: 0.0412 | Cycle: 1.0921 | grad_G: 25.81
Epoch 71/80 | Step 497500 | G: 2.4088 | D_A: 0.0403 | D_B: 0.0231 | Cycle: 0.7393 | grad_G: 97.26
Epoch 71/80 | Step 497550 | G: 2.8349 | D_A: 0.0471 | D_B: 0.0223 | Cycle: 1.0962 | grad_G: 27.64
Epoch 71/80 | Step 497600 | G: 2.4193 | D_A: 0.0424 | D_B: 0.0296 | Cycle: 0.8393 | grad_G: 28.74
Epoch 71/80 | Step 497650 | G: 2.8138 | D_A: 0.0586 | D_B: 0.0848 | Cycle: 1.2433 | grad_G: 32.76
Epoch 71/80 | Step 497700 | G: 2.7466 | D_A: 0.0514 | D_B: 0.0381 | Cycle: 1.3823 | grad_G: 26.91
Epoch 71/80 | Step 497750 | G: 2.6045 | D_A: 0.0419 | D_B: 0.0218 | Cycle: 1.1587 | grad_G: 25.06
Epoch 71/80 | Step 497800 | G: 3.0523 | D_A: 0.0224 | D_B: 0.0300 | Cycle: 1.1458 | grad_G: 31.08
Epoch 71/80 | Step 497850 | G: 2.6934 | D_A: 0.0413 | D_B: 0.0249 | Cycle: 0.8560 | grad_G: 48.96
Epoch 71/80 | Step 497900 | G: 2.5679 | D_A: 0.1546 | D_B: 0.0596 | Cycle: 0.7903 | grad_G: 42.09
Epoch 71/80 | Step 497950 | G: 2.9523 | D_A: 0.0292 | D_B: 0.0611 | Cycle: 1.0601 | grad_G: 30.97
Epoch 71/80 | Step 498000 | G: 2.8422 | D_A: 0.0431 | D_B: 0.0716 | Cycle: 0.9817 | grad_G: 32.63
Epoch 71/80 | Step 498050 | G: 2.8922 | D_A: 0.0214 | D_B: 0.0349 | Cycle: 0.9012 | grad_G: 39.79
Epoch 71/80 | Step 498100 | G: 3.2364 | D_A: 0.2484 | D_B: 0.0350 | Cycle: 1.3764 | grad_G: 33.63
Epoch 71/80 | Step 498150 | G: 3.1189 | D_A: 0.0743 | D_B: 0.0873 | Cycle: 1.5159 | grad_G: 30.56
Epoch 71/80 | Step 498200 | G: 2.6372 | D_A: 0.0912 | D_B: 0.0330 | Cycle: 1.0375 | grad_G: 30.13
Epoch 71/80 | Step 498250 | G: 2.9769 | D_A: 0.0352 | D_B: 0.0222 | Cycle: 1.0899 | grad_G: 34.72
Epoch 71/80 | Step 498300 | G: 2.7445 | D_A: 0.1019 | D_B: 0.0448 | Cycle: 1.0032 | grad_G: 28.28
Epoch 71/80 | Step 498350 | G: 3.3332 | D_A: 0.0382 | D_B: 0.0274 | Cycle: 1.6086 | grad_G: 25.46
Epoch 71/80 | Step 498400 | G: 2.5594 | D_A: 0.0478 | D_B: 0.0293 | Cycle: 0.8834 | grad_G: 56.03
Epoch 71/80 | Step 498450 | G: 2.5212 | D_A: 0.2116 | D_B: 0.0228 | Cycle: 0.8622 | grad_G: 26.32
Epoch 71/80 | Step 498500 | G: 2.7834 | D_A: 0.0508 | D_B: 0.0412 | Cycle: 1.0023 | grad_G: 32.52
Epoch 71/80 | Step 498550 | G: 2.6523 | D_A: 0.0396 | D_B: 0.0290 | Cycle: 1.0756 | grad_G: 18.60
Epoch 71/80 | Step 498600 | G: 3.0015 | D_A: 0.0296 | D_B: 0.0319 | Cycle: 1.2604 | grad_G: 48.17
Epoch 71/80 | Step 498650 | G: 3.4749 | D_A: 0.0729 | D_B: 0.0252 | Cycle: 1.4050 | grad_G: 37.27
Epoch 71/80 | Step 498700 | G: 2.3323 | D_A: 0.0828 | D_B: 0.0201 | Cycle: 0.9367 | grad_G: 41.34
Epoch 71/80 | Step 498750 | G: 2.7981 | D_A: 0.0299 | D_B: 0.0212 | Cycle: 1.0120 | grad_G: 33.17
Epoch 71/80 | Step 498800 | G: 2.6882 | D_A: 0.0721 | D_B: 0.0263 | Cycle: 1.3223 | grad_G: 26.46
Epoch 71/80 | Step 498850 | G: 2.8942 | D_A: 0.0622 | D_B: 0.0316 | Cycle: 1.1056 | grad_G: 31.37
Epoch 71/80 | Step 498900 | G: 2.3974 | D_A: 0.0243 | D_B: 0.0602 | Cycle: 1.0162 | grad_G: 36.44
Epoch 71/80 | Step 498950 | G: 2.7231 | D_A: 0.0300 | D_B: 0.0407 | Cycle: 1.1165 | grad_G: 27.05
Epoch 71/80 | Step 499000 | G: 3.4533 | D_A: 0.0368 | D_B: 0.0296 | Cycle: 1.5106 | grad_G: 25.73
Epoch 71/80 | Step 499050 | G: 2.8540 | D_A: 0.0468 | D_B: 0.0296 | Cycle: 1.2189 | grad_G: 44.18
Epoch 71/80 | Step 499100 | G: 2.4641 | D_A: 0.0527 | D_B: 0.0340 | Cycle: 0.8869 | grad_G: 35.88
Epoch 71/80 | Step 499150 | G: 3.1047 | D_A: 0.0411 | D_B: 0.0227 | Cycle: 1.0492 | grad_G: 33.90
Epoch 71/80 | Step 499200 | G: 2.6531 | D_A: 0.1459 | D_B: 0.0796 | Cycle: 0.9661 | grad_G: 23.14
Epoch 71/80 | Step 499250 | G: 3.2491 | D_A: 0.1149 | D_B: 0.0264 | Cycle: 1.5162 | grad_G: 18.13
Epoch 71/80 | Step 499300 | G: 3.1190 | D_A: 0.0383 | D_B: 0.0295 | Cycle: 1.2490 | grad_G: 34.14
Epoch 71/80 | Step 499350 | G: 2.6251 | D_A: 0.0924 | D_B: 0.0339 | Cycle: 1.0661 | grad_G: 66.16
Epoch 71/80 | Step 499400 | G: 2.8153 | D_A: 0.0415 | D_B: 0.0546 | Cycle: 0.9551 | grad_G: 33.08
Epoch 71/80 | Step 499450 | G: 2.4929 | D_A: 0.0430 | D_B: 0.0247 | Cycle: 0.8933 | grad_G: 28.32
Epoch 71/80 | Step 499500 | G: 2.7367 | D_A: 0.0409 | D_B: 0.0500 | Cycle: 1.0432 | grad_G: 27.01
Epoch 71/80 | Step 499550 | G: 2.6688 | D_A: 0.0352 | D_B: 0.0334 | Cycle: 0.9800 | grad_G: 29.91
Epoch 71/80 | Step 499600 | G: 3.3186 | D_A: 0.0476 | D_B: 0.0500 | Cycle: 1.3064 | grad_G: 34.53
Epoch 71/80 | Step 499650 | G: 3.1251 | D_A: 0.0494 | D_B: 0.0532 | Cycle: 1.1752 | grad_G: 25.60
Epoch 71/80 complete | Time: 471s | Avg G: 2.8373 | Avg D: 0.0490 | grad_G: 33.27
Epoch 72/80 | Step 499700 | G: 3.1535 | D_A: 0.0815 | D_B: 0.0230 | Cycle: 1.0980 | grad_G: 34.60
Epoch 72/80 | Step 499750 | G: 3.0389 | D_A: 0.0678 | D_B: 0.0302 | Cycle: 1.2486 | grad_G: 28.76
Epoch 72/80 | Step 499800 | G: 3.2199 | D_A: 0.0284 | D_B: 0.0302 | Cycle: 1.2473 | grad_G: 49.45
Epoch 72/80 | Step 499850 | G: 2.3936 | D_A: 0.1629 | D_B: 0.0901 | Cycle: 0.7430 | grad_G: 27.66
Epoch 72/80 | Step 499900 | G: 2.6101 | D_A: 0.1096 | D_B: 0.0245 | Cycle: 1.0047 | grad_G: 32.04
Epoch 72/80 | Step 499950 | G: 2.6633 | D_A: 0.0376 | D_B: 0.0496 | Cycle: 0.8645 | grad_G: 36.09
Epoch 72/80 | Step 500000 | G: 2.8174 | D_A: 0.0585 | D_B: 0.0486 | Cycle: 1.2460 | grad_G: 22.80
Epoch 72/80 | Step 500050 | G: 2.9821 | D_A: 0.0274 | D_B: 0.0191 | Cycle: 0.9557 | grad_G: 75.03
Epoch 72/80 | Step 500100 | G: 3.6811 | D_A: 0.0351 | D_B: 0.0316 | Cycle: 1.5032 | grad_G: 37.45
Epoch 72/80 | Step 500150 | G: 2.9312 | D_A: 0.0419 | D_B: 0.1876 | Cycle: 1.1679 | grad_G: 36.51
Epoch 72/80 | Step 500200 | G: 2.5534 | D_A: 0.1554 | D_B: 0.0249 | Cycle: 1.0125 | grad_G: 65.16
Epoch 72/80 | Step 500250 | G: 3.2575 | D_A: 0.0573 | D_B: 0.0462 | Cycle: 1.4350 | grad_G: 37.48
Epoch 72/80 | Step 500300 | G: 3.3882 | D_A: 0.0523 | D_B: 0.0241 | Cycle: 1.4287 | grad_G: 20.45
Epoch 72/80 | Step 500350 | G: 2.3448 | D_A: 0.0388 | D_B: 0.0733 | Cycle: 1.0026 | grad_G: 30.58
Epoch 72/80 | Step 500400 | G: 3.5091 | D_A: 0.0209 | D_B: 0.0299 | Cycle: 1.4332 | grad_G: 63.76
Epoch 72/80 | Step 500450 | G: 2.4466 | D_A: 0.0389 | D_B: 0.1321 | Cycle: 0.7367 | grad_G: 59.05
Epoch 72/80 | Step 500500 | G: 2.5061 | D_A: 0.0750 | D_B: 0.0660 | Cycle: 1.0152 | grad_G: 29.56
Epoch 72/80 | Step 500550 | G: 2.2393 | D_A: 0.0431 | D_B: 0.0655 | Cycle: 0.7346 | grad_G: 23.73
Epoch 72/80 | Step 500600 | G: 2.4891 | D_A: 0.0367 | D_B: 0.1178 | Cycle: 0.8061 | grad_G: 47.58
Epoch 72/80 | Step 500650 | G: 3.1881 | D_A: 0.0712 | D_B: 0.0314 | Cycle: 1.3013 | grad_G: 33.15
Epoch 72/80 | Step 500700 | G: 3.0486 | D_A: 0.0448 | D_B: 0.0339 | Cycle: 1.1993 | grad_G: 24.09
Epoch 72/80 | Step 500750 | G: 2.8698 | D_A: 0.0467 | D_B: 0.0255 | Cycle: 1.3107 | grad_G: 98.13
Epoch 72/80 | Step 500800 | G: 3.2994 | D_A: 0.0248 | D_B: 0.1018 | Cycle: 1.2394 | grad_G: 25.44
Epoch 72/80 | Step 500850 | G: 3.5241 | D_A: 0.0674 | D_B: 0.0562 | Cycle: 1.8112 | grad_G: 31.67
Epoch 72/80 | Step 500900 | G: 2.4671 | D_A: 0.0524 | D_B: 0.0586 | Cycle: 0.9043 | grad_G: 23.20
Epoch 72/80 | Step 500950 | G: 2.4591 | D_A: 0.0410 | D_B: 0.0317 | Cycle: 0.9418 | grad_G: 28.94
Epoch 72/80 | Step 501000 | G: 3.0306 | D_A: 0.0323 | D_B: 0.0298 | Cycle: 1.0607 | grad_G: 41.14
Epoch 72/80 | Step 501050 | G: 2.4720 | D_A: 0.0712 | D_B: 0.0336 | Cycle: 1.1011 | grad_G: 30.98
Epoch 72/80 | Step 501100 | G: 2.6344 | D_A: 0.0776 | D_B: 0.0240 | Cycle: 1.0412 | grad_G: 31.57
Epoch 72/80 | Step 501150 | G: 2.2989 | D_A: 0.0796 | D_B: 0.1126 | Cycle: 0.7285 | grad_G: 30.76
Epoch 72/80 | Step 501200 | G: 2.5770 | D_A: 0.0227 | D_B: 0.0567 | Cycle: 0.7035 | grad_G: 39.16
Epoch 72/80 | Step 501250 | G: 3.0029 | D_A: 0.0364 | D_B: 0.0275 | Cycle: 1.3365 | grad_G: 21.81
Epoch 72/80 | Step 501300 | G: 3.4434 | D_A: 0.0375 | D_B: 0.0237 | Cycle: 1.5780 | grad_G: 22.97
Epoch 72/80 | Step 501350 | G: 2.5019 | D_A: 0.0677 | D_B: 0.0200 | Cycle: 0.9430 | grad_G: 70.36
Epoch 72/80 | Step 501400 | G: 3.2726 | D_A: 0.0327 | D_B: 0.0251 | Cycle: 1.5492 | grad_G: 35.22
Epoch 72/80 | Step 501450 | G: 2.9330 | D_A: 0.0742 | D_B: 0.0272 | Cycle: 1.3879 | grad_G: 25.37
Epoch 72/80 | Step 501500 | G: 3.0464 | D_A: 0.0265 | D_B: 0.0352 | Cycle: 1.1094 | grad_G: 31.01
Epoch 72/80 | Step 501550 | G: 3.1353 | D_A: 0.0460 | D_B: 0.0308 | Cycle: 1.3483 | grad_G: 41.72
Epoch 72/80 | Step 501600 | G: 3.1068 | D_A: 0.0376 | D_B: 0.0223 | Cycle: 1.3256 | grad_G: 21.61
Epoch 72/80 | Step 501650 | G: 3.0526 | D_A: 0.0217 | D_B: 0.0930 | Cycle: 0.9391 | grad_G: 41.20
Epoch 72/80 | Step 501700 | G: 2.6423 | D_A: 0.0293 | D_B: 0.0206 | Cycle: 0.8600 | grad_G: 31.86
Epoch 72/80 | Step 501750 | G: 2.7598 | D_A: 0.0413 | D_B: 0.0564 | Cycle: 0.9899 | grad_G: 24.39
Epoch 72/80 | Step 501800 | G: 3.0125 | D_A: 0.0255 | D_B: 0.0255 | Cycle: 1.3334 | grad_G: 37.50
Epoch 72/80 | Step 501850 | G: 3.2630 | D_A: 0.1589 | D_B: 0.0321 | Cycle: 1.1962 | grad_G: 16.60
Epoch 72/80 | Step 501900 | G: 2.8778 | D_A: 0.0460 | D_B: 0.0572 | Cycle: 0.9608 | grad_G: 25.07
Epoch 72/80 | Step 501950 | G: 3.0846 | D_A: 0.0259 | D_B: 0.0219 | Cycle: 1.1570 | grad_G: 44.11
Epoch 72/80 | Step 502000 | G: 2.6638 | D_A: 0.1061 | D_B: 0.0390 | Cycle: 1.0903 | grad_G: 28.70
Epoch 72/80 | Step 502050 | G: 2.4440 | D_A: 0.0488 | D_B: 0.0395 | Cycle: 0.8696 | grad_G: 35.32
Epoch 72/80 | Step 502100 | G: 2.7277 | D_A: 0.0699 | D_B: 0.0613 | Cycle: 0.8560 | grad_G: 39.00
Epoch 72/80 | Step 502150 | G: 2.4729 | D_A: 0.0448 | D_B: 0.0418 | Cycle: 1.0018 | grad_G: 27.96
Epoch 72/80 | Step 502200 | G: 3.1961 | D_A: 0.0425 | D_B: 0.0205 | Cycle: 1.1735 | grad_G: 37.02
Epoch 72/80 | Step 502250 | G: 2.6905 | D_A: 0.0450 | D_B: 0.1183 | Cycle: 0.8122 | grad_G: 28.71
Epoch 72/80 | Step 502300 | G: 2.8888 | D_A: 0.0913 | D_B: 0.0279 | Cycle: 1.0602 | grad_G: 35.87
Epoch 72/80 | Step 502350 | G: 3.9244 | D_A: 0.0263 | D_B: 0.0209 | Cycle: 1.4985 | grad_G: 63.75
Epoch 72/80 | Step 502400 | G: 3.1311 | D_A: 0.0511 | D_B: 0.0237 | Cycle: 1.1533 | grad_G: 32.68
Epoch 72/80 | Step 502450 | G: 3.1574 | D_A: 0.0431 | D_B: 0.0292 | Cycle: 1.2297 | grad_G: 51.63
Epoch 72/80 | Step 502500 | G: 2.6128 | D_A: 0.0608 | D_B: 0.0233 | Cycle: 1.0303 | grad_G: 31.21
Epoch 72/80 | Step 502550 | G: 2.7922 | D_A: 0.0367 | D_B: 0.0306 | Cycle: 1.0126 | grad_G: 31.35
Epoch 72/80 | Step 502600 | G: 2.8098 | D_A: 0.1468 | D_B: 0.0575 | Cycle: 1.2356 | grad_G: 28.98
Epoch 72/80 | Step 502650 | G: 2.4629 | D_A: 0.0198 | D_B: 0.0767 | Cycle: 0.8328 | grad_G: 36.53
Epoch 72/80 | Step 502700 | G: 2.9580 | D_A: 0.0486 | D_B: 0.0220 | Cycle: 1.2161 | grad_G: 39.86
Epoch 72/80 | Step 502750 | G: 2.5327 | D_A: 0.0883 | D_B: 0.0584 | Cycle: 0.8060 | grad_G: 38.76
Epoch 72/80 | Step 502800 | G: 2.9966 | D_A: 0.0530 | D_B: 0.0169 | Cycle: 1.0287 | grad_G: 23.45
Epoch 72/80 | Step 502850 | G: 3.3534 | D_A: 0.0699 | D_B: 0.0600 | Cycle: 1.4122 | grad_G: 28.29
Epoch 72/80 | Step 502900 | G: 3.5351 | D_A: 0.0298 | D_B: 0.0461 | Cycle: 1.4740 | grad_G: 21.45
Epoch 72/80 | Step 502950 | G: 3.3619 | D_A: 0.0273 | D_B: 0.0207 | Cycle: 1.3157 | grad_G: 23.38
Epoch 72/80 | Step 503000 | G: 2.4590 | D_A: 0.0481 | D_B: 0.0291 | Cycle: 0.9345 | grad_G: 30.58
Epoch 72/80 | Step 503050 | G: 2.4528 | D_A: 0.0556 | D_B: 0.0308 | Cycle: 0.9760 | grad_G: 24.44
Epoch 72/80 | Step 503100 | G: 2.3560 | D_A: 0.0540 | D_B: 0.0351 | Cycle: 0.9907 | grad_G: 32.77
Epoch 72/80 | Step 503150 | G: 3.1651 | D_A: 0.0506 | D_B: 0.0210 | Cycle: 1.4260 | grad_G: 26.32
Epoch 72/80 | Step 503200 | G: 2.5784 | D_A: 0.0518 | D_B: 0.0271 | Cycle: 0.9403 | grad_G: 26.58
Epoch 72/80 | Step 503250 | G: 2.8576 | D_A: 0.0415 | D_B: 0.0230 | Cycle: 1.1051 | grad_G: 28.10
Epoch 72/80 | Step 503300 | G: 2.8856 | D_A: 0.0239 | D_B: 0.0248 | Cycle: 1.2390 | grad_G: 20.49
Epoch 72/80 | Step 503350 | G: 2.4006 | D_A: 0.1015 | D_B: 0.0321 | Cycle: 0.8792 | grad_G: 26.31
Epoch 72/80 | Step 503400 | G: 2.7943 | D_A: 0.0349 | D_B: 0.0290 | Cycle: 1.0646 | grad_G: 38.33
Epoch 72/80 | Step 503450 | G: 3.0669 | D_A: 0.0371 | D_B: 0.0451 | Cycle: 1.4292 | grad_G: 40.32
Epoch 72/80 | Step 503500 | G: 3.3570 | D_A: 0.0604 | D_B: 0.0258 | Cycle: 1.3258 | grad_G: 47.19
Epoch 72/80 | Step 503550 | G: 2.0373 | D_A: 0.1116 | D_B: 0.0377 | Cycle: 0.7526 | grad_G: 28.89
Epoch 72/80 | Step 503600 | G: 3.2294 | D_A: 0.0444 | D_B: 0.0346 | Cycle: 1.3529 | grad_G: 31.19
Epoch 72/80 | Step 503650 | G: 2.7394 | D_A: 0.0417 | D_B: 0.0242 | Cycle: 0.9391 | grad_G: 30.04
Epoch 72/80 | Step 503700 | G: 2.3378 | D_A: 0.0453 | D_B: 0.0369 | Cycle: 0.8594 | grad_G: 26.90
Epoch 72/80 | Step 503750 | G: 2.3508 | D_A: 0.0734 | D_B: 0.0873 | Cycle: 0.9520 | grad_G: 28.65
Epoch 72/80 | Step 503800 | G: 2.6251 | D_A: 0.0596 | D_B: 0.0583 | Cycle: 1.0333 | grad_G: 28.56
Epoch 72/80 | Step 503850 | G: 3.0403 | D_A: 0.0395 | D_B: 0.0287 | Cycle: 1.2704 | grad_G: 36.98
Epoch 72/80 | Step 503900 | G: 2.6775 | D_A: 0.0275 | D_B: 0.0259 | Cycle: 0.8052 | grad_G: 38.87
Epoch 72/80 | Step 503950 | G: 2.9215 | D_A: 0.0301 | D_B: 0.0255 | Cycle: 1.0297 | grad_G: 32.22
Epoch 72/80 | Step 504000 | G: 2.8689 | D_A: 0.0292 | D_B: 0.0293 | Cycle: 1.0792 | grad_G: 19.71
Epoch 72/80 | Step 504050 | G: 2.7896 | D_A: 0.0502 | D_B: 0.0279 | Cycle: 1.1676 | grad_G: 23.32
Epoch 72/80 | Step 504100 | G: 2.6859 | D_A: 0.0471 | D_B: 0.0403 | Cycle: 1.3968 | grad_G: 23.34
Epoch 72/80 | Step 504150 | G: 2.5576 | D_A: 0.0500 | D_B: 0.0247 | Cycle: 0.9938 | grad_G: 34.06
Epoch 72/80 | Step 504200 | G: 2.5281 | D_A: 0.0211 | D_B: 0.0232 | Cycle: 0.8985 | grad_G: 26.31
Epoch 72/80 | Step 504250 | G: 1.9750 | D_A: 0.0969 | D_B: 0.0520 | Cycle: 0.8784 | grad_G: 23.89
Epoch 72/80 | Step 504300 | G: 2.7785 | D_A: 0.0601 | D_B: 0.1490 | Cycle: 1.3034 | grad_G: 21.55
Epoch 72/80 | Step 504350 | G: 3.2479 | D_A: 0.0907 | D_B: 0.0269 | Cycle: 1.2174 | grad_G: 47.52
Epoch 72/80 | Step 504400 | G: 3.5620 | D_A: 0.0383 | D_B: 0.0248 | Cycle: 1.3752 | grad_G: 26.80
Epoch 72/80 | Step 504450 | G: 2.6977 | D_A: 0.0500 | D_B: 0.0669 | Cycle: 0.8584 | grad_G: 25.47
Epoch 72/80 | Step 504500 | G: 2.6689 | D_A: 0.0352 | D_B: 0.0248 | Cycle: 0.9853 | grad_G: 44.92
Epoch 72/80 | Step 504550 | G: 2.9027 | D_A: 0.0683 | D_B: 0.0295 | Cycle: 1.2262 | grad_G: 25.84
Epoch 72/80 | Step 504600 | G: 2.5217 | D_A: 0.0252 | D_B: 0.0546 | Cycle: 1.0040 | grad_G: 34.95
Epoch 72/80 | Step 504650 | G: 2.5611 | D_A: 0.0771 | D_B: 0.0287 | Cycle: 0.8930 | grad_G: 25.78
Epoch 72/80 | Step 504700 | G: 3.6684 | D_A: 0.0277 | D_B: 0.0437 | Cycle: 1.7492 | grad_G: 30.45
Epoch 72/80 | Step 504750 | G: 3.2636 | D_A: 0.0403 | D_B: 0.0246 | Cycle: 1.2431 | grad_G: 21.28
Epoch 72/80 | Step 504800 | G: 3.3328 | D_A: 0.0231 | D_B: 0.0303 | Cycle: 1.2103 | grad_G: 35.23
Epoch 72/80 | Step 504850 | G: 2.9812 | D_A: 0.1027 | D_B: 0.0361 | Cycle: 1.3974 | grad_G: 23.23
Epoch 72/80 | Step 504900 | G: 2.3773 | D_A: 0.0385 | D_B: 0.1027 | Cycle: 1.1413 | grad_G: 23.72
Epoch 72/80 | Step 504950 | G: 2.5596 | D_A: 0.0266 | D_B: 0.1272 | Cycle: 0.8909 | grad_G: 35.25
Epoch 72/80 | Step 505000 | G: 2.9178 | D_A: 0.0834 | D_B: 0.0266 | Cycle: 1.4625 | grad_G: 19.99
Epoch 72/80 | Step 505050 | G: 2.3899 | D_A: 0.0645 | D_B: 0.0352 | Cycle: 0.8520 | grad_G: 23.20
Epoch 72/80 | Step 505100 | G: 3.1755 | D_A: 0.0995 | D_B: 0.0191 | Cycle: 1.1885 | grad_G: 59.48
Epoch 72/80 | Step 505150 | G: 3.2388 | D_A: 0.0361 | D_B: 0.0219 | Cycle: 1.3141 | grad_G: 21.71
Epoch 72/80 | Step 505200 | G: 3.0121 | D_A: 0.0213 | D_B: 0.0374 | Cycle: 1.1693 | grad_G: 39.89
Epoch 72/80 | Step 505250 | G: 2.8494 | D_A: 0.0389 | D_B: 0.0227 | Cycle: 1.0307 | grad_G: 35.90
Epoch 72/80 | Step 505300 | G: 3.1407 | D_A: 0.0295 | D_B: 0.0251 | Cycle: 1.2174 | grad_G: 20.97
Epoch 72/80 | Step 505350 | G: 2.4529 | D_A: 0.0647 | D_B: 0.0518 | Cycle: 1.0381 | grad_G: 40.41
Epoch 72/80 | Step 505400 | G: 3.0961 | D_A: 0.0462 | D_B: 0.0261 | Cycle: 1.3553 | grad_G: 23.93
Epoch 72/80 | Step 505450 | G: 2.9315 | D_A: 0.0410 | D_B: 0.0228 | Cycle: 1.0609 | grad_G: 35.01
Epoch 72/80 | Step 505500 | G: 3.0670 | D_A: 0.0257 | D_B: 0.0195 | Cycle: 1.0011 | grad_G: 57.38
Epoch 72/80 | Step 505550 | G: 3.4061 | D_A: 0.0368 | D_B: 0.0380 | Cycle: 1.1383 | grad_G: 30.01
Epoch 72/80 | Step 505600 | G: 2.5773 | D_A: 0.0406 | D_B: 0.0348 | Cycle: 1.0026 | grad_G: 26.87
Epoch 72/80 | Step 505650 | G: 2.7754 | D_A: 0.0675 | D_B: 0.0188 | Cycle: 1.1228 | grad_G: 24.42
Epoch 72/80 | Step 505700 | G: 2.4975 | D_A: 0.0450 | D_B: 0.0247 | Cycle: 1.1745 | grad_G: 20.40
Epoch 72/80 | Step 505750 | G: 2.4052 | D_A: 0.0232 | D_B: 0.0887 | Cycle: 0.8177 | grad_G: 25.55
Epoch 72/80 | Step 505800 | G: 3.0181 | D_A: 0.0762 | D_B: 0.0382 | Cycle: 1.0860 | grad_G: 27.04
Epoch 72/80 | Step 505850 | G: 2.8920 | D_A: 0.0200 | D_B: 0.0211 | Cycle: 0.9439 | grad_G: 26.97
Epoch 72/80 | Step 505900 | G: 2.8349 | D_A: 0.0315 | D_B: 0.0463 | Cycle: 1.2908 | grad_G: 23.33
Epoch 72/80 | Step 505950 | G: 3.2322 | D_A: 0.1026 | D_B: 0.0205 | Cycle: 1.1199 | grad_G: 30.16
Epoch 72/80 | Step 506000 | G: 2.8730 | D_A: 0.1180 | D_B: 0.0231 | Cycle: 0.8039 | grad_G: 27.36
Epoch 72/80 | Step 506050 | G: 3.2651 | D_A: 0.0329 | D_B: 0.0436 | Cycle: 1.2541 | grad_G: 28.18
Epoch 72/80 | Step 506100 | G: 2.3628 | D_A: 0.0197 | D_B: 0.0696 | Cycle: 0.7798 | grad_G: 42.42
Epoch 72/80 | Step 506150 | G: 2.3845 | D_A: 0.0358 | D_B: 0.0434 | Cycle: 0.9446 | grad_G: 32.49
Epoch 72/80 | Step 506200 | G: 3.2465 | D_A: 0.0484 | D_B: 0.0219 | Cycle: 1.4937 | grad_G: 22.97
Epoch 72/80 | Step 506250 | G: 2.7900 | D_A: 0.0607 | D_B: 0.0247 | Cycle: 1.2181 | grad_G: 21.62
Epoch 72/80 | Step 506300 | G: 2.6568 | D_A: 0.0456 | D_B: 0.0336 | Cycle: 1.0225 | grad_G: 20.40
Epoch 72/80 | Step 506350 | G: 2.7271 | D_A: 0.0448 | D_B: 0.0240 | Cycle: 0.9028 | grad_G: 47.41
Epoch 72/80 | Step 506400 | G: 2.8555 | D_A: 0.0346 | D_B: 0.0590 | Cycle: 1.1445 | grad_G: 27.96
Epoch 72/80 | Step 506450 | G: 2.8840 | D_A: 0.0601 | D_B: 0.0200 | Cycle: 1.0042 | grad_G: 30.65
Epoch 72/80 | Step 506500 | G: 2.9569 | D_A: 0.0364 | D_B: 0.0216 | Cycle: 0.9628 | grad_G: 38.68
Epoch 72/80 | Step 506550 | G: 2.4763 | D_A: 0.1580 | D_B: 0.0629 | Cycle: 0.8841 | grad_G: 24.40
Epoch 72/80 | Step 506600 | G: 2.9857 | D_A: 0.0437 | D_B: 0.0301 | Cycle: 1.3926 | grad_G: 29.36
Epoch 72/80 | Step 506650 | G: 2.5926 | D_A: 0.0639 | D_B: 0.0234 | Cycle: 0.9787 | grad_G: 25.41
Epoch 72/80 | Step 506700 | G: 2.5229 | D_A: 0.0246 | D_B: 0.0197 | Cycle: 0.9922 | grad_G: 26.89
Epoch 72/80 complete | Time: 445s | Avg G: 2.8460 | Avg D: 0.0486 | grad_G: 32.66
Epoch 73/80 | Step 506750 | G: 2.9480 | D_A: 0.0860 | D_B: 0.0337 | Cycle: 1.0878 | grad_G: 31.18
Epoch 73/80 | Step 506800 | G: 3.0030 | D_A: 0.0346 | D_B: 0.0301 | Cycle: 1.1761 | grad_G: 26.01
Epoch 73/80 | Step 506850 | G: 2.5951 | D_A: 0.0306 | D_B: 0.1709 | Cycle: 0.7092 | grad_G: 46.96
Epoch 73/80 | Step 506900 | G: 2.5914 | D_A: 0.0435 | D_B: 0.0441 | Cycle: 0.9515 | grad_G: 25.30
Epoch 73/80 | Step 506950 | G: 2.7138 | D_A: 0.0534 | D_B: 0.0239 | Cycle: 1.0191 | grad_G: 32.26
Epoch 73/80 | Step 507000 | G: 3.0399 | D_A: 0.0416 | D_B: 0.0416 | Cycle: 1.1436 | grad_G: 22.24
Epoch 73/80 | Step 507050 | G: 2.6851 | D_A: 0.0280 | D_B: 0.0309 | Cycle: 1.1003 | grad_G: 27.90
Epoch 73/80 | Step 507100 | G: 2.7304 | D_A: 0.0413 | D_B: 0.0328 | Cycle: 1.1178 | grad_G: 27.90
Epoch 73/80 | Step 507150 | G: 2.6122 | D_A: 0.0425 | D_B: 0.0278 | Cycle: 0.8698 | grad_G: 22.37
Epoch 73/80 | Step 507200 | G: 3.1169 | D_A: 0.0227 | D_B: 0.0342 | Cycle: 1.3344 | grad_G: 20.70
Epoch 73/80 | Step 507250 | G: 3.5027 | D_A: 0.0566 | D_B: 0.0377 | Cycle: 1.4836 | grad_G: 24.52
Epoch 73/80 | Step 507300 | G: 3.4808 | D_A: 0.0444 | D_B: 0.0380 | Cycle: 1.2650 | grad_G: 26.33
Epoch 73/80 | Step 507350 | G: 2.2179 | D_A: 0.0457 | D_B: 0.0988 | Cycle: 0.8171 | grad_G: 24.38
Epoch 73/80 | Step 507400 | G: 2.9279 | D_A: 0.1283 | D_B: 0.0258 | Cycle: 1.1154 | grad_G: 36.17
Epoch 73/80 | Step 507450 | G: 3.1605 | D_A: 0.0422 | D_B: 0.0242 | Cycle: 1.3614 | grad_G: 32.38
Epoch 73/80 | Step 507500 | G: 2.6873 | D_A: 0.0379 | D_B: 0.0204 | Cycle: 0.8526 | grad_G: 35.36
Epoch 73/80 | Step 507550 | G: 2.3511 | D_A: 0.0388 | D_B: 0.0471 | Cycle: 0.9055 | grad_G: 34.45
Epoch 73/80 | Step 507600 | G: 2.2190 | D_A: 0.1075 | D_B: 0.0792 | Cycle: 0.7982 | grad_G: 28.93
Epoch 73/80 | Step 507650 | G: 2.5384 | D_A: 0.1442 | D_B: 0.0461 | Cycle: 0.9310 | grad_G: 24.88
Epoch 73/80 | Step 507700 | G: 2.7187 | D_A: 0.0266 | D_B: 0.0363 | Cycle: 0.9433 | grad_G: 56.52
Epoch 73/80 | Step 507750 | G: 2.3023 | D_A: 0.0279 | D_B: 0.0691 | Cycle: 0.8536 | grad_G: 37.98
Epoch 73/80 | Step 507800 | G: 2.8387 | D_A: 0.0237 | D_B: 0.0367 | Cycle: 0.9188 | grad_G: 19.98
Epoch 73/80 | Step 507850 | G: 3.4543 | D_A: 0.0535 | D_B: 0.0217 | Cycle: 1.6718 | grad_G: 16.76
Epoch 73/80 | Step 507900 | G: 3.2521 | D_A: 0.0497 | D_B: 0.0360 | Cycle: 1.2923 | grad_G: 22.84
Epoch 73/80 | Step 507950 | G: 2.9346 | D_A: 0.0533 | D_B: 0.0297 | Cycle: 1.1921 | grad_G: 19.66
Epoch 73/80 | Step 508000 | G: 2.4328 | D_A: 0.0776 | D_B: 0.0232 | Cycle: 0.9463 | grad_G: 25.85
Epoch 73/80 | Step 508050 | G: 2.4199 | D_A: 0.0329 | D_B: 0.1614 | Cycle: 0.8426 | grad_G: 31.81
Epoch 73/80 | Step 508100 | G: 3.4954 | D_A: 0.1755 | D_B: 0.0280 | Cycle: 1.8703 | grad_G: 34.89
Epoch 73/80 | Step 508150 | G: 2.9221 | D_A: 0.0231 | D_B: 0.0261 | Cycle: 1.0973 | grad_G: 27.03
Epoch 73/80 | Step 508200 | G: 2.9786 | D_A: 0.0872 | D_B: 0.0604 | Cycle: 1.1533 | grad_G: 22.05
Epoch 73/80 | Step 508250 | G: 2.9150 | D_A: 0.0289 | D_B: 0.0501 | Cycle: 1.0991 | grad_G: 49.53
Epoch 73/80 | Step 508300 | G: 2.6795 | D_A: 0.0495 | D_B: 0.0238 | Cycle: 0.9905 | grad_G: 29.97
Epoch 73/80 | Step 508350 | G: 2.8786 | D_A: 0.0212 | D_B: 0.0329 | Cycle: 0.9599 | grad_G: 27.11
Epoch 73/80 | Step 508400 | G: 2.2693 | D_A: 0.0861 | D_B: 0.0319 | Cycle: 0.8224 | grad_G: 36.70
Epoch 73/80 | Step 508450 | G: 3.4078 | D_A: 0.0304 | D_B: 0.0259 | Cycle: 1.3409 | grad_G: 34.82
Epoch 73/80 | Step 508500 | G: 2.8405 | D_A: 0.0302 | D_B: 0.0250 | Cycle: 1.0510 | grad_G: 25.98
Epoch 73/80 | Step 508550 | G: 3.4351 | D_A: 0.0312 | D_B: 0.0759 | Cycle: 1.4912 | grad_G: 15.53
Epoch 73/80 | Step 508600 | G: 3.0547 | D_A: 0.0139 | D_B: 0.0520 | Cycle: 1.2559 | grad_G: 34.78
Epoch 73/80 | Step 508650 | G: 3.0688 | D_A: 0.0747 | D_B: 0.0615 | Cycle: 1.2368 | grad_G: 23.50
Epoch 73/80 | Step 508700 | G: 2.9870 | D_A: 0.0234 | D_B: 0.0526 | Cycle: 1.1598 | grad_G: 82.11
Epoch 73/80 | Step 508750 | G: 3.0258 | D_A: 0.1795 | D_B: 0.0334 | Cycle: 1.2647 | grad_G: 30.54
Epoch 73/80 | Step 508800 | G: 2.4686 | D_A: 0.0351 | D_B: 0.0777 | Cycle: 1.1509 | grad_G: 23.29
Epoch 73/80 | Step 508850 | G: 2.6376 | D_A: 0.0374 | D_B: 0.0790 | Cycle: 0.8786 | grad_G: 46.86
Epoch 73/80 | Step 508900 | G: 2.9055 | D_A: 0.0335 | D_B: 0.0514 | Cycle: 1.1312 | grad_G: 28.68
Epoch 73/80 | Step 508950 | G: 2.9697 | D_A: 0.0461 | D_B: 0.1025 | Cycle: 1.1348 | grad_G: 16.03
Epoch 73/80 | Step 509000 | G: 2.6878 | D_A: 0.0313 | D_B: 0.0300 | Cycle: 1.0132 | grad_G: 32.08
Epoch 73/80 | Step 509050 | G: 2.5421 | D_A: 0.0631 | D_B: 0.0460 | Cycle: 0.9211 | grad_G: 23.82
Epoch 73/80 | Step 509100 | G: 2.8418 | D_A: 0.0361 | D_B: 0.0321 | Cycle: 0.9814 | grad_G: 23.90
Epoch 73/80 | Step 509150 | G: 2.8400 | D_A: 0.0358 | D_B: 0.0609 | Cycle: 1.4025 | grad_G: 29.70
Epoch 73/80 | Step 509200 | G: 2.9291 | D_A: 0.0276 | D_B: 0.0880 | Cycle: 1.0458 | grad_G: 35.43
Epoch 73/80 | Step 509250 | G: 3.0813 | D_A: 0.0309 | D_B: 0.0778 | Cycle: 1.2206 | grad_G: 20.12
Epoch 73/80 | Step 509300 | G: 2.6086 | D_A: 0.0449 | D_B: 0.0246 | Cycle: 1.0207 | grad_G: 41.85
Epoch 73/80 | Step 509350 | G: 3.0155 | D_A: 0.0734 | D_B: 0.0363 | Cycle: 1.1631 | grad_G: 21.16
Epoch 73/80 | Step 509400 | G: 3.0378 | D_A: 0.0352 | D_B: 0.0359 | Cycle: 1.2372 | grad_G: 30.67
Epoch 73/80 | Step 509450 | G: 2.9218 | D_A: 0.0492 | D_B: 0.0523 | Cycle: 1.0901 | grad_G: 26.48
Epoch 73/80 | Step 509500 | G: 3.0098 | D_A: 0.0467 | D_B: 0.0294 | Cycle: 1.2787 | grad_G: 28.11
Epoch 73/80 | Step 509550 | G: 2.3716 | D_A: 0.3124 | D_B: 0.0240 | Cycle: 1.0189 | grad_G: 26.71
Epoch 73/80 | Step 509600 | G: 2.1271 | D_A: 0.0240 | D_B: 0.0244 | Cycle: 0.7084 | grad_G: 37.90
Epoch 73/80 | Step 509650 | G: 2.5264 | D_A: 0.0709 | D_B: 0.0496 | Cycle: 1.0458 | grad_G: 23.98
Epoch 73/80 | Step 509700 | G: 2.1527 | D_A: 0.0407 | D_B: 0.1713 | Cycle: 0.7260 | grad_G: 45.13
Epoch 73/80 | Step 509750 | G: 2.7530 | D_A: 0.0537 | D_B: 0.1006 | Cycle: 0.9917 | grad_G: 26.25
Epoch 73/80 | Step 509800 | G: 3.4089 | D_A: 0.0793 | D_B: 0.0271 | Cycle: 1.4861 | grad_G: 66.47
Epoch 73/80 | Step 509850 | G: 2.6570 | D_A: 0.0357 | D_B: 0.0390 | Cycle: 0.9503 | grad_G: 33.17
Epoch 73/80 | Step 509900 | G: 2.8461 | D_A: 0.1607 | D_B: 0.0245 | Cycle: 1.1734 | grad_G: 35.25
Epoch 73/80 | Step 509950 | G: 3.0313 | D_A: 0.0446 | D_B: 0.0271 | Cycle: 1.1386 | grad_G: 35.33
Epoch 73/80 | Step 510000 | G: 2.6935 | D_A: 0.0187 | D_B: 0.0490 | Cycle: 1.0043 | grad_G: 28.56
Epoch 73/80 | Step 510050 | G: 2.8367 | D_A: 0.0497 | D_B: 0.0217 | Cycle: 1.2010 | grad_G: 15.95
Epoch 73/80 | Step 510100 | G: 2.5602 | D_A: 0.0645 | D_B: 0.0397 | Cycle: 1.1139 | grad_G: 39.46
Epoch 73/80 | Step 510150 | G: 2.9341 | D_A: 0.0354 | D_B: 0.0236 | Cycle: 1.1032 | grad_G: 29.68
Epoch 73/80 | Step 510200 | G: 3.0395 | D_A: 0.0466 | D_B: 0.0463 | Cycle: 1.2854 | grad_G: 24.03
Epoch 73/80 | Step 510250 | G: 2.9086 | D_A: 0.0586 | D_B: 0.0353 | Cycle: 1.0394 | grad_G: 32.29
Epoch 73/80 | Step 510300 | G: 2.5023 | D_A: 0.0515 | D_B: 0.0214 | Cycle: 1.1720 | grad_G: 60.30
Epoch 73/80 | Step 510350 | G: 2.9912 | D_A: 0.0355 | D_B: 0.0346 | Cycle: 1.0636 | grad_G: 29.11
Epoch 73/80 | Step 510400 | G: 3.2865 | D_A: 0.0264 | D_B: 0.0831 | Cycle: 1.3765 | grad_G: 37.97
Epoch 73/80 | Step 510450 | G: 3.1720 | D_A: 0.0816 | D_B: 0.0249 | Cycle: 1.0973 | grad_G: 46.98
Epoch 73/80 | Step 510500 | G: 3.1530 | D_A: 0.0438 | D_B: 0.0329 | Cycle: 1.2466 | grad_G: 25.44
Epoch 73/80 | Step 510550 | G: 2.8301 | D_A: 0.0684 | D_B: 0.0210 | Cycle: 1.2562 | grad_G: 35.48
Epoch 73/80 | Step 510600 | G: 2.5692 | D_A: 0.1015 | D_B: 0.0188 | Cycle: 0.9013 | grad_G: 26.18
Epoch 73/80 | Step 510650 | G: 2.8889 | D_A: 0.0380 | D_B: 0.0295 | Cycle: 1.2122 | grad_G: 34.80
Epoch 73/80 | Step 510700 | G: 2.4364 | D_A: 0.0504 | D_B: 0.0488 | Cycle: 1.0337 | grad_G: 34.63
Epoch 73/80 | Step 510750 | G: 2.5789 | D_A: 0.0394 | D_B: 0.1230 | Cycle: 0.7665 | grad_G: 37.68
Epoch 73/80 | Step 510800 | G: 3.0636 | D_A: 0.0289 | D_B: 0.0264 | Cycle: 1.1368 | grad_G: 23.26
Epoch 73/80 | Step 510850 | G: 2.5084 | D_A: 0.0269 | D_B: 0.0566 | Cycle: 0.8436 | grad_G: 34.70
Epoch 73/80 | Step 510900 | G: 2.9072 | D_A: 0.0544 | D_B: 0.0214 | Cycle: 0.9914 | grad_G: 27.62
Epoch 73/80 | Step 510950 | G: 2.3973 | D_A: 0.0296 | D_B: 0.0434 | Cycle: 1.0570 | grad_G: 27.09
Epoch 73/80 | Step 511000 | G: 3.0577 | D_A: 0.1156 | D_B: 0.0280 | Cycle: 1.0718 | grad_G: 26.10
Epoch 73/80 | Step 511050 | G: 3.0500 | D_A: 0.0435 | D_B: 0.0261 | Cycle: 1.3749 | grad_G: 35.56
Epoch 73/80 | Step 511100 | G: 2.7323 | D_A: 0.0427 | D_B: 0.0616 | Cycle: 1.0542 | grad_G: 45.16
Epoch 73/80 | Step 511150 | G: 3.3333 | D_A: 0.0297 | D_B: 0.0463 | Cycle: 1.2373 | grad_G: 30.78
Epoch 73/80 | Step 511200 | G: 2.3782 | D_A: 0.0324 | D_B: 0.0590 | Cycle: 0.8596 | grad_G: 30.38
Epoch 73/80 | Step 511250 | G: 2.8831 | D_A: 0.0231 | D_B: 0.1338 | Cycle: 0.9295 | grad_G: 34.49
Epoch 73/80 | Step 511300 | G: 2.4429 | D_A: 0.0534 | D_B: 0.0962 | Cycle: 0.9611 | grad_G: 32.83
Epoch 73/80 | Step 511350 | G: 2.7453 | D_A: 0.0334 | D_B: 0.0307 | Cycle: 0.9056 | grad_G: 43.57
Epoch 73/80 | Step 511400 | G: 2.0346 | D_A: 0.0374 | D_B: 0.0814 | Cycle: 0.9078 | grad_G: 20.37
Epoch 73/80 | Step 511450 | G: 2.8569 | D_A: 0.1350 | D_B: 0.0197 | Cycle: 0.9830 | grad_G: 28.57
Epoch 73/80 | Step 511500 | G: 2.4142 | D_A: 0.0476 | D_B: 0.1048 | Cycle: 0.7089 | grad_G: 27.89
Epoch 73/80 | Step 511550 | G: 2.9551 | D_A: 0.0413 | D_B: 0.0205 | Cycle: 1.0757 | grad_G: 25.78
Epoch 73/80 | Step 511600 | G: 2.5257 | D_A: 0.0885 | D_B: 0.0511 | Cycle: 0.8810 | grad_G: 30.80
Epoch 73/80 | Step 511650 | G: 2.7327 | D_A: 0.0483 | D_B: 0.0446 | Cycle: 1.2332 | grad_G: 21.59
Epoch 73/80 | Step 511700 | G: 2.4120 | D_A: 0.0425 | D_B: 0.1476 | Cycle: 0.8640 | grad_G: 20.49
Epoch 73/80 | Step 511750 | G: 3.0940 | D_A: 0.0402 | D_B: 0.0817 | Cycle: 0.9840 | grad_G: 45.52
Epoch 73/80 | Step 511800 | G: 2.9136 | D_A: 0.0377 | D_B: 0.0287 | Cycle: 1.4147 | grad_G: 21.26
Epoch 73/80 | Step 511850 | G: 2.7461 | D_A: 0.0519 | D_B: 0.0275 | Cycle: 1.1211 | grad_G: 21.17
Epoch 73/80 | Step 511900 | G: 3.1900 | D_A: 0.0605 | D_B: 0.0391 | Cycle: 1.1291 | grad_G: 32.44
Epoch 73/80 | Step 511950 | G: 2.5924 | D_A: 0.0338 | D_B: 0.0360 | Cycle: 1.0236 | grad_G: 29.95
Epoch 73/80 | Step 512000 | G: 2.9224 | D_A: 0.0224 | D_B: 0.0231 | Cycle: 1.1457 | grad_G: 22.24
Epoch 73/80 | Step 512050 | G: 2.8821 | D_A: 0.0939 | D_B: 0.0286 | Cycle: 1.1412 | grad_G: 24.61
Epoch 73/80 | Step 512100 | G: 3.2922 | D_A: 0.0383 | D_B: 0.0286 | Cycle: 1.4482 | grad_G: 27.04
Epoch 73/80 | Step 512150 | G: 2.9413 | D_A: 0.0385 | D_B: 0.0318 | Cycle: 1.2968 | grad_G: 27.50
Epoch 73/80 | Step 512200 | G: 3.3158 | D_A: 0.0358 | D_B: 0.0228 | Cycle: 1.4828 | grad_G: 29.62
Epoch 73/80 | Step 512250 | G: 2.3608 | D_A: 0.0333 | D_B: 0.0274 | Cycle: 0.9322 | grad_G: 36.32
Epoch 73/80 | Step 512300 | G: 3.1643 | D_A: 0.0356 | D_B: 0.0266 | Cycle: 1.1507 | grad_G: 35.26
Epoch 73/80 | Step 512350 | G: 2.5260 | D_A: 0.0406 | D_B: 0.0786 | Cycle: 1.2154 | grad_G: 22.03
Epoch 73/80 | Step 512400 | G: 2.8353 | D_A: 0.0310 | D_B: 0.0369 | Cycle: 1.2335 | grad_G: 29.73
Epoch 73/80 | Step 512450 | G: 3.1931 | D_A: 0.0972 | D_B: 0.0389 | Cycle: 1.2660 | grad_G: 20.73
Epoch 73/80 | Step 512500 | G: 2.9479 | D_A: 0.0507 | D_B: 0.0157 | Cycle: 1.0587 | grad_G: 64.64
Epoch 73/80 | Step 512550 | G: 2.9977 | D_A: 0.0506 | D_B: 0.0305 | Cycle: 1.1667 | grad_G: 24.06
Epoch 73/80 | Step 512600 | G: 2.5287 | D_A: 0.0413 | D_B: 0.0684 | Cycle: 0.9708 | grad_G: 34.52
Epoch 73/80 | Step 512650 | G: 3.3798 | D_A: 0.0374 | D_B: 0.0251 | Cycle: 1.2793 | grad_G: 51.24
Epoch 73/80 | Step 512700 | G: 2.8836 | D_A: 0.0634 | D_B: 0.0170 | Cycle: 0.9421 | grad_G: 30.78
Epoch 73/80 | Step 512750 | G: 2.7231 | D_A: 0.0243 | D_B: 0.0466 | Cycle: 0.8363 | grad_G: 42.32
Epoch 73/80 | Step 512800 | G: 2.7110 | D_A: 0.0433 | D_B: 0.1117 | Cycle: 1.0305 | grad_G: 56.21
Epoch 73/80 | Step 512850 | G: 2.1784 | D_A: 0.0563 | D_B: 0.1669 | Cycle: 0.7025 | grad_G: 25.17
Epoch 73/80 | Step 512900 | G: 3.1044 | D_A: 0.0425 | D_B: 0.0449 | Cycle: 1.4228 | grad_G: 37.01
Epoch 73/80 | Step 512950 | G: 3.0054 | D_A: 0.0773 | D_B: 0.0210 | Cycle: 1.2689 | grad_G: 22.09
Epoch 73/80 | Step 513000 | G: 2.6532 | D_A: 0.0486 | D_B: 0.0254 | Cycle: 1.0042 | grad_G: 28.25
Epoch 73/80 | Step 513050 | G: 2.5810 | D_A: 0.0622 | D_B: 0.0213 | Cycle: 0.9623 | grad_G: 22.03
Epoch 73/80 | Step 513100 | G: 2.6087 | D_A: 0.0764 | D_B: 0.0170 | Cycle: 0.9388 | grad_G: 41.94
Epoch 73/80 | Step 513150 | G: 3.1233 | D_A: 0.0540 | D_B: 0.0329 | Cycle: 1.2553 | grad_G: 41.18
Epoch 73/80 | Step 513200 | G: 2.8703 | D_A: 0.0233 | D_B: 0.0783 | Cycle: 1.1290 | grad_G: 48.28
Epoch 73/80 | Step 513250 | G: 2.4796 | D_A: 0.0376 | D_B: 0.0344 | Cycle: 0.9864 | grad_G: 53.32
Epoch 73/80 | Step 513300 | G: 3.6347 | D_A: 0.0524 | D_B: 0.0542 | Cycle: 1.1657 | grad_G: 27.35
Epoch 73/80 | Step 513350 | G: 3.1407 | D_A: 0.0528 | D_B: 0.0210 | Cycle: 1.0676 | grad_G: 31.52
Epoch 73/80 | Step 513400 | G: 3.0851 | D_A: 0.0326 | D_B: 0.0273 | Cycle: 1.1541 | grad_G: 30.60
Epoch 73/80 | Step 513450 | G: 3.2457 | D_A: 0.0399 | D_B: 0.0690 | Cycle: 1.4863 | grad_G: 27.20
Epoch 73/80 | Step 513500 | G: 3.2183 | D_A: 0.0329 | D_B: 0.0288 | Cycle: 1.0252 | grad_G: 32.96
Epoch 73/80 | Step 513550 | G: 2.5595 | D_A: 0.0575 | D_B: 0.0212 | Cycle: 0.9867 | grad_G: 50.79
Epoch 73/80 | Step 513600 | G: 2.6333 | D_A: 0.0415 | D_B: 0.0305 | Cycle: 0.9086 | grad_G: 22.17
Epoch 73/80 | Step 513650 | G: 2.7365 | D_A: 0.0753 | D_B: 0.0499 | Cycle: 0.9189 | grad_G: 24.27
Epoch 73/80 | Step 513700 | G: 2.8209 | D_A: 0.0809 | D_B: 0.0378 | Cycle: 1.0769 | grad_G: 32.01
Epoch 73/80 | Step 513750 | G: 3.0428 | D_A: 0.0791 | D_B: 0.0285 | Cycle: 1.1414 | grad_G: 51.56
Epoch 73/80 complete | Time: 462s | Avg G: 2.8455 | Avg D: 0.0477 | grad_G: 31.21
Epoch 74/80 | Step 513800 | G: 3.0094 | D_A: 0.0634 | D_B: 0.0523 | Cycle: 1.1887 | grad_G: 22.80
Epoch 74/80 | Step 513850 | G: 2.6623 | D_A: 0.0251 | D_B: 0.0908 | Cycle: 1.1348 | grad_G: 36.60
Epoch 74/80 | Step 513900 | G: 2.9649 | D_A: 0.0556 | D_B: 0.0249 | Cycle: 1.1383 | grad_G: 23.61
Epoch 74/80 | Step 513950 | G: 2.7132 | D_A: 0.0488 | D_B: 0.0345 | Cycle: 0.9852 | grad_G: 27.40
Epoch 74/80 | Step 514000 | G: 2.8742 | D_A: 0.1119 | D_B: 0.0278 | Cycle: 1.0686 | grad_G: 44.90
Epoch 74/80 | Step 514050 | G: 2.6236 | D_A: 0.0436 | D_B: 0.1012 | Cycle: 0.6892 | grad_G: 34.25
Epoch 74/80 | Step 514100 | G: 2.7512 | D_A: 0.0500 | D_B: 0.0218 | Cycle: 0.9845 | grad_G: 29.80
Epoch 74/80 | Step 514150 | G: 2.7596 | D_A: 0.0432 | D_B: 0.0453 | Cycle: 0.9585 | grad_G: 37.07
Epoch 74/80 | Step 514200 | G: 2.7107 | D_A: 0.0239 | D_B: 0.0406 | Cycle: 0.9512 | grad_G: 34.86
Epoch 74/80 | Step 514250 | G: 2.4502 | D_A: 0.0617 | D_B: 0.0481 | Cycle: 1.1051 | grad_G: 31.11
Epoch 74/80 | Step 514300 | G: 2.4835 | D_A: 0.0397 | D_B: 0.1148 | Cycle: 1.1928 | grad_G: 39.84
Epoch 74/80 | Step 514350 | G: 3.0331 | D_A: 0.0565 | D_B: 0.0354 | Cycle: 1.0816 | grad_G: 29.45
Epoch 74/80 | Step 514400 | G: 2.6803 | D_A: 0.0472 | D_B: 0.0397 | Cycle: 0.9379 | grad_G: 28.08
Epoch 74/80 | Step 514450 | G: 3.6761 | D_A: 0.0242 | D_B: 0.0196 | Cycle: 1.4704 | grad_G: 47.10
Epoch 74/80 | Step 514500 | G: 2.8383 | D_A: 0.0506 | D_B: 0.0368 | Cycle: 1.0712 | grad_G: 30.11
Epoch 74/80 | Step 514550 | G: 2.9459 | D_A: 0.0336 | D_B: 0.0320 | Cycle: 1.2784 | grad_G: 25.82
Epoch 74/80 | Step 514600 | G: 3.1251 | D_A: 0.0356 | D_B: 0.0258 | Cycle: 1.3374 | grad_G: 40.60
Epoch 74/80 | Step 514650 | G: 2.9231 | D_A: 0.0737 | D_B: 0.0225 | Cycle: 1.1141 | grad_G: 26.61
Epoch 74/80 | Step 514700 | G: 2.7490 | D_A: 0.0692 | D_B: 0.0282 | Cycle: 1.2846 | grad_G: 42.56
Epoch 74/80 | Step 514750 | G: 3.0974 | D_A: 0.0380 | D_B: 0.0264 | Cycle: 1.0250 | grad_G: 36.87
Epoch 74/80 | Step 514800 | G: 2.6192 | D_A: 0.1314 | D_B: 0.0212 | Cycle: 0.8332 | grad_G: 49.80
Epoch 74/80 | Step 514850 | G: 2.4555 | D_A: 0.0751 | D_B: 0.0495 | Cycle: 0.9798 | grad_G: 26.44
Epoch 74/80 | Step 514900 | G: 3.3036 | D_A: 0.0325 | D_B: 0.0258 | Cycle: 1.4990 | grad_G: 21.65
Epoch 74/80 | Step 514950 | G: 3.3833 | D_A: 0.0801 | D_B: 0.0365 | Cycle: 1.3344 | grad_G: 29.06
Epoch 74/80 | Step 515000 | G: 2.4591 | D_A: 0.0620 | D_B: 0.0327 | Cycle: 1.1081 | grad_G: 50.96
Epoch 74/80 | Step 515050 | G: 3.5877 | D_A: 0.0326 | D_B: 0.0261 | Cycle: 1.2958 | grad_G: 40.51
Epoch 74/80 | Step 515100 | G: 2.5095 | D_A: 0.0310 | D_B: 0.0857 | Cycle: 0.9659 | grad_G: 35.31
Epoch 74/80 | Step 515150 | G: 3.1920 | D_A: 0.0362 | D_B: 0.0377 | Cycle: 1.4945 | grad_G: 26.00
Epoch 74/80 | Step 515200 | G: 2.1378 | D_A: 0.0834 | D_B: 0.0924 | Cycle: 0.9250 | grad_G: 26.49
Epoch 74/80 | Step 515250 | G: 3.2443 | D_A: 0.0569 | D_B: 0.0374 | Cycle: 1.3376 | grad_G: 34.10
Epoch 74/80 | Step 515300 | G: 2.6252 | D_A: 0.0643 | D_B: 0.0189 | Cycle: 1.0823 | grad_G: 47.45
Epoch 74/80 | Step 515350 | G: 3.4160 | D_A: 0.1790 | D_B: 0.0332 | Cycle: 1.3942 | grad_G: 45.17
Epoch 74/80 | Step 515400 | G: 2.5283 | D_A: 0.0283 | D_B: 0.0326 | Cycle: 1.0075 | grad_G: 43.60
Epoch 74/80 | Step 515450 | G: 2.6697 | D_A: 0.0346 | D_B: 0.0433 | Cycle: 1.0149 | grad_G: 26.51
Epoch 74/80 | Step 515500 | G: 2.3569 | D_A: 0.0512 | D_B: 0.0252 | Cycle: 1.0563 | grad_G: 24.17
Epoch 74/80 | Step 515550 | G: 2.3759 | D_A: 0.1706 | D_B: 0.0372 | Cycle: 0.8644 | grad_G: 25.90
Epoch 74/80 | Step 515600 | G: 2.8277 | D_A: 0.0586 | D_B: 0.0303 | Cycle: 1.1745 | grad_G: 32.46
Epoch 74/80 | Step 515650 | G: 3.6039 | D_A: 0.0278 | D_B: 0.0365 | Cycle: 1.3445 | grad_G: 37.91
Epoch 74/80 | Step 515700 | G: 3.2993 | D_A: 0.0572 | D_B: 0.0235 | Cycle: 1.2302 | grad_G: 31.55
Epoch 74/80 | Step 515750 | G: 2.8335 | D_A: 0.0671 | D_B: 0.0624 | Cycle: 1.0523 | grad_G: 37.01
Epoch 74/80 | Step 515800 | G: 2.8457 | D_A: 0.0700 | D_B: 0.0326 | Cycle: 1.0678 | grad_G: 28.85
Epoch 74/80 | Step 515850 | G: 3.1613 | D_A: 0.0284 | D_B: 0.0387 | Cycle: 1.3604 | grad_G: 20.75
Epoch 74/80 | Step 515900 | G: 3.0136 | D_A: 0.0455 | D_B: 0.0362 | Cycle: 1.2749 | grad_G: 22.74
Epoch 74/80 | Step 515950 | G: 2.4894 | D_A: 0.1629 | D_B: 0.0223 | Cycle: 0.9565 | grad_G: 19.91
Epoch 74/80 | Step 516000 | G: 3.6166 | D_A: 0.1590 | D_B: 0.0434 | Cycle: 1.3735 | grad_G: 44.99
Epoch 74/80 | Step 516050 | G: 2.8869 | D_A: 0.0679 | D_B: 0.0368 | Cycle: 1.2164 | grad_G: 60.26
Epoch 74/80 | Step 516100 | G: 3.3431 | D_A: 0.0233 | D_B: 0.0180 | Cycle: 1.1672 | grad_G: 23.08
Epoch 74/80 | Step 516150 | G: 2.3456 | D_A: 0.0786 | D_B: 0.0334 | Cycle: 1.0108 | grad_G: 21.59
Epoch 74/80 | Step 516200 | G: 2.7737 | D_A: 0.0420 | D_B: 0.0280 | Cycle: 1.1808 | grad_G: 21.56
Epoch 74/80 | Step 516250 | G: 2.0159 | D_A: 0.0493 | D_B: 0.1144 | Cycle: 1.0426 | grad_G: 41.60
Epoch 74/80 | Step 516300 | G: 2.2425 | D_A: 0.0395 | D_B: 0.0165 | Cycle: 0.9277 | grad_G: 46.52
Epoch 74/80 | Step 516350 | G: 3.5403 | D_A: 0.0430 | D_B: 0.0275 | Cycle: 1.5386 | grad_G: 21.53
Epoch 74/80 | Step 516400 | G: 3.0557 | D_A: 0.0436 | D_B: 0.0324 | Cycle: 1.2074 | grad_G: 37.76
Epoch 74/80 | Step 516450 | G: 3.3988 | D_A: 0.0328 | D_B: 0.0240 | Cycle: 1.3766 | grad_G: 31.30
Epoch 74/80 | Step 516500 | G: 2.6088 | D_A: 0.0512 | D_B: 0.0185 | Cycle: 0.8946 | grad_G: 32.81
Epoch 74/80 | Step 516550 | G: 2.9094 | D_A: 0.0339 | D_B: 0.0273 | Cycle: 1.0803 | grad_G: 44.48
Epoch 74/80 | Step 516600 | G: 2.7687 | D_A: 0.0774 | D_B: 0.0729 | Cycle: 1.1065 | grad_G: 24.07
Epoch 74/80 | Step 516650 | G: 3.2184 | D_A: 0.0349 | D_B: 0.0185 | Cycle: 1.2369 | grad_G: 32.49
Epoch 74/80 | Step 516700 | G: 3.1175 | D_A: 0.0492 | D_B: 0.0334 | Cycle: 1.3553 | grad_G: 24.60
Epoch 74/80 | Step 516750 | G: 3.1067 | D_A: 0.0357 | D_B: 0.0275 | Cycle: 1.0080 | grad_G: 33.88
Epoch 74/80 | Step 516800 | G: 3.0152 | D_A: 0.0503 | D_B: 0.0248 | Cycle: 1.2346 | grad_G: 22.80
Epoch 74/80 | Step 516850 | G: 2.6596 | D_A: 0.0748 | D_B: 0.1068 | Cycle: 0.7623 | grad_G: 25.21
Epoch 74/80 | Step 516900 | G: 3.0976 | D_A: 0.0449 | D_B: 0.0319 | Cycle: 1.1330 | grad_G: 33.75
Epoch 74/80 | Step 516950 | G: 2.6130 | D_A: 0.0745 | D_B: 0.0304 | Cycle: 1.1287 | grad_G: 27.69
Epoch 74/80 | Step 517000 | G: 3.0034 | D_A: 0.0557 | D_B: 0.0687 | Cycle: 1.5497 | grad_G: 21.52
Epoch 74/80 | Step 517050 | G: 3.0518 | D_A: 0.0316 | D_B: 0.0206 | Cycle: 1.0720 | grad_G: 40.91
Epoch 74/80 | Step 517100 | G: 2.7426 | D_A: 0.0539 | D_B: 0.0870 | Cycle: 0.9768 | grad_G: 21.15
Epoch 74/80 | Step 517150 | G: 3.1911 | D_A: 0.0244 | D_B: 0.0241 | Cycle: 1.2013 | grad_G: 33.02
Epoch 74/80 | Step 517200 | G: 3.0584 | D_A: 0.0355 | D_B: 0.0258 | Cycle: 1.3533 | grad_G: 23.61
Epoch 74/80 | Step 517250 | G: 3.0158 | D_A: 0.0281 | D_B: 0.0258 | Cycle: 1.1725 | grad_G: 23.96
Epoch 74/80 | Step 517300 | G: 2.8644 | D_A: 0.0250 | D_B: 0.0209 | Cycle: 1.1298 | grad_G: 28.67
Epoch 74/80 | Step 517350 | G: 2.8883 | D_A: 0.0355 | D_B: 0.0423 | Cycle: 1.1483 | grad_G: 24.42
Epoch 74/80 | Step 517400 | G: 2.4002 | D_A: 0.0576 | D_B: 0.0379 | Cycle: 0.9181 | grad_G: 27.81
Epoch 74/80 | Step 517450 | G: 2.8872 | D_A: 0.0351 | D_B: 0.0220 | Cycle: 0.9342 | grad_G: 41.13
Epoch 74/80 | Step 517500 | G: 3.4964 | D_A: 0.0238 | D_B: 0.0226 | Cycle: 1.5049 | grad_G: 23.86
Epoch 74/80 | Step 517550 | G: 3.0536 | D_A: 0.0436 | D_B: 0.0347 | Cycle: 1.4190 | grad_G: 20.58
Epoch 74/80 | Step 517600 | G: 2.9494 | D_A: 0.0425 | D_B: 0.0271 | Cycle: 1.0518 | grad_G: 21.61
Epoch 74/80 | Step 517650 | G: 3.1460 | D_A: 0.0402 | D_B: 0.0490 | Cycle: 1.2707 | grad_G: 21.24
Epoch 74/80 | Step 517700 | G: 3.1259 | D_A: 0.0247 | D_B: 0.0316 | Cycle: 1.1744 | grad_G: 19.33
Epoch 74/80 | Step 517750 | G: 3.1728 | D_A: 0.0286 | D_B: 0.0624 | Cycle: 1.6380 | grad_G: 19.91
Epoch 74/80 | Step 517800 | G: 2.3040 | D_A: 0.0442 | D_B: 0.0563 | Cycle: 0.7861 | grad_G: 24.97
Epoch 74/80 | Step 517850 | G: 2.9699 | D_A: 0.0322 | D_B: 0.0196 | Cycle: 1.2011 | grad_G: 33.32
Epoch 74/80 | Step 517900 | G: 2.6599 | D_A: 0.0796 | D_B: 0.0319 | Cycle: 0.8673 | grad_G: 51.92
Epoch 74/80 | Step 517950 | G: 3.2747 | D_A: 0.0344 | D_B: 0.0205 | Cycle: 1.1356 | grad_G: 22.43
Epoch 74/80 | Step 518000 | G: 2.5297 | D_A: 0.0472 | D_B: 0.0272 | Cycle: 1.0172 | grad_G: 30.01
Epoch 74/80 | Step 518050 | G: 2.6500 | D_A: 0.0430 | D_B: 0.0465 | Cycle: 1.0153 | grad_G: 26.39
Epoch 74/80 | Step 518100 | G: 2.9839 | D_A: 0.0622 | D_B: 0.0299 | Cycle: 0.9899 | grad_G: 17.54
Epoch 74/80 | Step 518150 | G: 3.2087 | D_A: 0.0691 | D_B: 0.0265 | Cycle: 1.3265 | grad_G: 23.71
Epoch 74/80 | Step 518200 | G: 3.5830 | D_A: 0.0504 | D_B: 0.0203 | Cycle: 1.6494 | grad_G: 40.78
Epoch 74/80 | Step 518250 | G: 2.6505 | D_A: 0.0383 | D_B: 0.0463 | Cycle: 0.9482 | grad_G: 34.87
Epoch 74/80 | Step 518300 | G: 1.8590 | D_A: 0.0371 | D_B: 0.0615 | Cycle: 0.6110 | grad_G: 29.91
Epoch 74/80 | Step 518350 | G: 3.2957 | D_A: 0.0456 | D_B: 0.0296 | Cycle: 1.3440 | grad_G: 40.45
Epoch 74/80 | Step 518400 | G: 3.1463 | D_A: 0.0379 | D_B: 0.0438 | Cycle: 1.3213 | grad_G: 28.57
Epoch 74/80 | Step 518450 | G: 2.9176 | D_A: 0.0387 | D_B: 0.0407 | Cycle: 1.2410 | grad_G: 49.68
Epoch 74/80 | Step 518500 | G: 2.7927 | D_A: 0.0594 | D_B: 0.0233 | Cycle: 1.1668 | grad_G: 19.88
Epoch 74/80 | Step 518550 | G: 2.6329 | D_A: 0.0284 | D_B: 0.0299 | Cycle: 0.9952 | grad_G: 30.00
Epoch 74/80 | Step 518600 | G: 2.5061 | D_A: 0.0237 | D_B: 0.0316 | Cycle: 0.8423 | grad_G: 40.42
Epoch 74/80 | Step 518650 | G: 3.1246 | D_A: 0.0372 | D_B: 0.0260 | Cycle: 1.2360 | grad_G: 23.27
Epoch 74/80 | Step 518700 | G: 2.7988 | D_A: 0.1792 | D_B: 0.0300 | Cycle: 0.8443 | grad_G: 29.51
Epoch 74/80 | Step 518750 | G: 3.1658 | D_A: 0.0265 | D_B: 0.0537 | Cycle: 1.1525 | grad_G: 36.58
Epoch 74/80 | Step 518800 | G: 3.8165 | D_A: 0.0449 | D_B: 0.0287 | Cycle: 1.8697 | grad_G: 24.36
Epoch 74/80 | Step 518850 | G: 2.6256 | D_A: 0.0426 | D_B: 0.0255 | Cycle: 0.8112 | grad_G: 46.20
Epoch 74/80 | Step 518900 | G: 3.1781 | D_A: 0.0693 | D_B: 0.0218 | Cycle: 1.1469 | grad_G: 20.87
Epoch 74/80 | Step 518950 | G: 2.4266 | D_A: 0.0280 | D_B: 0.0409 | Cycle: 0.9319 | grad_G: 42.89
Epoch 74/80 | Step 519000 | G: 2.8973 | D_A: 0.0326 | D_B: 0.0361 | Cycle: 0.9941 | grad_G: 33.80
Epoch 74/80 | Step 519050 | G: 3.0422 | D_A: 0.0314 | D_B: 0.0532 | Cycle: 1.0785 | grad_G: 32.33
Epoch 74/80 | Step 519100 | G: 2.6299 | D_A: 0.0333 | D_B: 0.0351 | Cycle: 1.1043 | grad_G: 28.70
Epoch 74/80 | Step 519150 | G: 4.0372 | D_A: 0.0335 | D_B: 0.0339 | Cycle: 1.7872 | grad_G: 20.38
Epoch 74/80 | Step 519200 | G: 3.4014 | D_A: 0.0634 | D_B: 0.0208 | Cycle: 1.3750 | grad_G: 30.21
Epoch 74/80 | Step 519250 | G: 2.5918 | D_A: 0.0260 | D_B: 0.0997 | Cycle: 0.8365 | grad_G: 24.17
Epoch 74/80 | Step 519300 | G: 2.7759 | D_A: 0.0753 | D_B: 0.1842 | Cycle: 1.0434 | grad_G: 29.59
Epoch 74/80 | Step 519350 | G: 2.7335 | D_A: 0.0583 | D_B: 0.0293 | Cycle: 1.0228 | grad_G: 20.32
Epoch 74/80 | Step 519400 | G: 2.2616 | D_A: 0.0420 | D_B: 0.0401 | Cycle: 0.8691 | grad_G: 46.66
Epoch 74/80 | Step 519450 | G: 2.7805 | D_A: 0.1106 | D_B: 0.0362 | Cycle: 1.1388 | grad_G: 28.14
Epoch 74/80 | Step 519500 | G: 2.7313 | D_A: 0.0343 | D_B: 0.0355 | Cycle: 1.1125 | grad_G: 22.00
Epoch 74/80 | Step 519550 | G: 2.7188 | D_A: 0.0326 | D_B: 0.0831 | Cycle: 0.9874 | grad_G: 37.72
Epoch 74/80 | Step 519600 | G: 2.4329 | D_A: 0.0272 | D_B: 0.0617 | Cycle: 0.9361 | grad_G: 27.22
Epoch 74/80 | Step 519650 | G: 2.8921 | D_A: 0.0297 | D_B: 0.0559 | Cycle: 1.3945 | grad_G: 33.53
Epoch 74/80 | Step 519700 | G: 2.6183 | D_A: 0.0282 | D_B: 0.0478 | Cycle: 0.8624 | grad_G: 30.07
Epoch 74/80 | Step 519750 | G: 3.2024 | D_A: 0.1541 | D_B: 0.0248 | Cycle: 1.2226 | grad_G: 38.80
Epoch 74/80 | Step 519800 | G: 2.7887 | D_A: 0.0591 | D_B: 0.0373 | Cycle: 1.0965 | grad_G: 27.26
Epoch 74/80 | Step 519850 | G: 3.1908 | D_A: 0.0285 | D_B: 0.0209 | Cycle: 1.1238 | grad_G: 33.29
Epoch 74/80 | Step 519900 | G: 2.4112 | D_A: 0.1438 | D_B: 0.0563 | Cycle: 0.9619 | grad_G: 31.44
Epoch 74/80 | Step 519950 | G: 2.7037 | D_A: 0.0434 | D_B: 0.0233 | Cycle: 0.9370 | grad_G: 37.29
Epoch 74/80 | Step 520000 | G: 2.8879 | D_A: 0.0339 | D_B: 0.0238 | Cycle: 1.1766 | grad_G: 24.28
Epoch 74/80 | Step 520050 | G: 3.1470 | D_A: 0.0345 | D_B: 0.0293 | Cycle: 1.1569 | grad_G: 34.36
Epoch 74/80 | Step 520100 | G: 2.5461 | D_A: 0.0239 | D_B: 0.0517 | Cycle: 0.9971 | grad_G: 28.57
Epoch 74/80 | Step 520150 | G: 2.5217 | D_A: 0.0368 | D_B: 0.0286 | Cycle: 0.8302 | grad_G: 40.84
Epoch 74/80 | Step 520200 | G: 2.5462 | D_A: 0.0350 | D_B: 0.0730 | Cycle: 0.9209 | grad_G: 23.77
Epoch 74/80 | Step 520250 | G: 3.1356 | D_A: 0.0313 | D_B: 0.0222 | Cycle: 1.0813 | grad_G: 24.32
Epoch 74/80 | Step 520300 | G: 2.9228 | D_A: 0.0494 | D_B: 0.0644 | Cycle: 1.0220 | grad_G: 34.09
Epoch 74/80 | Step 520350 | G: 2.6937 | D_A: 0.0627 | D_B: 0.0440 | Cycle: 1.1789 | grad_G: 31.56
Epoch 74/80 | Step 520400 | G: 2.8585 | D_A: 0.0698 | D_B: 0.0406 | Cycle: 1.1106 | grad_G: 33.35
Epoch 74/80 | Step 520450 | G: 2.8765 | D_A: 0.0341 | D_B: 0.0280 | Cycle: 1.1078 | grad_G: 31.96
Epoch 74/80 | Step 520500 | G: 3.0355 | D_A: 0.0235 | D_B: 0.0199 | Cycle: 0.9825 | grad_G: 28.20
Epoch 74/80 | Step 520550 | G: 3.4163 | D_A: 0.0252 | D_B: 0.0348 | Cycle: 1.1978 | grad_G: 29.43
Epoch 74/80 | Step 520600 | G: 2.9837 | D_A: 0.0355 | D_B: 0.0192 | Cycle: 1.3609 | grad_G: 22.74
Epoch 74/80 | Step 520650 | G: 2.7689 | D_A: 0.0474 | D_B: 0.0350 | Cycle: 0.9741 | grad_G: 40.05
Epoch 74/80 | Step 520700 | G: 2.8417 | D_A: 0.0436 | D_B: 0.0335 | Cycle: 1.0956 | grad_G: 22.88
Epoch 74/80 | Step 520750 | G: 2.7931 | D_A: 0.0463 | D_B: 0.0590 | Cycle: 1.2257 | grad_G: 30.64
Epoch 74/80 | Step 520800 | G: 3.4333 | D_A: 0.0295 | D_B: 0.0557 | Cycle: 1.5340 | grad_G: 32.49
Epoch 74/80 complete | Time: 448s | Avg G: 2.8429 | Avg D: 0.0474 | grad_G: 30.58
Epoch 75/80 | Step 520850 | G: 2.9421 | D_A: 0.0297 | D_B: 0.0408 | Cycle: 1.1177 | grad_G: 35.68
Epoch 75/80 | Step 520900 | G: 2.9003 | D_A: 0.0347 | D_B: 0.0368 | Cycle: 1.1149 | grad_G: 32.99
Epoch 75/80 | Step 520950 | G: 3.3208 | D_A: 0.0350 | D_B: 0.0256 | Cycle: 1.4353 | grad_G: 21.64
Epoch 75/80 | Step 521000 | G: 2.7256 | D_A: 0.0442 | D_B: 0.0889 | Cycle: 0.9667 | grad_G: 22.44
Epoch 75/80 | Step 521050 | G: 2.7931 | D_A: 0.0327 | D_B: 0.0631 | Cycle: 0.9322 | grad_G: 29.43
Epoch 75/80 | Step 521100 | G: 2.7368 | D_A: 0.0271 | D_B: 0.0386 | Cycle: 1.0318 | grad_G: 27.36
Epoch 75/80 | Step 521150 | G: 3.6113 | D_A: 0.0524 | D_B: 0.0246 | Cycle: 1.3625 | grad_G: 32.91
Epoch 75/80 | Step 521200 | G: 3.2522 | D_A: 0.0366 | D_B: 0.0233 | Cycle: 1.4237 | grad_G: 23.65
Epoch 75/80 | Step 521250 | G: 2.7243 | D_A: 0.0543 | D_B: 0.0276 | Cycle: 1.0746 | grad_G: 16.83
Epoch 75/80 | Step 521300 | G: 2.6781 | D_A: 0.0303 | D_B: 0.0295 | Cycle: 0.9327 | grad_G: 27.47
Epoch 75/80 | Step 521350 | G: 2.7275 | D_A: 0.0835 | D_B: 0.0441 | Cycle: 0.9118 | grad_G: 30.32
Epoch 75/80 | Step 521400 | G: 2.5188 | D_A: 0.0403 | D_B: 0.0654 | Cycle: 0.7951 | grad_G: 30.13
Epoch 75/80 | Step 521450 | G: 3.0967 | D_A: 0.0432 | D_B: 0.0313 | Cycle: 1.1539 | grad_G: 22.61
Epoch 75/80 | Step 521500 | G: 3.1240 | D_A: 0.0218 | D_B: 0.0520 | Cycle: 0.9820 | grad_G: 31.16
Epoch 75/80 | Step 521550 | G: 2.9249 | D_A: 0.0490 | D_B: 0.0248 | Cycle: 1.1271 | grad_G: 23.99
Epoch 75/80 | Step 521600 | G: 3.1640 | D_A: 0.0617 | D_B: 0.0449 | Cycle: 1.2095 | grad_G: 18.07
Epoch 75/80 | Step 521650 | G: 3.3039 | D_A: 0.0236 | D_B: 0.0226 | Cycle: 1.2920 | grad_G: 26.92
Epoch 75/80 | Step 521700 | G: 2.9221 | D_A: 0.0301 | D_B: 0.0407 | Cycle: 1.1993 | grad_G: 25.09
Epoch 75/80 | Step 521750 | G: 2.6073 | D_A: 0.0249 | D_B: 0.0256 | Cycle: 0.8467 | grad_G: 26.40
Epoch 75/80 | Step 521800 | G: 2.6623 | D_A: 0.0353 | D_B: 0.0283 | Cycle: 0.9824 | grad_G: 41.10
Epoch 75/80 | Step 521850 | G: 2.7463 | D_A: 0.1211 | D_B: 0.0229 | Cycle: 0.9420 | grad_G: 37.99
Epoch 75/80 | Step 521900 | G: 2.7841 | D_A: 0.0464 | D_B: 0.0377 | Cycle: 1.1369 | grad_G: 32.08
Epoch 75/80 | Step 521950 | G: 2.7947 | D_A: 0.0256 | D_B: 0.0305 | Cycle: 1.3092 | grad_G: 23.29
Epoch 75/80 | Step 522000 | G: 2.7284 | D_A: 0.0521 | D_B: 0.0271 | Cycle: 1.2580 | grad_G: 28.26
Epoch 75/80 | Step 522050 | G: 2.9360 | D_A: 0.0309 | D_B: 0.1187 | Cycle: 1.0662 | grad_G: 32.48
Epoch 75/80 | Step 522100 | G: 2.9942 | D_A: 0.0342 | D_B: 0.0252 | Cycle: 1.3626 | grad_G: 23.53
Epoch 75/80 | Step 522150 | G: 2.7209 | D_A: 0.0309 | D_B: 0.0325 | Cycle: 0.9070 | grad_G: 23.35
Epoch 75/80 | Step 522200 | G: 3.5513 | D_A: 0.1017 | D_B: 0.0370 | Cycle: 1.6346 | grad_G: 24.27
Epoch 75/80 | Step 522250 | G: 3.9028 | D_A: 0.0325 | D_B: 0.0255 | Cycle: 1.7466 | grad_G: 21.59
Epoch 75/80 | Step 522300 | G: 2.6603 | D_A: 0.0659 | D_B: 0.1536 | Cycle: 1.0127 | grad_G: 24.19
Epoch 75/80 | Step 522350 | G: 2.7817 | D_A: 0.0355 | D_B: 0.0207 | Cycle: 0.9318 | grad_G: 60.27
Epoch 75/80 | Step 522400 | G: 2.7702 | D_A: 0.0249 | D_B: 0.1011 | Cycle: 1.0077 | grad_G: 34.60
Epoch 75/80 | Step 522450 | G: 2.7363 | D_A: 0.0406 | D_B: 0.0269 | Cycle: 0.9633 | grad_G: 28.75
Epoch 75/80 | Step 522500 | G: 3.0971 | D_A: 0.0282 | D_B: 0.1197 | Cycle: 1.2144 | grad_G: 21.86
Epoch 75/80 | Step 522550 | G: 2.6236 | D_A: 0.0431 | D_B: 0.0452 | Cycle: 0.9435 | grad_G: 93.22
Epoch 75/80 | Step 522600 | G: 2.7162 | D_A: 0.0281 | D_B: 0.0799 | Cycle: 0.8853 | grad_G: 23.79
Epoch 75/80 | Step 522650 | G: 2.5179 | D_A: 0.0518 | D_B: 0.0272 | Cycle: 1.0818 | grad_G: 23.58
Epoch 75/80 | Step 522700 | G: 3.4200 | D_A: 0.0297 | D_B: 0.0208 | Cycle: 1.3261 | grad_G: 30.15
Epoch 75/80 | Step 522750 | G: 3.6612 | D_A: 0.0355 | D_B: 0.0239 | Cycle: 1.4717 | grad_G: 40.11
Epoch 75/80 | Step 522800 | G: 2.2368 | D_A: 0.0406 | D_B: 0.0911 | Cycle: 0.7959 | grad_G: 20.75
Epoch 75/80 | Step 522850 | G: 2.7326 | D_A: 0.0385 | D_B: 0.0442 | Cycle: 0.9442 | grad_G: 36.84
Epoch 75/80 | Step 522900 | G: 2.6241 | D_A: 0.0478 | D_B: 0.1109 | Cycle: 1.0188 | grad_G: 26.39
Epoch 75/80 | Step 522950 | G: 2.8399 | D_A: 0.0396 | D_B: 0.0301 | Cycle: 1.2548 | grad_G: 16.96
Epoch 75/80 | Step 523000 | G: 2.6938 | D_A: 0.0359 | D_B: 0.1608 | Cycle: 0.7966 | grad_G: 25.63
Epoch 75/80 | Step 523050 | G: 2.7517 | D_A: 0.0395 | D_B: 0.0577 | Cycle: 0.9214 | grad_G: 30.01
Epoch 75/80 | Step 523100 | G: 2.4869 | D_A: 0.0574 | D_B: 0.0278 | Cycle: 0.7794 | grad_G: 36.41
Epoch 75/80 | Step 523150 | G: 2.8477 | D_A: 0.0441 | D_B: 0.0377 | Cycle: 1.0837 | grad_G: 21.49
Epoch 75/80 | Step 523200 | G: 2.7975 | D_A: 0.0272 | D_B: 0.1042 | Cycle: 0.9106 | grad_G: 23.90
Epoch 75/80 | Step 523250 | G: 3.1868 | D_A: 0.0525 | D_B: 0.0746 | Cycle: 1.2919 | grad_G: 28.74
Epoch 75/80 | Step 523300 | G: 2.2170 | D_A: 0.1632 | D_B: 0.1023 | Cycle: 0.8231 | grad_G: 36.13
Epoch 75/80 | Step 523350 | G: 3.0553 | D_A: 0.0377 | D_B: 0.0283 | Cycle: 1.1180 | grad_G: 53.46
Epoch 75/80 | Step 523400 | G: 2.9705 | D_A: 0.0237 | D_B: 0.0289 | Cycle: 0.9867 | grad_G: 31.16
Epoch 75/80 | Step 523450 | G: 2.9128 | D_A: 0.0676 | D_B: 0.0840 | Cycle: 0.9919 | grad_G: 27.56
Epoch 75/80 | Step 523500 | G: 2.0164 | D_A: 0.1377 | D_B: 0.0559 | Cycle: 0.8045 | grad_G: 28.36
Epoch 75/80 | Step 523550 | G: 2.7285 | D_A: 0.0461 | D_B: 0.0241 | Cycle: 0.6912 | grad_G: 55.87
Epoch 75/80 | Step 523600 | G: 2.8464 | D_A: 0.0982 | D_B: 0.0335 | Cycle: 0.9946 | grad_G: 38.26
Epoch 75/80 | Step 523650 | G: 2.9570 | D_A: 0.0356 | D_B: 0.0174 | Cycle: 0.9318 | grad_G: 24.09
Epoch 75/80 | Step 523700 | G: 2.7213 | D_A: 0.0531 | D_B: 0.1301 | Cycle: 1.0156 | grad_G: 25.00
Epoch 75/80 | Step 523750 | G: 2.4827 | D_A: 0.0346 | D_B: 0.0711 | Cycle: 0.7230 | grad_G: 26.88
Epoch 75/80 | Step 523800 | G: 3.1706 | D_A: 0.0455 | D_B: 0.0438 | Cycle: 1.2869 | grad_G: 26.15
Epoch 75/80 | Step 523850 | G: 2.7309 | D_A: 0.0246 | D_B: 0.0305 | Cycle: 1.0301 | grad_G: 27.56
Epoch 75/80 | Step 523900 | G: 3.3230 | D_A: 0.0683 | D_B: 0.0248 | Cycle: 1.5544 | grad_G: 25.52
Epoch 75/80 | Step 523950 | G: 3.1535 | D_A: 0.0260 | D_B: 0.0330 | Cycle: 1.4377 | grad_G: 19.49
Epoch 75/80 | Step 524000 | G: 3.1134 | D_A: 0.1603 | D_B: 0.0351 | Cycle: 1.0297 | grad_G: 32.02
Epoch 75/80 | Step 524050 | G: 3.5555 | D_A: 0.0772 | D_B: 0.0349 | Cycle: 1.6589 | grad_G: 33.41
Epoch 75/80 | Step 524100 | G: 2.9116 | D_A: 0.0233 | D_B: 0.0407 | Cycle: 1.1248 | grad_G: 26.16
Epoch 75/80 | Step 524150 | G: 2.5919 | D_A: 0.0347 | D_B: 0.0462 | Cycle: 0.9264 | grad_G: 33.56
Epoch 75/80 | Step 524200 | G: 2.5575 | D_A: 0.0403 | D_B: 0.0632 | Cycle: 0.9122 | grad_G: 46.82
Epoch 75/80 | Step 524250 | G: 2.9065 | D_A: 0.0236 | D_B: 0.0242 | Cycle: 1.1327 | grad_G: 40.98
Epoch 75/80 | Step 524300 | G: 3.0869 | D_A: 0.0509 | D_B: 0.0247 | Cycle: 1.1224 | grad_G: 22.46
Epoch 75/80 | Step 524350 | G: 3.5818 | D_A: 0.1060 | D_B: 0.0276 | Cycle: 1.3537 | grad_G: 22.36
Epoch 75/80 | Step 524400 | G: 2.8242 | D_A: 0.0476 | D_B: 0.0449 | Cycle: 1.1444 | grad_G: 21.94
Epoch 75/80 | Step 524450 | G: 3.1886 | D_A: 0.0235 | D_B: 0.0266 | Cycle: 1.2382 | grad_G: 19.93
Epoch 75/80 | Step 524500 | G: 3.2786 | D_A: 0.0287 | D_B: 0.0200 | Cycle: 1.1367 | grad_G: 24.48
Epoch 75/80 | Step 524550 | G: 2.8497 | D_A: 0.0368 | D_B: 0.0241 | Cycle: 1.2753 | grad_G: 16.28
Epoch 75/80 | Step 524600 | G: 2.8222 | D_A: 0.0784 | D_B: 0.1120 | Cycle: 1.0333 | grad_G: 27.88
Epoch 75/80 | Step 524650 | G: 2.6907 | D_A: 0.0390 | D_B: 0.0335 | Cycle: 1.1518 | grad_G: 34.85
Epoch 75/80 | Step 524700 | G: 3.1132 | D_A: 0.0267 | D_B: 0.0491 | Cycle: 1.2303 | grad_G: 22.83
Epoch 75/80 | Step 524750 | G: 2.9434 | D_A: 0.0323 | D_B: 0.0269 | Cycle: 1.3211 | grad_G: 23.46
Epoch 75/80 | Step 524800 | G: 3.3945 | D_A: 0.0562 | D_B: 0.0236 | Cycle: 1.2410 | grad_G: 26.13
Epoch 75/80 | Step 524850 | G: 3.0533 | D_A: 0.0407 | D_B: 0.0230 | Cycle: 1.1378 | grad_G: 31.03
Epoch 75/80 | Step 524900 | G: 2.6977 | D_A: 0.0519 | D_B: 0.0341 | Cycle: 1.0544 | grad_G: 21.33
Epoch 75/80 | Step 524950 | G: 2.7076 | D_A: 0.0625 | D_B: 0.0736 | Cycle: 0.9687 | grad_G: 30.88
Epoch 75/80 | Step 525000 | G: 2.6374 | D_A: 0.0281 | D_B: 0.0329 | Cycle: 1.0533 | grad_G: 31.11
Epoch 75/80 | Step 525050 | G: 3.7974 | D_A: 0.0430 | D_B: 0.0206 | Cycle: 1.6399 | grad_G: 23.58
Epoch 75/80 | Step 525100 | G: 2.8821 | D_A: 0.0274 | D_B: 0.0313 | Cycle: 1.0021 | grad_G: 29.90
Epoch 75/80 | Step 525150 | G: 2.6346 | D_A: 0.0486 | D_B: 0.1458 | Cycle: 0.9561 | grad_G: 24.58
Epoch 75/80 | Step 525200 | G: 2.9579 | D_A: 0.0371 | D_B: 0.0261 | Cycle: 1.1024 | grad_G: 21.57
Epoch 75/80 | Step 525250 | G: 2.8878 | D_A: 0.0354 | D_B: 0.0873 | Cycle: 1.0445 | grad_G: 27.62
Epoch 75/80 | Step 525300 | G: 2.8419 | D_A: 0.0301 | D_B: 0.0358 | Cycle: 1.3147 | grad_G: 18.47
Epoch 75/80 | Step 525350 | G: 2.7094 | D_A: 0.1154 | D_B: 0.0225 | Cycle: 0.9621 | grad_G: 30.35
Epoch 75/80 | Step 525400 | G: 3.3255 | D_A: 0.0272 | D_B: 0.0235 | Cycle: 1.2560 | grad_G: 27.60
Epoch 75/80 | Step 525450 | G: 2.8244 | D_A: 0.0338 | D_B: 0.0376 | Cycle: 1.0580 | grad_G: 47.00
Epoch 75/80 | Step 525500 | G: 2.6265 | D_A: 0.0534 | D_B: 0.0344 | Cycle: 1.0250 | grad_G: 53.24
Epoch 75/80 | Step 525550 | G: 3.0684 | D_A: 0.0257 | D_B: 0.0288 | Cycle: 1.1679 | grad_G: 20.04
Epoch 75/80 | Step 525600 | G: 2.5657 | D_A: 0.0774 | D_B: 0.0493 | Cycle: 0.8147 | grad_G: 20.64
Epoch 75/80 | Step 525650 | G: 3.2778 | D_A: 0.0330 | D_B: 0.0905 | Cycle: 1.2414 | grad_G: 21.10
Epoch 75/80 | Step 525700 | G: 3.0163 | D_A: 0.0491 | D_B: 0.0244 | Cycle: 1.2247 | grad_G: 21.05
Epoch 75/80 | Step 525750 | G: 2.9021 | D_A: 0.0485 | D_B: 0.0337 | Cycle: 0.9623 | grad_G: 25.15
Epoch 75/80 | Step 525800 | G: 3.4470 | D_A: 0.0339 | D_B: 0.0206 | Cycle: 0.9769 | grad_G: 39.13
Epoch 75/80 | Step 525850 | G: 3.0211 | D_A: 0.0310 | D_B: 0.0288 | Cycle: 1.4893 | grad_G: 24.49
Epoch 75/80 | Step 525900 | G: 3.1014 | D_A: 0.0278 | D_B: 0.0419 | Cycle: 1.4340 | grad_G: 27.67
Epoch 75/80 | Step 525950 | G: 2.6851 | D_A: 0.0349 | D_B: 0.0391 | Cycle: 1.0665 | grad_G: 23.38
Epoch 75/80 | Step 526000 | G: 3.1487 | D_A: 0.0262 | D_B: 0.0303 | Cycle: 1.1426 | grad_G: 24.85
Epoch 75/80 | Step 526050 | G: 3.0414 | D_A: 0.0307 | D_B: 0.0353 | Cycle: 1.2113 | grad_G: 29.39
Epoch 75/80 | Step 526100 | G: 2.7770 | D_A: 0.0605 | D_B: 0.0287 | Cycle: 1.0909 | grad_G: 27.08
Epoch 75/80 | Step 526150 | G: 2.9618 | D_A: 0.0416 | D_B: 0.0283 | Cycle: 1.1049 | grad_G: 27.03
Epoch 75/80 | Step 526200 | G: 3.7214 | D_A: 0.0539 | D_B: 0.0253 | Cycle: 1.6762 | grad_G: 22.24
Epoch 75/80 | Step 526250 | G: 2.6851 | D_A: 0.0414 | D_B: 0.0795 | Cycle: 0.9197 | grad_G: 30.44
Epoch 75/80 | Step 526300 | G: 2.8633 | D_A: 0.0356 | D_B: 0.0357 | Cycle: 1.2901 | grad_G: 22.27
Epoch 75/80 | Step 526350 | G: 2.6708 | D_A: 0.1106 | D_B: 0.0216 | Cycle: 0.9600 | grad_G: 28.25
Epoch 75/80 | Step 526400 | G: 2.1180 | D_A: 0.0511 | D_B: 0.1355 | Cycle: 0.6976 | grad_G: 37.74
Epoch 75/80 | Step 526450 | G: 3.0140 | D_A: 0.0226 | D_B: 0.0409 | Cycle: 1.1888 | grad_G: 28.55
Epoch 75/80 | Step 526500 | G: 2.1308 | D_A: 0.0606 | D_B: 0.0335 | Cycle: 0.7338 | grad_G: 32.31
Epoch 75/80 | Step 526550 | G: 2.2303 | D_A: 0.0383 | D_B: 0.0631 | Cycle: 0.8478 | grad_G: 27.45
Epoch 75/80 | Step 526600 | G: 3.0638 | D_A: 0.0287 | D_B: 0.0201 | Cycle: 1.1252 | grad_G: 47.55
Epoch 75/80 | Step 526650 | G: 2.4444 | D_A: 0.0331 | D_B: 0.0507 | Cycle: 0.8872 | grad_G: 32.30
Epoch 75/80 | Step 526700 | G: 2.2986 | D_A: 0.0922 | D_B: 0.0306 | Cycle: 0.8190 | grad_G: 42.25
Epoch 75/80 | Step 526750 | G: 2.7044 | D_A: 0.0422 | D_B: 0.0802 | Cycle: 1.1079 | grad_G: 35.21
Epoch 75/80 | Step 526800 | G: 2.7632 | D_A: 0.0865 | D_B: 0.0433 | Cycle: 1.0662 | grad_G: 31.29
Epoch 75/80 | Step 526850 | G: 3.3071 | D_A: 0.0516 | D_B: 0.0319 | Cycle: 1.4738 | grad_G: 39.38
Epoch 75/80 | Step 526900 | G: 2.3065 | D_A: 0.0449 | D_B: 0.0288 | Cycle: 0.7781 | grad_G: 60.01
Epoch 75/80 | Step 526950 | G: 2.4268 | D_A: 0.0764 | D_B: 0.1603 | Cycle: 0.6345 | grad_G: 29.23
Epoch 75/80 | Step 527000 | G: 2.7381 | D_A: 0.0682 | D_B: 0.0252 | Cycle: 1.0454 | grad_G: 21.95
Epoch 75/80 | Step 527050 | G: 2.8171 | D_A: 0.0357 | D_B: 0.0255 | Cycle: 1.0912 | grad_G: 30.36
Epoch 75/80 | Step 527100 | G: 2.8821 | D_A: 0.0373 | D_B: 0.0257 | Cycle: 1.0741 | grad_G: 32.90
Epoch 75/80 | Step 527150 | G: 2.6223 | D_A: 0.0243 | D_B: 0.0315 | Cycle: 1.0317 | grad_G: 20.91
Epoch 75/80 | Step 527200 | G: 2.4881 | D_A: 0.0321 | D_B: 0.0994 | Cycle: 0.8667 | grad_G: 44.43
Epoch 75/80 | Step 527250 | G: 2.6200 | D_A: 0.0250 | D_B: 0.0536 | Cycle: 1.0960 | grad_G: 25.97
Epoch 75/80 | Step 527300 | G: 2.7266 | D_A: 0.0280 | D_B: 0.0289 | Cycle: 1.0094 | grad_G: 31.39
Epoch 75/80 | Step 527350 | G: 3.0066 | D_A: 0.0883 | D_B: 0.0305 | Cycle: 1.1829 | grad_G: 31.23
Epoch 75/80 | Step 527400 | G: 2.5332 | D_A: 0.0215 | D_B: 0.0219 | Cycle: 0.9251 | grad_G: 44.74
Epoch 75/80 | Step 527450 | G: 2.6471 | D_A: 0.0284 | D_B: 0.0262 | Cycle: 0.9758 | grad_G: 31.01
Epoch 75/80 | Step 527500 | G: 2.6134 | D_A: 0.0194 | D_B: 0.0392 | Cycle: 0.9800 | grad_G: 26.06
Epoch 75/80 | Step 527550 | G: 3.0162 | D_A: 0.1871 | D_B: 0.0920 | Cycle: 1.3979 | grad_G: 36.89
Epoch 75/80 | Step 527600 | G: 2.8948 | D_A: 0.0482 | D_B: 0.0336 | Cycle: 1.3450 | grad_G: 21.84
Epoch 75/80 | Step 527650 | G: 2.7397 | D_A: 0.0402 | D_B: 0.0315 | Cycle: 1.1086 | grad_G: 28.77
Epoch 75/80 | Step 527700 | G: 3.0907 | D_A: 0.0371 | D_B: 0.0185 | Cycle: 1.1824 | grad_G: 23.93
Epoch 75/80 | Step 527750 | G: 3.4086 | D_A: 0.0334 | D_B: 0.0291 | Cycle: 1.1594 | grad_G: 39.59
Epoch 75/80 | Step 527800 | G: 2.6087 | D_A: 0.0593 | D_B: 0.0366 | Cycle: 0.9844 | grad_G: 43.11
Epoch 75/80 | Step 527850 | G: 2.4069 | D_A: 0.0244 | D_B: 0.0229 | Cycle: 0.8474 | grad_G: 28.23
Epoch 75/80 complete | Time: 471s | Avg G: 2.8501 | Avg D: 0.0464 | grad_G: 29.34
Epoch 76/80 | Step 527900 | G: 2.1889 | D_A: 0.0615 | D_B: 0.0668 | Cycle: 0.7333 | grad_G: 37.31
Epoch 76/80 | Step 527950 | G: 2.8929 | D_A: 0.0286 | D_B: 0.0890 | Cycle: 1.2361 | grad_G: 32.07
Epoch 76/80 | Step 528000 | G: 2.3299 | D_A: 0.0811 | D_B: 0.0191 | Cycle: 1.0849 | grad_G: 21.07
Epoch 76/80 | Step 528050 | G: 2.5137 | D_A: 0.0351 | D_B: 0.0280 | Cycle: 0.9903 | grad_G: 30.36
Epoch 76/80 | Step 528100 | G: 2.3483 | D_A: 0.0705 | D_B: 0.0214 | Cycle: 0.7528 | grad_G: 29.66
Epoch 76/80 | Step 528150 | G: 3.2153 | D_A: 0.0546 | D_B: 0.0415 | Cycle: 1.2187 | grad_G: 51.31
Epoch 76/80 | Step 528200 | G: 2.4196 | D_A: 0.0377 | D_B: 0.0428 | Cycle: 0.9403 | grad_G: 51.25
Epoch 76/80 | Step 528250 | G: 3.3367 | D_A: 0.0472 | D_B: 0.0216 | Cycle: 1.2997 | grad_G: 19.78
Epoch 76/80 | Step 528300 | G: 3.1792 | D_A: 0.0231 | D_B: 0.0217 | Cycle: 1.1244 | grad_G: 29.14
Epoch 76/80 | Step 528350 | G: 3.0209 | D_A: 0.1114 | D_B: 0.0325 | Cycle: 1.2640 | grad_G: 31.55
Epoch 76/80 | Step 528400 | G: 2.8014 | D_A: 0.0334 | D_B: 0.0241 | Cycle: 1.0084 | grad_G: 22.76
Epoch 76/80 | Step 528450 | G: 2.6081 | D_A: 0.0426 | D_B: 0.0308 | Cycle: 1.0029 | grad_G: 22.89
Epoch 76/80 | Step 528500 | G: 2.5491 | D_A: 0.0957 | D_B: 0.0356 | Cycle: 0.8176 | grad_G: 21.05
Epoch 76/80 | Step 528550 | G: 2.5602 | D_A: 0.0796 | D_B: 0.0326 | Cycle: 0.9330 | grad_G: 22.55
Epoch 76/80 | Step 528600 | G: 3.1229 | D_A: 0.0233 | D_B: 0.0337 | Cycle: 1.0414 | grad_G: 26.04
Epoch 76/80 | Step 528650 | G: 3.2342 | D_A: 0.0256 | D_B: 0.0257 | Cycle: 1.4907 | grad_G: 16.90
Epoch 76/80 | Step 528700 | G: 3.0158 | D_A: 0.0387 | D_B: 0.0254 | Cycle: 1.3023 | grad_G: 19.05
Epoch 76/80 | Step 528750 | G: 2.7115 | D_A: 0.0669 | D_B: 0.0955 | Cycle: 0.9404 | grad_G: 21.25
Epoch 76/80 | Step 528800 | G: 2.9814 | D_A: 0.0492 | D_B: 0.0350 | Cycle: 1.0340 | grad_G: 20.86
Epoch 76/80 | Step 528850 | G: 2.4551 | D_A: 0.0209 | D_B: 0.1372 | Cycle: 0.9878 | grad_G: 25.71
Epoch 76/80 | Step 528900 | G: 2.7174 | D_A: 0.0442 | D_B: 0.0461 | Cycle: 1.1194 | grad_G: 19.66
Epoch 76/80 | Step 528950 | G: 3.2943 | D_A: 0.0301 | D_B: 0.0241 | Cycle: 1.4201 | grad_G: 24.03
Epoch 76/80 | Step 529000 | G: 2.4101 | D_A: 0.0399 | D_B: 0.1111 | Cycle: 0.7258 | grad_G: 24.51
Epoch 76/80 | Step 529050 | G: 3.3614 | D_A: 0.0491 | D_B: 0.0208 | Cycle: 1.3570 | grad_G: 26.88
Epoch 76/80 | Step 529100 | G: 2.9720 | D_A: 0.0283 | D_B: 0.0345 | Cycle: 1.0695 | grad_G: 34.24
Epoch 76/80 | Step 529150 | G: 2.9507 | D_A: 0.0548 | D_B: 0.0225 | Cycle: 1.1543 | grad_G: 22.66
Epoch 76/80 | Step 529200 | G: 2.7954 | D_A: 0.0803 | D_B: 0.0447 | Cycle: 1.0978 | grad_G: 30.28
Epoch 76/80 | Step 529250 | G: 2.7146 | D_A: 0.0195 | D_B: 0.0461 | Cycle: 0.9368 | grad_G: 30.68
Epoch 76/80 | Step 529300 | G: 2.8019 | D_A: 0.0413 | D_B: 0.1112 | Cycle: 0.8947 | grad_G: 24.72
Epoch 76/80 | Step 529350 | G: 3.0368 | D_A: 0.0334 | D_B: 0.0602 | Cycle: 1.4169 | grad_G: 20.53
Epoch 76/80 | Step 529400 | G: 2.4458 | D_A: 0.0672 | D_B: 0.0219 | Cycle: 1.1525 | grad_G: 26.02
Epoch 76/80 | Step 529450 | G: 2.7543 | D_A: 0.0740 | D_B: 0.0278 | Cycle: 0.9967 | grad_G: 28.39
Epoch 76/80 | Step 529500 | G: 2.8280 | D_A: 0.0404 | D_B: 0.0274 | Cycle: 0.9060 | grad_G: 25.65
Epoch 76/80 | Step 529550 | G: 2.6761 | D_A: 0.0369 | D_B: 0.0657 | Cycle: 1.2720 | grad_G: 22.77
Epoch 76/80 | Step 529600 | G: 2.9142 | D_A: 0.0198 | D_B: 0.0422 | Cycle: 1.2063 | grad_G: 31.41
Epoch 76/80 | Step 529650 | G: 2.4957 | D_A: 0.0524 | D_B: 0.0276 | Cycle: 1.0922 | grad_G: 22.62
Epoch 76/80 | Step 529700 | G: 2.4058 | D_A: 0.0738 | D_B: 0.0260 | Cycle: 0.6930 | grad_G: 36.55
Epoch 76/80 | Step 529750 | G: 2.7668 | D_A: 0.0681 | D_B: 0.0404 | Cycle: 0.9791 | grad_G: 43.90
Epoch 76/80 | Step 529800 | G: 2.7886 | D_A: 0.0278 | D_B: 0.0220 | Cycle: 0.9390 | grad_G: 29.29
Epoch 76/80 | Step 529850 | G: 2.5984 | D_A: 0.0395 | D_B: 0.0810 | Cycle: 0.8651 | grad_G: 32.75
Epoch 76/80 | Step 529900 | G: 2.6423 | D_A: 0.0461 | D_B: 0.0379 | Cycle: 1.0373 | grad_G: 43.14
Epoch 76/80 | Step 529950 | G: 2.8942 | D_A: 0.0366 | D_B: 0.0270 | Cycle: 1.1027 | grad_G: 23.97
Epoch 76/80 | Step 530000 | G: 2.7038 | D_A: 0.0557 | D_B: 0.0436 | Cycle: 1.0642 | grad_G: 24.42
Epoch 76/80 | Step 530050 | G: 2.7405 | D_A: 0.0419 | D_B: 0.0194 | Cycle: 0.8232 | grad_G: 26.45
Epoch 76/80 | Step 530100 | G: 2.6335 | D_A: 0.0240 | D_B: 0.0227 | Cycle: 0.8130 | grad_G: 20.77
Epoch 76/80 | Step 530150 | G: 2.5937 | D_A: 0.0445 | D_B: 0.0939 | Cycle: 0.9854 | grad_G: 37.65
Epoch 76/80 | Step 530200 | G: 2.7869 | D_A: 0.0615 | D_B: 0.0481 | Cycle: 0.9984 | grad_G: 30.70
Epoch 76/80 | Step 530250 | G: 2.7143 | D_A: 0.0985 | D_B: 0.0220 | Cycle: 1.0857 | grad_G: 22.54
Epoch 76/80 | Step 530300 | G: 2.7059 | D_A: 0.0974 | D_B: 0.0368 | Cycle: 0.8459 | grad_G: 33.44
Epoch 76/80 | Step 530350 | G: 3.3745 | D_A: 0.0426 | D_B: 0.0337 | Cycle: 1.3610 | grad_G: 26.78
Epoch 76/80 | Step 530400 | G: 2.8279 | D_A: 0.0334 | D_B: 0.0196 | Cycle: 1.0808 | grad_G: 23.57
Epoch 76/80 | Step 530450 | G: 2.9398 | D_A: 0.0589 | D_B: 0.0469 | Cycle: 1.1522 | grad_G: 23.19
Epoch 76/80 | Step 530500 | G: 2.6210 | D_A: 0.0269 | D_B: 0.0467 | Cycle: 1.1284 | grad_G: 31.20
Epoch 76/80 | Step 530550 | G: 2.6043 | D_A: 0.0550 | D_B: 0.0359 | Cycle: 0.9306 | grad_G: 33.75
Epoch 76/80 | Step 530600 | G: 2.6897 | D_A: 0.0722 | D_B: 0.0362 | Cycle: 0.8525 | grad_G: 31.27
Epoch 76/80 | Step 530650 | G: 3.5499 | D_A: 0.0226 | D_B: 0.0319 | Cycle: 1.6072 | grad_G: 30.28
Epoch 76/80 | Step 530700 | G: 2.5150 | D_A: 0.0274 | D_B: 0.0388 | Cycle: 1.0326 | grad_G: 21.79
Epoch 76/80 | Step 530750 | G: 2.7185 | D_A: 0.0546 | D_B: 0.0233 | Cycle: 1.1300 | grad_G: 18.34
Epoch 76/80 | Step 530800 | G: 2.7806 | D_A: 0.0541 | D_B: 0.0162 | Cycle: 0.9133 | grad_G: 22.89
Epoch 76/80 | Step 530850 | G: 2.4038 | D_A: 0.0367 | D_B: 0.0236 | Cycle: 0.9739 | grad_G: 17.84
Epoch 76/80 | Step 530900 | G: 3.0289 | D_A: 0.0219 | D_B: 0.0194 | Cycle: 0.9989 | grad_G: 32.59
Epoch 76/80 | Step 530950 | G: 3.1012 | D_A: 0.0318 | D_B: 0.0169 | Cycle: 1.0689 | grad_G: 36.74
Epoch 76/80 | Step 531000 | G: 3.0272 | D_A: 0.0592 | D_B: 0.0179 | Cycle: 1.1522 | grad_G: 21.94
Epoch 76/80 | Step 531050 | G: 2.8051 | D_A: 0.0287 | D_B: 0.0218 | Cycle: 0.8525 | grad_G: 29.18
Epoch 76/80 | Step 531100 | G: 2.6363 | D_A: 0.0336 | D_B: 0.0492 | Cycle: 1.1155 | grad_G: 19.55
Epoch 76/80 | Step 531150 | G: 3.0625 | D_A: 0.0667 | D_B: 0.0406 | Cycle: 0.9337 | grad_G: 41.33
Epoch 76/80 | Step 531200 | G: 3.4805 | D_A: 0.0264 | D_B: 0.0403 | Cycle: 1.2998 | grad_G: 29.29
Epoch 76/80 | Step 531250 | G: 2.4641 | D_A: 0.0362 | D_B: 0.0361 | Cycle: 0.8327 | grad_G: 31.94
Epoch 76/80 | Step 531300 | G: 3.0395 | D_A: 0.0209 | D_B: 0.0242 | Cycle: 1.3423 | grad_G: 21.55
Epoch 76/80 | Step 531350 | G: 2.5933 | D_A: 0.0632 | D_B: 0.0171 | Cycle: 1.0619 | grad_G: 23.40
Epoch 76/80 | Step 531400 | G: 2.5682 | D_A: 0.0536 | D_B: 0.0295 | Cycle: 1.0205 | grad_G: 26.38
Epoch 76/80 | Step 531450 | G: 3.1282 | D_A: 0.0978 | D_B: 0.0238 | Cycle: 1.4840 | grad_G: 20.94
Epoch 76/80 | Step 531500 | G: 3.4446 | D_A: 0.0240 | D_B: 0.0261 | Cycle: 1.4419 | grad_G: 27.13
Epoch 76/80 | Step 531550 | G: 2.3601 | D_A: 0.0358 | D_B: 0.0319 | Cycle: 0.9310 | grad_G: 16.51
Epoch 76/80 | Step 531600 | G: 2.5329 | D_A: 0.0291 | D_B: 0.0193 | Cycle: 0.9698 | grad_G: 34.38
Epoch 76/80 | Step 531650 | G: 3.0465 | D_A: 0.0266 | D_B: 0.0239 | Cycle: 1.0366 | grad_G: 22.15
Epoch 76/80 | Step 531700 | G: 3.2860 | D_A: 0.0400 | D_B: 0.0266 | Cycle: 1.3574 | grad_G: 20.28
Epoch 76/80 | Step 531750 | G: 2.4631 | D_A: 0.0517 | D_B: 0.0240 | Cycle: 0.8533 | grad_G: 36.85
Epoch 76/80 | Step 531800 | G: 3.2524 | D_A: 0.0236 | D_B: 0.0222 | Cycle: 1.2272 | grad_G: 26.30
Epoch 76/80 | Step 531850 | G: 2.3808 | D_A: 0.0522 | D_B: 0.0847 | Cycle: 0.7970 | grad_G: 26.83
Epoch 76/80 | Step 531900 | G: 2.9144 | D_A: 0.0316 | D_B: 0.0432 | Cycle: 0.9235 | grad_G: 26.86
Epoch 76/80 | Step 531950 | G: 2.7531 | D_A: 0.0380 | D_B: 0.0525 | Cycle: 1.1432 | grad_G: 25.50
Epoch 76/80 | Step 532000 | G: 3.1816 | D_A: 0.0241 | D_B: 0.0918 | Cycle: 1.1241 | grad_G: 23.32
Epoch 76/80 | Step 532050 | G: 2.6922 | D_A: 0.0217 | D_B: 0.0416 | Cycle: 0.8859 | grad_G: 20.26
Epoch 76/80 | Step 532100 | G: 2.9601 | D_A: 0.0322 | D_B: 0.0284 | Cycle: 1.0455 | grad_G: 33.42
Epoch 76/80 | Step 532150 | G: 2.8450 | D_A: 0.0209 | D_B: 0.0315 | Cycle: 1.1023 | grad_G: 22.25
Epoch 76/80 | Step 532200 | G: 2.9141 | D_A: 0.0408 | D_B: 0.0311 | Cycle: 1.0875 | grad_G: 25.82
Epoch 76/80 | Step 532250 | G: 3.3033 | D_A: 0.0315 | D_B: 0.0374 | Cycle: 1.3613 | grad_G: 24.30
Epoch 76/80 | Step 532300 | G: 2.4339 | D_A: 0.1518 | D_B: 0.0707 | Cycle: 0.8706 | grad_G: 23.39
Epoch 76/80 | Step 532350 | G: 2.9376 | D_A: 0.0323 | D_B: 0.0447 | Cycle: 1.1374 | grad_G: 22.59
Epoch 76/80 | Step 532400 | G: 3.5177 | D_A: 0.0611 | D_B: 0.0244 | Cycle: 1.5330 | grad_G: 20.04
Epoch 76/80 | Step 532450 | G: 2.9242 | D_A: 0.0288 | D_B: 0.0622 | Cycle: 1.0861 | grad_G: 62.78
Epoch 76/80 | Step 532500 | G: 2.5975 | D_A: 0.0303 | D_B: 0.0253 | Cycle: 0.9631 | grad_G: 28.51
Epoch 76/80 | Step 532550 | G: 2.8823 | D_A: 0.0216 | D_B: 0.0553 | Cycle: 1.1386 | grad_G: 30.93
Epoch 76/80 | Step 532600 | G: 2.9659 | D_A: 0.0342 | D_B: 0.0481 | Cycle: 1.0248 | grad_G: 28.61
Epoch 76/80 | Step 532650 | G: 3.1182 | D_A: 0.0243 | D_B: 0.0602 | Cycle: 1.2276 | grad_G: 37.30
Epoch 76/80 | Step 532700 | G: 3.0570 | D_A: 0.0347 | D_B: 0.0226 | Cycle: 1.1097 | grad_G: 26.04
Epoch 76/80 | Step 532750 | G: 3.0227 | D_A: 0.0216 | D_B: 0.0207 | Cycle: 1.1215 | grad_G: 25.50
Epoch 76/80 | Step 532800 | G: 2.5626 | D_A: 0.0287 | D_B: 0.0706 | Cycle: 0.8591 | grad_G: 31.45
Epoch 76/80 | Step 532850 | G: 2.7495 | D_A: 0.0291 | D_B: 0.0244 | Cycle: 0.9149 | grad_G: 39.31
Epoch 76/80 | Step 532900 | G: 2.9955 | D_A: 0.0532 | D_B: 0.0236 | Cycle: 1.2528 | grad_G: 23.12
Epoch 76/80 | Step 532950 | G: 2.8994 | D_A: 0.0612 | D_B: 0.0255 | Cycle: 1.2547 | grad_G: 23.17
Epoch 76/80 | Step 533000 | G: 3.4787 | D_A: 0.0605 | D_B: 0.0342 | Cycle: 1.5086 | grad_G: 22.44
Epoch 76/80 | Step 533050 | G: 2.9044 | D_A: 0.0613 | D_B: 0.0373 | Cycle: 0.9029 | grad_G: 22.19
Epoch 76/80 | Step 533100 | G: 3.2309 | D_A: 0.0757 | D_B: 0.0324 | Cycle: 1.3299 | grad_G: 28.60
Epoch 76/80 | Step 533150 | G: 2.6101 | D_A: 0.0510 | D_B: 0.0299 | Cycle: 0.8989 | grad_G: 19.94
Epoch 76/80 | Step 533200 | G: 3.7703 | D_A: 0.0666 | D_B: 0.0506 | Cycle: 1.6251 | grad_G: 23.42
Epoch 76/80 | Step 533250 | G: 2.7889 | D_A: 0.0267 | D_B: 0.0239 | Cycle: 0.8874 | grad_G: 25.46
Epoch 76/80 | Step 533300 | G: 2.8778 | D_A: 0.0295 | D_B: 0.0318 | Cycle: 1.0023 | grad_G: 36.38
Epoch 76/80 | Step 533350 | G: 3.4753 | D_A: 0.0559 | D_B: 0.0223 | Cycle: 1.5899 | grad_G: 19.56
Epoch 76/80 | Step 533400 | G: 3.5652 | D_A: 0.1120 | D_B: 0.0342 | Cycle: 1.4488 | grad_G: 27.75
Epoch 76/80 | Step 533450 | G: 3.1012 | D_A: 0.0522 | D_B: 0.0452 | Cycle: 1.3435 | grad_G: 42.05
Epoch 76/80 | Step 533500 | G: 2.5606 | D_A: 0.1265 | D_B: 0.0241 | Cycle: 0.9678 | grad_G: 42.41
Epoch 76/80 | Step 533550 | G: 2.9120 | D_A: 0.0610 | D_B: 0.0215 | Cycle: 0.9758 | grad_G: 30.16
Epoch 76/80 | Step 533600 | G: 2.6559 | D_A: 0.0393 | D_B: 0.0332 | Cycle: 1.0842 | grad_G: 25.50
Epoch 76/80 | Step 533650 | G: 3.0756 | D_A: 0.0451 | D_B: 0.0456 | Cycle: 1.3493 | grad_G: 19.42
Epoch 76/80 | Step 533700 | G: 2.2022 | D_A: 0.0668 | D_B: 0.0248 | Cycle: 0.7581 | grad_G: 30.43
Epoch 76/80 | Step 533750 | G: 2.4754 | D_A: 0.0819 | D_B: 0.0398 | Cycle: 0.8100 | grad_G: 21.01
Epoch 76/80 | Step 533800 | G: 3.3263 | D_A: 0.0421 | D_B: 0.0265 | Cycle: 1.2155 | grad_G: 30.67
Epoch 76/80 | Step 533850 | G: 2.7522 | D_A: 0.0330 | D_B: 0.0382 | Cycle: 0.9951 | grad_G: 38.82
Epoch 76/80 | Step 533900 | G: 3.1369 | D_A: 0.0194 | D_B: 0.0247 | Cycle: 1.2380 | grad_G: 25.12
Epoch 76/80 | Step 533950 | G: 2.8287 | D_A: 0.0473 | D_B: 0.0453 | Cycle: 1.0760 | grad_G: 29.46
Epoch 76/80 | Step 534000 | G: 2.3576 | D_A: 0.0491 | D_B: 0.0270 | Cycle: 0.7654 | grad_G: 30.76
Epoch 76/80 | Step 534050 | G: 3.0070 | D_A: 0.0288 | D_B: 0.0515 | Cycle: 1.1236 | grad_G: 30.95
Epoch 76/80 | Step 534100 | G: 2.6527 | D_A: 0.0338 | D_B: 0.0280 | Cycle: 1.0877 | grad_G: 22.21
Epoch 76/80 | Step 534150 | G: 2.5191 | D_A: 0.0419 | D_B: 0.0338 | Cycle: 1.1812 | grad_G: 25.15
Epoch 76/80 | Step 534200 | G: 2.5949 | D_A: 0.0438 | D_B: 0.0779 | Cycle: 0.8804 | grad_G: 24.15
Epoch 76/80 | Step 534250 | G: 3.6523 | D_A: 0.0356 | D_B: 0.0243 | Cycle: 1.6653 | grad_G: 20.24
Epoch 76/80 | Step 534300 | G: 2.4027 | D_A: 0.0694 | D_B: 0.0500 | Cycle: 1.0775 | grad_G: 15.27
Epoch 76/80 | Step 534350 | G: 2.2324 | D_A: 0.1726 | D_B: 0.0349 | Cycle: 0.9267 | grad_G: 24.68
Epoch 76/80 | Step 534400 | G: 2.5929 | D_A: 0.0300 | D_B: 0.0241 | Cycle: 0.9780 | grad_G: 20.31
Epoch 76/80 | Step 534450 | G: 2.2914 | D_A: 0.0483 | D_B: 0.0406 | Cycle: 0.9353 | grad_G: 38.30
Epoch 76/80 | Step 534500 | G: 3.0425 | D_A: 0.0517 | D_B: 0.0357 | Cycle: 1.1623 | grad_G: 20.87
Epoch 76/80 | Step 534550 | G: 2.6285 | D_A: 0.0293 | D_B: 0.0365 | Cycle: 0.8742 | grad_G: 25.87
Epoch 76/80 | Step 534600 | G: 2.5697 | D_A: 0.0985 | D_B: 0.0220 | Cycle: 0.7759 | grad_G: 34.01
Epoch 76/80 | Step 534650 | G: 3.4409 | D_A: 0.0277 | D_B: 0.0633 | Cycle: 1.4347 | grad_G: 21.09
Epoch 76/80 | Step 534700 | G: 2.7863 | D_A: 0.0603 | D_B: 0.0765 | Cycle: 1.0140 | grad_G: 28.88
Epoch 76/80 | Step 534750 | G: 2.7477 | D_A: 0.0258 | D_B: 0.0207 | Cycle: 0.8905 | grad_G: 23.52
Epoch 76/80 | Step 534800 | G: 2.7137 | D_A: 0.0243 | D_B: 0.0249 | Cycle: 0.8616 | grad_G: 31.09
Epoch 76/80 | Step 534850 | G: 2.8348 | D_A: 0.0261 | D_B: 0.0445 | Cycle: 0.9834 | grad_G: 20.03
Epoch 76/80 complete | Time: 439s | Avg G: 2.8422 | Avg D: 0.0461 | grad_G: 28.23
Epoch 77/80 | Step 534900 | G: 3.3208 | D_A: 0.0479 | D_B: 0.0334 | Cycle: 1.3882 | grad_G: 27.27
Epoch 77/80 | Step 534950 | G: 2.8651 | D_A: 0.0378 | D_B: 0.0214 | Cycle: 1.2434 | grad_G: 18.83
Epoch 77/80 | Step 535000 | G: 2.8213 | D_A: 0.0416 | D_B: 0.0584 | Cycle: 0.9778 | grad_G: 18.13
Epoch 77/80 | Step 535050 | G: 2.6917 | D_A: 0.0563 | D_B: 0.0494 | Cycle: 1.0815 | grad_G: 21.09
Epoch 77/80 | Step 535100 | G: 2.5850 | D_A: 0.0289 | D_B: 0.0731 | Cycle: 0.9114 | grad_G: 37.83
Epoch 77/80 | Step 535150 | G: 2.7292 | D_A: 0.0463 | D_B: 0.1085 | Cycle: 1.0615 | grad_G: 26.60
Epoch 77/80 | Step 535200 | G: 3.2494 | D_A: 0.0390 | D_B: 0.0240 | Cycle: 1.1424 | grad_G: 25.53
Epoch 77/80 | Step 535250 | G: 3.0790 | D_A: 0.0484 | D_B: 0.0196 | Cycle: 1.3081 | grad_G: 25.85
Epoch 77/80 | Step 535300 | G: 3.2277 | D_A: 0.0419 | D_B: 0.0313 | Cycle: 1.2498 | grad_G: 25.86
Epoch 77/80 | Step 535350 | G: 2.5465 | D_A: 0.0249 | D_B: 0.0601 | Cycle: 0.8912 | grad_G: 17.64
Epoch 77/80 | Step 535400 | G: 2.9375 | D_A: 0.0426 | D_B: 0.0667 | Cycle: 0.9831 | grad_G: 28.99
Epoch 77/80 | Step 535450 | G: 2.7035 | D_A: 0.0417 | D_B: 0.0475 | Cycle: 0.8682 | grad_G: 24.91
Epoch 77/80 | Step 535500 | G: 2.6690 | D_A: 0.1083 | D_B: 0.0226 | Cycle: 0.8475 | grad_G: 27.83
Epoch 77/80 | Step 535550 | G: 2.9506 | D_A: 0.0426 | D_B: 0.0168 | Cycle: 1.2360 | grad_G: 22.07
Epoch 77/80 | Step 535600 | G: 2.5290 | D_A: 0.0633 | D_B: 0.0696 | Cycle: 0.8499 | grad_G: 28.43
Epoch 77/80 | Step 535650 | G: 2.6169 | D_A: 0.0443 | D_B: 0.0352 | Cycle: 1.1230 | grad_G: 31.10
Epoch 77/80 | Step 535700 | G: 2.4300 | D_A: 0.0993 | D_B: 0.0255 | Cycle: 0.9895 | grad_G: 24.36
Epoch 77/80 | Step 535750 | G: 2.5606 | D_A: 0.0367 | D_B: 0.1560 | Cycle: 1.1644 | grad_G: 17.93
Epoch 77/80 | Step 535800 | G: 2.6981 | D_A: 0.0739 | D_B: 0.0246 | Cycle: 0.9852 | grad_G: 40.32
Epoch 77/80 | Step 535850 | G: 2.6878 | D_A: 0.0305 | D_B: 0.0597 | Cycle: 1.0453 | grad_G: 35.65
Epoch 77/80 | Step 535900 | G: 3.5527 | D_A: 0.0592 | D_B: 0.0317 | Cycle: 1.5597 | grad_G: 41.22
Epoch 77/80 | Step 535950 | G: 2.9148 | D_A: 0.0480 | D_B: 0.0276 | Cycle: 1.0872 | grad_G: 27.29
Epoch 77/80 | Step 536000 | G: 2.7905 | D_A: 0.0186 | D_B: 0.0214 | Cycle: 1.0245 | grad_G: 30.93
Epoch 77/80 | Step 536050 | G: 2.9255 | D_A: 0.0428 | D_B: 0.0288 | Cycle: 1.1205 | grad_G: 26.40
Epoch 77/80 | Step 536100 | G: 2.9636 | D_A: 0.0666 | D_B: 0.0384 | Cycle: 1.1857 | grad_G: 19.69
Epoch 77/80 | Step 536150 | G: 2.4213 | D_A: 0.0375 | D_B: 0.0781 | Cycle: 0.8809 | grad_G: 22.93
Epoch 77/80 | Step 536200 | G: 2.7358 | D_A: 0.0268 | D_B: 0.0603 | Cycle: 0.9356 | grad_G: 19.48
Epoch 77/80 | Step 536250 | G: 3.1054 | D_A: 0.0311 | D_B: 0.0347 | Cycle: 1.2666 | grad_G: 19.82
Epoch 77/80 | Step 536300 | G: 2.8166 | D_A: 0.0412 | D_B: 0.1227 | Cycle: 0.9041 | grad_G: 21.62
Epoch 77/80 | Step 536350 | G: 2.5504 | D_A: 0.0226 | D_B: 0.0486 | Cycle: 0.8998 | grad_G: 103.33
Epoch 77/80 | Step 536400 | G: 3.1921 | D_A: 0.0359 | D_B: 0.0476 | Cycle: 1.4882 | grad_G: 22.16
Epoch 77/80 | Step 536450 | G: 2.7620 | D_A: 0.0292 | D_B: 0.0235 | Cycle: 0.9756 | grad_G: 23.05
Epoch 77/80 | Step 536500 | G: 3.1332 | D_A: 0.0381 | D_B: 0.0447 | Cycle: 1.2364 | grad_G: 21.21
Epoch 77/80 | Step 536550 | G: 3.5035 | D_A: 0.0615 | D_B: 0.0283 | Cycle: 1.5649 | grad_G: 25.76
Epoch 77/80 | Step 536600 | G: 2.4252 | D_A: 0.0298 | D_B: 0.1063 | Cycle: 0.8356 | grad_G: 25.40
Epoch 77/80 | Step 536650 | G: 3.0571 | D_A: 0.0293 | D_B: 0.0368 | Cycle: 1.3718 | grad_G: 24.72
Epoch 77/80 | Step 536700 | G: 2.5668 | D_A: 0.0231 | D_B: 0.0381 | Cycle: 1.0274 | grad_G: 16.73
Epoch 77/80 | Step 536750 | G: 2.8192 | D_A: 0.0428 | D_B: 0.0512 | Cycle: 1.1304 | grad_G: 20.83
Epoch 77/80 | Step 536800 | G: 3.1441 | D_A: 0.0262 | D_B: 0.0248 | Cycle: 1.1792 | grad_G: 29.32
Epoch 77/80 | Step 536850 | G: 2.9680 | D_A: 0.0311 | D_B: 0.0279 | Cycle: 1.2135 | grad_G: 20.87
Epoch 77/80 | Step 536900 | G: 3.0607 | D_A: 0.0283 | D_B: 0.0229 | Cycle: 1.2425 | grad_G: 27.73
Epoch 77/80 | Step 536950 | G: 2.2653 | D_A: 0.0555 | D_B: 0.0303 | Cycle: 0.9295 | grad_G: 29.41
Epoch 77/80 | Step 537000 | G: 2.5716 | D_A: 0.0635 | D_B: 0.0273 | Cycle: 1.1422 | grad_G: 26.03
Epoch 77/80 | Step 537050 | G: 2.4198 | D_A: 0.0440 | D_B: 0.0250 | Cycle: 0.9247 | grad_G: 20.46
Epoch 77/80 | Step 537100 | G: 2.5734 | D_A: 0.0231 | D_B: 0.1762 | Cycle: 0.7623 | grad_G: 29.02
Epoch 77/80 | Step 537150 | G: 2.7203 | D_A: 0.0432 | D_B: 0.0269 | Cycle: 0.7724 | grad_G: 31.95
Epoch 77/80 | Step 537200 | G: 2.9460 | D_A: 0.1009 | D_B: 0.0242 | Cycle: 1.1202 | grad_G: 30.40
Epoch 77/80 | Step 537250 | G: 3.1817 | D_A: 0.0372 | D_B: 0.0279 | Cycle: 1.5133 | grad_G: 34.92
Epoch 77/80 | Step 537300 | G: 2.6527 | D_A: 0.0249 | D_B: 0.2070 | Cycle: 0.9519 | grad_G: 28.40
Epoch 77/80 | Step 537350 | G: 2.5220 | D_A: 0.0246 | D_B: 0.1060 | Cycle: 0.7207 | grad_G: 38.19
Epoch 77/80 | Step 537400 | G: 2.8134 | D_A: 0.0346 | D_B: 0.0217 | Cycle: 1.1814 | grad_G: 25.64
Epoch 77/80 | Step 537450 | G: 2.5310 | D_A: 0.0223 | D_B: 0.0739 | Cycle: 0.9170 | grad_G: 22.37
Epoch 77/80 | Step 537500 | G: 3.2300 | D_A: 0.0309 | D_B: 0.0207 | Cycle: 1.2764 | grad_G: 19.89
Epoch 77/80 | Step 537550 | G: 2.4109 | D_A: 0.0762 | D_B: 0.0298 | Cycle: 0.9486 | grad_G: 24.83
Epoch 77/80 | Step 537600 | G: 2.6017 | D_A: 0.0321 | D_B: 0.0403 | Cycle: 0.7723 | grad_G: 27.17
Epoch 77/80 | Step 537650 | G: 2.6013 | D_A: 0.0463 | D_B: 0.0404 | Cycle: 1.0809 | grad_G: 20.97
Epoch 77/80 | Step 537700 | G: 2.6195 | D_A: 0.0390 | D_B: 0.0333 | Cycle: 0.8092 | grad_G: 27.17
Epoch 77/80 | Step 537750 | G: 2.8634 | D_A: 0.0519 | D_B: 0.0383 | Cycle: 1.0010 | grad_G: 26.50
Epoch 77/80 | Step 537800 | G: 3.1207 | D_A: 0.0171 | D_B: 0.0618 | Cycle: 1.2966 | grad_G: 47.42
Epoch 77/80 | Step 537850 | G: 2.8702 | D_A: 0.0568 | D_B: 0.0395 | Cycle: 1.0120 | grad_G: 22.04
Epoch 77/80 | Step 537900 | G: 3.2750 | D_A: 0.0706 | D_B: 0.0275 | Cycle: 1.4519 | grad_G: 21.63
Epoch 77/80 | Step 537950 | G: 2.7170 | D_A: 0.0473 | D_B: 0.1642 | Cycle: 1.0265 | grad_G: 23.04
Epoch 77/80 | Step 538000 | G: 2.7208 | D_A: 0.0416 | D_B: 0.1387 | Cycle: 0.9093 | grad_G: 21.82
Epoch 77/80 | Step 538050 | G: 2.7230 | D_A: 0.0569 | D_B: 0.0218 | Cycle: 1.0271 | grad_G: 22.90
Epoch 77/80 | Step 538100 | G: 3.1002 | D_A: 0.0336 | D_B: 0.0305 | Cycle: 1.1964 | grad_G: 23.56
Epoch 77/80 | Step 538150 | G: 2.7743 | D_A: 0.1048 | D_B: 0.0308 | Cycle: 1.0791 | grad_G: 17.45
Epoch 77/80 | Step 538200 | G: 3.1453 | D_A: 0.0744 | D_B: 0.0209 | Cycle: 1.1533 | grad_G: 21.18
Epoch 77/80 | Step 538250 | G: 2.2195 | D_A: 0.0971 | D_B: 0.0705 | Cycle: 0.8393 | grad_G: 32.86
Epoch 77/80 | Step 538300 | G: 3.0895 | D_A: 0.0620 | D_B: 0.0459 | Cycle: 1.2728 | grad_G: 23.50
Epoch 77/80 | Step 538350 | G: 2.7191 | D_A: 0.0487 | D_B: 0.0261 | Cycle: 1.0946 | grad_G: 27.15
Epoch 77/80 | Step 538400 | G: 2.8695 | D_A: 0.0459 | D_B: 0.0232 | Cycle: 1.1221 | grad_G: 32.82
Epoch 77/80 | Step 538450 | G: 2.5713 | D_A: 0.0304 | D_B: 0.0203 | Cycle: 1.1724 | grad_G: 25.31
Epoch 77/80 | Step 538500 | G: 3.2449 | D_A: 0.0366 | D_B: 0.0274 | Cycle: 1.1464 | grad_G: 24.61
Epoch 77/80 | Step 538550 | G: 2.7913 | D_A: 0.0200 | D_B: 0.0266 | Cycle: 1.1358 | grad_G: 28.10
Epoch 77/80 | Step 538600 | G: 3.0509 | D_A: 0.0297 | D_B: 0.0441 | Cycle: 1.3130 | grad_G: 30.99
Epoch 77/80 | Step 538650 | G: 2.9577 | D_A: 0.0279 | D_B: 0.0200 | Cycle: 0.9520 | grad_G: 18.75
Epoch 77/80 | Step 538700 | G: 2.8587 | D_A: 0.0607 | D_B: 0.0429 | Cycle: 1.3653 | grad_G: 29.06
Epoch 77/80 | Step 538750 | G: 3.2777 | D_A: 0.0297 | D_B: 0.0421 | Cycle: 1.3184 | grad_G: 20.13
Epoch 77/80 | Step 538800 | G: 3.0890 | D_A: 0.0287 | D_B: 0.0230 | Cycle: 1.0763 | grad_G: 23.92
Epoch 77/80 | Step 538850 | G: 3.2398 | D_A: 0.0306 | D_B: 0.0383 | Cycle: 1.5298 | grad_G: 22.87
Epoch 77/80 | Step 538900 | G: 2.7416 | D_A: 0.0397 | D_B: 0.0967 | Cycle: 1.0580 | grad_G: 22.97
Epoch 77/80 | Step 538950 | G: 2.9651 | D_A: 0.0463 | D_B: 0.0511 | Cycle: 1.1456 | grad_G: 18.89
Epoch 77/80 | Step 539000 | G: 2.4734 | D_A: 0.0430 | D_B: 0.0356 | Cycle: 0.9091 | grad_G: 23.23
Epoch 77/80 | Step 539050 | G: 2.9891 | D_A: 0.1365 | D_B: 0.0187 | Cycle: 1.1500 | grad_G: 21.66
Epoch 77/80 | Step 539100 | G: 3.2027 | D_A: 0.0332 | D_B: 0.0197 | Cycle: 1.2371 | grad_G: 28.76
Epoch 77/80 | Step 539150 | G: 2.7904 | D_A: 0.0570 | D_B: 0.0304 | Cycle: 1.1746 | grad_G: 19.48
Epoch 77/80 | Step 539200 | G: 3.4560 | D_A: 0.0728 | D_B: 0.0763 | Cycle: 1.4156 | grad_G: 21.70
Epoch 77/80 | Step 539250 | G: 2.7032 | D_A: 0.0311 | D_B: 0.0357 | Cycle: 1.0847 | grad_G: 24.81
Epoch 77/80 | Step 539300 | G: 2.7307 | D_A: 0.0662 | D_B: 0.0627 | Cycle: 1.3194 | grad_G: 19.19
Epoch 77/80 | Step 539350 | G: 2.2591 | D_A: 0.0362 | D_B: 0.1048 | Cycle: 0.8813 | grad_G: 21.75
Epoch 77/80 | Step 539400 | G: 2.4982 | D_A: 0.0351 | D_B: 0.0768 | Cycle: 0.8495 | grad_G: 24.18
Epoch 77/80 | Step 539450 | G: 3.1544 | D_A: 0.0309 | D_B: 0.0231 | Cycle: 1.3913 | grad_G: 22.74
Epoch 77/80 | Step 539500 | G: 2.5049 | D_A: 0.0634 | D_B: 0.0867 | Cycle: 0.7913 | grad_G: 116.39
Epoch 77/80 | Step 539550 | G: 1.8886 | D_A: 0.0599 | D_B: 0.0760 | Cycle: 0.7181 | grad_G: 32.23
Epoch 77/80 | Step 539600 | G: 2.7452 | D_A: 0.0909 | D_B: 0.0384 | Cycle: 0.9654 | grad_G: 29.15
Epoch 77/80 | Step 539650 | G: 2.9061 | D_A: 0.0656 | D_B: 0.0448 | Cycle: 1.0642 | grad_G: 31.12
Epoch 77/80 | Step 539700 | G: 2.9949 | D_A: 0.0300 | D_B: 0.0254 | Cycle: 1.0589 | grad_G: 33.33
Epoch 77/80 | Step 539750 | G: 2.8435 | D_A: 0.0201 | D_B: 0.0207 | Cycle: 1.1145 | grad_G: 17.09
Epoch 77/80 | Step 539800 | G: 2.7384 | D_A: 0.1326 | D_B: 0.0280 | Cycle: 0.8299 | grad_G: 27.34
Epoch 77/80 | Step 539850 | G: 3.4380 | D_A: 0.0309 | D_B: 0.0403 | Cycle: 1.0222 | grad_G: 27.04
Epoch 77/80 | Step 539900 | G: 2.9708 | D_A: 0.0593 | D_B: 0.0284 | Cycle: 1.0619 | grad_G: 30.38
Epoch 77/80 | Step 539950 | G: 2.5123 | D_A: 0.0901 | D_B: 0.0261 | Cycle: 1.0300 | grad_G: 28.43
Epoch 77/80 | Step 540000 | G: 2.8040 | D_A: 0.0693 | D_B: 0.0201 | Cycle: 1.1405 | grad_G: 22.13
Epoch 77/80 | Step 540050 | G: 2.4129 | D_A: 0.0445 | D_B: 0.0285 | Cycle: 0.9929 | grad_G: 36.42
Epoch 77/80 | Step 540100 | G: 2.6457 | D_A: 0.0372 | D_B: 0.0834 | Cycle: 1.0325 | grad_G: 37.84
Epoch 77/80 | Step 540150 | G: 3.0559 | D_A: 0.0534 | D_B: 0.0400 | Cycle: 1.3867 | grad_G: 20.59
Epoch 77/80 | Step 540200 | G: 2.9495 | D_A: 0.0571 | D_B: 0.1394 | Cycle: 1.0684 | grad_G: 34.12
Epoch 77/80 | Step 540250 | G: 2.6173 | D_A: 0.0936 | D_B: 0.0298 | Cycle: 0.9053 | grad_G: 24.58
Epoch 77/80 | Step 540300 | G: 2.4433 | D_A: 0.0503 | D_B: 0.0978 | Cycle: 0.8434 | grad_G: 35.11
Epoch 77/80 | Step 540350 | G: 3.1568 | D_A: 0.0333 | D_B: 0.0424 | Cycle: 1.1580 | grad_G: 35.25
Epoch 77/80 | Step 540400 | G: 3.1012 | D_A: 0.0482 | D_B: 0.0192 | Cycle: 1.2717 | grad_G: 29.24
Epoch 77/80 | Step 540450 | G: 2.7083 | D_A: 0.0294 | D_B: 0.0295 | Cycle: 1.0368 | grad_G: 22.71
Epoch 77/80 | Step 540500 | G: 2.6968 | D_A: 0.0397 | D_B: 0.0225 | Cycle: 1.2579 | grad_G: 19.43
Epoch 77/80 | Step 540550 | G: 3.1109 | D_A: 0.0312 | D_B: 0.0268 | Cycle: 1.2693 | grad_G: 22.79
Epoch 77/80 | Step 540600 | G: 2.7750 | D_A: 0.1411 | D_B: 0.0227 | Cycle: 1.1626 | grad_G: 26.61
Epoch 77/80 | Step 540650 | G: 2.9882 | D_A: 0.0564 | D_B: 0.0270 | Cycle: 1.2543 | grad_G: 24.73
Epoch 77/80 | Step 540700 | G: 2.7368 | D_A: 0.0444 | D_B: 0.0291 | Cycle: 0.8988 | grad_G: 30.41
Epoch 77/80 | Step 540750 | G: 3.0298 | D_A: 0.0777 | D_B: 0.0251 | Cycle: 1.2592 | grad_G: 30.42
Epoch 77/80 | Step 540800 | G: 2.5248 | D_A: 0.0451 | D_B: 0.0199 | Cycle: 0.7840 | grad_G: 30.50
Epoch 77/80 | Step 540850 | G: 2.3706 | D_A: 0.0540 | D_B: 0.0490 | Cycle: 0.8783 | grad_G: 26.11
Epoch 77/80 | Step 540900 | G: 2.8651 | D_A: 0.0841 | D_B: 0.0569 | Cycle: 0.9938 | grad_G: 28.31
Epoch 77/80 | Step 540950 | G: 3.1488 | D_A: 0.0485 | D_B: 0.0353 | Cycle: 1.4005 | grad_G: 26.84
Epoch 77/80 | Step 541000 | G: 3.4413 | D_A: 0.0604 | D_B: 0.0301 | Cycle: 1.2405 | grad_G: 20.80
Epoch 77/80 | Step 541050 | G: 2.5749 | D_A: 0.0313 | D_B: 0.0514 | Cycle: 0.9633 | grad_G: 20.48
Epoch 77/80 | Step 541100 | G: 3.2742 | D_A: 0.0559 | D_B: 0.0238 | Cycle: 1.4548 | grad_G: 20.90
Epoch 77/80 | Step 541150 | G: 2.9579 | D_A: 0.0244 | D_B: 0.0261 | Cycle: 1.1484 | grad_G: 25.96
Epoch 77/80 | Step 541200 | G: 2.6495 | D_A: 0.0551 | D_B: 0.0724 | Cycle: 0.9831 | grad_G: 22.53
Epoch 77/80 | Step 541250 | G: 3.0822 | D_A: 0.0583 | D_B: 0.0319 | Cycle: 1.1345 | grad_G: 17.55
Epoch 77/80 | Step 541300 | G: 2.9387 | D_A: 0.0199 | D_B: 0.0338 | Cycle: 1.1324 | grad_G: 19.31
Epoch 77/80 | Step 541350 | G: 2.9221 | D_A: 0.0752 | D_B: 0.0268 | Cycle: 1.1056 | grad_G: 23.01
Epoch 77/80 | Step 541400 | G: 2.3232 | D_A: 0.1333 | D_B: 0.0471 | Cycle: 0.8328 | grad_G: 24.05
Epoch 77/80 | Step 541450 | G: 4.1305 | D_A: 0.0906 | D_B: 0.0312 | Cycle: 1.7394 | grad_G: 22.68
Epoch 77/80 | Step 541500 | G: 2.8099 | D_A: 0.0296 | D_B: 0.0351 | Cycle: 0.9515 | grad_G: 24.28
Epoch 77/80 | Step 541550 | G: 2.7469 | D_A: 0.0462 | D_B: 0.0192 | Cycle: 0.9680 | grad_G: 26.49
Epoch 77/80 | Step 541600 | G: 2.6646 | D_A: 0.0298 | D_B: 0.0424 | Cycle: 1.0454 | grad_G: 28.38
Epoch 77/80 | Step 541650 | G: 3.1335 | D_A: 0.0295 | D_B: 0.0245 | Cycle: 1.2571 | grad_G: 17.13
Epoch 77/80 | Step 541700 | G: 2.9069 | D_A: 0.0241 | D_B: 0.0221 | Cycle: 1.0534 | grad_G: 27.02
Epoch 77/80 | Step 541750 | G: 2.9429 | D_A: 0.0273 | D_B: 0.0206 | Cycle: 1.0068 | grad_G: 23.19
Epoch 77/80 | Step 541800 | G: 3.8826 | D_A: 0.0426 | D_B: 0.0206 | Cycle: 1.6935 | grad_G: 20.75
Epoch 77/80 | Step 541850 | G: 3.0445 | D_A: 0.0295 | D_B: 0.0484 | Cycle: 1.3776 | grad_G: 20.11
Epoch 77/80 | Step 541900 | G: 2.7719 | D_A: 0.0781 | D_B: 0.0341 | Cycle: 0.7907 | grad_G: 28.66
Epoch 77/80 complete | Time: 462s | Avg G: 2.8483 | Avg D: 0.0457 | grad_G: 27.09
Epoch 78/80 | Step 541950 | G: 2.3964 | D_A: 0.0811 | D_B: 0.0655 | Cycle: 0.9844 | grad_G: 21.27
Epoch 78/80 | Step 542000 | G: 2.6662 | D_A: 0.0465 | D_B: 0.0686 | Cycle: 0.9014 | grad_G: 27.59
Epoch 78/80 | Step 542050 | G: 3.1144 | D_A: 0.0383 | D_B: 0.0248 | Cycle: 1.1493 | grad_G: 26.03
Epoch 78/80 | Step 542100 | G: 3.1596 | D_A: 0.0390 | D_B: 0.0318 | Cycle: 1.4434 | grad_G: 19.08
Epoch 78/80 | Step 542150 | G: 3.2900 | D_A: 0.0303 | D_B: 0.0291 | Cycle: 1.4863 | grad_G: 17.49
Epoch 78/80 | Step 542200 | G: 2.9369 | D_A: 0.0353 | D_B: 0.0321 | Cycle: 1.2592 | grad_G: 20.35
Epoch 78/80 | Step 542250 | G: 3.0919 | D_A: 0.0339 | D_B: 0.0356 | Cycle: 1.0740 | grad_G: 27.00
Epoch 78/80 | Step 542300 | G: 2.6265 | D_A: 0.0430 | D_B: 0.0267 | Cycle: 1.1362 | grad_G: 47.02
Epoch 78/80 | Step 542350 | G: 2.6415 | D_A: 0.0333 | D_B: 0.0305 | Cycle: 1.1386 | grad_G: 35.92
Epoch 78/80 | Step 542400 | G: 3.1466 | D_A: 0.0313 | D_B: 0.0487 | Cycle: 1.3916 | grad_G: 17.69
Epoch 78/80 | Step 542450 | G: 2.4778 | D_A: 0.0165 | D_B: 0.0316 | Cycle: 0.8655 | grad_G: 22.18
Epoch 78/80 | Step 542500 | G: 2.9919 | D_A: 0.1169 | D_B: 0.1438 | Cycle: 0.9855 | grad_G: 31.03
Epoch 78/80 | Step 542550 | G: 2.5681 | D_A: 0.0585 | D_B: 0.0937 | Cycle: 0.9503 | grad_G: 23.08
Epoch 78/80 | Step 542600 | G: 3.1750 | D_A: 0.0415 | D_B: 0.0258 | Cycle: 1.1428 | grad_G: 25.22
Epoch 78/80 | Step 542650 | G: 3.1623 | D_A: 0.0290 | D_B: 0.0378 | Cycle: 1.2972 | grad_G: 22.26
Epoch 78/80 | Step 542700 | G: 3.3009 | D_A: 0.0553 | D_B: 0.0293 | Cycle: 1.3013 | grad_G: 18.96
Epoch 78/80 | Step 542750 | G: 2.5440 | D_A: 0.0588 | D_B: 0.0339 | Cycle: 0.9869 | grad_G: 25.54
Epoch 78/80 | Step 542800 | G: 2.4160 | D_A: 0.0488 | D_B: 0.0217 | Cycle: 0.7934 | grad_G: 28.75
Epoch 78/80 | Step 542850 | G: 3.0095 | D_A: 0.0591 | D_B: 0.0581 | Cycle: 1.0824 | grad_G: 49.24
Epoch 78/80 | Step 542900 | G: 2.4860 | D_A: 0.0618 | D_B: 0.0172 | Cycle: 0.9803 | grad_G: 38.08
Epoch 78/80 | Step 542950 | G: 2.8554 | D_A: 0.0388 | D_B: 0.0354 | Cycle: 1.3334 | grad_G: 21.01
Epoch 78/80 | Step 543000 | G: 3.2494 | D_A: 0.2443 | D_B: 0.0367 | Cycle: 1.3550 | grad_G: 32.57
Epoch 78/80 | Step 543050 | G: 3.0795 | D_A: 0.0482 | D_B: 0.0193 | Cycle: 1.2529 | grad_G: 26.47
Epoch 78/80 | Step 543100 | G: 2.8344 | D_A: 0.1621 | D_B: 0.0401 | Cycle: 1.2784 | grad_G: 26.81
Epoch 78/80 | Step 543150 | G: 2.7682 | D_A: 0.0677 | D_B: 0.0278 | Cycle: 0.9911 | grad_G: 24.40
Epoch 78/80 | Step 543200 | G: 3.2942 | D_A: 0.0311 | D_B: 0.0278 | Cycle: 1.2337 | grad_G: 26.43
Epoch 78/80 | Step 543250 | G: 2.5863 | D_A: 0.0439 | D_B: 0.0512 | Cycle: 1.0351 | grad_G: 27.31
Epoch 78/80 | Step 543300 | G: 3.1736 | D_A: 0.0265 | D_B: 0.0369 | Cycle: 1.2635 | grad_G: 21.64
Epoch 78/80 | Step 543350 | G: 2.9634 | D_A: 0.0380 | D_B: 0.0644 | Cycle: 1.1118 | grad_G: 30.19
Epoch 78/80 | Step 543400 | G: 2.1888 | D_A: 0.0704 | D_B: 0.0255 | Cycle: 0.8506 | grad_G: 18.15
Epoch 78/80 | Step 543450 | G: 2.7500 | D_A: 0.0398 | D_B: 0.0276 | Cycle: 1.0751 | grad_G: 21.26
Epoch 78/80 | Step 543500 | G: 2.5502 | D_A: 0.0357 | D_B: 0.0403 | Cycle: 1.0441 | grad_G: 31.20
Epoch 78/80 | Step 543550 | G: 2.9951 | D_A: 0.0486 | D_B: 0.0214 | Cycle: 0.9205 | grad_G: 30.81
Epoch 78/80 | Step 543600 | G: 2.5183 | D_A: 0.0320 | D_B: 0.2058 | Cycle: 0.8435 | grad_G: 25.05
Epoch 78/80 | Step 543650 | G: 2.7986 | D_A: 0.0854 | D_B: 0.0214 | Cycle: 0.9019 | grad_G: 38.21
Epoch 78/80 | Step 543700 | G: 3.1415 | D_A: 0.0451 | D_B: 0.0247 | Cycle: 1.3509 | grad_G: 25.12
Epoch 78/80 | Step 543750 | G: 2.8191 | D_A: 0.0361 | D_B: 0.0466 | Cycle: 1.0305 | grad_G: 30.63
Epoch 78/80 | Step 543800 | G: 3.0248 | D_A: 0.0467 | D_B: 0.0334 | Cycle: 1.3498 | grad_G: 22.37
Epoch 78/80 | Step 543850 | G: 2.9465 | D_A: 0.0944 | D_B: 0.0467 | Cycle: 1.0639 | grad_G: 18.97
Epoch 78/80 | Step 543900 | G: 2.7153 | D_A: 0.0668 | D_B: 0.0482 | Cycle: 0.9661 | grad_G: 21.26
Epoch 78/80 | Step 543950 | G: 3.7228 | D_A: 0.0475 | D_B: 0.0454 | Cycle: 1.6208 | grad_G: 24.55
Epoch 78/80 | Step 544000 | G: 3.2859 | D_A: 0.0334 | D_B: 0.0240 | Cycle: 1.3510 | grad_G: 21.80
Epoch 78/80 | Step 544050 | G: 3.1563 | D_A: 0.1123 | D_B: 0.0393 | Cycle: 1.3592 | grad_G: 18.01
Epoch 78/80 | Step 544100 | G: 2.8846 | D_A: 0.0274 | D_B: 0.1673 | Cycle: 0.9695 | grad_G: 28.68
Epoch 78/80 | Step 544150 | G: 2.6591 | D_A: 0.0280 | D_B: 0.0469 | Cycle: 0.8948 | grad_G: 20.64
Epoch 78/80 | Step 544200 | G: 2.9657 | D_A: 0.0353 | D_B: 0.0233 | Cycle: 1.0875 | grad_G: 26.82
Epoch 78/80 | Step 544250 | G: 3.0098 | D_A: 0.0280 | D_B: 0.0262 | Cycle: 1.2740 | grad_G: 25.05
Epoch 78/80 | Step 544300 | G: 2.6003 | D_A: 0.0260 | D_B: 0.0591 | Cycle: 0.9280 | grad_G: 24.13
Epoch 78/80 | Step 544350 | G: 2.9820 | D_A: 0.0286 | D_B: 0.0270 | Cycle: 1.0425 | grad_G: 24.14
Epoch 78/80 | Step 544400 | G: 2.7597 | D_A: 0.0659 | D_B: 0.0187 | Cycle: 1.1160 | grad_G: 23.97
Epoch 78/80 | Step 544450 | G: 2.8651 | D_A: 0.0328 | D_B: 0.0251 | Cycle: 1.0894 | grad_G: 20.73
Epoch 78/80 | Step 544500 | G: 2.1041 | D_A: 0.0967 | D_B: 0.1326 | Cycle: 0.7289 | grad_G: 28.68
Epoch 78/80 | Step 544550 | G: 2.6195 | D_A: 0.0282 | D_B: 0.0196 | Cycle: 1.1852 | grad_G: 30.65
Epoch 78/80 | Step 544600 | G: 2.7023 | D_A: 0.0324 | D_B: 0.1103 | Cycle: 1.0273 | grad_G: 29.86
Epoch 78/80 | Step 544650 | G: 2.8799 | D_A: 0.0305 | D_B: 0.0316 | Cycle: 1.2141 | grad_G: 31.44
Epoch 78/80 | Step 544700 | G: 2.4729 | D_A: 0.0712 | D_B: 0.0475 | Cycle: 0.9744 | grad_G: 27.02
Epoch 78/80 | Step 544750 | G: 3.1494 | D_A: 0.1156 | D_B: 0.0249 | Cycle: 1.1138 | grad_G: 28.28
Epoch 78/80 | Step 544800 | G: 2.8745 | D_A: 0.0307 | D_B: 0.0347 | Cycle: 1.1941 | grad_G: 19.23
Epoch 78/80 | Step 544850 | G: 3.2438 | D_A: 0.0442 | D_B: 0.0224 | Cycle: 1.3783 | grad_G: 25.41
Epoch 78/80 | Step 544900 | G: 2.4941 | D_A: 0.0674 | D_B: 0.0650 | Cycle: 0.8190 | grad_G: 25.68
Epoch 78/80 | Step 544950 | G: 2.5826 | D_A: 0.0590 | D_B: 0.0673 | Cycle: 0.8728 | grad_G: 26.45
Epoch 78/80 | Step 545000 | G: 2.6912 | D_A: 0.1468 | D_B: 0.0795 | Cycle: 0.8573 | grad_G: 51.64
Epoch 78/80 | Step 545050 | G: 3.1977 | D_A: 0.0530 | D_B: 0.0755 | Cycle: 0.9834 | grad_G: 129.72
Epoch 78/80 | Step 545100 | G: 2.7756 | D_A: 0.0465 | D_B: 0.0378 | Cycle: 0.9626 | grad_G: 24.49
Epoch 78/80 | Step 545150 | G: 2.9747 | D_A: 0.0387 | D_B: 0.0217 | Cycle: 1.0944 | grad_G: 38.55
Epoch 78/80 | Step 545200 | G: 2.3582 | D_A: 0.0322 | D_B: 0.0251 | Cycle: 0.7331 | grad_G: 27.67
Epoch 78/80 | Step 545250 | G: 2.8090 | D_A: 0.0417 | D_B: 0.0228 | Cycle: 0.9224 | grad_G: 23.82
Epoch 78/80 | Step 545300 | G: 2.4854 | D_A: 0.0550 | D_B: 0.0932 | Cycle: 0.7263 | grad_G: 32.70
Epoch 78/80 | Step 545350 | G: 3.2430 | D_A: 0.0475 | D_B: 0.0223 | Cycle: 0.9311 | grad_G: 22.52
Epoch 78/80 | Step 545400 | G: 2.7360 | D_A: 0.0289 | D_B: 0.0229 | Cycle: 0.9442 | grad_G: 35.28
Epoch 78/80 | Step 545450 | G: 2.9282 | D_A: 0.0519 | D_B: 0.0222 | Cycle: 1.0010 | grad_G: 28.81
Epoch 78/80 | Step 545500 | G: 3.0823 | D_A: 0.0311 | D_B: 0.0461 | Cycle: 1.3362 | grad_G: 26.11
Epoch 78/80 | Step 545550 | G: 2.5748 | D_A: 0.0712 | D_B: 0.0448 | Cycle: 0.9650 | grad_G: 27.23
Epoch 78/80 | Step 545600 | G: 2.7349 | D_A: 0.0270 | D_B: 0.0214 | Cycle: 1.1166 | grad_G: 22.60
Epoch 78/80 | Step 545650 | G: 2.5825 | D_A: 0.0465 | D_B: 0.0195 | Cycle: 0.8526 | grad_G: 21.93
Epoch 78/80 | Step 545700 | G: 3.2423 | D_A: 0.0307 | D_B: 0.0389 | Cycle: 1.1572 | grad_G: 52.96
Epoch 78/80 | Step 545750 | G: 2.6956 | D_A: 0.0284 | D_B: 0.0866 | Cycle: 0.9697 | grad_G: 26.06
Epoch 78/80 | Step 545800 | G: 3.0378 | D_A: 0.0465 | D_B: 0.0288 | Cycle: 1.0329 | grad_G: 19.39
Epoch 78/80 | Step 545850 | G: 3.0422 | D_A: 0.1046 | D_B: 0.0785 | Cycle: 1.2460 | grad_G: 30.69
Epoch 78/80 | Step 545900 | G: 2.9878 | D_A: 0.0383 | D_B: 0.0227 | Cycle: 1.1521 | grad_G: 28.48
Epoch 78/80 | Step 545950 | G: 3.0579 | D_A: 0.0344 | D_B: 0.0313 | Cycle: 1.1099 | grad_G: 32.73
Epoch 78/80 | Step 546000 | G: 3.2856 | D_A: 0.0532 | D_B: 0.0610 | Cycle: 1.2070 | grad_G: 29.31
Epoch 78/80 | Step 546050 | G: 3.0356 | D_A: 0.0266 | D_B: 0.0213 | Cycle: 1.0245 | grad_G: 25.06
Epoch 78/80 | Step 546100 | G: 2.7093 | D_A: 0.0432 | D_B: 0.0461 | Cycle: 1.0315 | grad_G: 24.05
Epoch 78/80 | Step 546150 | G: 3.1886 | D_A: 0.0568 | D_B: 0.0727 | Cycle: 1.3036 | grad_G: 27.49
Epoch 78/80 | Step 546200 | G: 2.1181 | D_A: 0.1168 | D_B: 0.0249 | Cycle: 0.7644 | grad_G: 33.64
Epoch 78/80 | Step 546250 | G: 2.6848 | D_A: 0.0181 | D_B: 0.0398 | Cycle: 0.9223 | grad_G: 21.99
Epoch 78/80 | Step 546300 | G: 2.9189 | D_A: 0.1095 | D_B: 0.0507 | Cycle: 1.3024 | grad_G: 24.51
Epoch 78/80 | Step 546350 | G: 3.8169 | D_A: 0.0430 | D_B: 0.0288 | Cycle: 1.6979 | grad_G: 17.79
Epoch 78/80 | Step 546400 | G: 2.6603 | D_A: 0.0855 | D_B: 0.0157 | Cycle: 0.7408 | grad_G: 27.42
Epoch 78/80 | Step 546450 | G: 2.4146 | D_A: 0.0889 | D_B: 0.0334 | Cycle: 0.8895 | grad_G: 50.51
Epoch 78/80 | Step 546500 | G: 3.3394 | D_A: 0.0261 | D_B: 0.0355 | Cycle: 1.5765 | grad_G: 29.23
Epoch 78/80 | Step 546550 | G: 3.1677 | D_A: 0.1425 | D_B: 0.0285 | Cycle: 1.1881 | grad_G: 42.60
Epoch 78/80 | Step 546600 | G: 2.9011 | D_A: 0.0392 | D_B: 0.0354 | Cycle: 1.0832 | grad_G: 24.57
Epoch 78/80 | Step 546650 | G: 2.6308 | D_A: 0.0966 | D_B: 0.0264 | Cycle: 1.0579 | grad_G: 22.65
Epoch 78/80 | Step 546700 | G: 2.9617 | D_A: 0.0295 | D_B: 0.0258 | Cycle: 0.8988 | grad_G: 28.51
Epoch 78/80 | Step 546750 | G: 2.4020 | D_A: 0.0435 | D_B: 0.0509 | Cycle: 0.7831 | grad_G: 29.68
Epoch 78/80 | Step 546800 | G: 3.2764 | D_A: 0.0711 | D_B: 0.0298 | Cycle: 1.4270 | grad_G: 20.07
Epoch 78/80 | Step 546850 | G: 3.2210 | D_A: 0.0255 | D_B: 0.0215 | Cycle: 1.2710 | grad_G: 27.21
Epoch 78/80 | Step 546900 | G: 2.8728 | D_A: 0.0449 | D_B: 0.0947 | Cycle: 1.0070 | grad_G: 34.13
Epoch 78/80 | Step 546950 | G: 2.7685 | D_A: 0.0720 | D_B: 0.0329 | Cycle: 0.9155 | grad_G: 28.89
Epoch 78/80 | Step 547000 | G: 3.0157 | D_A: 0.0484 | D_B: 0.0215 | Cycle: 1.0155 | grad_G: 32.27
Epoch 78/80 | Step 547050 | G: 3.4514 | D_A: 0.0575 | D_B: 0.0214 | Cycle: 1.2994 | grad_G: 27.50
Epoch 78/80 | Step 547100 | G: 2.8952 | D_A: 0.0582 | D_B: 0.0288 | Cycle: 1.0589 | grad_G: 25.90
Epoch 78/80 | Step 547150 | G: 2.3949 | D_A: 0.0178 | D_B: 0.1406 | Cycle: 0.8313 | grad_G: 18.32
Epoch 78/80 | Step 547200 | G: 2.5884 | D_A: 0.0271 | D_B: 0.0267 | Cycle: 0.9652 | grad_G: 22.69
Epoch 78/80 | Step 547250 | G: 2.7495 | D_A: 0.0561 | D_B: 0.0266 | Cycle: 0.9171 | grad_G: 21.58
Epoch 78/80 | Step 547300 | G: 2.1953 | D_A: 0.0846 | D_B: 0.0268 | Cycle: 0.8220 | grad_G: 24.13
Epoch 78/80 | Step 547350 | G: 3.0252 | D_A: 0.0231 | D_B: 0.0282 | Cycle: 1.0790 | grad_G: 31.68
Epoch 78/80 | Step 547400 | G: 2.9252 | D_A: 0.0728 | D_B: 0.0210 | Cycle: 1.0657 | grad_G: 27.52
Epoch 78/80 | Step 547450 | G: 3.0523 | D_A: 0.0669 | D_B: 0.0270 | Cycle: 1.1760 | grad_G: 24.84
Epoch 78/80 | Step 547500 | G: 2.8586 | D_A: 0.0740 | D_B: 0.0335 | Cycle: 1.1628 | grad_G: 17.43
Epoch 78/80 | Step 547550 | G: 2.4688 | D_A: 0.2257 | D_B: 0.0489 | Cycle: 0.9031 | grad_G: 26.89
Epoch 78/80 | Step 547600 | G: 2.5050 | D_A: 0.0538 | D_B: 0.1309 | Cycle: 0.8512 | grad_G: 29.58
Epoch 78/80 | Step 547650 | G: 2.9216 | D_A: 0.0648 | D_B: 0.0289 | Cycle: 1.0772 | grad_G: 25.08
Epoch 78/80 | Step 547700 | G: 2.7953 | D_A: 0.0329 | D_B: 0.0628 | Cycle: 0.8545 | grad_G: 23.20
Epoch 78/80 | Step 547750 | G: 2.6902 | D_A: 0.0398 | D_B: 0.0248 | Cycle: 0.8983 | grad_G: 24.27
Epoch 78/80 | Step 547800 | G: 2.3665 | D_A: 0.0585 | D_B: 0.0187 | Cycle: 0.8107 | grad_G: 34.36
Epoch 78/80 | Step 547850 | G: 3.0741 | D_A: 0.0417 | D_B: 0.0224 | Cycle: 1.2167 | grad_G: 19.32
Epoch 78/80 | Step 547900 | G: 2.9921 | D_A: 0.0314 | D_B: 0.0300 | Cycle: 1.2117 | grad_G: 33.53
Epoch 78/80 | Step 547950 | G: 2.7025 | D_A: 0.0240 | D_B: 0.0372 | Cycle: 1.1286 | grad_G: 30.65
Epoch 78/80 | Step 548000 | G: 2.6802 | D_A: 0.0559 | D_B: 0.0291 | Cycle: 1.0304 | grad_G: 31.56
Epoch 78/80 | Step 548050 | G: 2.6176 | D_A: 0.0305 | D_B: 0.0354 | Cycle: 1.0818 | grad_G: 22.80
Epoch 78/80 | Step 548100 | G: 2.6416 | D_A: 0.0457 | D_B: 0.1256 | Cycle: 0.9888 | grad_G: 20.04
Epoch 78/80 | Step 548150 | G: 2.6199 | D_A: 0.0303 | D_B: 0.0659 | Cycle: 0.8749 | grad_G: 24.92
Epoch 78/80 | Step 548200 | G: 2.2695 | D_A: 0.0707 | D_B: 0.0427 | Cycle: 0.8050 | grad_G: 50.23
Epoch 78/80 | Step 548250 | G: 3.7252 | D_A: 0.0361 | D_B: 0.0283 | Cycle: 1.9226 | grad_G: 19.73
Epoch 78/80 | Step 548300 | G: 2.8253 | D_A: 0.1105 | D_B: 0.0506 | Cycle: 1.3047 | grad_G: 20.15
Epoch 78/80 | Step 548350 | G: 3.0191 | D_A: 0.0358 | D_B: 0.0586 | Cycle: 1.1331 | grad_G: 26.90
Epoch 78/80 | Step 548400 | G: 2.9416 | D_A: 0.0379 | D_B: 0.1162 | Cycle: 1.0098 | grad_G: 26.22
Epoch 78/80 | Step 548450 | G: 2.9039 | D_A: 0.1182 | D_B: 0.0219 | Cycle: 1.2516 | grad_G: 21.56
Epoch 78/80 | Step 548500 | G: 3.0641 | D_A: 0.0583 | D_B: 0.0499 | Cycle: 1.2933 | grad_G: 24.40
Epoch 78/80 | Step 548550 | G: 2.6303 | D_A: 0.0284 | D_B: 0.0301 | Cycle: 1.3165 | grad_G: 19.82
Epoch 78/80 | Step 548600 | G: 3.3527 | D_A: 0.0288 | D_B: 0.0369 | Cycle: 1.2727 | grad_G: 26.39
Epoch 78/80 | Step 548650 | G: 2.3734 | D_A: 0.0707 | D_B: 0.0181 | Cycle: 0.7642 | grad_G: 42.43
Epoch 78/80 | Step 548700 | G: 3.3208 | D_A: 0.0269 | D_B: 0.0386 | Cycle: 1.2664 | grad_G: 23.18
Epoch 78/80 | Step 548750 | G: 2.6849 | D_A: 0.0392 | D_B: 0.0279 | Cycle: 0.9437 | grad_G: 25.77
Epoch 78/80 | Step 548800 | G: 2.5663 | D_A: 0.0349 | D_B: 0.0620 | Cycle: 0.8969 | grad_G: 27.75
Epoch 78/80 | Step 548850 | G: 3.0835 | D_A: 0.0445 | D_B: 0.0234 | Cycle: 1.3231 | grad_G: 16.48
Epoch 78/80 | Step 548900 | G: 3.2208 | D_A: 0.0397 | D_B: 0.0231 | Cycle: 1.2867 | grad_G: 20.36
Epoch 78/80 | Step 548950 | G: 2.5455 | D_A: 0.0533 | D_B: 0.0262 | Cycle: 1.0339 | grad_G: 24.31
Epoch 78/80 complete | Time: 444s | Avg G: 2.8567 | Avg D: 0.0447 | grad_G: 26.30
Epoch 79/80 | Step 549000 | G: 2.7448 | D_A: 0.0240 | D_B: 0.0531 | Cycle: 1.0958 | grad_G: 20.83
Epoch 79/80 | Step 549050 | G: 2.7418 | D_A: 0.0324 | D_B: 0.0287 | Cycle: 0.9020 | grad_G: 19.83
Epoch 79/80 | Step 549100 | G: 3.0543 | D_A: 0.0356 | D_B: 0.0553 | Cycle: 1.1288 | grad_G: 23.72
Epoch 79/80 | Step 549150 | G: 3.0143 | D_A: 0.0360 | D_B: 0.0260 | Cycle: 1.1800 | grad_G: 18.00
Epoch 79/80 | Step 549200 | G: 2.3662 | D_A: 0.0792 | D_B: 0.0391 | Cycle: 0.9018 | grad_G: 21.78
Epoch 79/80 | Step 549250 | G: 3.0712 | D_A: 0.0284 | D_B: 0.0186 | Cycle: 0.9866 | grad_G: 38.70
Epoch 79/80 | Step 549300 | G: 2.9296 | D_A: 0.0328 | D_B: 0.0543 | Cycle: 1.1591 | grad_G: 26.98
Epoch 79/80 | Step 549350 | G: 2.3312 | D_A: 0.0316 | D_B: 0.0843 | Cycle: 0.8141 | grad_G: 35.30
Epoch 79/80 | Step 549400 | G: 2.7449 | D_A: 0.0600 | D_B: 0.0175 | Cycle: 1.0931 | grad_G: 16.98
Epoch 79/80 | Step 549450 | G: 2.6406 | D_A: 0.0557 | D_B: 0.0394 | Cycle: 1.0098 | grad_G: 21.33
Epoch 79/80 | Step 549500 | G: 3.3303 | D_A: 0.0405 | D_B: 0.0841 | Cycle: 1.2628 | grad_G: 26.51
Epoch 79/80 | Step 549550 | G: 2.7929 | D_A: 0.0689 | D_B: 0.0222 | Cycle: 1.0367 | grad_G: 23.21
Epoch 79/80 | Step 549600 | G: 3.0621 | D_A: 0.0486 | D_B: 0.0222 | Cycle: 1.1650 | grad_G: 23.38
Epoch 79/80 | Step 549650 | G: 3.3035 | D_A: 0.0275 | D_B: 0.0221 | Cycle: 1.2189 | grad_G: 22.57
Epoch 79/80 | Step 549700 | G: 2.5572 | D_A: 0.0613 | D_B: 0.0502 | Cycle: 0.7653 | grad_G: 52.56
Epoch 79/80 | Step 549750 | G: 2.7339 | D_A: 0.0313 | D_B: 0.0264 | Cycle: 1.0719 | grad_G: 20.72
Epoch 79/80 | Step 549800 | G: 2.6486 | D_A: 0.0682 | D_B: 0.0450 | Cycle: 0.9584 | grad_G: 30.02
Epoch 79/80 | Step 549850 | G: 2.5325 | D_A: 0.0230 | D_B: 0.0252 | Cycle: 0.9122 | grad_G: 18.66
Epoch 79/80 | Step 549900 | G: 2.8286 | D_A: 0.0389 | D_B: 0.0217 | Cycle: 0.9953 | grad_G: 17.70
Epoch 79/80 | Step 549950 | G: 2.7390 | D_A: 0.0199 | D_B: 0.0400 | Cycle: 0.9499 | grad_G: 33.46
Epoch 79/80 | Step 550000 | G: 2.4390 | D_A: 0.0221 | D_B: 0.0765 | Cycle: 0.9751 | grad_G: 18.06
Epoch 79/80 | Step 550050 | G: 2.9417 | D_A: 0.0264 | D_B: 0.0232 | Cycle: 0.9729 | grad_G: 24.90
Epoch 79/80 | Step 550100 | G: 2.6028 | D_A: 0.0572 | D_B: 0.0300 | Cycle: 0.9323 | grad_G: 22.17
Epoch 79/80 | Step 550150 | G: 3.4134 | D_A: 0.0260 | D_B: 0.0249 | Cycle: 1.4675 | grad_G: 19.26
Epoch 79/80 | Step 550200 | G: 3.0406 | D_A: 0.0588 | D_B: 0.0223 | Cycle: 1.3112 | grad_G: 23.24
Epoch 79/80 | Step 550250 | G: 2.7987 | D_A: 0.0485 | D_B: 0.0271 | Cycle: 0.8553 | grad_G: 29.71
Epoch 79/80 | Step 550300 | G: 2.5950 | D_A: 0.0440 | D_B: 0.0266 | Cycle: 1.0712 | grad_G: 23.74
Epoch 79/80 | Step 550350 | G: 3.3026 | D_A: 0.0404 | D_B: 0.0223 | Cycle: 1.5222 | grad_G: 20.48
Epoch 79/80 | Step 550400 | G: 3.0346 | D_A: 0.0441 | D_B: 0.0486 | Cycle: 1.1441 | grad_G: 25.61
Epoch 79/80 | Step 550450 | G: 2.4523 | D_A: 0.0918 | D_B: 0.0226 | Cycle: 0.8748 | grad_G: 31.35
Epoch 79/80 | Step 550500 | G: 2.5612 | D_A: 0.0710 | D_B: 0.0292 | Cycle: 0.9975 | grad_G: 17.83
Epoch 79/80 | Step 550550 | G: 2.5496 | D_A: 0.0503 | D_B: 0.0283 | Cycle: 0.9160 | grad_G: 23.28
Epoch 79/80 | Step 550600 | G: 2.3601 | D_A: 0.0292 | D_B: 0.0532 | Cycle: 0.7669 | grad_G: 29.54
Epoch 79/80 | Step 550650 | G: 3.0461 | D_A: 0.0466 | D_B: 0.0256 | Cycle: 1.1363 | grad_G: 25.59
Epoch 79/80 | Step 550700 | G: 2.8911 | D_A: 0.0456 | D_B: 0.0282 | Cycle: 1.1550 | grad_G: 19.21
Epoch 79/80 | Step 550750 | G: 2.8347 | D_A: 0.0190 | D_B: 0.0234 | Cycle: 0.9057 | grad_G: 28.24
Epoch 79/80 | Step 550800 | G: 2.6286 | D_A: 0.0322 | D_B: 0.0202 | Cycle: 1.0112 | grad_G: 21.49
Epoch 79/80 | Step 550850 | G: 2.6793 | D_A: 0.0614 | D_B: 0.0213 | Cycle: 0.9108 | grad_G: 28.43
Epoch 79/80 | Step 550900 | G: 2.8168 | D_A: 0.0338 | D_B: 0.0270 | Cycle: 0.9906 | grad_G: 28.95
Epoch 79/80 | Step 550950 | G: 3.0881 | D_A: 0.0317 | D_B: 0.0214 | Cycle: 1.1186 | grad_G: 20.69
Epoch 79/80 | Step 551000 | G: 2.7196 | D_A: 0.0299 | D_B: 0.0443 | Cycle: 0.9687 | grad_G: 17.98
Epoch 79/80 | Step 551050 | G: 2.4524 | D_A: 0.0333 | D_B: 0.0505 | Cycle: 1.0398 | grad_G: 21.03
Epoch 79/80 | Step 551100 | G: 3.0788 | D_A: 0.0461 | D_B: 0.0290 | Cycle: 1.3623 | grad_G: 18.07
Epoch 79/80 | Step 551150 | G: 2.8841 | D_A: 0.0302 | D_B: 0.0135 | Cycle: 1.1784 | grad_G: 25.04
Epoch 79/80 | Step 551200 | G: 3.1125 | D_A: 0.0321 | D_B: 0.0615 | Cycle: 1.0652 | grad_G: 19.78
Epoch 79/80 | Step 551250 | G: 2.4483 | D_A: 0.0193 | D_B: 0.0496 | Cycle: 0.9993 | grad_G: 25.81
Epoch 79/80 | Step 551300 | G: 2.9681 | D_A: 0.0229 | D_B: 0.0390 | Cycle: 1.0251 | grad_G: 25.45
Epoch 79/80 | Step 551350 | G: 2.6886 | D_A: 0.0334 | D_B: 0.0327 | Cycle: 0.9368 | grad_G: 23.68
Epoch 79/80 | Step 551400 | G: 2.7400 | D_A: 0.0318 | D_B: 0.0327 | Cycle: 0.8790 | grad_G: 24.51
Epoch 79/80 | Step 551450 | G: 2.4304 | D_A: 0.0267 | D_B: 0.0469 | Cycle: 0.7761 | grad_G: 30.39
Epoch 79/80 | Step 551500 | G: 2.7618 | D_A: 0.0932 | D_B: 0.0203 | Cycle: 0.8616 | grad_G: 33.75
Epoch 79/80 | Step 551550 | G: 3.2285 | D_A: 0.0178 | D_B: 0.0469 | Cycle: 1.3350 | grad_G: 25.98
Epoch 79/80 | Step 551600 | G: 3.5732 | D_A: 0.0231 | D_B: 0.0500 | Cycle: 1.3134 | grad_G: 25.00
Epoch 79/80 | Step 551650 | G: 2.4382 | D_A: 0.0570 | D_B: 0.0334 | Cycle: 0.8804 | grad_G: 27.59
Epoch 79/80 | Step 551700 | G: 2.3473 | D_A: 0.0577 | D_B: 0.0263 | Cycle: 0.9246 | grad_G: 37.11
Epoch 79/80 | Step 551750 | G: 2.9693 | D_A: 0.1780 | D_B: 0.0321 | Cycle: 1.0953 | grad_G: 23.88
Epoch 79/80 | Step 551800 | G: 2.4782 | D_A: 0.0384 | D_B: 0.0353 | Cycle: 0.9305 | grad_G: 23.17
Epoch 79/80 | Step 551850 | G: 3.0466 | D_A: 0.0465 | D_B: 0.0250 | Cycle: 1.1922 | grad_G: 35.76
Epoch 79/80 | Step 551900 | G: 3.2118 | D_A: 0.0470 | D_B: 0.0241 | Cycle: 1.1160 | grad_G: 24.82
Epoch 79/80 | Step 551950 | G: 2.6167 | D_A: 0.0416 | D_B: 0.0419 | Cycle: 0.8452 | grad_G: 24.36
Epoch 79/80 | Step 552000 | G: 2.5767 | D_A: 0.0424 | D_B: 0.0306 | Cycle: 1.0320 | grad_G: 22.83
Epoch 79/80 | Step 552050 | G: 2.6688 | D_A: 0.0955 | D_B: 0.0338 | Cycle: 0.8662 | grad_G: 19.62
Epoch 79/80 | Step 552100 | G: 2.9270 | D_A: 0.0252 | D_B: 0.0463 | Cycle: 1.0106 | grad_G: 21.01
Epoch 79/80 | Step 552150 | G: 2.8530 | D_A: 0.0421 | D_B: 0.0283 | Cycle: 1.2018 | grad_G: 28.18
Epoch 79/80 | Step 552200 | G: 3.3703 | D_A: 0.0397 | D_B: 0.0436 | Cycle: 1.2493 | grad_G: 25.81
Epoch 79/80 | Step 552250 | G: 3.2290 | D_A: 0.0856 | D_B: 0.0257 | Cycle: 1.4731 | grad_G: 19.79
Epoch 79/80 | Step 552300 | G: 2.8188 | D_A: 0.0300 | D_B: 0.0687 | Cycle: 0.8392 | grad_G: 21.27
Epoch 79/80 | Step 552350 | G: 3.0766 | D_A: 0.0300 | D_B: 0.0414 | Cycle: 1.1451 | grad_G: 21.38
Epoch 79/80 | Step 552400 | G: 2.6880 | D_A: 0.0285 | D_B: 0.0274 | Cycle: 0.9643 | grad_G: 22.33
Epoch 79/80 | Step 552450 | G: 2.9752 | D_A: 0.0494 | D_B: 0.0314 | Cycle: 1.0127 | grad_G: 21.19
Epoch 79/80 | Step 552500 | G: 2.5358 | D_A: 0.0399 | D_B: 0.0333 | Cycle: 0.9208 | grad_G: 17.29
Epoch 79/80 | Step 552550 | G: 3.0181 | D_A: 0.0325 | D_B: 0.0211 | Cycle: 1.2016 | grad_G: 19.97
Epoch 79/80 | Step 552600 | G: 3.1048 | D_A: 0.0550 | D_B: 0.0230 | Cycle: 0.9716 | grad_G: 21.23
Epoch 79/80 | Step 552650 | G: 3.2975 | D_A: 0.0382 | D_B: 0.0299 | Cycle: 1.3761 | grad_G: 24.56
Epoch 79/80 | Step 552700 | G: 2.7300 | D_A: 0.0487 | D_B: 0.0450 | Cycle: 1.0922 | grad_G: 22.74
Epoch 79/80 | Step 552750 | G: 2.0201 | D_A: 0.0549 | D_B: 0.0422 | Cycle: 0.7707 | grad_G: 31.54
Epoch 79/80 | Step 552800 | G: 2.5132 | D_A: 0.0264 | D_B: 0.0250 | Cycle: 0.8270 | grad_G: 20.63
Epoch 79/80 | Step 552850 | G: 2.9012 | D_A: 0.0269 | D_B: 0.0264 | Cycle: 1.1882 | grad_G: 19.86
Epoch 79/80 | Step 552900 | G: 2.9542 | D_A: 0.0399 | D_B: 0.0446 | Cycle: 1.2364 | grad_G: 14.28
Epoch 79/80 | Step 552950 | G: 3.1971 | D_A: 0.2352 | D_B: 0.0194 | Cycle: 1.1660 | grad_G: 30.71
Epoch 79/80 | Step 553000 | G: 2.6405 | D_A: 0.0681 | D_B: 0.0284 | Cycle: 0.9769 | grad_G: 28.29
Epoch 79/80 | Step 553050 | G: 2.8830 | D_A: 0.0341 | D_B: 0.0177 | Cycle: 0.8517 | grad_G: 28.16
Epoch 79/80 | Step 553100 | G: 2.8547 | D_A: 0.1427 | D_B: 0.0246 | Cycle: 1.0983 | grad_G: 19.07
Epoch 79/80 | Step 553150 | G: 2.1275 | D_A: 0.0380 | D_B: 0.0421 | Cycle: 0.8264 | grad_G: 39.73
Epoch 79/80 | Step 553200 | G: 3.0450 | D_A: 0.0303 | D_B: 0.0201 | Cycle: 1.1403 | grad_G: 19.24
Epoch 79/80 | Step 553250 | G: 2.7701 | D_A: 0.0646 | D_B: 0.0580 | Cycle: 0.9718 | grad_G: 24.73
Epoch 79/80 | Step 553300 | G: 2.7858 | D_A: 0.0690 | D_B: 0.0364 | Cycle: 1.1143 | grad_G: 18.14
Epoch 79/80 | Step 553350 | G: 2.5658 | D_A: 0.0451 | D_B: 0.0233 | Cycle: 1.1489 | grad_G: 21.32
Epoch 79/80 | Step 553400 | G: 3.5325 | D_A: 0.0428 | D_B: 0.0226 | Cycle: 1.4030 | grad_G: 23.62
Epoch 79/80 | Step 553450 | G: 2.4012 | D_A: 0.0453 | D_B: 0.0745 | Cycle: 0.9155 | grad_G: 25.18
Epoch 79/80 | Step 553500 | G: 3.0123 | D_A: 0.0541 | D_B: 0.0606 | Cycle: 0.9299 | grad_G: 43.93
Epoch 79/80 | Step 553550 | G: 2.8115 | D_A: 0.0711 | D_B: 0.0335 | Cycle: 1.0082 | grad_G: 23.81
Epoch 79/80 | Step 553600 | G: 3.0615 | D_A: 0.0781 | D_B: 0.0203 | Cycle: 0.9825 | grad_G: 19.79
Epoch 79/80 | Step 553650 | G: 2.5704 | D_A: 0.0294 | D_B: 0.0285 | Cycle: 0.8588 | grad_G: 23.66
Epoch 79/80 | Step 553700 | G: 3.7061 | D_A: 0.0373 | D_B: 0.0247 | Cycle: 1.5298 | grad_G: 19.97
Epoch 79/80 | Step 553750 | G: 3.0904 | D_A: 0.0669 | D_B: 0.0308 | Cycle: 1.4316 | grad_G: 23.57
Epoch 79/80 | Step 553800 | G: 2.8721 | D_A: 0.0357 | D_B: 0.0184 | Cycle: 0.9760 | grad_G: 26.27
Epoch 79/80 | Step 553850 | G: 2.4442 | D_A: 0.0257 | D_B: 0.0563 | Cycle: 0.7793 | grad_G: 31.55
Epoch 79/80 | Step 553900 | G: 2.8013 | D_A: 0.0493 | D_B: 0.0885 | Cycle: 1.0684 | grad_G: 21.95
Epoch 79/80 | Step 553950 | G: 3.3369 | D_A: 0.0556 | D_B: 0.0211 | Cycle: 1.5929 | grad_G: 23.26
Epoch 79/80 | Step 554000 | G: 2.8515 | D_A: 0.0590 | D_B: 0.0297 | Cycle: 1.0423 | grad_G: 23.51
Epoch 79/80 | Step 554050 | G: 3.3608 | D_A: 0.0567 | D_B: 0.0530 | Cycle: 1.3515 | grad_G: 26.72
Epoch 79/80 | Step 554100 | G: 2.3770 | D_A: 0.0338 | D_B: 0.0413 | Cycle: 0.7897 | grad_G: 25.48
Epoch 79/80 | Step 554150 | G: 2.8276 | D_A: 0.0397 | D_B: 0.0197 | Cycle: 1.0325 | grad_G: 33.47
Epoch 79/80 | Step 554200 | G: 3.0522 | D_A: 0.0805 | D_B: 0.0435 | Cycle: 1.1593 | grad_G: 23.10
Epoch 79/80 | Step 554250 | G: 2.6383 | D_A: 0.0406 | D_B: 0.0195 | Cycle: 0.9781 | grad_G: 22.87
Epoch 79/80 | Step 554300 | G: 3.1418 | D_A: 0.0494 | D_B: 0.0352 | Cycle: 1.2654 | grad_G: 20.92
Epoch 79/80 | Step 554350 | G: 2.8931 | D_A: 0.0545 | D_B: 0.0292 | Cycle: 0.9768 | grad_G: 23.12
Epoch 79/80 | Step 554400 | G: 3.0623 | D_A: 0.1086 | D_B: 0.0307 | Cycle: 1.2235 | grad_G: 19.15
Epoch 79/80 | Step 554450 | G: 3.3557 | D_A: 0.1108 | D_B: 0.0204 | Cycle: 1.3256 | grad_G: 27.77
Epoch 79/80 | Step 554500 | G: 2.6250 | D_A: 0.0391 | D_B: 0.0225 | Cycle: 0.9363 | grad_G: 21.55
Epoch 79/80 | Step 554550 | G: 3.2819 | D_A: 0.0677 | D_B: 0.0484 | Cycle: 1.5837 | grad_G: 33.28
Epoch 79/80 | Step 554600 | G: 2.5995 | D_A: 0.0332 | D_B: 0.0278 | Cycle: 0.9539 | grad_G: 21.97
Epoch 79/80 | Step 554650 | G: 2.5513 | D_A: 0.0941 | D_B: 0.0218 | Cycle: 0.9948 | grad_G: 25.08
Epoch 79/80 | Step 554700 | G: 3.2063 | D_A: 0.0549 | D_B: 0.0726 | Cycle: 1.2157 | grad_G: 22.31
Epoch 79/80 | Step 554750 | G: 2.7419 | D_A: 0.0264 | D_B: 0.0988 | Cycle: 0.7686 | grad_G: 24.12
Epoch 79/80 | Step 554800 | G: 3.0238 | D_A: 0.0662 | D_B: 0.0169 | Cycle: 1.0739 | grad_G: 28.31
Epoch 79/80 | Step 554850 | G: 3.1148 | D_A: 0.0273 | D_B: 0.0314 | Cycle: 1.2571 | grad_G: 31.28
Epoch 79/80 | Step 554900 | G: 2.4426 | D_A: 0.0292 | D_B: 0.0310 | Cycle: 0.8876 | grad_G: 27.75
Epoch 79/80 | Step 554950 | G: 2.7374 | D_A: 0.0417 | D_B: 0.0229 | Cycle: 1.0547 | grad_G: 22.94
Epoch 79/80 | Step 555000 | G: 3.0675 | D_A: 0.0288 | D_B: 0.0257 | Cycle: 1.0595 | grad_G: 24.78
Epoch 79/80 | Step 555050 | G: 2.8724 | D_A: 0.0520 | D_B: 0.0202 | Cycle: 1.0372 | grad_G: 29.57
Epoch 79/80 | Step 555100 | G: 2.6148 | D_A: 0.1054 | D_B: 0.0283 | Cycle: 0.9059 | grad_G: 15.81
Epoch 79/80 | Step 555150 | G: 2.8344 | D_A: 0.0354 | D_B: 0.0230 | Cycle: 1.1495 | grad_G: 31.88
Epoch 79/80 | Step 555200 | G: 2.7114 | D_A: 0.0204 | D_B: 0.1027 | Cycle: 0.8019 | grad_G: 24.76
Epoch 79/80 | Step 555250 | G: 3.0658 | D_A: 0.0241 | D_B: 0.0228 | Cycle: 1.0276 | grad_G: 17.75
Epoch 79/80 | Step 555300 | G: 2.8784 | D_A: 0.0462 | D_B: 0.0309 | Cycle: 1.0557 | grad_G: 21.97
Epoch 79/80 | Step 555350 | G: 2.9396 | D_A: 0.0992 | D_B: 0.0272 | Cycle: 1.0469 | grad_G: 24.46
Epoch 79/80 | Step 555400 | G: 2.8208 | D_A: 0.0474 | D_B: 0.0198 | Cycle: 0.8947 | grad_G: 26.91
Epoch 79/80 | Step 555450 | G: 2.6442 | D_A: 0.0283 | D_B: 0.0898 | Cycle: 0.9155 | grad_G: 23.07
Epoch 79/80 | Step 555500 | G: 2.7075 | D_A: 0.0279 | D_B: 0.0206 | Cycle: 1.0211 | grad_G: 18.14
Epoch 79/80 | Step 555550 | G: 2.1893 | D_A: 0.0636 | D_B: 0.0857 | Cycle: 0.7969 | grad_G: 28.06
Epoch 79/80 | Step 555600 | G: 3.0325 | D_A: 0.0600 | D_B: 0.0211 | Cycle: 0.9843 | grad_G: 21.15
Epoch 79/80 | Step 555650 | G: 3.2167 | D_A: 0.0271 | D_B: 0.0231 | Cycle: 1.1796 | grad_G: 30.79
Epoch 79/80 | Step 555700 | G: 2.5767 | D_A: 0.0320 | D_B: 0.0296 | Cycle: 0.7945 | grad_G: 46.98
Epoch 79/80 | Step 555750 | G: 3.1719 | D_A: 0.0649 | D_B: 0.0171 | Cycle: 1.2784 | grad_G: 19.36
Epoch 79/80 | Step 555800 | G: 2.2901 | D_A: 0.0458 | D_B: 0.0240 | Cycle: 0.9443 | grad_G: 20.00
Epoch 79/80 | Step 555850 | G: 2.7108 | D_A: 0.0260 | D_B: 0.0297 | Cycle: 1.1572 | grad_G: 17.15
Epoch 79/80 | Step 555900 | G: 2.9336 | D_A: 0.0277 | D_B: 0.0211 | Cycle: 0.9821 | grad_G: 21.33
Epoch 79/80 | Step 555950 | G: 2.3006 | D_A: 0.0208 | D_B: 0.0528 | Cycle: 0.8326 | grad_G: 37.05
Epoch 79/80 | Step 556000 | G: 2.6141 | D_A: 0.0611 | D_B: 0.0229 | Cycle: 1.0696 | grad_G: 27.61
Epoch 79/80 complete | Time: 470s | Avg G: 2.8548 | Avg D: 0.0443 | grad_G: 25.12
Epoch 80/80 | Step 556050 | G: 2.2208 | D_A: 0.0703 | D_B: 0.1065 | Cycle: 0.6509 | grad_G: 31.88
Epoch 80/80 | Step 556100 | G: 2.9130 | D_A: 0.0382 | D_B: 0.0194 | Cycle: 1.0830 | grad_G: 29.71
Epoch 80/80 | Step 556150 | G: 2.6266 | D_A: 0.0410 | D_B: 0.0225 | Cycle: 0.9932 | grad_G: 32.12
Epoch 80/80 | Step 556200 | G: 2.8186 | D_A: 0.0418 | D_B: 0.0236 | Cycle: 1.1244 | grad_G: 20.09
Epoch 80/80 | Step 556250 | G: 2.7001 | D_A: 0.0321 | D_B: 0.0408 | Cycle: 1.1214 | grad_G: 20.91
Epoch 80/80 | Step 556300 | G: 2.9281 | D_A: 0.0320 | D_B: 0.0337 | Cycle: 1.0503 | grad_G: 22.28
Epoch 80/80 | Step 556350 | G: 2.7586 | D_A: 0.0359 | D_B: 0.0930 | Cycle: 0.7799 | grad_G: 28.88
Epoch 80/80 | Step 556400 | G: 2.4239 | D_A: 0.0700 | D_B: 0.0584 | Cycle: 0.9257 | grad_G: 20.84
Epoch 80/80 | Step 556450 | G: 3.1067 | D_A: 0.0526 | D_B: 0.0318 | Cycle: 1.2148 | grad_G: 23.99
Epoch 80/80 | Step 556500 | G: 2.7022 | D_A: 0.0329 | D_B: 0.0187 | Cycle: 0.9349 | grad_G: 21.59
Epoch 80/80 | Step 556550 | G: 2.7521 | D_A: 0.0510 | D_B: 0.0232 | Cycle: 1.0045 | grad_G: 34.00
Epoch 80/80 | Step 556600 | G: 3.1017 | D_A: 0.0246 | D_B: 0.0182 | Cycle: 0.9878 | grad_G: 24.49
Epoch 80/80 | Step 556650 | G: 2.6550 | D_A: 0.0479 | D_B: 0.0208 | Cycle: 1.0183 | grad_G: 20.11
Epoch 80/80 | Step 556700 | G: 2.8844 | D_A: 0.0239 | D_B: 0.0308 | Cycle: 1.1314 | grad_G: 24.09
Epoch 80/80 | Step 556750 | G: 3.3434 | D_A: 0.0270 | D_B: 0.0487 | Cycle: 1.2436 | grad_G: 21.94
Epoch 80/80 | Step 556800 | G: 3.0891 | D_A: 0.1303 | D_B: 0.0231 | Cycle: 0.9654 | grad_G: 21.35
Epoch 80/80 | Step 556850 | G: 2.5852 | D_A: 0.0444 | D_B: 0.1176 | Cycle: 0.8113 | grad_G: 26.00
Epoch 80/80 | Step 556900 | G: 2.5555 | D_A: 0.0320 | D_B: 0.1679 | Cycle: 0.7905 | grad_G: 26.83
Epoch 80/80 | Step 556950 | G: 2.4883 | D_A: 0.0794 | D_B: 0.0919 | Cycle: 0.7080 | grad_G: 21.14
Epoch 80/80 | Step 557000 | G: 2.9326 | D_A: 0.0319 | D_B: 0.0442 | Cycle: 1.0181 | grad_G: 20.01
Epoch 80/80 | Step 557050 | G: 3.1152 | D_A: 0.0396 | D_B: 0.0403 | Cycle: 1.3714 | grad_G: 18.53
Epoch 80/80 | Step 557100 | G: 2.9869 | D_A: 0.0617 | D_B: 0.0281 | Cycle: 0.9571 | grad_G: 23.63
Epoch 80/80 | Step 557150 | G: 2.9692 | D_A: 0.0584 | D_B: 0.0234 | Cycle: 1.1689 | grad_G: 22.12
Epoch 80/80 | Step 557200 | G: 2.6102 | D_A: 0.0342 | D_B: 0.0250 | Cycle: 0.9315 | grad_G: 18.88
Epoch 80/80 | Step 557250 | G: 3.2053 | D_A: 0.0270 | D_B: 0.0389 | Cycle: 1.1333 | grad_G: 19.45
Epoch 80/80 | Step 557300 | G: 3.7274 | D_A: 0.0733 | D_B: 0.0405 | Cycle: 1.8723 | grad_G: 18.50
Epoch 80/80 | Step 557350 | G: 3.0026 | D_A: 0.0305 | D_B: 0.0249 | Cycle: 1.0207 | grad_G: 21.66
Epoch 80/80 | Step 557400 | G: 2.7369 | D_A: 0.0314 | D_B: 0.0543 | Cycle: 1.0424 | grad_G: 21.25
Epoch 80/80 | Step 557450 | G: 3.0008 | D_A: 0.0246 | D_B: 0.0269 | Cycle: 1.0097 | grad_G: 22.80
Epoch 80/80 | Step 557500 | G: 2.7805 | D_A: 0.0221 | D_B: 0.0543 | Cycle: 1.0736 | grad_G: 30.93
Epoch 80/80 | Step 557550 | G: 2.6147 | D_A: 0.1456 | D_B: 0.0500 | Cycle: 0.7871 | grad_G: 28.42
Epoch 80/80 | Step 557600 | G: 2.7668 | D_A: 0.0195 | D_B: 0.0324 | Cycle: 0.9428 | grad_G: 22.69
Epoch 80/80 | Step 557650 | G: 3.2763 | D_A: 0.0313 | D_B: 0.0330 | Cycle: 1.4759 | grad_G: 15.29
Epoch 80/80 | Step 557700 | G: 2.9336 | D_A: 0.0979 | D_B: 0.0236 | Cycle: 0.9995 | grad_G: 31.22
Epoch 80/80 | Step 557750 | G: 2.6812 | D_A: 0.0324 | D_B: 0.0552 | Cycle: 0.7650 | grad_G: 31.22
Epoch 80/80 | Step 557800 | G: 2.6530 | D_A: 0.0768 | D_B: 0.0284 | Cycle: 1.0597 | grad_G: 27.81
Epoch 80/80 | Step 557850 | G: 2.7720 | D_A: 0.0350 | D_B: 0.0273 | Cycle: 1.0117 | grad_G: 26.19
Epoch 80/80 | Step 557900 | G: 2.9886 | D_A: 0.0354 | D_B: 0.0251 | Cycle: 1.1707 | grad_G: 22.23
Epoch 80/80 | Step 557950 | G: 2.6078 | D_A: 0.0571 | D_B: 0.0540 | Cycle: 1.1407 | grad_G: 24.77
Epoch 80/80 | Step 558000 | G: 2.6235 | D_A: 0.0234 | D_B: 0.0208 | Cycle: 0.9129 | grad_G: 25.22
Epoch 80/80 | Step 558050 | G: 2.3740 | D_A: 0.0373 | D_B: 0.0527 | Cycle: 0.9144 | grad_G: 19.95
Epoch 80/80 | Step 558100 | G: 2.6636 | D_A: 0.0257 | D_B: 0.0203 | Cycle: 0.8949 | grad_G: 23.45
Epoch 80/80 | Step 558150 | G: 3.4556 | D_A: 0.0671 | D_B: 0.0255 | Cycle: 1.3766 | grad_G: 24.09
Epoch 80/80 | Step 558200 | G: 3.8165 | D_A: 0.0421 | D_B: 0.0294 | Cycle: 1.7604 | grad_G: 20.75
Epoch 80/80 | Step 558250 | G: 3.0910 | D_A: 0.0252 | D_B: 0.0361 | Cycle: 1.1641 | grad_G: 22.43
Epoch 80/80 | Step 558300 | G: 2.6893 | D_A: 0.0262 | D_B: 0.0324 | Cycle: 1.3409 | grad_G: 25.76
Epoch 80/80 | Step 558350 | G: 2.6858 | D_A: 0.0272 | D_B: 0.0344 | Cycle: 0.9585 | grad_G: 25.91
Epoch 80/80 | Step 558400 | G: 2.9204 | D_A: 0.0600 | D_B: 0.0998 | Cycle: 1.1590 | grad_G: 30.31
Epoch 80/80 | Step 558450 | G: 3.1094 | D_A: 0.0397 | D_B: 0.0481 | Cycle: 1.1611 | grad_G: 25.09
Epoch 80/80 | Step 558500 | G: 2.5408 | D_A: 0.1260 | D_B: 0.0230 | Cycle: 0.8792 | grad_G: 21.35
Epoch 80/80 | Step 558550 | G: 3.4439 | D_A: 0.0342 | D_B: 0.0191 | Cycle: 1.1088 | grad_G: 28.62
Epoch 80/80 | Step 558600 | G: 2.7038 | D_A: 0.0369 | D_B: 0.0289 | Cycle: 1.0275 | grad_G: 30.56
Epoch 80/80 | Step 558650 | G: 2.8447 | D_A: 0.0608 | D_B: 0.0656 | Cycle: 1.0977 | grad_G: 21.02
Epoch 80/80 | Step 558700 | G: 2.7879 | D_A: 0.0544 | D_B: 0.0209 | Cycle: 1.0060 | grad_G: 37.91
Epoch 80/80 | Step 558750 | G: 2.5395 | D_A: 0.1212 | D_B: 0.0249 | Cycle: 0.8380 | grad_G: 34.83
Epoch 80/80 | Step 558800 | G: 2.7375 | D_A: 0.0849 | D_B: 0.0216 | Cycle: 1.0192 | grad_G: 23.88
Epoch 80/80 | Step 558850 | G: 2.8130 | D_A: 0.0357 | D_B: 0.0323 | Cycle: 1.0832 | grad_G: 22.78
Epoch 80/80 | Step 558900 | G: 2.7263 | D_A: 0.0280 | D_B: 0.0195 | Cycle: 1.0015 | grad_G: 20.28
Epoch 80/80 | Step 558950 | G: 2.2558 | D_A: 0.0774 | D_B: 0.0348 | Cycle: 0.8184 | grad_G: 23.11
Epoch 80/80 | Step 559000 | G: 3.1823 | D_A: 0.0295 | D_B: 0.0255 | Cycle: 1.1236 | grad_G: 22.47
Epoch 80/80 | Step 559050 | G: 2.6845 | D_A: 0.0483 | D_B: 0.0398 | Cycle: 1.1373 | grad_G: 18.99
Epoch 80/80 | Step 559100 | G: 3.5474 | D_A: 0.0393 | D_B: 0.0595 | Cycle: 1.5962 | grad_G: 19.88
Epoch 80/80 | Step 559150 | G: 2.6093 | D_A: 0.0289 | D_B: 0.0214 | Cycle: 1.0040 | grad_G: 26.85
Epoch 80/80 | Step 559200 | G: 3.0659 | D_A: 0.0433 | D_B: 0.0362 | Cycle: 1.3147 | grad_G: 19.94
Epoch 80/80 | Step 559250 | G: 2.6892 | D_A: 0.0220 | D_B: 0.0217 | Cycle: 0.9511 | grad_G: 20.05
Epoch 80/80 | Step 559300 | G: 3.1817 | D_A: 0.0612 | D_B: 0.0180 | Cycle: 1.3262 | grad_G: 17.10
Epoch 80/80 | Step 559350 | G: 2.7516 | D_A: 0.0241 | D_B: 0.0203 | Cycle: 0.9847 | grad_G: 21.44
Epoch 80/80 | Step 559400 | G: 2.9995 | D_A: 0.0399 | D_B: 0.0290 | Cycle: 1.3163 | grad_G: 14.41
Epoch 80/80 | Step 559450 | G: 2.4779 | D_A: 0.0358 | D_B: 0.0425 | Cycle: 1.0650 | grad_G: 26.42
Epoch 80/80 | Step 559500 | G: 2.8749 | D_A: 0.0401 | D_B: 0.0694 | Cycle: 0.9500 | grad_G: 23.83
Epoch 80/80 | Step 559550 | G: 2.9572 | D_A: 0.0504 | D_B: 0.0292 | Cycle: 1.0977 | grad_G: 18.41
Epoch 80/80 | Step 559600 | G: 2.7132 | D_A: 0.0219 | D_B: 0.0226 | Cycle: 0.9885 | grad_G: 21.19
Epoch 80/80 | Step 559650 | G: 2.9239 | D_A: 0.0256 | D_B: 0.0431 | Cycle: 1.1270 | grad_G: 21.09
Epoch 80/80 | Step 559700 | G: 3.2483 | D_A: 0.0505 | D_B: 0.0345 | Cycle: 1.4261 | grad_G: 19.49
Epoch 80/80 | Step 559750 | G: 2.5949 | D_A: 0.0407 | D_B: 0.0407 | Cycle: 1.1473 | grad_G: 24.00
Epoch 80/80 | Step 559800 | G: 2.9649 | D_A: 0.0742 | D_B: 0.0190 | Cycle: 1.2065 | grad_G: 22.61
Epoch 80/80 | Step 559850 | G: 3.0708 | D_A: 0.0326 | D_B: 0.0239 | Cycle: 1.2319 | grad_G: 20.45
Epoch 80/80 | Step 559900 | G: 2.7339 | D_A: 0.0271 | D_B: 0.0283 | Cycle: 1.0920 | grad_G: 46.69
Epoch 80/80 | Step 559950 | G: 2.7455 | D_A: 0.0174 | D_B: 0.0328 | Cycle: 1.0162 | grad_G: 28.62
Epoch 80/80 | Step 560000 | G: 3.0645 | D_A: 0.0251 | D_B: 0.0266 | Cycle: 1.3439 | grad_G: 19.97
Epoch 80/80 | Step 560050 | G: 2.7025 | D_A: 0.0425 | D_B: 0.0260 | Cycle: 0.9816 | grad_G: 20.31
Epoch 80/80 | Step 560100 | G: 2.9100 | D_A: 0.0712 | D_B: 0.0182 | Cycle: 1.2079 | grad_G: 29.19
Epoch 80/80 | Step 560150 | G: 3.2110 | D_A: 0.1169 | D_B: 0.0327 | Cycle: 0.9822 | grad_G: 27.09
Epoch 80/80 | Step 560200 | G: 2.6033 | D_A: 0.0293 | D_B: 0.1068 | Cycle: 0.9162 | grad_G: 32.39
Epoch 80/80 | Step 560250 | G: 2.9725 | D_A: 0.0314 | D_B: 0.1423 | Cycle: 1.2576 | grad_G: 18.99
Epoch 80/80 | Step 560300 | G: 2.9831 | D_A: 0.0335 | D_B: 0.0427 | Cycle: 1.1696 | grad_G: 28.12
Epoch 80/80 | Step 560350 | G: 3.0991 | D_A: 0.0241 | D_B: 0.0217 | Cycle: 1.2166 | grad_G: 20.06
Epoch 80/80 | Step 560400 | G: 3.0420 | D_A: 0.0307 | D_B: 0.0188 | Cycle: 1.2679 | grad_G: 22.50
Epoch 80/80 | Step 560450 | G: 2.5341 | D_A: 0.0734 | D_B: 0.0327 | Cycle: 1.1073 | grad_G: 23.59
Epoch 80/80 | Step 560500 | G: 3.7261 | D_A: 0.0682 | D_B: 0.0611 | Cycle: 1.9960 | grad_G: 29.23
Epoch 80/80 | Step 560550 | G: 2.9382 | D_A: 0.0411 | D_B: 0.0379 | Cycle: 1.3210 | grad_G: 20.70
Epoch 80/80 | Step 560600 | G: 2.9540 | D_A: 0.0330 | D_B: 0.0275 | Cycle: 0.9668 | grad_G: 20.82
Epoch 80/80 | Step 560650 | G: 2.8786 | D_A: 0.0513 | D_B: 0.0290 | Cycle: 0.9257 | grad_G: 24.49
Epoch 80/80 | Step 560700 | G: 3.4380 | D_A: 0.0357 | D_B: 0.0243 | Cycle: 1.4179 | grad_G: 17.53
Epoch 80/80 | Step 560750 | G: 2.4006 | D_A: 0.0438 | D_B: 0.0245 | Cycle: 0.8842 | grad_G: 21.64
Epoch 80/80 | Step 560800 | G: 3.2960 | D_A: 0.0430 | D_B: 0.0226 | Cycle: 1.2993 | grad_G: 21.12
Epoch 80/80 | Step 560850 | G: 2.7532 | D_A: 0.0572 | D_B: 0.0524 | Cycle: 0.8645 | grad_G: 25.82
Epoch 80/80 | Step 560900 | G: 2.5291 | D_A: 0.0562 | D_B: 0.0307 | Cycle: 0.8819 | grad_G: 18.45
Epoch 80/80 | Step 560950 | G: 3.2559 | D_A: 0.0462 | D_B: 0.0289 | Cycle: 1.2622 | grad_G: 20.95
Epoch 80/80 | Step 561000 | G: 2.9053 | D_A: 0.0265 | D_B: 0.1215 | Cycle: 0.9590 | grad_G: 19.72
Epoch 80/80 | Step 561050 | G: 3.1415 | D_A: 0.0456 | D_B: 0.0254 | Cycle: 1.2775 | grad_G: 25.10
Epoch 80/80 | Step 561100 | G: 3.0504 | D_A: 0.0470 | D_B: 0.0252 | Cycle: 1.3733 | grad_G: 16.02
Epoch 80/80 | Step 561150 | G: 3.0295 | D_A: 0.0795 | D_B: 0.0209 | Cycle: 1.2143 | grad_G: 19.21
Epoch 80/80 | Step 561200 | G: 2.8390 | D_A: 0.0212 | D_B: 0.1453 | Cycle: 0.8973 | grad_G: 27.54
Epoch 80/80 | Step 561250 | G: 3.4336 | D_A: 0.0517 | D_B: 0.0259 | Cycle: 1.4288 | grad_G: 17.91
Epoch 80/80 | Step 561300 | G: 2.6229 | D_A: 0.0320 | D_B: 0.0257 | Cycle: 1.0927 | grad_G: 17.10
Epoch 80/80 | Step 561350 | G: 3.0817 | D_A: 0.0514 | D_B: 0.0221 | Cycle: 1.2091 | grad_G: 21.22
Epoch 80/80 | Step 561400 | G: 2.3218 | D_A: 0.0520 | D_B: 0.0264 | Cycle: 0.8036 | grad_G: 25.56
Epoch 80/80 | Step 561450 | G: 2.6830 | D_A: 0.0304 | D_B: 0.0244 | Cycle: 0.7922 | grad_G: 31.89
Epoch 80/80 | Step 561500 | G: 2.9517 | D_A: 0.0787 | D_B: 0.0350 | Cycle: 1.0318 | grad_G: 18.88
Epoch 80/80 | Step 561550 | G: 3.2086 | D_A: 0.0282 | D_B: 0.0294 | Cycle: 1.0752 | grad_G: 25.29
Epoch 80/80 | Step 561600 | G: 2.1760 | D_A: 0.0234 | D_B: 0.1218 | Cycle: 0.7730 | grad_G: 40.42
Epoch 80/80 | Step 561650 | G: 3.4606 | D_A: 0.0394 | D_B: 0.0314 | Cycle: 1.5399 | grad_G: 26.69
Epoch 80/80 | Step 561700 | G: 2.4162 | D_A: 0.0300 | D_B: 0.0261 | Cycle: 0.8614 | grad_G: 36.41
Epoch 80/80 | Step 561750 | G: 3.1556 | D_A: 0.0338 | D_B: 0.0716 | Cycle: 1.2448 | grad_G: 18.80
Epoch 80/80 | Step 561800 | G: 2.6940 | D_A: 0.0377 | D_B: 0.0242 | Cycle: 1.0022 | grad_G: 20.38
Epoch 80/80 | Step 561850 | G: 3.1561 | D_A: 0.0735 | D_B: 0.0246 | Cycle: 1.3816 | grad_G: 20.08
Epoch 80/80 | Step 561900 | G: 2.3191 | D_A: 0.0349 | D_B: 0.0392 | Cycle: 0.7860 | grad_G: 22.53
Epoch 80/80 | Step 561950 | G: 2.5921 | D_A: 0.0435 | D_B: 0.0247 | Cycle: 0.9792 | grad_G: 20.54
Epoch 80/80 | Step 562000 | G: 2.8964 | D_A: 0.0408 | D_B: 0.0651 | Cycle: 1.3051 | grad_G: 24.10
Epoch 80/80 | Step 562050 | G: 2.5459 | D_A: 0.0238 | D_B: 0.0244 | Cycle: 0.9830 | grad_G: 32.34
Epoch 80/80 | Step 562100 | G: 3.1584 | D_A: 0.0837 | D_B: 0.0292 | Cycle: 1.1694 | grad_G: 20.08
Epoch 80/80 | Step 562150 | G: 3.1649 | D_A: 0.0351 | D_B: 0.0247 | Cycle: 1.1349 | grad_G: 22.48
Epoch 80/80 | Step 562200 | G: 2.5489 | D_A: 0.0418 | D_B: 0.0194 | Cycle: 1.0586 | grad_G: 19.07
Epoch 80/80 | Step 562250 | G: 2.3983 | D_A: 0.1121 | D_B: 0.0325 | Cycle: 0.9490 | grad_G: 19.07
Epoch 80/80 | Step 562300 | G: 2.7513 | D_A: 0.0573 | D_B: 0.0291 | Cycle: 0.8333 | grad_G: 39.84
Epoch 80/80 | Step 562350 | G: 2.7329 | D_A: 0.0806 | D_B: 0.0200 | Cycle: 0.9338 | grad_G: 21.81
Epoch 80/80 | Step 562400 | G: 3.0767 | D_A: 0.0314 | D_B: 0.0505 | Cycle: 1.1158 | grad_G: 21.76
Epoch 80/80 | Step 562450 | G: 2.9530 | D_A: 0.0394 | D_B: 0.0352 | Cycle: 1.2558 | grad_G: 23.57
Epoch 80/80 | Step 562500 | G: 2.9986 | D_A: 0.0534 | D_B: 0.0344 | Cycle: 1.0688 | grad_G: 22.04
Epoch 80/80 | Step 562550 | G: 2.5261 | D_A: 0.0432 | D_B: 0.0187 | Cycle: 0.7828 | grad_G: 29.64
Epoch 80/80 | Step 562600 | G: 2.7792 | D_A: 0.0355 | D_B: 0.0446 | Cycle: 1.1668 | grad_G: 88.76
Epoch 80/80 | Step 562650 | G: 2.9893 | D_A: 0.0579 | D_B: 0.0572 | Cycle: 1.1591 | grad_G: 22.72
Epoch 80/80 | Step 562700 | G: 2.7981 | D_A: 0.0190 | D_B: 0.0214 | Cycle: 0.9109 | grad_G: 23.02
Epoch 80/80 | Step 562750 | G: 3.1400 | D_A: 0.0440 | D_B: 0.0408 | Cycle: 1.3748 | grad_G: 19.72
Epoch 80/80 | Step 562800 | G: 3.5894 | D_A: 0.0626 | D_B: 0.0401 | Cycle: 1.4853 | grad_G: 19.64
Epoch 80/80 | Step 562850 | G: 2.2618 | D_A: 0.0581 | D_B: 0.1063 | Cycle: 0.6891 | grad_G: 22.13
Epoch 80/80 | Step 562900 | G: 3.2346 | D_A: 0.0272 | D_B: 0.0488 | Cycle: 1.3105 | grad_G: 25.98
Epoch 80/80 | Step 562950 | G: 2.9361 | D_A: 0.0252 | D_B: 0.0208 | Cycle: 1.0592 | grad_G: 20.80
Epoch 80/80 | Step 563000 | G: 3.1121 | D_A: 0.0628 | D_B: 0.0432 | Cycle: 1.4182 | grad_G: 23.86
Epoch 80/80 complete | Time: 447s | Avg G: 2.8524 | Avg D: 0.0437 | grad_G: 24.09
MONITOR epoch=80 | fid_photo2monet=102.8807 | fid_monet2photo=104.8618 | fid_mean=103.8713 | mifid_mean=0.4049 | nn_cos_dist_mean=0.2415 | nn_cos_dist_min=0.1226 | score_est=-52.1381 | fid_photo2monet_raw=103.0474 | fid_monet2photo_raw=104.6386 | score_est_raw=-52.1240
Saved checkpoint: t3_shreya_unet_256_v4_epoch080.pt
============================================================
Training complete! Train time: 9.94 hours | peak GPU memory (this session): 3.120593408 GB | non-finite steps: 0
